ts,scenario,cpu,ram,net_in_bps,net_out_bps,disk_read_bps,disk_write_bps,gpu_util,gpu_mem_used_mb,gpu_power_w,gpu_temp_c,gpu_clock_mhz,p1_cpu,p1_rss_mb,p1_threads,p1_age_s,p2_cpu,p2_rss_mb,p2_threads,p2_age_s,p3_cpu,p3_rss_mb,p3_threads,p3_age_s,p4_cpu,p4_rss_mb,p4_threads,p4_age_s,p5_cpu,p5_rss_mb,p5_threads,p5_age_s
2026-02-13T22:56:09,gaming_1,10.1,43.6,136.95352708850328,127.30891250480586,181719.97014019318,0.0,33.0,2637.07421875,97.089,52.0,1815.0,100.4,39.28515625,4,2.65674090385437,75.9,3617.2421875,140,4147.011658668518,6.2,252.27734375,82,23427.311363697052,3.4,303.921875,36,23322.10052371025,3.4,128.34375,49,23322.84990978241
2026-02-13T22:56:11,gaming_1,12.7,43.5,832.2659496895755,740.0787598701719,599815.58181119,156325.8740131147,41.0,2637.44921875,101.159,54.0,1995.0,97.4,39.60546875,4,4.772734880447388,73.9,3617.33984375,140,4149.060861349106,31.0,30.8125,8,23431.7582154274,10.9,293.04296875,249,23427.79590535164,8.1,4.80859375,405,1771012569.258108
2026-02-13T22:56:13,gaming_1,12.5,43.6,9856.164027904673,5568.827974815438,18369.172043361414,78355.99949746353,12.0,2662.63671875,61.848,51.0,1815.0,104.5,549.4453125,11,8196.091500043869,99.7,38.953125,4,6.764285326004028,61.5,3618.0859375,144,4151.069545984268,32.9,294.26171875,254,23429.696094989777,16.0,160.09765625,23,23325.168399333954
2026-02-13T22:56:14,gaming_1,21.0,44.0,6494.765925763202,906.5456134093856,40537.236162934976,6963537.099614174,30.0,2662.63671875,94.666,52.0,1815.0,99.3,38.95703125,4,8.369154691696167,70.4,3618.14453125,144,4152.689030647278,48.5,48.73046875,33,23434.23548054695,46.0,43.9921875,30,23431.795060157776,27.6,294.44140625,254,23431.39383482933
2026-02-13T22:56:16,gaming_1,8.8,43.9,659.7665112050456,1496.7456698642002,0.0,387736.17298505915,30.0,2662.76171875,94.087,52.0,1815.0,100.3,39.65234375,4,9.911810159683228,61.2,3618.2265625,144,4154.195188999176,16.3,294.57421875,254,23432.932772874832,5.0,91.85546875,149,23437.09960460663,3.1,104.08203125,49,23405.21614432335
2026-02-13T22:56:17,gaming_1,8.9,43.9,0.0,162.1458085408386,0.0,80597.27656536618,4.0,2485.63671875,65.993,49.0,1815.0,100.0,39.6640625,4,11.365281581878662,61.2,3621.59765625,144,4155.650760650635,6.4,294.57421875,254,23434.404710769653,5.3,261.6953125,82,23436.262775421143,3.2,91.86328125,149,23438.58224964142
2026-02-13T22:56:19,gaming_1,7.4,43.8,827764.5926993092,121629.25128526088,13563188.172674397,163126.33801427882,6.0,2485.63671875,55.602,48.0,1815.0,100.2,39.671875,4,12.830538272857666,33.1,3619.2265625,143,4157.112563371658,8.6,25.44140625,14,23437.728255987167,5.3,258.5859375,82,23437.724435806274,4.3,4.80859375,405,1771012577.578684
2026-02-13T22:56:20,gaming_1,7.6,43.8,139630.62492453397,89056.14153196638,0.0,21058.4202583382,5.0,2485.63671875,55.26,48.0,1815.0,97.7,39.67578125,4,14.28533935546875,38.6,3616.5234375,143,4158.570122718811,9.6,25.4375,14,23439.188393831253,5.4,4.80859375,405,1771012579.0379744,5.4,91.85546875,149,23441.50553750992
2026-02-13T22:56:22,gaming_1,7.2,43.6,104066.73540397942,49119.64702223335,0.0,10868.760194851428,22.0,2800.203125,60.567,50.0,1815.0,98.6,39.6796875,4,15.775882959365845,65.8,3637.1640625,144,4160.065633773804,6.4,4.80859375,405,1771012580.4982817,6.4,260.75,82,23440.65673303604,5.3,91.84765625,149,23442.967128515244
2026-02-13T22:56:23,gaming_1,12.8,43.7,404.0131815914324,1662.5488001414153,29212523.072172478,57584.75904586562,6.0,2572.03515625,60.714,48.0,1815.0,176.6,3777.6015625,144,4161.685740470886,100.1,39.68359375,4,17.39915370941162,28.5,4.80859375,405,1771012582.0919466,7.8,91.5,149,23444.564075946808,2.9,30.90234375,16,11.636178731918335
2026-02-13T22:56:25,gaming_1,13.4,44.1,1377.728506853924,1648.9400766016222,5056802.103173739,127764.94675571949,6.0,2572.03515625,55.542,48.0,1815.0,133.9,3776.98046875,143,4163.143352508545,99.4,39.69140625,4,18.86162519454956,5.1,4.80859375,405,1771012583.6122844,2.1,91.5,149,23446.080893993378,1.1,258.234375,82,23443.750797748566
2026-02-13T22:56:26,gaming_1,10.5,44.1,543.329841534394,1388.50959503234,11239.79308547918,194588.9177923583,6.0,2494.1875,55.933,47.0,1815.0,128.4,3775.57421875,143,4164.591757059097,98.3,39.69140625,4,20.307549476623535,3.2,4.80859375,405,1771012585.0697222,2.1,91.49609375,149,23447.541749477386,1.1,107.1171875,37,23413.794262886047
2026-02-13T22:56:27,gaming_1,10.5,44.0,4491.58184845184,1928.7340023427805,0.0,46584.100469980185,4.0,2448.38671875,52.988,47.0,1815.0,146.1,3615.25390625,143,4166.0351848602295,100.7,39.69921875,4,21.753344535827637,3.3,4.80859375,405,1771012586.511141,1.1,258.234375,82,23446.64539861679,1.1,294.4453125,254,23444.78811764717
2026-02-13T22:56:29,gaming_1,10.7,43.6,173.17474281723185,120.0494233075631,33911.89226674334,128582.59151140184,7.0,2448.38671875,56.333,47.0,1815.0,110.9,3614.71875,143,4167.4722900390625,98.8,39.703125,4,23.189598083496094,4.3,4.80859375,405,1771012587.9590573,1.1,91.49609375,149,23450.426203727722,1.1,11.2421875,11,23450.366132974625
2026-02-13T22:56:30,gaming_1,9.1,43.6,0.0,87.5934115816745,0.0,21168.174216473784,6.0,2448.38671875,55.826,47.0,1815.0,114.1,3612.578125,143,4168.897061824799,99.9,39.70703125,4,24.612213134765625,2.2,77.46484375,107,23424.201103448868,2.2,20.05859375,6,6847.208573579788,1.1,29.45703125,9,23435.19724059105
2026-02-13T22:56:32,gaming_1,10.7,43.6,462.62298468162504,1050.013986444052,0.0,19379.697394662984,5.0,2447.76171875,55.146,47.0,1815.0,114.1,3613.125,143,4170.335399389267,99.6,39.70703125,4,26.054854154586792,7.6,25.40234375,13,23450.95079779625,5.5,91.49609375,149,23453.28125476837,3.3,40.85546875,37,23453.252833366394
2026-02-13T22:56:33,gaming_1,9.8,43.6,49.39451576733478,91.83205748293227,11398.30628636638,522897.30088705773,5.0,2447.76171875,54.229,47.0,1815.0,127.1,3612.625,143,4171.773792982101,100.0,39.71484375,4,27.492926120758057,3.3,91.5,149,23454.718196630478,1.1,4.80859375,405,1771012592.25078,1.1,106.16015625,37,23420.971261024475
2026-02-13T22:56:35,gaming_1,10.0,43.6,53.98585946660955,89.28430604093118,11339.798993601678,85048.49245201258,5.0,2447.38671875,55.68,47.0,1815.0,111.0,3613.4140625,143,4173.252160310745,98.7,39.71484375,4,28.94945454597473,3.2,91.5,149,23456.16316509247,2.1,328.33203125,95,23423.56992125511,1.1,106.1640625,37,23422.415041208267
2026-02-13T22:56:36,gaming_1,10.0,43.6,878.9285482835096,751.4296539337412,63543.27874997817,12847.548162563893,6.0,2447.38671875,56.283,47.0,1815.0,106.7,3613.3828125,143,4174.6722111701965,98.5,39.703125,6,30.39152216911316,18.0,4.80859375,405,1771012595.1697717,2.2,25.09765625,15,23328.53862595558,2.1,91.49609375,149,23457.637171268463
2026-02-13T22:56:37,gaming_1,10.9,43.5,0.0,0.0,0.0,37930.95912164191,6.0,2447.76171875,56.418,46.0,1815.0,120.3,3613.0703125,143,4176.088214635849,99.4,39.6875,6,31.806193113327026,7.7,25.40234375,14,23456.71275115013,6.6,40.97265625,37,23459.02786540985,4.4,4.80859375,405,1771012596.5870137
2026-02-13T22:56:39,gaming_1,9.0,43.6,4096.908603712063,1421.3620586225563,0.0,13362.919522851469,8.0,2447.76171875,53.898,46.0,1815.0,103.6,3612.6015625,143,4177.506057024002,100.3,39.6796875,6,33.22433924674988,5.5,91.49609375,149,23460.47635960579,3.3,104.07421875,48,23428.52725148201,2.2,277.734375,35,23425.372788906097
2026-02-13T22:56:40,gaming_1,9.6,43.6,35.35980759723832,50.21092678807842,0.0,73503.13924853125,3.0,2486.07421875,54.491,46.0,1815.0,104.6,3612.55859375,143,4178.924639940262,100.1,39.6875,6,34.64460372924805,4.4,25.4375,14,23459.54822254181,4.4,277.73828125,35,23426.785722970963,3.3,29.45703125,9,23445.221747875214
2026-02-13T22:56:42,gaming_1,14.0,43.6,10385.532412663093,824.8033548891136,0.0,9304.90022057956,6.0,2485.63671875,55.21,46.0,1815.0,142.1,3621.58984375,143,4180.35444021225,98.6,39.68359375,6,36.07061839103699,20.8,25.40234375,13,23460.976479291916,12.1,41.56640625,37,23463.28556585312,6.6,4.80859375,405,1771012600.8492472
2026-02-13T22:56:43,gaming_1,13.5,43.6,270746.2740949603,2922.2222130011423,0.0,10060.753517191253,6.0,2503.26171875,57.679,46.0,1815.0,173.3,3633.10546875,147,4181.833396434784,100.1,39.6875,6,37.55316710472107,15.1,41.56640625,37,23464.738060951233,14.8,25.40234375,13,23462.458788633347,11.0,4.80859375,405,1771012602.273838
2026-02-13T22:56:45,gaming_1,17.3,43.6,4594.971131789822,1510.197750845108,7477791.105513175,107468.13976884264,7.0,2503.26171875,57.025,46.0,1815.0,116.5,3633.08203125,147,4183.283638477325,99.4,39.6953125,6,38.99999189376831,9.4,4.80859375,405,1771012603.765883,9.4,19.3984375,11,23466.40967297554,6.3,91.46484375,148,23466.23639202118
2026-02-13T22:56:46,gaming_1,9.8,43.6,413.5947452534616,554.9410975875571,0.0,88411.79524125176,7.0,2509.38671875,57.135,46.0,1815.0,112.5,3632.90234375,147,4184.712268829346,99.3,39.69140625,6,40.4318585395813,6.5,91.4765625,148,23467.670391321182,3.3,4.80859375,405,1771012605.2015462,2.2,20.05859375,6,6863.027353525162
2026-02-13T22:56:48,gaming_1,10.2,43.6,0.0,454.0801432716951,4367498.142781935,113916.04407846581,7.0,2509.38671875,57.001,46.0,1815.0,120.6,3632.87890625,147,4186.137919187546,97.8,39.703125,6,41.85417652130127,5.5,4.80859375,405,1771012606.6308775,4.4,91.4765625,148,23469.097542524338,1.1,11.2890625,10,23469.036732196808
2026-02-13T22:56:49,gaming_1,10.2,43.6,50.20356244906657,84.8510914632111,0.0,86887.51765832817,22.0,2652.60546875,58.299,47.0,1815.0,104.9,3637.4453125,148,4187.5525159835815,99.1,39.703125,6,43.27311325073242,5.5,91.46875,148,23470.514216423035,2.2,4.80859375,405,1771012608.0448742,1.1,11.27734375,4,23457.051689386368
2026-02-13T22:56:50,gaming_1,9.1,43.6,367.1846647682106,49.94274175966083,0.0,6482.70856418358,18.0,2652.60546875,74.856,47.0,1815.0,102.2,3637.2421875,148,4188.973896980286,100.1,39.703125,6,44.69339609146118,4.4,91.47265625,148,23471.93606209755,3.3,77.4375,105,23444.276948928833,2.2,4.80859375,405,1771012609.4668915
2026-02-13T22:56:52,gaming_1,9.5,43.6,418.2755651064401,1006.2555261567389,0.0,26318.96889127661,19.0,2641.98046875,75.196,48.0,1815.0,118.5,3637.3203125,148,4190.397953510284,97.7,39.703125,6,46.11643862724304,6.6,91.4765625,148,23473.356828212738,2.2,106.1953125,37,23439.60960149765,1.1,230.9765625,82,23471.016129493713
2026-02-13T22:56:53,gaming_1,10.0,43.6,95.87399657761891,140.66184899344088,0.0,16123.62686969591,11.0,2614.29296875,61.892,46.0,1815.0,110.9,3634.90234375,146,4191.8065502643585,98.5,39.703125,6,47.5274658203125,11.0,25.40234375,13,23472.43662238121,5.5,91.4765625,148,23474.782464504242,2.2,32.83984375,35,23472.412224054337
2026-02-13T22:56:55,gaming_1,10.1,43.6,91.25606216830984,53.470348926744045,0.0,20076.333677028164,12.0,2614.29296875,61.671,46.0,1815.0,108.0,3635.45703125,146,4193.22411608696,100.4,39.703125,6,48.94336009025574,5.6,91.47265625,148,23476.188977479935,2.2,4.80859375,405,1771012613.7195294,2.2,7.3671875,15,23477.31574821472
2026-02-13T22:56:56,gaming_1,10.0,43.6,300.7938469339296,169.46132221629836,0.0,121831.39325203744,12.0,2598.98046875,63.198,46.0,1815.0,186.4,3636.28515625,147,4194.666444778442,99.9,39.70703125,6,50.3822283744812,5.5,91.47265625,148,23477.60299062729,2.1,20.0546875,6,6873.001233100891,1.1,106.20703125,37,23443.856184005737
2026-02-13T22:56:58,gaming_1,14.6,43.6,2662.942247255664,1170.6884222043027,222770.72136347613,17752.041858652003,13.0,2613.98046875,63.504,47.0,1815.0,238.5,3636.6640625,146,4196.14063000679,100.6,39.70703125,6,51.85803413391113,8.5,124.6171875,32,23469.690623521805,6.4,91.47265625,148,23479.07307600975,4.3,20.0546875,6,6874.463484287262
2026-02-13T22:56:59,gaming_1,15.8,43.6,2178.1875549045926,210.01996839061243,112083.62091569362,121190.41511509373,12.0,2614.79296875,64.782,46.0,1815.0,250.1,3634.65625,146,4197.6088309288025,99.1,39.7109375,6,53.32516431808472,6.4,25.4375,14,23478.21997141838,4.3,4.80859375,405,1771012618.068566,4.3,91.4765625,148,23480.539607524872
2026-02-13T22:57:00,gaming_1,16.4,43.6,289.9739318004348,213.37704415503694,0.0,9104.087217281576,33.0,2663.51171875,70.126,48.0,1815.0,198.5,3649.71875,147,4199.065325975418,98.7,39.83203125,6,54.78126668930054,10.7,106.25,37,23448.25210404396,4.3,4.80859375,405,1771012619.5296614,4.3,91.48046875,148,23481.99915122986
2026-02-13T22:57:02,gaming_1,12.5,43.6,445.23908189872157,767.4877383964074,270177.6710306909,15478.929069466667,3.0,2615.15625,59.933,45.0,1815.0,169.5,3650.3046875,148,4200.531414270401,99.8,39.83203125,6,56.25279903411865,2.1,91.46484375,148,23483.455546855927,2.1,106.25,37,23449.71758580208,2.1,20.0546875,6,6878.843905687332
2026-02-13T22:57:03,gaming_1,12.3,43.6,226.19692627635033,167.42672790847683,3280547.0058995015,72426.7523700082,34.0,2608.46875,55.998,48.0,1815.0,158.1,3669.96875,148,4201.974160432816,98.3,39.84375,6,57.68419289588928,11.8,106.16015625,37,23451.169177293777,3.3,25.40234375,14,23482.573825359344,3.2,4.80859375,405,1771012622.4512317
2026-02-13T22:57:05,gaming_1,13.1,43.7,419.34804527715085,113.61646546917879,22879431.037945256,18332.877434251008,22.0,2768.2734375,70.105,48.0,1815.0,186.8,3661.46484375,147,4203.446460723877,99.3,39.84375,6,59.1627721786499,10.8,4.80859375,405,1771012623.9015276,3.2,106.16015625,37,23452.63740348816,2.1,91.47265625,148,23486.3742582798
2026-02-13T22:57:06,gaming_1,12.1,43.6,6566.250641456267,797.9866095902166,4699247.166105873,24219.304934366985,22.0,2765.43359375,79.683,48.0,1815.0,117.3,3659.46484375,147,4204.858520030975,100.4,39.1171875,3,60.57917928695679,6.4,4.80859375,405,1771012625.359005,3.3,106.1640625,37,23454.077979326248,2.2,25.44140625,14,23485.482085466385
2026-02-13T22:57:08,gaming_1,10.1,43.6,492.9652563716887,2105.5345311599963,0.0,14484.832784063392,23.0,2687.18359375,80.037,48.0,1815.0,132.0,3660.609375,146,4206.278851509094,100.2,39.79296875,3,61.99854612350464,5.5,106.1640625,37,23455.493990659714,3.3,25.40234375,13,23486.89995741844,1.1,20.0546875,6,6884.592235326767
2026-02-13T22:57:09,gaming_1,10.8,43.6,795.3050386176311,846.5471108321827,1288076.882880549,58581.62162654282,22.0,2689.81640625,78.904,48.0,1815.0,155.6,3658.984375,146,4207.7044813632965,99.7,39.79296875,3,63.42465353012085,3.3,106.16796875,37,23456.91897201538,2.2,236.52734375,82,23488.32154726982,1.1,4.80859375,405,1771012628.197396
2026-02-13T22:57:11,gaming_1,11.4,43.6,59636.39321966498,3241.4451929524525,60585.86477987791,95206.35893980814,11.0,2703.81640625,76.829,46.0,1815.0,150.7,3655.80859375,146,4209.157110214233,97.7,39.79296875,3,64.86484670639038,9.9,25.4375,14,23489.74531006813,6.6,106.23046875,37,23458.335471868515,3.2,132.453125,164,23469.936410188675
2026-02-13T22:57:12,gaming_1,16.3,43.7,561741.0209608519,31427.129661405874,7042688.1572940955,14313.697241315516,12.0,2503.50390625,61.728,46.0,1815.0,153.4,3656.03125,146,4210.602942466736,97.9,39.79296875,3,66.31641364097595,37.2,238.59375,82,23491.213552474976,8.5,106.23046875,37,23459.808881759644,7.5,4.80859375,405,1771012631.0846345
2026-02-13T22:57:13,gaming_1,11.9,43.6,316960.57278329023,56036.32283790555,226604.41395916243,985021.0619287342,6.0,2500.69140625,54.615,46.0,1815.0,143.0,3647.16796875,144,4212.034331560135,98.7,39.79296875,3,67.756662607193,5.4,106.23046875,37,23461.25647044182,5.4,25.40234375,13,23492.66379880905,4.3,4.8125,405,1771012632.532341
2026-02-13T22:57:15,gaming_1,11.3,43.6,87320.8778362272,21592.636862686435,0.0,112507.81259552638,5.0,2497.19140625,55.837,45.0,1815.0,119.7,3646.7265625,144,4213.430485010147,100.7,39.79296875,3,69.15311241149902,5.6,106.23046875,37,23462.661831378937,5.5,4.8125,405,1771012633.945141,5.5,91.46875,148,23496.411875247955
2026-02-13T22:57:16,gaming_1,10.9,43.6,47.096223102364135,505.2140296435425,0.0,1555671.0242510855,6.0,2497.19140625,55.261,45.0,1815.0,111.8,3640.6640625,144,4214.842401742935,98.4,39.79296875,3,70.566650390625,4.5,91.4765625,148,23497.812029600143,4.5,106.23046875,37,23464.06269621849,3.3,4.8125,405,1771012635.3458729
2026-02-13T22:57:18,gaming_1,10.0,43.6,809.0508255471217,600.4008758007587,0.0,41786.765445802215,4.0,2458.44140625,53.769,45.0,1815.0,114.5,3631.37109375,144,4216.248106479645,99.0,39.79296875,3,71.97126936912537,4.4,91.46875,148,23499.22248649597,2.2,4.8125,405,1771012636.7555509,2.2,106.23828125,37,23465.469161748886
2026-02-13T22:57:19,gaming_1,10.9,43.6,4471.239390824547,1504.6278477786623,0.0,48034.373388886685,4.0,2458.44140625,53.663,45.0,1815.0,127.7,3631.33203125,144,4217.6548204422,99.1,39.79296875,3,73.37497067451477,11.1,106.2421875,37,23466.879114627838,8.9,91.46875,148,23500.62944793701,4.5,25.4375,14,23498.277306079865
2026-02-13T22:57:20,gaming_1,13.9,43.5,4304.537084092023,1366.1575373729197,0.0,13142.492551595853,4.0,2616.78515625,53.95,45.0,1815.0,109.1,3630.30078125,144,4219.058718919754,99.0,39.79296875,3,74.7796859741211,14.4,25.4375,14,23499.68450331688,13.4,40.62109375,37,23501.999668836594,10.0,106.2421875,37,23468.282284021378
2026-02-13T22:57:22,gaming_1,10.1,43.6,372.3471081716898,511.9772737360735,0.0,20941.70402323201,14.0,2609.59765625,72.912,46.0,1815.0,111.6,3641.6875,145,4220.472894191742,99.4,39.79296875,3,76.19457650184631,7.7,106.2421875,37,23469.703034877777,7.7,25.40234375,13,23501.107940673828,5.6,91.19140625,44,23476.99940443039
2026-02-13T22:57:23,gaming_1,13.0,43.6,0.0,0.0,0.0,15792.775734805564,19.0,2614.41015625,71.871,47.0,1815.0,117.3,3648.23828125,145,4221.884386301041,97.5,39.796875,3,77.6041738986969,17.9,25.40234375,13,23502.50629234314,10.0,106.24609375,37,23471.102610349655,7.8,40.62109375,37,23504.823574543
2026-02-13T22:57:25,gaming_1,14.5,43.6,6790.453542913299,394.7118521934241,0.0,16961.332162825995,18.0,2614.59765625,77.604,47.0,1815.0,138.8,3651.69140625,145,4223.280325651169,99.3,39.796875,3,79.00483393669128,13.3,40.5234375,37,23506.228630781174,13.2,4.8125,405,1771012643.7959547,8.9,106.25,37,23472.508844852448
2026-02-13T22:57:26,gaming_1,11.3,43.6,189.84621727985893,204.89063449826284,0.0,105637.59930271276,25.0,2782.7109375,77.043,48.0,1815.0,157.0,3659.390625,144,4224.753118515015,100.1,39.796875,3,80.4731776714325,41.3,285.51171875,36,23399.739183425903,12.3,106.25390625,37,23473.90983724594,4.5,4.8125,405,1771012645.1938243
2026-02-13T22:57:28,gaming_1,16.3,43.6,445.2755008983492,571.6283365098686,221408.0062737042,28713.850813621015,22.0,2765.7109375,80.93,47.0,1815.0,131.7,3662.3984375,144,4226.1888790130615,99.2,39.796875,3,81.90599298477173,21.1,4.8125,405,1771012646.6719172,10.6,106.25390625,37,23475.394918203354,9.5,91.46484375,148,23509.141853570938
2026-02-13T22:57:29,gaming_1,11.7,43.6,101.53502389730802,1368.9722187533598,91782.0596708135,24738.133270648952,16.0,2765.5859375,72.115,47.0,1815.0,137.4,3659.9140625,144,4227.59876871109,98.3,39.796875,3,83.32017421722412,12.0,106.21484375,37,23476.820124149323,6.5,91.4609375,148,23510.57128930092,5.5,25.40234375,13,23508.22928905487
2026-02-13T22:57:30,gaming_1,13.1,43.6,1033.6729371817328,647.551106637494,92861.9460056779,58401.45823013337,25.0,2765.7109375,79.553,47.0,1815.0,136.1,3662.65234375,144,4229.0109078884125,99.8,39.796875,3,84.72988104820251,11.1,40.62109375,37,23511.945195674896,10.0,91.47265625,148,23511.97846055031,8.9,106.25390625,37,23478.225615024567
2026-02-13T22:57:32,gaming_1,12.4,43.6,870.7042231651815,994.5849053228293,0.0,10148.305482354506,20.0,2791.3046875,80.133,47.0,1815.0,143.4,3662.3125,144,4230.428056716919,99.0,39.796875,3,86.15004086494446,14.3,106.25390625,37,23479.64195752144,6.6,91.4765625,148,23513.393904447556,5.5,4.8125,405,1771012650.9238157
2026-02-13T22:57:33,gaming_1,14.4,43.7,0.0,453.3685648298275,23485726.720777698,1269353.7422642552,23.0,2847.4296875,81.215,47.0,1815.0,153.7,3662.6953125,144,4231.882123231888,99.9,39.796875,3,87.60442781448364,16.2,106.25390625,37,23481.09311723709,13.1,4.8125,405,1771012652.3557963,10.7,25.40234375,13,23512.50919365883
2026-02-13T22:57:35,gaming_1,12.6,43.5,652.8763683329524,363.3277870680183,8119476.769895704,12829.229446815543,16.0,2777.26171875,76.618,47.0,1815.0,141.8,3661.67578125,144,4233.282310247421,100.6,39.796875,3,89.00217580795288,15.4,106.25390625,37,23482.51032280922,7.8,25.40234375,13,23513.912082195282,7.6,91.4609375,148,23516.259915828705
2026-02-13T22:57:36,gaming_1,11.3,43.5,345.16232904159705,110.05175708572659,46833.454236169986,27807.36345272593,25.0,2845.5546875,73.105,47.0,1815.0,137.4,3660.13671875,144,4234.6802797317505,98.2,39.796875,3,90.40285229682922,11.2,106.25390625,37,23483.909868717194,7.8,11.1171875,24,23473.722068309784,4.5,91.45703125,148,23517.65826177597
2026-02-13T22:57:38,gaming_1,15.9,43.6,587.8821319838294,742.4393791680534,0.0,39747.32493797031,22.0,2848.3671875,81.755,48.0,1815.0,150.8,3665.0625,144,4236.11070561409,99.4,39.79296875,3,91.83336424827576,21.0,4.8125,405,1771012656.6091223,18.7,40.62109375,37,23519.049500226974,17.6,106.25390625,37,23485.33163833618
2026-02-13T22:57:39,gaming_1,13.0,43.3,50.01270220554585,503.6490433375392,184655.34939395226,15147.509129972646,6.0,2665.5546875,61.246,46.0,1815.0,159.8,3657.4296875,144,4237.52864074707,100.2,39.79296875,3,93.25300693511963,19.8,433.74609375,11,8282.648391962051,15.4,328.33203125,95,23487.84223461151,14.4,106.25390625,37,23486.74298596382
2026-02-13T22:57:40,gaming_1,13.2,43.3,280434.90772658814,1057.5553032833702,0.0,102998.6614466365,6.0,2583.2734375,54.934,45.0,1815.0,123.8,3655.19140625,143,4238.91684794426,99.2,39.12890625,3,94.63915777206421,14.4,106.25390625,37,23488.15295958519,13.5,328.33203125,95,23489.23083591461,7.9,11.27734375,4,23508.415895223618
2026-02-13T22:57:42,gaming_1,12.9,43.3,7806.383415214714,1980.0743879655129,0.0,11516.211317621335,6.0,2500.69140625,55.451,45.0,1815.0,104.5,3654.01171875,143,4240.293122291565,98.6,39.7890625,3,96.01727223396301,19.3,106.25,37,23489.53262257576,17.0,25.4375,14,23520.93154358864,12.5,328.33203125,95,23490.607259511948
2026-02-13T22:57:43,gaming_1,14.7,43.2,1942.909322365033,642.8105358644372,0.0,62636.385188376145,6.0,2500.69140625,55.153,45.0,1815.0,114.6,3636.5546875,143,4241.670655965805,98.7,39.7890625,3,97.39393520355225,19.2,106.25,37,23490.916480779648,15.9,25.40234375,13,23522.30897974968,14.8,328.33203125,95,23491.98378276825
2026-02-13T22:57:44,gaming_1,14.0,43.2,1466.6068911030948,457.76795606995205,0.0,4478.545098875455,7.0,2758.7578125,55.033,45.0,1815.0,127.7,3643.08984375,143,4243.041563034058,99.7,39.7890625,3,98.75713467597961,19.2,328.33203125,95,23493.364448547363,14.9,106.26171875,37,23492.282262802124,11.4,91.4609375,148,23526.037380456924
2026-02-13T22:57:46,gaming_1,14.0,43.4,1515.4382632984862,287.2632267682455,0.0,14963.349023124092,5.0,2583.03515625,76.708,46.0,1815.0,163.6,3654.140625,144,4244.483531236649,97.1,39.7890625,3,100.20540761947632,18.9,91.46875,148,23527.446707963943,15.4,106.265625,37,23493.700882434845,13.1,328.33203125,95,23494.797448396683
2026-02-13T22:57:47,gaming_1,14.2,43.3,609.5918772941438,1515.4737600638136,46453.73636087095,15605.552058730083,8.0,2583.03515625,54.771,45.0,1815.0,119.6,3651.31640625,143,4245.855863571167,99.9,39.79296875,3,101.58226656913757,18.9,91.45703125,148,23528.850806951523,15.7,106.25,37,23495.09813094139,10.3,328.05078125,95,23496.165863752365
2026-02-13T22:57:49,gaming_1,11.7,43.3,51.97498880374421,215.95241826907807,0.0,39354.58307168012,7.0,2539.328125,57.002,45.0,1815.0,110.8,3650.89453125,145,4247.223963737488,99.6,39.79296875,3,102.9468674659729,22.9,106.25,37,23496.465895414352,19.4,91.4609375,148,23530.218401432037,9.1,328.05078125,95,23497.53588628769
2026-02-13T22:57:50,gaming_1,11.7,43.2,53.88180665160047,1423.499081133499,549140.0731523979,52938.146902675144,7.0,2520.81640625,56.82,45.0,1815.0,116.9,3638.04296875,145,4248.5872194767,100.9,39.79296875,3,104.31029558181763,17.1,106.25,37,23497.839330673218,15.9,91.46875,148,23531.59532546997,4.6,328.05078125,95,23498.899000406265
2026-02-13T22:57:51,gaming_1,11.9,43.2,48.49817026423599,657.6645816135032,0.0,10158.162208072701,0.0,2522.25390625,55.237,44.0,1815.0,126.4,3714.53515625,145,4249.959356546402,100.0,39.79296875,3,105.68481588363647,25.3,106.25,37,23499.198199033737,15.0,91.4609375,148,23532.951572418213,7.9,328.05078125,95,23500.275493860245
2026-02-13T22:57:53,gaming_1,15.7,43.6,382.6528252750078,948.6601293276235,522448.657442144,17810.749685527637,7.0,2518.62890625,53.992,45.0,1815.0,165.4,3683.45703125,145,4251.338034152985,98.7,39.79296875,3,107.06192541122437,23.8,106.25390625,37,23500.57896590233,19.3,328.05078125,95,23501.64981484413,17.0,91.46875,148,23534.332978963852
2026-02-13T22:57:54,gaming_1,14.5,43.2,111.71803669105077,102.95583773488993,0.0,76266.179714424,6.0,2517.62890625,55.193,45.0,1815.0,130.1,3639.4453125,145,4252.707419395447,98.1,39.79296875,3,108.4319977760315,26.2,106.25390625,37,23501.948659420013,11.4,91.46484375,148,23535.701940774918,6.9,328.05078125,95,23503.018093585968
2026-02-13T22:57:55,gaming_1,12.3,43.2,115.63443676068646,557.6800051369815,0.0,19485.13445769947,5.0,2517.62890625,54.749,44.0,1815.0,124.3,3639.5390625,145,4254.064918756485,100.1,39.796875,3,109.78977727890015,26.3,106.25390625,37,23503.316742658615,21.8,328.05078125,95,23504.37944483757,17.2,91.46484375,148,23537.069497585297
2026-02-13T22:57:57,gaming_1,15.6,43.2,291616.1338578851,1319.7257535536771,48049.74832494099,20646.376233373085,6.0,2517.62890625,55.1,45.0,1815.0,100.6,39.796875,3,111.1412239074707,94.9,3639.37890625,145,4255.414510726929,34.7,328.05078125,95,23505.73013663292,18.5,25.40234375,13,23536.05668401718,13.7,91.4609375,148,23538.433380126953
2026-02-13T22:57:58,gaming_1,16.7,43.0,595.3425520768895,528.384710034012,0.0,15650.667774891726,5.0,2517.12890625,55.046,44.0,1815.0,99.8,39.80078125,3,112.53451228141785,92.7,3637.078125,143,4256.813611745834,34.8,367.9609375,11,8301.933026075363,19.4,91.46875,148,23539.805149316788,17.1,4.8125,405,1771012677.3390362
2026-02-13T22:58:00,gaming_1,13.0,43.0,555.2648081211252,473.5438376749149,0.0,4482.978950192107,5.0,2517.12890625,54.905,44.0,1815.0,107.9,3637.1328125,143,4258.188922166824,98.8,39.80078125,3,113.91044449806213,13.7,4.8125,405,1771012678.710185,4.6,91.46875,148,23541.176908016205,4.5,40.56640625,35,23541.142439842224
2026-02-13T22:58:01,gaming_1,12.1,43.0,2612.8579023525385,51.091410373734576,0.0,14368.919469615945,4.0,2517.12890625,54.55,44.0,1815.0,205.2,3637.546875,143,4259.650511026382,98.3,39.80078125,3,115.37279152870178,13.9,91.19140625,44,23516.17796421051,9.7,25.40234375,13,23540.274924755096,3.4,91.46484375,148,23542.56900382042
2026-02-13T22:58:02,gaming_1,18.8,43.0,274149.2578207543,1431.950168806891,0.0,12277.773696181574,6.0,2522.00390625,54.156,44.0,1815.0,211.7,3783.0234375,143,4261.0604159832,99.7,39.80078125,3,116.78338718414307,30.0,4.8125,405,1771012681.558925,8.5,40.484375,35,23544.001341819763,3.3,45.5703125,89,23541.60062479973
2026-02-13T22:58:04,gaming_1,14.1,43.4,1098.8464516875395,165.997462682301,0.0,74094.45718906399,0.0,2525.06640625,54.268,44.0,1815.0,142.1,3710.9609375,143,4262.445784330368,99.3,39.80078125,3,118.16740083694458,9.0,25.4375,14,23543.077857255936,6.7,91.46875,148,23545.43430352211,4.5,40.65234375,35,23545.401091098785
2026-02-13T22:58:05,gaming_1,11.2,43.0,51.33900311900275,86.77014611662436,0.0,20362.06095536785,13.0,2616.16015625,64.207,45.0,1815.0,99.0,39.80078125,3,119.52480220794678,55.5,3643.19921875,144,4263.798162460327,6.8,4.8125,405,1771012684.351333,4.5,91.46875,148,23546.818330526352,1.2,11.27734375,4,23533.29700779915
2026-02-13T22:58:07,gaming_1,7.4,43.0,4018.743452466257,3746.9443783864135,0.0,74168.29239066674,14.0,2616.16015625,64.923,45.0,1815.0,99.4,39.80078125,3,120.87604761123657,58.9,3644.265625,144,4265.151833295822,5.8,91.45703125,148,23548.159163951874,3.5,197.9765625,276,23542.735374450684,3.5,11.27734375,4,23534.65046596527
2026-02-13T22:58:08,gaming_1,7.2,43.0,53824.2633080434,4575.066065405033,0.0,78470.96725742865,12.0,2622.59765625,63.726,45.0,1815.0,98.7,39.80078125,3,122.23752880096436,62.0,3643.53125,144,4266.512830257416,6.9,91.4609375,148,23549.516622066498,2.3,4.8125,405,1771012687.050536,1.1,106.2890625,37,23515.762964963913
2026-02-13T22:58:09,gaming_1,9.3,43.1,108.85752974829133,127.85280339564417,0.0,14962.430934530244,11.0,2613.97265625,71.867,46.0,1815.0,167.5,3647.828125,144,4267.9120190143585,100.5,39.80078125,3,123.63619208335876,8.0,91.46484375,148,23550.882796049118,3.4,25.40234375,13,23548.549192667007,3.4,11.27734375,4,23537.411608695984
2026-02-13T22:58:11,gaming_1,12.8,43.0,290.59467724366976,89.46880457009537,0.0,13192.712046687982,12.0,2613.97265625,62.583,45.0,1815.0,150.6,3647.8203125,144,4269.28157043457,99.2,39.80078125,3,125.00636053085327,15.7,4.8125,405,1771012689.8133147,4.5,91.46875,148,23552.279686927795,3.4,45.5703125,89,23549.831460237503
2026-02-13T22:58:12,gaming_1,12.6,43.0,770.5303181538006,501.21162599909127,0.0,14277.559876190804,5.0,2501.12890625,58.536,44.0,1815.0,161.8,3646.80859375,144,4270.652661561966,99.1,39.80078125,3,126.37825036048889,5.7,4.8125,405,1771012691.1763852,5.7,91.46875,148,23553.6428027153,4.5,45.5703125,89,23551.206423521042
2026-02-13T22:58:13,gaming_1,11.4,43.0,287757.330267915,2059.108468183593,0.0,15203.941246609209,4.0,2462.25390625,54.341,44.0,1815.0,137.8,3642.54296875,143,4272.035694360733,99.6,39.80078125,3,127.75912308692932,4.5,4.8125,405,1771012692.5604284,4.5,25.4375,14,23552.670875310898,3.4,11.27734375,4,23541.53436899185
2026-02-13T22:58:15,gaming_1,12.4,43.0,222.90683365280805,1462.6451649750813,0.0,81520.2134501698,10.0,2482.75390625,57.645,44.0,1815.0,142.0,3642.5546875,143,4273.455360651016,100.3,39.80078125,3,129.17714667320251,12.4,4.8125,405,1771012693.9382045,7.9,40.484375,35,23556.37651348114,6.7,25.4375,14,23554.07842874527
2026-02-13T22:58:16,gaming_1,13.3,43.0,45.979381833710285,911.2277490680766,0.0,10700.656135845304,5.0,2504.12890625,53.585,44.0,1815.0,152.1,3653.984375,145,4274.862996339798,99.7,39.80078125,3,130.58719491958618,8.8,25.4375,14,23555.495367527008,7.6,4.8125,405,1771012695.375781,5.4,40.484375,35,23557.820148706436
2026-02-13T22:58:18,gaming_1,11.4,43.0,587.1421210130022,628.1055248046071,0.0,28700.254277570693,3.0,2504.94140625,51.854,44.0,1815.0,146.1,3655.3359375,145,4276.2425355911255,100.8,39.80078125,3,131.96696949005127,6.7,91.45703125,148,23559.234397888184,4.5,4.8125,405,1771012696.7656157,3.4,11.27734375,4,23545.741564273834
2026-02-13T22:58:19,gaming_1,11.3,43.0,213.68975729316733,632.4061736108602,0.0,11828.0168361191,3.0,2629.03515625,52.038,44.0,1815.0,163.8,3656.09765625,145,4277.6443881988525,99.5,39.80078125,3,133.36462926864624,3.4,91.46875,148,23560.62049794197,2.2,277.73828125,35,23525.51419019699,1.1,4.8125,405,1771012698.1517107
2026-02-13T22:58:20,gaming_1,12.6,43.0,4608.763021785853,7609.424869991223,830921.3023267062,12261.859496140629,19.0,2629.03515625,75.315,46.0,1815.0,176.8,3649.85546875,144,4279.049122571945,99.9,39.8046875,2,134.77241778373718,2.2,4.8125,405,1771012699.570491,2.2,230.7734375,77,23559.677610635757,1.1,91.46484375,148,23562.036487340927
2026-02-13T22:58:22,gaming_1,11.8,43.0,6441.27919684681,1802.8619774106248,0.0,55324.51107510127,18.0,2629.03515625,74.574,46.0,1815.0,100.1,39.8046875,2,136.14588570594788,59.3,3647.82421875,144,4280.42006444931,2.3,4.8125,405,1771012700.9491248,2.3,230.78515625,77,23561.055923461914,2.3,11.27734375,4,23549.918961048126
2026-02-13T22:58:23,gaming_1,5.8,43.0,4368.07176566688,692.9622376492594,0.0,14954.548605960834,11.0,2515.62890625,62.041,44.0,1815.0,138.8,3651.41796875,144,4281.816098451614,98.6,39.8046875,2,137.5399043560028,3.4,89.09375,56,23561.031184911728,2.2,77.4375,105,23537.115861177444,1.1,11.15234375,10,23564.72011947632
2026-02-13T22:58:25,gaming_1,13.5,43.0,284953.2841531023,1766.6823463981102,0.0,66230.57702484047,6.0,2515.62890625,55.392,44.0,1815.0,149.6,3649.73828125,143,4283.184009313583,100.5,39.8046875,2,138.90744280815125,13.6,25.40234375,13,23563.820400238037,6.9,133.00390625,164,23543.950028181076,6.7,4.8125,405,1771012703.7184117
2026-02-13T22:58:26,gaming_1,12.8,43.0,2678.0100335720767,51.97887161935961,11994.673698754757,149558.58768134838,10.0,2515.62890625,55.349,44.0,1815.0,132.4,3647.390625,143,4284.540718078613,96.5,39.8046875,2,140.26732850074768,11.4,4.8125,405,1771012705.0834396,8.0,25.40234375,13,23565.18230819702,5.7,40.46484375,35,23567.512298583984
2026-02-13T22:58:27,gaming_1,12.1,43.0,389.9690506582885,576.0906430179263,0.0,12100.857814366285,6.0,2515.62890625,55.102,44.0,1815.0,138.5,3644.63671875,143,4285.894615650177,98.2,39.8046875,2,141.62030386924744,5.8,4.8125,405,1771012706.4379008,4.6,40.7265625,35,23568.863710165024,3.5,91.46875,148,23568.903784513474
2026-02-13T22:58:29,gaming_1,10.8,43.0,0.0,0.0,0.0,9852.5546249657,6.0,2515.62890625,54.901,44.0,1815.0,136.3,3644.4296875,143,4287.258880376816,99.8,39.1484375,2,142.98271346092224,1.1,11.27734375,4,23556.757977724075,0.0,4.8125,405,1771012707.791577,0.0,60.5859375,4,23584.174305915833
2026-02-13T22:58:30,gaming_1,9.7,43.0,51.727132377565724,48.0843765763287,0.0,25738.25538922031,6.0,2515.62890625,54.958,44.0,1815.0,128.6,3632.85546875,143,4288.631616353989,98.9,39.8046875,2,144.35665774345398,5.7,11.27734375,4,23558.130836486816,2.3,198.16015625,277,23566.215575933456,2.3,19.99609375,4,6966.934320449829
2026-02-13T22:58:31,gaming_1,10.9,43.0,48.02922310289349,51.66780061068845,0.0,20865.058860699428,6.0,2515.62890625,54.895,44.0,1815.0,132.1,3632.93359375,142,4290.003143072128,99.3,39.8046875,2,145.7259705066681,2.3,62.0390625,116,23527.474230766296,2.3,11.27734375,4,23559.502121686935,1.1,4.8125,405,1771012710.5364482
2026-02-13T22:58:33,gaming_1,9.8,43.0,439.6531994091498,593.0547330928097,0.0,25178.40292576206,6.0,2515.62890625,54.938,44.0,1815.0,129.3,3632.9453125,142,4291.3566081523895,100.2,39.8046875,2,147.08276963233948,2.3,25.44140625,14,23572.001383781433,1.2,77.4375,105,23546.65365242958,0.0,4.8125,405,1771012711.8981454
2026-02-13T22:58:34,gaming_1,10.2,43.0,177.0634774473088,110.664673404568,0.0,76302.55454796027,6.0,2515.62890625,54.415,44.0,1815.0,139.4,3634.37109375,142,4292.723551034927,100.5,39.8046875,2,148.45060801506042,1.2,4.8125,405,1771012713.2543173,1.2,91.4609375,148,23575.72167658806,1.2,106.3125,37,23541.96801829338
2026-02-13T22:58:35,gaming_1,11.1,43.0,290872.255185227,1612.9807844734746,0.0,31389.627863635833,6.0,2515.62890625,54.677,44.0,1815.0,99.7,39.8046875,2,149.81413984298706,88.2,3634.296875,142,4294.088329553604,4.6,4.8125,405,1771012714.626106,1.1,224.5390625,77,23574.725569486618,0.0,60.5859375,4,23591.00778889656
2026-02-13T22:58:37,gaming_1,6.9,43.0,0.0,531.7309462079685,0.0,35395.77728782449,6.0,2515.62890625,54.303,44.0,1815.0,100.3,39.8203125,3,151.1696755886078,31.1,3634.20703125,142,4295.445084571838,3.4,106.3125,37,23544.700264453888,2.3,91.4609375,148,23578.450263738632,2.3,25.4375,14,23576.08601117134
2026-02-13T22:58:38,gaming_1,9.7,43.0,1312.706259225615,3008.039903427306,0.0,64045.93766984167,6.0,2515.62890625,54.3,44.0,1815.0,98.5,39.82421875,3,152.53339076042175,44.6,3634.19921875,142,4296.811198234558,16.1,25.4375,13,23577.447478294373,8.1,40.7265625,35,23579.774344205856,6.9,4.8125,405,1771012717.3423269
2026-02-13T22:58:40,gaming_1,8.2,43.0,437.89832391269397,1051.68580793032,1853792.9258076798,26157.12654838492,6.0,2515.62890625,54.249,44.0,1815.0,100.4,39.8203125,3,153.90352725982666,97.0,3637.73046875,142,4298.180245637894,4.6,91.46875,148,23581.179444789886,2.3,4.8125,405,1771012718.7133384,1.1,14.88671875,4,23581.183189868927
2026-02-13T22:58:41,gaming_1,8.1,43.0,182.25585654282276,387.2936951534984,204690.96456112637,106108.18383499565,6.0,2515.62890625,54.45,45.0,1815.0,99.2,39.82421875,3,155.25788807868958,30.0,3637.7109375,142,4299.533785581589,3.5,19.99609375,4,6977.830046892166,2.3,91.4609375,148,23582.540865182877,1.2,198.23046875,277,23577.11703300476
2026-02-13T22:58:42,gaming_1,5.9,43.0,0.0,517.8335873682562,0.0,11314.258751033307,6.0,2515.62890625,54.318,45.0,1815.0,100.1,39.82421875,3,156.61658310890198,36.8,3637.4453125,142,4300.891152620316,4.6,91.46875,148,23583.897754192352,2.3,19.99609375,4,6979.188160657883,1.2,4.8125,405,1771012721.4313686
2026-02-13T22:58:44,gaming_1,6.5,43.0,543.5479552482889,589.9483904524111,0.0,12821.25041322793,6.0,2515.62890625,54.464,45.0,1815.0,100.5,39.8203125,3,157.96864557266235,31.2,3637.2421875,142,4302.242845535278,3.5,91.46484375,148,23585.254304409027,3.5,11.27734375,4,23571.74163031578,2.3,4.8125,405,1771012722.7889402
2026-02-13T22:58:45,gaming_1,7.4,43.0,101.52595537321793,327.5508925179732,0.0,86509.00676239392,6.0,2515.87890625,54.462,45.0,1815.0,125.5,3636.984375,142,4303.600128173828,100.1,39.1640625,3,159.3261604309082,3.5,91.45703125,148,23586.606535434723,2.3,277.73828125,35,23551.461718559265,1.2,4.8125,405,1771012724.1374664
2026-02-13T22:58:46,gaming_1,10.6,43.0,48.417332317963684,52.08531203902154,0.0,11643.634826526055,4.0,2518.12890625,54.058,45.0,1815.0,128.0,3636.92578125,142,4304.966965675354,99.7,39.8203125,3,160.69021487236023,3.4,198.265625,277,23582.549188375473,2.3,4.8125,405,1771012725.5010698,2.3,40.4453125,34,23587.930765390396
2026-02-13T22:58:48,gaming_1,10.9,43.0,383.5273048950206,950.8281100522386,547816.4558645966,15248.115879462637,7.0,2518.12890625,56.084,46.0,1815.0,140.0,3639.49609375,144,4306.33976483345,96.8,39.8203125,3,162.06272768974304,3.4,91.42578125,147,23589.343546390533,2.3,25.4375,14,23586.97736430168,1.2,121.0546875,98,23553.76928639412
2026-02-13T22:58:49,gaming_1,11.9,43.0,0.0,39.956936094811724,0.0,13259.78323738937,7.0,2518.12890625,56.247,46.0,1815.0,133.3,3639.5234375,145,4307.69903254509,99.9,39.8203125,3,163.42342805862427,16.1,25.40234375,13,23588.335300683975,4.6,198.29296875,277,23585.28037071228,3.5,91.41796875,147,23590.6980741024
2026-02-13T22:58:50,gaming_1,12.6,43.0,51.938846595173246,139.72281267152238,0.0,11610.892579698446,7.0,2518.12890625,56.188,46.0,1815.0,137.9,3639.5,145,4309.058333158493,97.8,39.8203125,3,164.7819631099701,8.0,40.44921875,34,23592.027908563614,6.9,4.8125,405,1771012729.5967596,5.7,91.42578125,147,23592.062477588654
2026-02-13T22:58:52,gaming_1,11.5,43.0,2298.7445272707214,0.0,0.0,16975.34420138379,7.0,2518.12890625,56.389,46.0,1815.0,131.5,3639.44921875,145,4310.424345731735,98.3,39.8203125,3,166.14852476119995,5.8,4.8125,405,1771012730.9529843,3.4,277.73828125,35,23558.282891988754,2.3,25.4375,14,23591.063933372498
2026-02-13T22:58:53,gaming_1,11.5,43.0,6423.487080064875,590.3295678676546,0.0,17581.300397484207,7.0,2518.37890625,56.281,46.0,1815.0,129.2,3638.5,143,4311.779070138931,100.1,39.82421875,3,167.50703525543213,4.6,4.8125,405,1771012732.3228555,4.6,106.265625,37,23561.034497976303,2.3,91.421875,147,23594.78903722763
2026-02-13T22:58:55,gaming_1,11.3,43.0,3197.262382878736,80.70903189758735,145578.36094789775,119419.74921507237,9.0,2518.37890625,59.05,47.0,1815.0,128.6,3638.49609375,143,4313.12766623497,98.7,39.82421875,3,168.85245513916016,4.6,91.41796875,147,23596.139634609222,2.3,277.734375,35,23560.983157396317,1.2,4.8125,405,1771012733.6728108
2026-02-13T22:58:56,gaming_1,12.3,43.0,3258.367661935109,101.33856292511008,0.0,134447.4247975767,7.0,2518.37890625,57.408,47.0,1815.0,127.3,3638.51171875,143,4314.490141391754,100.9,39.82421875,3,170.2146348953247,6.9,91.42578125,147,23597.49012875557,3.5,106.28515625,37,23563.740878343582,2.3,77.4375,105,23569.788314819336
2026-02-13T22:58:57,gaming_1,11.1,43.0,385.4051348129473,134.8185262463542,0.0,13505.299324852176,4.0,2477.00390625,54.025,46.0,1815.0,99.0,39.82421875,3,171.57185053825378,92.3,3633.59765625,143,4315.844000577927,6.9,91.41015625,147,23598.856583833694,3.5,25.40234375,14,23596.48410129547,3.5,198.3515625,277,23593.428416728973
2026-02-13T22:58:59,gaming_1,11.4,43.0,731.8561816114559,734.0739276163391,0.0,24223.700362670894,30.0,2715.76953125,85.021,50.0,1815.0,100.7,39.82421875,3,172.96749901771545,72.7,3661.2265625,145,4317.241244316101,9.2,4.8125,405,1771012737.744365,8.0,40.44921875,34,23600.181334733963,6.9,91.42578125,147,23600.212015867233
2026-02-13T22:59:00,gaming_1,10.2,43.1,1240.2577663938857,640.4785356679997,7159513.267526553,62514.13239108663,24.0,2660.80078125,86.384,50.0,1815.0,98.1,39.82421875,3,174.3364233970642,73.1,3660.66796875,145,4318.609714508057,11.2,4.8125,405,1771012739.14336,6.7,91.42578125,147,23601.609431743622,4.5,106.2890625,37,23567.85304927826
2026-02-13T22:59:01,gaming_1,8.7,43.1,48.562021449987135,1339.1345308935845,0.0,10924.98324983953,28.0,2708.45703125,77.923,51.0,1815.0,99.6,39.82421875,3,175.685284614563,67.2,3658.2578125,144,4319.958520412445,6.9,91.42578125,147,23602.967908859253,6.9,106.296875,37,23569.21328353882,2.3,4.8125,405,1771012740.5025332
2026-02-13T22:59:03,gaming_1,10.3,43.1,722.8979737393935,961.6600077488476,0.0,15421.823439773729,18.0,2712.08203125,82.006,50.0,1815.0,100.0,39.82421875,3,177.04479956626892,72.3,3653.796875,144,4321.319617033005,8.1,25.44140625,14,23601.957060098648,8.0,40.52734375,34,23604.29054927826,6.9,106.30078125,37,23570.57452607155
2026-02-13T22:59:04,gaming_1,12.0,43.1,1610.8919238447859,152.61081383792708,0.0,19628.552210729325,19.0,2710.89453125,74.517,50.0,1815.0,105.8,3653.63671875,144,4322.678999662399,100.1,39.82421875,3,178.40326142311096,19.5,25.40234375,13,23603.31706571579,16.1,40.52734375,34,23605.645919799805,6.9,4.8125,405,1771012743.219937
2026-02-13T22:59:05,gaming_1,12.4,43.1,11736.367791219349,1714.6907156605375,0.0,29478.212837115465,24.0,2708.20703125,84.143,51.0,1815.0,160.3,3654.69140625,144,4324.043098688126,99.6,39.82421875,3,179.76850986480713,13.7,25.40234375,13,23604.68221616745,6.9,106.28125,37,23573.289500951767,6.8,22.5625,4,4306.823036193848
2026-02-13T22:59:07,gaming_1,17.8,43.1,1540.7682284993843,100.23041182545853,0.0,14983.349154637888,25.0,2708.20703125,83.685,51.0,1815.0,158.4,3654.50390625,144,4325.414134502411,99.4,39.16796875,3,181.136798620224,17.2,25.4375,14,23606.049015283585,13.7,40.44921875,34,23608.377871990204,10.3,106.29296875,37,23574.657958984375
2026-02-13T22:59:08,gaming_1,14.4,43.1,384.6975316287373,528.9591059895138,0.0,30962.32254563413,29.0,2708.20703125,83.838,51.0,1815.0,126.2,3654.25390625,144,4326.76402258873,99.2,39.16796875,3,182.4912166595459,8.0,4.8125,405,1771012747.313507,8.0,106.29296875,37,23576.02559709549,6.9,40.52734375,34,23609.741281747818
2026-02-13T22:59:10,gaming_1,9.2,43.1,0.0,0.0,0.0,68760.46861227148,25.0,2708.20703125,83.865,51.0,1815.0,98.9,39.82421875,3,183.84956574440002,64.4,3653.359375,144,4328.122023105621,3.5,4.8125,405,1771012748.661096,2.3,106.14453125,37,23577.373039245605,1.2,11.2265625,10,23611.058613061905
2026-02-13T22:59:11,gaming_1,8.6,43.1,137.69710861208605,600.1237621328884,0.0,68238.85801764298,24.0,2708.20703125,82.888,52.0,1815.0,100.0,39.82421875,3,185.1933810710907,81.3,3652.41796875,144,4329.466874837875,6.9,106.1640625,37,23578.731970071793,4.6,4.8125,405,1771012750.019139,3.5,25.40234375,13,23610.110574007034
2026-02-13T22:59:12,gaming_1,12.0,43.0,389.54401594452867,40.29765682184779,0.0,14137.01501542749,25.0,2708.20703125,82.523,52.0,1815.0,99.8,39.82421875,3,186.5398952960968,54.6,3651.328125,144,4330.811882972717,21.0,40.52734375,34,23613.785601615906,14.0,25.40234375,13,23611.453960180283,11.7,4.8125,405,1771012751.3598561
2026-02-13T22:59:14,gaming_1,12.0,43.0,472.84551842151797,659.8505881130355,0.0,10921.66490669852,24.0,2708.20703125,82.61,52.0,1815.0,98.8,39.16796875,3,187.94792675971985,50.9,3651.2890625,144,4332.22435259819,23.3,4.8125,405,1771012752.7673378,6.7,106.1953125,37,23581.479389190674,6.6,40.52734375,34,23615.19564986229
2026-02-13T22:59:15,gaming_1,7.3,43.0,0.0,0.0,0.0,28080.962627287696,25.0,2708.20703125,82.598,53.0,1815.0,99.5,39.82421875,3,189.29857659339905,60.3,3651.25390625,144,4333.571514606476,9.3,106.1953125,37,23582.82743382454,5.8,25.40234375,13,23614.215087413788,3.5,77.44140625,105,23588.873231887817
2026-02-13T22:59:16,gaming_1,11.5,43.0,100.77860437805451,140.50155792852857,0.0,10545.708557399923,25.0,2708.20703125,83.758,53.0,1815.0,98.0,39.82421875,3,190.65370512008667,57.5,3651.42578125,144,4334.930379629135,11.5,4.8125,405,1771012755.4745371,9.2,106.26953125,37,23584.18522667885,9.2,25.43359375,14,23615.57203388214
2026-02-13T22:59:18,gaming_1,8.7,43.0,19887.002205443885,1507.791100327137,0.0,17812.216513633884,10.0,2684.06640625,64.103,51.0,1815.0,99.5,39.82421875,3,192.00461411476135,54.5,3649.50390625,144,4336.2778244018555,12.7,106.2734375,37,23585.53690314293,8.1,4.8125,405,1771012756.8251543,5.8,40.52734375,34,23619.252378702164
2026-02-13T22:59:19,gaming_1,6.9,43.0,11837.311258285174,974.1391214119984,0.0,64576.59491827901,9.0,2684.06640625,60.542,51.0,1815.0,99.5,39.82421875,3,193.35528898239136,25.4,3649.47265625,144,4337.632008075714,4.6,106.27734375,37,23586.882417201996,3.5,4.8125,405,1771012758.1729944,2.3,91.421875,147,23620.638254404068
2026-02-13T22:59:20,gaming_1,6.3,43.0,890.0068196992003,298.1412423309976,0.0,12814.920361723473,11.0,2691.19140625,61.908,51.0,1815.0,99.0,39.82421875,3,194.71291995048523,50.8,3653.890625,146,4338.98585319519,11.5,106.30078125,37,23588.24482703209,1.2,19.99609375,4,7017.282207965851,1.1,232.7109375,76,23619.623625278473
2026-02-13T22:59:22,gaming_1,7.5,43.0,13578.003494736702,3296.0186686126035,3674261.1547517604,15863.380807933176,11.0,2691.19140625,62.327,51.0,1815.0,99.0,39.82421875,3,196.0702133178711,46.0,3653.51171875,146,4340.343309879303,16.1,106.2890625,37,23589.599408864975,4.6,235.83984375,76,23620.984477043152,2.3,4.8125,405,1771012760.8877637
2026-02-13T22:59:23,gaming_1,8.8,43.0,9423.828158234737,3976.716571085099,0.0,9836.129876307104,11.0,2691.19140625,61.979,50.0,1815.0,99.0,39.82421875,3,197.42741537094116,50.6,3653.015625,146,4341.7010753154755,12.7,131.78515625,164,23602.46403670311,9.2,106.296875,37,23590.952926397324,8.1,40.52734375,34,23624.669369459152
2026-02-13T22:59:24,gaming_1,10.1,43.0,14436.566395722873,4456.44184494548,0.0,37723.2805182224,11.0,2691.19140625,61.754,50.0,1815.0,98.1,39.828125,3,198.82947754859924,46.8,3659.6171875,148,4343.102849721909,17.8,363.41015625,11,8388.23013162613,11.4,106.30078125,37,23592.32185649872,10.0,25.40234375,13,23623.741691827774
2026-02-13T22:59:26,gaming_1,9.9,43.0,24292.715968392866,6244.360601696447,0.0,47405.46310584447,11.0,2691.19140625,61.938,50.0,1815.0,98.3,39.828125,3,200.19657731056213,65.1,3657.4609375,148,4344.471354961395,11.2,106.296875,37,23593.721656799316,3.4,4.8125,406,1771012765.0047083,3.4,25.4375,14,23625.110587596893
2026-02-13T22:59:27,gaming_1,8.1,43.0,3720.1166135486574,1249.8357415852788,0.0,96683.3546271354,11.0,2691.19140625,61.719,50.0,1815.0,99.2,39.828125,3,201.55115413665771,46.2,3657.7421875,148,4345.824564933777,12.7,106.2890625,37,23595.077543497086,2.3,4.8125,406,1771012766.365969,2.3,91.421875,147,23628.833699464798
2026-02-13T22:59:29,gaming_1,7.9,43.0,727.8591807911341,629.1414376473973,0.0,11315.705482744757,11.0,2691.19140625,61.777,50.0,1815.0,99.9,39.828125,3,202.91231489181519,44.6,3657.765625,148,4347.19011092186,6.9,106.2890625,37,23596.44081377983,5.7,25.40234375,13,23627.82964873314,4.6,91.4140625,147,23630.193149089813
2026-02-13T22:59:30,gaming_1,8.2,43.1,4409.815949450066,1715.8617964648345,0.0,114069.38192249832,11.0,2691.50390625,61.889,50.0,1815.0,100.7,39.828125,3,204.27806282043457,60.6,3657.8046875,148,4348.556129932404,13.7,106.2890625,37,23597.80501294136,4.6,91.4296875,147,23631.55907011032,4.6,25.44140625,14,23629.190487623215
2026-02-13T22:59:31,gaming_1,9.0,43.1,981.2401385337561,1087.6573562505807,0.0,10145.59736356817,11.0,2691.50390625,61.949,49.0,1815.0,95.6,39.828125,3,205.6351101398468,46.2,3656.85546875,148,4349.910280704498,16.1,106.2890625,37,23599.16327404976,9.2,91.4296875,147,23632.920493602753,5.7,25.44140625,14,23630.551965236664
2026-02-13T22:59:33,gaming_1,8.5,43.1,709.0296715288737,714.9691871018904,0.0,12164.127893538289,11.0,2691.50390625,61.49,49.0,1815.0,96.5,39.828125,3,206.97958850860596,46.5,3657.671875,148,4351.253551006317,11.6,106.29296875,37,23600.51079559326,7.0,25.4375,14,23631.898163318634,4.6,40.52734375,34,23634.22773885727
2026-02-13T22:59:34,gaming_1,8.7,43.1,480.7416791041618,508.8465772671743,0.0,16661.76699516701,11.0,2691.50390625,61.566,49.0,1815.0,100.9,39.16796875,3,208.34182476997375,55.0,3657.75,148,4352.618068933487,18.4,106.29296875,37,23601.868779420853,14.9,328.09375,95,23602.92956137657,9.2,4.8125,406,1771012773.1540494
2026-02-13T22:59:35,gaming_1,9.0,43.1,167.54684242099577,234.85823762943073,0.0,84660.175677809,11.0,2691.50390625,61.522,49.0,1815.0,97.6,39.82421875,3,209.70243740081787,55.1,3657.7265625,148,4353.979027271271,12.6,328.09375,95,23604.289444446564,11.4,106.296875,37,23603.23355293274,4.6,4.8125,406,1771012774.5207143
2026-02-13T22:59:37,gaming_1,9.5,43.1,225.45905756539278,137.78053517885115,12071.637905723514,47154.83556923248,12.0,2691.50390625,61.708,49.0,1815.0,98.7,39.82421875,3,211.06386518478394,45.9,3657.7734375,148,4355.341984987259,18.4,106.30078125,37,23604.593321323395,18.3,328.09375,95,23605.653381347656,3.4,25.4375,14,23635.982503175735
2026-02-13T22:59:38,gaming_1,8.9,43.0,601.0341538454002,827.797955479379,0.0,12399.356609733677,10.0,2686.47265625,61.499,49.0,1815.0,98.4,39.82421875,3,212.4296281337738,48.1,3657.96484375,148,4356.7054624557495,12.6,106.30078125,37,23605.954501628876,12.6,328.09375,95,23607.016323566437,4.6,25.4375,14,23637.342268943787
2026-02-13T22:59:39,gaming_1,8.8,43.0,280.1715641161273,94.6129103952367,0.0,112655.37237758416,17.0,2686.91015625,64.533,49.0,1815.0,100.5,39.82421875,3,213.78274583816528,59.0,3657.828125,148,4358.056445121765,19.6,106.265625,37,23607.313073396683,17.4,328.40625,95,23608.365624189377,3.5,25.40234375,13,23638.69828939438
2026-02-13T22:59:41,gaming_1,9.8,43.0,842.6428844384611,611.5477018455498,97395.84492867546,55165.61529163259,14.0,2686.91015625,64.79,49.0,1815.0,99.6,39.82421875,3,215.1314492225647,49.8,3658.109375,148,4359.405169725418,22.0,106.28515625,37,23608.660768270493,15.0,328.359375,95,23609.71738433838,9.3,91.41796875,147,23642.41644525528
2026-02-13T22:59:42,gaming_1,9.9,43.0,798.0502288093846,535.2414799899676,0.0,21605.100071960183,14.0,2686.91015625,65.562,49.0,1815.0,98.1,39.82421875,3,216.48473858833313,61.1,3665.1875,148,4360.760540485382,16.2,106.28515625,37,23610.01512169838,13.9,328.375,95,23611.070249319077,10.4,91.421875,147,23643.769018888474
2026-02-13T22:59:44,gaming_1,12.1,43.1,1996.9532337449332,2391.485829869992,0.0,67836.0523486668,18.0,2686.91015625,63.944,49.0,1815.0,99.1,39.82421875,3,217.87153911590576,51.9,3664.1015625,148,4362.145036697388,27.1,363.10546875,11,8407.270003318787,24.1,106.29296875,37,23611.37499666214,8.1,4.8125,406,1771012782.6593535
2026-02-13T22:59:45,gaming_1,10.5,43.1,1433.1595264188682,1790.1871890144091,0.0,43576.12780479232,13.0,2686.91015625,63.877,49.0,1815.0,99.1,39.82421875,3,219.22710585594177,55.3,3662.73828125,148,4363.50085401535,19.2,106.29296875,37,23612.759963035583,10.1,91.421875,147,23646.511813879013,4.6,25.40234375,13,23644.144348859787
2026-02-13T22:59:46,gaming_1,9.3,43.1,636.5607592470836,454.5810051567715,0.0,39985.446210483475,15.0,2686.91015625,63.572,49.0,1815.0,99.1,39.16796875,3,220.5834882259369,44.9,3662.6484375,148,4364.859317302704,21.9,106.296875,37,23614.113234996796,12.7,91.4296875,147,23647.8681704998,8.1,4.8125,406,1771012785.402668
2026-02-13T22:59:48,gaming_1,10.0,43.1,101.27481848792667,694.8783166324895,0.0,10976.120473786386,13.0,2686.91015625,63.622,48.0,1815.0,99.3,39.82421875,3,221.93719029426575,56.7,3662.6015625,148,4366.210774183273,34.7,106.296875,37,23615.465478420258,18.5,328.421875,95,23616.520970106125,9.2,91.4140625,147,23649.22212409973
2026-02-13T22:59:49,gaming_1,9.8,43.1,742.0388593989941,747.2175952073619,0.0,90530.22048547967,13.0,2686.91015625,63.531,48.0,1815.0,99.3,39.82421875,3,223.2923285961151,57.7,3662.57421875,148,4367.565740823746,26.6,106.30078125,37,23616.81803560257,15.0,328.36328125,95,23617.874656915665,5.8,91.421875,147,23650.573444128036
2026-02-13T22:59:50,gaming_1,10.0,43.1,106.17718330627834,94.37971849446964,0.0,15478.27383309302,13.0,2686.91015625,63.689,48.0,1815.0,98.9,39.82421875,3,224.64963173866272,51.8,3662.5390625,148,4368.922671079636,29.9,328.37890625,95,23619.232689857483,23.0,106.3125,37,23618.17785859108,6.9,91.42578125,147,23651.930190086365
2026-02-13T22:59:52,gaming_1,12.2,43.1,101.03127994483381,195.42546850643038,0.0,18501.260958072926,13.0,2686.91015625,63.395,48.0,1815.0,100.0,39.828125,3,226.0082745552063,48.3,3663.328125,148,4370.281428337097,18.4,328.37890625,95,23620.592882156372,11.5,91.421875,147,23653.288781166077,3.4,25.40234375,13,23650.924429178238
2026-02-13T22:59:53,gaming_1,10.9,43.1,756.0022205057705,1121.1211118113813,0.0,76510.07477165313,14.0,2686.91015625,63.596,48.0,1815.0,99.5,39.828125,3,227.35833382606506,62.5,3663.42578125,148,4371.63233089447,11.5,4.8125,406,1771012792.177301,9.2,91.4140625,147,23654.644796848297,4.6,40.5234375,34,23654.608058452606
2026-02-13T22:59:54,gaming_1,9.9,43.1,4211.454511242359,54.993406358202684,0.0,6087.918714681032,16.0,2686.91015625,63.671,49.0,1815.0,99.4,39.828125,3,228.70976305007935,68.3,3660.78125,148,4372.982759475708,4.6,25.40234375,13,23653.62783408165,3.5,40.5234375,34,23655.955226898193,3.5,20.953125,10,7051.272356271744
2026-02-13T22:59:56,gaming_1,10.7,43.0,4775.382199025033,357.93134731984645,48566.02231460343,6829.596887991108,13.0,2686.91015625,63.933,48.0,1815.0,99.1,39.828125,3,230.04996919631958,52.5,3660.8359375,148,4374.322015047073,9.3,25.40234375,13,23654.96686720848,4.6,4.8125,406,1771012794.8727157,3.5,20.953125,10,7052.614477157593
2026-02-13T22:59:57,gaming_1,8.5,43.1,946.9433156691241,255.5480387683002,0.0,16784.21637717862,14.0,2686.91015625,63.868,48.0,1815.0,100.1,39.828125,3,231.39176559448242,62.8,3660.8125,148,4375.665007829666,2.3,4.8125,406,1771012796.214676,2.3,25.40234375,13,23656.309889793396,2.3,32.27734375,4,1048.6672291755676
2026-02-13T22:59:59,gaming_1,7.8,43.1,2765.0497725624627,634.7721789699848,0.0,14842.073617883672,13.0,2686.91015625,63.606,48.0,1815.0,100.3,39.83203125,3,232.84088373184204,62.4,3660.875,149,4377.117090463638,4.5,25.43359375,14,23657.692964315414,3.4,228.953125,75,23657.689093351364,3.2,20.953125,10,7055.421307086945
2026-02-13T23:00:00,gaming_1,10.6,43.1,1030.2058763904004,140.91793528314906,0.0,218551.4044065181,13.0,2686.91015625,63.531,48.0,1815.0,98.2,39.171875,3,234.2097053527832,65.1,3660.86328125,149,4378.486080169678,16.0,4.8125,406,1771012799.0232992,5.5,25.40234375,13,23659.12298631668,4.5,20.953125,10,7056.799146413803
2026-02-13T23:00:01,gaming_1,8.0,43.1,682.4086082252251,498.0130906835154,0.0,38284.57485464412,14.0,2686.91015625,63.617,48.0,1815.0,98.7,39.83203125,3,235.58755612373352,59.1,3660.859375,149,4379.8610055446625,5.7,4.8125,406,1771012800.4003823,5.7,25.4375,14,23660.50010895729,4.5,20.953125,10,7058.173285484314
2026-02-13T23:00:03,gaming_1,8.6,43.1,428.56546571989844,243.75115622439046,0.0,39861.68161969256,13.0,2686.91015625,63.47,48.0,1815.0,100.3,39.83203125,3,236.9583010673523,44.4,3659.90625,149,4381.233054637909,3.4,4.8125,406,1771012801.7736697,3.4,25.40234375,13,23661.87461733818,3.4,124.8203125,32,23654.790728330612
2026-02-13T23:00:04,gaming_1,6.7,43.1,441.5487659051189,2454.1896523563587,0.0,149463.52378917194,13.0,2686.91015625,63.521,48.0,1815.0,99.6,39.83203125,3,238.32296872138977,46.9,3659.89453125,149,4382.599660873413,6.9,20.953125,10,7060.903623580933,2.3,25.44140625,14,23663.240384817123,1.1,4.8125,406,1771012803.1388311
2026-02-13T23:00:05,gaming_1,7.6,43.1,105.35454054026711,531.8941039775985,0.0,14983.756876837988,13.0,2686.91015625,63.255,47.0,1815.0,101.1,39.83203125,3,239.69837307929993,59.3,3660.87109375,149,4383.996143817902,4.6,25.4453125,13,23664.61008000374,3.3,23.94140625,9,7.746979236602783,3.3,20.953125,10,7062.326611042023
2026-02-13T23:00:07,gaming_1,8.9,43.1,463.6909674553418,148.24059717132897,23021.553972085818,71942.35616276818,13.0,2686.91015625,63.288,47.0,1815.0,98.1,39.83203125,3,241.11685967445374,48.1,3660.9453125,149,4385.39112663269,5.5,25.40234375,13,23666.032521247864,3.3,4.8125,406,1771012805.928312,3.3,229.13671875,76,23666.02907705307
2026-02-13T23:00:08,gaming_1,7.5,43.1,3007.26021992924,1282.6796136895086,0.0,38082.23999165486,13.0,2686.91015625,63.137,48.0,1815.0,127.6,3660.88671875,149,4386.78763461113,98.7,39.83203125,3,242.50989437103271,6.7,20.953125,10,7065.106777906418,5.6,25.44140625,14,23667.41721892357,3.4,229.05078125,76,23667.413625001907
2026-02-13T23:00:10,gaming_1,13.1,43.1,3544.8585569929737,644.1976066186751,0.0,99420.45526657942,13.0,2686.91015625,63.048,48.0,1815.0,164.3,3660.88671875,149,4388.206558704376,99.4,39.83203125,3,243.92532896995544,8.9,25.44140625,14,23668.82861995697,6.6,20.953125,10,7066.519122362137,4.4,4.8125,406,1771012808.713124
2026-02-13T23:00:11,gaming_1,13.0,43.1,692.0746673584314,714.0340477966212,0.0,72899.47611790265,13.0,2686.91015625,62.985,48.0,1815.0,157.7,3660.83203125,149,4389.6111426353455,100.0,39.83203125,3,245.33235335350037,6.7,20.953125,10,7067.924812078476,5.5,4.8125,406,1771012810.1233134,5.5,25.44140625,14,23670.23926615715
2026-02-13T23:00:12,gaming_1,12.3,43.1,46.973926137546634,839.8368612470459,11660.921300569153,48830.10794613333,17.0,2686.91015625,62.829,48.0,1815.0,99.8,39.83203125,3,246.72511076927185,96.7,3660.8203125,149,4390.999952554703,15.2,24.54296875,9,14.786953210830688,6.7,40.5234375,34,23673.96320605278,5.6,4.8125,406,1771012811.5274146
2026-02-13T23:00:14,gaming_1,9.7,43.1,409.59451512361517,595.8983748453933,0.0,81710.68106385751,13.0,2686.91015625,62.997,48.0,1815.0,98.2,39.8359375,3,248.2518379688263,67.6,3661.80078125,149,4392.526288032532,5.4,4.8125,406,1771012812.987537,5.3,30.5,10,16.265029191970825,4.3,40.5234375,34,23675.425097703934
2026-02-13T23:00:15,gaming_1,10.6,43.2,1521.63571173633,594.5599970768304,0.0,135918.19422243364,13.0,2686.91015625,63.082,49.0,1815.0,99.7,39.171875,3,249.64640736579895,54.7,3661.83984375,149,4393.92657327652,5.5,25.40234375,13,23674.555854558945,4.4,229.6015625,76,23674.552520275116,3.3,20.953125,10,7072.255398511887
2026-02-13T23:00:17,gaming_1,7.3,43.2,199.44809473332222,246.29355470627337,0.0,262743.4089537448,12.0,2686.91015625,63.02,49.0,1815.0,100.6,39.8359375,3,251.04418420791626,40.4,3660.7421875,149,4395.320620298386,6.7,25.40234375,13,23675.958190202713,5.6,20.953125,10,7073.645730257034,3.4,199.0234375,278,23672.903366088867
2026-02-13T23:00:18,gaming_1,8.0,43.2,436.1242428625625,682.9734430306465,0.0,15844.408136736263,12.0,2686.91015625,62.553,49.0,1815.0,100.0,39.8359375,3,252.4355161190033,43.8,3655.39453125,149,4396.711770772934,6.7,25.40234375,13,23677.35011768341,5.6,20.953125,10,7075.0341210365295,3.4,40.5234375,34,23679.676889419556
2026-02-13T23:00:20,gaming_1,9.1,43.2,342.93859483529667,426.511865845579,0.0,75250.5259524308,16.0,2686.91015625,65.808,49.0,1815.0,99.9,39.8359375,3,253.8269453048706,24.7,3655.5390625,149,4398.103635787964,7.9,25.44140625,14,23678.738978385925,4.5,40.5234375,34,23681.06603884697,3.4,4.8125,406,1771012818.6355476
2026-02-13T23:00:21,gaming_1,6.4,43.2,201.82302204865366,201.82302204865366,0.0,8825.62738410625,13.0,2686.91015625,63.497,49.0,1815.0,99.9,39.8359375,3,255.25100564956665,23.6,3655.41015625,149,4399.557786226273,5.4,20.953125,10,7077.886566877365,3.4,4.8125,406,1771012820.0269313,3.4,25.40234375,14,23680.132212162018
2026-02-13T23:00:22,gaming_1,7.7,43.2,0.0,138.35195848376924,28053.94168066925,30859.335848736177,12.0,2686.91015625,63.585,50.0,1815.0,97.0,39.83984375,3,256.6839210987091,30.1,3655.36328125,149,4400.958523035049,5.4,4.8125,406,1771012821.4888985,5.4,40.5234375,34,23683.91574406624,3.4,20.953125,10,7079.278799533844
2026-02-13T23:00:24,gaming_1,7.3,43.2,772.9341014928877,667.0135023994179,0.0,40673.5100518924,12.0,2686.91015625,63.443,50.0,1815.0,99.3,39.84375,3,258.08389687538147,34.6,3656.37890625,149,4402.357433080673,6.7,25.40234375,13,23682.98729109764,5.6,4.8125,406,1771012822.8843062,2.2,89.09375,56,23681.568507432938
2026-02-13T23:00:25,gaming_1,7.6,43.2,1808.9669056817559,969.2171440090071,0.0,223399.18702353735,6.0,2429.046875,55.769,49.0,1815.0,98.8,39.84375,3,259.50682735443115,51.3,3643.00390625,148,4403.7891409397125,6.5,20.9375,9,7082.124328613281,5.5,25.40234375,13,23684.40478372574,1.1,4.8125,406,1771012824.282241
2026-02-13T23:00:27,gaming_1,7.6,43.1,11966.014089373362,2823.6668134859196,22655.70865433561,90976.83006506643,6.0,2454.484375,54.243,49.0,1815.0,100.7,39.84375,3,260.96547389030457,37.5,3671.96875,148,4405.247081756592,8.6,25.40234375,13,23685.861726999283,5.3,20.953125,10,7083.596237182617,3.2,4.8125,406,1771012825.7292802
2026-02-13T23:00:28,gaming_1,8.5,43.4,4758.44919084502,3285.9516393531553,20608967.059274122,10084.706478114025,10.0,2463.1796875,52.743,49.0,1815.0,99.1,39.83984375,3,262.44738817214966,87.4,3736.875,148,4406.730319976807,7.5,20.953125,10,7085.057678937912,5.3,4.8125,406,1771012827.2012215,5.3,25.4375,14,23687.32811641693
2026-02-13T23:00:30,gaming_1,10.2,43.4,7526.32306174962,2070.0815707180195,23786273.65925035,48080.72903855787,3.0,2582.58984375,52.401,49.0,1815.0,99.5,39.83984375,3,263.98644256591797,76.3,3764.0078125,148,4408.265186548233,22.5,4.8125,406,1771012828.6612406,14.3,34.5625,12,32.00637412071228,3.1,20.953125,10,7086.5869772434235
2026-02-13T23:00:31,gaming_1,11.1,43.5,16800.957777827683,7992.637846497039,43554006.230506465,38179.41614079214,3.0,2561.93359375,52.258,49.0,1815.0,100.1,39.83984375,3,265.4068944454193,53.9,3790.1015625,148,4409.686064243317,26.6,4.8125,406,1771012830.1893806,7.6,237.34765625,76,23690.30866599083,6.6,20.953125,10,7087.999985694885
2026-02-13T23:00:33,gaming_1,8.8,43.5,2463.8328644132275,1344.166362936564,33092248.39878071,150478.64530914705,5.0,3052.98828125,52.061,49.0,1815.0,153.6,3808.48046875,148,4411.131454467773,98.6,39.83984375,3,266.8489637374878,12.2,4.8125,406,1771012831.6022148,5.5,40.5234375,34,23694.037559509277,5.3,59.4140625,22,23650.782064199448
2026-02-13T23:00:34,gaming_1,15.6,43.9,14473.607034135957,2842.002527549669,29200757.088488642,268550.5062567461,33.0,3253.02734375,94.059,53.0,1815.0,144.1,3922.78515625,150,4412.659977197647,100.2,39.82421875,2,268.37669014930725,36.6,4.8125,406,1771012833.097859,6.2,20.953125,10,7090.995953798294,5.1,40.5234375,34,23695.557892799377
2026-02-13T23:00:36,gaming_1,12.9,44.0,14502.650175351337,8160.360061512539,15956291.89360158,52111.35287997442,40.0,3296.94140625,126.961,57.0,1980.0,130.1,3949.48046875,150,4414.149011135101,98.7,39.82421875,2,269.86515378952026,19.7,4.8125,406,1771012834.5995367,8.4,25.4375,13,23694.754883289337,6.3,20.953125,10,7092.483543634415
2026-02-13T23:00:37,gaming_1,12.1,44.1,7600.601928972973,7810.797052119159,17912352.93717877,11690.340906481844,88.0,3374.81640625,249.937,66.0,1980.0,167.0,3951.9296875,150,4415.712134361267,99.9,39.8359375,3,271.4295721054077,14.7,4.8125,406,1771012836.0898938,6.2,40.5234375,34,23698.556773662567,5.9,20.953125,10,7094.059951782227
2026-02-13T23:00:39,gaming_1,15.6,44.1,8502.461881830202,8405.001581882168,17958698.104751863,14905.09730114365,89.0,3374.81640625,252.629,68.0,1965.0,117.1,3951.74609375,149,4417.232808589935,100.7,39.8359375,3,272.9501008987427,17.8,4.8125,406,1771012837.670658,10.3,25.40234375,13,23697.83042526245,6.2,20.953125,10,7095.574731349945
2026-02-13T23:00:40,gaming_1,13.3,44.1,7095.718898150548,7844.413559388375,0.0,32198.504264021143,91.0,3455.68359375,254.577,68.0,1965.0,147.8,3958.24609375,149,4418.786622047424,98.6,39.8359375,3,274.5032615661621,8.3,4.8125,406,1771012839.1808932,5.0,20.953125,10,7097.1401352882385,4.1,106.26953125,37,23667.91025209427
2026-02-13T23:00:42,gaming_1,13.2,44.1,8493.862980050915,7928.456323377353,0.0,16336.806332780121,91.0,3455.68359375,256.881,70.0,1965.0,161.0,3962.85546875,149,4420.310110092163,98.0,39.8359375,3,276.01746463775635,17.9,4.8125,406,1771012840.7470615,7.0,40.5078125,33,23703.191212654114,6.2,20.953125,10,7098.643167972565
2026-02-13T23:00:43,gaming_1,13.2,44.1,8415.931292728383,8142.751668785811,0.0,18762.776122494757,91.0,3383.8671875,257.394,71.0,1965.0,135.0,3964.37109375,149,4421.8149061203,100.3,39.8359375,3,277.52890610694885,8.3,4.8125,406,1771012842.2510087,7.3,106.30078125,37,23670.974748134613,5.2,40.5078125,33,23704.69446372986
2026-02-13T23:00:45,gaming_1,11.8,44.1,10517.436112981593,10955.71778909854,0.0,75929.98318806704,92.0,3381.27734375,258.761,71.0,1965.0,107.1,3964.484375,148,4423.316953659058,99.3,39.8359375,3,279.03875207901,13.4,4.8125,406,1771012843.758785,11.4,106.36328125,37,23672.484041452408,6.2,25.40234375,13,23703.915091753006
2026-02-13T23:00:46,gaming_1,11.2,44.1,7055.714253163473,8002.794439878728,0.0,19341.90914562491,92.0,3377.33984375,258.661,72.0,1965.0,125.7,3960.6484375,148,4424.821540117264,99.0,39.8359375,3,280.5377311706543,11.4,4.8125,406,1771012845.2672186,6.2,106.36328125,37,23673.990797758102,4.2,20.9140625,8,7103.168795585632
2026-02-13T23:00:48,gaming_1,12.1,44.1,6956.260952610411,7859.9042814739,0.0,24136.107487763067,92.0,3377.08984375,258.927,73.0,1965.0,119.8,3958.6171875,148,4426.3208158016205,98.9,39.8359375,3,282.03845953941345,10.4,4.8125,406,1771012846.7731307,7.2,106.36328125,37,23675.49946951866,4.2,20.9140625,8,7104.667493104935
2026-02-13T23:00:49,gaming_1,12.0,44.1,7345.2161713372125,8313.764759542439,0.0,181817.46288745143,92.0,3377.08984375,266.407,74.0,1950.0,121.0,3955.640625,148,4427.818635702133,98.9,39.8359375,3,283.5387773513794,15.6,4.8125,406,1771012848.2716637,7.3,106.3671875,37,23676.993836164474,5.2,25.40234375,14,23708.42007112503
2026-02-13T23:00:51,gaming_1,12.0,44.1,7059.269798490248,7909.304167452386,261130.55814516853,10540.4261751305,94.0,3392.203125,265.48,74.0,1950.0,128.4,3962.34375,148,4429.352122306824,100.0,39.8359375,3,285.06997895240784,12.5,4.8125,406,1771012849.7770228,10.3,106.37109375,37,23678.505764961243,6.2,25.40234375,13,23709.934198379517
2026-02-13T23:00:52,gaming_1,13.4,44.1,7559.165740749942,7637.323580564694,8067389.699406684,16006.725594060881,93.0,3428.2890625,264.388,75.0,1950.0,142.8,3981.4140625,148,4430.896800994873,100.4,39.84765625,3,286.60974192619324,20.4,4.8125,406,1771012851.3147287,4.1,20.9140625,8,7109.239050388336,4.0,40.5078125,33,23713.783627986908
2026-02-13T23:00:54,gaming_1,12.8,44.2,7636.534366703084,8476.62494965435,8855189.218313055,16376.217983746214,96.0,3551.359375,264.811,75.0,1950.0,161.7,4012.6640625,148,4432.470762968063,99.9,39.84765625,3,288.1749565601349,17.3,4.8125,406,1771012852.8452463,10.2,106.375,37,23681.584405899048,4.9,20.9140625,8,7110.829234838486
2026-02-13T23:00:55,gaming_1,15.0,44.5,8939.378264014445,9262.3671876545,39493265.78519065,143492.54220049392,93.0,3617.7421875,264.819,75.0,1950.0,164.7,4010.2421875,148,4434.025933265686,98.8,39.84765625,3,289.7401695251465,22.6,4.8125,406,1771012854.4365578,7.8,106.38671875,37,23683.18365240097,4.0,20.9140625,8,7112.38884973526
2026-02-13T23:00:57,gaming_1,14.0,44.4,9688.429873449484,8201.733891286778,6863773.923312056,32043.15189046215,93.0,3688.453125,264.902,76.0,1950.0,163.8,4024.5,148,4435.600185394287,99.0,39.84765625,3,291.31922698020935,14.0,4.8125,406,1771012856.0028489,12.0,106.39453125,37,23684.739881515503,4.9,25.40625,13,23716.202446699142
2026-02-13T23:00:59,gaming_1,13.0,44.4,10933.153249307361,8242.342915243356,0.0,9923.372564519355,94.0,3719.60546875,265.762,77.0,1950.0,154.0,4033.703125,148,4437.1522789001465,100.0,39.84765625,3,292.8656723499298,15.1,4.8125,406,1771012857.5504937,8.1,106.39453125,37,23686.292390584946,6.1,25.40625,13,23717.741903305054
2026-02-13T23:01:00,gaming_1,14.7,44.4,10621.243232399442,9000.944304273431,8451087.190900624,117192.81065506724,93.0,3732.44921875,267.244,77.0,1950.0,138.1,4033.8203125,148,4438.668824672699,99.5,39.84765625,3,294.37341499328613,12.2,106.39453125,37,23687.828333854675,10.1,4.8125,406,1771012859.1006317,8.3,25.4453125,14,23719.253736257553
2026-02-13T23:01:02,gaming_1,13.6,44.5,11129.889620792343,7949.075671263684,4611326.661278726,61277.85136921204,94.0,3804.6875,266.337,78.0,1935.0,166.4,4040.58203125,148,4440.208119869232,98.1,39.84765625,3,295.9176697731018,8.2,4.8125,406,1771012860.6229324,8.2,106.37109375,37,23689.358023643494,8.0,25.40625,13,23720.80909347534
2026-02-13T23:01:03,gaming_1,14.7,44.4,7230.990583313223,8090.628068655976,23279120.43380134,19606.601201795973,94.0,3808.56640625,261.076,78.0,1935.0,164.2,4049.44921875,148,4441.711452007294,100.8,39.84765625,3,297.42147636413574,18.6,4.8125,406,1771012862.1362205,11.4,106.375,37,23690.860933303833,6.3,40.5078125,33,23724.57994747162
2026-02-13T23:01:05,gaming_1,14.6,44.5,10045.087375367813,8481.138035270753,259809.8452537414,128551.74634950746,55.0,3852.3515625,175.669,69.0,1965.0,168.0,4080.62109375,148,4443.209285020828,99.9,39.84765625,3,298.92212891578674,16.5,4.8125,406,1771012863.649062,10.3,106.375,37,23692.37641310692,5.1,25.44140625,14,23723.802231311798
2026-02-13T23:01:06,gaming_1,15.2,44.5,25573.83692055397,8778.249303577391,3727968.623964022,87716.90879915346,55.0,3852.3515625,174.801,68.0,1965.0,189.4,4081.17578125,148,4444.693687438965,100.0,39.2734375,3,300.4064242839813,14.7,106.375,37,23693.869371175766,11.5,4.8125,406,1771012865.1432002,10.5,25.40625,13,23725.296495199203
2026-02-13T23:01:08,gaming_1,14.9,44.6,13699.794959376235,8141.453835403876,0.0,20007.33309302826,54.0,3773.4140625,174.706,67.0,1965.0,179.6,4080.4375,148,4446.172873735428,99.8,39.93359375,3,301.89340472221375,9.4,106.375,37,23695.358367204666,7.4,4.8125,406,1771012866.6285307,6.3,91.42578125,147,23729.098897218704
2026-02-13T23:01:09,gaming_1,15.4,44.5,14426.997166243547,8551.538088498357,177464.7245623269,17677.150298200533,50.0,3771.24609375,164.709,66.0,1965.0,212.4,4082.1328125,148,4447.668232679367,100.1,39.9296875,3,303.375527381897,12.7,106.375,37,23696.834622859955,6.3,4.8125,406,1771012868.1055567,5.3,91.41796875,147,23730.57696032524
2026-02-13T23:01:11,gaming_1,17.5,44.5,16342.093610612583,8165.78280349904,0.0,16171.013551876906,46.0,3786.74609375,150.656,64.0,1965.0,336.0,4076.4609375,148,4449.268026828766,99.3,39.93359375,3,304.96483850479126,17.4,106.37109375,37,23698.363992214203,9.2,91.42578125,147,23732.098289966583,7.2,4.8125,406,1771012869.626144
2026-02-13T23:01:12,gaming_1,24.8,44.5,19786.965642811738,12596.875738496718,82828.21795907704,21677.697668977195,51.0,3787.24609375,159.542,65.0,1965.0,276.8,4075.7421875,148,4450.8970246315,99.0,39.93359375,3,306.6070308685303,25.6,91.4296875,147,23733.68315076828,21.8,160.95703125,23,23624.97144460678,17.4,106.37109375,37,23699.97938489914
2026-02-13T23:01:14,gaming_1,24.4,44.5,23012.237442125803,9943.447958663552,236606.52541687427,69010.23657992166,59.0,3789.98828125,164.191,65.0,1965.0,341.6,4078.875,148,4452.502499341965,99.4,39.9296875,3,308.2108497619629,37.6,91.4375,147,23735.345668792725,24.2,328.4140625,95,23702.84259915352,21.0,106.37109375,37,23701.61298418045
2026-02-13T23:01:16,gaming_1,25.0,44.5,21903.510732957508,11836.726958857267,40529.34890155015,102906.54994534217,47.0,3788.92578125,157.445,63.0,1965.0,416.7,4080.6171875,148,4454.26141667366,100.4,39.93359375,3,309.95486855506897,43.9,91.43359375,147,23736.98460650444,15.9,328.41796875,95,23704.607382059097,11.3,106.375,37,23703.27844977379
2026-02-13T23:01:17,gaming_1,28.3,44.5,16701.214413639216,9529.674989669147,73591.7963969784,119299.2011904142,48.0,3788.92578125,151.258,63.0,1965.0,336.9,4080.43359375,148,4455.907484054565,99.7,39.93359375,3,311.61573576927185,42.6,91.4453125,147,23738.744401931763,24.8,328.359375,95,23706.24254345894,21.6,106.375,37,23705.016702890396
2026-02-13T23:01:19,gaming_1,24.1,44.5,16672.18162896745,8982.40066869226,163066.6510314172,17835.414956561253,51.0,3788.92578125,160.167,63.0,1965.0,269.3,4080.640625,148,4457.450883865356,99.6,39.93359375,3,313.16807293891907,40.9,91.4453125,147,23740.34880399704,15.3,328.3671875,95,23707.77378797531,13.7,106.375,37,23706.613772392273
2026-02-13T23:01:20,gaming_1,20.8,44.5,16457.42122948909,8307.728794533103,214876.988822528,25516.6424226752,56.0,3789.86328125,164.672,63.0,1965.0,294.0,4080.37109375,148,4459.029348611832,100.7,39.93359375,3,314.73538637161255,38.9,91.4453125,147,23741.873875379562,18.4,106.36328125,37,23708.140367031097,16.7,328.375,95,23709.365574121475
2026-02-13T23:01:22,gaming_1,23.3,44.5,16286.420026539145,8439.004395555176,244607.95757059,105741.98165811964,54.0,3789.23828125,163.345,63.0,1965.0,255.4,4087.71875,148,4460.576946973801,97.6,39.9375,3,316.2887887954712,38.8,91.44140625,147,23743.48742365837,20.4,106.375,37,23709.746893644333,7.1,328.375,95,23710.903506994247
2026-02-13T23:01:23,gaming_1,18.6,44.5,24585.627853180587,8357.468769038136,260775.30864038243,31578.26003067131,54.0,3789.23828125,161.311,63.0,1965.0,228.9,4087.8671875,148,4462.072357177734,100.0,39.27734375,3,317.7896330356598,38.5,91.41015625,147,23744.98748254776,18.8,106.3828125,37,23711.245930671692,16.8,328.375,95,23712.395803928375
2026-02-13T23:01:25,gaming_1,19.7,44.5,16624.985513119496,7706.783469748397,10929.450391098218,120223.95430208041,55.0,3789.11328125,162.528,63.0,1965.0,286.8,4088.2265625,148,4463.614630937576,99.8,39.9375,3,319.3233187198639,34.4,91.41015625,147,23746.485274791718,17.8,106.3828125,37,23712.741775274277,13.1,328.359375,95,23713.949363708496
2026-02-13T23:01:27,gaming_1,23.1,44.5,18200.880288658896,9004.183037171018,83553.71887066051,8485.92457280146,59.0,3790.55078125,172.607,63.0,1965.0,329.6,4089.328125,148,4465.202472448349,99.9,39.9375,3,320.91892886161804,40.7,91.42578125,147,23748.059295654297,14.7,106.3984375,37,23714.3319439888,9.0,4.8125,406,1771012885.585104
2026-02-13T23:01:28,gaming_1,22.7,44.5,17796.316631729776,8034.540689458369,242518.3451469095,15320.379330517131,56.0,3789.86328125,168.396,63.0,1965.0,273.7,4090.00390625,148,4466.732072591782,99.5,39.9375,3,322.44263219833374,32.9,91.421875,147,23749.625962257385,26.1,106.41015625,37,23715.88592028618,7.2,228.49609375,77,23747.32192993164
2026-02-13T23:01:30,gaming_1,22.3,44.5,17923.907004236098,8581.07622922909,43073.637542797,27930.561844157426,59.0,3789.86328125,178.203,64.0,1965.0,266.5,4090.16015625,148,4468.232990980148,100.6,39.9375,3,323.9489200115204,42.2,91.43359375,147,23751.14573574066,22.7,106.4140625,37,23717.40088868141,6.2,4.8125,406,1771012888.6759684
2026-02-13T23:01:31,gaming_1,21.8,44.5,20081.733305468922,8217.466332187767,87368.57130860764,12286.205340272949,64.0,3791.98828125,202.719,65.0,1965.0,251.8,4086.39453125,148,4469.741052865982,98.5,39.9375,3,325.4556531906128,27.1,91.4375,147,23752.645359516144,23.9,106.41796875,37,23718.90677833557,10.4,328.375,95,23720.064119577408
2026-02-13T23:01:33,gaming_1,21.1,44.5,21114.21870425302,8193.360057722863,607322.7198578897,24062.451512226653,66.0,3792.67578125,197.698,65.0,1965.0,317.3,4086.5703125,148,4471.331825733185,100.0,39.9375,3,327.0370171070099,29.7,106.4140625,37,23720.430998563766,26.8,91.453125,147,23754.160509586334,13.7,328.375,95,23721.66287446022
2026-02-13T23:01:34,gaming_1,24.4,44.5,18572.60451582067,8443.106384480416,121762.0670461326,34879.75878925673,62.0,3792.92578125,181.09,65.0,1965.0,322.2,4086.8125,148,4472.869199752808,98.6,39.9375,3,328.58716106414795,34.1,106.4140625,37,23722.033025979996,25.2,91.44140625,147,23755.77450299263,9.7,4.8125,406,1771012893.3021498
2026-02-13T23:01:36,gaming_1,20.4,44.5,17521.37814651083,8060.5350935626475,260096.12402349664,75522.70267869759,60.0,3792.92578125,184.569,64.0,1965.0,217.4,4087.38671875,148,4474.3712384700775,100.1,39.9375,3,330.0853590965271,30.0,106.4140625,37,23723.542088985443,24.8,91.42578125,147,23757.285148382187,22.9,328.375,95,23724.693902254105
2026-02-13T23:01:37,gaming_1,18.9,44.5,17867.787182908094,7941.7557749247735,0.0,11912.30128790926,60.0,3792.64453125,177.299,64.0,1965.0,224.3,4088.31640625,148,4475.87561917305,98.7,39.9375,3,331.5898540019989,43.5,328.359375,95,23726.201149702072,24.9,91.421875,147,23758.78801369667,22.9,106.4140625,37,23725.042256355286
2026-02-13T23:01:39,gaming_1,18.8,44.5,17796.90734746306,8370.624486374178,43676.532351832655,114309.67451456202,55.0,3793.89453125,169.566,63.0,1965.0,200.2,4088.1015625,148,4477.374279022217,99.1,39.9375,3,333.0884552001953,26.0,91.42578125,147,23760.2887570858,22.9,328.37890625,95,23727.699507951736,8.3,4.8125,406,1771012897.817481
2026-02-13T23:01:40,gaming_1,18.3,44.5,17210.64363820427,9106.217155918062,43739.7425630494,18794.420632560294,49.0,3793.89453125,157.733,62.0,1965.0,158.4,4088.1796875,148,4478.873543739319,98.6,39.9375,3,334.59363746643066,28.1,91.42578125,147,23761.789509534836,12.5,328.37890625,95,23729.19547367096,9.4,4.8125,406,1771012899.3165412
2026-02-13T23:01:42,gaming_1,15.7,44.5,18343.399343282377,8667.247865413692,174572.9561606613,11933.698175045207,50.0,3793.26953125,155.3,62.0,1965.0,171.2,4087.79296875,148,4480.388936042786,98.7,39.9375,3,336.0978126525879,25.0,91.4296875,147,23763.288191080093,5.2,4.8125,406,1771012900.817839,4.2,40.56640625,35,23763.265522956848
2026-02-13T23:01:43,gaming_1,15.4,44.5,21966.27674462871,13332.456931996434,0.0,9443.384514678897,56.0,3793.26953125,162.57,62.0,1965.0,190.7,4088.69921875,148,4481.904580831528,99.5,39.9375,3,337.62174463272095,6.2,25.44140625,14,23762.50338959694,5.1,4.8125,406,1771012902.3360372,5.1,20.91015625,8,7160.271579742432
2026-02-13T23:01:45,gaming_1,17.3,44.5,22999.820745857196,14196.195055402606,467582.5938072608,150436.72939963717,58.0,3793.26953125,177.347,63.0,1965.0,202.1,4089.65234375,148,4483.458349227905,98.6,39.9375,3,339.17408084869385,7.1,19.21484375,10,23766.53179383278,4.1,4.8125,406,1771012903.8783226,4.1,20.91015625,8,7161.798229932785
2026-02-13T23:01:46,gaming_1,14.9,44.5,20166.85389559859,11222.848960193323,85732.67623909893,44205.911185785386,58.0,3793.45703125,173.563,63.0,1965.0,207.9,4089.50390625,148,4485.037040233612,98.9,39.9375,3,340.7545177936554,10.9,135.90625,167,23745.807838201523,6.0,20.91015625,8,7163.371861457825,5.9,25.40625,13,23765.62969517708
2026-02-13T23:01:48,gaming_1,14.5,44.5,35667.02100529205,8278.026493308722,114655.62916769681,104558.11637167806,58.0,3793.45703125,173.363,63.0,1965.0,185.8,4093.67578125,148,4486.550912857056,100.1,39.9375,3,342.26854729652405,5.1,25.40625,13,23767.148334264755,5.1,91.19921875,44,23743.089615345,5.0,40.55859375,35,23769.431074619293
2026-02-13T23:01:50,gaming_1,15.1,44.5,21226.73054828802,9620.28836438978,302406.91570101003,12150.27786298701,63.0,3798.01953125,174.804,63.0,1965.0,198.5,4103.484375,148,4488.077881813049,99.4,39.9375,3,343.7927198410034,7.2,25.4453125,13,23768.675333976746,6.2,40.55859375,35,23770.946525335312,5.1,20.91015625,8,7166.423893928528
2026-02-13T23:01:51,gaming_1,15.5,44.6,21269.027047969874,9029.66046292404,128106.76030412538,52710.594083468255,57.0,3798.01953125,170.542,63.0,1965.0,219.8,4102.43359375,148,4489.612993717194,98.3,39.93359375,3,345.3185992240906,9.2,4.8125,406,1771012910.031254,6.1,20.91015625,8,7167.957065820694,4.1,25.44140625,14,23770.203120946884
2026-02-13T23:01:53,gaming_1,16.3,44.6,23113.353990713138,8934.310686859537,299257.6588944353,53104.87473684734,55.0,3798.01953125,165.261,62.0,1965.0,250.2,4109.9140625,148,4491.117747306824,100.0,39.9375,3,346.8349189758301,4.2,20.91015625,8,7169.450681209564,3.1,25.4453125,14,23771.72546195984,3.1,328.1015625,95,23741.438466072083
2026-02-13T23:01:54,gaming_1,16.9,44.6,34056.42035657354,9705.259931034152,43862.07260466549,54827.59075583186,56.0,3798.14453125,177.886,63.0,1965.0,234.1,4116.47265625,147,4492.612944364548,100.4,39.93359375,3,348.3286519050598,6.3,91.4375,147,23775.531745910645,6.3,25.40625,13,23773.22143650055,6.3,20.87109375,7,7170.948336362839
2026-02-13T23:01:56,gaming_1,16.1,44.6,31017.436373163968,9021.834383199719,0.0,133616.85794492255,64.0,3798.30078125,171.363,64.0,1965.0,226.7,4120.953125,147,4494.115299463272,97.8,39.93359375,3,349.83046412467957,6.3,40.55859375,35,23777.00483560562,6.3,25.40625,13,23774.720452308655,5.2,4.8125,406,1771012914.5560253
2026-02-13T23:01:57,gaming_1,16.6,44.6,35283.98267022055,9893.85097266389,43657.64996933078,11937.638663488884,60.0,3798.30078125,170.207,63.0,1965.0,214.7,4123.0859375,147,4495.629282951355,99.1,39.28125,3,351.34357142448425,5.2,40.55859375,35,23778.514578580856,4.1,25.40625,13,23776.232868433,4.1,195.58203125,46,23757.77309012413
2026-02-13T23:01:59,gaming_1,15.5,44.6,32649.829618588854,9325.497567496739,130106.97032006805,9825.786821046806,52.0,3798.30078125,166.662,63.0,1965.0,232.0,4124.03125,147,4497.151530742645,97.5,39.9375,3,352.8653419017792,9.3,4.8125,406,1771012917.5691626,7.2,40.55859375,35,23780.030955791473,5.1,25.44140625,14,23777.749870300293
2026-02-13T23:02:00,gaming_1,16.5,44.6,37636.994634346695,9113.738625673863,128539.01891796893,53557.92454915372,56.0,3798.30078125,162.395,63.0,1965.0,222.0,4125.1015625,147,4498.672147274017,100.5,39.94140625,3,354.3887324333191,10.2,4.8125,406,1771012919.0984497,7.2,40.55859375,35,23781.553413629532,6.2,25.4453125,14,23779.273246765137
2026-02-13T23:02:02,gaming_1,16.1,44.6,34126.64418153182,9010.890581160573,214600.5251569661,25483.812362389723,52.0,3798.30078125,157.002,62.0,1980.0,220.7,4121.125,147,4500.1873388290405,99.2,39.28125,3,355.9008445739746,8.2,40.55859375,35,23783.076010227203,6.1,4.8125,406,1771012920.6234877,5.2,25.40625,13,23780.78910589218
2026-02-13T23:02:03,gaming_1,15.9,44.6,32678.865042164573,10268.876023142204,433258.9062335978,8123.604491879959,60.0,3798.42578125,169.685,63.0,1980.0,242.7,4115.30859375,147,4501.7001140117645,100.0,39.9375,3,357.41628861427307,6.2,4.8125,406,1771012922.1378803,5.2,20.87109375,7,7180.042695760727,4.1,25.4375,13,23782.30543088913
2026-02-13T23:02:05,gaming_1,16.2,44.6,36338.93622901,9749.21254857009,0.0,14224.933277544527,59.0,3798.42578125,179.859,64.0,1980.0,238.6,4116.2265625,147,4503.19983458519,99.0,39.9375,3,358.91543102264404,7.2,4.8125,406,1771012923.6482787,5.2,20.87109375,7,7181.535483121872,4.2,40.55859375,35,23786.099219083786
2026-02-13T23:02:06,gaming_1,16.4,44.6,35113.77094637648,9409.13995539198,175280.6697318274,114685.59445344175,57.0,3798.55078125,164.632,63.0,1980.0,228.7,4118.30859375,147,4504.7367079257965,100.8,39.9375,3,360.44944429397583,6.2,25.40625,13,23785.33162879944,6.1,20.87109375,7,7183.075179576874,4.1,11.2734375,4,23774.237072229385
2026-02-13T23:02:08,gaming_1,15.9,44.6,30427.62913910158,9486.53611829987,0.0,10981.3999900517,58.0,3798.98828125,180.703,64.0,1980.0,230.3,4120.875,147,4506.242606163025,99.6,39.9375,3,361.9557936191559,10.2,4.8125,406,1771012926.6823971,6.2,25.40625,13,23786.853310585022,5.2,20.87109375,7,7184.571273088455
2026-02-13T23:02:09,gaming_1,15.9,44.6,36667.01617350365,9471.051579271494,219388.81531851288,23652.85665152717,56.0,3809.515625,166.628,62.0,1980.0,227.1,4128.734375,147,4507.742202997208,98.9,39.9375,3,363.45753145217896,6.3,40.55859375,35,23790.631722688675,6.2,20.87109375,7,7186.076491594315,5.2,25.40625,13,23788.345422506332
2026-02-13T23:02:11,gaming_1,16.6,44.7,42654.76243277065,9080.1175762448,43143.23102129915,18538.10707946448,55.0,3882.6796875,169.846,63.0,1980.0,236.5,4160.875,147,4509.3039655685425,98.1,39.97265625,3,365.01870346069336,7.0,25.44140625,14,23789.913547754288,6.0,200.08984375,277,23786.87427330017,5.1,40.55859375,35,23792.160271167755
2026-02-13T23:02:12,gaming_1,16.0,44.7,37244.69872891212,9691.449626833835,10691292.562493553,62726.827657910544,48.0,3882.6796875,169.001,62.0,1980.0,240.7,4160.828125,147,4510.807308912277,98.8,39.96875,3,366.520534992218,8.1,4.8125,406,1771012931.2468402,6.1,40.55859375,35,23793.701081752777,5.2,20.87109375,7,7189.145485639572
2026-02-13T23:02:14,gaming_1,17.5,44.8,32782.51734816575,9358.843532886667,0.0,29582.76513829859,61.0,3882.6796875,173.629,63.0,1980.0,241.2,4160.375,147,4512.3164784908295,100.2,39.96875,3,368.0328392982483,10.4,4.8125,406,1771012932.7520025,5.2,25.44140625,14,23792.9152739048,5.2,20.87109375,7,7190.655393362045
2026-02-13T23:02:15,gaming_1,16.0,44.7,31097.72681489323,8990.94076016816,0.0,14920.656607371515,52.0,3882.8671875,170.908,63.0,1980.0,260.6,4154.9296875,147,4513.851443529129,97.8,39.96875,3,369.5667040348053,8.2,20.87109375,7,7192.18810915947,5.1,25.44140625,14,23794.453103780746,2.1,4.8125,406,1771012934.262849
2026-02-13T23:02:17,gaming_1,18.6,44.8,32455.17094182271,9159.81266803036,213857.31493125673,60481.52187899605,56.0,3882.8671875,175.186,62.0,1980.0,268.1,4145.91796875,147,4515.349395275116,100.4,39.96875,3,371.0611660480499,6.1,4.8125,406,1771012935.7933247,5.1,106.42578125,37,23764.52179956436,4.2,25.40625,13,23795.951901197433
2026-02-13T23:02:18,gaming_1,17.4,44.7,37999.89594257061,9128.13769424229,219241.2343069203,10962.061715346013,55.0,3880.09765625,178.842,63.0,1980.0,246.7,4138.9296875,147,4516.881972789764,98.3,39.96875,3,372.5871238708496,6.3,4.8125,406,1771012937.291171,5.0,20.87109375,7,7195.244420051575,4.2,91.4296875,147,23799.76146173477
2026-02-13T23:02:20,gaming_1,18.6,44.7,36330.252944174055,9625.543429150766,83852.13534132988,19325.29681694712,67.0,3876.41015625,183.858,64.0,1980.0,341.1,4131.859375,147,4518.480807542801,99.5,39.96875,3,374.1888360977173,13.0,4.8125,406,1771012938.8543284,5.9,77.46484375,105,23773.800992012024,4.9,106.4296875,37,23767.603962659836
2026-02-13T23:02:22,gaming_1,21.6,44.6,29739.426488582416,8661.545696318706,0.0,14665.472626865432,58.0,3874.41015625,183.507,63.0,1980.0,335.9,4130.78125,147,4520.115923166275,97.0,39.96875,3,375.8168845176697,14.6,4.8125,406,1771012940.4595256,5.8,40.55859375,35,23802.932064771652,4.8,25.40625,13,23800.68393945694
2026-02-13T23:02:23,gaming_1,22.9,44.7,33847.22275480961,10003.323065924968,0.0,45059.88074287944,49.0,3873.91015625,180.441,62.0,1980.0,332.8,4136.359375,147,4521.709877729416,98.4,39.96875,3,377.42012000083923,15.4,4.8125,406,1771012942.0864465,5.8,20.87109375,7,7200.077606916428,4.8,106.4375,37,23770.828185796738
2026-02-13T23:02:25,gaming_1,20.3,44.7,36921.372959516186,9787.807534357027,81708.64971296379,24895.604209418652,58.0,3965.8828125,163.301,63.0,1980.0,352.3,4188.9765625,147,4523.395483255386,100.0,39.96875,3,379.0924472808838,13.6,4.8125,406,1771012943.68966,8.7,25.4453125,14,23803.911955356598,4.9,106.43359375,37,23772.43483710289
2026-02-13T23:02:26,gaming_1,22.1,44.8,37530.212614931166,10620.165006551788,14247399.627507146,71445.50863483912,61.0,3965.8828125,173.861,63.0,1980.0,208.5,4158.84375,147,4524.908820390701,100.0,39.96875,3,380.6238057613373,18.7,4.8125,406,1771012945.353736,5.7,106.4375,37,23774.085324525833,4.9,25.44921875,14,23805.519088745117
2026-02-13T23:02:28,gaming_1,15.6,44.8,31713.059613194637,9049.788432841771,0.0,79120.09000066988,55.0,3960.265625,183.66,63.0,1980.0,224.6,4158.80859375,146,4526.3975195884705,98.8,39.96484375,3,382.11113357543945,14.6,4.8125,406,1771012946.8509176,5.3,25.4453125,14,23807.002054452896,5.2,106.4375,37,23775.577445745468
2026-02-13T23:02:29,gaming_1,15.7,44.7,31429.600141775678,10187.206614238004,0.0,16129.01769623155,50.0,3956.015625,171.857,63.0,1980.0,242.7,4169.03125,146,4527.910561084747,99.2,39.96484375,3,383.62261295318604,10.5,4.8125,406,1771012948.3437366,7.3,106.453125,37,23777.072934150696,7.3,40.55859375,35,23810.79673743248
2026-02-13T23:02:31,gaming_1,18.3,44.8,34695.160973152815,10192.76555563985,42996.465206900946,43332.375091329865,56.0,3956.015625,166.343,63.0,1980.0,238.5,4170.109375,146,4529.423571586609,97.8,39.96484375,3,385.1402440071106,10.3,4.8125,406,1771012949.8673213,8.2,25.41015625,13,23810.039131879807,7.1,40.55859375,35,23812.325981378555
2026-02-13T23:02:32,gaming_1,16.5,44.7,27674.083224523394,9948.479839547495,0.0,9938.439659395897,48.0,3955.640625,170.944,62.0,1980.0,241.6,4152.60546875,146,4530.937271118164,99.1,39.96484375,3,386.65486693382263,7.3,4.8125,406,1771012951.3618495,7.3,25.4453125,14,23811.534919261932,5.2,106.44921875,37,23780.09620285034
2026-02-13T23:02:34,gaming_1,17.7,44.7,30876.812279289203,9890.193023640644,43033.04275642765,10758.260689106912,65.0,3878.75390625,181.592,64.0,1980.0,235.1,4150.65625,146,4532.438878774643,100.0,39.96484375,3,388.1568908691406,11.3,4.8125,406,1771012952.8837044,7.2,91.44140625,147,23815.354747772217,7.2,106.3984375,37,23781.611622095108
2026-02-13T23:02:35,gaming_1,17.3,44.7,30585.235831059665,9285.557758716293,0.0,84761.71332454868,49.0,3878.75390625,167.129,62.0,1980.0,248.7,4152.3203125,146,4533.953266859055,100.1,39.3125,3,389.6690876483917,7.3,4.8125,406,1771012954.3788757,7.3,106.40234375,37,23783.10690522194,5.2,25.4453125,14,23814.54135608673
2026-02-13T23:02:37,gaming_1,17.2,44.7,29858.43562484578,8996.071233064238,0.0,29196.429654325206,64.0,3878.75390625,175.465,64.0,1980.0,265.6,4150.171875,146,4535.465074062347,99.4,39.3125,3,391.17843198776245,12.3,4.8125,406,1771012955.9055076,5.1,91.44140625,147,23818.376521587372,5.1,106.40234375,37,23784.635704755783
2026-02-13T23:02:38,gaming_1,18.7,44.7,34700.29895072009,9265.15596349176,0.0,55472.62042393057,62.0,3878.87890625,185.194,64.0,1980.0,253.5,4143.54296875,146,4536.950874328613,98.9,39.3125,3,392.6642162799835,15.6,4.8125,406,1771012957.4073472,8.4,25.4453125,14,23817.563312768936,8.3,106.30078125,37,23786.134488344193
2026-02-13T23:02:40,gaming_1,17.5,44.7,41269.85909559882,10656.611795657504,10965.14021604299,42832.57896891793,61.0,3878.87890625,172.732,63.0,1980.0,218.0,4151.84375,146,4538.455705881119,100.7,39.3125,3,394.169282913208,12.5,4.8125,406,1771012958.9024386,9.4,106.3515625,37,23787.629008293152,7.3,41.15234375,35,23821.35336780548
2026-02-13T23:02:41,gaming_1,16.0,44.7,42821.32668638938,9275.794507755532,43999.59965693881,16843.59674367189,58.0,3884.19140625,182.302,64.0,1980.0,257.5,4153.12109375,146,4539.917738199234,98.0,39.96484375,3,395.63582825660706,12.6,4.8125,406,1771012960.3917592,11.5,106.35546875,37,23789.12007522583,7.4,41.15234375,35,23822.84114217758
2026-02-13T23:02:43,gaming_1,20.7,43.9,36756.12754080221,10074.66936326223,58468.2099041587,2251343.8433204587,49.0,3844.1171875,170.118,62.0,1980.0,246.9,4157.48046875,146,4541.569716930389,99.7,39.3125,3,397.28159952163696,47.4,2325.73828125,90,23824.450206279755,23.3,4.8125,406,1771012962.00374,6.8,106.359375,37,23790.735421657562
2026-02-13T23:02:44,gaming_1,18.0,44.0,37609.23226340514,9170.136025221354,86452.42531092666,57409.81368303723,45.0,3844.1171875,161.241,62.0,1980.0,263.9,4150.890625,146,4543.067767858505,99.8,39.96484375,3,398.7850658893585,15.5,106.37109375,37,23792.25189971924,14.4,4.8125,406,1771012963.5220213,4.2,11.2734375,4,23812.56757903099
2026-02-13T23:02:46,gaming_1,18.3,44.0,39411.58869156073,9105.62265817533,43794.66362293986,66034.14124396401,61.0,3844.2421875,175.629,64.0,1980.0,276.1,4151.55859375,146,4544.573224067688,99.6,39.96875,3,400.2918190956116,14.6,4.8125,406,1771012965.0138917,8.3,106.375,37,23793.75560116768,6.2,25.41015625,13,23825.18971800804
2026-02-13T23:02:48,gaming_1,18.9,44.0,37081.96223578954,8997.090045792882,43621.60932463434,12609.371445402112,62.0,3844.2421875,188.485,64.0,1980.0,243.8,4150.4296875,146,4546.078962087631,99.5,39.96875,3,401.79856729507446,12.6,106.375,37,23795.247620821,12.5,4.8125,406,1771012966.51835,9.4,91.42578125,147,23828.98905968666
2026-02-13T23:02:49,gaming_1,18.4,44.0,39553.54630910453,9467.294252994405,0.0,44408.02574563541,55.0,3844.2421875,179.987,63.0,1980.0,271.4,4143.25,146,4547.572595357895,99.5,39.94921875,2,403.289972782135,12.4,106.3984375,37,23796.753314733505,10.3,4.8125,406,1771012968.0270698,7.3,91.41796875,147,23830.496791362762
2026-02-13T23:02:50,gaming_1,19.1,44.0,36160.233750521045,9295.834780742121,0.0,13052.811886122887,55.0,3844.2421875,164.825,62.0,1980.0,240.6,4150.65625,146,4549.070058822632,100.2,39.94921875,2,404.78702569007874,16.8,91.42578125,147,23831.988921880722,11.5,4.8125,406,1771012969.51759,8.4,106.41015625,37,23798.245156288147
2026-02-13T23:02:52,gaming_1,17.2,44.0,37299.66677312848,10277.168293196166,131359.60887977583,11288.716388105735,53.0,3844.2421875,164.218,63.0,1980.0,242.5,4150.765625,146,4550.564664840698,100.3,39.94921875,2,406.2817280292511,11.5,106.3828125,37,23799.7436709404,10.4,91.44140625,147,23833.48744416237,9.4,4.8125,406,1771012971.0135849
2026-02-13T23:02:53,gaming_1,17.5,44.0,24809.51154605721,9720.87368336395,0.0,19875.45200366124,57.0,3844.2421875,171.213,64.0,1980.0,259.8,4150.7734375,146,4552.056115865707,97.3,39.94921875,2,407.7758345603943,18.8,91.4375,147,23834.979197740555,10.4,106.41796875,37,23801.243998765945,9.4,25.4453125,13,23832.673755645752
2026-02-13T23:02:55,gaming_1,19.0,44.0,28383.617951664906,9969.034186666402,0.0,16479.38280564428,55.0,3844.2421875,171.271,63.0,1980.0,244.6,4152.6875,146,4553.537861824036,100.3,39.94921875,2,409.25559854507446,15.7,91.4453125,147,23836.471421957016,13.6,4.8125,406,1771012973.9995885,12.7,106.42578125,37,23802.724891662598
2026-02-13T23:02:56,gaming_1,18.6,44.0,37504.80300650793,10724.680039142111,0.0,73014.47462854175,53.0,3844.2421875,166.205,62.0,1980.0,243.3,4157.74609375,146,4555.008410453796,97.7,39.94921875,2,410.72679233551025,21.2,91.43359375,147,23837.943037748337,14.8,106.4296875,37,23804.199603557587,10.6,4.8125,406,1771012975.4724996
2026-02-13T23:02:58,gaming_1,18.3,44.0,38708.94365466395,9116.34511496046,0.0,12879.412473548437,64.0,3845.1796875,178.103,63.0,1980.0,225.8,4158.578125,146,4556.4964418411255,99.1,39.94921875,2,412.2095229625702,32.9,91.4453125,147,23839.413601636887,14.9,106.43359375,37,23805.666197776794,13.6,328.41796875,95,23806.822637319565
2026-02-13T23:02:59,gaming_1,19.0,44.0,39736.43733729538,9513.238993481387,87527.67523189614,7863.814571615668,52.0,3845.9921875,164.732,62.0,1980.0,256.6,4156.15625,145,4557.9822952747345,100.6,39.94921875,2,413.70085763931274,36.5,91.42578125,147,23840.913205862045,16.6,106.43359375,37,23807.175562620163,13.7,328.41796875,95,23808.305694580078
2026-02-13T23:03:01,gaming_1,20.3,44.0,28774.903916369054,8274.261940424414,1045449.6875482157,72600.67274640387,50.0,3846.1484375,159.712,62.0,1980.0,277.6,4158.0859375,145,4559.484847784042,99.2,39.953125,2,415.19726490974426,35.9,91.44921875,147,23842.39601778984,22.8,328.40234375,95,23809.814191818237,19.0,106.4453125,37,23808.657457113266
2026-02-13T23:03:02,gaming_1,22.1,44.0,196954.92147467672,8717.255098532883,0.0,20762.39695244254,4.0,3805.125,105.211,55.0,1980.0,273.4,4115.76171875,144,4561.005196809769,100.3,39.953125,2,416.7241458892822,35.4,91.4375,147,23843.897962093353,17.7,4.8125,406,1771012981.4262137,15.7,106.45703125,37,23810.152864694595
2026-02-13T23:03:04,gaming_1,21.5,44.2,26942.32375307195,7544.455063516491,82522.47467956551,42228.29758993391,40.0,3838.41796875,140.278,60.0,1995.0,241.3,4225.25,145,4562.540105342865,99.6,39.953125,2,418.2610077857971,38.4,4.8125,406,1771012983.014509,21.6,91.4453125,147,23845.48714709282,21.5,328.41796875,95,23812.86100077629
2026-02-13T23:03:06,gaming_1,19.4,44.2,23976.13050001004,7546.253052012414,314143.2559089654,63459.7425441102,47.0,3838.73046875,150.761,60.0,1980.0,268.3,4158.40234375,145,4564.061068534851,100.3,39.953125,2,419.74266052246094,34.3,91.4375,147,23846.94596886635,12.9,328.40234375,95,23814.434777259827,11.8,106.484375,37,23813.196369171143
2026-02-13T23:03:07,gaming_1,21.5,44.0,27218.97122102092,7581.295879039209,0.0,18672.485893999197,54.0,3838.10546875,160.676,61.0,1980.0,271.7,4160.39453125,145,4565.6013996601105,100.3,39.96875,3,421.3153405189514,34.4,4.8125,406,1771012986.0645292,31.5,91.43359375,147,23848.534573554993,23.1,328.421875,95,23815.923691272736
2026-02-13T23:03:08,gaming_1,20.6,44.0,75334.53696947524,11435.597629503967,44495.83365476293,9733.46361197939,49.0,3838.10546875,158.082,61.0,1980.0,219.4,4159.5078125,145,4567.067962169647,100.0,39.96875,3,422.7842814922333,29.7,91.44140625,147,23850.007932662964,19.1,106.4765625,37,23816.264466047287,11.7,328.421875,95,23817.388078689575
2026-02-13T23:03:10,gaming_1,19.0,44.0,29243.699780282626,8665.63186701995,0.0,10803.621788810042,54.0,3837.60546875,162.696,62.0,1980.0,236.3,4152.89453125,145,4568.562732934952,99.3,39.96875,3,424.2786147594452,25.6,91.4453125,147,23851.47511434555,21.2,106.4765625,37,23817.740914344788,11.5,328.421875,95,23818.887102603912
2026-02-13T23:03:11,gaming_1,18.1,44.0,27708.592463033423,8878.081034162522,0.0,27708.592463033423,49.0,3837.35546875,144.821,60.0,1980.0,216.5,4151.72265625,145,4570.035601854324,99.6,39.96875,3,425.7535183429718,32.2,91.42578125,147,23852.97865319252,23.0,106.4765625,37,23819.234990358353,12.5,4.8125,406,1771012990.503979
2026-02-13T23:03:13,gaming_1,18.4,44.0,29600.72863705639,8572.21837601679,0.0,23724.193559570795,57.0,3837.35546875,161.379,61.0,1980.0,240.8,4152.2109375,145,4571.526996850967,100.5,39.96875,3,427.24606370925903,24.5,91.4453125,147,23854.443288564682,17.1,106.4765625,37,23820.699711084366,10.6,4.8125,406,1771012991.9719048
2026-02-13T23:03:14,gaming_1,20.3,44.0,26469.34714992653,10548.84106008081,88207.8274594521,19295.46225675515,53.0,3837.35546875,152.348,61.0,1980.0,274.0,4154.96484375,145,4572.97555065155,99.2,39.96875,3,428.6946470737457,30.6,91.41796875,147,23855.92663550377,23.2,106.4765625,37,23822.178351163864,9.5,4.8125,406,1771012993.456741
2026-02-13T23:03:16,gaming_1,20.1,44.0,27875.815279883318,8983.776807917879,0.0,62402.381539743765,52.0,3837.35546875,158.846,61.0,1980.0,231.7,4154.7421875,145,4574.431810379028,98.8,39.96875,3,430.1493766307831,26.0,91.44921875,147,23857.369937181473,25.8,106.4765625,37,23823.632097244263,6.5,4.8125,406,1771012994.9006286
2026-02-13T23:03:17,gaming_1,19.1,44.0,29157.726674531787,9097.413955248692,44996.83931857949,69604.48582092766,51.0,3837.35546875,155.423,61.0,1980.0,246.2,4154.1015625,145,4575.891798257828,99.5,39.96484375,3,431.6096622943878,27.9,91.43359375,147,23858.82478451729,23.7,106.484375,37,23825.08137488365,8.6,328.40234375,95,23826.214262247086
2026-02-13T23:03:19,gaming_1,20.8,44.0,32019.212109437383,10219.217745770262,0.0,11209.93998036288,49.0,3837.35546875,158.127,61.0,1980.0,253.4,4154.63671875,145,4577.3471348285675,100.0,39.96484375,3,433.06279611587524,27.8,106.4921875,37,23826.54304099083,25.6,91.4453125,147,23860.288324594498,7.5,25.41015625,13,23857.96443939209
2026-02-13T23:03:20,gaming_1,19.0,44.0,30569.485828550103,9260.378082478135,0.0,32366.31662811086,54.0,3837.35546875,164.621,62.0,1980.0,222.3,4155.25390625,145,4578.80902671814,97.3,39.96484375,3,434.52450919151306,28.9,106.48828125,37,23828.00377225876,25.7,91.44921875,147,23861.747419834137,8.6,41.1171875,33,23861.726814985275
2026-02-13T23:03:22,gaming_1,18.5,44.1,28050.52011806466,8907.292208067753,45209.75078593,55805.78612638235,55.0,3837.35546875,167.186,62.0,1980.0,219.6,4153.73828125,145,4580.253346443176,99.2,39.96875,3,435.97334456443787,29.2,106.48828125,37,23829.44929432869,24.9,91.44921875,147,23863.19349837303,9.7,328.13671875,95,23830.57925081253
2026-02-13T23:03:23,gaming_1,17.6,44.1,27790.70806884281,12620.97349866784,0.0,32143.732667274937,51.0,3836.98046875,167.512,62.0,1980.0,212.0,4154.62890625,145,4581.742172241211,98.8,39.96875,3,437.4606170654297,33.6,328.13671875,95,23832.06624531746,24.5,91.4375,147,23864.660359859467,21.2,106.48828125,37,23830.923560142517
2026-02-13T23:03:25,gaming_1,19.3,44.1,28004.311554397573,10909.231704078995,0.0,14134.464382917311,48.0,3836.98046875,159.059,61.0,1980.0,239.5,4156.0078125,145,4583.222497701645,100.4,39.96875,3,438.938613653183,44.3,328.13671875,95,23833.54716539383,25.2,91.4296875,147,23866.145749092102,9.5,106.48828125,37,23832.40216231346
2026-02-13T23:03:26,gaming_1,21.2,44.1,32440.930303001882,10734.749040417471,0.0,16726.500461213185,51.0,3836.98046875,155.694,61.0,1980.0,333.0,4163.1796875,145,4584.804084539413,96.3,39.96875,3,440.5134072303772,28.4,328.12890625,95,23835.140519857407,27.1,91.44140625,147,23867.647540569305,6.0,25.41015625,13,23865.38424229622
2026-02-13T23:03:28,gaming_1,24.6,44.1,41581.94076430342,10191.953226356914,0.0,11872.854625513799,51.0,3836.98046875,170.376,61.0,1980.0,333.4,4162.9140625,145,4586.411552429199,98.6,39.96875,3,442.11463022232056,31.3,91.4453125,147,23869.247455120087,8.8,4.8125,406,1771013006.7720628,3.9,25.41015625,13,23866.988835334778
2026-02-13T23:03:29,gaming_1,21.5,44.1,33804.07122398311,13823.779470207195,0.0,10161.005062354181,52.0,3836.69921875,160.238,62.0,1980.0,335.0,4162.65234375,145,4588.039579153061,99.5,39.96875,3,443.74687600135803,8.6,25.4453125,14,23868.621656179428,6.8,41.1171875,33,23870.86059641838,2.9,4.8125,406,1771013008.3858845
2026-02-13T23:03:31,gaming_1,22.7,44.1,34318.72702971628,9008.45084647364,40257.608910637326,63217.02649248518,53.0,3836.69921875,165.943,62.0,1980.0,342.0,4163.92578125,145,4589.679570913315,99.9,39.31640625,3,445.3890211582184,5.8,4.8125,406,1771013010.0125184,2.9,41.1171875,33,23872.495539665222,2.9,25.41015625,13,23870.255866527557
2026-02-13T23:03:33,gaming_1,22.1,44.1,31239.308229032224,9049.404375630884,40136.827636799244,57069.55179607392,58.0,3836.69921875,162.277,62.0,1980.0,288.0,4164.41796875,145,4591.231100320816,98.2,39.96875,3,446.948832988739,11.5,4.8125,406,1771013011.6464515,5.9,25.4453125,14,23871.83713388443,5.1,59.4140625,22,23830.868323802948
2026-02-13T23:03:34,gaming_1,17.2,44.1,32330.994683913483,9991.737915277236,0.0,40294.87217030741,46.0,3836.69921875,160.581,61.0,1980.0,236.5,4160.00390625,145,4592.717733621597,100.9,39.96875,3,448.4356505870819,6.3,25.41015625,13,23873.325779914856,2.1,41.1171875,33,23875.615916013718,2.0,4.8125,406,1771013013.1678252
2026-02-13T23:03:36,gaming_1,15.9,44.1,35173.336984933914,9093.151301561564,0.0,13189.91662738998,57.0,3836.82421875,160.558,62.0,1980.0,239.3,4165.3671875,145,4594.180469512939,98.2,39.96875,3,449.8990104198456,6.4,4.8125,406,1771013014.6427531,5.3,25.41015625,13,23874.798298597336,3.2,91.4375,147,23877.113173484802
2026-02-13T23:03:37,gaming_1,17.0,44.1,26636.96353495867,10258.417395662424,0.0,11479.317856620459,46.0,3836.98046875,167.036,61.0,1980.0,252.6,4162.52734375,145,4595.652663230896,98.8,39.96875,3,451.36948013305664,6.4,4.8125,406,1771013016.113875,5.3,25.41015625,13,23876.267827272415,4.3,41.1171875,33,23878.557304143906
2026-02-13T23:03:39,gaming_1,16.9,44.1,27256.879647663893,9650.179132706136,178163.00856145628,26794.046209437758,62.0,3837.29296875,171.847,63.0,1980.0,245.5,4162.55859375,145,4597.116659402847,99.3,39.31640625,3,452.8323383331299,5.3,4.8125,406,1771013017.5861151,5.3,91.4140625,147,23880.055479049683,5.3,25.41015625,13,23877.732256412506
2026-02-13T23:03:40,gaming_1,17.5,44.1,28824.711136053043,9693.826227480813,44635.32604821068,8020.410149287856,46.0,3837.26171875,162.188,61.0,1980.0,252.6,4164.76171875,145,4598.619409561157,98.1,39.96875,3,454.3300940990448,9.6,4.8125,406,1771013019.0553493,4.2,25.41015625,13,23879.222115516663,3.2,41.1171875,33,23881.50502562523
2026-02-13T23:03:42,gaming_1,17.3,44.1,27738.829314741437,9759.314905873107,0.0,74593.9664818142,47.0,3837.26171875,148.447,61.0,1980.0,253.2,4169.5703125,145,4600.11519742012,99.1,39.96875,3,455.82839035987854,5.2,4.8125,406,1771013020.5545173,5.2,25.44921875,14,23880.718173503876,3.1,91.42578125,147,23883.026620149612
2026-02-13T23:03:43,gaming_1,18.1,44.1,39577.326751654975,9249.911961418307,176336.9152217323,7232.568788391364,56.0,3837.26171875,162.333,62.0,1980.0,254.4,4171.6328125,145,4601.61133646965,100.1,39.96875,3,457.3266427516937,11.6,4.8125,406,1771013022.0391033,8.4,25.41015625,13,23882.213113069534,3.2,7.35546875,15,23885.64049386978
2026-02-13T23:03:45,gaming_1,16.3,44.1,35263.54150125485,10617.473288209496,43551.77626688975,10207.447562552285,57.0,3837.26171875,165.462,62.0,1980.0,260.7,4168.234375,145,4603.097981452942,98.8,39.31640625,3,458.8131790161133,5.2,4.8125,406,1771013023.5423453,5.2,25.41015625,13,23883.704560756683,3.1,91.19921875,44,23859.6371986866
2026-02-13T23:03:46,gaming_1,16.9,44.1,29693.101265701316,9438.871069912646,0.0,19920.17022899054,67.0,3837.26171875,165.821,62.0,1980.0,254.1,4169.93359375,145,4604.592103004456,99.3,39.96875,3,460.3076195716858,6.3,4.8125,406,1771013025.0332987,6.3,25.44921875,14,23885.20444893837,3.1,108.78125,33,23839.496293067932
2026-02-13T23:03:47,gaming_1,18.0,44.1,33950.4103528769,9065.222731238953,0.0,4797.660701234556,69.0,3837.26171875,190.574,64.0,1980.0,270.0,4168.84765625,145,4606.055995225906,100.1,39.96875,3,461.77406454086304,6.4,25.44921875,14,23886.67033481598,4.2,4.8125,406,1771013026.5273662,4.2,40.51953125,33,23888.974346399307
2026-02-13T23:03:49,gaming_1,16.5,44.1,30277.59255818822,9906.411230751115,0.0,16857.773328274438,62.0,3837.41796875,181.548,63.0,1980.0,235.9,4168.78515625,145,4607.526285409927,100.8,39.96875,3,463.2460706233978,5.3,40.51953125,33,23890.43705034256,5.3,25.4453125,14,23888.14351463318,3.2,4.8125,406,1771013027.9858298
2026-02-13T23:03:50,gaming_1,16.5,44.1,28795.545019909656,8935.335862193613,44318.94127485966,61284.78598164187,64.0,3837.41796875,182.18,64.0,1980.0,225.3,4158.94921875,145,4608.996453046799,99.1,39.96875,3,464.712349653244,8.5,40.51953125,33,23891.90984725952,5.3,4.8125,406,1771013029.4634151,5.3,25.4453125,14,23889.612228631973
2026-02-13T23:03:52,gaming_1,16.7,44.1,27676.417268742243,9185.11225649044,0.0,64431.15107270787,53.0,3837.41796875,171.999,62.0,1980.0,235.6,4159.1953125,145,4610.474613666534,100.1,39.96875,3,466.19448161125183,5.3,4.8125,406,1771013030.9327793,5.3,25.44921875,14,23891.087826013565,4.2,40.51953125,33,23893.38674211502
2026-02-13T23:03:53,gaming_1,15.3,44.1,28091.16604340787,9169.848190461646,11093.464723659721,49573.92048385438,58.0,3837.41796875,169.969,63.0,1980.0,242.2,4160.84765625,145,4611.958299875259,97.1,39.96875,3,467.674640417099,5.3,4.8125,406,1771013032.4097717,5.3,25.44921875,14,23892.572607278824,2.1,223.3203125,73,23892.5673995018
2026-02-13T23:03:55,gaming_1,15.8,44.1,25358.93570325776,9565.722680087125,88626.45105848445,13501.685903440992,59.0,3837.41796875,178.603,64.0,1980.0,249.6,4157.3203125,145,4613.429442405701,98.6,39.96875,3,469.1480882167816,6.4,25.44921875,14,23894.045076608658,4.2,20.8515625,6,7291.76183795929,3.2,4.8125,406,1771013033.8895106
2026-02-13T23:03:56,gaming_1,17.0,44.1,25339.59651255179,9787.760157481001,0.0,106056.29430754986,62.0,3837.41796875,185.544,64.0,1980.0,241.7,4153.93359375,145,4614.91015791893,99.1,39.96875,3,470.6296474933624,7.4,4.8125,406,1771013035.3661342,4.2,40.51953125,33,23897.814936876297,3.2,77.45703125,105,23870.215522527695
2026-02-13T23:03:58,gaming_1,16.0,44.1,24540.625929731053,10468.602143126436,0.0,6955.520759513022,62.0,3837.41796875,179.033,64.0,1980.0,241.5,4153.56640625,145,4616.39192032814,99.6,39.96875,3,472.1043996810913,4.2,40.51953125,33,23899.289612531662,4.2,25.41015625,13,23897.001465559006,4.2,201.01171875,277,23893.96154475212
2026-02-13T23:03:59,gaming_1,15.6,44.1,24183.43607368284,10087.111747611723,43974.51975596899,10650.07900339874,63.0,3837.41796875,188.199,65.0,1980.0,217.7,4153.015625,145,4617.877553462982,99.8,39.96875,3,473.59115862846375,5.2,40.51953125,33,23900.777943134308,4.2,4.8125,406,1771013038.3315458,4.2,25.41015625,13,23898.48436355591
2026-02-13T23:04:01,gaming_1,15.0,44.1,19669.409167934322,9059.214220792288,44289.79210547135,11418.462027191832,60.0,3837.41796875,185.446,64.0,1980.0,207.0,4148.890625,145,4619.365008831024,98.4,39.96875,3,475.084379196167,8.4,25.45703125,14,23899.974526405334,5.3,4.8125,406,1771013039.808885,3.2,20.8515625,6,7297.689901351929
2026-02-13T23:04:02,gaming_1,14.9,44.1,26247.32011683199,9621.147934595636,0.0,59569.60711972201,58.0,3837.41796875,180.119,64.0,1980.0,198.1,4149.3828125,145,4620.871097326279,99.8,39.96875,3,476.58783888816833,4.2,4.8125,406,1771013041.2959177,4.2,106.57421875,37,23870.020963430405,4.2,11.2734375,4,23890.37076807022
2026-02-13T23:04:04,gaming_1,16.7,44.1,24007.21207632592,9538.281342740536,43379.65344051657,10506.009817625107,59.0,3837.41796875,181.545,65.0,1980.0,219.2,4148.9921875,145,4622.3543972969055,98.9,39.96875,3,478.0730652809143,16.5,4.8125,406,1771013042.8067694,5.3,25.41015625,13,23902.9625749588,3.1,40.51953125,33,23905.253151893616
2026-02-13T23:04:05,gaming_1,15.2,44.0,24699.950365629244,9744.875984083807,0.0,42759.1876755486,57.0,3837.41796875,177.191,65.0,1980.0,208.4,4148.73046875,144,4623.830857753754,100.6,39.3203125,3,479.54834055900574,4.2,4.8125,406,1771013044.2919133,3.2,25.41015625,13,23904.444262504578,2.1,106.609375,37,23873.01484966278
2026-02-13T23:04:07,gaming_1,15.5,44.0,23039.28476899707,9698.713508682622,0.0,144690.6484304356,58.0,3837.41796875,181.214,65.0,1980.0,228.5,4149.15625,144,4625.314812660217,99.9,39.97265625,3,481.0334093570709,8.5,4.8125,406,1771013045.764432,6.3,25.41015625,14,23905.923676013947,2.1,91.4375,147,23908.235204696655
2026-02-13T23:04:08,gaming_1,15.2,44.0,22776.83102317592,8873.696688844799,0.0,22742.507281717364,57.0,3837.41796875,183.103,64.0,1980.0,216.9,4149.1953125,143,4626.806171655655,99.7,39.97265625,3,482.5228703022003,3.2,4.8125,406,1771013047.2483559,3.1,25.4453125,14,23907.411603212357,2.1,106.609375,37,23875.977657318115
2026-02-13T23:04:10,gaming_1,15.1,44.0,23925.0113387714,9413.723973637696,0.0,67996.12978635519,60.0,3837.41796875,181.035,64.0,1980.0,167.7,4147.28515625,143,4628.287668466568,100.1,39.97265625,3,484.0063302516937,8.4,4.8125,406,1771013048.7401943,5.2,25.41015625,13,23908.90046596527,4.2,91.4375,147,23911.213798046112
2026-02-13T23:04:11,gaming_1,14.8,44.0,23898.258115831806,9081.960645955902,0.0,166651.71091579256,60.0,3837.41796875,183.343,65.0,1980.0,188.9,4143.54296875,143,4629.7764682769775,97.6,39.97265625,3,485.4949789047241,14.8,4.8125,406,1771013050.219428,6.3,106.609375,37,23878.95197415352,4.2,25.41015625,13,23910.384627103806
2026-02-13T23:04:13,gaming_1,14.7,44.0,23228.149516711565,8946.311144755475,0.0,9252.173656400066,61.0,3837.41796875,182.976,64.0,1980.0,184.3,4144.2734375,143,4631.243558168411,100.3,39.97265625,3,486.959050655365,9.4,4.8125,406,1771013051.7119036,4.2,40.51953125,33,23914.16108226776,4.2,25.41015625,13,23911.860958337784
2026-02-13T23:04:14,gaming_1,15.0,44.0,24844.620599541973,9571.98333420834,0.0,21708.440305859083,61.0,3837.41796875,184.673,65.0,1980.0,219.2,4144.64453125,144,4632.739980220795,99.2,39.32421875,3,488.4561779499054,9.6,4.8125,406,1771013053.175745,8.4,25.41015625,14,23913.348965168,7.4,106.5625,37,23881.9102332592
2026-02-13T23:04:16,gaming_1,15.8,44.0,24684.401810237825,8903.594283589468,304589.2382390183,19376.77073618755,59.0,3837.41796875,180.732,65.0,1980.0,230.8,4144.62890625,144,4634.236523866653,99.4,39.984375,3,489.94953441619873,6.2,4.8125,406,1771013054.681069,5.2,25.4453125,14,23914.845358371735,3.1,106.59375,37,23883.413663625717
2026-02-13T23:04:17,gaming_1,16.0,44.1,27378.603258434945,8915.873800358058,0.0,9914.093775759487,52.0,3837.41796875,179.016,63.0,1980.0,236.1,4144.1875,144,4635.718668937683,98.8,39.98828125,3,491.43545150756836,8.3,4.8125,406,1771013056.1793425,4.2,106.59375,37,23884.907743692398,4.2,40.51953125,33,23918.626975774765
2026-02-13T23:04:19,gaming_1,17.8,44.0,30799.79236267816,8804.496111782413,44464.16407349713,18758.319218506604,52.0,3837.41796875,164.609,64.0,1980.0,245.8,4156.1484375,144,4637.187369346619,99.9,39.98828125,3,492.90583992004395,7.4,40.51953125,33,23920.09773492813,6.4,106.59375,37,23886.37472629547,5.3,4.8125,406,1771013057.6521556
2026-02-13T23:04:20,gaming_1,17.4,44.1,49137.08280254985,9429.74143759605,44810.92994375279,14703.586387793885,52.0,3837.41796875,171.755,64.0,1980.0,258.6,4158.0859375,144,4638.667512655258,98.6,39.98828125,3,494.3795690536499,7.4,25.41015625,13,23919.276887893677,5.3,4.8125,406,1771013059.1149147,4.2,106.59375,37,23887.846695423126
2026-02-13T23:04:22,gaming_1,17.1,44.1,35920.33126149099,8788.05208333834,44041.73597412721,48514.7247839995,51.0,3837.41796875,167.895,63.0,1980.0,250.0,4159.44921875,144,4640.167502641678,99.8,39.3359375,3,495.88333082199097,8.4,106.59765625,37,23889.338200330734,7.3,25.4453125,14,23920.777681350708,5.3,4.8125,406,1771013060.6031284
2026-02-13T23:04:23,gaming_1,16.6,44.1,41992.3125536375,9031.066309062004,0.0,65918.46914508696,61.0,3837.41796875,167.278,64.0,1980.0,231.1,4159.34765625,144,4641.63429069519,100.0,39.3359375,3,497.3518064022064,6.3,106.65625,37,23890.827925682068,5.2,4.8125,406,1771013062.09427,3.2,25.44921875,14,23922.254017829895
2026-02-13T23:04:25,gaming_1,16.3,44.1,41538.860540733265,10651.059347859506,0.0,16991.846427514898,59.0,3837.41796875,173.874,65.0,1980.0,233.2,4159.66796875,144,4643.115075349808,99.3,39.98828125,3,498.8305039405823,6.4,106.65625,37,23892.298753738403,5.3,4.8125,406,1771013063.5703902,5.3,25.44921875,14,23923.72691655159
2026-02-13T23:04:26,gaming_1,16.8,44.1,31693.323575947317,9566.783952103871,0.0,67079.49499830385,55.0,3837.41796875,171.186,64.0,1980.0,259.5,4160.03125,144,4644.602437019348,100.0,39.98828125,3,500.31495809555054,8.5,4.8125,406,1771013065.0449088,8.4,25.44921875,14,23925.208252429962,7.4,91.19921875,44,23901.13674545288
2026-02-13T23:04:27,gaming_1,17.4,44.0,43654.08883284437,9420.089320344221,43993.08584750794,12029.359411427951,65.0,3837.41796875,177.58,65.0,1965.0,268.2,4146.3828125,144,4646.081829786301,98.8,39.98828125,3,501.8017382621765,9.4,106.65625,37,23895.272309541702,5.2,25.41015625,13,23926.701380729675,3.2,20.84765625,6,7324.409714221954
2026-02-13T23:04:29,gaming_1,17.2,44.0,41825.38817747474,10084.152829138427,16578.242018122015,17959.76218629885,52.0,3837.41796875,165.712,63.0,1965.0,259.5,4142.1171875,144,4647.569245815277,99.9,39.99609375,3,503.28809332847595,8.5,106.66796875,37,23896.748095989227,6.3,25.41015625,13,23928.185573339462,3.2,4.8125,406,1771013068.0150967
2026-02-13T23:04:30,gaming_1,18.3,44.0,38385.51423930865,9021.471033547878,131853.50705945445,19915.3734621051,58.0,3839.66796875,173.016,63.0,1965.0,251.7,4143.48046875,144,4649.052263498306,100.1,39.9921875,3,504.7702581882477,11.5,106.66796875,37,23898.24088215828,5.3,25.41015625,13,23929.6626868248,5.2,91.42578125,147,23931.983808755875
2026-02-13T23:04:32,gaming_1,16.2,44.0,39409.73731870697,9089.047543194223,221319.69227568424,15215.728843953291,52.0,3839.66796875,166.545,63.0,1965.0,293.4,4146.19140625,144,4650.560098171234,100.1,39.9921875,3,506.26883912086487,8.4,40.51953125,33,23933.440215826035,7.4,106.671875,37,23899.718353509903,4.2,4.8125,406,1771013070.9879904
2026-02-13T23:04:34,gaming_1,20.8,44.0,36159.07725359326,9217.96767496517,0.0,10704.315145412811,55.0,3839.98046875,170.832,64.0,1965.0,361.4,4145.76171875,144,4652.168142557144,100.1,39.33984375,3,507.87730956077576,17.1,106.67578125,37,23901.268555879593,5.8,25.4453125,14,23932.749885559082,4.1,4.8125,406,1771013072.5240035
2026-02-13T23:04:35,gaming_1,22.3,44.0,25252.165313854293,9988.40282270277,121891.86904387972,16506.190599692047,57.0,3839.98046875,179.548,64.0,1965.0,370.0,4146.7578125,144,4653.756206035614,100.3,39.9921875,3,509.46556973457336,11.6,4.8125,406,1771013074.1312554,9.7,106.6796875,37,23902.873108625412,4.9,25.41015625,13,23934.335587263107
2026-02-13T23:04:37,gaming_1,22.5,44.0,25150.706255021123,9055.215554199165,0.0,68647.10973005966,59.0,3839.98046875,192.685,65.0,1965.0,355.4,4146.44921875,144,4655.321037769318,99.5,39.9921875,3,511.03548765182495,13.9,106.6796875,37,23904.45194220543,11.9,91.4296875,147,23938.18874025345,5.9,25.41015625,13,23935.912200450897
2026-02-13T23:04:38,gaming_1,21.6,44.0,25647.586587783164,9342.754177124038,0.0,70647.06731744292,51.0,3839.98046875,177.27,64.0,1965.0,336.4,4148.07421875,144,4656.932883024216,100.2,39.99609375,3,512.6427528858185,13.9,91.43359375,147,23939.761875629425,8.9,106.68359375,37,23906.026163578033,4.0,4.8125,406,1771013077.2858472
2026-02-13T23:04:40,gaming_1,21.4,44.1,40939.30477993965,10739.966854645718,81715.26879736017,9576.008062190645,65.0,3839.98046875,182.279,65.0,1965.0,287.0,4152.6640625,144,4658.408394813538,100.0,39.99609375,3,514.1271624565125,13.8,106.46484375,37,23907.60897374153,13.7,91.43359375,147,23941.35750889778,5.0,41.11328125,33,23941.32758831978
2026-02-13T23:04:41,gaming_1,17.9,44.0,35539.147203882625,9141.09037626892,45366.94425590003,20202.467363955482,60.0,3839.98046875,175.962,64.0,1965.0,266.7,4152.1171875,144,4659.873126029968,98.4,39.99609375,3,515.5886888504028,14.0,91.4453125,147,23942.807896852493,7.6,4.8125,406,1771013080.3347912,7.5,106.46484375,37,23909.06687283516
2026-02-13T23:04:43,gaming_1,19.3,44.0,29737.36747631004,9330.034658557845,0.0,6593.242565629138,59.0,3839.98046875,180.615,65.0,1965.0,255.0,4152.3828125,144,4661.362072467804,100.6,39.99609375,3,517.079160451889,18.1,91.44140625,147,23944.27655529976,16.0,106.46484375,37,23910.531448841095,7.4,4.8125,406,1771013081.8073099
2026-02-13T23:04:44,gaming_1,19.2,44.0,30542.588169564377,9577.512435472234,0.0,10687.919382395788,59.0,3839.98046875,181.512,65.0,1965.0,264.3,4152.2734375,144,4662.840430259705,99.3,39.99609375,3,518.5586094856262,16.8,91.4453125,147,23945.764352798462,12.6,106.46484375,37,23912.021782159805,9.5,4.8125,406,1771013083.2937124
2026-02-13T23:04:46,gaming_1,19.1,44.0,27822.471223707904,9262.206131805018,0.0,14200.425877800975,61.0,3839.98046875,181.595,65.0,1965.0,251.4,4152.0546875,144,4664.306945800781,99.0,39.99609375,3,520.0268380641937,21.1,91.4140625,147,23947.244627714157,19.0,106.46484375,37,23913.498669862747,6.4,25.4453125,14,23944.922639131546
2026-02-13T23:04:47,gaming_1,18.1,44.0,26655.57652769395,9850.380094165237,0.0,57343.08900075337,55.0,3839.98046875,182.075,65.0,1965.0,269.3,4152.30078125,144,4665.786171197891,100.6,39.99609375,3,521.5029420852661,27.8,91.43359375,147,23948.708496570587,16.0,106.46484375,37,23914.96636247635,13.7,328.41015625,95,23916.109627962112
2026-02-13T23:04:49,gaming_1,19.8,44.0,27389.906091939218,9765.40004046356,0.0,10638.782994182005,57.0,3839.98046875,175.077,65.0,1965.0,267.5,4144.1796875,144,4667.28713965416,100.5,39.99609375,3,522.9959814548492,37.5,91.42578125,147,23950.204926490784,16.7,106.484375,37,23916.460233211517,12.5,328.41015625,95,23917.609780073166
2026-02-13T23:04:50,gaming_1,21.4,44.0,27147.66141844557,9752.630477323284,0.0,11632.32554636819,57.0,3839.85546875,178.471,65.0,1965.0,259.7,4142.7890625,144,4668.787564992905,98.4,39.984375,3,524.5038979053497,42.9,91.4375,147,23951.69948887825,26.1,328.3984375,95,23919.105890989304,18.8,106.48828125,37,23917.956788778305
2026-02-13T23:04:52,gaming_1,21.9,44.0,25184.7693447205,9382.915741930497,0.0,26407.200900190455,56.0,3839.85546875,178.21,65.0,1965.0,258.1,4142.921875,144,4670.280726194382,99.8,39.34375,3,525.9917998313904,46.0,91.44140625,147,23953.19326710701,15.7,106.48828125,37,23919.452744483948,15.6,328.41015625,95,23920.605944395065
2026-02-13T23:04:53,gaming_1,19.2,44.0,27074.341934982593,9421.381153825352,131566.08465738298,41457.02146756078,59.0,3839.85546875,178.25,65.0,1965.0,248.5,4143.171875,144,4671.764346122742,98.7,39.99609375,3,527.4800827503204,40.8,91.4453125,147,23954.687791347504,22.2,328.3828125,95,23922.085351228714,13.6,106.48828125,37,23920.94567298889
2026-02-13T23:04:55,gaming_1,20.1,44.0,25301.128359111433,9580.780459032498,0.0,65409.40902071799,58.0,3839.73046875,177.773,64.0,1965.0,237.6,4143.7890625,144,4673.2313821315765,98.1,39.9921875,3,528.9457080364227,36.9,91.42578125,147,23956.168135404587,19.0,106.46484375,37,23922.42591071129,16.0,328.3828125,95,23923.550049304962
2026-02-13T23:04:56,gaming_1,18.4,44.0,26561.326018104995,10155.480016633011,0.0,73017.37590673019,64.0,3839.73046875,181.539,65.0,1965.0,241.7,4143.51953125,144,4674.710978031158,100.1,39.99609375,3,530.4282057285309,29.9,91.42578125,147,23957.629539966583,18.2,106.46875,37,23923.8846449852,14.8,328.12890625,95,23925.032029390335
2026-02-13T23:04:58,gaming_1,20.2,44.0,26543.153447514313,9041.795046223899,132643.5786037896,6563.093733000006,57.0,3839.73046875,177.81,64.0,1965.0,255.0,4141.28125,144,4676.193830013275,99.0,39.99609375,3,531.9120447635651,33.7,91.4375,147,23959.11179637909,28.3,106.46875,37,23925.376437187195,11.5,328.12890625,95,23926.525556325912
2026-02-13T23:04:59,gaming_1,20.8,44.0,28523.540435057952,9573.424343190045,0.0,98320.63917954866,62.0,3839.73046875,179.857,65.0,1965.0,253.0,4140.73828125,144,4677.683022022247,99.7,39.99609375,3,533.4009099006653,47.3,91.4375,147,23960.599335193634,20.0,106.46875,37,23926.86141848564,8.4,328.12890625,95,23928.00479245186
2026-02-13T23:05:01,gaming_1,20.4,44.0,28550.019018349565,8793.648664333608,0.0,14503.65246800352,63.0,3839.73046875,184.974,66.0,1965.0,267.4,4141.72265625,144,4679.166589021683,100.1,39.99609375,3,534.8839039802551,29.5,91.421875,147,23962.081138134003,25.4,106.46875,37,23928.337388515472,9.5,4.8125,406,1771013099.6115847
2026-02-13T23:05:02,gaming_1,20.0,44.0,28131.78241932969,9236.888712327347,132684.02249968986,15203.377578089463,52.0,3839.73046875,172.032,64.0,1965.0,266.4,4148.76171875,144,4680.633018016815,100.1,39.9765625,2,536.3510210514069,30.6,91.4453125,147,23963.562039852142,17.9,106.46875,37,23929.817260742188,7.4,4.8125,406,1771013101.091943
2026-02-13T23:05:04,gaming_1,20.0,44.0,34765.429254511015,8947.77803034711,44427.727933694085,10759.840358941536,59.0,3839.73046875,170.7,64.0,1965.0,254.5,4154.00390625,144,4682.106539011002,100.8,39.9765625,2,537.8236606121063,27.5,106.46875,37,23931.29450082779,26.4,91.44140625,147,23965.039216279984,8.5,4.8125,406,1771013102.5677722
2026-02-13T23:05:05,gaming_1,19.9,44.0,35053.552737862374,9294.959335812237,0.0,16647.20307804413,52.0,3839.73046875,163.557,63.0,1965.0,258.7,4155.1484375,144,4683.5926423072815,99.9,39.32421875,2,539.3094201087952,24.3,91.43359375,147,23966.516297101974,24.3,106.46875,37,23932.774750709534,7.4,4.8125,406,1771013104.0441616
2026-02-13T23:05:06,gaming_1,19.1,44.0,34044.876445840455,9036.569575228252,144195.16234394786,98094.30515225299,52.0,3839.73046875,163.523,63.0,1965.0,242.4,4151.03125,144,4685.0817811489105,99.6,39.9921875,3,540.7987651824951,26.5,106.47265625,37,23934.251525640488,25.4,91.4375,147,23967.995769023895,7.3,328.12890625,95,23935.401654481888
2026-02-13T23:05:08,gaming_1,19.2,44.0,32026.118387909723,9889.819349832003,0.0,32851.55103621969,57.0,3839.73046875,160.124,63.0,1965.0,241.4,4148.81640625,144,4686.570067882538,98.6,39.99609375,3,542.288183927536,27.2,91.44140625,147,23969.489062309265,27.2,106.46875,37,23935.74783015251,5.3,25.44921875,14,23967.17589187622
2026-02-13T23:05:09,gaming_1,20.2,44.0,31187.992630792338,10318.41547237657,132637.0074660355,78062.40543573962,52.0,3839.73046875,163.786,63.0,1965.0,269.6,4143.12109375,145,4688.0593411922455,98.9,39.34765625,3,543.773344039917,35.8,106.46875,37,23937.231704950333,27.4,91.44140625,147,23970.974994659424,13.7,328.39453125,95,23938.37892150879
2026-02-13T23:05:11,gaming_1,21.0,44.0,38626.4466828654,9172.222036205427,43710.7870393222,77859.83941379267,53.0,3839.73046875,167.062,63.0,1965.0,269.6,4137.15625,145,4689.549265861511,99.6,39.99609375,3,545.2638337612152,33.5,328.41015625,95,23939.870972394943,26.1,91.4375,147,23972.469435214996,25.0,106.47265625,37,23938.73039340973
2026-02-13T23:05:12,gaming_1,21.0,44.0,36132.21187834029,9114.225059901557,44238.62046553906,20736.853343221435,61.0,3841.48046875,170.907,65.0,1965.0,219.5,4137.4609375,145,4691.029901027679,100.2,39.99609375,3,546.7458870410919,45.5,328.41015625,95,23941.348578691483,28.4,91.4453125,147,23973.954487085342,11.6,106.47265625,37,23940.212302207947
2026-02-13T23:05:14,gaming_1,19.6,44.0,33214.67229473036,8997.407704544778,0.0,10423.90876013032,55.0,3841.10546875,165.589,64.0,1965.0,212.6,4138.578125,145,4692.499878168106,99.8,39.34765625,3,548.2173779010773,32.9,328.41015625,95,23942.82132792473,28.6,91.43359375,147,23975.429984807968,5.3,25.41015625,13,23973.115621089935
2026-02-13T23:05:15,gaming_1,20.2,44.0,32511.582983152453,9259.358357565254,0.0,14545.492155824619,59.0,3841.19921875,175.278,64.0,1965.0,239.2,4139.046875,145,4693.9822363853455,100.2,39.99609375,3,549.6990900039673,32.9,91.4375,147,23976.90289926529,7.4,4.8125,406,1771013114.4331698,7.4,25.41015625,13,23974.589441537857
2026-02-13T23:05:17,gaming_1,17.9,44.0,37054.07080152019,8806.575915608666,44348.22185379818,81767.0340429404,64.0,3841.19921875,173.261,66.0,1965.0,234.6,4139.78515625,145,4695.454511880875,97.8,39.99609375,3,551.1694407463074,6.4,41.11328125,33,23978.358125686646,4.2,4.8125,406,1771013115.9110346,4.2,91.4453125,147,23978.382719755173
2026-02-13T23:05:18,gaming_1,18.0,44.0,32671.89986699992,9626.135309390078,0.0,10788.44934547658,62.0,3841.19921875,189.92,65.0,1965.0,221.5,4145.6875,145,4696.928640842438,98.6,39.99609375,3,552.642813205719,4.3,25.41015625,13,23977.53312778473,4.2,4.8125,406,1771013117.3817618,3.2,41.11328125,33,23979.83034324646
2026-02-13T23:05:20,gaming_1,17.3,44.0,47915.25378222291,9859.68751492908,0.0,12180.173739661459,62.0,3841.32421875,185.271,66.0,1965.0,223.7,4146.53515625,145,4698.409307718277,100.2,39.99609375,3,554.1241240501404,3.2,41.11328125,33,23981.305698156357,2.1,4.8125,406,1771013118.8531733,2.1,25.4453125,14,23979.01916885376
2026-02-13T23:05:21,gaming_1,16.0,44.0,39483.8780008125,9085.02458897232,838959.3041971899,21042.97596876175,70.0,3841.32421875,179.623,66.0,1965.0,237.1,4138.88671875,145,4699.898533582687,98.7,39.99609375,3,555.6132574081421,6.3,4.8125,406,1771013120.3367398,5.3,25.44921875,14,23980.50775551796,4.2,41.11328125,33,23982.788531541824
2026-02-13T23:05:23,gaming_1,17.1,44.0,37506.05805715118,9641.141781588716,43905.348328691405,13720.421352716065,51.0,3841.32421875,172.815,64.0,1965.0,230.6,4139.03125,145,4701.375572919846,99.5,39.99609375,3,557.089747428894,7.3,91.4296875,147,23984.305740118027,6.3,4.8125,406,1771013121.8313627,6.3,25.4453125,13,23981.98532128334
2026-02-13T23:05:24,gaming_1,15.7,44.0,34729.52176720135,9950.007308971173,44389.63097350135,56527.42069281812,47.0,3841.32421875,158.245,63.0,1965.0,239.1,4138.71875,145,4702.8588078022,99.2,39.99609375,3,558.5707712173462,5.3,25.41015625,13,23983.47153353691,3.2,89.09375,56,23982.05779528618,2.1,4.8125,406,1771013123.3067687
2026-02-13T23:05:26,gaming_1,16.9,44.0,32681.391537412484,9546.720778628453,44222.07329291732,29711.705493678823,52.0,3841.32421875,164.895,63.0,1965.0,240.2,4139.94140625,145,4704.335906505585,98.0,39.99609375,3,560.0536501407623,3.2,4.8125,406,1771013124.788514,3.2,25.41015625,13,23984.95233154297,2.1,201.69921875,277,23981.91024494171
2026-02-13T23:05:27,gaming_1,15.6,44.0,34540.03371441318,9061.859459272631,0.0,103088.55080316073,55.0,3841.32421875,164.39,63.0,1965.0,240.7,4141.03515625,145,4705.835629463196,100.3,39.99609375,3,561.5487475395203,5.3,41.11328125,33,23988.730612039566,4.2,25.44921875,14,23986.44925904274,2.1,4.8125,406,1771013126.2791004
2026-02-13T23:05:29,gaming_1,17.5,44.0,42558.895319381874,9001.87835669086,306898.75890967937,10618.149024776852,59.0,3841.32421875,177.975,65.0,1965.0,253.7,4144.203125,145,4707.325977802277,97.7,39.99609375,3,563.0363388061523,7.3,41.11328125,33,23990.230805397034,6.3,25.44921875,14,23987.93493103981,4.2,4.8125,406,1771013127.77291
2026-02-13T23:05:30,gaming_1,17.3,44.0,34023.33311003802,9402.328917220844,88399.83185122807,11740.602667741228,59.0,3841.32421875,178.097,65.0,1965.0,237.8,4143.3359375,145,4708.811068058014,98.7,39.34765625,3,564.5239465236664,7.4,41.11328125,33,23991.70844912529,5.3,4.8125,406,1771013129.2559474,5.3,25.41015625,13,23989.42163848877
2026-02-13T23:05:32,gaming_1,15.7,44.0,33327.559444899955,10727.375693814707,0.0,45617.50197513202,54.0,3841.32421875,164.004,63.0,1965.0,226.1,4142.98046875,145,4710.28285741806,99.5,39.99609375,3,566.0010986328125,5.3,4.8125,406,1771013130.7377846,4.2,25.41015625,13,23990.89446902275,3.2,41.11328125,33,23993.1836874485
2026-02-13T23:05:33,gaming_1,15.4,44.0,30377.869846511847,8310.518217262683,0.0,7966.191495847404,54.0,3841.32421875,158.172,63.0,1965.0,223.5,4143.58203125,145,4711.758131980896,99.6,39.99609375,3,567.4745976924896,4.2,41.11328125,33,23994.660561561584,3.2,25.41015625,13,23992.36868739128,2.1,4.8125,406,1771013132.2137258
2026-02-13T23:05:35,gaming_1,14.7,44.0,95143.78887030347,8100.52769379717,44376.50948262905,17681.265496985012,41.0,3847.7578125,138.54,60.0,1980.0,248.9,4203.34375,146,4713.2206745147705,98.0,39.99609375,3,568.9414205551147,4.2,25.41015625,13,23993.849920511246,3.2,127.0546875,32,23986.774139642715,2.2,20.89453125,8,7391.538581132889
2026-02-13T23:05:36,gaming_1,16.4,44.2,111154.81525632384,7895.012039689064,1531191.1660826989,15832.629244880847,48.0,3880.89453125,144.467,62.0,1980.0,268.4,4218.92578125,146,4714.716866016388,98.5,39.99609375,3,570.432804107666,5.4,4.8125,406,1771013135.1480246,5.3,25.41015625,13,23995.320956230164,3.2,91.4453125,147,23997.61935734749
2026-02-13T23:05:38,gaming_1,18.2,44.2,26223.801114652702,8195.063252259419,11045626.349107848,10615.526315176814,62.0,3861.734375,166.696,64.0,1980.0,263.4,4144.94140625,146,4716.21807551384,100.0,39.99609375,3,571.9321234226227,7.3,4.8125,406,1771013136.6472337,5.2,25.4453125,14,23996.82583451271,4.2,91.4453125,147,23999.120239019394
2026-02-13T23:05:39,gaming_1,17.9,44.1,25024.841208530284,8283.13472150151,0.0,59094.58325077916,51.0,3861.734375,157.293,63.0,1980.0,297.5,4141.22265625,146,4717.7830419540405,99.0,39.99609375,3,573.4948012828827,9.3,4.8125,406,1771013138.1592655,9.2,25.44921875,14,23998.36088657379,8.2,41.11328125,33,24000.614394664764
2026-02-13T23:05:41,gaming_1,19.8,44.1,29618.919051044373,9110.121688328649,203504.30668972197,4769.632188040358,51.0,3842.35546875,158.248,62.0,1980.0,340.8,4141.12109375,146,4719.419678688049,100.7,39.99609375,3,575.1245772838593,7.8,4.8125,406,1771013139.7699318,6.7,25.41015625,13,23999.99801135063,2.9,41.11328125,33,24002.241411447525
2026-02-13T23:05:43,gaming_1,20.8,44.0,25809.459327194276,8141.045781422194,40112.14016474588,103414.11136223546,51.0,3842.35546875,161.689,62.0,1980.0,354.9,4144.609375,146,4721.062470197678,99.0,39.34765625,3,576.7661855220795,4.8,4.8125,406,1771013141.401651,4.8,25.41015625,13,24001.635990858078,2.9,201.83203125,276,23998.620396137238
2026-02-13T23:05:44,gaming_1,20.8,44.0,26429.391020144605,8249.448614933985,0.0,90748.22783841736,54.0,3842.35546875,164.406,63.0,1980.0,360.4,4142.0625,146,4722.696731805801,100.1,39.99609375,3,578.4043040275574,10.5,4.8125,406,1771013143.0357993,7.7,25.41015625,14,24003.269682884216,3.8,7.3359375,14,24006.643485069275
2026-02-13T23:05:46,gaming_1,22.1,44.0,27810.402539139333,9594.32716827138,79773.38560008034,10594.902775010669,52.0,3842.35546875,159.71,63.0,1980.0,351.2,4142.01171875,146,4724.303097724915,98.9,39.99609375,3,580.0152962207794,7.6,4.8125,406,1771013144.6787899,6.7,25.4453125,14,24004.888204336166,2.9,41.11328125,33,24007.148722171783
2026-02-13T23:05:47,gaming_1,19.5,44.0,29188.62794993293,9022.718300561846,41895.48438044645,17347.34900127861,51.0,3842.35546875,160.907,62.0,1980.0,232.6,4141.171875,146,4725.8075313568115,98.6,39.99609375,3,581.5212607383728,5.0,4.8125,406,1771013146.2411692,3.1,25.44921875,14,24006.423355817795,3.1,20.89453125,8,7404.140935897827
2026-02-13T23:05:49,gaming_1,16.8,44.1,26264.740587129843,9141.237672808968,0.0,10517.558850512789,62.0,3842.35546875,169.238,64.0,1980.0,230.8,4140.5390625,146,4727.303438901901,100.0,39.99609375,3,583.0210814476013,6.3,25.41015625,13,24007.915810585022,6.2,4.8125,406,1771013147.7504845,6.2,41.11328125,33,24010.207389593124
2026-02-13T23:05:50,gaming_1,15.8,44.0,28485.205497873118,9542.293238806575,0.0,9238.228288624,55.0,3842.35546875,173.552,63.0,1980.0,233.4,4137.9609375,146,4728.796321630478,100.5,40.0,3,584.5133235454559,6.3,41.11328125,33,24011.697361707687,4.2,4.8125,406,1771013149.248707,3.1,25.41015625,13,24009.40717816353
2026-02-13T23:05:52,gaming_1,16.1,44.0,29317.652459400662,9058.010270578985,0.0,116561.4417737139,54.0,3842.35546875,167.175,63.0,1980.0,220.9,4137.94140625,146,4730.303294658661,98.1,40.0,3,586.0267744064331,7.4,41.11328125,33,24013.18513393402,5.2,4.8125,406,1771013150.735877,3.1,25.41015625,13,24010.915914297104
2026-02-13T23:05:53,gaming_1,15.9,44.1,31333.408276572824,8967.091569092505,0.0,23246.333586710694,50.0,3842.35546875,161.539,62.0,1980.0,232.0,4138.4140625,146,4731.771714448929,99.9,40.0,3,587.4968340396881,5.3,25.41015625,13,24012.39293193817,5.2,41.11328125,33,24014.680737495422,3.2,77.453125,105,23987.08369421959
2026-02-13T23:05:55,gaming_1,16.4,44.0,22844.88009728572,9714.120425641184,44391.92498534416,10404.357418440037,53.0,3842.23046875,161.407,63.0,1980.0,222.2,4138.8984375,146,4733.248028993607,99.3,40.0,3,588.9752280712128,9.5,106.46875,37,23982.43816113472,5.3,4.8125,406,1771013153.7090156,5.3,25.41015625,13,24013.87184906006
2026-02-13T23:05:56,gaming_1,15.0,44.0,20502.7097269135,11243.726235479604,0.0,33170.37584336435,52.0,3842.23046875,158.435,62.0,1980.0,209.9,4138.9921875,146,4734.751564502716,99.9,39.34765625,3,590.47696352005,10.5,4.8125,406,1771013155.1908813,5.2,25.41015625,14,24015.364711284637,3.2,41.11328125,33,24017.642194509506
2026-02-13T23:05:58,gaming_1,15.4,44.0,21477.069576185004,9721.50266966498,21917.86153017628,71233.0499730729,50.0,3842.07421875,161.655,62.0,1980.0,240.2,4139.921875,146,4736.234798669815,99.9,40.0,3,591.9624373912811,6.3,4.8125,406,1771013156.6868231,6.3,106.484375,37,23985.415875196457,5.2,25.4453125,14,24016.85214281082
2026-02-13T23:05:59,gaming_1,17.5,44.0,21710.16977391442,8857.460502913882,0.0,24299.026805669415,52.0,3842.07421875,153.09,62.0,1980.0,244.1,4144.89453125,146,4737.739347934723,99.4,40.0,3,593.4561157226562,9.4,41.11328125,33,24020.638521909714,6.3,4.8125,406,1771013158.1832004,4.2,91.4453125,147,24020.6545317173
2026-02-13T23:06:01,gaming_1,16.3,44.0,34571.21724507151,10392.964243465085,0.0,55807.18208098199,57.0,3842.07421875,167.398,64.0,1980.0,231.6,4147.91796875,146,4739.236752271652,98.8,40.0,3,594.9589331150055,6.3,91.44921875,147,24022.15251684189,5.2,4.8125,406,1771013159.6815639,5.2,106.48828125,37,23988.40983605385
2026-02-13T23:06:02,gaming_1,17.9,44.1,29604.180058272414,9137.456935068041,0.0,75546.32627466708,57.0,3842.07421875,167.594,63.0,1980.0,240.8,4147.61328125,146,4740.722524404526,99.8,39.34765625,3,596.4459290504456,8.4,25.4453125,14,24021.333010673523,5.3,106.48828125,37,23989.88943362236,4.2,4.8125,406,1771013161.1677666
2026-02-13T23:06:04,gaming_1,17.3,44.1,31374.63209338819,9163.01763207889,0.0,13342.60454148263,54.0,3842.07421875,162.561,63.0,1980.0,248.3,4148.8828125,146,4742.219806432724,97.8,40.0,3,597.9470610618591,9.4,4.8125,406,1771013162.666183,7.3,25.41015625,13,24022.839536190033,7.2,106.67578125,37,23991.397990703583
2026-02-13T23:06:05,gaming_1,17.2,44.1,31385.212170315186,10135.536224266598,88095.82254556176,16517.96672729283,54.0,3842.07421875,166.193,63.0,1980.0,252.5,4148.87109375,146,4743.69876742363,100.4,40.0,3,599.425778388977,8.5,106.73046875,37,23992.876484394073,4.3,25.41015625,13,24024.30896115303,4.2,4.8125,406,1771013164.1528695
2026-02-13T23:06:07,gaming_1,16.6,44.1,30136.935692757103,8816.0153209002,0.0,32076.364752806898,57.0,3842.07421875,168.125,63.0,1980.0,253.2,4147.98828125,146,4745.1862535476685,99.9,40.015625,4,600.9111151695251,9.4,106.7578125,37,23994.370459794998,8.4,25.44921875,14,24025.80555987358,7.4,4.8125,406,1771013165.6377695
2026-02-13T23:06:08,gaming_1,17.9,44.1,31490.909143094013,8737.985056688298,0.0,48240.238966286,54.0,3842.19921875,164.164,63.0,1980.0,238.6,4141.3046875,146,4746.659562587738,99.8,39.36328125,4,602.3826620578766,11.6,106.4296875,37,23995.847420454025,6.4,4.8125,406,1771013167.1149275,5.3,91.421875,147,24029.58499288559
2026-02-13T23:06:10,gaming_1,17.3,44.1,33488.027420120874,9169.268465975205,88539.43983883173,10029.858419242659,56.0,3842.19921875,165.388,63.0,1980.0,238.7,4145.53515625,146,4748.139029502869,100.2,40.015625,4,603.8645813465118,7.4,41.11328125,33,24031.04094171524,6.3,4.8125,406,1771013168.5927818,5.3,106.4375,37,23997.321086406708
2026-02-13T23:06:11,gaming_1,17.4,44.1,41332.48516912242,9089.20481920008,0.0,66245.67513011322,60.0,3842.19921875,164.201,63.0,1980.0,252.8,4149.65625,146,4749.659291505814,98.8,40.015625,4,605.3826968669891,7.2,41.11328125,33,24032.554686784744,6.2,106.44140625,37,23998.8317258358,5.2,4.8125,406,1771013170.0865812
2026-02-13T23:06:13,gaming_1,17.5,44.1,32511.462481309256,13147.443006443124,0.0,48852.669991887844,54.0,3842.19921875,169.555,63.0,1980.0,234.1,4150.234375,146,4751.214749097824,100.3,39.3671875,4,606.9399871826172,22.9,164.14453125,23,23925.270614862442,14.4,106.38671875,37,24000.34853577614,5.2,4.8125,406,1771013171.594476
2026-02-13T23:06:14,gaming_1,18.2,44.1,37150.443851276264,9767.498515659518,0.0,116643.30646062389,51.0,3842.19921875,166.36,63.0,1980.0,264.7,4149.77734375,146,4752.714060783386,98.0,40.01953125,4,608.4382576942444,15.2,106.38671875,37,24001.891151428223,8.3,25.41015625,13,24033.326566934586,7.0,4.8125,406,1771013173.1614301
2026-02-13T23:06:16,gaming_1,17.5,44.1,38222.73537499133,14495.072841063364,0.0,13941.197153834974,61.0,3842.19921875,170.502,63.0,1980.0,261.7,4158.1640625,146,4754.254736185074,99.6,40.01953125,4,609.9756813049316,15.4,162.8984375,23,23928.303757190704,7.2,106.39453125,37,24003.405139684677,6.2,4.8125,406,1771013174.6704805
2026-02-13T23:06:17,gaming_1,19.3,44.1,42897.640233193786,9002.73817809211,0.0,137528.84420760963,56.0,3842.19921875,175.568,64.0,1980.0,258.7,4157.80078125,146,4755.740401506424,99.8,40.01953125,4,611.4630780220032,11.3,106.39453125,37,24004.91974210739,7.2,4.8125,406,1771013176.1887605,5.3,25.41015625,13,24036.353395700455
2026-02-13T23:06:19,gaming_1,17.2,44.1,36284.64092895163,8841.374527517859,0.0,112490.18078084583,50.0,3842.19921875,171.173,62.0,1980.0,297.9,4158.203125,146,4757.30863237381,100.8,40.0234375,4,613.0296185016632,8.4,106.39453125,37,24006.41306900978,7.2,25.41015625,13,24037.883459568024,6.3,91.44140625,147,24040.153931856155
2026-02-13T23:06:20,gaming_1,19.9,44.1,34590.461851207285,11917.812591035125,41489.81492515686,18475.933208858914,55.0,3842.19921875,160.355,63.0,1980.0,255.7,4160.609375,146,4758.8123898506165,98.4,40.0234375,4,614.5375928878784,13.9,106.3984375,37,24007.986081123352,6.0,91.4296875,147,24041.729518175125,5.1,25.41015625,14,24039.42827486992
2026-02-13T23:06:22,gaming_1,17.8,44.1,32110.680025382808,9436.99647804798,0.0,78376.52198708866,51.0,3842.19921875,168.283,63.0,1980.0,261.2,4160.40625,146,4760.325492858887,99.2,40.0234375,4,616.0492205619812,11.4,106.3984375,37,24009.494050502777,7.3,4.8125,406,1771013180.7612946,6.2,91.44921875,147,24043.235558748245
2026-02-13T23:06:23,gaming_1,17.5,44.1,35460.46736212216,9348.073038763283,43372.411657939156,28801.99211660022,51.0,3842.19921875,169.512,63.0,1980.0,242.0,4159.4375,146,4761.836518764496,99.3,40.0234375,4,617.5597026348114,14.5,106.3984375,37,24011.00163578987,6.2,4.8125,406,1771013182.2742362,5.2,25.44921875,14,24042.445257663727
2026-02-13T23:06:25,gaming_1,17.9,44.1,37604.88729038758,9871.944637920444,42831.36469981822,18069.48198273581,53.0,3842.19921875,173.221,63.0,1980.0,264.2,4147.515625,146,4763.374140501022,98.5,40.0234375,4,619.0981080532074,15.3,106.4140625,37,24012.53248000145,10.2,91.421875,147,24046.27296423912,10.2,25.4453125,14,24043.983045339584
2026-02-13T23:06:26,gaming_1,18.0,44.1,35254.106249975564,14259.056183711047,0.0,12425.186768363481,62.0,3842.19921875,177.4,64.0,1980.0,277.6,4147.6328125,146,4764.888382434845,100.0,40.0234375,4,620.6133069992065,13.3,106.41796875,37,24014.057775497437,6.2,25.41015625,13,24045.50126028061,3.1,4.8125,406,1771013185.325813
2026-02-13T23:06:28,gaming_1,19.7,44.1,23755.662092950613,9296.6461481884,43497.18012191583,30923.776492924535,57.0,3842.19921875,180.513,64.0,1980.0,261.7,4147.11328125,146,4766.38127207756,97.6,40.0234375,4,622.1017043590546,14.5,106.41015625,37,24015.566356658936,9.3,4.8125,406,1771013186.8333166,8.3,91.4140625,147,24049.306456804276
2026-02-13T23:06:29,gaming_1,18.2,44.1,29189.764723565957,9734.39284035284,0.0,16482.874358861194,62.0,3842.19921875,179.446,65.0,1980.0,270.3,4147.37890625,146,4767.883850574493,100.7,40.0234375,4,623.6062316894531,17.8,91.4296875,147,24050.795724391937,14.7,106.41015625,37,24017.057158470154,8.3,25.41015625,13,24048.495323181152
2026-02-13T23:06:31,gaming_1,20.3,44.1,28348.92377852717,9379.57842991569,0.0,8826.590418424832,51.0,3842.19921875,174.867,63.0,1980.0,268.6,4148.0703125,146,4769.390777587891,98.3,40.0234375,4,625.1167171001434,29.0,91.4296875,147,24052.301788330078,10.4,4.8125,406,1771013189.8334997,10.4,106.41015625,37,24018.565766572952
2026-02-13T23:06:32,gaming_1,19.6,44.1,31309.325201212443,9200.623357463246,43699.960309806585,67598.37610423207,53.0,3842.19921875,168.553,64.0,1980.0,241.1,4149.9453125,146,4770.894379615784,99.8,39.3671875,4,626.6198134422302,30.2,91.4296875,147,24053.803108930588,19.8,106.41015625,37,24020.063672065735,15.5,328.12890625,95,24021.231719255447
2026-02-13T23:06:34,gaming_1,19.9,44.1,32382.298782636357,9092.277646545543,86402.01665250616,72564.19367300322,63.0,3842.19921875,183.171,65.0,1980.0,282.6,4149.5,146,4772.409568309784,99.1,40.0234375,4,628.133707523346,33.9,91.41796875,147,24055.322196006775,20.5,106.41015625,37,24021.586455583572,9.4,328.12890625,95,24022.733632802963
2026-02-13T23:06:35,gaming_1,20.6,44.1,27050.308359434068,9580.206368568555,43715.945172713335,25273.280802974896,59.0,3842.19921875,185.033,65.0,1980.0,266.3,4149.28125,146,4773.899786710739,99.6,40.0234375,4,629.6236670017242,38.6,91.4375,147,24056.81906104088,13.5,328.12890625,95,24024.24009370804,12.5,106.41015625,37,24023.082447767258
2026-02-13T23:06:37,gaming_1,19.7,44.1,27315.486736449646,9215.723340914567,0.0,52279.15878295919,60.0,3842.19921875,183.413,66.0,1980.0,242.7,4148.5546875,146,4775.399791240692,100.0,40.0234375,4,631.1241128444672,39.7,91.421875,147,24058.315737962723,21.1,328.12890625,95,24025.723353624344,16.7,106.41015625,37,24024.57862472534
2026-02-13T23:06:38,gaming_1,20.1,44.1,27122.481345301523,8733.687299956799,0.0,26457.421862109793,59.0,3842.19921875,185.346,65.0,1980.0,251.7,4148.83203125,146,4776.877245187759,97.3,39.3671875,4,632.6021974086761,37.8,91.4296875,147,24059.804469823837,20.9,328.125,95,24027.22185921669,14.7,106.41015625,37,24026.067121505737
2026-02-13T23:06:40,gaming_1,20.0,44.1,27307.340907820133,10077.725052915368,0.0,10604.89637604407,55.0,3842.19921875,172.058,65.0,1980.0,241.9,4153.6796875,146,4778.395495891571,98.7,40.0234375,4,634.1213941574097,30.2,91.4296875,147,24061.30253791809,19.8,106.41015625,37,24027.565546751022,19.8,328.125,95,24028.719351053238
2026-02-13T23:06:41,gaming_1,19.7,44.1,34644.20647077684,9134.187468164539,0.0,19789.07354305203,55.0,3882.75390625,172.899,64.0,1980.0,262.0,4167.85546875,146,4779.928412914276,98.9,40.0234375,4,635.6540868282318,34.3,91.44921875,147,24062.80420589447,16.3,328.390625,95,24030.25395679474,15.6,106.41015625,37,24029.06716799736
2026-02-13T23:06:43,gaming_1,20.8,44.1,33300.75047962326,8823.36375861412,7210705.345705205,30308.15477909717,52.0,3950.00390625,169.647,64.0,1980.0,264.2,4179.65625,146,4781.483748674393,98.5,40.0234375,4,637.2081778049469,30.0,91.421875,147,24064.3705368042,22.7,106.421875,37,24030.650378465652,15.1,328.40234375,95,24031.810319662094
2026-02-13T23:06:44,gaming_1,20.1,44.1,41765.293454609935,9168.658359151344,213394.8413329578,10669.74206664789,54.0,3950.00390625,170.67,64.0,1980.0,262.6,4173.43359375,146,4783.060235500336,100.2,39.3671875,4,638.7828521728516,28.4,91.4375,147,24065.91081380844,16.1,106.42578125,37,24032.199870586395,8.1,4.8125,406,1771013203.4234266
2026-02-13T23:06:46,gaming_1,21.0,44.1,37810.438305148506,10277.12185207212,109806.46086924234,150003.46886601855,63.0,3947.921875,185.336,66.0,1980.0,259.4,4172.8828125,146,4784.596701383591,97.9,40.0234375,4,640.3152606487274,30.2,91.41015625,147,24067.463540792465,25.6,106.40234375,37,24033.726389169693,11.1,328.40625,95,24034.925193309784
2026-02-13T23:06:48,gaming_1,22.1,44.2,32836.96074685451,10062.764921105369,41746.74696901699,74687.53949925696,56.0,3946.046875,177.321,64.0,1980.0,377.5,4173.04296875,146,4786.214676856995,98.4,40.0234375,4,641.9347574710846,28.8,91.4453125,147,24069.03603243828,19.8,106.40234375,37,24035.30843782425,11.9,4.8125,406,1771013206.560107
2026-02-13T23:06:49,gaming_1,24.3,44.1,31639.109239714904,9463.39776060218,0.0,102536.77966699509,54.0,3945.171875,167.778,64.0,1980.0,358.8,4162.48828125,146,4787.834534883499,99.7,40.0234375,4,643.5483455657959,26.1,91.43359375,147,24070.649791002274,17.4,106.40234375,37,24036.923812389374,5.8,41.11328125,33,24070.65034365654
2026-02-13T23:06:51,gaming_1,22.9,44.1,32770.7568584283,9473.413823758,0.0,52433.21097348527,48.0,3866.08984375,161.406,63.0,1980.0,362.2,4155.51953125,146,4789.452433109283,99.5,40.0234375,4,645.1666297912598,27.1,91.4453125,147,24072.265703201294,21.3,106.40234375,37,24038.53452730179,7.7,4.8125,406,1771013209.7937434
2026-02-13T23:06:53,gaming_1,24.7,44.1,35835.89993988282,9303.497918835232,40157.678957306576,13176.73840786622,50.0,3866.21484375,163.263,64.0,1980.0,366.6,4154.2890625,146,4791.097638368607,100.8,40.0234375,4,646.8095183372498,28.4,106.40625,37,24040.181941747665,26.7,91.42578125,147,24073.90543460846,7.7,328.40625,95,24041.419931173325
2026-02-13T23:06:54,gaming_1,23.4,44.1,35231.59979369107,9501.239487528625,0.0,19304.105625454984,60.0,3866.21484375,176.844,65.0,1980.0,276.4,4154.98046875,146,4792.618018627167,100.0,40.0234375,4,648.3410224914551,29.4,106.40625,37,24041.775675535202,24.2,91.4375,147,24075.51804471016,11.4,328.40625,95,24042.930975914
2026-02-13T23:06:56,gaming_1,20.8,44.1,37423.456323691265,9537.492730361166,0.0,13236.353547390307,55.0,3866.21484375,171.386,64.0,1980.0,248.7,4154.2421875,146,4794.132400751114,97.9,40.0234375,4,649.8578200340271,34.2,106.41796875,37,24043.284061908722,24.9,91.44140625,147,24077.02488231659,9.3,4.8125,406,1771013214.552498
2026-02-13T23:06:57,gaming_1,19.9,44.1,31770.08847619223,10265.961811955356,303195.1659794079,85612.02789373907,51.0,3866.21484375,164.406,64.0,1980.0,270.7,4158.90625,146,4795.6277005672455,99.5,40.0234375,4,651.3501524925232,28.9,106.43359375,37,24044.795886278152,27.9,91.4375,147,24078.535026073456,13.4,4.8125,406,1771013216.0645747
2026-02-13T23:06:59,gaming_1,21.6,44.1,39939.60744546941,9179.544334020895,0.0,23523.49791326637,51.0,3866.21484375,170.232,64.0,1980.0,269.0,4162.01171875,146,4797.143489122391,99.0,40.0234375,4,652.8660318851471,40.2,328.40625,95,24047.464664936066,26.0,91.4375,147,24080.040248155594,21.8,106.44140625,37,24046.2997276783
2026-02-13T23:07:00,gaming_1,21.4,44.1,32428.610530236885,9599.174603703508,129611.60088489385,16876.51053188722,51.0,3866.33984375,176.031,64.0,1980.0,248.2,4165.66015625,146,4798.6732523441315,99.2,39.3671875,4,654.3965711593628,39.9,328.44921875,95,24048.98921942711,25.8,91.42578125,147,24081.55529689789,16.5,106.4375,37,24047.813289642334
2026-02-13T23:07:02,gaming_1,21.5,44.1,38361.081212142555,9370.545129629432,1080263.2381357206,18229.442143540284,59.0,3866.33984375,179.392,65.0,1980.0,224.8,4166.05078125,146,4800.176236629486,100.0,40.0234375,4,655.8947911262512,27.8,91.4375,147,24083.073099136353,23.8,328.3984375,95,24050.49764084816,7.2,4.8125,406,1771013220.5985289
2026-02-13T23:07:03,gaming_1,20.2,44.1,27733.257082862543,9001.914144403827,217709.58940425466,24152.1575745345,58.0,3866.33984375,180.267,65.0,1980.0,227.8,4165.42578125,146,4801.676148891449,99.6,40.0234375,4,657.4006280899048,33.2,91.43359375,147,24084.579997062683,14.5,4.8125,406,1771013222.1066973,5.2,202.83984375,277,24079.256152153015
2026-02-13T23:07:05,gaming_1,18.0,44.1,29869.316037620523,9092.572184803003,0.0,32388.33475421589,64.0,3866.33984375,182.894,66.0,1980.0,206.7,4165.765625,146,4803.173052549362,99.3,40.0234375,4,658.8960058689117,7.3,91.44140625,147,24086.077820301056,6.2,4.8125,406,1771013223.6072857,5.2,25.41015625,13,24083.772251605988
2026-02-13T23:07:06,gaming_1,17.6,44.1,39127.50264898373,9567.125373283345,0.0,73530.49894079051,59.0,3866.33984375,180.88,65.0,1980.0,250.1,4161.1953125,146,4804.666196107864,98.5,40.0234375,4,660.3872170448303,7.3,4.8125,406,1771013225.0995886,6.3,25.4453125,14,24085.26760172844,2.1,41.11328125,33,24087.548461675644
2026-02-13T23:07:08,gaming_1,17.5,44.1,33934.46497106085,8999.813352613925,174603.83892152342,71273.8326847625,55.0,3866.33984375,168.164,64.0,1980.0,235.4,4161.1484375,146,4806.172894954681,99.4,40.0234375,4,661.8962421417236,5.2,25.41015625,13,24086.772099018097,4.2,4.8125,406,1771013226.597572,4.2,91.43359375,147,24089.068210601807
2026-02-13T23:07:09,gaming_1,16.8,44.1,33463.31593649095,8799.071040715336,0.0,15044.434760567327,56.0,3866.33984375,175.69,65.0,1980.0,246.6,4155.18359375,146,4807.675066232681,100.0,40.0234375,4,663.3955109119415,5.2,4.8125,406,1771013228.0971217,5.2,41.11328125,33,24090.556134700775,5.2,202.890625,277,24085.249329328537
2026-02-13T23:07:11,gaming_1,16.8,44.1,39945.14142561995,9449.274514722812,43341.801133599816,12867.097211537446,63.0,3866.33984375,183.406,65.0,1980.0,243.4,4154.53515625,146,4809.170351028442,100.2,40.0234375,4,664.892924785614,8.3,4.8125,406,1771013229.6084404,6.2,91.4453125,147,24092.07880806923,4.2,41.11328125,33,24092.059097766876
2026-02-13T23:07:12,gaming_1,17.8,44.1,32054.80559582085,10461.342168324718,175489.73452187335,16794.91599916366,58.0,3866.33984375,175.081,65.0,1980.0,241.7,4155.55078125,146,4810.663692712784,99.3,40.0234375,4,666.3881874084473,9.4,4.8125,406,1771013231.1016307,6.2,25.4453125,14,24091.275232315063,4.2,41.11328125,33,24093.553432941437
2026-02-13T23:07:14,gaming_1,16.7,44.1,36110.22649111541,10182.488340448363,0.0,46115.26569816366,62.0,3866.33984375,184.465,66.0,1980.0,242.1,4161.23046875,146,4812.17410826683,99.4,40.0234375,4,667.8977613449097,5.3,4.8125,406,1771013232.592397,5.2,25.41015625,13,24092.774101018906,5.2,202.9140625,277,24089.753037452698
2026-02-13T23:07:15,gaming_1,16.3,44.1,42851.30503020741,10229.893381861524,0.0,11875.344263973475,62.0,3866.33984375,187.755,66.0,1980.0,234.3,4164.17578125,146,4813.661414384842,98.9,40.0234375,4,669.3826894760132,4.2,25.41015625,13,24094.264329195023,2.1,62.046875,116,24051.11174750328,2.1,11.296875,4,24083.161891698837
2026-02-13T23:07:17,gaming_1,16.5,44.1,36281.97894965981,9153.664227747502,175471.89435602495,64773.804752517026,64.0,3866.15234375,189.898,67.0,1980.0,235.1,4169.64453125,146,4815.136877536774,99.6,39.99609375,2,670.8572480678558,6.3,25.41015625,14,24095.748630046844,5.2,4.8125,406,1771013235.594376,3.1,91.4453125,147,24098.063958883286
2026-02-13T23:07:18,gaming_1,16.5,44.1,45632.56441767293,9830.798727998797,0.0,11179.053745109126,51.0,3866.15234375,177.143,66.0,1980.0,267.7,4171.14453125,146,4816.61922621727,99.0,39.33984375,2,672.3411483764648,5.3,25.4453125,14,24097.227165460587,4.3,40.51953125,33,24099.512192249298,2.1,4.8125,406,1771013237.0582254
2026-02-13T23:07:20,gaming_1,17.7,44.1,27916.946424841135,7931.8343602612695,0.0,17504.73789850763,51.0,3866.02734375,174.825,65.0,1980.0,239.4,4170.01953125,146,4818.107195854187,99.6,39.99609375,2,673.8319828510284,5.3,25.4453125,14,24098.7141354084,5.2,4.8125,406,1771013238.5493655,5.2,40.51953125,33,24101.007301568985
2026-02-13T23:07:21,gaming_1,16.9,44.1,24690.960434011806,8353.790661270046,176547.57329151686,13103.140205229767,46.0,3866.40234375,158.986,64.0,1980.0,258.0,4171.44140625,146,4819.59711766243,100.0,39.99609375,2,675.3164701461792,5.3,4.8125,406,1771013240.0349169,5.3,25.41015625,13,24100.194749116898,3.2,40.51953125,33,24102.486889123917
2026-02-13T23:07:22,gaming_1,17.3,44.1,28132.753602757875,8131.364746939158,55293.550267224695,101947.48330519552,48.0,3866.40234375,158.035,64.0,1980.0,238.2,4166.87890625,146,4821.05980348587,100.1,39.33984375,2,676.7833607196808,5.3,4.8125,406,1771013241.516361,3.2,40.609375,33,24103.969305992126,3.2,49.7265625,10,24087.352415561676
2026-02-13T23:07:24,gaming_1,17.3,44.1,30587.969404589443,7677.697683154288,0.0,23407.015759236107,49.0,3866.02734375,161.614,63.0,1980.0,278.9,4167.171875,146,4822.555941581726,100.4,39.99609375,2,678.2780196666718,7.5,4.8125,406,1771013242.9818234,6.3,25.41015625,13,24103.156384944916,4.3,40.609375,33,24105.430358171463
2026-02-13T23:07:25,gaming_1,18.9,44.1,28980.43268563101,8188.849066783115,174468.2745255846,95071.5792824963,54.0,3866.02734375,160.873,64.0,1980.0,273.1,4159.2734375,146,4824.052193164825,98.4,39.99609375,2,679.7707061767578,7.3,25.4453125,14,24104.65724682808,6.2,4.8125,406,1771013244.4849868,3.1,195.609375,46,24086.201860904694
2026-02-13T23:07:27,gaming_1,18.0,44.1,33041.58133524285,8714.255850418826,0.0,70287.27380772764,52.0,3866.02734375,161.723,64.0,1980.0,278.1,4157.80859375,145,4825.538184165955,99.6,39.99609375,2,681.2615950107574,5.2,4.8125,406,1771013245.9769142,4.2,40.609375,33,24108.43022918701,4.2,25.4453125,14,24106.14445090294
2026-02-13T23:07:28,gaming_1,18.3,44.1,32773.97078103681,7843.650695555063,43629.391612960164,31017.770599838863,50.0,3866.02734375,167.137,64.0,1980.0,250.6,4158.0078125,145,4827.053283214569,100.1,39.99609375,2,682.7765157222748,6.2,4.8125,406,1771013247.478575,5.1,25.4453125,14,24107.66348171234,3.1,40.609375,33,24109.937670707703
2026-02-13T23:07:30,gaming_1,16.7,44.1,30493.114464007736,8071.259634534898,43318.16160911302,11506.386677420645,52.0,3866.02734375,164.379,64.0,1980.0,226.4,4157.3984375,144,4828.550969839096,99.1,39.99609375,2,684.2735531330109,6.3,25.41015625,13,24109.15885233879,6.2,4.8125,406,1771013248.9924366,5.2,40.609375,33,24111.446120262146
2026-02-13T23:07:31,gaming_1,16.8,44.1,25568.047293754153,8907.020618311273,22107.6542660827,82903.70349781013,55.0,3866.02734375,169.34,64.0,1980.0,245.4,4156.8359375,144,4830.0219168663025,97.8,39.99609375,2,685.7440950870514,5.3,25.41015625,13,24110.627730369568,2.1,4.8125,406,1771013250.4741006,2.1,40.609375,33,24112.922616958618
2026-02-13T23:07:33,gaming_1,16.5,44.1,27198.770010065575,9845.41127475107,134572.20661194788,11214.350550995656,53.0,3866.18359375,162.998,64.0,1980.0,245.3,4156.46484375,144,4831.4807686805725,100.4,39.99609375,2,687.2071433067322,4.3,4.8125,406,1771013251.9360116,4.3,25.44921875,13,24112.098403930664,3.2,90.7734375,17,24071.358719825745
2026-02-13T23:07:34,gaming_1,16.2,44.1,34817.32552133481,9909.249148200157,44443.78265647724,24999.62774426845,56.0,3866.18359375,165.106,64.0,1980.0,208.1,4162.34375,144,4832.96722984314,99.0,39.99609375,2,688.6909725666046,4.2,4.8125,406,1771013253.410664,4.2,25.41015625,13,24113.576090812683,2.1,161.91796875,23,24007.00940847397
2026-02-13T23:07:36,gaming_1,14.8,44.1,25840.47878497464,9980.54658996506,44126.36452269785,12755.277244842347,60.0,3866.18359375,182.943,65.0,1980.0,230.6,4162.1875,144,4834.451235771179,98.8,39.99609375,3,690.1796224117279,7.4,40.609375,33,24117.344423770905,3.2,4.8125,406,1771013254.896149,3.1,25.41015625,13,24115.067348241806
2026-02-13T23:07:37,gaming_1,14.9,44.1,24017.15569717871,9618.849643126028,0.0,85856.46595973191,55.0,3866.18359375,169.577,64.0,1980.0,213.6,4159.6171875,144,4835.92859172821,99.5,40.01171875,3,691.6541872024536,6.3,40.609375,33,24118.832588672638,6.3,25.41015625,13,24116.543945789337,5.3,4.8125,406,1771013256.3810065
2026-02-13T23:07:39,gaming_1,15.6,44.1,20303.331215527483,8717.615194235108,0.0,92756.29417128861,54.0,3866.18359375,166.556,64.0,1980.0,214.2,4159.87109375,144,4837.409626483917,99.4,40.01171875,3,693.1321365833282,6.4,4.8125,406,1771013257.8573725,4.2,40.609375,33,24120.303947210312,4.2,25.41015625,13,24118.015405654907
2026-02-13T23:07:40,gaming_1,15.0,44.1,25489.353185330296,9416.813813616947,44166.62921986691,99029.86395392033,52.0,3866.18359375,163.099,64.0,1980.0,226.5,4160.734375,144,4838.8929097652435,98.9,40.01171875,3,694.6181581020355,5.3,40.609375,33,24121.79044675827,4.2,25.44921875,14,24119.506375074387,2.1,195.609375,46,24101.03693962097
2026-02-13T23:07:42,gaming_1,16.6,44.1,23726.192851478452,9403.884701307064,0.0,17345.59034177252,50.0,3866.18359375,163.115,63.0,1980.0,255.2,4160.4609375,144,4840.362463474274,99.9,40.0078125,3,696.0878694057465,6.4,25.44921875,14,24120.97420811653,3.2,106.38671875,37,24089.541957855225,2.1,91.453125,147,24123.285739421844
2026-02-13T23:07:43,gaming_1,15.9,44.1,26540.70553892546,10024.911771298226,44292.63249806516,6574.687636431548,54.0,3866.18359375,165.42,64.0,1980.0,219.4,4154.1875,144,4841.851064682007,99.7,40.0078125,3,697.5768179893494,5.2,25.44921875,14,24122.464251995087,3.2,106.3984375,37,24091.023816108704,2.1,7.3359375,14,24125.88939499855
2026-02-13T23:07:45,gaming_1,15.3,44.1,24029.55127669653,9468.70308208865,44242.18773618721,11060.546934046803,51.0,3866.18359375,157.47,63.0,1980.0,239.4,4154.32421875,144,4843.325931787491,98.5,40.0078125,3,699.0515933036804,5.3,25.41015625,13,24123.939980506897,3.2,4.8125,406,1771013263.7744477,3.2,91.44140625,147,24126.24436020851
2026-02-13T23:07:46,gaming_1,16.3,44.1,25535.240216416856,9421.044251195255,0.0,85603.02774702951,57.0,3866.18359375,159.824,63.0,1980.0,256.0,4155.05859375,144,4844.809090137482,100.1,40.0078125,3,700.5343995094299,8.5,25.41015625,13,24125.415113210678,5.3,40.609375,33,24127.69761443138,4.2,4.8125,406,1771013265.2521276
2026-02-13T23:07:48,gaming_1,17.9,44.1,22892.59419308057,8750.487578805223,0.0,13489.518719492218,50.0,3866.18359375,168.017,63.0,1980.0,227.0,4154.84375,144,4846.261554956436,100.1,40.0078125,3,701.9859852790833,7.4,4.8125,406,1771013266.7317073,6.4,25.4453125,14,24126.87443804741,5.3,106.42578125,37,24095.45437502861
2026-02-13T23:07:49,gaming_1,15.9,44.1,23434.634686662437,9208.468359086964,44862.190185929474,14720.406154758108,52.0,3866.18359375,174.58,64.0,1980.0,255.5,4154.69140625,144,4847.741902351379,98.5,40.0078125,3,703.4618282318115,6.4,4.8125,406,1771013268.1927922,5.3,25.44921875,13,24128.353586435318,4.3,40.609375,33,24130.638837575912
2026-02-13T23:07:51,gaming_1,16.4,44.1,25340.148188977608,9411.13978841289,0.0,10468.938814456978,53.0,3866.18359375,164.7,63.0,1980.0,236.4,4161.79296875,144,4849.208822488785,98.8,40.0078125,3,704.9326548576355,10.6,106.43359375,37,24098.389507055283,6.4,25.44921875,14,24129.82238149643,5.3,4.8125,406,1771013269.6604455
2026-02-13T23:07:52,gaming_1,16.3,44.1,33691.23976027155,8958.364329320759,44625.67381319286,19523.732293271874,49.0,3866.05859375,160.164,63.0,1980.0,243.9,4167.81640625,144,4850.68271446228,100.9,39.35546875,3,706.4039435386658,7.4,25.44921875,14,24131.292642593384,6.4,40.609375,33,24133.578380823135,5.3,106.44140625,37,24099.858114480972
2026-02-13T23:07:54,gaming_1,16.8,44.1,33126.64245352398,8748.839876790124,0.0,19377.88620682321,48.0,3866.05859375,159.428,64.0,1980.0,346.5,4170.46484375,144,4852.252161979675,99.2,40.00390625,3,707.965770483017,5.3,4.8125,406,1771013272.6086876,5.2,106.4453125,37,24101.34678864479,4.1,25.44921875,14,24132.829928398132
2026-02-13T23:07:55,gaming_1,21.8,44.1,25631.94756936261,9218.881132826771,0.0,134712.43536307887,57.0,3866.05859375,171.005,63.0,1980.0,390.6,4171.0390625,144,4853.840156555176,100.8,40.00390625,3,709.5589590072632,6.9,20.8515625,6,7532.182645559311,4.9,106.4453125,37,24102.94649219513,3.9,4.8125,406,1771013274.2064893
2026-02-13T23:07:57,gaming_1,22.8,44.2,31034.686061002856,9784.154238409043,0.0,64936.59750955445,56.0,3866.05859375,176.212,64.0,1980.0,357.4,4170.90234375,144,4855.413795948029,97.2,40.00390625,3,711.1339807510376,7.9,106.45703125,37,24104.531210422516,7.9,40.609375,33,24138.25534772873,7.9,25.41015625,13,24135.99994444847
2026-02-13T23:07:59,gaming_1,21.9,44.1,36985.91064230076,9430.321298000865,83235.76250313598,8778.771826502623,52.0,3866.05859375,168.78,63.0,1980.0,344.2,4165.1640625,145,4857.129889011383,99.4,39.35546875,3,712.8469560146332,7.9,40.609375,33,24139.831387519836,6.9,106.4453125,37,24106.10829615593,4.6,25.41015625,13,24137.71228146553
2026-02-13T23:08:00,gaming_1,22.8,44.1,34312.69878360785,10634.919894466373,0.0,52367.9080915084,53.0,3865.90234375,175.362,65.0,1980.0,345.0,4159.26171875,145,4858.740061759949,99.8,40.01171875,3,714.4594440460205,11.7,106.4453125,37,24107.842537164688,9.0,91.4296875,147,24141.574978113174,7.2,4.8125,401,1771013279.0973027
2026-02-13T23:08:02,gaming_1,20.1,44.2,35293.777894659026,10185.235199945706,41640.64716554222,65063.51119615972,56.0,3866.02734375,174.592,65.0,1980.0,293.9,4160.328125,145,4860.274296283722,99.3,40.01171875,3,715.9855089187622,8.0,91.4453125,147,24143.14287161827,7.0,106.45703125,37,24109.40149116516,5.1,25.41015625,13,24140.847598314285
2026-02-13T23:08:03,gaming_1,20.2,44.1,35641.69113537433,9672.881698678173,0.0,62265.037327352286,53.0,3866.15234375,172.224,64.0,1980.0,334.8,4160.515625,145,4861.888672351837,97.6,40.01171875,3,717.6016323566437,14.8,106.421875,37,24110.985444545746,6.0,4.8125,401,1771013282.2418997,4.9,25.41015625,13,24142.45270228386
2026-02-13T23:08:05,gaming_1,21.8,44.1,31926.644396088137,9298.709589879927,121912.55635150125,65718.48740823114,57.0,3866.15234375,172.061,64.0,1980.0,363.9,4158.828125,145,4863.496116638184,99.5,40.01171875,3,719.2034816741943,7.8,106.421875,37,24112.59557914734,7.7,25.41015625,14,24144.06807923317,5.8,40.609375,33,24146.323400259018
2026-02-13T23:08:07,gaming_1,21.9,44.1,41773.87220882131,9252.235043951137,0.0,108513.28634534628,58.0,3866.15234375,180.71,66.0,1980.0,326.2,4161.4140625,145,4865.089341402054,100.1,39.35546875,3,720.812422990799,11.6,106.421875,37,24114.211812496185,6.8,40.609375,33,24147.937066555023,4.8,25.44921875,14,24145.68237543106
2026-02-13T23:08:08,gaming_1,19.9,44.1,36577.198192782766,9933.778906749918,20820.651606523046,67992.44040255182,53.0,3866.15234375,175.323,65.0,1980.0,346.6,4161.43359375,145,4866.662894964218,98.4,40.01171875,3,722.3837265968323,11.9,106.421875,37,24115.781478643417,7.9,91.4375,147,24149.514580726624,5.0,25.41015625,13,24147.248548030853
2026-02-13T23:08:10,gaming_1,21.9,44.1,87729.98553312865,12174.29562994262,41475.00329593594,101419.34399709335,65.0,3866.15234375,186.756,66.0,1980.0,337.1,4170.53515625,145,4868.224942922592,98.6,40.01171875,3,723.9366755485535,10.9,106.421875,37,24117.35908317566,6.9,40.609375,33,24151.081020116806,6.0,25.44921875,14,24148.814857959747
2026-02-13T23:08:11,gaming_1,19.4,44.1,49858.676205679876,9877.857718089312,0.0,252591.3955277077,49.0,3866.52734375,167.827,63.0,1980.0,342.5,4171.6484375,145,4869.780682325363,99.1,39.35546875,3,725.4982359409332,7.1,106.421875,37,24118.90244603157,5.1,4.8125,401,1771013290.163851,3.0,40.609375,33,24152.624804258347
2026-02-13T23:08:13,gaming_1,21.7,44.2,33169.3426488783,7635.026123709981,0.0,11791.269502490355,50.0,3866.27734375,157.487,63.0,1980.0,338.6,4172.375,144,4871.321966409683,98.1,40.01171875,3,727.0431537628174,17.0,106.421875,37,24120.462819337845,6.0,4.8125,401,1771013291.7288222,6.0,91.4296875,147,24154.203617095947
2026-02-13T23:08:14,gaming_1,21.0,44.1,181039.58909468725,7671.037054226436,0.0,20930.21241931382,50.0,3866.15234375,165.501,63.0,1980.0,339.3,4164.8359375,144,4872.874006509781,99.9,40.0078125,3,728.5918054580688,11.2,106.421875,37,24122.00341105461,6.1,91.41015625,147,24155.741627931595,5.1,25.41015625,13,24153.459968090057
2026-02-13T23:08:16,gaming_1,21.2,44.2,26828.84938649342,8242.529197917127,0.0,11094.560293616434,55.0,3866.52734375,166.957,64.0,1980.0,349.6,4165.6484375,144,4874.4565551280975,98.8,39.35546875,3,730.1743307113647,13.9,106.42578125,37,24123.57648706436,10.9,91.41796875,147,24157.312785625458,5.0,328.47265625,95,24124.781884670258
2026-02-13T23:08:17,gaming_1,22.3,44.1,22117.44911002494,7897.129405021742,250870.70900993934,97343.06156896084,56.0,3866.52734375,177.806,65.0,1980.0,328.7,4165.79296875,144,4876.015410423279,100.0,39.35546875,3,731.7364795207977,22.9,91.41796875,147,24158.88231062889,14.9,106.4375,37,24125.145122289658,7.0,25.41015625,13,24156.60053730011
2026-02-13T23:08:19,gaming_1,21.3,44.1,21915.90757528866,7819.230514980666,0.0,69285.36015373944,58.0,3866.52734375,179.081,65.0,1980.0,334.1,4157.99609375,144,4877.582119703293,99.8,40.0078125,3,733.3019552230835,16.1,91.42578125,147,24160.43736767769,16.0,106.34375,37,24126.705686569214,12.9,328.4296875,95,24127.91224050522
2026-02-13T23:08:21,gaming_1,22.8,44.1,25249.54174972167,9457.456969680808,0.0,9435.85009312059,58.0,3866.90234375,170.676,65.0,1980.0,342.0,4157.3984375,144,4879.15699672699,100.3,40.0078125,3,734.8748466968536,22.8,91.44140625,147,24162.010638713837,10.9,106.37109375,37,24128.280948638916,6.9,328.4296875,95,24129.48614358902
2026-02-13T23:08:22,gaming_1,21.7,44.1,27265.074341505693,10468.795701293819,0.0,13034.28390555641,44.0,3866.90234375,154.014,63.0,1980.0,303.3,4160.16796875,144,4880.694427728653,99.3,40.015625,3,736.4178514480591,31.8,91.4375,147,24163.583609819412,13.0,106.40234375,37,24129.845792531967,8.2,328.47265625,95,24131.017631053925
2026-02-13T23:08:24,gaming_1,22.2,44.1,22013.615517514685,9696.144685135821,0.0,12458.20434856301,53.0,3866.90234375,157.771,63.0,1980.0,321.3,4157.89453125,144,4882.376553297043,99.6,39.359375,3,738.0958931446075,40.0,91.4453125,147,24165.107481002808,19.4,106.40625,37,24131.375697135925,15.8,328.47265625,95,24132.699007749557
2026-02-13T23:08:25,gaming_1,24.4,44.1,22732.271029956417,9822.433521301235,2050663.0359721405,569142.6899366714,58.0,3866.90234375,171.902,65.0,1980.0,311.5,4157.875,144,4883.961305141449,100.0,40.015625,3,739.673924446106,41.5,91.42578125,147,24166.80214905739,16.6,106.4140625,37,24133.07201719284,14.8,328.421875,95,24134.28751730919
2026-02-13T23:08:27,gaming_1,23.4,44.1,23383.536943516057,10124.21554475191,10395.785126925,1518759.2333866993,57.0,3866.90234375,168.568,64.0,1980.0,303.3,4156.81640625,144,4885.470856428146,99.6,40.015625,3,741.1957993507385,44.7,91.42578125,147,24168.37367272377,21.7,328.4375,95,24135.80170583725,16.0,106.41796875,37,24134.63492679596
2026-02-13T23:08:28,gaming_1,21.9,44.1,26117.73243917314,8883.961435708707,0.0,148655.4479529108,57.0,3866.90234375,179.511,65.0,1980.0,323.4,4156.84375,144,4887.05094575882,98.6,40.015625,3,742.7650742530823,32.7,91.4375,147,24169.903559684753,15.8,328.4375,95,24137.382526636124,10.2,106.4296875,37,24136.168318986893
2026-02-13T23:08:30,gaming_1,23.3,44.1,29110.931887217266,9793.017416896533,0.0,34884.66733780266,56.0,3866.52734375,184.457,65.0,1980.0,328.8,4157.14453125,144,4888.623867988586,99.9,40.015625,3,744.3453652858734,33.6,91.42578125,147,24171.484485149384,20.9,328.4296875,95,24138.95148396492,18.8,106.4375,37,24137.750223875046
2026-02-13T23:08:32,gaming_1,22.8,44.2,24780.870113811212,9396.721245019718,0.0,17403.0458439022,52.0,3866.77734375,172.072,64.0,1980.0,306.9,4159.20703125,144,4890.151007413864,100.1,39.359375,3,745.8753793239594,35.0,91.4296875,147,24173.046890974045,22.0,106.44140625,37,24139.313034772873,16.3,328.4296875,95,24140.480857133865
2026-02-13T23:08:33,gaming_1,21.5,44.1,21497.202546131903,8633.65445763924,0.0,10749.585427005191,57.0,3866.40234375,169.74,64.0,1980.0,278.0,4157.8984375,144,4891.696647167206,100.3,40.015625,3,747.4183866977692,29.7,91.4453125,147,24174.574936151505,16.4,106.4453125,37,24140.83527326584,16.2,328.421875,95,24142.02002644539
2026-02-13T23:08:35,gaming_1,21.4,44.1,22558.25330571782,9137.569413409694,0.0,48313.16938684406,58.0,3866.58984375,178.561,65.0,1980.0,304.0,4157.875,143,4893.253792762756,97.7,40.015625,3,748.9699885845184,40.5,91.4375,147,24176.117241859436,22.1,106.4453125,37,24142.388617277145,11.0,328.4375,95,24143.576125621796
2026-02-13T23:08:36,gaming_1,22.6,44.1,22911.694114397564,9689.30178770786,42415.2081998011,12260.646120255005,59.0,3866.58984375,178.944,65.0,1980.0,337.5,4157.76953125,143,4894.8049573898315,99.6,40.015625,3,750.5230598449707,35.4,91.41796875,147,24177.662519454956,18.2,106.4453125,37,24143.93212532997,9.1,25.44921875,14,24175.391276359558
2026-02-13T23:08:38,gaming_1,23.4,44.2,25076.701211244523,8673.777292196664,126255.57161947154,47017.04880620945,56.0,3866.58984375,176.799,65.0,1980.0,324.2,4161.625,143,4896.357217788696,100.6,40.015625,3,752.076446056366,38.1,91.4296875,147,24179.222034692764,20.1,106.41015625,37,24145.485492944717,8.0,4.8125,401,1771013316.7481465
2026-02-13T23:08:39,gaming_1,24.5,44.1,37156.492850088165,9432.19143461028,168939.08113107935,11878.529142029018,57.0,3866.46484375,179.342,66.0,1980.0,334.6,4165.2265625,143,4897.902515411377,99.1,40.015625,3,753.621778011322,31.2,91.42578125,147,24180.77493429184,22.2,106.41015625,37,24147.035532474518,8.1,4.8125,401,1771013318.3005707
2026-02-13T23:08:41,gaming_1,22.4,44.2,33305.97914843947,9551.749699858294,31788.719699873713,107949.19398082115,60.0,3866.46484375,194.188,66.0,1980.0,314.6,4166.40625,143,4899.444562673569,98.3,40.015625,3,755.1642611026764,26.2,91.4375,147,24182.32515335083,26.2,106.41015625,37,24148.58727788925,6.0,25.41015625,14,24180.037027835846
2026-02-13T23:08:42,gaming_1,21.6,44.1,37830.123555473976,8967.154774649853,42397.47892009615,14242.903074719801,61.0,3866.46484375,179.015,66.0,1980.0,321.2,4165.17578125,143,4901.0035445690155,100.5,40.015625,3,756.7195196151733,25.4,91.44140625,147,24183.86702990532,24.3,106.4140625,37,24150.13009285927,7.0,328.4296875,95,24151.324362277985
2026-02-13T23:08:44,gaming_1,20.8,44.1,37966.77606858895,8812.383350789563,0.0,341219.80622863054,60.0,3866.46484375,183.263,66.0,1980.0,317.7,4166.1328125,144,4902.567733049393,96.7,40.01171875,3,758.2862141132355,31.1,106.421875,37,24151.68576025963,25.2,91.4453125,147,24185.417954683304,8.0,128.74609375,32,24176.11896133423
2026-02-13T23:08:46,gaming_1,23.6,44.1,31896.835383589423,9779.291735366407,0.0,10728.583414112773,49.0,3866.46484375,166.465,64.0,1980.0,321.8,4173.67578125,144,4904.140929937363,99.1,40.01953125,3,759.8625676631927,30.7,106.421875,37,24153.26400923729,28.7,91.421875,147,24186.997792959213,8.9,328.4296875,95,24154.46523666382
2026-02-13T23:08:47,gaming_1,22.4,44.2,43238.07426140281,11539.846395703258,166442.99826988913,97200.11031776728,65.0,3866.58984375,172.038,66.0,1980.0,323.5,4167.375,144,4905.696208000183,97.5,40.015625,3,761.4179124832153,30.9,328.41796875,95,24156.03130054474,25.8,91.4296875,147,24188.573182344437,24.8,106.45703125,37,24154.838504314423
2026-02-13T23:08:49,gaming_1,23.4,44.1,35543.2416954886,9721.72756356124,42051.55683489865,41394.50125935336,54.0,3866.58984375,180.317,65.0,1980.0,312.3,4162.6171875,144,4907.2576377391815,100.1,40.015625,3,762.9791436195374,45.3,328.15625,95,24157.581740379333,25.1,91.42578125,147,24190.128667116165,10.1,106.45703125,37,24156.393359661102
2026-02-13T23:08:50,gaming_1,25.1,44.1,29955.192919760928,9793.378578372716,42249.94131474125,15843.72799302797,51.0,3866.58984375,159.427,64.0,1980.0,290.0,4162.98046875,144,4908.814640045166,100.7,40.015625,3,764.5305111408234,29.2,91.41015625,147,24191.67901825905,29.2,328.15625,95,24159.134550094604,5.0,25.44140625,14,24189.40662932396
2026-02-13T23:08:52,gaming_1,23.3,44.2,33780.292997372904,9375.951554612853,0.0,27972.949314920916,52.0,3866.58984375,159.442,64.0,1980.0,318.1,4162.71484375,145,4910.406472682953,98.9,40.015625,3,766.1276452541351,24.1,91.43359375,147,24193.23678803444,8.8,120.85546875,32,24183.961069107056,8.0,4.8125,401,1771013330.7658448
2026-02-13T23:08:53,gaming_1,21.4,44.1,31994.25869916591,8810.509300425785,0.0,17523.939956207807,60.0,3866.58984375,179.155,66.0,1980.0,300.3,4169.12890625,145,4911.977248430252,99.3,40.015625,3,767.701007604599,9.9,120.61328125,32,24185.53380727768,5.9,91.421875,147,24194.83962750435,5.9,25.41015625,13,24192.57693886757
2026-02-13T23:08:55,gaming_1,20.4,44.1,39950.758822534364,9180.953859118716,0.0,96760.57145774577,59.0,3866.58984375,168.862,65.0,1980.0,291.1,4163.8203125,145,4913.5067484378815,100.0,40.015625,3,769.2316088676453,7.1,4.8125,401,1771013333.9179776,4.0,41.203125,33,24196.375751256943,3.1,25.41015625,13,24194.10719513893
2026-02-13T23:08:56,gaming_1,20.2,44.1,33538.961898182206,10976.659899601209,0.0,66694.94889450922,54.0,3866.58984375,167.095,64.0,1980.0,283.7,4165.21484375,145,4915.054288864136,98.2,40.015625,3,770.7745351791382,9.2,4.8125,401,1771013335.4534364,9.2,41.203125,33,24197.913085222244,5.1,25.41015625,13,24195.64812898636
2026-02-13T23:08:58,gaming_1,18.5,44.1,31479.2646768175,8863.037455005231,52954.5640955458,40708.821148450836,57.0,3866.58984375,177.133,65.0,1980.0,315.7,4166.73046875,145,4916.638110399246,100.0,40.015625,3,772.3532063961029,7.1,4.8125,401,1771013337.0012033,7.0,41.203125,33,24199.471774578094,6.0,25.44921875,13,24197.21973013878
2026-02-13T23:09:00,gaming_1,19.8,44.1,39286.888249659816,8993.965263552542,0.0,7056.842068031194,50.0,3866.58984375,173.417,64.0,1980.0,316.7,4166.203125,145,4918.2167727947235,100.7,39.3671875,3,773.9362616539001,8.8,41.203125,33,24201.06160736084,4.9,4.8125,401,1771013338.5968442,4.0,25.4453125,14,24198.79785680771
2026-02-13T23:09:01,gaming_1,20.6,44.1,32919.22201834429,9742.905982522458,0.0,58641.93014326283,58.0,3866.58984375,174.387,64.0,1980.0,406.7,4165.3515625,145,4919.926805257797,98.4,39.3671875,3,775.6356608867645,5.6,25.44921875,13,24200.48194050789,5.5,20.8515625,6,7598.30743432045,3.9,4.8125,401,1771013340.2136536
2026-02-13T23:09:03,gaming_1,22.4,44.1,39707.318374242095,10368.503018225396,0.0,62000.418860505546,56.0,3866.58984375,178.934,65.0,1980.0,404.3,4159.90234375,145,4921.650165081024,100.6,39.3671875,3,777.3601212501526,5.5,4.8125,401,1771013341.9215415,5.5,20.8515625,6,7600.0228662490845,3.6,25.44921875,14,24202.206758975983
2026-02-13T23:09:05,gaming_1,23.6,44.1,35504.30519661538,7874.8702957785745,191186.00418765083,32860.09446975248,44.0,3866.58984375,171.551,64.0,1980.0,402.6,4159.640625,145,4923.3696258068085,100.2,40.015625,3,779.0758309364319,8.2,4.8125,401,1771013343.6366668,7.3,25.4453125,14,24203.922423362732,3.6,41.203125,33,24206.134066581726
2026-02-13T23:09:06,gaming_1,23.6,44.1,174053.1768379647,8219.932502325832,0.0,80646.44989886964,51.0,3866.58984375,153.149,63.0,1980.0,396.9,4159.44140625,145,4925.046360254288,99.2,40.015625,3,780.7611510753632,7.4,25.41015625,13,24205.607839107513,7.3,4.8125,401,1771013345.348219,3.7,41.203125,33,24207.831528425217
2026-02-13T23:09:08,gaming_1,23.8,44.1,30110.438597378434,7854.034900647233,0.0,25227.12885538776,52.0,3866.96484375,157.586,63.0,1980.0,332.5,4161.3046875,145,4926.573610305786,99.5,40.015625,3,782.3001320362091,6.6,4.8125,401,1771013347.0099404,6.0,25.4453125,14,24207.180602550507,4.8,41.203125,33,24209.46247982979
2026-02-13T23:09:10,gaming_1,19.3,44.1,28439.999678844142,7696.340410036373,43444.217494586024,15273.3577129404,49.0,3867.12109375,155.247,63.0,1980.0,323.4,4161.359375,145,4928.095461845398,99.6,40.015625,3,783.8216471672058,6.2,41.203125,33,24210.972635746002,4.1,4.8125,401,1771013348.517392,4.1,25.41015625,13,24208.698649406433
2026-02-13T23:09:11,gaming_1,18.8,44.1,28012.39575769797,7985.17755425589,0.0,97206.50057296759,48.0,3867.12109375,155.391,63.0,1980.0,300.0,4161.57421875,145,4929.616697072983,100.0,40.015625,3,785.3364105224609,5.2,4.8125,401,1771013350.0332675,5.2,25.41015625,13,24210.212376356125,4.1,41.203125,33,24212.49477505684
2026-02-13T23:09:13,gaming_1,18.8,44.1,25300.92888217981,9584.681563075603,0.0,17171.54065008783,62.0,3867.12109375,170.275,64.0,1980.0,324.2,4157.828125,145,4931.158750295639,100.6,40.015625,3,786.8770515918732,4.1,4.8125,401,1771013351.5531182,4.1,41.203125,33,24214.015819311142,4.1,25.41015625,13,24211.75058197975
2026-02-13T23:09:14,gaming_1,19.7,44.1,26915.863405409615,8087.450017747596,0.0,9895.11169926741,53.0,3867.12109375,161.503,64.0,1980.0,293.8,4157.90625,145,4932.690771818161,97.4,40.015625,3,788.414808511734,6.1,25.41015625,13,24213.29281949997,6.0,4.8125,401,1771013353.10725,5.1,62.05078125,116,24170.1444542408
2026-02-13T23:09:16,gaming_1,18.5,44.1,26722.170266569905,8917.850143272906,0.0,13723.59139414888,51.0,3867.12109375,163.256,63.0,1980.0,272.5,4158.203125,145,4934.233455181122,98.4,40.015625,3,789.955668926239,6.1,4.8125,401,1771013354.635856,5.1,25.41015625,13,24214.82870388031,4.1,20.8515625,6,7612.5651705265045
2026-02-13T23:09:17,gaming_1,19.1,44.1,31206.98138639968,13435.914745633248,0.0,101874.44393494906,54.0,3866.87109375,159.883,64.0,1980.0,311.6,4157.96484375,145,4935.772612333298,98.4,40.015625,3,791.4954962730408,7.1,4.8125,401,1771013356.1737874,5.1,41.203125,33,24218.63837337494,4.0,20.8515625,6,7614.118148803711
2026-02-13T23:09:19,gaming_1,19.1,44.1,27323.526980594994,8745.794917514608,0.0,7581.749186443759,55.0,3866.74609375,171.992,64.0,1980.0,298.8,4156.26171875,145,4937.331168889999,99.3,40.015625,3,793.0531883239746,6.0,41.203125,33,24220.19215655327,4.0,25.41015625,14,24217.925562143326,4.0,11.296875,4,24206.831412553787
2026-02-13T23:09:20,gaming_1,20.7,44.1,28930.455678776525,9405.957785770628,0.0,17813.26946098954,59.0,3866.74609375,178.825,65.0,1980.0,324.8,4156.66015625,145,4938.870458126068,98.8,40.015625,3,794.5867984294891,6.1,25.45703125,14,24219.462495326996,6.0,41.203125,33,24221.741503238678,5.0,91.4453125,147,24221.749575853348
2026-02-13T23:09:22,gaming_1,20.8,44.1,26923.59919388219,9219.896764116776,0.0,12915.87614605611,63.0,3866.74609375,189.774,66.0,1980.0,334.4,4156.18359375,145,4940.445049762726,100.2,40.015625,3,796.1613869667053,6.1,4.8125,401,1771013360.82527,5.0,25.44921875,13,24221.027844905853,3.0,22.5625,4,4923.2643983364105
2026-02-13T23:09:23,gaming_1,19.5,44.1,26463.764019348502,9113.045417034065,0.0,41426.640464011674,62.0,3866.74609375,183.72,66.0,1980.0,306.4,4156.1796875,145,4942.000780105591,100.3,40.015625,3,797.7191362380981,4.0,4.8125,401,1771013362.3942406,3.0,25.41015625,13,24222.591962337494,3.0,104.44140625,47,24193.032712459564
2026-02-13T23:09:25,gaming_1,20.1,44.1,27028.265992427077,8955.582539322118,0.0,9554.680573676427,60.0,3866.74609375,186.07,66.0,1980.0,335.8,4157.00390625,145,4943.572702884674,99.4,40.015625,3,799.2927174568176,6.0,204.1484375,277,24221.145482301712,5.0,4.8125,401,1771013363.9481773,4.0,106.60546875,37,24192.683862924576
2026-02-13T23:09:27,gaming_1,21.0,44.1,28446.311735541007,10397.740407298345,0.0,63601.91166919904,59.0,3866.74609375,176.679,65.0,1980.0,319.4,4157.27734375,145,4945.123530864716,100.6,40.015625,3,800.8439168930054,5.0,4.8125,401,1771013365.5200295,4.0,91.4375,147,24227.99194407463,4.0,41.203125,33,24227.9801697731
2026-02-13T23:09:28,gaming_1,20.7,44.1,29316.32982280325,8918.19252412815,0.0,15814.524819465576,56.0,3866.74609375,165.868,64.0,1980.0,332.2,4158.32421875,145,4946.694500923157,98.5,40.015625,3,802.414724111557,6.0,41.203125,33,24229.539003133774,5.0,25.44921875,14,24227.280064105988,4.0,4.8125,401,1771013367.072461
2026-02-13T23:09:30,gaming_1,20.1,44.1,29019.519422132173,8812.898160029245,0.0,22429.36864761279,58.0,3866.62109375,163.273,64.0,1980.0,316.6,4171.8828125,145,4948.2594130039215,99.8,40.01953125,3,803.9798204898834,6.0,25.41015625,13,24228.85000896454,4.9,41.203125,33,24231.122928142548,3.0,4.8125,401,1771013368.6477025
2026-02-13T23:09:31,gaming_1,20.2,44.1,48494.55213076022,9754.32034031876,83864.76061963008,25224.94753012311,54.0,3866.62109375,164.98,64.0,1980.0,339.8,4171.359375,145,4949.822623252869,100.0,40.00390625,2,805.5419433116913,5.0,106.50390625,37,24198.944897413254,5.0,25.4453125,14,24230.41526579857,4.0,4.8125,401,1771013370.2088356
2026-02-13T23:09:33,gaming_1,19.8,44.2,37297.8241129126,10233.047285163339,0.0,45522.01655735698,56.0,3866.62109375,168.833,64.0,1980.0,330.4,4170.359375,145,4951.364701747894,100.2,40.00390625,2,807.0860352516174,5.0,106.5078125,37,24200.501162290573,5.0,25.44921875,14,24231.963931322098,4.0,20.84765625,6,7629.7030556201935
2026-02-13T23:09:34,gaming_1,20.8,44.1,34736.878067345344,9786.172939558663,42319.14416145936,18514.62557063847,59.0,3866.62109375,165.275,64.0,1980.0,321.1,4171.28125,145,4952.941030263901,100.5,40.00390625,2,808.6566479206085,5.0,106.5078125,37,24202.057353019714,4.0,4.8125,401,1771013373.3124254,3.0,25.41015625,13,24233.53183722496
2026-02-13T23:09:36,gaming_1,20.2,44.1,37176.47845818135,10943.132789537955,0.0,30962.36279932093,49.0,3866.62109375,158.095,63.0,1980.0,329.6,4171.7890625,145,4954.486684560776,99.8,40.01953125,3,810.2067611217499,9.1,20.84765625,6,7632.820269823074,5.0,25.4453125,14,24235.081867933273,3.0,41.203125,33,24237.34677004814
2026-02-13T23:09:37,gaming_1,21.6,44.1,47631.77667510948,12013.59050849466,0.0,63616.89298357353,51.0,3866.62109375,156.458,62.0,1980.0,369.6,4169.71484375,145,4956.042559146881,98.7,40.01953125,3,811.7578799724579,7.1,25.44921875,14,24236.63009619713,7.0,106.4921875,37,24205.17382001877,6.1,41.203125,33,24238.895358800888
2026-02-13T23:09:39,gaming_1,21.8,44.1,39671.37180332215,9208.196005219015,0.0,27347.22883763976,53.0,3866.46484375,157.242,63.0,1980.0,323.8,4158.00390625,145,4957.59125161171,99.6,40.01953125,3,813.3106014728546,6.0,4.8125,401,1771013377.9809813,6.0,25.41015625,13,24238.18566966057,5.0,106.4609375,37,24206.72444844246
2026-02-13T23:09:41,gaming_1,19.7,44.1,31281.01108967942,9468.213472666455,167784.4489000659,9175.712049222355,55.0,3866.46484375,161.973,64.0,1980.0,319.4,4158.984375,145,4959.161967992783,98.4,40.01953125,3,814.8829963207245,10.0,106.46484375,37,24208.28265786171,5.0,25.44921875,14,24239.754652500153,4.0,4.8125,401,1771013379.5433817
2026-02-13T23:09:42,gaming_1,19.5,44.1,36207.91793294944,10062.908339110136,41925.15962567844,27513.386004351476,51.0,3866.46484375,166.352,63.0,1980.0,316.0,4159.4140625,145,4960.694879055023,100.0,40.01953125,3,816.4139029979706,5.1,25.4453125,14,24241.290695667267,4.0,4.8125,401,1771013381.1067963,4.0,91.44140625,147,24243.58204483986
2026-02-13T23:09:44,gaming_1,19.8,44.1,34833.739188327134,9062.35181565568,0.0,12622.932196835403,51.0,3866.58984375,162.345,63.0,1980.0,323.2,4158.14453125,145,4962.266118526459,100.3,40.01953125,3,817.9880683422089,11.1,106.50390625,37,24211.38858294487,6.1,4.8125,401,1771013382.6481192,5.0,20.84765625,6,7640.608680009842
2026-02-13T23:09:45,gaming_1,21.0,44.1,33648.196531825284,10403.34100456521,292346.3088836937,10767.21896558247,53.0,3866.58984375,165.41,64.0,1980.0,321.7,4165.05078125,145,4963.81557393074,97.7,40.0234375,3,819.5386939048767,8.0,106.5078125,37,24212.954522371292,7.0,91.44921875,147,24246.693685531616,4.0,4.8125,401,1771013384.2168238
2026-02-13T23:09:47,gaming_1,20.3,44.1,39357.168038584474,9093.910689861495,42367.13805152221,67191.633003586,55.0,3866.58984375,163.212,63.0,1980.0,343.1,4165.546875,145,4965.377828359604,100.3,40.01953125,3,821.096004486084,9.1,106.5078125,37,24214.50195479393,7.1,91.4296875,147,24248.23693227768,7.0,20.84765625,6,7643.7166974544525
2026-02-13T23:09:48,gaming_1,21.2,44.1,33810.985457312774,8734.659503154786,0.0,20678.545096055834,50.0,3866.58984375,162.23,63.0,1980.0,336.8,4165.78515625,145,4966.927523136139,98.5,40.01953125,3,822.6511840820312,10.0,41.203125,33,24249.79269695282,5.0,4.8125,401,1771013387.3236387,5.0,25.41015625,13,24247.533147335052
2026-02-13T23:09:50,gaming_1,20.9,44.1,34239.58277354107,9287.981744987279,0.0,56880.16859461472,57.0,3866.58984375,163.415,64.0,1980.0,353.6,4166.8984375,145,4968.491277456284,100.1,40.01953125,3,824.2116639614105,10.1,106.51171875,37,24217.61234307289,9.1,4.8125,401,1771013388.8723009,5.1,41.203125,33,24251.337713956833
2026-02-13T23:09:51,gaming_1,21.0,44.1,35653.142972866845,9453.053294014211,209749.22151832184,39000.24587606297,52.0,3866.58984375,163.62,63.0,1980.0,321.9,4166.34765625,145,4970.044676542282,99.9,40.01953125,3,825.7607049942017,11.0,106.5234375,37,24219.17864871025,9.1,20.84765625,6,7648.374130249023,6.0,25.44921875,14,24250.637412309647
2026-02-13T23:09:53,gaming_1,21.4,44.1,27041.27760819352,9152.968669806032,0.0,20820.74452843888,54.0,3866.58984375,160.668,63.0,1980.0,350.8,4167.12109375,145,4971.590147972107,98.9,40.01953125,3,827.3085765838623,10.1,106.5234375,37,24220.72104215622,6.0,20.84765625,6,7649.923976659775,5.1,25.4453125,14,24252.175109624863
2026-02-13T23:09:55,gaming_1,22.3,44.1,36596.04167062825,9275.970218737875,0.0,9911.575830247913,54.0,3866.58984375,172.091,64.0,1980.0,349.7,4157.3671875,145,4973.149811029434,100.3,40.01953125,3,828.8668630123138,9.1,106.5234375,37,24222.267978668213,8.1,91.421875,147,24256.00747203827,7.0,25.44921875,13,24253.73136115074
2026-02-13T23:09:56,gaming_1,21.1,44.1,41983.39902221343,11590.859497599313,210385.6888147866,92043.73885646915,60.0,3866.58984375,177.575,64.0,1980.0,324.7,4160.15234375,145,4974.689573287964,100.5,40.01953125,3,830.4061186313629,11.0,106.5234375,37,24223.837582349777,7.0,41.203125,33,24257.560826778412,7.0,25.41015625,13,24255.284379959106
2026-02-13T23:09:58,gaming_1,20.9,44.1,34911.39447516962,10114.376494360258,0.0,67530.53480553914,60.0,3866.58984375,176.09,65.0,1980.0,305.8,4161.1640625,145,4976.233441352844,99.0,40.01953125,3,831.9532854557037,9.0,20.84765625,6,7654.576255559921,8.1,91.4296875,147,24259.108040332794,7.1,106.52734375,37,24225.372197389603
2026-02-13T23:09:59,gaming_1,19.9,44.1,35125.295460907226,9476.170052693353,42183.825606120874,9557.272988886762,56.0,3866.58984375,171.107,63.0,1980.0,344.5,4161.84765625,145,4977.770349264145,99.5,39.37109375,3,833.4924817085266,11.1,106.53125,37,24226.92401432991,7.1,20.84765625,6,7656.108211040497,6.1,25.41015625,13,24258.368327617645
2026-02-13T23:10:01,gaming_1,22.6,44.2,43780.66893841034,9600.532072356533,170903.29210755337,10681.455756722085,57.0,3866.58984375,167.258,64.0,1980.0,337.1,4169.47265625,145,4979.308778524399,100.5,40.015625,3,835.0308697223663,11.2,20.84765625,6,7657.6477019786835,10.2,106.54296875,37,24228.452731609344,8.1,25.41015625,13,24259.905002593994
2026-02-13T23:10:02,gaming_1,21.6,44.1,39415.4735655133,9690.111555498828,0.0,17318.220450667974,59.0,3866.58984375,176.028,65.0,1980.0,302.4,4169.07421875,145,4980.848334789276,98.4,39.37109375,3,836.5719244480133,17.3,91.4453125,147,24263.725073575974,13.2,106.55078125,37,24229.98893237114,7.1,20.84765625,6,7659.181504011154
2026-02-13T23:10:04,gaming_1,20.5,44.1,35790.11428117301,8879.495191925615,42666.368274656284,9999.930064372566,53.0,3866.58984375,168.347,64.0,1980.0,332.5,4161.25390625,145,4982.394596815109,99.3,40.015625,3,838.113787651062,16.2,106.55859375,37,24231.529094934464,9.1,91.44140625,147,24265.266590595245,7.1,25.4453125,14,24262.991943597794
2026-02-13T23:10:05,gaming_1,20.8,44.1,41666.13182106695,9594.827258053778,169844.44572457625,75633.85473672536,62.0,3866.58984375,172.377,65.0,1980.0,324.4,4161.87890625,145,4983.926524400711,97.9,39.37109375,3,839.6463048458099,11.2,106.5625,37,24233.065071582794,8.1,91.44140625,147,24266.805295705795,6.2,20.84765625,6,7662.245337486267
2026-02-13T23:10:07,gaming_1,20.2,44.1,47919.04391034269,9501.89475908813,0.0,74289.81923118532,60.0,3866.58984375,181.889,65.0,1980.0,238.9,4160.55078125,145,4985.397873401642,99.9,40.015625,3,841.1157581806183,21.7,91.421875,147,24268.31956887245,11.5,20.84765625,6,7663.7352702617645,11.4,106.56640625,37,24234.57525253296
2026-02-13T23:10:08,gaming_1,19.4,44.1,41558.54484604787,9126.613949702396,0.0,30552.567180431884,58.0,3866.58984375,182.479,65.0,1980.0,335.0,4153.97265625,145,4986.922876119614,100.2,40.015625,3,842.6437902450562,27.2,91.44140625,147,24269.813024520874,14.5,106.5703125,37,24236.08113217354,11.3,328.44140625,95,24237.24469947815
2026-02-13T23:10:10,gaming_1,23.6,44.1,44318.62243873785,9255.481883393735,0.0,12439.57777928421,51.0,3866.58984375,164.225,63.0,1980.0,357.8,4160.92578125,145,4988.468809366226,98.9,40.015625,3,844.1925964355469,31.7,91.4375,147,24271.342547416687,17.4,106.5703125,37,24237.610928058624,12.1,328.44140625,95,24238.78843855858
2026-02-13T23:10:12,gaming_1,23.8,44.1,45072.928657414144,8670.38516197418,169669.2630561779,108694.37164536398,54.0,3866.58984375,161.358,63.0,1980.0,370.4,4162.52734375,145,4990.0384068489075,99.9,40.015625,3,845.7420539855957,32.4,91.4140625,147,24272.88325548172,16.8,328.44140625,95,24240.36987733841,10.2,106.5703125,37,24239.147453069687
2026-02-13T23:10:13,gaming_1,26.0,44.1,34442.420539840205,7503.230519879476,0.0,16194.772304107528,42.0,3867.12109375,147.628,61.0,1980.0,464.0,4165.12109375,145,4991.7420971393585,100.3,40.015625,3,847.4558744430542,30.8,91.421875,147,24274.505200624466,23.8,106.5703125,37,24240.78638935089,20.2,328.44140625,95,24242.071130037308
2026-02-13T23:10:15,gaming_1,27.9,44.1,31415.602883744374,7814.033204586164,0.0,8802.273349646868,49.0,3866.74609375,161.972,63.0,1980.0,390.4,4164.87109375,145,4993.314513683319,98.9,40.015625,3,849.0358560085297,30.7,91.44140625,147,24276.184738874435,18.0,328.44140625,95,24243.63356733322,12.2,106.5546875,37,24242.449139118195
2026-02-13T23:10:16,gaming_1,25.2,44.1,35040.87066778802,8114.721146020061,169297.68882628594,22484.8492972411,52.0,3866.74609375,162.844,63.0,1980.0,362.5,4166.2578125,145,4994.849022388458,99.9,40.015625,3,850.5691974163055,35.4,91.42578125,147,24277.728986501694,21.4,328.44140625,95,24245.164058208466,21.3,106.65625,37,24243.991614580154
2026-02-13T23:10:18,gaming_1,24.7,44.1,35560.30754619846,7633.487851548024,0.0,47266.21107976284,53.0,3866.74609375,165.159,63.0,1980.0,352.5,4172.46484375,145,4996.382801294327,99.8,40.015625,3,852.1032218933105,31.7,91.4140625,147,24279.258475780487,17.4,106.6640625,37,24245.520428180695,17.3,328.44140625,95,24246.70336174965
2026-02-13T23:10:19,gaming_1,24.2,44.1,30115.016831864963,7872.861496712113,0.0,11027.096729540568,58.0,3866.74609375,170.674,64.0,1980.0,356.9,4166.23828125,145,4997.9284081459045,99.0,39.37109375,3,853.6505184173584,32.6,91.421875,147,24280.791353940964,23.4,106.6640625,37,24247.055735111237,13.1,328.44140625,95,24248.256253004074
2026-02-13T23:10:21,gaming_1,23.6,44.1,23678.980117046372,10459.119784000053,168187.6761536566,34491.613273699106,57.0,3866.74609375,170.016,63.0,1980.0,334.8,4165.59765625,145,4999.463607549667,99.8,40.015625,3,855.1852622032166,31.2,91.421875,147,24282.34536266327,19.1,106.66796875,37,24248.612113714218,11.2,328.41015625,95,24249.78637433052
2026-02-13T23:10:22,gaming_1,23.7,44.1,23171.971962311076,8439.477479773563,0.0,59549.41309977109,56.0,3866.74609375,164.854,63.0,1980.0,341.1,4165.5390625,145,5001.02633690834,99.3,40.015625,3,856.7433774471283,30.5,91.43359375,147,24283.881716012955,21.4,106.66015625,37,24250.148844242096,16.0,328.16015625,95,24251.348273038864
2026-02-13T23:10:24,gaming_1,23.8,44.1,23453.736846449257,8882.969194692456,41704.58264512965,17268.303751499,51.0,3866.74609375,154.981,63.0,1980.0,376.4,4164.8671875,145,5002.619935750961,98.1,40.0078125,3,858.3350682258606,32.7,91.4375,147,24285.45635867119,20.8,106.66015625,37,24251.72777223587,13.7,328.16015625,95,24252.94446849823
2026-02-13T23:10:26,gaming_1,24.8,44.1,23593.985517955665,9939.90154608039,288403.62494892615,11265.766599567427,47.0,3866.74609375,155.765,62.0,1980.0,354.6,4157.203125,145,5004.179577589035,98.7,39.359375,3,859.9024102687836,28.5,91.44140625,147,24287.043134450912,15.8,106.66015625,37,24253.31271958351,7.0,25.44921875,14,24284.768147468567
2026-02-13T23:10:27,gaming_1,23.3,44.1,27848.312990028626,10237.319078141054,42163.96072807014,78398.61447875542,52.0,3866.74609375,152.324,62.0,1980.0,337.7,4163.9609375,145,5005.701713085175,100.7,40.01171875,3,861.4235875606537,25.1,91.43359375,147,24288.599462747574,18.2,106.66015625,37,24254.858375549316,10.1,4.8125,399,1771013426.1266677
2026-02-13T23:10:29,gaming_1,22.6,44.1,32946.08056480215,8807.44617517098,0.0,12789.794953286057,50.0,3866.74609375,159.277,62.0,1980.0,278.3,4165.08203125,145,5007.2122938632965,100.2,40.01171875,3,862.9359214305878,28.9,106.66015625,37,24256.370440483093,24.7,91.41796875,147,24290.11655640602,7.4,20.84765625,6,7685.523988723755
2026-02-13T23:10:30,gaming_1,19.6,44.1,26485.62018728502,9659.461480068656,264631.42237488163,36524.64944236648,56.0,3866.74609375,165.596,64.0,1980.0,246.3,4159.58984375,145,5008.677839756012,100.0,40.01171875,3,864.4045033454895,25.3,91.4296875,147,24291.59964442253,21.1,106.66015625,37,24257.854777097702,8.4,4.8125,399,1771013429.1292248
2026-02-13T23:10:32,gaming_1,19.0,44.1,26251.07619844378,9795.51275477848,0.0,12539.127098831652,63.0,3866.74609375,186.492,65.0,1980.0,224.1,4159.796875,145,5010.135080575943,98.7,40.01171875,3,865.8618228435516,30.9,106.66015625,37,24259.322534799576,24.5,91.41796875,147,24293.067703962326,7.5,20.84765625,6,7688.450241327286
2026-02-13T23:10:33,gaming_1,18.7,44.1,27113.11297630504,8966.325129669123,0.0,13353.400315588064,61.0,3866.74609375,185.0,65.0,1980.0,223.1,4160.6640625,145,5011.599269390106,98.3,40.015625,3,867.3236320018768,25.7,91.4375,147,24294.527455091476,25.7,106.66015625,37,24260.7834649086,13.9,4.8125,399,1771013432.05557
2026-02-13T23:10:34,gaming_1,18.3,44.1,27258.64647526601,8720.236875892811,90111.86438008692,16895.9745712663,66.0,3866.74609375,177.449,64.0,1980.0,266.6,4159.40625,145,5013.076056957245,100.9,40.015625,3,868.7952153682709,25.9,106.66015625,37,24262.232715129852,24.7,91.41796875,147,24295.979937314987,14.8,328.16015625,95,24263.392905712128
2026-02-13T23:10:36,gaming_1,22.1,44.1,28835.939995168283,9494.874545755083,0.0,11946.08943761364,66.0,3866.74609375,175.81,65.0,1980.0,331.9,4153.00390625,145,5014.620247125626,99.4,40.015625,3,870.336183309555,32.3,328.16015625,95,24264.94120836258,24.9,91.42578125,147,24297.485226154327,22.6,106.66015625,37,24263.7517414093
2026-02-13T23:10:38,gaming_1,24.4,44.1,26201.260677177026,9017.283486314702,0.0,78912.03215714492,60.0,3866.74609375,179.367,65.0,1980.0,343.6,4153.56640625,145,5016.171181440353,98.4,40.015625,3,871.8917999267578,37.2,328.16015625,95,24266.495368480682,28.2,91.421875,147,24299.03622364998,7.1,25.41015625,13,24296.752737760544
2026-02-13T23:10:39,gaming_1,26.1,44.1,28048.755494334422,9067.12425277836,0.0,163770.57882230228,59.0,3866.74609375,184.588,65.0,1980.0,332.1,4154.3359375,145,5017.770852327347,97.9,40.01953125,3,873.4884486198425,31.2,91.4453125,147,24300.589313030243,9.8,328.484375,95,24268.09255170822,8.1,4.8125,399,1771013438.1129968
2026-02-13T23:10:41,gaming_1,23.4,44.1,30494.670815246045,10609.292025293638,0.0,57068.36823971643,68.0,3866.74609375,192.342,67.0,1980.0,344.2,4154.26171875,145,5019.346164703369,97.1,40.02734375,3,875.065660238266,18.4,91.43359375,147,24302.19986462593,7.7,4.8125,399,1771013439.7274017,7.0,20.84765625,6,7697.675909519196
2026-02-13T23:10:42,gaming_1,22.0,44.1,25776.669340143002,9075.432630907746,0.0,14140.461769431347,64.0,3866.74609375,187.396,66.0,1980.0,287.6,4153.40625,145,5020.900132656097,99.5,40.02734375,3,876.6207709312439,11.0,4.8125,399,1771013441.285654,6.0,20.84765625,6,7699.236698627472,4.0,25.41015625,13,24301.482179164886
2026-02-13T23:10:44,gaming_1,20.1,44.1,21327.283273822315,8591.000990755747,0.0,21646.939488451135,60.0,3866.74609375,182.507,66.0,1980.0,297.8,4153.40625,145,5022.463580608368,99.0,40.02734375,3,878.1835815906525,10.0,4.8125,399,1771013442.8464525,5.0,25.41015625,14,24303.04375243187,5.0,20.84765625,6,7700.798057794571
2026-02-13T23:10:45,gaming_1,19.7,44.1,26020.39913803596,9084.46536468009,0.0,10494.245260869957,56.0,3866.74609375,181.98,66.0,1980.0,313.6,4153.48046875,145,5024.023320436478,99.1,40.02734375,3,879.7441306114197,13.0,4.8125,399,1771013444.4069917,10.0,20.84765625,6,7702.353703737259,6.0,25.44921875,14,24304.607496738434
2026-02-13T23:10:47,gaming_1,20.6,44.1,24388.151686730725,9237.078398311429,0.0,59294.3613002982,57.0,3866.58984375,180.722,65.0,1980.0,297.8,4153.80078125,145,5025.5712077617645,97.0,39.37890625,3,881.2910096645355,17.1,4.8125,399,1771013445.9644537,7.0,20.84765625,6,7703.905905246735,5.0,25.41015625,13,24306.163360118866
2026-02-13T23:10:49,gaming_1,19.5,44.1,21916.10173085039,10430.351574447322,0.0,4615.67848411152,62.0,3866.58984375,179.666,65.0,1980.0,290.1,4153.203125,145,5027.106135606766,100.6,40.02734375,3,882.8288359642029,10.1,4.8125,399,1771013447.513535,9.1,20.84765625,6,7705.447840213776,3.1,25.41015625,13,24307.697150230408
2026-02-13T23:10:50,gaming_1,18.8,44.1,21696.96324296838,9653.238585181009,0.0,10939.775916239741,56.0,3866.58984375,179.211,65.0,1980.0,304.0,4168.81640625,144,5028.699838876724,97.7,40.02734375,3,884.4126942157745,7.9,25.4453125,14,24309.27756381035,7.1,4.8125,399,1771013449.0586042,7.1,41.203125,33,24311.529621362686
2026-02-13T23:10:52,gaming_1,18.7,44.1,21873.25555890133,9646.514500206513,7162880.5208926005,16150.07332452336,57.0,3866.58984375,182.673,66.0,1980.0,167.0,4168.2578125,144,5030.2339153289795,99.9,40.03125,3,885.9610905647278,10.8,4.8125,399,1771013450.6436021,9.3,20.84765625,6,7708.55132317543,6.1,25.44921875,13,24310.817517757416
2026-02-13T23:10:53,gaming_1,13.6,44.1,23427.17092675129,9099.434321191873,13499.197022673638,76270.46317810606,60.0,3866.58984375,176.774,65.0,1980.0,201.3,4168.2890625,144,5031.724016666412,97.7,40.03125,3,887.4482672214508,11.3,4.8125,399,1771013452.1622093,6.3,25.41015625,13,24312.316076040268,6.2,20.84765625,6,7710.062156200409
2026-02-13T23:10:55,gaming_1,16.0,44.1,28687.95471043983,12722.213342023737,0.0,149675.5937329212,62.0,3866.58984375,178.598,65.0,1980.0,237.9,4168.14453125,144,5033.255026578903,100.3,40.03125,3,888.97554063797,8.3,4.8125,399,1771013453.6695292,8.1,20.84765625,6,7711.599464416504,6.1,204.890625,277,24310.821494102478
2026-02-13T23:10:56,gaming_1,18.6,44.1,22053.715934614676,9942.941014163103,0.0,71822.97404561241,58.0,3866.58984375,179.448,65.0,1980.0,301.5,4168.66796875,144,5034.835463047028,97.0,40.03125,3,890.5573291778564,9.1,4.8125,399,1771013455.2087996,7.1,41.203125,33,24317.67031645775,5.9,25.4453125,14,24315.41384124756
2026-02-13T23:10:58,gaming_1,18.8,44.1,21840.95662288996,9225.92133208283,0.0,88637.58744248979,60.0,3866.58984375,179.342,65.0,1980.0,308.3,4168.43359375,144,5036.41739320755,100.0,40.03125,3,892.1331408023834,8.9,4.8125,399,1771013456.7915113,6.9,41.203125,33,24319.25718832016,5.9,20.84765625,6,7714.765461206436
2026-02-13T23:10:59,gaming_1,20.1,44.1,22850.621026712084,8914.308833554669,0.0,22333.501345423683,64.0,3866.43359375,182.007,65.0,1980.0,297.7,4168.59765625,144,5038.006864786148,99.2,40.03125,3,893.7242889404297,14.8,4.8125,399,1771013458.374271,5.9,25.41015625,13,24318.57544708252,4.0,41.203125,33,24320.840492248535
2026-02-13T23:11:01,gaming_1,18.6,44.1,24003.442818740612,9235.935537894453,0.0,18127.926050281334,52.0,3866.43359375,181.451,66.0,1980.0,323.7,4170.71875,144,5039.5754134655,100.3,40.03125,3,895.2977077960968,9.9,4.8125,399,1771013459.9550073,5.0,20.84765625,6,7717.925837755203,3.9,41.203125,33,24322.42343235016
2026-02-13T23:11:03,gaming_1,20.7,44.2,29515.17050867131,9277.752432417416,0.0,36961.56262202851,47.0,3866.30859375,149.649,63.0,1980.0,340.1,4186.37109375,144,5041.15581202507,98.2,40.02734375,3,896.8735013008118,13.9,4.8125,399,1771013461.5339596,7.0,20.84765625,6,7719.4944767951965,5.0,7.35546875,15,24325.134318828583
2026-02-13T23:11:04,gaming_1,22.0,44.2,48173.744848358045,8810.753757596694,41796.71069546558,16979.91372003289,51.0,3866.46484375,158.36,63.0,1980.0,349.5,4186.3828125,144,5042.711849451065,98.4,40.02734375,3,898.4288568496704,13.0,4.8125,399,1771013463.1023867,5.0,25.44921875,13,24323.29910349846,5.0,20.84765625,6,7721.050541162491
2026-02-13T23:11:06,gaming_1,21.4,44.2,38240.42160369009,9144.853733868522,42110.53501284482,38162.67235539062,51.0,3866.46484375,164.304,63.0,1980.0,352.5,4187.08203125,144,5044.280909061432,100.4,40.02734375,3,900.000551700592,10.0,4.8125,399,1771013464.659498,5.9,20.84765625,6,7722.6323363780975,5.0,41.203125,33,24327.12508702278
2026-02-13T23:11:07,gaming_1,22.0,44.2,36302.80331028379,8990.981641859033,0.0,74451.72618981224,54.0,3866.46484375,167.74,64.0,1980.0,344.2,4187.40234375,144,5045.86066865921,99.0,40.02734375,3,901.5789740085602,7.9,91.4453125,147,24328.71242904663,6.9,4.8125,399,1771013466.239841,5.0,41.203125,33,24328.69873905182
2026-02-13T23:11:09,gaming_1,21.5,44.2,35179.62302412543,9145.110868089703,0.0,10753.41312737446,49.0,3866.46484375,164.415,64.0,1980.0,320.9,4186.95703125,145,5047.433620214462,98.3,40.02734375,3,903.1533093452454,11.9,4.8125,399,1771013467.8107603,6.9,25.44921875,14,24328.013444423676,5.0,41.203125,33,24330.276160240173
2026-02-13T23:11:10,gaming_1,21.4,44.2,32755.34976319215,9453.643270146798,41533.41592494072,30176.622507964737,48.0,3866.46484375,160.035,64.0,1980.0,344.7,4179.7578125,145,5049.028790712357,99.7,40.03125,3,904.7513017654419,11.9,4.8125,399,1771013469.3902068,5.0,41.203125,33,24331.851915359497,5.0,25.41015625,13,24329.591073036194
2026-02-13T23:11:12,gaming_1,20.0,44.2,36807.54127743856,13012.728993455943,0.0,113371.65571481214,51.0,3866.58984375,166.351,64.0,1980.0,246.1,4167.265625,145,5050.558901786804,100.1,40.03125,3,906.2818908691406,25.6,163.35546875,23,24224.67487192154,15.7,4.8125,399,1771013470.9826348,6.0,25.44921875,14,24331.154700756073
2026-02-13T23:11:14,gaming_1,18.8,44.2,35971.159021595384,12601.678220016009,41258.109798020145,66077.44147339163,56.0,3866.58984375,178.897,66.0,1980.0,256.8,4168.328125,145,5052.1344492435455,97.0,40.02734375,3,907.8609330654144,12.8,4.8125,399,1771013472.5659456,4.9,25.44921875,14,24332.745431423187,4.1,20.84765625,6,7730.493885278702
2026-02-13T23:11:15,gaming_1,18.7,44.2,34509.49083489903,10630.675965762843,42671.156984885994,13668.104971721295,48.0,3866.58984375,169.44,63.0,1980.0,328.7,4168.37890625,145,5053.770391464233,100.2,40.03125,3,909.4831385612488,11.2,161.953125,23,24227.875503778458,7.1,4.8125,399,1771013474.1047914,6.9,25.41015625,13,24334.334540605545
2026-02-13T23:11:17,gaming_1,20.9,44.2,46300.74020033599,11605.966142696463,0.0,97007.6593276448,60.0,3866.58984375,176.305,65.0,1980.0,316.3,4167.63671875,145,5055.424726009369,99.7,40.02734375,3,911.1439852714539,6.6,41.203125,33,24338.24890446663,6.6,25.41015625,13,24335.999410629272,6.5,4.8125,399,1771013475.777371
2026-02-13T23:11:18,gaming_1,20.5,44.2,30424.100871767256,9272.360708494652,0.0,93597.36425924161,57.0,3866.58984375,162.836,64.0,1980.0,328.2,4175.37890625,145,5057.048291921616,99.2,40.02734375,3,912.7666296958923,9.7,4.8125,399,1771013477.3917856,5.8,41.203125,33,24339.864028453827,5.8,25.4453125,14,24337.61236691475
2026-02-13T23:11:20,gaming_1,20.4,44.2,39907.48196699125,13340.378246816734,40261.34141300398,17928.878597978335,58.0,3866.71484375,172.265,65.0,1980.0,326.4,4182.328125,145,5058.656663656235,99.0,40.02734375,3,914.376802444458,10.6,4.8125,399,1771013479.018375,6.7,25.41015625,13,24339.236774921417,5.8,91.4453125,147,24341.494532585144
2026-02-13T23:11:22,gaming_1,20.8,44.2,40889.25744120358,9909.920832515683,0.0,79493.86441173847,64.0,3866.71484375,195.541,66.0,1980.0,333.5,4183.3671875,145,5060.263477087021,98.9,40.03125,3,915.9883298873901,10.7,4.8125,399,1771013480.621621,5.8,25.41015625,13,24340.851521492004,5.0,20.84765625,6,7738.588448762894
2026-02-13T23:11:23,gaming_1,20.1,44.2,40111.51612907625,9653.380737479429,0.0,32865.60173128818,46.0,3866.71484375,157.995,63.0,1980.0,257.7,4183.953125,145,5061.761869668961,98.7,40.03125,3,917.4767739772797,10.9,4.8125,399,1771013482.1951795,5.2,20.84765625,6,7740.0852427482605,4.1,25.44921875,14,24342.36098408699
2026-02-13T23:11:25,gaming_1,18.3,44.2,33510.77196195987,10200.582217643294,0.0,35486.77655331701,53.0,3866.71484375,168.396,63.0,1980.0,281.2,4183.58203125,145,5063.261669397354,99.5,40.03125,3,918.9852755069733,12.5,4.8125,399,1771013483.69533,5.2,106.59375,37,24312.42481994629,4.2,41.203125,33,24346.145527362823
2026-02-13T23:11:26,gaming_1,18.5,44.2,32432.4808899539,10081.319122424204,21810.686980298186,78722.94831951376,53.0,3866.71484375,172.948,64.0,1980.0,250.1,4183.6875,145,5064.773494720459,99.2,40.03125,3,920.4974956512451,10.4,106.59375,37,24313.93051290512,9.4,4.8125,399,1771013485.1992948,6.2,41.203125,33,24347.651060819626
2026-02-13T23:11:28,gaming_1,17.7,44.2,35851.735761477066,9395.958101305792,0.0,228189.07661117913,49.0,3866.71484375,179.646,64.0,1980.0,258.8,4177.4453125,145,5066.264764547348,98.6,40.02734375,3,921.9874815940857,9.4,4.8125,399,1771013486.6998715,8.3,91.41796875,147,24349.172261476517,5.2,41.203125,33,24349.150580644608
2026-02-13T23:11:29,gaming_1,17.9,44.2,34904.938723828476,9253.914047206621,0.0,10253.200588984613,59.0,3866.71484375,175.492,65.0,1980.0,252.9,4170.30078125,145,5067.759864091873,99.5,40.02734375,3,923.4795408248901,11.5,4.8125,399,1771013488.1965985,6.3,106.58984375,37,24316.926939487457,5.2,41.203125,33,24350.646997451782
2026-02-13T23:11:31,gaming_1,17.4,44.2,34291.689927782776,9436.917562417,0.0,13727.400502755889,71.0,3866.71484375,181.529,65.0,1980.0,233.7,4170.4296875,145,5069.2375955581665,100.3,40.02734375,3,924.9602136611938,9.4,4.8125,399,1771013489.6889334,6.3,25.4453125,14,24349.84790277481,4.2,41.203125,33,24352.13945913315
2026-02-13T23:11:32,gaming_1,17.6,44.2,32551.980038683272,9176.733337868629,0.0,20425.19604113878,61.0,3866.71484375,191.231,67.0,1980.0,228.0,4170.8046875,145,5070.724745750427,100.7,39.37890625,3,926.4503753185272,12.7,4.8125,399,1771013491.167937,8.5,106.59375,37,24319.89492225647,5.3,91.44140625,147,24353.642043828964
2026-02-13T23:11:34,gaming_1,17.7,44.2,36839.225331858586,9612.281922716962,0.0,7239.510733612551,52.0,3866.71484375,171.29,65.0,1980.0,278.5,4175.734375,145,5072.217294454575,100.1,39.37890625,3,927.9338753223419,8.4,4.8125,399,1771013492.6531186,8.4,106.59765625,37,24321.38281559944,5.3,91.421875,147,24355.1255235672
2026-02-13T23:11:35,gaming_1,19.5,44.2,37400.84390823224,9947.089553956926,43584.43946032768,18727.68883060955,60.0,3866.71484375,170.549,66.0,1980.0,267.5,4182.91015625,145,5073.718633890152,98.7,40.02734375,3,929.4374651908875,12.4,106.609375,37,24322.89061832428,8.3,4.8125,399,1771013494.1576676,5.2,41.203125,33,24356.61075758934
2026-02-13T23:11:37,gaming_1,17.9,44.2,41225.62097182684,10924.059375320952,0.0,17070.926627287045,63.0,3866.71484375,189.84,66.0,1980.0,238.5,4183.12890625,145,5075.206098079681,99.4,40.02734375,3,930.9314212799072,8.4,106.61328125,37,24324.38196325302,6.3,41.203125,33,24358.101105690002,5.3,20.84765625,6,7753.53249001503
2026-02-13T23:11:38,gaming_1,17.7,44.2,29672.656374546677,9304.109437137662,88402.19152914154,80805.12819460595,65.0,3866.71484375,193.763,66.0,1980.0,248.8,4183.42578125,145,5076.668945074081,100.2,40.03125,3,932.3969211578369,9.5,106.62890625,37,24325.86309695244,6.4,20.84765625,6,7755.002443552017,6.3,4.8125,399,1771013497.13765
2026-02-13T23:11:40,gaming_1,18.0,44.2,28060.883565550925,9333.434456054198,0.0,9758.176514147679,62.0,3866.71484375,178.119,66.0,1980.0,241.7,4184.00390625,145,5078.175482273102,98.8,40.03125,3,933.8998627662659,9.5,106.63671875,37,24327.339121103287,7.3,25.41015625,13,24358.77655363083,5.3,4.8125,399,1771013498.6079276
2026-02-13T23:11:41,gaming_1,19.2,44.2,33586.727366517385,10451.680753611954,0.0,10592.495812612791,64.0,3866.71484375,183.144,67.0,1980.0,275.1,4185.19921875,145,5079.6576890945435,100.1,40.03125,3,935.3831841945648,10.5,106.6328125,37,24328.832530021667,8.4,91.44921875,147,24362.576614141464,6.3,20.84765625,6,7757.985266923904
2026-02-13T23:11:43,gaming_1,18.6,44.2,35756.96644081798,9144.362637221677,0.0,14806.375510853308,54.0,3866.58984375,179.883,65.0,1980.0,245.8,4171.42578125,145,5081.170981884003,98.1,40.03125,3,936.8958973884583,9.4,106.6328125,37,24330.328057289124,5.2,25.41015625,13,24361.773028612137,5.2,131.01171875,165,24341.94415664673
2026-02-13T23:11:44,gaming_1,17.0,44.2,44169.726495799456,19916.092414675073,217261.64066984245,44810.21338815501,49.0,3866.58984375,171.489,65.0,1980.0,243.6,4165.50390625,145,5082.697226524353,99.4,39.3671875,2,938.4208183288574,8.3,106.6328125,37,24331.826899766922,6.2,25.4453125,13,24363.299929142,5.1,20.84765625,6,7761.034679174423
2026-02-13T23:11:46,gaming_1,18.1,44.2,30366.072907341586,11433.78186188042,85102.13834187339,90421.02198824048,54.0,3866.58984375,166.688,64.0,1980.0,236.5,4166.09375,145,5084.203852653503,99.4,40.01953125,2,939.929680109024,10.1,106.578125,37,24333.375846385956,6.1,41.203125,33,24367.097209453583,5.2,25.4453125,14,24364.80651497841
2026-02-13T23:11:47,gaming_1,16.8,44.1,83198.46615761638,9587.939757103612,131482.5737437837,66426.09194347405,48.0,3866.58984375,160.402,63.0,1980.0,263.0,4166.828125,145,5085.701674461365,100.5,40.01953125,2,941.4226202964783,9.4,106.58203125,37,24334.865750551224,7.3,41.203125,33,24368.586802482605,5.2,4.8125,399,1771013506.1365972
2026-02-13T23:11:49,gaming_1,18.1,44.2,126774.61745661721,7626.208453804878,0.0,4410.081969463534,49.0,3866.58984375,172.227,64.0,1980.0,247.8,4173.94921875,145,5087.214698553085,99.0,40.01953125,2,942.9378688335419,12.4,106.5859375,37,24336.376065969467,7.2,25.41015625,13,24367.809365987778,5.2,91.42578125,147,24370.114941358566
2026-02-13T23:11:50,gaming_1,19.4,44.2,38870.642187598954,10896.433476931616,87475.7964530153,60823.014721237196,56.0,3866.58984375,173.008,65.0,1980.0,261.5,4173.37890625,145,5088.702485084534,97.6,40.01953125,2,944.42720079422,8.3,106.58984375,37,24337.87681865692,8.3,25.44921875,14,24369.3091878891,7.3,41.203125,33,24371.596987962723
2026-02-13T23:11:52,gaming_1,17.3,44.2,25691.03164002582,8401.06304104827,219281.53077032798,19872.388726060974,67.0,3866.58984375,185.678,66.0,1980.0,243.3,4171.546875,145,5090.198420286179,99.1,40.01953125,2,945.9250049591064,11.5,106.59375,37,24339.368909597397,5.3,25.41015625,13,24370.794791936874,5.2,20.84765625,6,7768.5254342556
2026-02-13T23:11:53,gaming_1,17.3,44.2,21911.573085805387,7539.091638029965,0.0,25024.963504707637,59.0,3866.58984375,174.193,66.0,1980.0,256.2,4172.60546875,145,5091.698565244675,98.3,40.01953125,2,947.4200961589813,12.5,91.42578125,147,24374.60667657852,9.4,106.6015625,37,24340.86737179756,4.2,4.8125,399,1771013512.1332524
2026-02-13T23:11:55,gaming_1,19.0,44.2,22898.920356876886,8613.853951501516,86868.8978326696,20699.2295616908,58.0,3866.96484375,170.412,65.0,1980.0,238.0,4175.35546875,145,5093.202392578125,99.3,40.01953125,2,948.9297761917114,15.6,91.4453125,147,24376.11120915413,14.5,106.59375,37,24342.37107348442,7.3,328.45703125,95,24343.516271829605
2026-02-13T23:11:56,gaming_1,18.7,44.2,23338.654133352018,9790.547547898212,198771.16607777486,80750.78621909603,58.0,3866.96484375,154.12,64.0,1980.0,235.2,4172.8984375,145,5094.650434970856,100.3,40.015625,2,950.3779940605164,16.9,91.44140625,147,24377.594190835953,8.4,106.58984375,37,24343.85012292862,7.4,4.8125,399,1771013515.1249347
2026-02-13T23:11:58,gaming_1,17.7,44.2,21292.10553746078,7681.917038718119,0.0,85242.72333560181,50.0,3866.58984375,157.124,63.0,1980.0,206.9,4165.73046875,145,5096.108196020126,99.7,39.3671875,2,951.8355226516724,17.1,91.4453125,147,24379.052788496017,15.0,106.82421875,37,24345.30735397339,9.6,328.18359375,95,24346.42627930641
2026-02-13T23:11:59,gaming_1,17.8,44.1,23255.896162761484,8153.694372092293,0.0,17043.816397854644,54.0,3866.58984375,167.697,64.0,1980.0,249.3,4166.6640625,145,5097.612561225891,99.0,40.015625,2,953.3345868587494,29.7,91.4296875,147,24380.524923801422,13.8,106.828125,37,24346.782146930695,6.2,328.18359375,95,24347.930575609207
2026-02-13T23:12:01,gaming_1,19.7,44.2,22233.737232406267,9184.724322579199,173667.07824712936,75640.15322091767,54.0,3866.58984375,157.116,63.0,1980.0,357.3,4167.1953125,145,5099.169196605682,99.6,40.015625,2,954.8880753517151,23.8,91.42578125,147,24382.035138607025,21.6,106.62109375,37,24348.302421092987,19.1,328.18359375,95,24349.48674249649
2026-02-13T23:12:02,gaming_1,23.7,44.1,22979.95208402449,9702.039841346163,0.0,102157.38413867599,56.0,3866.58984375,166.051,64.0,1980.0,276.2,4167.10546875,145,5100.651134490967,98.0,40.015625,2,956.3704926967621,34.6,91.4296875,147,24383.568150520325,18.5,106.62109375,37,24349.825425624847,18.0,328.18359375,95,24350.96677327156
2026-02-13T23:12:04,gaming_1,19.7,44.2,30594.45926953835,10664.569643131807,0.0,7577.4750810721425,62.0,3866.58984375,183.626,66.0,1980.0,231.5,4167.25,145,5102.122704029083,100.3,39.3671875,2,957.8497312068939,37.9,91.4375,147,24385.054138422012,20.1,328.18359375,95,24352.43761229515,17.9,106.625,37,24351.308273792267
2026-02-13T23:12:05,gaming_1,19.9,44.1,21965.812633103462,9412.66705444202,353632.990658495,48002.91572415117,56.0,3866.96484375,174.874,64.0,1980.0,323.6,4168.55078125,145,5103.663070440292,98.7,39.3671875,2,959.3851432800293,41.1,91.42578125,147,24386.53788304329,17.2,328.18359375,95,24353.98647093773,15.7,106.625,37,24352.803860902786
2026-02-13T23:12:07,gaming_1,22.5,44.2,21878.095328269967,9715.625147418017,0.0,48428.09258388032,61.0,3866.96484375,178.716,65.0,1980.0,262.5,4166.15625,145,5105.153604984283,100.7,40.03125,3,960.8751647472382,31.7,91.44921875,147,24388.067682743073,17.9,328.18359375,95,24355.46953010559,14.4,106.62890625,37,24354.324538469315
2026-02-13T23:12:08,gaming_1,19.8,44.1,21503.435773971873,9979.008536203459,22027.09004475008,193425.38445546164,59.0,3866.58984375,181.998,65.0,1980.0,221.8,4166.203125,145,5106.6307072639465,99.3,40.03125,3,962.3542060852051,34.6,91.41796875,147,24389.557986021042,18.8,106.62890625,37,24355.81812620163,17.0,328.18359375,95,24356.94426202774
2026-02-13T23:12:10,gaming_1,18.6,44.2,21751.995484995223,10672.235946829385,44438.37950387004,23607.88911143096,62.0,3866.58984375,182.532,66.0,1980.0,227.0,4166.45703125,145,5108.103843688965,99.6,40.03125,3,963.8291878700256,34.9,91.43359375,147,24391.03434729576,22.3,106.62890625,37,24357.28876709938,7.4,328.18359375,95,24358.422699689865
2026-02-13T23:12:11,gaming_1,19.0,44.1,21152.38740582294,9395.718189068315,0.0,60683.07862326253,65.0,3866.58984375,186.418,66.0,1980.0,246.4,4166.2265625,145,5109.587785720825,97.9,40.03125,3,965.3142862319946,30.7,91.42578125,147,24392.50884246826,22.2,106.47265625,37,24358.763403892517,14.8,328.18359375,95,24359.902307987213
2026-02-13T23:12:12,gaming_1,19.5,44.1,22026.543485972037,9307.39977272522,0.0,91755.28599602978,66.0,3866.58984375,180.544,66.0,1980.0,233.4,4166.4609375,145,5111.073711156845,99.9,40.03125,3,966.7992362976074,37.8,91.43359375,147,24393.99569916725,13.7,106.5078125,37,24360.24956536293,7.4,20.84765625,6,7789.397998332977
2026-02-13T23:12:14,gaming_1,19.2,44.1,22438.74862382026,8942.004764513229,176313.86964938365,57852.988478704014,61.0,3866.58984375,183.892,66.0,1980.0,242.3,4165.98046875,145,5112.564123392105,98.7,40.03125,3,968.288010597229,39.1,91.4453125,147,24395.475523471832,22.1,106.54296875,37,24361.732991695404,6.3,20.84765625,6,7790.890175104141
2026-02-13T23:12:15,gaming_1,21.0,44.1,22436.2843532275,8991.658569189947,21945.37971065218,74751.449639409,65.0,3866.58984375,186.541,67.0,1980.0,274.0,4165.484375,145,5114.057505369186,97.3,40.03125,3,969.7814815044403,50.1,91.43359375,147,24396.971863031387,24.1,106.546875,37,24363.227435112,7.3,41.203125,33,24396.9516582489
2026-02-13T23:12:17,gaming_1,20.9,44.1,23198.333071780275,9343.856709139118,43865.25739900725,93556.36929632015,64.0,3866.58984375,188.217,66.0,1980.0,250.9,4165.93359375,145,5115.545758724213,97.5,40.03125,3,971.2718193531036,34.5,91.4296875,147,24398.46687078476,20.8,106.55078125,37,24364.726103544235,8.4,4.8125,399,1771013535.99412
2026-02-13T23:12:18,gaming_1,19.5,44.1,24006.08022264956,8964.253181716651,308759.5972384471,112338.87131666714,48.0,3866.43359375,167.522,64.0,1980.0,244.1,4171.23828125,145,5117.005292415619,100.6,40.03125,3,972.7314412593842,26.5,106.5546875,37,24366.202357053757,24.2,91.44140625,147,24399.949895381927,10.8,328.4609375,95,24367.316331863403
2026-02-13T23:12:20,gaming_1,19.5,44.1,38642.96871887846,9030.652799390242,0.0,20003.83842864553,54.0,3866.43359375,164.132,64.0,1980.0,242.5,4182.2578125,145,5118.46123957634,99.8,40.03125,3,974.1876738071442,30.0,106.5390625,37,24367.663069725037,28.9,91.42578125,147,24401.407946825027,6.4,20.84765625,6,7796.796119213104
2026-02-13T23:12:21,gaming_1,19.6,44.2,42678.436804622084,9287.963917497218,0.0,88173.81035178876,53.0,3866.58984375,177.761,65.0,1980.0,242.3,4182.14453125,145,5119.94474029541,99.1,40.03125,3,975.6705305576324,28.8,106.5390625,37,24369.126532793045,25.7,91.4296875,147,24402.867206811905,8.4,328.4609375,95,24370.270232200623
2026-02-13T23:12:23,gaming_1,20.9,44.2,42953.46643448825,9088.488213842613,43660.985455387,69925.79701839325,61.0,3866.71484375,169.611,65.0,1980.0,380.4,4184.27734375,145,5121.517624139786,99.5,40.03125,3,977.2401461601257,25.9,91.43359375,147,24404.378462553024,24.7,106.5390625,37,24370.643177747726,15.9,328.4609375,95,24371.84294939041
2026-02-13T23:12:25,gaming_1,25.0,44.2,37563.2623609873,9086.730830486373,0.0,11358.413538107967,65.0,3866.71484375,174.267,65.0,1980.0,336.3,4184.6328125,145,5123.111559391022,100.5,40.03125,3,978.8265151977539,35.4,328.46875,95,24373.42977643013,23.8,91.4296875,147,24405.956777572632,14.8,106.5546875,37,24372.22645521164
2026-02-13T23:12:26,gaming_1,24.0,44.2,35116.512529285916,9952.706799706213,0.0,94000.24843332983,58.0,3866.71484375,166.176,65.0,1980.0,343.5,4184.50390625,145,5124.676330089569,98.8,40.03125,3,980.3926134109497,41.6,328.46875,95,24375.007741451263,26.7,91.43359375,147,24407.534470796585,9.9,106.5625,37,24373.80301117897
2026-02-13T23:12:28,gaming_1,24.5,44.2,33116.59664163297,10920.998581950158,166417.15121006465,68582.06817446023,53.0,3866.71484375,167.113,64.0,1980.0,331.6,4177.9375,145,5126.241013765335,97.7,40.03125,3,981.960079908371,26.8,91.4296875,147,24409.107271194458,18.1,328.46875,95,24376.56507706642,7.0,20.84765625,6,7804.593656301498
2026-02-13T23:12:29,gaming_1,24.4,44.1,34106.15769285418,9559.59096745271,0.0,66900.56460486975,53.0,3866.71484375,169.207,65.0,1980.0,303.0,4171.26953125,145,5127.798189878464,99.1,40.03125,3,983.5209803581238,15.9,91.43359375,147,24410.67825770378,6.1,20.84765625,6,7806.12297129631,6.0,4.8125,399,1771013548.2043657
2026-02-13T23:12:31,gaming_1,20.1,44.1,29281.04793627435,8589.404500040548,0.0,8053.30402079187,56.0,3866.71484375,164.357,64.0,1980.0,234.7,4171.62109375,145,5129.282700300217,98.8,39.3828125,3,985.0080857276917,6.3,20.84765625,6,7807.60443687439,5.3,25.41015625,13,24409.893301963806,4.1,41.203125,33,24412.180490493774
2026-02-13T23:12:32,gaming_1,17.6,44.1,28537.37286169055,9936.10846492305,309639.945010555,20043.6571547011,54.0,3866.71484375,171.881,65.0,1980.0,211.2,4170.9296875,145,5130.762144088745,99.4,40.03125,3,986.4858810901642,7.4,20.84765625,6,7809.090011835098,6.3,4.8125,399,1771013551.2107482,6.3,25.41015625,13,24411.376982212067
2026-02-13T23:12:34,gaming_1,17.9,44.1,27026.287056773202,9040.362608288491,0.0,39243.483914962264,56.0,3866.71484375,166.436,64.0,1980.0,252.4,4177.3359375,145,5132.247803211212,100.1,40.02734375,3,987.9689285755157,5.2,20.84765625,6,7810.582036018372,4.2,4.8125,399,1771013552.696814,4.2,25.41015625,13,24412.85648703575
2026-02-13T23:12:35,gaming_1,17.3,44.2,44924.2583584742,9159.340833524513,87828.89177933462,25044.957421450887,59.0,3866.71484375,170.953,65.0,1980.0,265.4,4174.58203125,145,5133.737245559692,98.3,39.3828125,3,989.4633302688599,10.5,131.02734375,32,24407.29596209526,6.3,4.8125,399,1771013554.1902769,6.3,41.203125,33,24416.644606351852
2026-02-13T23:12:37,gaming_1,17.7,44.2,31377.934712674265,9986.449274015798,43956.74253622805,20261.311012792616,58.0,3866.71484375,169.774,64.0,1980.0,244.1,4175.4765625,145,5135.241711616516,98.9,40.03125,3,990.9648475646973,7.3,41.203125,33,24418.13459253311,5.2,25.41015625,13,24415.847539901733,5.2,20.84765625,6,7813.564611196518
2026-02-13T23:12:38,gaming_1,16.1,44.2,32169.988912990466,8889.98546182112,0.0,88311.9316781119,53.0,3866.71484375,168.262,64.0,1980.0,222.9,4175.66015625,145,5136.720856428146,99.3,40.03125,3,992.4442880153656,6.3,20.84765625,6,7815.051160097122,4.2,4.8125,399,1771013557.1698618,4.2,25.41015625,13,24417.334867239
2026-02-13T23:12:40,gaming_1,17.6,44.2,30279.64192956812,9678.074117612334,0.0,9301.285915035658,61.0,3866.71484375,173.613,65.0,1980.0,248.2,4175.671875,145,5138.194035053253,100.4,40.03125,3,993.9221367835999,5.4,20.84765625,6,7816.510986804962,5.3,41.203125,33,24421.111936330795,5.3,25.41015625,13,24418.807887792587
2026-02-13T23:12:41,gaming_1,16.1,44.2,31249.066535607202,9713.464529390918,179647.69617557872,8070.111351637325,59.0,3866.71484375,180.023,66.0,1980.0,261.0,4175.76953125,145,5139.648649930954,100.1,40.03125,3,995.3735766410828,6.4,25.41015625,13,24420.266545772552,6.4,20.84765625,6,7817.9711124897,4.3,131.0703125,165,24400.418392658234
2026-02-13T23:12:43,gaming_1,17.7,44.2,36987.252279726585,8952.991663591325,44885.50043337829,17533.398606788396,54.0,3866.71484375,177.756,65.0,1980.0,246.7,4169.5078125,145,5141.124299764633,99.5,40.03515625,3,996.8496880531311,7.4,25.41015625,13,24421.73473238945,5.3,20.84765625,6,7819.443881034851,4.3,4.8125,399,1771013561.5756586
2026-02-13T23:12:44,gaming_1,16.0,44.1,32673.149667972077,10174.84608497092,0.0,11122.543251678915,56.0,3866.71484375,164.938,64.0,1980.0,257.0,4169.61328125,145,5142.595643997192,100.7,40.03125,3,998.3238704204559,6.4,40.51953125,33,24425.494864225388,6.4,20.84765625,6,7820.919731378555,4.2,25.41015625,13,24423.216264009476
2026-02-13T23:12:45,gaming_1,18.8,44.1,29527.151808984047,8992.107944575466,110738.64744732743,75440.70357349182,58.0,3866.71484375,168.413,65.0,1980.0,250.6,4169.1875,145,5144.072961091995,97.8,40.03515625,3,999.794331073761,7.4,40.51953125,33,24426.977119207382,5.3,4.8125,399,1771013564.528087,5.3,25.41015625,13,24424.682123184204
2026-02-13T23:12:47,gaming_1,17.9,44.1,29070.72328655444,9979.914582812276,0.0,12081.339547658987,59.0,3866.71484375,182.158,66.0,1980.0,234.5,4170.359375,145,5145.552596092224,100.0,40.03515625,3,1001.2784411907196,11.6,40.51953125,33,24428.45575761795,9.5,4.8125,399,1771013566.012691,4.3,20.84765625,6,7823.873695135117
2026-02-13T23:12:48,gaming_1,17.8,44.1,26343.75631909518,9137.807369567696,44650.71158455029,66278.40000831685,66.0,3866.21484375,178.62,66.0,1980.0,261.1,4170.13671875,145,5147.006741523743,98.9,40.03125,3,1002.7319393157959,10.6,4.8125,399,1771013567.4786093,5.3,91.44140625,147,24429.949311494827,5.3,40.51953125,33,24429.9231197834
2026-02-13T23:12:50,gaming_1,17.3,44.1,49972.65855355103,9284.470148358649,89956.68770591846,55168.749882145305,70.0,3937.14453125,180.125,66.0,1980.0,264.0,4188.8828125,145,5148.539817333221,99.8,40.03515625,3,1004.265590429306,11.8,4.8125,399,1771013568.9372683,5.1,25.44921875,14,24429.149087905884,4.3,40.51953125,33,24431.39530992508
2026-02-13T23:12:51,gaming_1,18.9,44.2,407641.69413512386,7455.315817610701,14197507.868228553,11728.492621506783,71.0,3937.14453125,204.994,68.0,1980.0,257.8,4192.55078125,145,5150.01251077652,100.0,40.03515625,3,1005.7348537445068,18.4,4.8125,399,1771013570.4647691,4.2,25.4453125,14,24430.62281894684,4.2,20.84765625,6,7828.33252286911
2026-02-13T23:12:53,gaming_1,16.0,44.2,18988.54685771234,3995.7706243942885,0.0,199762.79138521248,77.0,3937.14453125,208.036,68.0,1980.0,219.0,4191.83984375,145,5151.482511281967,99.8,40.03125,3,1007.2070188522339,8.5,4.8125,399,1771013571.9411714,5.3,20.84765625,6,7829.816433906555,3.2,25.4453125,14,24432.096079349518
2026-02-13T23:12:54,gaming_1,15.7,44.2,15117.459131474081,5951.766123351694,0.0,12359.503513476613,64.0,3937.14453125,209.268,68.0,1965.0,209.9,4191.84375,145,5152.98655295372,98.7,40.03125,3,1008.7113552093506,5.2,20.84765625,6,7831.308789491653,4.2,4.8125,399,1771013573.4329252,4.2,40.51953125,33,24435.884617567062
2026-02-13T23:12:56,gaming_1,15.4,44.2,12583.043494827518,4500.494763369714,0.0,96327.04164786288,71.0,3991.26953125,193.364,68.0,1980.0,205.8,4134.37890625,145,5154.5224504470825,99.6,40.03125,3,1010.1872010231018,9.5,4.8125,398,1771013574.9176633,5.3,40.51953125,33,24437.363174915314,4.8,20.84765625,6,7832.926896095276
2026-02-13T23:12:57,gaming_1,16.0,44.0,12727.843712118743,8303.859171909387,162085.39529121478,74078.090816688,69.0,3991.14453125,211.623,69.0,1980.0,200.5,4134.6015625,145,5156.062944889069,98.3,40.03515625,3,1011.7911677360535,29.9,4.8125,398,1771013576.532097,6.4,20.84765625,6,7834.3889310359955,5.8,40.51953125,33,24438.977398633957
2026-02-13T23:12:59,gaming_1,14.9,44.1,7238.697224697986,8309.405570428195,44665.78112398147,12562.25094111979,70.0,3991.14453125,211.162,70.0,1980.0,204.6,4134.56640625,145,5157.521860361099,98.6,40.03515625,3,1013.2491850852966,8.5,4.8125,398,1771013578.000507,6.5,20.84765625,6,7835.831064939499,4.3,25.41015625,13,24438.14357495308
2026-02-13T23:13:00,gaming_1,16.4,44.1,6993.6153263619335,8820.575672055687,0.0,56594.05929308869,70.0,3990.76953125,210.766,70.0,1965.0,196.6,4134.5546875,145,5158.952431678772,99.5,40.03515625,3,1014.6777911186218,13.0,4.8125,398,1771013579.4372237,5.5,205.9296875,277,24436.535336256027,3.3,25.44140625,14,24439.57988333702
2026-02-13T23:13:02,gaming_1,14.8,44.1,17980.077472281515,8916.218602433197,0.0,12479.781094712402,91.0,3990.01953125,243.77,74.0,1965.0,143.9,4132.53125,144,5160.385565042496,100.2,40.03515625,3,1016.111878156662,7.6,4.8125,398,1771013580.8738916,5.5,25.41015625,13,24441.00839471817,5.5,20.84765625,6,7838.703431844711
2026-02-13T23:13:03,gaming_1,12.3,44.1,16867.675734958433,9035.858986818746,0.0,17735.02952254542,80.0,3989.14453125,246.612,73.0,1950.0,128.8,4136.30859375,144,5161.81768155098,99.1,40.03515625,3,1017.5472373962402,8.7,4.8125,398,1771013582.3170934,3.3,25.4453125,14,24442.44890475273,3.3,131.74609375,165,24422.5897731781
2026-02-13T23:13:05,gaming_1,12.1,44.1,7540.067883221964,8019.896780894575,23054.30105415856,88254.74622295075,79.0,3923.73828125,226.674,73.0,1950.0,126.9,4135.96484375,143,5163.246190547943,98.3,40.03515625,3,1018.9780812263489,7.7,4.8125,398,1771013583.7373028,7.7,25.41015625,13,24443.8753054142,5.5,40.51953125,33,24446.181579828262
2026-02-13T23:13:06,gaming_1,11.4,44.1,7635.84253421868,8487.152373188417,45956.70643057722,92631.48639913222,81.0,3934.26953125,231.378,73.0,1950.0,120.8,4135.48828125,143,5164.669075250626,99.0,40.03515625,3,1020.3984382152557,6.6,20.84765625,6,7842.984364271164,5.5,4.8125,398,1771013585.1650424,4.4,40.51953125,33,24447.602461099625
2026-02-13T23:13:08,gaming_1,13.6,44.2,7867.769776483159,7496.053072834017,689457.3365193444,186009.84391511476,56.0,3930.11328125,163.563,68.0,1980.0,240.0,4201.4375,143,5166.11393904686,100.6,40.03515625,3,1021.8429095745087,12.1,4.8125,398,1771013586.5903647,6.5,206.0,277,24443.70006275177,5.5,91.42578125,147,24449.059258461
2026-02-13T23:13:09,gaming_1,19.0,44.3,8868.18997882032,8483.758852340974,181252.36190611837,23010.553757612684,53.0,3930.23828125,170.251,66.0,1980.0,245.6,4203.29296875,143,5167.5644998550415,97.3,40.03515625,3,1023.2887783050537,23.8,4.8125,398,1771013588.037065,4.3,91.421875,147,24450.50620985031,4.3,25.41015625,13,24448.17503762245
2026-02-13T23:13:10,gaming_1,15.9,44.3,56905.905465567186,12614.95353018582,0.0,21028.34513252528,51.0,3930.23828125,168.534,66.0,1980.0,246.4,4204.3046875,143,5169.022906780243,99.4,40.03515625,3,1024.7503018379211,15.0,4.8125,398,1771013589.4975119,8.5,25.41015625,13,24449.64296555519,4.3,40.51953125,33,24451.939091682434
2026-02-13T23:13:12,gaming_1,17.9,44.3,7851.498636715576,9393.066630834961,11315.8826235,65773.56774909375,50.0,3930.36328125,171.796,66.0,1980.0,221.6,4212.1015625,143,5170.475365400314,98.0,40.03515625,3,1026.2006180286407,13.0,4.8125,398,1771013590.947297,5.4,25.44921875,14,24451.095771312714,3.2,20.84765625,6,7848.797404050827
2026-02-13T23:13:13,gaming_1,15.4,44.3,10218.969387998268,9063.370786340796,0.0,66597.53078746375,61.0,3930.36328125,175.925,67.0,1980.0,225.5,4208.859375,143,5171.944757699966,97.8,40.03125,3,1027.670954465866,13.9,4.8125,398,1771013592.4067771,4.3,25.4453125,14,24452.564232349396,4.3,206.04296875,277,24449.526587724686
2026-02-13T23:13:15,gaming_1,16.9,44.3,9707.851235889653,8726.234954160864,0.0,13951.07664802611,67.0,3930.36328125,191.033,68.0,1980.0,199.8,4208.65625,144,5173.3837242126465,98.7,40.03125,3,1029.111093044281,13.8,4.8125,398,1771013593.8738909,6.5,135.91796875,164,24434.154251098633,5.4,25.41015625,13,24454.014199972153
2026-02-13T23:13:16,gaming_1,15.4,44.3,7375.091602559313,10379.008916595018,0.0,15365.762914918694,57.0,3930.36328125,186.71,66.0,1980.0,232.0,4208.85546875,144,5174.831862926483,100.3,40.03125,3,1030.5603272914886,15.3,4.8125,398,1771013595.3073633,4.3,40.51953125,33,24457.756058454514,3.3,106.625,37,24424.03633260727
2026-02-13T23:13:18,gaming_1,16.8,44.3,7051.419382171935,8823.575982811588,135466.62711452605,63852.7591347115,66.0,3930.36328125,197.913,68.0,1980.0,249.7,4209.734375,144,5176.296029090881,99.6,39.38671875,3,1032.0196557044983,16.1,4.8125,398,1771013596.758503,8.6,106.6328125,37,24425.48343682289,4.3,25.44921875,14,24456.90964627266
2026-02-13T23:13:19,gaming_1,17.2,44.3,6950.294781148302,9217.419602628435,0.0,16711.715540700585,22.0,3808.85546875,100.586,60.0,1980.0,208.1,3978.99609375,143,5177.7902183532715,99.7,40.03515625,3,1033.5231103897095,13.8,4.8125,398,1771013598.2285779,5.3,106.6328125,37,24426.955731868744,5.2,25.41015625,13,24458.42437028885
2026-02-13T23:13:21,gaming_1,14.9,43.6,18420.729025526216,5491.34108583741,314345.35884827597,25610.72678116534,24.0,3696.4140625,105.232,58.0,1815.0,100.7,40.03125,3,1034.90456032753,71.1,3795.0234375,142,5179.197113037109,30.0,4.8125,398,1771013599.6894395,6.8,206.10546875,277,24456.754812717438,4.6,25.44921875,14,24459.792412281036
2026-02-13T23:13:22,gaming_1,11.3,43.0,1426.2743140054224,1035.542448493104,0.0,91413.40234973608,26.0,3133.5078125,87.29,57.0,1815.0,98.0,40.03125,3,1036.3226675987244,57.3,3775.17578125,142,5180.5877730846405,44.0,4.8125,398,1771013601.1431224,6.5,25.41015625,13,24461.23468518257,5.4,91.4296875,147,24463.60837984085
2026-02-13T23:13:23,gaming_1,11.5,43.0,0.0,0.0,0.0,68625.2936960528,27.0,2771.22265625,91.454,57.0,1815.0,100.9,40.03125,3,1037.6538515090942,52.8,3775.91796875,142,5181.9203045368195,21.1,4.8125,398,1771013602.4783971,5.8,91.4296875,147,24464.94440984726,4.7,132.08984375,165,24442.68524122238
2026-02-13T23:13:25,gaming_1,8.8,43.0,8174.874457187129,2236.3893011903815,106337.9005700342,13292.237571254274,28.0,2677.921875,91.998,56.0,1815.0,99.6,40.03515625,3,1039.0189332962036,57.3,3775.83984375,142,5183.284902334213,17.4,4.8125,397,1771013603.82614,3.5,106.6171875,37,24432.541527032852,2.3,227.47265625,73,24463.921867132187
2026-02-13T23:13:26,gaming_1,7.6,43.0,1781.9398336760285,2693.45930378543,0.0,28933.77100611357,28.0,2679.828125,91.987,56.0,1815.0,98.6,39.38671875,3,1040.3657999038696,52.1,3776.86328125,142,5184.634804964066,4.6,4.8125,397,1771013605.1885045,4.6,106.6171875,37,24433.895195961,1.2,226.390625,73,24465.27259659767
2026-02-13T23:13:27,gaming_1,6.8,43.0,102.2010078887374,102.2010078887374,0.0,33229.50142624758,28.0,2680.515625,91.975,55.0,1815.0,99.9,40.03515625,3,1041.7112464904785,48.9,3777.8203125,142,5185.977523088455,7.0,106.62109375,37,24435.238359689713,3.5,11.296875,4,24455.476526737213,2.3,20.21484375,10,7864.270717382431
2026-02-13T23:13:29,gaming_1,7.0,43.0,37.24072117103191,0.0,256263.82977979846,48812.158053294945,28.0,2679.765625,91.55,55.0,1815.0,100.2,40.03515625,3,1043.068389415741,62.0,3777.703125,142,5187.338482379913,4.6,20.203125,9,7865.637006044388,2.3,4.8125,397,1771013607.8726711,1.2,106.625,37,24436.5856218338
2026-02-13T23:13:30,gaming_1,9.2,43.0,0.0,0.0,0.0,95380.24722546287,28.0,2679.765625,92.16,55.0,1815.0,171.0,3778.3046875,142,5188.718313455582,96.2,40.03515625,3,1044.449235200882,6.8,106.625,37,24437.95580482483,3.4,20.17578125,8,7867.0177755355835,1.1,4.8125,397,1771013609.2433903
2026-02-13T23:13:31,gaming_1,11.6,43.0,482.16282933546626,625.724092806778,0.0,15220.394155503922,28.0,2679.765625,91.988,55.0,1815.0,160.8,3778.39453125,142,5190.098495721817,100.7,40.03515625,3,1045.8302042484283,6.8,25.4453125,14,24470.73826789856,5.7,106.74609375,37,24439.33691072464,2.3,20.17578125,8,7868.400954961777
2026-02-13T23:13:33,gaming_1,12.7,43.0,153.43313842281748,4261.388297328063,0.0,51507.21507205224,26.0,2655.859375,82.514,54.0,1815.0,156.5,3783.109375,143,5191.496599674225,98.2,40.03515625,3,1047.2299013137817,9.1,106.75,37,24440.717826366425,5.6,25.41015625,13,24472.1289229393,3.4,11.296875,4,24460.995293855667
2026-02-13T23:13:34,gaming_1,12.3,43.0,0.0,1229.5312355869887,11773.605940302292,62547.281557855924,24.0,2655.859375,84.405,54.0,1815.0,98.5,40.03515625,3,1048.593760728836,56.2,3779.5546875,142,5192.859827280045,10.3,25.44921875,14,24473.49895143509,6.7,106.7421875,37,24442.107018232346,6.7,41.27734375,33,24475.82340335846
2026-02-13T23:13:36,gaming_1,9.5,43.0,156.76746656577996,1426.3631464999135,96468.66374511695,18841.535887718157,18.0,2672.421875,77.033,53.0,1815.0,98.3,40.03515625,3,1049.944878578186,56.4,3779.38671875,142,5194.217099905014,5.8,4.8125,397,1771013614.7528448,5.8,106.7421875,37,24443.463490962982,5.7,91.4296875,147,24477.219719409943
2026-02-13T23:13:37,gaming_1,7.8,43.0,5409.392892452751,2455.0995264720796,47829.19220180565,13825.625870834445,18.0,2671.109375,75.055,52.0,1815.0,100.1,40.03515625,3,1051.3179395198822,46.8,3779.49609375,142,5195.585805177689,9.1,106.74609375,37,24444.839856386185,5.7,91.41796875,147,24478.588757038116,3.4,4.8125,397,1771013616.12262
2026-02-13T23:13:38,gaming_1,8.3,43.0,4530.817092133686,2441.9149427661914,0.0,126594.47215831609,3.0,2613.671875,64.185,50.0,1815.0,100.7,39.38671875,3,1052.6993477344513,77.0,3787.75390625,144,5196.966073989868,9.1,25.41015625,13,24477.605125188828,5.7,91.43359375,147,24479.960379362106,5.7,106.7421875,37,24446.207320451736
2026-02-13T23:13:40,gaming_1,9.6,43.1,223.769646707949,1242.759764290075,429917.6159604863,9703.001749108198,31.0,2753.2578125,86.891,53.0,1815.0,104.7,3799.171875,142,5198.399381399155,98.6,40.03515625,3,1054.1258997917175,11.4,4.8125,397,1771013618.865552,7.9,106.6640625,37,24447.59139275551,3.4,91.42578125,147,24481.336718559265
2026-02-13T23:13:41,gaming_1,12.1,43.1,947.275268660194,700.3419512038548,30126020.981264092,10357.24829828171,29.0,2684.27734375,93.317,53.0,1815.0,98.4,40.03515625,3,1055.507468700409,70.4,3798.98046875,142,5199.777075767517,20.7,4.8125,397,1771013620.3007176,9.9,106.7265625,37,24449.01761651039,5.6,45.58203125,89,24480.325115680695
2026-02-13T23:13:43,gaming_1,8.4,43.1,881.4216403976783,1052.6278191086676,0.0,77628.94394705741,29.0,2684.27734375,91.861,53.0,1815.0,97.8,40.03515625,3,1056.8808917999268,68.3,3799.9921875,142,5201.148519277573,6.8,91.4296875,147,24484.145817518234,6.8,106.74609375,37,24450.391479492188,4.6,45.58203125,89,24481.697167396545
2026-02-13T23:13:44,gaming_1,8.8,43.1,1626.5975240471328,683.0551880340273,0.0,10002.706482396603,17.0,2619.62109375,71.332,51.0,1815.0,99.3,40.03515625,3,1058.2660083770752,86.7,3794.69921875,143,5202.536605119705,14.6,106.74609375,37,24451.780474424362,5.6,328.20703125,95,24452.84006667137,4.6,20.17578125,8,7880.830891370773
2026-02-13T23:13:45,gaming_1,10.6,43.1,5010.458972985502,1749.2910542312757,0.0,11186.140962944379,17.0,2624.49609375,71.302,51.0,1815.0,99.3,40.03515625,3,1059.635240316391,57.3,3793.05078125,142,5203.9018676280975,11.4,106.74609375,37,24453.151419878006,9.1,91.421875,147,24486.899866342545,3.4,4.8125,397,1771013624.4325864
2026-02-13T23:13:47,gaming_1,8.7,43.1,1084.5924407507985,1271.086757939911,0.0,21343.726089596294,19.0,2548.41015625,75.719,51.0,1815.0,99.0,40.03515625,3,1060.9921276569366,59.8,3791.01953125,142,5205.258989810944,12.6,106.73828125,37,24454.517211675644,4.6,91.4296875,147,24488.269820451736,4.6,25.44921875,14,24485.903413295746
2026-02-13T23:13:48,gaming_1,8.0,43.0,7260.361453486433,586.3967235530547,0.0,32980.37330043847,16.0,2623.2109375,72.754,50.0,1815.0,100.5,40.03515625,3,1062.3289091587067,52.6,3790.046875,142,5206.595404148102,11.7,25.41015625,13,24487.239635944366,10.5,106.76171875,37,24455.85814523697,5.8,91.42578125,147,24489.616978406906
2026-02-13T23:13:49,gaming_1,11.5,43.1,26995.513437176884,1400.53091211385,3671407.754251731,30977.502926498983,9.0,2619.51953125,61.997,49.0,1815.0,112.3,3785.609375,146,5207.958934783936,99.7,40.0390625,3,1063.6929812431335,13.8,25.4453125,14,24488.599261283875,12.8,106.76171875,37,24457.202347517014,11.7,4.8125,397,1771013628.4908147
2026-02-13T23:13:51,gaming_1,12.6,43.1,13253.749390314471,2046.0571427576947,0.0,15323.165016328765,13.0,2637.76953125,60.972,49.0,1815.0,139.0,3786.1953125,146,5209.307763814926,99.7,40.0390625,3,1065.0410916805267,10.3,4.8125,397,1771013629.8587494,10.3,106.76171875,37,24458.56910252571,8.0,91.41796875,147,24492.324909210205
2026-02-13T23:13:52,gaming_1,12.1,43.1,5926.252628968877,2406.404246886348,6028223.638029908,18230.515034364642,12.0,2637.76953125,62.268,49.0,1815.0,161.8,3788.71875,146,5210.669354438782,100.1,40.0390625,3,1066.399225950241,11.5,106.76953125,37,24459.922421455383,5.8,91.421875,147,24493.67611503601,2.3,328.48046875,95,24460.97664952278
2026-02-13T23:13:53,gaming_1,12.1,43.1,2653.121281339429,1537.4874572194144,0.0,89932.72713433331,15.0,2637.76953125,62.345,48.0,1815.0,157.7,3795.828125,148,5212.046241044998,99.7,39.38671875,3,1067.7793958187103,13.8,106.7734375,37,24461.279747009277,6.9,91.421875,147,24495.034450292587,3.4,328.5234375,95,24462.35633444786
2026-02-13T23:13:55,gaming_1,13.8,43.1,15519.833044402598,4587.66467979208,0.0,86940.67224873925,11.0,2637.76953125,62.2,48.0,1815.0,143.4,3795.65625,148,5213.397403717041,99.5,40.0390625,3,1069.1294865608215,9.1,106.65625,37,24462.655693531036,6.8,91.4140625,147,24496.41108250618,4.6,224.046875,73,24494.03972196579
2026-02-13T23:13:56,gaming_1,14.0,43.1,2542.2930618625364,2382.1953063633214,0.0,18974.548799906977,11.0,2637.76953125,62.801,48.0,1815.0,158.1,3796.05078125,148,5214.751083850861,100.3,40.0390625,3,1070.484855413437,12.7,106.66015625,37,24464.00588774681,5.8,4.8125,398,1771013635.2950652,5.8,25.41015625,13,24495.395459651947
2026-02-13T23:13:57,gaming_1,12.2,43.1,3845.455072163772,308.91056927225833,0.0,130095.05643481275,11.0,2637.76953125,62.777,48.0,1815.0,149.6,3787.75,148,5216.098757266998,98.7,40.0390625,3,1071.8308773040771,11.6,106.66015625,37,24465.35667872429,4.6,41.27734375,33,24499.072575569153,3.5,4.8125,398,1771013636.6448367
2026-02-13T23:13:59,gaming_1,13.4,43.1,3078.00594149521,152.64064129706628,0.0,34144.081315382595,11.0,2638.08203125,62.955,48.0,1815.0,153.6,3787.83984375,148,5217.47195482254,99.0,40.0234375,2,1073.2042558193207,15.0,106.66015625,37,24466.714007139206,13.6,328.48828125,95,24467.779127836227,6.9,25.41015625,13,24498.106607675552
2026-02-13T23:14:00,gaming_1,13.9,43.0,4833.678580783903,1670.8565306965036,0.0,30036.30777678604,14.0,2638.08203125,62.733,48.0,1815.0,143.1,3787.640625,148,5218.83674621582,99.5,40.0234375,2,1074.5703682899475,19.4,106.66015625,37,24468.086441993713,13.8,328.48828125,95,24469.139576673508,6.8,91.421875,147,24501.842441797256
2026-02-13T23:14:02,gaming_1,13.3,43.1,2065.7253093341565,837.3565093193813,0.0,14731.572491708728,11.0,2638.08203125,62.626,48.0,1815.0,146.4,3787.62109375,148,5220.183271408081,100.0,39.37109375,2,1075.9147095680237,19.6,106.66015625,37,24469.442004919052,17.4,328.48828125,95,24470.489416122437,9.2,91.4140625,147,24503.196484565735
2026-02-13T23:14:03,gaming_1,13.6,43.1,237.4151922832086,103.54556672787913,0.0,49607.20179694507,11.0,2638.08203125,62.438,47.0,1815.0,151.5,3787.609375,148,5221.543097257614,98.6,40.0234375,2,1077.2775163650513,20.7,328.48828125,95,24471.84887599945,19.6,106.66015625,37,24470.796970129013,11.5,91.42578125,147,24504.55109000206
2026-02-13T23:14:04,gaming_1,15.0,43.1,227.8262874684824,1045.0612283231676,0.0,30102.466886158192,11.0,2638.08203125,62.536,47.0,1815.0,141.3,3787.56640625,148,5222.903553724289,97.7,40.0234375,2,1078.636964082718,17.3,328.48828125,95,24473.205300092697,12.6,91.4140625,147,24505.911697149277,11.5,106.66015625,37,24472.15414237976
2026-02-13T23:14:06,gaming_1,13.9,43.1,1106.8464230162203,1298.1895546546627,0.0,23738.323285113835,11.0,2638.08203125,62.354,47.0,1815.0,148.4,3787.6328125,148,5224.261500835419,98.2,40.0234375,2,1079.9894661903381,24.2,106.66796875,37,24473.511458158493,16.1,91.421875,147,24507.267750501633,13.8,328.46484375,95,24474.56779193878
2026-02-13T23:14:07,gaming_1,14.2,43.1,648.3551544279547,1303.3037511043294,0.0,13128.276121298248,13.0,2621.56640625,64.441,47.0,1815.0,143.2,3787.70703125,148,5225.625200271606,100.6,40.03515625,3,1081.3568727970123,24.0,106.671875,37,24474.87885069847,20.6,91.421875,147,24508.63265657425,12.7,328.46484375,95,24475.926164865494
2026-02-13T23:14:08,gaming_1,14.4,43.1,0.0,149.01684133322897,0.0,77429.74092245403,13.0,2621.56640625,66.604,47.0,1815.0,147.5,3787.9453125,148,5226.980755329132,99.2,40.03515625,3,1082.7120969295502,17.3,91.41796875,147,24509.98976945877,17.3,106.67578125,37,24476.2362511158,8.1,4.8125,398,1771013647.5235317
2026-02-13T23:14:10,gaming_1,13.9,43.1,3338.0991950410366,2212.1705365639627,209216.9471710088,18438.184193128473,14.0,2621.56640625,66.07,47.0,1815.0,138.7,3787.9140625,148,5228.343948364258,99.9,40.03515625,3,1084.0733757019043,26.4,106.6796875,37,24477.59631228447,19.5,91.42578125,147,24511.349932193756,8.0,4.8125,398,1771013648.8842793
2026-02-13T23:14:11,gaming_1,13.7,43.1,1084.5660315552707,589.0378990116881,0.0,229206.42726342808,18.0,2403.22265625,65.873,47.0,1815.0,145.2,3787.88671875,148,5229.699661016464,98.8,40.03515625,3,1085.4326326847076,26.4,106.6796875,37,24478.95549607277,12.6,91.42578125,147,24512.710501670837,4.6,4.8125,398,1771013650.2438667
2026-02-13T23:14:13,gaming_1,13.1,43.0,2995.1993405741155,838.0426134484729,0.0,61296.83115508831,6.0,2384.671875,55.615,46.0,1815.0,149.9,3798.5703125,147,5231.1279101371765,99.0,40.03515625,3,1086.8539509773254,30.6,106.6796875,37,24480.33626818657,14.8,91.421875,147,24514.08247590065,6.5,328.46484375,95,24481.441511631012
2026-02-13T23:14:14,gaming_1,16.7,43.3,4041.223583018778,2292.305193169715,18190319.964490157,56561.940188091285,12.0,2421.6484375,53.339,46.0,1815.0,194.5,3885.42578125,147,5232.573666810989,100.6,39.3828125,3,1088.2983994483948,30.3,106.6796875,37,24481.78175187111,24.9,91.4296875,147,24515.527529478073,8.6,4.8125,398,1771013653.0604253
2026-02-13T23:14:15,gaming_1,16.4,43.4,1531.4877801054502,870.981748360152,48595696.90828984,18078.756290286397,7.0,2753.76953125,60.705,46.0,1815.0,164.2,3910.69140625,147,5234.019913196564,99.1,40.03515625,3,1089.7485463619232,35.1,328.46484375,95,24484.35938858986,31.3,106.68359375,37,24483.227348089218,26.0,4.8125,398,1771013654.5056586
2026-02-13T23:14:17,gaming_1,19.8,43.6,2532.5012060121285,1696.9413309827673,38964982.78050074,10169.73033316243,32.0,3002.26953125,75.95,49.0,1815.0,259.4,4008.328125,149,5235.543565273285,98.3,39.3828125,3,1091.274136543274,32.1,4.8125,398,1771013656.0157392,31.4,328.4453125,95,24485.851451158524,8.3,91.421875,147,24518.486995458603
2026-02-13T23:14:18,gaming_1,19.9,43.8,28656.31553624466,9278.951391141036,4520557.228440521,71340.04376132698,36.0,3067.8671875,102.539,50.0,1815.0,243.4,4032.4375,149,5237.01394701004,100.2,40.03515625,3,1092.740169763565,16.2,4.8125,398,1771013657.465834,15.1,91.41796875,147,24519.939992189407,8.5,328.1875,95,24487.322004318237
2026-02-13T23:14:20,gaming_1,18.6,43.8,7841.4762526057475,7877.85111023316,11036.401247546823,58285.99408860666,79.0,3080.67578125,233.868,60.0,1980.0,223.7,4034.12109375,149,5238.5509650707245,98.9,40.03515625,3,1094.273190498352,7.4,4.8125,398,1771013658.953834,6.3,91.42578125,147,24521.424906492233,4.1,25.41015625,13,24519.153140306473
2026-02-13T23:14:22,gaming_1,17.5,43.9,8231.206331568064,8235.6669992402,4552062.929308297,18270.894785067707,84.0,3244.85546875,235.248,63.0,1980.0,266.7,4075.6640625,149,5240.2146871089935,97.1,40.03515625,3,1095.9147689342499,5.8,25.41015625,14,24520.77249479294,5.0,4.8125,398,1771013660.5201905,1.9,227.27734375,73,24520.76612496376
2026-02-13T23:14:23,gaming_1,19.4,43.9,11497.832518287069,8636.970505446474,38853047.263533115,21419.113127262775,82.0,3317.23046875,240.28,64.0,1980.0,265.8,4066.94921875,149,5241.825093269348,100.5,40.03515625,3,1097.547581911087,13.1,4.8125,398,1771013662.1932747,3.8,25.41015625,13,24522.425413131714,3.7,41.27734375,33,24524.68610882759
2026-02-13T23:14:25,gaming_1,16.1,43.9,8017.440078499769,7694.446190688621,10211774.75703726,15503.70661493511,82.0,3317.60546875,240.675,65.0,1980.0,238.8,4071.4609375,149,5243.382564306259,98.9,40.03515625,3,1099.0968153476715,5.0,25.44921875,14,24523.977431058884,4.0,89.1015625,56,24522.567686080933,3.9,4.8125,398,1771013663.779755
2026-02-13T23:14:26,gaming_1,16.1,43.9,8431.247253023606,8417.740792400104,0.0,9549.710825607941,76.0,3324.46484375,236.95,65.0,1980.0,206.6,4068.59765625,149,5244.917752504349,99.2,40.03515625,3,1100.6394028663635,7.1,41.27734375,33,24527.793248414993,6.0,4.8125,398,1771013665.332536,3.0,25.44921875,14,24525.518115520477
2026-02-13T23:14:28,gaming_1,14.6,43.9,8458.004610841617,9863.444669590464,3495033.509760979,121540.3230814365,78.0,3410.04296875,236.282,65.0,1980.0,218.1,4080.1328125,149,5246.5153250694275,99.7,40.03515625,3,1102.2377054691315,9.1,4.8125,398,1771013666.871079,4.0,41.27734375,33,24529.342159986496,4.0,25.41015625,13,24527.088710308075
2026-02-13T23:14:29,gaming_1,14.8,44.0,6892.359993917692,8076.622883192854,31545181.81916583,7683.3275519605,78.0,3410.04296875,236.987,66.0,1965.0,183.2,4080.109375,149,5248.058861255646,99.2,40.03515625,3,1103.780283689499,5.9,4.8125,398,1771013668.4708202,5.0,25.4453125,14,24528.6538169384,3.9,41.27734375,33,24530.933902978897
2026-02-13T23:14:31,gaming_1,13.0,44.0,11264.534202585606,11775.45965623806,0.0,9032.012111625974,79.0,3494.8984375,235.154,66.0,1965.0,202.3,4110.30078125,149,5249.611243486404,99.7,39.3828125,3,1105.3319487571716,4.1,25.4453125,14,24530.190833330154,3.1,4.8125,398,1771013670.0009809,3.0,206.71484375,276,24527.180969953537
2026-02-13T23:14:33,gaming_1,15.4,44.1,8282.017119082424,8878.171426515237,15990498.57854822,31231.442536226994,78.0,3494.8984375,235.407,67.0,1965.0,206.7,4089.91015625,148,5251.183371782303,100.4,40.03515625,3,1106.9037027359009,9.8,4.8125,398,1771013671.5913956,4.9,25.4453125,14,24531.786395311356,2.0,106.6640625,37,24500.330497980118
2026-02-13T23:14:34,gaming_1,14.4,44.0,6839.066831911467,7762.001398757732,175768.7571469496,36071.94642941129,78.0,3514.95703125,237.324,68.0,1965.0,298.3,4088.5,148,5252.843976974487,99.2,40.03515625,3,1108.557721376419,5.8,25.44921875,13,24533.40952372551,5.0,40.51953125,33,24535.630830049515,1.9,206.02734375,73,24533.404447555542
2026-02-13T23:14:36,gaming_1,18.0,44.1,7809.3957424056525,7700.148238553398,4720644.667556928,9220.009116322124,72.0,3514.95703125,235.784,68.0,1965.0,299.1,4088.5234375,148,5254.479135990143,100.2,40.03515625,3,1110.1954531669617,4.8,25.44921875,14,24535.054783582687,4.7,40.51953125,33,24537.297669887543,2.9,21.91015625,5,24534.025255680084
2026-02-13T23:14:38,gaming_1,18.5,44.0,7251.801795628398,8693.748259951684,0.0,65555.21515604215,77.0,3514.95703125,236.879,68.0,1965.0,300.2,4083.71875,148,5256.139468193054,98.0,40.03515625,3,1111.8536958694458,5.7,40.51953125,33,24538.95055770874,5.7,25.44140625,14,24536.711750507355,2.8,206.74609375,276,24533.705181360245
2026-02-13T23:14:39,gaming_1,18.1,44.0,6915.142916806205,7659.414147289974,0.0,73246.43000147802,78.0,3514.95703125,237.439,69.0,1965.0,308.6,4083.8203125,148,5257.785117864609,99.7,40.03515625,3,1113.49857878685,4.8,25.41015625,13,24538.352736473083,4.7,4.8125,398,1771013678.1175833,2.9,130.83984375,165,24518.566965818405
2026-02-13T23:14:41,gaming_1,18.7,44.0,7260.065202428688,7927.819510320989,0.0,20720.618523688365,40.0,3552.8125,180.73,62.0,1965.0,230.7,4109.4765625,148,5259.329475164413,97.9,40.03515625,3,1115.0472106933594,6.0,25.44921875,14,24539.912483930588,3.9,106.6875,37,24508.472320318222,3.8,4.8125,398,1771013679.7454755
2026-02-13T23:14:42,gaming_1,16.1,44.1,24089.456131230778,8955.246066838938,2084492.5562178511,12296.910806769849,43.0,3553.75,143.291,61.0,1980.0,260.7,4112.98046875,148,5260.911897659302,98.5,40.03515625,3,1116.6337656974792,10.1,4.8125,398,1771013681.288371,4.9,25.41015625,13,24541.498040914536,3.0,20.96875,10,7939.2533502578735
2026-02-13T23:14:44,gaming_1,17.2,44.1,16331.364167047392,7897.559002349793,83278.26657731232,54000.75098372596,39.0,3553.3125,144.107,60.0,1980.0,255.0,4120.28125,148,5262.480637550354,99.7,40.03125,3,1118.2010233402252,5.0,4.8125,398,1771013682.8605533,5.0,25.44921875,14,24543.06366419792,4.9,40.51953125,33,24545.329931735992
2026-02-13T23:14:45,gaming_1,16.8,44.2,17761.439273072807,8175.486018340865,41750.849505025086,5871.213211644153,41.0,3553.625,142.03,60.0,1980.0,288.1,4133.10546875,148,5264.047906160355,98.7,39.38671875,3,1119.7682242393494,6.0,40.51953125,33,24546.899985313416,5.0,25.41015625,13,24544.636385202408,2.0,4.8125,398,1771013684.4314737
2026-02-13T23:14:47,gaming_1,18.5,44.2,17811.032046461267,8616.19235085222,83254.077686023,14634.505843246232,45.0,3556.4375,150.636,60.0,1980.0,262.6,4137.47265625,148,5265.624900102615,98.4,40.03515625,3,1121.339546918869,5.0,40.51953125,33,24548.46980547905,4.0,134.125,164,24526.404173612595,2.0,4.8125,398,1771013686.0052521
2026-02-13T23:14:49,gaming_1,17.5,44.2,18202.153377547562,8068.400192607849,41609.275654921934,57537.826491571745,42.0,3556.4375,146.054,60.0,1980.0,280.5,4137.44921875,148,5267.1903829574585,99.4,40.03515625,3,1122.910694360733,9.9,4.8125,398,1771013687.579796,6.9,40.51953125,33,24550.046216487885,5.0,25.4453125,14,24547.785182714462
2026-02-13T23:14:50,gaming_1,17.2,44.2,16681.142537432483,7939.232003008342,0.0,21268.424781463225,45.0,3556.4375,150.793,60.0,1980.0,275.8,4133.796875,148,5268.747965812683,100.5,40.0390625,3,1124.4661693572998,6.0,4.8125,398,1771013689.1443071,5.0,25.44921875,14,24549.33931541443,4.0,135.16015625,164,24529.530997991562
2026-02-13T23:14:52,gaming_1,17.9,44.2,18395.08845959971,9239.112883320713,41911.43503296922,10805.291844437377,49.0,3557.1875,159.251,61.0,1980.0,281.9,4139.05078125,148,5270.344451189041,97.8,40.0390625,3,1126.0632944107056,5.0,4.8125,398,1771013690.7097003,4.0,106.71875,37,24519.460042238235,3.9,25.44921875,14,24550.92291212082
2026-02-13T23:14:53,gaming_1,19.0,44.2,18776.624897639485,8743.256375988001,41142.963298395174,24107.205057653424,49.0,3557.1875,158.643,61.0,1980.0,306.2,4138.19921875,148,5271.926492214203,99.9,40.0390625,3,1127.6428849697113,6.9,4.8125,398,1771013692.30158,4.9,40.51953125,33,24554.77756500244,3.9,25.41015625,13,24552.50894355774
2026-02-13T23:14:55,gaming_1,21.2,44.2,17594.24228898775,8161.1997583106095,82038.86607265037,12498.108503255331,44.0,3557.1875,149.098,60.0,1980.0,297.2,4134.88671875,148,5273.492494344711,98.7,40.03515625,3,1129.2107038497925,10.8,4.8125,398,1771013693.8981905,7.9,40.51953125,33,24556.3572576046,6.9,25.41015625,13,24554.084463357925
2026-02-13T23:14:56,gaming_1,17.9,44.2,19137.185191966215,8915.466266141382,0.0,93313.3975441796,37.0,3563.5625,139.279,59.0,1980.0,275.9,4136.30859375,148,5275.049914121628,100.2,40.0390625,3,1130.7704739570618,8.1,40.51953125,33,24557.89972281456,6.0,25.41015625,13,24555.648238658905,5.1,4.8125,398,1771013695.4406574
2026-02-13T23:14:58,gaming_1,18.5,44.2,19542.138375699084,8110.383740379104,1172968.0837535923,66764.9244100817,40.0,3565.125,130.708,58.0,1935.0,278.2,4136.1328125,148,5276.62810254097,98.3,39.38671875,3,1132.34645485878,7.0,106.74609375,37,24525.746510982513,5.0,4.8125,398,1771013697.004607,4.0,25.4453125,14,24557.205452680588
2026-02-13T23:15:00,gaming_1,17.1,44.2,20681.260254244866,8034.970484689008,41512.00833146069,35025.757029669956,44.0,3569.0625,142.672,59.0,1980.0,286.6,4130.3203125,148,5278.203691482544,99.0,40.0390625,3,1133.9225616455078,5.9,25.44921875,14,24558.797880649567,4.9,4.8125,398,1771013698.583768,4.9,106.68359375,37,24527.325657367706
2026-02-13T23:15:01,gaming_1,18.6,44.2,20993.12011219934,9047.012631423613,41222.62530855718,52816.48867658889,42.0,3569.6875,145.812,59.0,1980.0,269.0,4134.01171875,148,5279.795449256897,99.1,40.0390625,3,1135.5156452655792,6.9,4.8125,398,1771013700.1751232,5.9,106.68359375,37,24528.915895938873,4.9,40.51953125,33,24562.64146900177
2026-02-13T23:15:03,gaming_1,17.5,44.2,22462.993873906213,8986.21480891541,41666.94309587381,16927.195632698735,46.0,3569.03125,145.055,59.0,1980.0,278.4,4136.28125,148,5281.366377353668,99.4,40.0390625,3,1137.086698770523,5.0,25.41015625,13,24561.956351280212,4.0,40.51953125,33,24564.22265291214,4.0,22.5625,4,5264.188765764236
2026-02-13T23:15:04,gaming_1,17.2,44.2,18406.7360208925,8287.689365574144,96705.8745558587,76123.20530917255,40.0,3571.09375,144.093,59.0,1980.0,281.5,4136.46484375,148,5282.909333944321,98.9,40.0390625,3,1138.6346788406372,8.0,4.8125,398,1771013703.314105,6.0,40.51953125,33,24565.779534339905,5.0,106.67578125,37,24532.05313849449
2026-02-13T23:15:06,gaming_1,18.2,44.2,18258.71823952191,8331.334832773262,126888.76588441285,7269.668878794486,36.0,3571.09375,132.954,58.0,1980.0,278.4,4135.109375,148,5284.464048862457,99.6,39.38671875,3,1140.1877546310425,8.1,40.51953125,33,24567.326350688934,5.1,106.6796875,37,24533.599897384644,5.0,25.41015625,14,24565.0604159832
2026-02-13T23:15:07,gaming_1,17.2,44.2,17970.52274185211,8677.588604937815,83927.75189096881,71141.88343882903,41.0,3570.90625,116.52,56.0,1875.0,280.9,4137.00390625,148,5286.026985883713,99.3,39.38671875,3,1141.7449657917023,7.0,40.51953125,33,24568.885603427887,5.0,106.68359375,37,24535.162282705307,5.0,25.44921875,14,24566.61708855629
2026-02-13T23:15:09,gaming_1,17.9,44.2,19323.77852664099,7898.23146123147,0.0,20066.506548212907,40.0,3570.90625,134.412,58.0,1980.0,273.9,4134.875,148,5287.584534883499,100.2,40.03515625,3,1143.3038630485535,5.0,40.51953125,33,24570.442738056183,4.0,106.68359375,37,24536.720614910126,4.0,25.41015625,13,24568.177430152893
2026-02-13T23:15:11,gaming_1,18.5,44.2,18179.626800993352,8179.520214379141,0.0,9829.24663533591,42.0,3570.90625,143.403,58.0,1980.0,297.5,4135.16796875,148,5289.149993658066,98.7,40.03515625,3,1144.8705382347107,6.0,106.5859375,37,24538.2908244133,5.0,25.44921875,14,24569.7435734272,2.0,4.8125,398,1771013709.5452678
2026-02-13T23:15:12,gaming_1,18.3,44.2,18246.169144240634,9542.900576157537,0.0,25538.11414658094,43.0,3571.09375,141.554,58.0,1980.0,286.7,4135.6484375,148,5290.724576711655,100.3,40.03515625,3,1146.4442477226257,9.0,106.62109375,37,24539.847764492035,8.9,25.41015625,13,24571.31609082222,4.0,4.8125,398,1771013711.1085114
2026-02-13T23:15:14,gaming_1,18.4,44.2,17645.394616473095,9057.209802057385,83413.89848055548,13033.421637586793,44.0,3571.09375,150.124,58.0,1980.0,282.0,4128.7734375,148,5292.314927339554,99.3,40.03515625,3,1148.0340967178345,8.9,4.8125,398,1771013712.6797447,8.9,106.6640625,37,24541.42544054985,4.9,25.4453125,14,24572.894948005676
2026-02-13T23:15:15,gaming_1,17.4,44.2,17894.46549017111,8311.636976308986,82158.58836793149,23748.966950105194,43.0,3571.09375,142.725,58.0,1980.0,257.0,4132.5703125,147,5293.901451587677,98.5,40.03515625,3,1149.619563817978,6.9,106.671875,37,24543.018089532852,6.9,25.4453125,14,24574.482832193375,4.9,40.51953125,33,24576.746931791306
2026-02-13T23:15:17,gaming_1,18.1,44.2,17187.327102522886,8702.691403591176,0.0,60016.99672291946,45.0,3571.09375,150.493,59.0,1980.0,201.1,4126.30078125,147,5295.424087524414,100.2,40.03515625,3,1151.1476516723633,11.9,106.6875,37,24544.59891152382,8.9,40.51953125,33,24578.318581819534,4.9,4.8125,398,1771013715.861731
2026-02-13T23:15:18,gaming_1,13.4,44.2,17729.81279683678,8246.05134492141,0.0,59912.925762646635,46.0,3571.09375,147.806,58.0,1980.0,191.3,4127.59765625,146,5296.9275598526,99.9,40.03515625,3,1152.648912191391,14.6,106.6875,37,24546.09730529785,4.2,40.51953125,33,24579.81744647026,4.2,25.41015625,13,24577.53192472458
2026-02-13T23:15:20,gaming_1,14.5,44.2,17367.164355633675,8251.611068829736,0.0,22779.918405370612,42.0,3571.09375,143.545,58.0,1980.0,170.2,4130.66015625,146,5298.43302989006,100.6,40.03515625,3,1154.1559884548187,9.4,106.6953125,37,24547.595631361008,8.3,4.8125,398,1771013718.8628197,3.1,40.51953125,33,24581.318982601166
2026-02-13T23:15:21,gaming_1,12.8,44.2,17586.453725286603,8061.313125742186,0.0,12542.174429538432,43.0,3571.09375,146.923,58.0,1980.0,175.1,4131.83203125,146,5299.932281494141,99.0,40.03515625,3,1155.6548306941986,11.4,106.71484375,37,24549.1071434021,4.2,207.1953125,277,24577.510562181473,4.1,222.40234375,73,24580.539822101593
2026-02-13T23:15:23,gaming_1,14.8,44.2,17694.543181343826,9472.809289397726,87456.50906388243,53293.810210803356,42.0,3573.40625,145.704,58.0,1980.0,188.5,4131.53515625,146,5301.432131528854,99.0,40.03515625,3,1157.1540825366974,8.4,106.71484375,37,24550.59844493866,6.3,4.8125,398,1771013721.8715944,6.3,25.4453125,14,24582.036369085312
2026-02-13T23:15:24,gaming_1,14.4,44.2,17638.311192280824,8168.810788789996,0.0,12629.55615627501,42.0,3573.40625,145.026,58.0,1980.0,177.5,4131.23046875,146,5302.928428649902,99.9,39.38671875,3,1158.6556961536407,14.6,92.6328125,45,24559.45749783516,13.5,106.71875,37,24552.101254701614,5.2,25.41015625,13,24583.536058187485
2026-02-13T23:15:26,gaming_1,14.7,44.2,17699.68068132615,8225.521883468551,0.0,98566.25371849975,45.0,3573.40625,148.36,59.0,1980.0,196.8,4136.046875,146,5304.452919244766,99.6,40.03515625,3,1160.1610643863678,8.4,106.71484375,37,24553.585613012314,5.3,4.8125,398,1771013724.8572295,4.2,25.44921875,14,24585.037502765656
2026-02-13T23:15:27,gaming_1,15.9,44.2,20590.607426353716,8802.702643972048,127923.84961387068,70624.62530765777,46.0,3573.65625,149.267,59.0,1980.0,235.9,4148.95703125,146,5305.963081598282,99.5,40.03515625,3,1161.6835854053497,12.2,106.734375,37,24555.124659776688,5.1,4.8125,398,1771013726.3933449,5.1,25.41015625,13,24586.561958789825
2026-02-13T23:15:29,gaming_1,17.5,44.2,35694.76001863801,8056.180244786296,346863.64688991685,10162.020904978031,61.0,3573.8125,163.21,61.0,1980.0,249.4,4156.2109375,146,5307.479674816132,99.8,40.03515625,3,1163.201544046402,11.3,106.734375,37,24556.639182806015,9.3,4.8125,398,1771013727.9056308,6.2,25.41015625,13,24588.081259727478
2026-02-13T23:15:30,gaming_1,17.5,44.2,36372.62394905725,8481.013267420281,43358.42776298117,11178.344657643582,58.0,3573.8125,172.072,61.0,1980.0,257.1,4158.01171875,146,5308.980397462845,99.8,40.03515625,3,1164.7052202224731,10.3,106.734375,37,24558.15420436859,7.2,91.44921875,147,24591.89076280594,4.1,41.11328125,33,24591.87889480591
2026-02-13T23:15:32,gaming_1,18.6,44.3,33182.00141746018,9463.104306622541,0.0,12657.561814916147,46.0,3573.9375,154.436,59.0,1980.0,273.1,4159.07421875,146,5310.48481631279,98.7,40.03515625,3,1166.2092590332031,23.0,91.43359375,147,24593.384558677673,11.5,106.73828125,37,24559.64773106575,8.4,4.8125,398,1771013730.9140952
2026-02-13T23:15:33,gaming_1,20.0,44.3,34180.224930403325,10132.99958827477,0.0,115253.46346033021,50.0,3573.9375,160.886,59.0,1980.0,294.1,4161.95703125,146,5311.977582454681,100.4,40.03515625,3,1167.7034349441528,26.8,91.4375,147,24594.899601221085,15.5,106.73046875,37,24561.156302690506,6.3,11.30078125,4,24581.48015141487
2026-02-13T23:15:35,gaming_1,20.0,44.3,28598.446969351517,9489.194887871183,131941.41644374662,16492.677055468328,45.0,3573.9375,143.937,58.0,1980.0,289.5,4160.73828125,146,5313.467624664307,99.8,40.03125,3,1169.1915385723114,18.9,91.44140625,147,24596.38993382454,12.6,106.734375,37,24562.646730422974,9.5,328.48046875,95,24563.779044866562
2026-02-13T23:15:36,gaming_1,20.6,44.3,29955.79147526823,8786.10042911057,0.0,19265.453617578634,52.0,3573.9375,161.997,60.0,1980.0,254.6,4154.63671875,146,5314.964879512787,100.3,40.03125,3,1170.6866962909698,28.4,91.43359375,147,24597.875710725784,18.6,328.48046875,95,24565.287757635117,16.8,106.73828125,37,24564.138174772263
2026-02-13T23:15:38,gaming_1,19.6,44.2,29629.73849484534,9664.218156003939,0.0,93488.74890839061,49.0,3574.0625,157.906,60.0,1980.0,251.4,4152.56640625,146,5316.4813730716705,100.1,40.03515625,3,1172.2004508972168,37.4,91.42578125,147,24599.382167816162,14.6,106.73828125,37,24565.64097881317,11.4,328.47265625,95,24566.800397634506
2026-02-13T23:15:39,gaming_1,20.1,44.3,27079.07645348491,8902.584026379307,0.0,18170.577525567332,50.0,3574.1875,159.287,60.0,1980.0,282.4,4151.23828125,146,5317.991958141327,98.2,40.03515625,3,1173.712079524994,43.3,91.4453125,147,24600.898659706116,18.5,106.73828125,37,24567.16198682785,18.5,328.47265625,95,24568.31879425049
2026-02-13T23:15:41,gaming_1,22.5,44.3,26407.827824974313,9185.33141738237,0.0,13655.699512301042,58.0,3574.1875,162.18,61.0,1980.0,363.3,4153.06640625,146,5319.613428354263,100.3,40.03515625,3,1175.3319013118744,37.4,91.44140625,147,24602.44602537155,19.3,328.46484375,95,24569.93624472618,19.0,106.7421875,37,24568.721957445145
2026-02-13T23:15:43,gaming_1,24.3,44.3,34657.51638249584,10508.035190328517,0.0,18695.254551472044,49.0,3574.1875,157.483,59.0,1980.0,362.6,4151.94921875,146,5321.233696937561,98.4,40.03515625,3,1176.9513704776764,29.0,91.44140625,147,24604.060472726822,25.0,328.47265625,95,24571.562762737274,17.4,106.75390625,37,24570.33388018608
2026-02-13T23:15:44,gaming_1,24.0,44.3,28510.79118743613,9593.65822597693,0.0,9410.4725940996,53.0,3574.1875,158.638,60.0,1980.0,369.2,4151.015625,146,5322.888071537018,99.4,40.03515625,3,1178.6013824939728,31.6,91.4453125,147,24605.691187620163,14.3,106.765625,37,24571.96817445755,12.3,328.47265625,95,24573.212874174118
2026-02-13T23:15:46,gaming_1,24.7,44.3,24995.875535617535,9118.604033219553,0.0,10022.084153771326,59.0,3574.1875,164.051,61.0,1980.0,352.4,4149.71484375,146,5324.497806549072,99.0,40.03515625,3,1180.2111792564392,41.0,91.4296875,147,24607.32862138748,24.9,106.77734375,37,24573.59615945816,15.5,328.47265625,95,24574.82701730728
2026-02-13T23:15:47,gaming_1,25.2,44.2,30028.479904502616,9896.453561722175,0.0,75228.67011173436,54.0,3574.1875,164.109,60.0,1980.0,325.0,4151.7265625,146,5326.055230379105,99.8,40.03515625,3,1181.776976108551,35.9,91.4453125,147,24608.942442178726,20.3,106.7890625,37,24575.212697029114,7.1,328.47265625,95,24576.37469792366
2026-02-13T23:15:49,gaming_1,21.6,44.3,39393.649220139356,8923.859486945905,42760.404718614234,39085.68243810832,58.0,3574.1875,169.319,61.0,1980.0,262.7,4157.72265625,146,5327.541704893112,99.8,40.03515625,3,1183.264891386032,27.7,91.4375,147,24610.46279525757,19.6,106.78125,37,24576.723767995834,8.2,4.8125,398,1771013747.9940119
2026-02-13T23:15:50,gaming_1,19.6,44.3,39418.34938118887,9016.896188582246,0.0,9976.36919583228,50.0,3574.3125,158.91,60.0,1980.0,266.0,4161.35546875,146,5329.0514459609985,99.4,40.0390625,3,1184.7736320495605,25.1,91.4375,147,24611.95571422577,25.1,106.78515625,37,24578.21498298645,8.4,4.8125,398,1771013749.4838006
2026-02-13T23:15:52,gaming_1,19.4,44.3,36922.98675735829,10434.211481323593,0.0,15894.718306423432,57.0,3574.3125,169.429,61.0,1980.0,269.3,4159.7578125,146,5330.559844493866,99.2,40.0390625,3,1186.285863161087,26.8,91.43359375,147,24613.471667051315,22.6,106.79296875,37,24579.732432842255,7.2,4.8125,398,1771013750.9974642
2026-02-13T23:15:53,gaming_1,20.5,44.3,40062.381842655894,9334.923924502344,261889.3725668603,42966.22518675052,50.0,3574.3125,159.101,60.0,1980.0,250.3,4160.55078125,146,5332.052709341049,99.6,40.0390625,3,1187.7766354084015,26.1,91.44140625,147,24614.96852660179,23.1,106.78515625,37,24581.223065137863,9.4,328.19921875,95,24582.373591899872
2026-02-13T23:15:55,gaming_1,19.9,44.3,33077.593138793476,9207.920998293026,0.0,12627.396510182647,51.0,3574.3125,164.627,61.0,1980.0,248.9,4161.640625,146,5333.546367883682,100.4,40.04296875,3,1189.2705261707306,27.1,91.4453125,147,24616.466852903366,26.1,106.78515625,37,24582.721361398697,6.3,25.44921875,14,24614.15617609024
2026-02-13T23:15:57,gaming_1,20.2,44.3,33326.26265142712,9025.173190826958,0.0,27669.992058104206,56.0,3574.3125,170.102,61.0,1980.0,272.2,4156.125,146,5335.165188074112,99.6,39.390625,3,1190.8866930007935,30.2,106.69921875,37,24584.2720849514,26.2,91.4453125,147,24617.961878299713,11.6,231.46484375,73,24615.76280117035
2026-02-13T23:15:58,gaming_1,21.8,44.3,30890.443296522644,9484.882891691434,0.0,156008.09632604526,49.0,3574.3125,158.858,60.0,1980.0,278.1,4151.890625,146,5336.698843717575,98.7,40.04296875,3,1192.4216334819794,28.8,106.74609375,37,24585.843032836914,25.9,91.4296875,147,24619.5867562294,7.2,25.44921875,14,24617.292208194733
2026-02-13T23:16:00,gaming_1,20.4,44.3,29654.983376133692,10145.680247579747,43142.181462846245,26289.76682892193,44.0,3574.3125,150.304,60.0,1980.0,250.0,4153.35546875,146,5338.198912858963,99.0,40.04296875,3,1193.921103477478,30.8,106.78515625,37,24587.366729736328,24.6,91.44921875,147,24621.10944390297,24.0,328.19921875,95,24588.51239299774
2026-02-13T23:16:01,gaming_1,19.2,44.3,35182.88158325093,10138.253127335936,0.0,34777.99075945822,57.0,3574.3125,162.407,61.0,1980.0,235.2,4153.58984375,146,5339.687233448029,99.6,40.04296875,3,1195.4120683670044,36.5,328.19921875,95,24590.010101556778,26.1,91.42578125,147,24622.60808777809,16.7,106.7890625,37,24588.86556339264
2026-02-13T23:16:03,gaming_1,19.4,44.3,36821.46667482874,9400.783366367903,87868.46447953889,16132.100900540343,48.0,3574.3125,167.546,61.0,1980.0,258.1,4156.359375,146,5341.194676160812,98.6,40.04296875,3,1196.91796875,43.7,328.19921875,95,24591.511240959167,26.2,91.43359375,147,24624.10029745102,7.3,25.41015625,13,24621.801491975784
2026-02-13T23:16:04,gaming_1,21.7,44.3,38904.43155323139,9437.928145613709,0.0,14644.120519686476,64.0,3574.3125,173.836,62.0,1980.0,241.9,4161.3828125,146,5342.706430435181,98.0,40.04296875,3,1198.432241678238,33.3,91.4296875,147,24625.602813243866,21.7,328.18359375,94,24593.023978233337,5.2,4.8125,398,1771013763.1325154
2026-02-13T23:16:06,gaming_1,20.6,44.3,32679.68736857875,9348.439037029895,51259.981654182666,125114.82364277479,53.0,3574.3125,163.36,61.0,1980.0,257.9,4164.35546875,146,5344.215075016022,99.7,39.390625,3,1199.9366357326508,28.8,91.44921875,147,24627.12104177475,6.2,4.8125,398,1771013764.6505375,6.2,41.11328125,33,24627.102440834045
2026-02-13T23:16:07,gaming_1,17.7,44.3,35666.69554287009,10119.58194781842,0.0,38625.409307498405,50.0,3574.3125,161.065,60.0,1980.0,237.2,4164.31640625,146,5345.729955673218,98.8,40.04296875,3,1201.4544115066528,6.2,25.44921875,14,24626.337322711945,4.1,41.11328125,33,24628.611200094223,3.1,4.8125,398,1771013766.1613226
2026-02-13T23:16:09,gaming_1,19.4,44.3,29357.899055026093,9826.900767665371,0.0,87890.15252563922,55.0,3574.3125,166.638,62.0,1980.0,250.1,4163.0546875,146,5347.235808134079,98.5,40.04296875,3,1202.9611852169037,4.1,41.11328125,33,24630.13144683838,4.1,25.41015625,14,24627.844151735306,3.1,4.8125,398,1771013767.6777906
2026-02-13T23:16:10,gaming_1,18.1,44.3,27862.368274787143,8916.966464469018,0.0,23442.37172620639,51.0,3574.3125,160.425,61.0,1980.0,243.4,4162.60546875,146,5348.75124001503,99.8,40.04296875,3,1204.4640891551971,7.2,25.41015625,13,24629.35411477089,4.2,41.11328125,33,24631.63424897194,4.1,4.8125,398,1771013769.1820877
2026-02-13T23:16:12,gaming_1,17.0,44.3,30821.31342811183,12202.7943916274,0.0,32899.38552010115,47.0,3574.3125,155.274,60.0,1980.0,235.8,4156.22265625,146,5350.255086421967,98.9,40.04296875,3,1205.9804666042328,5.2,4.8125,398,1771013770.693589,4.1,41.48828125,33,24633.152097702026,4.1,25.4453125,14,24630.860360622406
2026-02-13T23:16:13,gaming_1,16.9,44.3,30474.318807805972,9693.744563053862,0.0,16001.527587140085,47.0,3574.3125,152.8,60.0,1980.0,258.2,4157.33203125,146,5351.840600967407,100.5,40.02734375,2,1207.565942287445,22.6,160.40625,23,24525.89467573166,5.2,4.8125,398,1771013772.196231,5.2,41.11328125,33,24634.653806209564
2026-02-13T23:16:15,gaming_1,19.5,44.3,40198.373739883304,11853.625714436288,93126.33775629588,91186.20571970638,49.0,3574.1875,155.943,60.0,1980.0,226.9,4150.30078125,146,5353.3625502586365,99.8,40.02734375,2,1209.0842945575714,7.2,25.41015625,13,24633.959802389145,5.9,4.8125,398,1771013773.779592,4.9,41.11328125,33,24636.237622737885
2026-02-13T23:16:16,gaming_1,16.5,44.3,30213.560873872142,12446.284466909336,42719.163026258,54733.927627393066,47.0,3574.1875,153.3,60.0,1980.0,230.0,4150.74609375,146,5354.925388813019,99.1,40.02734375,2,1210.6452903747559,9.2,4.8125,398,1771013775.3148441,7.0,161.59765625,23,24528.97972178459,4.0,226.921875,73,24635.5194337368
2026-02-13T23:16:18,gaming_1,16.9,44.3,25235.25890103286,9736.83340840484,0.0,136632.04085443538,60.0,3574.1875,165.662,61.0,1980.0,228.6,4149.95703125,146,5356.4495005607605,100.2,40.02734375,2,1212.1730868816376,10.1,41.11328125,33,24639.32360601425,5.1,25.41015625,13,24637.054654598236,4.0,4.8125,398,1771013776.8685427
2026-02-13T23:16:19,gaming_1,14.9,44.3,27769.053058282898,9051.334319162623,0.0,73187.02777221496,61.0,3574.1875,172.275,62.0,1980.0,209.9,4150.36328125,146,5357.982792854309,99.0,39.375,2,1213.7048344612122,6.1,25.41015625,13,24638.588092327118,3.1,78.3125,105,24613.28738117218,2.1,20.8828125,7,8036.309771060944
2026-02-13T23:16:21,gaming_1,15.7,44.3,28246.42965631481,9124.343997307527,0.0,9757.869466437782,50.0,3574.1875,162.707,60.0,1980.0,229.5,4147.57421875,146,5359.507440805435,100.4,39.375,2,1215.2308750152588,7.2,25.41015625,13,24640.103177785873,4.1,4.8125,398,1771013779.916985,2.1,40.44140625,33,24642.381667137146
2026-02-13T23:16:22,gaming_1,15.8,44.3,24482.00500386668,10475.63919134683,0.0,163339.23929925996,49.0,3574.1875,157.738,61.0,1980.0,222.1,4152.3046875,145,5361.026955842972,100.0,40.02734375,2,1216.7458007335663,9.2,4.8125,398,1771013781.4531887,6.1,25.41015625,13,24641.637922763824,4.1,20.8828125,7,8039.357089757919
2026-02-13T23:16:24,gaming_1,16.6,44.3,38376.00529957912,10819.463029940198,0.0,25699.361825237025,84.0,3574.1875,181.157,64.0,1980.0,238.7,4161.3515625,145,5362.539779663086,99.2,40.02734375,2,1218.258608341217,6.2,25.44921875,14,24643.14372062683,4.1,4.8125,398,1771013782.9658108,4.1,207.71484375,277,24640.11278820038
2026-02-13T23:16:25,gaming_1,15.1,44.3,31929.120083288246,9602.782618775924,0.0,26382.54861471074,63.0,3574.1875,195.908,64.0,1980.0,250.1,4161.0,144,5364.051225662231,100.0,40.02734375,2,1219.7746934890747,8.3,40.51953125,33,24646.934461593628,5.2,25.41015625,13,24644.65335869789,4.1,20.86328125,6,8042.391356706619
2026-02-13T23:16:27,gaming_1,18.1,44.3,31408.005348460112,9696.696123040936,0.0,24254.241137181507,64.0,3574.1875,177.972,63.0,1980.0,262.4,4159.01953125,144,5365.575226545334,100.7,40.02734375,2,1221.294729232788,7.2,40.51953125,33,24648.45792722702,6.2,4.8125,398,1771013786.0000448,5.1,91.4375,147,24648.471911907196
2026-02-13T23:16:28,gaming_1,16.9,44.3,30255.550739149367,9515.350474738725,0.0,61815.28295022681,61.0,3574.1875,169.679,62.0,1980.0,246.7,4156.91796875,144,5367.0699763298035,99.0,40.02734375,2,1222.7945885658264,3.1,4.8125,398,1771013787.506818,3.1,40.51953125,33,24649.959089517593,3.1,25.41015625,13,24647.67919778824
2026-02-13T23:16:30,gaming_1,17.3,44.3,33952.178308971976,8711.318420415086,0.0,11177.584753290801,61.0,3574.1875,173.35,63.0,1980.0,267.7,4157.27734375,144,5368.581759214401,99.3,40.02734375,2,1224.3056206703186,11.4,131.92578125,32,24642.138376235962,8.3,4.8125,398,1771013789.018331,6.3,25.4453125,14,24649.176423549652
2026-02-13T23:16:32,gaming_1,17.8,44.3,29706.760383634195,8906.166165781442,0.0,15006.590230570257,52.0,3574.1875,170.959,62.0,1980.0,242.1,4145.0703125,144,5370.091912508011,99.6,40.02734375,2,1225.8124282360077,7.2,25.41015625,14,24650.69198346138,5.2,91.4375,147,24652.99260044098,4.2,4.8125,398,1771013790.521328
2026-02-13T23:16:33,gaming_1,15.7,44.3,33619.08756881987,9831.200001124642,0.0,15765.560231045141,62.0,3574.1875,176.327,63.0,1980.0,245.9,4148.7421875,144,5371.629474163055,99.3,40.02734375,2,1227.3534195423126,5.1,25.4453125,14,24652.233615398407,3.1,4.8125,398,1771013792.0479448,3.1,11.30078125,4,24641.129673480988
2026-02-13T23:16:35,gaming_1,16.3,44.3,31621.398282415703,9150.06364537595,0.0,15839.661287844536,59.0,3574.1875,173.376,62.0,1980.0,229.2,4149.36328125,144,5373.136103630066,100.6,39.375,2,1228.860791683197,5.2,40.51953125,33,24656.02552628517,5.1,4.8125,398,1771013793.5656621,4.1,25.41015625,13,24653.739990711212
2026-02-13T23:16:36,gaming_1,16.3,44.3,29347.106773841322,8950.851006317973,0.0,12548.281022991763,51.0,3574.1875,159.696,62.0,1980.0,238.4,4150.05078125,144,5374.67599606514,99.8,40.0390625,3,1230.3953597545624,6.2,40.51953125,33,24657.53414607048,6.2,25.44921875,14,24655.258938074112,5.1,207.8125,277,24652.246150016785
2026-02-13T23:16:38,gaming_1,15.6,44.3,27363.55387382959,10405.447073534222,0.0,75448.41728582203,60.0,3574.1875,162.403,62.0,1980.0,245.6,4151.53515625,144,5376.196514129639,100.3,40.0390625,3,1231.9210805892944,6.1,25.44921875,14,24656.799577474594,5.1,40.51953125,33,24659.07505249977,4.1,20.86328125,6,8054.529391527176
2026-02-13T23:16:39,gaming_1,18.6,44.3,30931.81058353791,9160.957077905421,0.0,80909.82575526617,63.0,3574.1875,173.341,63.0,1980.0,232.5,4159.8359375,144,5377.688374757767,99.5,39.38671875,3,1233.4133486747742,8.2,4.8125,398,1771013798.1339855,7.3,25.41015625,13,24658.298340559006,7.2,40.51953125,33,24660.588381290436
2026-02-13T23:16:41,gaming_1,15.6,44.3,45120.24006137232,9351.205459771962,0.0,18971.89810858634,55.0,3574.1875,168.211,63.0,1980.0,242.8,4161.2421875,144,5379.194623470306,99.7,40.0390625,3,1234.9171721935272,6.3,91.44140625,147,24662.093143701553,5.2,25.4453125,14,24659.797271728516,4.2,4.8125,398,1771013799.622218
2026-02-13T23:16:42,gaming_1,16.9,44.3,34899.18995498807,9572.481051764738,0.0,14509.311038599139,59.0,3574.1875,177.511,63.0,1980.0,245.1,4161.796875,144,5380.6801908016205,100.8,40.0390625,3,1236.4049589633942,5.2,40.51953125,33,24663.58634877205,5.2,25.41015625,13,24661.29456806183,4.2,20.86328125,6,8059.002306938171
2026-02-13T23:16:44,gaming_1,16.0,44.3,40959.568469276695,9459.790792530875,0.0,54995.27387370303,59.0,3574.1875,171.812,63.0,1980.0,226.1,4164.1875,144,5382.201363801956,99.5,40.0390625,3,1237.9127731323242,5.3,4.8125,398,1771013802.6075435,5.3,106.828125,37,24631.341391801834,4.2,25.41015625,13,24662.781427145004
2026-02-13T23:16:45,gaming_1,17.4,44.3,34593.81798218656,10111.130003390528,85112.45467885192,93756.68835717282,61.0,3574.1875,184.967,63.0,1980.0,241.0,4163.94921875,144,5383.69827413559,98.3,40.0390625,3,1239.4230308532715,10.1,4.8125,398,1771013804.1462655,6.1,19.42578125,11,24666.79949069023,4.1,91.4375,147,24666.61846756935
2026-02-13T23:16:47,gaming_1,17.2,44.3,29024.724830489307,10485.44571226066,0.0,17554.398822757605,56.0,3574.1875,170.068,62.0,1980.0,260.8,4154.36328125,144,5385.183959722519,97.9,40.0390625,3,1240.9061453342438,8.4,91.4453125,147,24668.10842037201,6.3,25.41015625,13,24665.793634414673,5.3,4.8125,398,1771013805.63757
2026-02-13T23:16:48,gaming_1,18.7,44.3,29228.168223345936,10089.75267258837,0.0,20890.23668397112,48.0,3574.1875,170.809,62.0,1980.0,340.5,4146.62109375,144,5386.808858394623,99.4,40.0390625,3,1242.5264806747437,6.9,25.41015625,13,24667.37629389763,6.1,106.9453125,37,24635.89274406433,5.1,4.8125,398,1771013807.1551652
2026-02-13T23:16:50,gaming_1,20.2,44.3,26244.45486269462,9146.577418645045,80590.22555906449,40924.72391671244,46.0,3574.1875,149.446,61.0,1980.0,310.6,4153.3203125,144,5388.473687887192,97.9,40.1015625,3,1244.1870000362396,6.7,106.9453125,37,24637.525757312775,4.8,91.44140625,147,24671.258149147034,3.8,4.8125,398,1771013808.7829578
2026-02-13T23:16:52,gaming_1,20.7,44.3,25378.914463598092,9498.63935043345,9832.303962440084,56843.007282856735,63.0,3574.1875,166.026,63.0,1980.0,348.1,4152.33203125,144,5390.116980791092,97.8,40.1015625,3,1245.8322923183441,7.6,25.4453125,13,24670.688849925995,6.6,4.8125,398,1771013810.448899,3.8,91.44140625,147,24672.924097061157
2026-02-13T23:16:53,gaming_1,21.4,44.3,27852.091992998805,9435.579348967713,39887.126892469074,69179.23570412604,69.0,3574.1875,189.063,64.0,1980.0,329.2,4151.640625,144,5391.754435062408,100.4,40.1015625,3,1247.4669137001038,7.7,25.41015625,13,24672.318717479706,6.7,106.9453125,37,24640.83796262741,5.7,40.51953125,33,24674.56254005432
2026-02-13T23:16:55,gaming_1,21.0,44.3,31058.16683793955,9061.906617925624,0.0,53127.4920953905,56.0,3574.1875,166.28,62.0,1980.0,325.5,4153.4609375,144,5393.357362031937,99.7,40.1015625,3,1249.0807530879974,4.8,91.43359375,147,24676.196593999863,4.8,106.9453125,37,24642.469624757767,4.8,40.51953125,33,24676.19236278534
2026-02-13T23:16:56,gaming_1,19.1,44.3,26110.83098769898,9564.506782741038,0.0,66522.47246150019,51.0,3574.1875,158.006,62.0,1980.0,230.9,4153.40234375,144,5394.868168115616,99.4,40.10546875,3,1250.590589761734,9.0,106.9609375,37,24644.025824308395,6.0,91.4375,147,24677.76650738716,6.0,40.51953125,33,24677.753926992416
2026-02-13T23:16:58,gaming_1,16.7,44.3,26669.04443204893,9529.086170693776,0.0,74950.80274761176,54.0,3574.1875,161.101,63.0,1980.0,219.6,4160.578125,144,5396.374402523041,99.5,40.10546875,3,1252.0989518165588,13.4,4.8125,398,1771013816.8130713,5.2,91.4453125,147,24679.282959461212,5.2,25.41015625,13,24676.976382493973
2026-02-13T23:16:59,gaming_1,16.6,44.3,39116.58292479099,9454.004495984891,0.0,5441.383041601083,57.0,3574.1875,181.524,63.0,1980.0,246.9,4164.98828125,144,5397.8870141506195,100.5,40.10546875,3,1253.6076183319092,8.3,106.9609375,37,24647.042961597443,7.3,4.8125,398,1771013818.3181276,6.2,25.44921875,14,24678.48560333252
2026-02-13T23:17:01,gaming_1,16.8,44.3,27029.630111732335,8947.639521963289,0.0,9120.496147442891,58.0,3574.1875,175.353,63.0,1980.0,228.4,4163.7734375,144,5399.384754419327,99.8,40.10546875,3,1255.1110203266144,8.3,25.41015625,13,24679.993088960648,6.2,208.21484375,276,24676.964930057526,6.1,106.9609375,37,24648.570513010025
2026-02-13T23:17:02,gaming_1,17.3,44.3,31232.26073707879,12336.316605284792,0.0,56726.10640183209,54.0,3574.1875,165.923,62.0,1980.0,265.5,4164.41796875,144,5400.891194343567,98.8,40.10546875,3,1256.6130483150482,8.4,106.96484375,37,24650.053426027298,7.4,40.51953125,33,24683.776925325394,5.2,25.44921875,14,24681.496658086777
2026-02-13T23:17:04,gaming_1,17.9,44.3,31892.75823657334,8875.712040752667,43260.34986633697,31431.347949760453,48.0,3574.1875,160.928,62.0,1980.0,285.6,4164.07421875,144,5402.420128107071,100.3,40.10546875,3,1258.1395816802979,7.2,106.97265625,37,24651.569630622864,6.1,25.4453125,14,24683.02508854866,5.2,91.421875,147,24685.31252503395
2026-02-13T23:17:05,gaming_1,19.4,44.3,33538.26663567738,8921.45106484415,0.0,10433.33858688523,59.0,3574.1875,173.444,62.0,1980.0,278.5,4163.97265625,144,5403.921306848526,99.6,40.10546875,3,1259.6454672813416,10.4,92.62890625,45,24660.456838846207,7.2,106.97265625,37,24653.08947300911,6.3,25.41015625,13,24684.525465250015
2026-02-13T23:17:07,gaming_1,18.0,44.3,37224.63409993912,10939.324464197009,86999.52285487716,43499.76142743858,69.0,3574.1875,191.828,65.0,1980.0,253.6,4149.99609375,144,5405.448881149292,99.4,40.10546875,3,1261.1702082157135,10.4,107.921875,37,24654.598502397537,6.2,4.8125,398,1771013825.8654373,6.1,20.86328125,6,8083.7868502140045
2026-02-13T23:17:08,gaming_1,17.8,44.3,33792.536264907496,9273.55659440971,0.0,46621.9607029493,67.0,3574.1875,193.168,65.0,1965.0,263.8,4150.078125,144,5406.971197128296,99.5,39.453125,3,1262.6934649944305,12.3,109.53125,37,24656.12843155861,5.1,4.8125,398,1771013827.3933825,4.1,25.44921875,14,24687.575028657913
2026-02-13T23:17:10,gaming_1,17.3,44.3,36214.03228281683,9620.217215533206,43185.872692457306,96830.82392761912,50.0,3574.1875,174.075,63.0,1965.0,260.8,4147.5625,144,5408.480388402939,99.1,40.10546875,3,1264.2067215442657,13.4,107.53515625,37,24657.642125844955,5.2,20.86328125,6,8086.815361022949,4.1,25.41015625,13,24689.081682682037
2026-02-13T23:17:11,gaming_1,17.5,44.3,32554.190661875167,9670.439514038615,0.0,52514.44367278667,52.0,3574.1875,163.753,63.0,1965.0,243.1,4148.26953125,144,5409.991168498993,100.4,39.453125,3,1265.7159841060638,9.3,4.8125,398,1771013830.4203699,9.3,25.41015625,13,24690.598948955536,7.2,107.53515625,37,24659.1537835598
2026-02-13T23:17:13,gaming_1,17.7,44.3,29504.813246899936,10518.308247063076,303286.9230016769,17939.963079340265,80.0,3574.1875,192.361,67.0,1965.0,259.5,4149.08984375,144,5411.484558582306,99.6,39.453125,3,1267.2068598270416,12.4,107.53515625,37,24660.660483121872,5.2,52.9765625,10,24677.786945343018,5.2,20.86328125,6,8089.821901798248
2026-02-13T23:17:14,gaming_1,19.9,44.3,28019.838158138227,8770.083549974157,0.0,10620.185099961074,68.0,3574.9375,182.877,65.0,1965.0,259.2,4155.55859375,144,5412.991887807846,100.3,40.10546875,3,1268.7171711921692,11.5,107.5390625,37,24662.160262823105,9.4,41.11328125,33,24695.881018400192,6.3,4.8125,398,1771013833.427749
2026-02-13T23:17:16,gaming_1,18.5,44.3,31261.54114119132,9204.252501585444,0.0,11552.932983459472,51.0,3574.9375,165.215,63.0,1965.0,279.2,4157.91015625,144,5414.508211135864,99.8,39.453125,3,1270.2356760501862,10.4,107.47265625,37,24663.669301509857,8.3,91.41796875,147,24697.404169797897,7.2,41.11328125,33,24697.39385676384
2026-02-13T23:17:17,gaming_1,18.3,44.3,21888.290874939037,9691.337050434251,0.0,22672.82453645888,57.0,3574.9375,162.262,63.0,1965.0,284.3,4158.8359375,144,5416.019750833511,99.5,40.1015625,3,1271.7436165809631,10.3,107.48828125,37,24665.183493614197,6.2,4.8125,398,1771013836.4491718,6.2,25.41015625,13,24696.625928878784
2026-02-13T23:17:19,gaming_1,19.6,44.3,26531.778273303247,9084.718995768077,0.0,60687.71402217932,51.0,3574.9375,158.631,62.0,1965.0,279.3,4158.2109375,144,5417.546897172928,100.6,40.1015625,3,1273.2663049697876,12.4,91.42578125,147,24700.43909597397,9.3,107.5,37,24666.70217204094,6.2,25.41015625,13,24698.148978710175
2026-02-13T23:17:20,gaming_1,19.7,44.3,28107.49072003925,9167.863994789212,0.0,15090.918513963237,58.0,3574.9375,159.055,63.0,1965.0,279.0,4157.48046875,144,5419.0647575855255,98.7,40.1015625,3,1274.7860589027405,18.4,91.44921875,147,24701.96845149994,13.3,107.51171875,37,24668.233484506607,8.2,4.8125,398,1771013839.4950957
2026-02-13T23:17:22,gaming_1,19.1,44.3,28743.72370568977,10154.554718139772,0.0,13470.126344161055,53.0,3602.37890625,168.339,63.0,1965.0,266.4,4169.76171875,144,5420.613608121872,100.0,40.1015625,3,1276.332509279251,19.6,91.421875,147,24703.48405623436,13.1,328.54296875,95,24670.93454527855,12.4,107.515625,37,24669.750857830048
2026-02-13T23:17:24,gaming_1,21.1,44.4,24146.368035855485,9075.564028936167,8056325.605437124,23067.03175640538,52.0,3602.37890625,160.784,63.0,1965.0,262.9,4165.6328125,144,5422.15273976326,99.3,39.44921875,3,1277.8740539550781,35.1,91.44140625,147,24705.044387102127,22.4,328.54296875,95,24672.466692209244,17.1,107.515625,37,24671.30612564087
2026-02-13T23:17:25,gaming_1,20.2,44.3,24184.7414615647,8781.403648237327,0.0,12809.340934180944,50.0,3602.37890625,163.48,63.0,1965.0,247.2,4168.1953125,144,5423.676176309586,99.5,40.1015625,3,1279.3975412845612,41.0,91.42578125,147,24706.567208766937,16.4,328.52734375,95,24673.99009490013,13.3,107.515625,37,24672.83031463623
2026-02-13T23:17:27,gaming_1,21.8,44.4,21069.1298036336,9958.059454410126,42909.55252838596,17096.77483552878,49.0,3602.37890625,158.758,62.0,1965.0,263.4,4167.15625,144,5425.176794528961,99.0,40.1015625,3,1280.8970799446106,49.3,91.44921875,147,24708.08686208725,23.9,328.515625,95,24675.491787433624,20.6,107.48828125,37,24674.34790611267
2026-02-13T23:17:28,gaming_1,21.1,44.4,23900.737816422814,9886.05908336225,0.0,131623.09908997666,50.0,3602.25390625,160.632,62.0,1965.0,247.0,4158.375,144,5426.688781261444,100.2,40.1015625,3,1282.4104027748108,46.9,91.4296875,147,24709.586752176285,15.5,328.26171875,95,24677.00499534607,10.4,107.48828125,37,24675.848395586014
2026-02-13T23:17:30,gaming_1,18.8,44.3,22171.298146649868,10475.962998123856,43033.26507741288,35636.92264223254,50.0,3602.25390625,157.885,62.0,1965.0,230.9,4156.59375,144,5428.211240768433,100.4,40.1015625,3,1283.9348096847534,39.1,91.453125,147,24711.10280895233,23.5,328.26171875,95,24678.532588005066,18.5,107.484375,37,24677.370210409164
2026-02-13T23:17:31,gaming_1,19.3,44.3,23640.071992023073,9707.667879262857,0.0,52259.27403467568,59.0,3578.7890625,169.555,63.0,1965.0,238.5,4159.96484375,144,5429.718489408493,99.3,40.1015625,3,1285.4458153247833,33.7,91.4375,147,24712.632352352142,15.4,107.484375,37,24678.89141178131,12.3,4.8125,398,1771013850.1593995
2026-02-13T23:17:33,gaming_1,20.4,44.3,31246.339185520595,9959.439182271779,0.0,19246.2789131291,52.0,3604.39453125,163.372,62.0,1965.0,256.7,4169.5078125,144,5431.228263139725,98.7,40.1015625,3,1286.9487700462341,26.3,91.4375,147,24714.118129491806,21.1,107.484375,37,24680.375349760056,18.6,328.26171875,95,24681.5450630188
2026-02-13T23:17:34,gaming_1,21.0,44.4,29604.175981254983,9362.268127145022,1118781.5206883359,16136.271933004844,52.0,3603.33203125,166.377,62.0,1965.0,254.7,4170.15625,144,5432.737035751343,100.3,40.1015625,3,1288.4602415561676,29.7,91.421875,147,24715.64176750183,16.4,107.48828125,37,24681.899121761322,12.4,328.26171875,95,24683.053168058395
2026-02-13T23:17:36,gaming_1,20.2,44.4,23231.796538311355,9622.000728359693,0.0,9524.996716045061,56.0,3603.33203125,166.317,63.0,1965.0,256.7,4170.375,144,5434.258748531342,99.5,40.1015625,3,1289.9831585884094,40.4,91.43359375,147,24717.150378227234,15.5,107.3203125,37,24683.409668684006,14.4,328.26171875,95,24684.575534582138
2026-02-13T23:17:37,gaming_1,20.8,44.3,27918.378948067482,9454.815865133707,0.0,13454.323854776148,52.0,3533.84375,161.566,62.0,1965.0,257.3,4170.69140625,144,5435.783172369003,98.7,39.44921875,3,1291.5029060840607,39.9,91.41015625,147,24718.676721334457,15.3,107.3203125,37,24684.937242507935,10.3,4.8125,398,1771013856.203545
2026-02-13T23:17:39,gaming_1,20.9,44.3,23977.756861311722,8982.470937179043,215049.03022538387,81987.4427734276,44.0,3533.59375,162.196,62.0,1965.0,264.6,4172.47265625,144,5437.271312236786,98.4,40.1015625,3,1292.9950141906738,44.3,91.4453125,147,24720.19219470024,20.6,107.3203125,37,24686.451068639755,9.2,4.8125,398,1771013857.7217257
2026-02-13T23:17:40,gaming_1,20.6,44.3,33759.11560424091,8788.007851733591,354337.2345281628,98965.28229985798,56.0,3533.59375,149.823,62.0,1980.0,248.0,4171.8359375,144,5438.760610818863,100.9,40.1015625,3,1294.4813828468323,34.8,91.41796875,147,24721.67361474037,23.2,106.91015625,37,24687.93155002594,6.3,4.8125,398,1771013859.2042747
2026-02-13T23:17:42,gaming_1,19.5,44.4,39024.3575166653,9135.872454219496,131897.9006813913,10991.491723449275,60.0,3533.59375,172.804,64.0,1980.0,267.0,4175.39453125,144,5440.232889652252,98.3,40.1015625,3,1295.958954334259,26.2,91.4453125,147,24723.1635119915,23.1,106.9140625,37,24689.41866993904,7.3,4.8125,398,1771013860.6928215
2026-02-13T23:17:43,gaming_1,20.1,44.4,34267.554673901126,11548.625071758124,44512.77378713994,20517.606667509815,52.0,3533.59375,170.158,62.0,1980.0,242.1,4176.38671875,144,5441.743488311768,99.7,40.1015625,3,1297.4640998840332,27.4,106.9140625,37,24690.900904417038,26.5,91.43359375,147,24724.637264966965,6.4,4.8125,398,1771013862.1653066
2026-02-13T23:17:45,gaming_1,19.7,44.4,38176.207285123804,9893.425803251585,86565.49445152147,56470.459271109714,59.0,3533.59375,163.986,64.0,1980.0,257.4,4175.65625,144,5443.248874425888,99.5,40.1015625,3,1298.9726452827454,31.0,106.8125,37,24692.414378643036,29.9,91.44140625,147,24726.15350651741,7.2,4.8125,398,1771013863.6824777
2026-02-13T23:17:46,gaming_1,20.1,44.4,31681.418631520824,8993.045917052628,0.0,32232.094422329956,50.0,3533.90625,167.164,62.0,1980.0,267.3,4167.21875,144,5444.757249355316,99.6,40.1015625,3,1300.4787261486053,29.1,106.8125,37,24693.918429851532,28.0,91.4375,147,24727.660325288773,4.1,4.8125,398,1771013865.188611
2026-02-13T23:17:48,gaming_1,20.1,44.4,29964.72972467231,9826.733495168495,87476.88214335269,67999.60760362181,46.0,3533.90625,155.466,62.0,1980.0,235.3,4170.50390625,144,5446.238212108612,99.9,40.1015625,3,1301.9652724266052,34.2,106.80859375,37,24695.424991846085,26.2,328.54296875,95,24696.56172299385,26.0,91.44140625,147,24729.162493944168
2026-02-13T23:17:49,gaming_1,18.9,44.3,39189.95925741552,8720.189488749122,0.0,12000.137892672727,59.0,3533.78125,170.831,63.0,1980.0,262.9,4164.234375,144,5447.723817586899,99.9,40.1015625,3,1303.4514751434326,47.4,328.52734375,95,24698.045157194138,28.3,91.4375,147,24730.651896715164,8.4,106.80859375,37,24696.908435583115
2026-02-13T23:17:51,gaming_1,22.3,44.4,30961.21840645451,9015.863577842027,44259.448347374906,10027.531266202128,51.0,3533.90625,164.657,62.0,1980.0,257.4,4166.7890625,144,5449.211493730545,98.2,40.1015625,3,1304.9319245815277,33.8,328.54296875,95,24699.52381324768,26.3,91.44140625,147,24732.13791680336,9.5,4.8125,398,1771013869.66314
2026-02-13T23:17:52,gaming_1,20.9,44.4,26653.074275583363,9491.946547481912,0.0,8252.81533824791,56.0,3533.90625,162.433,62.0,1980.0,208.6,4167.60546875,145,5450.694439172745,99.9,40.1015625,3,1306.4172790050507,31.6,91.4140625,147,24733.62273836136,8.4,328.54296875,95,24701.00773000717,6.3,25.41015625,13,24731.303873300552
2026-02-13T23:17:54,gaming_1,18.7,44.4,31807.32452505668,10145.579891853195,0.0,30178.61173306903,46.0,3533.90625,157.783,62.0,1980.0,254.4,4168.03125,145,5452.192757606506,100.2,40.1015625,3,1307.9141750335693,27.4,91.43359375,147,24735.10583972931,8.5,4.8125,398,1771013872.6280131,5.2,25.41015625,13,24732.800137519836
2026-02-13T23:17:55,gaming_1,19.1,44.3,35514.03761639357,9766.979312435336,0.0,7194.749353747927,56.0,3533.90625,164.087,62.0,1980.0,259.7,4167.39453125,145,5453.7395985126495,100.5,40.1015625,3,1309.4539654254913,7.4,41.11328125,33,24736.571225643158,5.2,4.8125,398,1771013874.1236491,5.2,91.42578125,147,24736.593166589737
2026-02-13T23:17:57,gaming_1,20.9,44.3,35962.35849408696,8769.708421892443,289100.4080166716,7743.760929017989,56.0,3533.90625,160.644,63.0,1980.0,350.8,4166.53515625,145,5455.347151041031,99.0,40.1015625,3,1311.0641112327576,6.9,4.8125,398,1771013875.7093036,4.8,25.41015625,13,24735.930911540985,3.9,41.11328125,33,24738.18333673477
2026-02-13T23:17:58,gaming_1,22.3,44.3,38813.21428661445,9730.820750732082,0.0,72274.72590318798,51.0,3533.90625,180.565,63.0,1980.0,340.8,4165.62109375,145,5456.960729598999,99.4,40.1015625,3,1312.6822316646576,7.8,4.8125,398,1771013877.3175397,7.7,25.44921875,14,24737.553560495377,3.9,41.11328125,33,24739.79576730728
2026-02-13T23:18:00,gaming_1,20.5,44.3,28404.257025040362,9031.5808460814,0.0,48296.66988590571,56.0,3533.90625,176.857,63.0,1980.0,345.7,4164.9453125,145,5458.588052272797,100.7,40.1015625,3,1314.2966313362122,6.8,25.4453125,14,24739.160171031952,2.9,4.8125,398,1771013878.938027,2.9,41.11328125,33,24741.409138679504
2026-02-13T23:18:02,gaming_1,20.9,44.4,31237.74444916254,8983.642104269875,0.0,13931.540533144609,56.0,3533.90625,174.814,63.0,1980.0,339.9,4166.046875,145,5460.206386566162,99.1,40.10546875,3,1315.9202086925507,7.7,4.8125,398,1771013880.555737,4.8,41.11328125,33,24743.02697992325,4.8,59.4140625,22,24699.86193728447
2026-02-13T23:18:03,gaming_1,21.4,44.3,33005.82508124105,9381.662430582219,80444.41044755153,14769.090980605164,42.0,3533.65625,159.46,61.0,1980.0,304.1,4170.13671875,145,5461.783635377884,99.3,40.10546875,3,1317.5090644359589,5.8,25.41015625,13,24742.389342308044,4.8,41.11328125,33,24744.659990549088,3.8,4.8125,398,1771013882.1893518
2026-02-13T23:18:05,gaming_1,18.2,44.4,35258.88466996543,9115.635721767107,0.0,22246.92428852439,48.0,3533.65625,152.734,62.0,1980.0,274.9,4174.15625,145,5463.2857837677,99.1,40.10546875,3,1319.0066828727722,5.2,25.4453125,14,24743.89202427864,5.2,20.859375,6,8141.6107630729675,5.1,4.8125,398,1771013883.7251909
2026-02-13T23:18:06,gaming_1,19.0,44.4,36830.76911329579,9068.88284699243,0.0,29870.180237831326,51.0,3533.65625,154.008,62.0,1980.0,261.2,4176.92578125,145,5464.761871099472,100.4,40.10546875,3,1320.485505580902,8.5,25.44921875,14,24745.370139837265,6.3,4.8125,398,1771013885.2164843,5.3,41.11328125,33,24747.66192626953
2026-02-13T23:18:08,gaming_1,16.2,44.4,43870.938424716194,9476.12811699073,0.0,74888.09209048441,56.0,3533.65625,163.65,63.0,1980.0,237.2,4178.28515625,145,5466.244368553162,99.3,40.1015625,3,1321.9642610549927,5.3,25.41015625,13,24746.856608629227,4.2,4.8125,398,1771013886.6953099,4.2,41.11328125,33,24749.15052962303
2026-02-13T23:18:09,gaming_1,16.6,44.4,32672.875780888728,8829.923301465447,232196.47896632584,52520.63214714513,53.0,3533.65625,161.833,62.0,1980.0,223.3,4176.65625,145,5467.720637083054,100.1,40.1015625,3,1323.4468228816986,3.2,41.11328125,33,24750.623173475266,3.2,25.41015625,13,24748.33098769188,3.2,20.859375,6,8146.044511795044
2026-02-13T23:18:11,gaming_1,16.5,44.4,26442.854496149488,9112.917052186733,44446.24037598494,100004.04084596611,52.0,3533.65625,168.105,62.0,1980.0,262.3,4177.48046875,145,5469.2100467681885,100.3,40.1015625,3,1324.9273149967194,5.3,4.8125,398,1771013889.6498983,5.3,25.41015625,13,24749.811363458633,3.2,91.44921875,147,24752.12196946144
2026-02-13T23:18:12,gaming_1,17.7,44.4,72280.8203094908,13316.56383443575,10983.06478043772,28830.54504864902,48.0,3533.65625,165.429,62.0,1980.0,233.0,4177.8828125,145,5470.7266726493835,100.5,40.10546875,3,1326.4209640026093,7.3,25.44921875,14,24751.306179761887,6.3,4.8125,398,1771013891.1420286,3.1,208.72265625,277,24748.2727997303
2026-02-13T23:18:14,gaming_1,18.9,44.5,112357.80328968483,17375.915287906468,12923718.393749071,228542.99311136274,49.0,3533.65625,159.032,62.0,1980.0,238.1,4178.2109375,145,5472.484785079956,99.4,40.10546875,3,1328.1964876651764,20.4,248.55859375,79,24753.061208486557,9.1,4.8125,400,1771013892.863736,7.1,41.11328125,33,24755.349858283997
2026-02-13T23:18:16,gaming_1,19.7,44.5,247754.57081121526,17041.023871295394,2879073.2800553567,308835.63355432515,64.0,3533.65625,171.325,64.0,1980.0,217.3,4177.95703125,145,5474.087668180466,100.7,40.10546875,3,1329.8097965717316,53.3,30.140625,20,2.9965248107910156,8.7,25.41015625,13,24754.682609319687,7.8,4.8125,400,1771013894.4689295
2026-02-13T23:18:17,gaming_1,17.2,44.5,245432.20219087484,18138.69319525233,3189156.4251096565,3034611.505508852,74.0,3533.65625,183.616,65.0,1980.0,253.6,4179.85546875,145,5475.597552061081,98.5,40.10546875,3,1331.3169090747833,10.2,256.9140625,80,24756.202766656876,7.3,20.859375,6,8153.936778783798,7.0,4.8125,400,1771013896.0406108
2026-02-13T23:18:19,gaming_1,18.1,44.5,35218.227575295605,10592.567391573897,2034283.0402454394,169013.48562386885,63.0,3533.65625,179.783,65.0,1980.0,224.7,4177.2421875,145,5477.203276395798,99.0,40.10546875,3,1332.9269559383392,31.1,31.921875,26,6.112642526626587,25.6,252.03125,80,24757.785264492035,6.2,4.8125,400,1771013897.551245
2026-02-13T23:18:20,gaming_1,19.9,44.5,35305.955044588256,17303.728533404214,897785.938242734,397618.5567001764,63.0,3533.65625,187.107,65.0,1965.0,238.4,4180.8828125,145,5478.697751283646,99.5,40.10546875,3,1334.418125152588,16.6,248.84765625,80,24759.29487133026,8.9,91.41796875,147,24761.603537082672,6.2,25.41015625,14,24759.300990343094
2026-02-13T23:18:22,gaming_1,15.6,44.5,44551.813612291866,9925.566537009958,609350.7527582993,46245.36962897808,66.0,3533.65625,186.763,66.0,1965.0,224.4,4180.65625,145,5480.201445102692,98.9,40.10546875,3,1335.9194519519806,5.2,4.8125,400,1771013900.638649,5.2,25.41015625,13,24760.80873990059,4.2,91.4296875,147,24763.11000561714
2026-02-13T23:18:23,gaming_1,16.0,44.5,34231.91252285026,10707.837459532762,43823.69548166734,70871.1325367589,69.0,3533.40625,189.22,66.0,1965.0,235.4,4174.0625,145,5481.68813252449,99.6,40.10546875,3,1337.4094614982605,6.3,4.8125,400,1771013902.134441,6.3,40.51953125,33,24764.578674793243,6.3,25.41015625,13,24762.29329586029
2026-02-13T23:18:25,gaming_1,16.8,44.5,31397.534492360868,9285.594838779563,132927.20475191294,86194.98433131856,63.0,3533.40625,195.835,65.0,1965.0,226.5,4173.65234375,145,5483.16495513916,97.4,39.453125,3,1338.8852689266205,6.3,91.43359375,147,24766.085772514343,4.2,40.51953125,33,24766.064889907837,4.2,89.1015625,56,24762.358585357666
2026-02-13T23:18:26,gaming_1,16.0,44.5,27197.730263763005,9407.784422955561,0.0,40393.76758562172,56.0,3533.40625,164.304,63.0,1965.0,200.3,4179.80859375,145,5484.670243740082,100.8,39.44140625,2,1340.389323234558,7.3,25.44921875,14,24765.2729241848,5.2,40.51953125,33,24767.56372332573,4.2,208.80078125,277,24762.24507546425
2026-02-13T23:18:28,gaming_1,15.0,44.5,20974.131191738546,9811.952629793526,43654.86269831287,101975.03083434023,61.0,3533.40625,168.582,64.0,1965.0,187.6,4182.453125,145,5486.1606113910675,98.3,39.44140625,2,1341.8832075595856,6.2,4.8125,400,1771013906.6117465,6.2,91.4453125,147,24769.0824842453,6.2,25.41015625,13,24766.774643182755
2026-02-13T23:18:29,gaming_1,14.9,44.5,20839.72149658301,9016.481911999605,0.0,37898.9671829105,48.0,3533.40625,166.155,62.0,1965.0,252.4,4172.83203125,145,5487.695996284485,100.2,39.44140625,2,1343.4114606380463,7.1,20.859375,6,8166.041669368744,6.3,4.8125,400,1771013908.0971558,4.2,91.41796875,147,24770.56766319275
2026-02-13T23:18:31,gaming_1,18.5,44.5,24030.257931080076,9557.034637378249,10564.904898374281,35326.400753939,49.0,3533.40625,155.62,63.0,1965.0,282.0,4174.19140625,145,5489.258489370346,97.9,40.09375,2,1344.9761278629303,9.0,25.41015625,13,24769.847542762756,4.0,4.8125,400,1771013909.6490579,4.0,20.859375,6,8167.6062779426575
2026-02-13T23:18:32,gaming_1,18.7,44.5,21529.703157630993,9448.658600989824,0.0,33302.74325289144,48.0,3533.40625,154.75,62.0,1965.0,296.9,4172.59765625,145,5490.836730957031,100.4,39.44140625,2,1346.5485980510712,5.0,4.8125,400,1771013911.21647,5.0,25.4453125,14,24771.422815322876,4.0,20.859375,6,8169.185304880142
2026-02-13T23:18:34,gaming_1,18.7,44.5,23640.637622758815,9067.329655341864,82970.75066915448,33058.65846974124,49.0,3533.40625,156.622,62.0,1965.0,279.2,4171.5625,145,5492.420360803604,99.4,40.09375,2,1348.1360564231873,5.9,4.8125,400,1771013912.7969153,4.9,106.88671875,37,24741.535346984863,4.9,328.54296875,95,24742.74226975441
2026-02-13T23:18:35,gaming_1,19.0,44.5,25574.943177063542,9060.065055162006,0.0,33122.354738591566,46.0,3533.40625,149.706,62.0,1980.0,298.2,4173.375,145,5493.981425285339,100.5,40.09375,2,1349.7055060863495,8.9,25.41015625,13,24774.577563524246,7.0,40.51953125,33,24776.83489370346,5.0,4.8125,400,1771013914.3738737
2026-02-13T23:18:37,gaming_1,19.6,44.5,21874.647832049406,9536.340191377285,33271.03116829727,39529.93802173933,43.0,3533.40625,151.814,62.0,1980.0,267.7,4173.984375,145,5495.528697013855,99.2,40.109375,3,1351.2490775585175,10.1,4.8125,400,1771013915.927215,7.0,106.89453125,37,24744.667986154556,5.1,25.41015625,13,24776.122574567795
2026-02-13T23:18:39,gaming_1,18.0,44.4,24315.369511897174,9678.205827829504,0.0,18194.69097480999,49.0,3533.40625,151.445,62.0,1980.0,286.8,4173.6171875,145,5497.081094503403,99.9,39.45703125,3,1352.7978699207306,6.1,25.4453125,14,24777.67108154297,4.1,106.8984375,37,24746.21045422554,4.0,4.8125,400,1771013917.4750872
2026-02-13T23:18:40,gaming_1,18.8,44.5,23920.734853452697,9183.449109983147,0.0,93097.74170687376,55.0,3533.21875,164.129,63.0,1980.0,311.7,4174.55859375,145,5498.675407409668,99.0,39.45703125,3,1354.3920402526855,6.9,106.90234375,37,24747.784259319305,5.9,20.859375,6,8177.034098863602,3.9,25.41015625,13,24779.255614042282
2026-02-13T23:18:42,gaming_1,19.0,44.5,22574.30100373173,9428.749381004747,0.0,58958.15887997446,46.0,3533.21875,154.191,62.0,1980.0,289.8,4175.15625,145,5500.25975894928,99.2,40.109375,3,1355.981832742691,6.8,25.41015625,13,24780.85323023796,4.9,106.90234375,37,24749.386548757553,4.0,20.859375,6,8178.6105082035065
2026-02-13T23:18:43,gaming_1,19.2,44.4,25487.205695653014,11905.578112639641,41434.01663161551,15861.45949179031,60.0,3533.21875,168.445,63.0,1980.0,319.3,4181.52734375,145,5501.835255384445,99.5,40.109375,3,1357.5519678592682,7.0,106.8828125,37,24750.958988428116,7.0,40.51953125,33,24784.682438135147,6.0,20.859375,6,8180.1831929683685
2026-02-13T23:18:45,gaming_1,19.8,44.5,33231.28490570286,9649.439117171141,0.0,16335.51391347581,63.0,3533.40625,173.245,64.0,1980.0,304.2,4186.5390625,145,5503.381427526474,97.8,40.109375,3,1359.1014428138733,8.0,106.8828125,37,24752.529856681824,7.0,25.41015625,13,24783.974498271942,6.1,20.859375,6,8181.72360253334
2026-02-13T23:18:46,gaming_1,19.8,44.5,37107.40764437477,9230.168002226987,0.0,56902.03114792561,57.0,3533.40625,174.56,63.0,1980.0,329.7,4186.4375,145,5504.95002579689,98.6,40.109375,3,1360.6702511310577,8.0,40.51953125,33,24787.8086104393,7.0,20.859375,6,8183.292023181915,6.0,106.8828125,37,24754.083322048187
2026-02-13T23:18:48,gaming_1,20.3,44.5,35316.03182886725,10060.063015084294,0.0,6874.216557876474,52.0,3533.40625,169.014,63.0,1980.0,314.7,4181.21875,145,5506.5233290195465,99.3,40.109375,3,1362.2429883480072,8.0,4.8125,400,1771013926.902018,8.0,20.859375,6,8184.863107919693,7.0,106.890625,37,24755.641977071762
2026-02-13T23:18:50,gaming_1,20.9,44.4,31916.38768313602,9212.596672485877,83564.9460938456,8160.639266977109,59.0,3533.40625,168.597,63.0,1980.0,337.8,4181.69921875,145,5508.078058242798,100.7,40.109375,3,1363.7944695949554,7.0,20.859375,6,8186.430258512497,5.0,4.8125,400,1771013928.4701016,5.0,106.890625,37,24757.20840239525
2026-02-13T23:18:51,gaming_1,20.0,44.5,39587.13453820997,8946.903985671299,10441.347311150264,35239.547175132146,52.0,3533.40625,160.56,62.0,1980.0,303.8,4176.3125,145,5509.6622133255005,98.6,40.109375,3,1365.3804993629456,5.9,20.859375,6,8188.012167215347,5.0,106.89453125,37,24758.77897143364,4.0,4.8125,400,1771013930.039876
2026-02-13T23:18:53,gaming_1,20.3,44.5,38245.52535842287,10044.694872582131,0.0,7452.0460416762535,64.0,3533.40625,173.616,64.0,1980.0,336.3,4176.703125,145,5511.237573623657,99.2,40.109375,3,1366.9560441970825,9.9,106.89453125,37,24760.36053466797,7.9,20.859375,6,8189.595377206802,6.0,25.4453125,14,24791.82344841957
2026-02-13T23:18:54,gaming_1,20.5,44.4,32568.453003536655,8692.454387673655,41373.27988601791,23918.927434104105,57.0,3533.40625,170.56,63.0,1980.0,344.6,4175.1875,145,5512.833923816681,99.9,40.10546875,3,1368.5505833625793,14.7,106.8984375,37,24761.957127809525,7.8,20.859375,6,8191.188958644867,5.9,4.8125,400,1771013933.2045162
2026-02-13T23:18:56,gaming_1,21.4,44.5,24594.04187600528,9220.489930641725,0.0,10285.86552894628,51.0,3533.40625,160.453,62.0,1980.0,331.7,4177.18359375,145,5514.42139339447,100.4,40.10546875,3,1370.1396923065186,8.9,106.82421875,37,24763.5408949852,5.9,40.51953125,33,24797.26438140869,5.9,20.859375,6,8192.768409252167
2026-02-13T23:18:57,gaming_1,22.2,44.4,22036.890156274832,9635.294701027495,0.0,691350.2449577695,66.0,3533.40625,179.238,64.0,1980.0,360.4,4174.71484375,145,5515.995072841644,99.2,40.10546875,3,1371.7143905162811,12.8,106.8359375,37,24765.122367620468,8.9,20.859375,6,8194.343669652939,6.9,25.41015625,13,24796.5865046978
2026-02-13T23:18:59,gaming_1,21.4,44.4,24299.60469043408,8543.574714577357,0.0,71928.76235891793,69.0,3533.40625,174.556,65.0,1980.0,294.4,4181.24609375,145,5517.571081876755,100.3,40.10546875,3,1373.2874507904053,10.0,20.859375,6,8195.91173696518,9.9,106.84375,37,24766.69890809059,7.0,4.8125,400,1771013937.9518335
2026-02-13T23:19:01,gaming_1,20.3,44.5,30668.33118186111,9856.609563024946,0.0,14337.812373979852,60.0,3533.40625,189.144,65.0,1980.0,342.2,4178.82421875,145,5519.137533664703,99.3,40.10546875,3,1374.8614854812622,13.0,106.84765625,37,24768.261709213257,7.0,25.41015625,13,24799.729946374893,5.0,4.8125,400,1771013939.5244613
2026-02-13T23:19:02,gaming_1,21.8,44.5,22674.373410209097,9529.929198297861,0.0,32959.5839153544,65.0,3533.40625,184.834,65.0,1980.0,350.1,4179.29296875,145,5520.721794128418,98.8,39.45703125,3,1376.4270904064178,9.0,106.83203125,37,24769.830950260162,8.1,25.41015625,13,24801.27906847,6.8,20.859375,6,8199.091940402985
2026-02-13T23:19:04,gaming_1,23.1,44.5,27406.154788455227,10190.103264586587,81208.5617496135,28232.664045764068,63.0,3533.40625,181.675,65.0,1980.0,437.3,4178.65234375,145,5522.451068401337,100.0,40.10546875,3,1378.1607818603516,11.5,106.83203125,37,24771.4675989151,9.8,20.859375,6,8200.840990543365,7.7,91.44140625,147,24805.18515563011
2026-02-13T23:19:06,gaming_1,26.6,44.4,26791.761486070616,9347.095813986016,0.0,12906.611982683235,65.0,3533.40625,185.963,65.0,1980.0,463.9,4177.8359375,145,5524.168524980545,99.9,40.10546875,3,1379.8814160823822,11.6,106.83203125,37,24773.215095996857,9.1,20.859375,6,8202.558569669724,8.9,91.42578125,147,24806.93587899208
2026-02-13T23:19:07,gaming_1,27.9,44.4,26558.503532298902,9439.415539284833,0.0,14003.458204632896,50.0,3533.40625,168.493,64.0,1980.0,452.5,4170.8515625,145,5525.905181646347,100.3,40.109375,3,1381.6100294589996,19.1,91.4296875,147,24808.651160001755,14.6,106.83203125,37,24774.927336215973,9.0,20.859375,6,8204.299598455429
2026-02-13T23:19:09,gaming_1,27.2,44.4,24824.874383724036,9741.31926039088,0.0,77838.76308891841,46.0,3533.40625,154.875,62.0,1980.0,462.6,4172.80078125,145,5527.68528175354,100.0,39.4609375,3,1383.391448020935,25.0,91.4375,147,24810.401830911636,15.1,106.83203125,37,24776.68817615509,7.9,328.26171875,95,24778.020780324936
2026-02-13T23:19:11,gaming_1,28.2,44.4,20940.55015295275,9528.620516319928,9227.31358469092,42964.6788787171,48.0,3533.40625,154.553,62.0,1980.0,375.9,4174.07421875,145,5529.302175760269,99.8,40.109375,3,1385.0210514068604,31.9,91.4375,147,24812.162770986557,19.5,328.26171875,95,24779.623847723007,18.8,106.83203125,37,24778.43177461624
2026-02-13T23:19:12,gaming_1,24.2,44.4,21618.526550774677,9246.920810186846,0.0,8177.46209550861,46.0,3533.40625,152.374,62.0,1980.0,354.0,4178.359375,145,5530.8736662864685,99.5,40.109375,3,1386.588719367981,37.0,91.42578125,147,24813.72950196266,16.0,106.83203125,37,24779.991580963135,10.9,328.26171875,95,24781.203710079193
2026-02-13T23:19:14,gaming_1,24.3,44.5,22322.162623629076,9916.823809129002,0.0,49762.72664050172,50.0,3533.40625,157.853,62.0,1980.0,322.0,4179.0625,145,5532.460652828217,100.3,40.109375,3,1388.178317308426,42.3,91.4375,147,24815.315011262894,26.7,328.26171875,95,24782.782284021378,17.7,106.8125,37,24781.580394268036
2026-02-13T23:19:16,gaming_1,24.8,44.4,28096.80091808824,8903.286650151673,41523.327206400514,10380.831801600129,52.0,3568.21484375,159.991,62.0,1980.0,363.4,4186.640625,145,5534.05948972702,100.5,40.109375,3,1389.7796621322632,37.7,91.421875,147,24816.89008831978,14.6,328.26171875,95,24784.391918182373,13.9,4.8125,400,1771013954.4163666
2026-02-13T23:19:17,gaming_1,25.5,44.5,31302.24400827871,9323.930158568837,15883948.04879126,13095.277521380985,45.0,3566.90234375,160.961,62.0,1980.0,352.7,4194.53125,145,5535.6722712516785,99.7,40.109375,3,1391.3932478427887,38.0,91.44140625,147,24818.534553527832,23.4,328.26171875,95,24785.99153494835,14.2,106.81640625,37,24784.804443836212
2026-02-13T23:19:19,gaming_1,24.4,44.5,34099.98566007463,10040.558449060025,125912.36864094867,2420534.128404904,51.0,3536.46484375,164.382,63.0,1980.0,329.8,4199.02734375,145,5537.254827260971,99.8,40.109375,3,1392.97411942482,33.1,91.44140625,147,24820.09415102005,14.1,106.8203125,37,24786.360427618027,14.0,4.8125,400,1771013957.6202142
2026-02-13T23:19:20,gaming_1,23.0,44.5,51033.24056899139,36181.59910050604,123002.29688849431,42282.03955541992,56.0,3536.46484375,169.009,63.0,1980.0,335.8,4202.87109375,145,5538.846072912216,100.2,40.11328125,3,1394.5652096271515,34.2,91.41796875,147,24821.692326068878,20.6,328.578125,95,24789.168993234634,18.6,106.83984375,37,24787.956612348557
2026-02-13T23:19:22,gaming_1,23.7,44.5,35492.77266239631,15617.021896663755,165417.13152365846,10015.490385221508,47.0,3536.46484375,158.302,62.0,1980.0,339.1,4202.20703125,145,5540.422416210175,99.3,40.109375,3,1396.1393716335297,31.6,91.4453125,147,24823.275858402252,20.6,106.8359375,37,24789.546177387238,9.9,328.54296875,95,24790.748646497726
2026-02-13T23:19:23,gaming_1,23.8,44.5,29538.119251057673,10564.030727666588,41506.25406285116,28535.549668210177,49.0,3536.77734375,153.539,62.0,1980.0,344.5,4201.48828125,145,5541.991632223129,99.2,40.11328125,3,1397.7146639823914,34.5,91.4296875,147,24824.859545469284,20.8,106.83984375,37,24791.126326084137,14.0,328.54296875,95,24792.314027309418
2026-02-13T23:19:25,gaming_1,24.3,44.5,34819.579983706746,8881.387356441604,41569.104541619556,14614.138315413124,44.0,3536.90234375,145.319,61.0,1980.0,338.0,4203.16796875,145,5543.59547662735,98.6,40.11328125,3,1399.3145537376404,28.7,91.43359375,147,24826.437995433807,14.9,106.83984375,37,24792.7003967762,9.9,4.8125,400,1771013963.9596324
2026-02-13T23:19:27,gaming_1,22.7,44.6,31723.427025968016,9338.943340569313,0.0,14131.361873747008,45.0,3536.90234375,151.374,61.0,1980.0,352.8,4195.0703125,145,5545.163119792938,98.6,40.11328125,3,1400.8839313983917,30.4,91.4375,147,24828.02879667282,20.6,106.84375,37,24794.294464111328,11.0,328.54296875,95,24795.482763051987
2026-02-13T23:19:28,gaming_1,23.4,44.5,27420.51556024446,9375.738913266949,83524.5599700758,76346.66809764742,50.0,3536.90234375,155.926,61.0,1980.0,333.5,4195.87890625,145,5546.740430593491,100.0,40.11328125,3,1402.461992263794,29.9,91.4296875,147,24829.594234466553,23.9,106.84375,37,24795.860696315765,8.0,4.8125,400,1771013967.1219633
2026-02-13T23:19:30,gaming_1,23.6,44.5,29954.470463338486,10121.724007508632,83459.65079970882,85089.72210439063,52.0,3536.90234375,160.482,63.0,1980.0,325.5,4195.4921875,145,5548.331074714661,99.3,40.11328125,3,1404.051049232483,27.8,91.43359375,147,24831.169152259827,23.8,106.8515625,37,24797.434736013412,15.9,4.8125,400,1771013968.6928325
2026-02-13T23:19:31,gaming_1,24.7,44.5,26687.835641701244,9653.24640482613,30720.386357398118,52480.660027221784,59.0,3536.90234375,167.297,63.0,1980.0,322.3,4194.47265625,145,5549.91161441803,99.9,40.1171875,3,1405.6304359436035,24.4,91.421875,147,24832.767428159714,23.5,106.85546875,37,24799.033869981766,11.7,4.8125,400,1771013970.2933779
2026-02-13T23:19:33,gaming_1,23.5,44.5,28497.435738289623,9698.583967724406,83517.03553101461,12070.821541591955,53.0,3539.33984375,161.382,63.0,1980.0,308.2,4201.98046875,145,5551.478068113327,99.9,39.46484375,3,1407.1942729949951,33.8,106.86328125,37,24800.60341835022,26.9,91.44140625,147,24834.334743738174,9.0,4.8125,400,1771013971.8616924
2026-02-13T23:19:34,gaming_1,22.1,44.5,49228.26463594138,12788.30542961685,208450.07825582498,30290.401996549568,56.0,3539.33984375,166.288,63.0,1980.0,332.4,4214.046875,145,5553.043536186218,100.4,40.1171875,3,1408.76602268219,32.0,106.8671875,37,24802.166749238968,24.8,91.421875,147,24835.90785241127,14.9,4.8125,400,1771013973.4341938
2026-02-13T23:19:36,gaming_1,23.1,44.6,43552.05776081766,9173.42813231654,41877.24896067823,8833.482202643065,50.0,3539.33984375,155.793,62.0,1980.0,328.0,4217.65625,145,5554.630138874054,100.0,39.46484375,3,1410.3441846370697,28.9,91.4375,147,24837.47412252426,26.6,328.53515625,95,24804.94971704483,23.8,106.859375,37,24803.740446329117
2026-02-13T23:19:38,gaming_1,23.5,44.6,39336.929712127545,9713.095127819888,82804.21493291762,66954.97066841387,59.0,3539.33984375,152.174,62.0,1980.0,324.7,4214.3828125,145,5556.1989822387695,99.1,40.1171875,3,1411.9207510948181,38.7,328.52734375,95,24806.524613380432,25.7,91.4375,147,24839.05559182167,18.8,4.8125,400,1771013976.5833025
2026-02-13T23:19:39,gaming_1,24.7,44.6,35472.51392122522,9390.509181487465,82968.17117869397,19769.759538673174,45.0,3539.33984375,146.737,61.0,1980.0,306.1,4214.9609375,145,5557.781563282013,98.9,40.11328125,3,1413.5001339912415,34.6,328.54296875,95,24808.106231212616,31.6,91.44140625,147,24840.63740992546,8.9,4.8125,400,1771013978.1630797
2026-02-13T23:19:41,gaming_1,24.6,44.6,29230.28266293891,9161.02251942705,0.0,31081.837431827043,45.0,3539.33984375,146.71,61.0,1980.0,312.8,4215.35546875,145,5559.369834661484,98.3,40.1171875,3,1415.0908765792847,33.6,91.4453125,147,24842.217493772507,11.9,4.8125,400,1771013979.742945,7.9,328.546875,95,24809.69488120079
2026-02-13T23:19:42,gaming_1,22.8,44.6,34609.31660232822,9949.563495945084,41339.92222597204,10657.948698883416,54.0,3539.33984375,161.111,62.0,1980.0,299.3,4202.21875,145,5560.962132930756,100.4,40.1171875,3,1416.6779494285583,16.8,4.8125,400,1771013981.3290215,13.8,91.44140625,147,24843.804956436157,5.9,20.91796875,8,8239.314683198929
2026-02-13T23:19:44,gaming_1,22.5,44.5,36958.87194686859,10436.419949843588,0.0,21830.953915750684,50.0,3539.33984375,159.464,62.0,1980.0,314.8,4203.04296875,145,5562.545919895172,100.3,40.11328125,3,1418.2663488388062,7.8,40.51953125,33,24845.39410495758,6.9,4.8125,400,1771013982.9234633,6.9,25.41015625,13,24843.130532741547
2026-02-13T23:19:46,gaming_1,22.4,44.5,28461.764522461206,7815.467811674706,41302.67708297021,28395.59049454202,59.0,3526.85546875,192.436,64.0,1980.0,342.1,4203.25390625,145,5564.107339382172,99.2,40.1171875,3,1419.8265345096588,12.8,4.8125,400,1771013984.509856,7.1,20.91796875,8,8242.448428153992,7.0,25.44921875,14,24844.695726633072
2026-02-13T23:19:47,gaming_1,21.9,44.5,158646.57248488854,7735.3117269640725,42340.38163687609,54579.39820378559,11.0,3467.16015625,104.396,56.0,1980.0,264.1,4173.55078125,144,5565.657531499863,99.5,40.11328125,3,1421.3806076049805,13.1,4.8125,400,1771013986.0629644,7.2,20.91796875,8,8243.970452070236,7.0,40.51953125,33,24848.538076877594
2026-02-13T23:19:49,gaming_1,16.7,44.7,22198.550993839275,7623.718194860188,43130.86978749632,63685.424920600024,42.0,3507.359375,100.955,57.0,1815.0,344.0,4213.58203125,144,5567.211104154587,100.2,40.11328125,3,1422.9251267910004,9.3,4.8125,400,1771013987.5766234,7.2,25.41015625,13,24847.7892973423,4.9,20.91796875,8,8245.572950839996
2026-02-13T23:19:50,gaming_1,23.4,44.6,27074.546532545908,9050.168063217756,81605.91829816165,36977.68172885449,41.0,3507.109375,154.657,61.0,1995.0,329.4,4217.19921875,144,5568.833617210388,100.2,40.11328125,3,1424.5475494861603,24.3,4.8125,400,1771013989.1845305,6.8,25.41015625,13,24849.405374526978,3.9,20.91796875,8,8247.19084405899
2026-02-13T23:19:52,gaming_1,20.1,44.6,25549.049858561662,7952.246842467929,81013.28292678039,9493.744092982077,42.0,3507.109375,140.646,60.0,1995.0,327.3,4219.8515625,144,5570.404256343842,99.2,40.1171875,3,1426.1233079433441,16.4,4.8125,400,1771013990.8017893,5.8,40.51953125,33,24853.26823425293,4.9,25.41015625,13,24851.003208637238
2026-02-13T23:19:53,gaming_1,20.2,44.6,25322.899300930105,9484.770619775843,0.0,25642.011878646634,41.0,3521.859375,140.473,60.0,1995.0,306.7,4220.65234375,144,5571.978788614273,98.4,40.1171875,3,1427.695740222931,14.0,4.8125,400,1771013992.3597126,6.0,40.51953125,33,24854.829013824463,5.0,25.44921875,14,24852.56435275078
2026-02-13T23:19:55,gaming_1,19.3,44.7,25162.337916687608,9443.120817712634,0.0,6521.281168962595,39.0,3522.109375,137.772,59.0,1995.0,284.1,4222.22265625,144,5573.524353027344,98.9,40.11328125,3,1429.2436633110046,10.9,4.8125,400,1771013993.9319482,7.0,40.51953125,33,24856.398602962494,7.0,25.41015625,13,24854.123216867447
2026-02-13T23:19:56,gaming_1,19.1,44.6,24494.356716849732,9032.314361883073,0.0,9988.937187596228,43.0,3521.859375,146.142,60.0,1995.0,306.5,4224.08203125,144,5575.063624382019,100.4,40.11328125,3,1430.7843234539032,12.2,4.8125,400,1771013995.467359,6.1,25.41015625,13,24855.659151554108,5.1,91.4375,147,24857.943922281265
2026-02-13T23:19:58,gaming_1,19.2,44.7,25039.418482634108,9684.856804074065,0.0,71835.65861271412,45.0,3521.859375,151.912,60.0,1995.0,269.7,4221.60546875,144,5576.656834125519,99.5,40.11328125,3,1432.369692325592,10.1,4.8125,400,1771013997.0135572,4.9,25.4453125,14,24857.24221944809,3.9,20.9296875,8,8255.005504846573
2026-02-13T23:20:00,gaming_1,17.7,44.7,19436.65301477053,9108.175098989172,0.0,21776.557083258274,48.0,3521.359375,151.358,60.0,1995.0,262.0,4220.8046875,144,5578.213284492493,100.9,40.11328125,3,1433.9344613552094,11.7,4.8125,400,1771013998.6133933,8.0,25.41015625,13,24858.805941820145,4.9,91.421875,147,24861.08948159218
2026-02-13T23:20:01,gaming_1,18.4,44.7,23737.153088385738,12400.778207118217,41895.93775552632,34695.07345379523,51.0,3521.234375,159.552,62.0,1980.0,323.4,4221.125,144,5579.788339853287,99.0,40.11328125,3,1435.5133068561554,12.0,4.8125,400,1771014000.1790934,5.0,40.51953125,33,24862.63694691658,5.0,25.44140625,14,24860.375156641006
2026-02-13T23:20:03,gaming_1,21.1,44.6,27629.462364180963,10013.944986159873,0.0,99304.05651444013,45.0,3521.234375,149.013,60.0,1980.0,318.9,4222.1015625,144,5581.391028165817,99.0,40.11328125,3,1437.1065046787262,14.9,4.8125,400,1771014001.7539759,8.7,25.4453125,14,24861.983244419098,3.9,40.51953125,33,24864.230637073517
2026-02-13T23:20:04,gaming_1,19.9,44.6,29583.84976881847,8893.15879492882,0.0,12802.747934777328,42.0,3521.046875,148.104,60.0,1980.0,289.3,4220.73828125,144,5582.97379899025,100.5,40.11328125,3,1438.6917300224304,10.7,4.8125,400,1771014003.353816,4.9,25.4453125,14,24863.565616607666,3.9,20.9296875,8,8261.328604459763
2026-02-13T23:20:06,gaming_1,19.4,44.6,30752.851350367764,9030.86507232668,0.0,35597.58684724514,43.0,3521.046875,147.512,60.0,1980.0,285.6,4220.73828125,144,5584.565816640854,100.3,40.11328125,3,1440.2807412147522,13.8,4.8125,400,1771014004.9383738,6.9,25.41015625,13,24865.153527498245,4.9,40.51953125,33,24867.41735458374
2026-02-13T23:20:08,gaming_1,19.2,44.6,31633.104228614116,9314.586767927603,0.0,17072.652923639544,42.0,3521.046875,144.736,60.0,1980.0,322.1,4220.16796875,144,5586.147378444672,98.3,40.11328125,3,1441.869977235794,13.8,4.8125,400,1771014006.5291026,7.0,25.41015625,13,24866.727799892426,4.0,20.9296875,8,8264.493664503098
2026-02-13T23:20:09,gaming_1,20.0,44.6,25226.729620064612,9029.11453822222,83120.10821420584,43183.49372066163,41.0,3521.046875,135.215,59.0,1980.0,286.8,4222.40234375,144,5587.732654571533,99.8,40.11328125,3,1443.4519972801208,13.9,4.8125,400,1771014008.1027758,6.8,25.41015625,13,24868.325135231018,4.9,20.9296875,8,8266.100276947021
2026-02-13T23:20:11,gaming_1,20.3,44.7,26542.58677464243,8922.871840693919,202918.08208470978,9511.78509772077,47.0,3521.046875,142.597,59.0,1980.0,376.2,4222.12109375,144,5589.465010643005,100.0,40.11328125,3,1445.1718382835388,7.7,4.8125,400,1771014009.7195253,7.4,25.41015625,13,24870.012674093246,3.6,78.3125,105,24844.796214818954
2026-02-13T23:20:13,gaming_1,23.0,44.6,25991.126979477645,10459.760317679185,0.0,89066.80687108249,44.0,3520.921875,145.79,59.0,1980.0,374.7,4221.00390625,144,5591.195301294327,100.1,40.11328125,3,1446.9046058654785,14.3,4.8125,400,1771014011.47303,8.0,40.51953125,33,24873.964495658875,4.5,20.9296875,8,8269.587926387787
2026-02-13T23:20:14,gaming_1,22.0,44.7,26549.957789591062,9069.563205096543,0.0,67513.36119819859,43.0,3520.921875,140.624,59.0,1980.0,359.5,4221.4140625,144,5592.9204931259155,99.4,40.1171875,3,1448.6330027580261,12.7,4.8125,400,1771014013.2017536,9.1,40.51953125,33,24875.689207553864,6.3,91.4453125,147,24875.6764588356
2026-02-13T23:20:16,gaming_1,22.6,44.7,24461.502160048916,9158.227226270812,0.0,22043.511412804048,56.0,3520.921875,147.633,59.0,1980.0,402.7,4230.7265625,144,5594.644088745117,99.9,40.1171875,3,1450.353631734848,6.4,4.8125,400,1771014014.9198005,6.3,25.41015625,13,24875.19921731949,4.6,328.5625,95,24844.977437973022
2026-02-13T23:20:18,gaming_1,24.5,44.7,37579.88273442968,9651.901166057203,0.0,15711.697063115073,80.0,3520.921875,189.191,64.0,1980.0,330.6,4230.95703125,144,5596.254728794098,99.2,40.1171875,3,1451.975777387619,10.0,4.8125,400,1771014016.6471643,6.3,91.43359375,147,24879.12511563301,4.7,25.41015625,13,24876.851825475693
2026-02-13T23:20:19,gaming_1,20.6,44.7,36479.06244153128,9185.923296299172,0.0,50362.340089416386,52.0,3521.109375,164.745,62.0,1980.0,297.7,4233.27734375,144,5597.840181827545,100.6,40.1171875,3,1453.560578584671,7.9,133.20703125,32,24871.393630504608,5.9,4.8125,400,1771014018.221464,5.0,107.2265625,37,24846.957053899765
2026-02-13T23:20:21,gaming_1,20.0,44.7,31348.731562537156,9994.492753912951,83269.65129931847,13661.427166294437,53.0,3521.109375,154.187,61.0,1980.0,313.1,4232.66796875,144,5599.416972398758,99.4,40.12109375,3,1455.1324417591095,12.9,4.8125,400,1771014019.7952132,7.9,25.41015625,13,24880.00125312805,4.9,20.9296875,8,8277.767718553543
2026-02-13T23:20:22,gaming_1,20.1,44.7,28028.943125273105,10115.337517631424,0.0,9075.821670594823,59.0,3521.109375,163.407,62.0,1980.0,279.6,4230.2578125,144,5601.021185874939,100.1,40.12109375,3,1456.7248139381409,4.9,107.2265625,37,24850.132266044617,4.9,25.41015625,13,24881.595967769623,4.9,132.72265625,32,24874.55793595314
2026-02-13T23:20:24,gaming_1,19.1,44.7,26915.597351500863,10602.414634451074,40884.95707463287,76020.46706064549,53.0,3521.109375,168.61,62.0,1980.0,299.1,4228.37890625,144,5602.608334064484,100.4,40.12109375,3,1458.327805519104,4.9,40.51953125,33,24885.45152759552,4.9,25.41015625,13,24883.194581270218,3.9,4.8125,400,1771014022.9786546
2026-02-13T23:20:26,gaming_1,18.2,44.7,24768.67688880013,9433.836767207596,0.0,100400.38152248776,41.0,3521.109375,143.627,60.0,1980.0,270.0,4221.359375,144,5604.1769824028015,99.5,40.1171875,3,1459.897672176361,5.9,107.22265625,37,24853.310672044754,5.0,20.9296875,8,8282.520043849945,3.0,40.51953125,33,24887.033077955246
2026-02-13T23:20:27,gaming_1,16.9,44.7,22344.09894657718,8962.218280498562,0.0,10871.249915091083,49.0,3521.234375,145.132,60.0,1980.0,246.3,4223.87109375,144,5605.756298065186,100.1,40.1171875,3,1461.4751825332642,5.0,40.51953125,33,24888.591058015823,4.9,20.9296875,8,8284.109882354736,4.0,25.41015625,13,24886.334040164948
2026-02-13T23:20:29,gaming_1,18.7,44.7,30517.041507697617,9342.451504054909,82343.74309323415,13831.175597691674,64.0,3521.234375,159.003,61.0,1980.0,324.0,4224.21875,144,5607.347691059113,99.8,40.1171875,3,1463.071707725525,7.8,107.23828125,37,24856.465667247772,7.8,25.41015625,13,24887.934590816498,3.9,4.8125,400,1771014027.7252564
2026-02-13T23:20:30,gaming_1,19.9,44.7,32403.46495969677,9462.858363266636,0.0,7424.51996041228,60.0,3521.234375,172.681,62.0,1980.0,283.5,4224.40625,144,5608.912907361984,98.9,40.12109375,3,1464.636442899704,6.1,20.9296875,8,8287.246767282486,3.9,4.8125,400,1771014029.3076863,3.9,91.44921875,147,24891.7847969532
2026-02-13T23:20:32,gaming_1,18.1,44.7,31008.540488445928,9317.220189246085,42318.47961206123,11240.846146953763,48.0,3521.859375,158.945,61.0,1980.0,211.5,4226.609375,144,5610.427758216858,99.3,40.1171875,3,1466.1486687660217,11.3,107.25,37,24859.578944206238,7.3,25.44140625,14,24891.02774834633,5.2,40.51953125,33,24893.305334806442
2026-02-13T23:20:33,gaming_1,15.8,44.7,26061.361572022968,9411.175068830473,43085.62831371805,66311.47482658169,48.0,3521.484375,162.759,61.0,1980.0,245.2,4231.48046875,144,5611.912503480911,100.5,39.46875,3,1467.6407809257507,9.4,25.41015625,13,24892.5301964283,6.2,40.51953125,33,24894.82341194153,5.2,209.9140625,277,24889.49756860733
2026-02-13T23:20:35,gaming_1,17.8,44.7,36883.8882112258,9757.86110484576,22206.09713755024,51351.59963058493,48.0,3521.484375,162.163,60.0,1980.0,243.5,4233.91015625,144,5613.388490200043,98.4,40.12109375,3,1469.1174139976501,7.4,40.51953125,33,24896.29751944542,6.4,107.25,37,24862.573907613754,5.3,25.41015625,13,24894.001724243164
2026-02-13T23:20:36,gaming_1,17.4,44.7,33550.76691601924,9552.771824300977,0.0,89922.53594405059,53.0,3521.609375,157.482,61.0,1980.0,268.0,4234.39453125,144,5614.863399267197,98.6,40.12109375,3,1470.5911960601807,7.4,20.9296875,8,8293.188836812973,5.3,40.51953125,33,24897.768894433975,4.3,4.8125,400,1771014035.3196213
2026-02-13T23:20:38,gaming_1,17.9,44.7,39633.49202804179,9720.142747934944,0.0,30214.517694627644,57.0,3521.609375,166.642,61.0,1980.0,273.0,4233.796875,144,5616.385531902313,100.0,40.12109375,3,1472.1070640087128,6.4,107.25,37,24865.518680095673,5.3,4.8125,400,1771014036.7944112,5.3,91.44140625,147,24899.26516509056
2026-02-13T23:20:39,gaming_1,19.5,44.7,38329.02103369906,9081.705304656218,0.0,27367.476147118894,55.0,3521.609375,171.511,63.0,1980.0,363.4,4231.55078125,144,5617.9680807590485,99.6,39.46875,3,1473.691306591034,7.9,107.2734375,37,24867.099693775177,6.9,209.96484375,277,24895.54705476761,6.8,25.4453125,14,24898.569351673126
2026-02-13T23:20:41,gaming_1,21.5,44.7,36398.28272565435,9665.498040494524,0.0,15323.179711869043,63.0,3521.984375,180.97,63.0,1980.0,349.3,4230.15625,144,5619.533754348755,100.2,40.10546875,2,1475.250550031662,8.1,25.44921875,14,24900.11980009079,6.0,107.2734375,37,24868.657534837723,5.0,20.9296875,8,8297.878781557083
2026-02-13T23:20:43,gaming_1,21.7,44.7,35978.20137032408,10067.695775216842,0.0,10778.341643521971,59.0,3521.984375,173.233,63.0,1980.0,351.7,4229.125,144,5621.119783163071,98.5,40.10546875,2,1476.8365576267242,9.9,107.2734375,37,24870.237015724182,8.9,20.9296875,8,8299.463192224503,6.9,40.51953125,33,24903.96411061287
2026-02-13T23:20:44,gaming_1,23.0,44.7,35414.181546837885,10392.407813682383,0.0,73968.86003391197,55.0,3521.984375,166.407,62.0,1980.0,359.8,4230.125,144,5622.72681927681,99.2,40.10546875,2,1478.4432525634766,10.8,107.2734375,37,24871.82484936714,8.9,40.51953125,33,24905.547349214554,7.9,4.8125,400,1771014043.074463
2026-02-13T23:20:46,gaming_1,21.3,44.7,40375.038178850096,9798.514429575062,0.0,9433.104458682103,59.0,3521.984375,168.367,63.0,1980.0,343.1,4230.6953125,144,5624.3251967430115,99.7,40.10546875,2,1480.0421960353851,10.7,107.2734375,37,24873.430278778076,6.8,40.51953125,33,24907.157423257828,5.0,20.9296875,8,8302.666224002838
2026-02-13T23:20:47,gaming_1,21.5,44.7,38218.82217977515,9283.29210127699,457686.23598975356,23079.348547778765,61.0,3521.984375,173.381,63.0,1980.0,335.7,4231.671875,144,5625.888892889023,99.5,40.10546875,2,1481.6125884056091,6.9,107.27734375,37,24875.01418209076,5.0,4.8125,400,1771014046.273955,5.0,20.9296875,8,8304.240100383759
2026-02-13T23:20:49,gaming_1,20.3,44.7,36715.98536359465,9765.767012310636,124717.6304486112,15264.918310116476,60.0,3521.984375,171.477,63.0,1980.0,345.9,4234.734375,144,5627.479334831238,99.5,40.10546875,2,1483.19810795784,10.9,107.27734375,37,24876.597170352936,6.9,25.44921875,13,24908.066175222397,6.9,20.9296875,8,8305.816642284393
2026-02-13T23:20:50,gaming_1,21.8,44.7,45921.42947373683,9225.840299401696,0.0,8783.609937942772,70.0,3521.984375,179.18,64.0,1980.0,340.5,4235.21484375,144,5629.0343816280365,100.3,40.109375,2,1484.7551910877228,10.9,107.27734375,37,24878.172978401184,8.0,20.9296875,8,8307.371719121933,6.9,4.8125,400,1771014049.424948
2026-02-13T23:20:52,gaming_1,22.0,44.7,37493.201022674926,9447.55533340634,0.0,70617.70157543084,60.0,3521.984375,186.34,64.0,1980.0,345.0,4230.33984375,145,5630.569846153259,100.5,40.10546875,2,1486.2941272258759,10.1,107.27734375,37,24879.72549557686,7.0,40.51953125,33,24913.451766729355,6.0,91.44140625,147,24913.455943584442
2026-02-13T23:20:53,gaming_1,21.4,44.7,27485.53182858415,9980.981875275202,0.0,72426.2679518981,57.0,3521.53125,175.135,63.0,1980.0,271.6,4228.78515625,145,5632.054077863693,99.2,40.10546875,2,1487.7747185230255,11.4,107.26953125,37,24881.228907108307,8.4,25.4453125,14,24912.66257572174,7.5,20.9140625,7,8310.353741645813
2026-02-13T23:20:55,gaming_1,18.4,44.7,22508.560930494128,9424.073238926407,0.0,124144.99277774074,50.0,3521.53125,171.84,63.0,1980.0,240.4,4228.234375,145,5633.490749120712,99.7,40.10546875,2,1489.2162539958954,13.9,107.26953125,37,24882.691145658493,11.8,91.4296875,147,24916.43062567711,7.5,40.51953125,33,24916.413593292236
2026-02-13T23:20:56,gaming_1,18.5,44.7,26414.381985708464,8794.04388956591,0.0,24592.582163080693,55.0,3521.53125,167.578,63.0,1980.0,310.1,4227.7734375,145,5635.052893400192,99.8,40.10546875,2,1490.7672605514526,20.3,91.4453125,147,24917.892104625702,10.6,107.26953125,37,24884.160113573074,9.6,4.8125,400,1771014055.4169354
2026-02-13T23:20:58,gaming_1,21.4,44.7,30064.133234465768,9741.51500117008,0.0,21509.753980628553,55.0,3521.34375,156.503,62.0,1980.0,374.9,4223.91796875,145,5636.624034643173,99.8,40.08984375,2,1492.3331575393677,15.9,91.43359375,147,24919.461588859558,11.9,107.26953125,37,24885.73208642006,6.0,25.4453125,14,24917.20300388336
2026-02-13T23:21:00,gaming_1,22.8,44.7,27207.582895148596,9077.393722951958,41335.19142769452,37460.01723134816,61.0,3521.34375,163.21,62.0,1980.0,367.0,4224.296875,145,5638.216248989105,98.7,40.08984375,2,1493.932612657547,14.8,91.43359375,147,24921.049748659134,13.8,107.26953125,37,24887.319413900375,9.8,328.55078125,95,24888.541687488556
2026-02-13T23:21:01,gaming_1,24.3,44.7,24728.803809016543,9189.494695903675,0.0,18999.127764961893,50.0,3521.34375,159.607,61.0,1980.0,351.2,4225.3984375,145,5639.786813020706,98.4,40.08984375,2,1495.503993988037,28.4,91.43359375,147,24922.643023490906,19.7,107.2734375,37,24888.906921625137,18.9,328.53515625,95,24890.110998392105
2026-02-13T23:21:03,gaming_1,24.7,44.7,27075.93823526108,9770.843305505827,83448.48985073694,72039.5166289565,48.0,3521.34375,156.781,62.0,1980.0,358.0,4224.4375,145,5641.39305973053,100.3,40.08984375,2,1497.1080272197723,39.0,91.421875,147,24924.20537018776,15.6,328.59765625,95,24891.713662147522,13.9,107.27734375,37,24890.47599506378
2026-02-13T23:21:04,gaming_1,24.7,44.7,22144.267947114546,8851.104201540144,0.0,17860.430689461537,50.0,3521.34375,159.146,62.0,1980.0,351.8,4225.9609375,145,5642.960747241974,99.5,40.08984375,2,1498.6780433654785,38.9,91.4375,147,24925.813458919525,21.9,328.59765625,95,24893.285962343216,19.5,107.27734375,37,24892.081572532654
2026-02-13T23:21:06,gaming_1,24.5,44.7,19264.56455472785,9550.853811063904,0.0,24292.612056497663,45.0,3521.15625,149.813,61.0,1980.0,329.4,4226.0390625,145,5644.506953954697,99.1,40.1015625,3,1500.2237620353699,43.1,91.43359375,147,24927.373296260834,17.2,328.546875,95,24894.834187746048,17.0,107.27734375,37,24893.641006708145
2026-02-13T23:21:07,gaming_1,23.7,44.7,20913.07043489009,8983.235680917633,0.0,14819.830308487919,47.0,3521.15625,149.051,61.0,1980.0,360.2,4225.26953125,145,5646.07742357254,100.4,40.1015625,3,1501.7963421344757,41.1,91.4296875,147,24928.93056678772,19.0,107.3125,37,24895.203206062317,17.9,328.546875,95,24896.40106487274
2026-02-13T23:21:09,gaming_1,23.2,44.7,24176.83445818804,9441.966225692553,0.0,74728.163610139,47.0,3521.15625,152.953,61.0,1980.0,333.8,4224.8671875,145,5647.640797138214,98.3,40.1015625,3,1503.3570137023926,37.2,91.4296875,147,24930.4843211174,19.1,107.37109375,37,24896.754792690277,13.0,328.5390625,95,24897.959951639175
2026-02-13T23:21:11,gaming_1,24.6,44.7,27424.75555548094,9973.569514119488,0.0,24254.0822689961,47.0,3521.796875,155.204,61.0,1980.0,324.9,4234.890625,145,5649.189372062683,99.8,40.1015625,3,1504.9040598869324,32.1,91.4453125,147,24932.043176174164,24.1,107.37109375,37,24898.30876326561,12.0,328.5546875,95,24899.516197681427
2026-02-13T23:21:12,gaming_1,23.6,44.7,38389.09066090431,12124.05098012738,0.0,75121.31952216747,47.0,3521.796875,156.555,62.0,1980.0,291.8,4234.734375,145,5650.704548597336,95.4,40.1015625,3,1506.4290699958801,32.0,91.4375,147,24933.60724401474,22.0,107.375,37,24899.87307047844,10.4,328.5546875,95,24901.019119501114
2026-02-13T23:21:14,gaming_1,23.3,44.7,27667.01549167765,10304.257622802768,0.0,77892.81547659375,52.0,3521.796875,158.958,61.0,1980.0,262.0,4234.1328125,145,5652.237445116043,100.0,40.1015625,3,1507.9588923454285,36.8,91.4296875,147,24935.092517375946,20.1,107.375,37,24901.351774930954,19.4,161.12109375,23,24826.263476371765
2026-02-13T23:21:15,gaming_1,20.1,44.7,32920.9519052155,12356.088994227226,0.0,70467.65441358465,49.0,3521.796875,156.299,61.0,1980.0,234.8,4237.62109375,145,5653.688020944595,99.1,40.1015625,3,1509.408929824829,26.6,91.44140625,147,24936.62025141716,18.4,107.375,37,24902.877993106842,7.2,40.51953125,33,24936.5975522995
2026-02-13T23:21:17,gaming_1,19.1,44.7,30099.27097046462,12636.256944035173,0.0,39967.10985745339,49.0,3521.796875,158.92,62.0,1980.0,270.3,4236.93359375,145,5655.2086017131805,100.3,40.1015625,3,1510.9208753108978,26.7,91.4296875,147,24938.082117795944,25.6,107.3828125,37,24904.34104824066,13.2,161.5390625,23,24829.259073495865
2026-02-13T23:21:18,gaming_1,22.8,44.7,27625.687455012987,9438.268729936972,0.0,123805.39933844653,46.0,3521.671875,150.978,61.0,1980.0,417.5,4231.37109375,145,5656.847585678101,99.9,40.1015625,3,1512.563856124878,31.3,91.44140625,147,24939.631099939346,21.1,107.3515625,37,24905.897503614426,7.7,328.5546875,95,24907.165856838226
2026-02-13T23:21:20,gaming_1,26.7,44.7,28363.62139229265,9269.217281239382,0.0,20354.968731088527,46.0,3521.671875,146.792,61.0,1980.0,348.7,4226.92578125,145,5658.4558646678925,98.9,40.1015625,3,1514.1744582653046,29.5,107.35546875,37,24907.537581682205,25.8,91.4296875,147,24941.266944169998,8.7,328.5546875,95,24908.78016424179
2026-02-13T23:21:21,gaming_1,24.1,44.7,28318.40505031582,11283.379941301153,7590.614952299824,66101.60520961096,50.0,3521.671875,151.278,61.0,1980.0,346.2,4225.24609375,145,5660.058063030243,99.9,40.10546875,3,1515.7731494903564,33.0,107.359375,37,24909.149740934372,25.2,91.453125,147,24942.880767583847,10.7,328.5390625,95,24910.38369512558
2026-02-13T23:21:23,gaming_1,24.5,44.7,30348.766671209643,10071.224929551548,0.0,22415.2456980145,49.0,3521.671875,151.027,60.0,1980.0,355.1,4226.08203125,145,5661.66895866394,98.7,39.45703125,3,1517.385939359665,29.1,107.31640625,37,24910.760744810104,27.2,91.44140625,147,24944.489844083786,14.5,328.27734375,95,24911.998959302902
2026-02-13T23:21:25,gaming_1,25.0,44.7,29577.628563665457,9405.674710398998,0.0,181149.0864833923,45.0,3521.671875,145.814,60.0,1980.0,300.7,4228.234375,145,5663.180490255356,100.9,40.1328125,3,1518.9026896953583,49.1,328.27734375,95,24913.49589252472,24.4,91.41015625,147,24946.093032360077,19.6,107.3046875,37,24912.355632066727
2026-02-13T23:21:26,gaming_1,21.6,44.7,31494.950391276278,9007.113026669935,0.0,14815.1363761797,44.0,3521.671875,145.635,60.0,1980.0,239.3,4233.8671875,145,5664.642577886581,98.2,40.1328125,3,1520.3668191432953,34.1,328.2734375,95,24914.961953639984,25.4,91.44140625,147,24947.569829702377,10.5,4.8125,400,1771014085.1000137
2026-02-13T23:21:28,gaming_1,21.0,44.7,38736.82228128036,8855.82973919383,0.0,9098.464574218437,40.0,3521.671875,139.679,60.0,1980.0,240.5,4232.796875,145,5666.110733032227,97.7,40.1328125,3,1521.8382484912872,33.1,91.421875,147,24949.034103631973,12.8,4.8125,400,1771014086.5646498,12.8,328.2734375,95,24916.42445039749
2026-02-13T23:21:29,gaming_1,19.7,44.7,33314.49234653467,9936.092704853272,0.0,62866.28475073991,46.0,3521.671875,135.273,60.0,1980.0,241.4,4232.921875,145,5667.59295463562,100.3,40.1328125,3,1523.3178434371948,27.6,91.4453125,147,24950.50416827202,9.6,4.8125,400,1771014088.0308464,8.4,25.41015625,13,24948.208477020264
2026-02-13T23:21:30,gaming_1,19.7,44.7,33403.003066787,9263.228164658973,0.0,10745.940464074492,51.0,3521.671875,152.031,61.0,1980.0,259.7,4235.7265625,145,5669.0552933216095,98.7,40.25390625,3,1524.7748439311981,8.5,4.8125,400,1771014089.5068681,4.3,25.4453125,14,24949.657155275345,3.2,40.51953125,33,24951.957635641098
2026-02-13T23:21:32,gaming_1,19.2,44.7,28419.36384073923,9061.91700699033,0.0,14631.886418254997,40.0,3521.671875,149.447,59.0,1980.0,246.2,4233.40625,145,5670.527723789215,99.4,39.609375,3,1526.2529845237732,10.6,4.8125,400,1771014090.9770167,8.5,40.51953125,33,24953.43141245842,4.2,25.4453125,14,24951.13296699524
2026-02-13T23:21:33,gaming_1,18.8,44.7,32958.89158782018,9745.417522170366,0.0,21297.941365364557,45.0,3521.671875,142.178,60.0,1980.0,239.3,4229.61328125,145,5671.983980178833,98.7,39.609375,3,1527.7094542980194,13.9,4.8125,400,1771014092.4428918,6.4,20.91015625,7,8350.309167861938,5.3,91.4453125,147,24954.914177656174
2026-02-13T23:21:35,gaming_1,16.0,44.7,32924.26480077932,9136.357982793419,0.0,8683.203310050176,46.0,3521.671875,150.581,60.0,1980.0,245.3,4222.984375,145,5673.48094367981,100.4,40.25390625,3,1529.2027733325958,5.3,4.8125,400,1771014093.9175708,4.2,40.51953125,33,24956.368271112442,4.2,25.4453125,14,24954.079310655594
2026-02-13T23:21:36,gaming_1,19.1,44.7,33210.57853879959,9300.523859510578,0.0,22404.736449114156,48.0,3521.03125,147.534,61.0,1980.0,234.1,4222.45703125,145,5674.949234962463,98.8,40.26171875,3,1530.673485994339,8.4,4.8125,400,1771014095.402897,8.4,40.51953125,33,24957.851215839386,5.3,20.91015625,7,8353.26156425476
2026-02-13T23:21:38,gaming_1,17.9,44.7,30251.546794837388,10815.185516057936,0.0,13971.803404331455,45.0,3521.03125,148.582,60.0,1980.0,214.5,4224.87109375,145,5676.427970170975,99.8,40.26171875,3,1532.145304441452,18.1,4.8125,400,1771014096.8691227,4.3,91.4375,147,24959.34066414833,4.2,20.91015625,7,8354.740842580795
2026-02-13T23:21:39,gaming_1,14.9,44.7,27138.08706607015,9707.884066800736,0.0,92513.52969452269,48.0,3521.03125,150.43,61.0,1980.0,230.3,4225.88671875,145,5677.900321722031,99.4,40.26171875,3,1533.6217031478882,10.6,4.8125,400,1771014098.3466704,7.4,25.41015625,13,24958.507071733475,5.3,20.91015625,7,8356.207003593445
2026-02-13T23:21:41,gaming_1,17.3,44.7,27088.90565919862,8971.17846494746,44720.099785410865,175736.01712548177,48.0,3558.90234375,154.808,60.0,1980.0,246.5,4234.01953125,145,5679.383579969406,98.7,39.6171875,3,1535.094532251358,8.5,4.8125,400,1771014099.8112104,6.4,25.44921875,14,24959.96800637245,4.2,20.91015625,7,8357.69994878769
2026-02-13T23:21:42,gaming_1,16.9,44.7,27392.73992815157,10359.882361395428,6511511.477537668,14339.528211859379,48.0,3552.77734375,152.019,60.0,1980.0,224.0,4235.97265625,145,5680.869578838348,99.9,40.26171875,3,1536.5961618423462,15.6,4.8125,400,1771014101.3114347,5.2,25.41015625,14,24961.475598812103,4.2,91.4296875,147,24963.780739307404
2026-02-13T23:21:44,gaming_1,16.4,44.7,27771.47718520353,16914.57761272736,44436.53324892569,106231.08729821298,49.0,3552.77734375,153.847,61.0,1980.0,225.9,4233.21484375,145,5682.363010168076,97.5,40.2578125,3,1538.0865070819855,11.7,4.8125,400,1771014102.7894855,3.2,107.3515625,37,24931.51229405403,3.2,40.51953125,33,24965.23674917221
2026-02-13T23:21:45,gaming_1,17.8,44.7,28081.899365561065,11702.070572420746,0.0,92602.12707109179,43.0,3552.62109375,156.657,60.0,1980.0,216.9,4235.328125,145,5683.839832544327,99.3,40.26171875,3,1539.565104484558,17.7,4.8125,400,1771014104.2836788,11.5,19.2578125,10,24966.929359674454,6.3,40.51953125,33,24966.734263420105
2026-02-13T23:21:47,gaming_1,15.3,44.7,22989.656298132704,11290.18756054263,88964.01731005432,14943.174782548187,58.0,3553.08984375,172.869,63.0,1980.0,225.4,4230.0625,145,5685.309778928757,98.0,40.26953125,3,1541.0324342250824,13.8,4.8125,400,1771014105.7575524,7.4,25.44921875,14,24965.918533086777,5.3,40.51953125,33,24968.211920022964
2026-02-13T23:21:48,gaming_1,16.3,44.7,26233.81270697199,9607.922859094773,0.0,46196.7742251751,54.0,3552.8203125,178.776,62.0,1980.0,222.4,4224.47265625,145,5686.771035671234,100.2,40.2578125,3,1542.4973978996277,12.8,4.8125,400,1771014107.2216854,5.3,25.44140625,14,24967.38520383835,3.2,20.91015625,7,8365.075569868088
2026-02-13T23:21:50,gaming_1,15.7,44.7,27509.86585411102,9360.772257383604,0.0,14040.472816113683,49.0,3552.6328125,166.44,61.0,1980.0,216.7,4221.8515625,145,5688.2348511219025,97.4,40.265625,3,1543.9576694965363,15.0,4.8125,400,1771014108.681537,7.5,25.4453125,14,24968.84704375267,2.1,91.42578125,147,24971.150073051453
2026-02-13T23:21:51,gaming_1,16.5,44.7,24838.486767488124,8847.228534978689,0.0,11864.459928889071,50.0,3550.1328125,156.797,61.0,1980.0,249.8,4223.8203125,145,5689.7232348918915,99.6,40.265625,3,1545.4476447105408,16.0,4.8125,400,1771014110.150473,5.2,210.65625,277,24967.3026368618,3.2,91.453125,147,24972.62059187889
2026-02-13T23:21:53,gaming_1,16.5,44.7,22476.38964488259,8873.807549748226,0.0,12667.124574066038,48.0,3549.8828125,154.848,61.0,1980.0,223.2,4223.890625,145,5691.194000720978,101.0,40.265625,3,1546.9178206920624,10.4,4.8125,400,1771014111.6442468,5.3,25.44140625,13,24971.810109615326,4.2,91.42578125,147,24974.120632886887
2026-02-13T23:21:54,gaming_1,15.3,44.7,21550.288858513333,9504.852534488775,0.0,90443.41883564061,49.0,3525.7734375,153.87,61.0,1980.0,213.5,4224.328125,145,5692.664696455002,99.8,40.265625,3,1548.3899981975555,14.9,4.8125,400,1771014113.1088662,5.3,25.44921875,14,24973.278352499008,4.3,40.51953125,33,24975.562278032303
2026-02-13T23:21:56,gaming_1,15.7,44.7,21894.94839392053,9292.318331601946,0.0,19541.539621805117,46.0,3525.7734375,151.198,60.0,1980.0,200.7,4227.27734375,145,5694.128236532211,99.4,40.265625,3,1549.852566242218,19.2,4.8125,400,1771014114.5764198,6.4,25.44140625,14,24974.73625946045,4.3,91.4453125,147,24977.04744052887
2026-02-13T23:21:57,gaming_1,16.5,44.7,32907.83452406078,9271.59508766727,0.0,56786.30850112724,51.0,3525.7734375,149.697,61.0,1980.0,236.6,4233.98046875,145,5695.608131170273,100.5,39.62109375,3,1551.3299722671509,13.8,4.8125,400,1771014116.0453365,6.4,25.44921875,14,24976.211588144302,5.3,91.42578125,147,24978.515980005264
2026-02-13T23:21:58,gaming_1,17.4,44.7,35283.71708628824,9591.866195227107,88059.47229395583,45405.66540157097,42.0,3525.7734375,161.564,60.0,1980.0,256.8,4231.1796875,144,5697.092242717743,99.8,40.265625,3,1552.8178515434265,15.7,4.8125,400,1771014117.5343804,6.3,91.44140625,147,24980.007617473602,3.2,25.4453125,13,24977.69900536537
2026-02-13T23:22:00,gaming_1,16.6,44.7,29210.688059300122,9182.325737815145,0.0,16341.035834549892,44.0,3525.7734375,139.395,60.0,1980.0,242.1,4222.06640625,143,5698.570786237717,100.0,40.265625,3,1554.286580324173,13.8,4.8125,400,1771014119.0068102,7.4,91.42578125,147,24981.47749900818,6.4,25.41015625,13,24979.174623966217
2026-02-13T23:22:01,gaming_1,16.3,44.7,30637.13860920693,9038.102785594652,175035.78728035788,12990.937337214062,72.0,3525.7734375,163.25,63.0,1980.0,251.4,4224.34375,143,5700.06209564209,99.1,40.265625,3,1555.7848982810974,8.3,4.8125,400,1771014120.5037532,7.3,91.4453125,147,24982.9777944088,5.2,25.41015625,13,24980.671318531036
2026-02-13T23:22:03,gaming_1,17.8,44.7,29429.551889147027,10958.66436300456,44505.609945706565,11126.402486426641,51.0,3525.9609375,164.529,62.0,1980.0,228.5,4226.44140625,143,5701.538738965988,98.4,40.265625,3,1557.261775970459,8.5,4.8125,400,1771014121.9759762,4.3,40.51953125,33,24984.422080039978,4.3,25.41015625,13,24982.13870739937
2026-02-13T23:22:04,gaming_1,15.7,44.7,38098.29767931254,9507.563821135771,44592.2638361092,81520.23232538714,56.0,3525.8359375,167.744,62.0,1980.0,260.2,4219.6171875,143,5702.998300790787,100.4,40.265625,3,1558.7248985767365,7.4,4.8125,400,1771014123.4459157,6.4,107.375,37,24952.177387475967,5.3,91.4375,147,24985.918751001358
2026-02-13T23:22:06,gaming_1,18.2,44.7,44392.29855920184,9110.530721051173,0.0,10502.683268939209,68.0,3525.8359375,185.131,64.0,1980.0,229.8,4222.609375,143,5704.4462633132935,100.5,40.265625,3,1560.1711645126343,11.8,4.8125,400,1771014124.9080372,5.4,25.41015625,13,24985.06067252159,4.3,40.51953125,33,24987.355141878128
2026-02-13T23:22:07,gaming_1,16.7,44.7,33942.905187245924,10173.048165751045,0.0,17234.211113671565,61.0,3525.8359375,176.451,63.0,1980.0,247.4,4220.88671875,143,5705.9179809093475,97.8,40.1484375,3,1561.6410357952118,11.8,4.8125,400,1771014126.3673887,5.4,40.51953125,33,24988.813519239426,5.3,25.4453125,13,24986.529354572296
2026-02-13T23:22:09,gaming_1,16.4,44.7,32791.896352154414,9303.646438786223,0.0,31585.2153071938,68.0,3525.9609375,182.55,64.0,1980.0,257.9,4220.6796875,143,5707.371712684631,99.6,40.1484375,3,1563.0999064445496,10.6,4.8125,400,1771014127.8393118,7.5,25.44921875,14,24987.991139173508,4.2,107.37890625,37,24956.565810203552
2026-02-13T23:22:10,gaming_1,17.1,44.7,31821.210647905555,8735.938981571744,45294.18489685805,104388.94175447755,63.0,3525.9609375,189.089,64.0,1980.0,255.7,4220.6015625,143,5708.825768709183,98.9,40.15234375,3,1564.5528423786163,7.6,4.8125,400,1771014129.285261,4.3,25.41015625,13,24989.440124750137,3.2,107.38671875,37,24958.010511875153
2026-02-13T23:22:12,gaming_1,17.1,44.7,27576.752571754976,9654.748285059977,0.0,5978.580611351881,55.0,3525.9609375,170.179,63.0,1980.0,230.5,4220.765625,143,5710.29701924324,98.9,40.140625,3,1566.0217328071594,9.7,4.8125,400,1771014130.7421055,5.3,25.41015625,13,24990.905183553696,3.2,107.390625,37,24959.467589378357
2026-02-13T23:22:13,gaming_1,18.0,44.7,34235.253002322075,11177.242713480608,0.0,148134.63163516962,54.0,3525.9609375,160.705,63.0,1980.0,260.7,4222.14453125,143,5711.771596193314,99.5,40.14453125,3,1567.4977135658264,6.4,40.51953125,33,24994.659282684326,5.3,4.8125,400,1771014132.2070515,5.3,25.41015625,13,24992.370161533356
2026-02-13T23:22:15,gaming_1,17.2,44.7,35756.527322101385,9443.6280305238,44305.075997452055,75803.21596439062,52.0,3525.9609375,160.897,62.0,1980.0,242.9,4224.1640625,144,5713.251041173935,99.5,39.49609375,3,1568.9737660884857,10.6,4.8125,400,1771014133.6879077,8.4,25.41015625,13,24993.855422258377,4.2,107.3828125,37,24962.422616243362
2026-02-13T23:22:16,gaming_1,17.7,44.7,30779.66164580946,9378.514473940588,0.0,15841.839840080955,65.0,3525.9609375,183.724,65.0,1980.0,220.1,4224.67578125,144,5714.735014200211,97.7,40.1484375,3,1570.4604711532593,8.4,4.8125,400,1771014135.1752343,5.3,91.4375,147,24997.646621465683,4.2,107.3828125,37,24963.90757584572
2026-02-13T23:22:18,gaming_1,16.2,44.7,28677.054039492436,9562.856613490687,0.0,11098.52254412633,51.0,3525.9609375,171.633,62.0,1980.0,230.5,4224.32421875,144,5716.226303815842,100.5,40.1484375,3,1571.953366279602,15.9,4.8125,400,1771014136.6507192,4.2,107.3828125,37,24965.382648944855,3.1,25.4453125,13,24996.836173295975
2026-02-13T23:22:19,gaming_1,17.4,44.7,30416.189435679215,9654.45462997269,87834.29425000212,12008.594916992477,52.0,3525.9609375,153.548,62.0,1980.0,234.2,4225.41796875,144,5717.688148736954,98.3,40.1484375,3,1573.415268421173,5.3,25.4453125,14,24998.303104162216,5.2,4.8125,400,1771014138.1428335,4.2,91.421875,147,25000.613973140717
2026-02-13T23:22:21,gaming_1,16.9,44.7,30824.973893211452,9086.764140688969,0.0,18869.675151101743,46.0,3525.9609375,145.722,61.0,1980.0,252.2,4224.23828125,144,5719.149960517883,100.5,40.1484375,3,1574.8769826889038,11.7,4.8125,400,1771014139.6066053,9.6,107.38671875,37,24968.333683490753,4.3,40.51953125,33,25002.057089328766
2026-02-13T23:22:22,gaming_1,17.9,44.7,27816.01565711212,9097.018622068254,0.0,8772.174051715658,57.0,3525.9609375,164.436,62.0,1980.0,225.5,4225.43359375,144,5720.63273692131,99.1,40.140625,3,1576.3584105968475,7.4,25.44921875,14,25001.24283528328,6.4,4.8125,400,1771014141.0674658,4.3,107.390625,37,24969.800206184387
2026-02-13T23:22:24,gaming_1,16.7,44.7,31306.779076569608,11042.59556367662,44151.51869081269,75195.55527029037,49.0,3525.9609375,164.798,61.0,1980.0,235.1,4224.87109375,144,5722.101845264435,99.1,39.5,3,1577.8259241580963,11.6,4.8125,400,1771014142.5507662,10.6,107.390625,37,24971.276903390884,6.4,40.51953125,33,25004.997584342957
2026-02-13T23:22:25,gaming_1,18.8,44.7,33825.88872275689,9154.848668705763,44050.81955596923,10324.410833430287,48.0,3525.9609375,150.067,61.0,1980.0,351.8,4229.0078125,144,5723.665392637253,98.3,40.1484375,3,1579.382827281952,9.5,4.8125,400,1771014144.04142,8.3,107.390625,37,24972.785096168518,6.1,25.4453125,14,25004.25032019615
2026-02-13T23:22:27,gaming_1,21.1,44.7,36897.2001303391,10274.484425965904,0.0,12716.847766546036,46.0,3525.9609375,161.588,61.0,1980.0,316.8,4229.56640625,144,5725.228889703751,99.8,40.1484375,3,1580.948127746582,7.0,4.8125,400,1771014145.6136317,7.0,107.390625,37,24974.352540254593,5.0,40.51953125,33,25008.079798936844
2026-02-13T23:22:28,gaming_1,20.9,44.7,29999.625817078257,10348.760236410111,0.0,29826.14356889892,50.0,3525.3984375,161.413,62.0,1980.0,350.0,4229.9765625,144,5726.7870972156525,99.3,40.1484375,3,1582.5068583488464,7.0,25.4453125,14,25007.375772953033,6.0,107.3125,37,24975.912265777588,5.0,4.8125,400,1771014147.1724777
2026-02-13T23:22:30,gaming_1,21.8,44.7,30245.424844447196,8847.605871261996,0.0,48818.613966934405,42.0,3525.3984375,152.71,61.0,1980.0,333.3,4229.73828125,144,5728.35755109787,99.7,40.1484375,3,1584.0734119415283,11.0,107.19140625,37,24977.477039575577,8.0,4.8125,400,1771014148.7370355,5.0,25.41015625,13,25008.9427421093
2026-02-13T23:22:31,gaming_1,21.5,44.7,33241.720008831675,9723.400409261729,41711.90477327856,12057.347473525835,47.0,3525.3984375,151.44,61.0,1980.0,291.2,4230.05859375,144,5729.880975008011,99.2,40.1484375,3,1585.6017470359802,8.9,107.24609375,37,24979.05175971985,4.9,40.51953125,33,25012.77833390236,3.0,4.8125,400,1771014150.3061197
2026-02-13T23:22:33,gaming_1,18.9,44.7,32696.413685083728,8787.937067621477,43977.263566252375,40885.112221750256,44.0,3525.3984375,148.804,60.0,1980.0,242.0,4224.26171875,144,5731.353221654892,99.5,40.1484375,3,1587.0781662464142,13.8,107.2578125,37,24980.52855706215,8.5,40.51953125,33,25014.250170707703,7.4,25.41015625,13,25011.959889411926
2026-02-13T23:22:34,gaming_1,17.5,44.7,32547.123541826484,9744.530361619134,0.0,79616.72763368273,48.0,3525.3984375,150.342,60.0,1980.0,247.1,4224.8984375,144,5732.813810825348,97.2,39.5,3,1588.5403714179993,10.6,107.26171875,37,24982.000740766525,5.3,40.51953125,33,25015.722882270813,5.3,25.41015625,13,25013.42672920227
2026-02-13T23:22:36,gaming_1,18.0,44.7,30811.86959426777,9243.215492453694,0.0,13793.328372566726,48.0,3525.3984375,148.179,61.0,1980.0,264.4,4223.125,144,5734.273423194885,99.7,40.15234375,3,1589.9978561401367,14.0,107.328125,37,24983.449229240417,6.5,4.8125,400,1771014154.721914,5.4,91.4375,147,25017.193667650223
2026-02-13T23:22:37,gaming_1,17.9,44.7,30743.22928634845,9031.167804378143,0.0,14272.549465445003,52.0,3525.3984375,156.929,62.0,1980.0,255.7,4221.77734375,144,5735.727586507797,98.7,40.15234375,3,1591.4545409679413,11.7,107.3359375,37,24984.92149567604,7.5,25.4453125,14,25016.343010663986,5.3,4.8125,400,1771014156.192502
2026-02-13T23:22:39,gaming_1,18.5,44.7,29727.388748295143,9681.41504780151,0.0,29176.75440545869,51.0,3525.3984375,160.055,62.0,1980.0,276.4,4222.5078125,144,5737.203253984451,97.7,40.15234375,3,1592.9264061450958,8.6,107.3359375,37,24986.374505519867,8.6,25.44921875,14,25017.804008245468,7.5,4.8125,400,1771014157.6497042
2026-02-13T23:22:40,gaming_1,18.7,44.7,29160.277773900267,8889.404875871078,0.0,10830.784846075516,49.0,3525.3984375,158.998,61.0,1980.0,281.5,4222.609375,144,5738.663148641586,99.4,40.15234375,3,1594.3884608745575,13.8,107.34765625,37,24987.847303390503,7.4,40.51953125,33,25021.56801199913,5.3,91.4375,147,25021.590080738068
2026-02-13T23:22:42,gaming_1,19.1,44.7,26841.19183184952,9095.901422572462,0.0,12216.034886644573,48.0,3525.3984375,153.573,61.0,1980.0,296.1,4221.2265625,144,5740.124932765961,98.3,40.15234375,3,1595.8515346050262,7.5,107.3515625,37,24989.312314748764,7.4,25.44921875,14,25020.74278140068,5.3,91.43359375,147,25023.052899599075
2026-02-13T23:22:43,gaming_1,20.0,44.7,28282.8835809286,10369.362551699232,0.0,10176.766155570771,47.0,3526.4609375,155.628,61.0,1980.0,257.4,4221.11328125,144,5741.575741767883,99.1,40.15234375,3,1597.3025829792023,16.1,107.3515625,37,24990.766250133514,8.6,40.51953125,33,25024.48829817772,5.4,4.8125,400,1771014162.0404072
2026-02-13T23:22:44,gaming_1,18.1,44.7,30298.057806328725,9312.169889026334,0.0,70379.08307892071,49.0,3525.9609375,152.475,61.0,1980.0,263.1,4224.42578125,144,5743.042885303497,99.2,40.15234375,3,1598.7670011520386,15.0,107.359375,37,24992.22745656967,11.8,91.44921875,147,25025.97134423256,5.4,40.51953125,33,25025.947667598724
2026-02-13T23:22:46,gaming_1,18.6,44.7,28419.31025962081,8838.328962497479,0.0,67169.93353918455,47.0,3525.9609375,156.199,61.0,1980.0,255.9,4225.4375,144,5744.50848865509,100.1,39.50390625,3,1600.234628200531,21.4,91.4453125,147,25027.43187046051,16.0,107.3671875,37,24993.692931175232,10.6,328.55078125,95,24994.826692581177
2026-02-13T23:22:48,gaming_1,20.8,44.7,25165.682993211438,9841.602380839937,0.0,11001.2153515509,52.0,3525.9609375,162.29,62.0,1980.0,354.2,4224.55859375,144,5746.088378190994,98.8,40.14453125,3,1601.8003237247467,29.2,91.44140625,147,25028.927696466446,17.7,328.55078125,95,24996.418194770813,14.5,107.37890625,37,24995.200794696808
2026-02-13T23:22:49,gaming_1,24.3,44.7,29322.981233295486,10051.596577630473,0.0,11606.278777102354,43.0,3526.0859375,146.349,60.0,1980.0,275.4,4230.609375,144,5747.597013711929,98.6,40.1484375,3,1603.3235020637512,44.4,91.43359375,147,25030.510966300964,20.9,328.58984375,95,24997.916702985764,19.9,107.38671875,37,24996.7698469162
2026-02-13T23:22:50,gaming_1,19.8,44.7,42963.5490346378,9548.054716719054,0.0,16226.298637226506,46.0,3526.0859375,140.564,61.0,1980.0,273.1,4229.09765625,144,5749.0842192173,98.9,40.1484375,3,1604.807026386261,35.9,91.44921875,147,25031.99050807953,15.8,107.3828125,37,24998.249275445938,13.7,328.546875,95,24999.39697933197
2026-02-13T23:22:52,gaming_1,20.2,44.7,36094.19945999435,9230.3321883579,0.0,11026.595885822517,50.0,3526.0859375,144.831,61.0,1980.0,270.9,4230.84765625,145,5750.572265386581,98.6,40.1484375,3,1606.2971122264862,32.6,91.4453125,147,25033.475808382034,24.1,107.38671875,37,24999.741140127182,19.9,328.5859375,95,25000.888860702515
2026-02-13T23:22:53,gaming_1,20.7,44.7,36431.80672161519,9956.393135180435,0.0,79295.60770991803,50.0,3526.0859375,163.711,62.0,1980.0,259.7,4232.15234375,145,5752.046611070633,98.7,40.1484375,3,1607.7698028087616,29.5,91.44140625,147,25034.96085214615,18.0,107.38671875,37,25001.217705249786,17.9,328.5390625,95,25002.375116348267
2026-02-13T23:22:55,gaming_1,21.0,44.7,35792.30817759947,9195.641783973464,0.0,10215.162927737934,63.0,3526.0859375,176.571,63.0,1980.0,339.4,4222.0703125,145,5753.612510919571,100.0,40.1328125,2,1609.3322849273682,34.2,91.421875,147,25036.4703207016,21.6,107.39453125,37,25002.73548436165,20.1,328.5546875,95,25003.932948827744
2026-02-13T23:22:56,gaming_1,23.7,44.7,48367.12773308055,12797.264734683758,295563.1471361649,13854.52252200773,57.0,3526.0859375,172.254,62.0,1980.0,268.4,4221.640625,145,5755.0909695625305,100.3,40.1328125,2,1610.8125517368317,29.3,91.4375,147,25038.01579785347,21.3,107.39453125,37,25004.273899316788,12.8,328.5546875,95,25005.401966571808
2026-02-13T23:22:58,gaming_1,19.5,44.7,30179.459229381016,12277.261444278203,0.0,10176.563273859363,59.0,3527.5859375,174.519,63.0,1980.0,265.3,4214.80859375,145,5756.5577347278595,98.2,40.1328125,2,1612.2750720977783,26.8,91.42578125,147,25039.475615501404,21.4,107.40234375,37,25005.73495578766,13.7,328.5546875,95,25006.883939504623
2026-02-13T23:23:00,gaming_1,21.1,44.6,30511.708079558408,9516.782048293646,43795.50792198388,39005.37424301689,54.0,3526.7734375,161.578,62.0,1980.0,337.9,4218.125,145,5758.110810041428,100.2,40.1328125,2,1613.834792137146,30.2,91.4375,147,25040.97576403618,19.7,107.38671875,37,25007.243168115616,11.1,328.5546875,95,25008.43812251091
2026-02-13T23:23:01,gaming_1,22.7,44.7,31723.664203124274,9109.247540328523,0.0,14533.507690405166,48.0,3526.7734375,155.888,62.0,1980.0,285.0,4220.47265625,145,5759.596313714981,98.7,40.12890625,2,1615.3230693340302,33.4,91.41796875,147,25042.519702911377,15.2,107.38671875,37,25008.784115552902,7.4,328.54296875,95,25009.911838293076
2026-02-13T23:23:02,gaming_1,19.9,44.7,29246.842258507928,10148.560142883163,0.0,76329.9232409214,48.0,3526.7734375,152.143,62.0,1980.0,232.5,4221.76171875,145,5761.061676979065,99.4,40.12890625,2,1616.7848420143127,28.9,91.4453125,147,25043.980892658234,25.8,107.2578125,37,25010.235568523407,7.5,41.11328125,33,25043.95801258087
2026-02-13T23:23:04,gaming_1,19.1,44.7,28466.435834769873,9661.107079076273,0.0,130424.94556752969,48.0,3526.7734375,153.004,61.0,1980.0,325.0,4221.55078125,145,5762.600579738617,99.0,39.59765625,2,1618.316707611084,25.3,91.421875,147,25045.46325111389,24.2,107.30078125,37,25011.72034883499,6.3,4.8125,400,1771014182.992643
2026-02-13T23:23:06,gaming_1,23.6,44.7,28191.58709977515,9292.801429720092,0.0,12486.239269104566,50.0,3526.7734375,148.086,61.0,1980.0,323.7,4220.77734375,146,5764.294138908386,100.3,40.25,2,1620.015086889267,29.0,91.4375,147,25047.024875879288,23.8,107.30859375,37,25013.293904066086,6.5,328.2734375,95,25014.610867738724
2026-02-13T23:23:07,gaming_1,23.8,44.7,31505.8631363439,9153.370553452474,0.0,17162.2705014772,60.0,3526.7734375,152.644,62.0,1980.0,245.6,4220.73828125,146,5765.795830011368,98.8,40.2734375,3,1621.5165474414825,27.3,107.31640625,37,25014.952904701233,26.3,91.42578125,147,25048.689743757248,10.3,4.8125,400,1771014186.2197971
2026-02-13T23:23:09,gaming_1,18.5,44.7,32765.508375512345,9717.961014281529,0.0,97359.75772083492,59.0,3526.7734375,165.819,63.0,1980.0,242.4,4226.4453125,146,5767.284762382507,99.8,40.2734375,3,1623.00470662117,31.4,107.3203125,37,25016.447403907776,27.1,91.43359375,147,25050.190286159515,6.3,25.4453125,14,25047.882957220078
2026-02-13T23:23:10,gaming_1,19.3,44.7,38934.84234625894,9232.31496976176,22187.34850965554,171605.2736293671,53.0,3526.7734375,170.287,62.0,1980.0,298.7,4226.828125,146,5768.827974557877,97.7,40.2734375,3,1624.5399179458618,30.6,107.3515625,37,25017.930826187134,24.4,91.4296875,147,25051.663981199265,11.1,328.2734375,95,25019.147228717804
2026-02-13T23:23:12,gaming_1,24.5,44.7,32631.448945660144,9288.44333962718,0.0,43459.24403292926,56.0,3526.7734375,168.669,63.0,1980.0,304.3,4226.69921875,146,5770.373356103897,100.5,39.62109375,3,1626.0941979885101,31.3,328.2734375,95,25020.69259929657,28.8,91.44921875,147,25053.238502264023,25.8,107.35546875,37,25019.50732779503
2026-02-13T23:23:13,gaming_1,21.7,44.7,85863.752915147,14661.72032113403,84957.60415259414,10287.834877853196,51.0,3526.7734375,172.831,63.0,1980.0,231.1,4223.75390625,146,5771.8811666965485,98.1,39.62109375,3,1627.6069440841675,47.5,328.2734375,95,25022.204346179962,24.1,91.4296875,147,25054.791614055634,6.1,107.35546875,37,25021.047741174698
2026-02-13T23:23:15,gaming_1,21.6,44.7,27327.61718584537,10009.996303660382,109430.69289328865,123109.52950494974,53.0,3526.6484375,165.563,63.0,1980.0,255.5,4223.8125,146,5773.372941017151,98.6,39.5,3,1629.096673488617,34.6,328.2734375,95,25023.694542884827,28.4,91.43359375,147,25056.27712726593,9.4,4.8125,400,1771014193.8044176
2026-02-13T23:23:16,gaming_1,21.1,44.7,33203.7276840096,9297.982467571914,0.0,12702.169168939377,57.0,3526.6484375,172.801,63.0,1980.0,208.9,4223.1640625,146,5774.854165315628,98.2,40.15234375,3,1630.5771465301514,36.8,91.4296875,147,25057.76425886154,11.5,4.8125,400,1771014195.2937164,5.3,328.2734375,95,25025.172278404236
2026-02-13T23:23:18,gaming_1,17.9,44.7,31967.57054789168,9818.567417395792,44383.33799603053,20457.94485754532,47.0,3526.6484375,155.563,61.0,1980.0,251.6,4216.859375,146,5776.338430404663,99.0,40.15234375,3,1632.0596928596497,7.4,91.4375,147,25059.244869947433,4.2,4.8125,400,1771014196.7707784,4.2,25.41015625,13,25056.943395853043
2026-02-13T23:23:19,gaming_1,18.0,44.7,25882.133319655175,9588.375632979798,0.0,124860.68136654343,52.0,3526.6484375,157.814,62.0,1980.0,227.8,4215.65625,145,5777.833591222763,99.0,40.15234375,3,1633.558830022812,6.3,25.4453125,14,25058.441884994507,4.2,91.421875,147,25060.737413406372,2.1,4.8125,400,1771014198.2666342
2026-02-13T23:23:21,gaming_1,18.0,44.7,26531.161645988584,9014.759512630175,0.0,9959.162890143813,53.0,3526.0859375,162.544,62.0,1980.0,245.2,4216.671875,145,5779.350584983826,95.0,40.15234375,3,1635.0719845294952,6.2,25.41015625,13,25059.946011304855,5.2,4.8125,400,1771014199.7618604,3.1,91.44921875,147,25062.234134435654
2026-02-13T23:23:22,gaming_1,17.3,44.7,28341.816546914994,9790.049121862594,21408.096738417982,75262.84009600071,53.0,3526.0859375,162.902,62.0,1980.0,216.0,4218.31640625,145,5780.86903834343,97.7,39.5,3,1636.5911936759949,8.2,41.11328125,33,25063.75001001358,6.1,4.8125,400,1771014201.288768,5.1,25.4453125,14,25061.46616458893
2026-02-13T23:23:24,gaming_1,15.8,44.7,24977.63649203624,9745.27465373286,0.0,84915.97122924577,57.0,3526.0859375,162.853,62.0,1980.0,202.8,4218.26171875,145,5782.364119768143,97.0,40.15234375,3,1638.0883853435516,10.4,4.8125,400,1771014202.790931,4.1,91.4453125,147,25065.267387866974,4.1,41.11328125,33,25065.256835460663
2026-02-13T23:23:25,gaming_1,15.9,44.7,23680.352175064243,9107.053964412575,0.0,142493.87528412254,50.0,3526.0859375,161.564,62.0,1980.0,259.3,4217.890625,145,5783.876369476318,100.4,40.15234375,3,1639.5979282855988,6.2,25.44140625,14,25064.47545528412,5.2,41.11328125,33,25066.74956560135,4.2,4.8125,400,1771014204.28056
2026-02-13T23:23:27,gaming_1,17.1,44.7,23126.375582499033,8849.877907795535,301425.4354411625,25230.923725543737,52.0,3586.08984375,160.346,62.0,1980.0,220.8,4261.03515625,145,5785.412501335144,99.5,40.15234375,3,1641.1215162277222,5.1,4.8125,400,1771014205.8031006,4.2,25.41015625,13,25065.977170467377,4.1,41.11328125,33,25068.25981760025
2026-02-13T23:23:28,gaming_1,15.5,44.7,293957.98492451315,10124.978835683605,1355827.828057694,10592.404906700735,58.0,3584.27734375,161.346,62.0,1980.0,233.1,4248.0546875,145,5786.926454544067,99.1,40.15625,3,1642.6502151489258,6.1,91.4296875,147,25069.81933736801,5.0,25.4453125,14,25067.525986671448,4.2,160.5625,23,24960.96440267563
2026-02-13T23:23:30,gaming_1,16.1,44.8,208117.52586652432,4260.15357405804,0.0,236293.67680678095,60.0,3584.27734375,175.726,63.0,1980.0,217.7,4245.55078125,145,5788.42676615715,99.1,40.15625,3,1644.1474254131317,5.2,4.8125,400,1771014208.8520694,5.2,41.11328125,33,25071.30790567398,5.2,25.41015625,13,25069.02938389778
2026-02-13T23:23:31,gaming_1,15.5,44.7,13868.613064928324,3873.5061090435834,0.0,15443.083708663118,52.0,3584.02734375,171.273,62.0,1980.0,280.8,4242.57421875,145,5789.968704223633,99.5,40.15625,3,1645.6861851215363,8.4,41.11328125,33,25072.802072286606,5.1,25.44921875,14,25070.54803299904,3.1,229.453125,74,25070.543260335922
2026-02-13T23:23:33,gaming_1,18.6,44.7,18153.590543949125,4334.3209692269975,166918.79479316028,20538.836078064644,47.0,3584.23046875,157.777,61.0,1980.0,286.0,4242.6171875,145,5791.541836261749,98.4,40.15625,3,1647.2589585781097,5.0,25.41015625,13,25072.125079393387,3.9,41.11328125,33,25074.386395215988,3.0,196.33203125,47,25053.693868160248
2026-02-13T23:23:34,gaming_1,18.2,44.7,14980.901244495852,6141.798790782517,41888.742382425124,75268.83396842015,58.0,3636.73046875,187.907,64.0,1980.0,237.4,4184.8203125,145,5793.082236051559,100.2,40.15625,3,1648.8024468421936,7.0,25.4453125,14,25073.67702627182,6.0,41.11328125,33,25075.94352912903,4.0,4.8125,400,1771014213.4773352
2026-02-13T23:23:36,gaming_1,16.0,44.6,10064.696660319752,9064.043982421867,0.0,91356.77903713577,57.0,3636.73046875,188.177,65.0,1980.0,206.6,4182.83984375,145,5794.602725982666,98.6,40.28515625,3,1650.3235840797424,7.1,4.8125,400,1771014215.010427,6.1,25.41015625,13,25075.202578783035,2.1,328.5546875,95,25044.919409751892
2026-02-13T23:23:37,gaming_1,13.8,44.6,7238.428372387587,9067.596119865311,172359.93889101385,10772.496180688366,63.0,3583.66015625,196.3,66.0,1980.0,195.4,4182.16796875,145,5796.113479852676,100.0,40.28515625,3,1651.8396563529968,6.2,25.41015625,13,25076.716648101807,2.1,20.87109375,6,8474.415035247803,1.0,4.8125,400,1771014216.5288842
2026-02-13T23:23:39,gaming_1,13.8,44.6,7511.233436056332,8539.912312130828,0.0,34334.00160040034,67.0,3573.12890625,201.301,67.0,1965.0,116.5,4181.20703125,145,5797.547944784164,97.1,40.28515625,3,1653.2722799777985,7.3,4.8125,400,1771014218.0194814,3.3,196.328125,47,25059.694001436234,3.2,41.11328125,33,25080.464688539505
2026-02-13T23:23:40,gaming_1,10.2,44.6,9892.540930377358,7982.51582621828,45518.32917315246,118774.3901861947,68.0,3573.12890625,204.338,67.0,1965.0,104.1,4178.32421875,145,5798.989652395248,99.3,39.6328125,3,1654.7191123962402,5.4,25.41015625,13,25079.613671541214,3.3,4.8125,400,1771014219.4601872,2.2,41.11328125,33,25081.907782793045
2026-02-13T23:23:42,gaming_1,10.9,44.6,8629.616290506054,8791.456325574301,91041.61835392864,12802.727581021216,69.0,3573.12890625,205.702,67.0,1965.0,104.5,4176.89453125,145,5800.514944791794,99.5,40.28515625,3,1656.2423539161682,6.2,25.41015625,13,25081.12935900688,5.4,4.8125,400,1771014220.8995545,5.4,91.42578125,147,25083.376747131348
2026-02-13T23:23:43,gaming_1,12.1,44.5,9115.550466932362,12031.35167966325,171112.55722187733,66506.63845147185,70.0,3573.12890625,206.611,68.0,1965.0,101.3,4176.47265625,145,5801.979880571365,100.6,40.15625,3,1657.7023253440857,28.6,4.8125,400,1771014222.4321198,6.4,25.4453125,14,25082.586488962173,4.3,28.23828125,9,25068.283435583115
2026-02-13T23:23:45,gaming_1,11.1,44.5,8146.5536446164615,9206.11212570084,0.0,8761.207078733885,46.0,3610.4140625,142.112,62.0,1980.0,211.6,4261.85546875,145,5803.471667051315,99.4,40.15625,3,1659.195062637329,8.6,41.11328125,33,25086.332321166992,5.3,25.4453125,14,25084.05802512169,4.3,91.421875,147,25086.36008310318
2026-02-13T23:23:46,gaming_1,17.6,44.8,8459.321811970663,10161.826830732054,13118822.672567777,23494.569258907202,44.0,3610.4140625,149.012,62.0,1980.0,247.3,4264.6796875,145,5804.93723487854,100.2,40.15625,3,1660.6610083580017,8.3,4.8125,400,1771014225.3965158,3.2,196.2734375,46,25067.080755472183,3.1,25.41015625,13,25085.550806045532
2026-02-13T23:23:48,gaming_1,16.2,44.8,6927.805208984949,8292.706791908226,270787.6593495254,11282.819139563559,40.0,3574.59765625,143.174,61.0,1980.0,250.2,4260.8203125,145,5806.3985188007355,99.4,40.15625,3,1662.1226735115051,6.5,4.8125,400,1771014226.8489013,2.2,41.11328125,33,25089.300050497055,2.1,91.421875,147,25089.31867647171
2026-02-13T23:23:49,gaming_1,17.0,44.8,7847.7464030142755,8959.088995881477,0.0,15047.551368120736,36.0,3574.59765625,140.509,61.0,1980.0,287.2,4253.9765625,145,5807.878146409988,99.4,40.15625,3,1663.603049993515,6.4,25.44921875,14,25088.477284669876,5.3,4.8125,400,1771014228.31176,3.2,91.4296875,147,25090.780903339386
2026-02-13T23:23:51,gaming_1,17.7,44.8,7759.246451424568,10068.426120331957,87985.11557064806,15466.133596402979,55.0,3574.59765625,155.13,63.0,1980.0,243.1,4246.4609375,145,5809.375859737396,98.9,40.15625,3,1665.1012167930603,8.3,25.41015625,13,25089.980746746063,5.2,4.8125,400,1771014229.8035598,4.2,107.515625,37,25058.539899110794
2026-02-13T23:23:52,gaming_1,16.8,44.7,7147.831663664208,8917.395006082013,241147.6626267724,110982.73109527594,52.0,3574.72265625,163.377,62.0,1980.0,239.1,4242.46875,145,5810.8597049713135,100.2,40.15625,3,1666.582278728485,6.3,41.11328125,33,25093.748907327652,5.2,4.8125,400,1771014231.2973044,3.2,25.4453125,14,25091.465398550034
2026-02-13T23:23:54,gaming_1,15.2,44.8,7228.535810547481,9204.793783360285,0.0,87626.45647744955,52.0,3574.91015625,165.517,63.0,1980.0,211.1,4244.8828125,145,5812.347276210785,98.9,40.15625,3,1668.0674583911896,6.3,41.11328125,33,25095.23373746872,5.3,107.390625,37,25061.51291537285,3.2,25.44921875,14,25092.949606895447
2026-02-13T23:23:55,gaming_1,15.3,44.8,7067.324043327451,8955.571157270371,0.0,7566.423155977608,40.0,3575.03515625,138.019,61.0,1980.0,211.3,4251.22265625,145,5813.8191177845,100.5,40.15625,3,1669.5450439453125,7.3,4.8125,400,1771014234.2684596,5.3,25.4453125,14,25094.431236982346,4.2,41.11328125,33,25096.718321323395
2026-02-13T23:23:57,gaming_1,15.1,44.8,7021.696695741959,8855.410012596207,179632.63966122572,8771.124983458289,16.0,3509.08203125,116.813,56.0,1980.0,228.3,4024.1015625,144,5815.33184671402,99.8,40.15625,3,1671.0637583732605,7.5,107.4609375,37,25064.454772233963,5.4,4.8125,400,1771014235.728867,5.4,25.4453125,14,25095.897938489914
2026-02-13T23:23:58,gaming_1,15.4,44.1,23642.672716819015,8914.692162641215,87874.44770562604,31236.620082859252,24.0,3401.3359375,106.144,57.0,1815.0,99.8,40.15625,3,1672.440848350525,81.8,3854.4765625,143,5816.707038640976,13.6,4.8125,400,1771014237.2182126,8.6,228.453125,74,25097.33992242813,7.5,25.41015625,13,25097.343695163727
2026-02-13T23:23:59,gaming_1,9.4,43.6,6468.307451430984,4251.721841391686,0.0,130806.13129787901,28.0,3308.9765625,86.85,56.0,1815.0,98.6,40.15625,3,1673.7875604629517,64.8,3848.19921875,143,5818.056525945663,5.8,25.44921875,14,25098.699550151825,4.5,91.4296875,147,25101.062975168228,4.5,41.11328125,33,25101.024220466614
2026-02-13T23:24:01,gaming_1,9.3,43.5,90.36090965062496,229.26280382431293,0.0,18352.97285598148,28.0,2808.140625,88.465,55.0,1815.0,99.1,40.28515625,3,1675.1276998519897,64.2,3830.46875,143,5819.395418167114,7.0,41.11328125,33,25102.371329307556,5.8,91.4296875,147,25102.404590129852,3.5,4.8125,402,1771014239.9352908
2026-02-13T23:24:02,gaming_1,8.9,43.5,104.45420160391289,632.694021143701,0.0,12224.12599341792,28.0,2735.953125,90.635,55.0,1815.0,99.9,40.28515625,3,1676.472531080246,61.5,3827.60546875,143,5820.741139411926,16.3,4.8125,402,1771014241.2757654,5.9,41.11328125,33,25103.702323913574,5.8,59.4296875,22,25060.34866118431
2026-02-13T23:24:03,gaming_1,7.9,43.5,619.7014826731966,2052.34469530478,0.0,181198.64045819288,28.0,2731.359375,90.564,55.0,1815.0,98.7,40.28515625,3,1677.8175137043,69.7,3828.0,143,5822.086088180542,5.8,4.8125,401,1771014242.6264844,3.5,211.7421875,277,25099.67625284195,3.5,277.78515625,35,25069.941767930984
2026-02-13T23:24:05,gaming_1,9.0,43.5,0.0,432.8064197420733,0.0,11022.829708971361,29.0,2731.359375,90.662,55.0,1815.0,100.0,39.6328125,3,1679.161468744278,55.8,3828.53515625,143,5823.429946184158,9.3,4.8125,401,1771014243.9728496,7.0,41.11328125,33,25106.40092420578,3.5,25.41015625,13,25104.073219537735
2026-02-13T23:24:06,gaming_1,9.4,43.5,307.62337930331483,391.04666860590874,24407.27092738746,74747.2672151241,13.0,2560.765625,82.527,52.0,1815.0,99.1,40.28515625,3,1680.5339488983154,83.8,3873.8359375,143,5824.809520959854,12.8,41.11328125,33,25107.741817474365,12.8,25.41015625,13,25105.413120269775,5.8,4.8125,401,1771014245.31523
2026-02-13T23:24:08,gaming_1,11.4,43.7,93.96199486240924,608.6174667224235,30976069.30364465,137765.36846735782,19.0,2820.828125,77.915,52.0,1815.0,110.8,3849.57421875,143,5826.291233778,99.7,39.6328125,3,1681.992684841156,23.4,4.8125,401,1771014246.72231,3.3,91.42578125,147,25109.194454669952,2.2,107.3828125,37,25075.456647634506
2026-02-13T23:24:09,gaming_1,10.6,43.5,4100.017198652474,868.6707526322715,4588191.1297217375,15660.543146046584,36.0,2748.31640625,86.73,54.0,1815.0,100.8,40.15625,3,1683.3869760036469,63.9,3853.53125,143,5827.6602873802185,30.8,4.8125,401,1771014248.19218,6.4,91.4296875,147,25110.658780813217,4.3,107.3828125,37,25076.90326309204
2026-02-13T23:24:10,gaming_1,8.2,43.6,7824.37326947589,949.8603451077814,96586.57498368279,75458.26170600219,2.0,2710.59765625,58.406,50.0,1815.0,99.0,40.15625,3,1684.7600553035736,80.0,3846.96875,143,5829.027764797211,6.9,4.8125,401,1771014249.5488415,3.5,91.42578125,147,25112.014849424362,2.3,107.41796875,37,25078.264744997025
2026-02-13T23:24:12,gaming_1,9.1,43.6,733.0001068756555,797.2471281954341,0.0,13456.830647342713,23.0,2701.87890625,79.209,52.0,1815.0,100.5,40.15625,3,1686.143839597702,88.0,3852.06640625,143,5830.412992954254,9.1,4.8125,401,1771014250.9190276,3.4,107.41796875,37,25079.640033245087,2.3,91.4296875,147,25113.387592077255
2026-02-13T23:24:13,gaming_1,8.7,43.6,439.43947141709407,116.74877045899694,0.0,11138.26779037387,23.0,2614.31640625,79.581,51.0,1815.0,98.7,40.15625,3,1687.4897797107697,49.9,3844.9375,143,5831.758647918701,10.2,4.8125,401,1771014252.2976453,6.8,107.421875,37,25081.00894331932,3.5,25.44921875,14,25112.396728515625
2026-02-13T23:24:14,gaming_1,7.9,43.6,390.6806683685719,537.1859190067864,0.0,85239.41855314297,22.0,2613.81640625,79.798,51.0,1815.0,100.2,40.15625,3,1688.8468971252441,50.7,3845.47265625,143,5833.1152510643005,6.9,25.4453125,14,25113.75552558899,4.6,41.11328125,33,25116.081629276276,4.6,231.96484375,74,25113.751216888428
2026-02-13T23:24:16,gaming_1,7.7,43.6,5035.839812024928,1457.5481033332892,597922.244614576,34524.69813447108,16.0,2639.14453125,73.042,50.0,1815.0,99.8,40.15625,3,1690.2094476222992,77.9,3842.1015625,143,5834.478501081467,8.1,107.4375,37,25083.708629131317,5.8,4.8125,401,1771014254.998525,3.4,11.40625,5,25103.979872226715
2026-02-13T23:24:17,gaming_1,8.6,43.6,4465.510663601904,2012.6966039449967,431215.67806947103,8235.021629798926,16.0,2640.26953125,71.117,50.0,1815.0,99.2,40.15625,3,1691.5637135505676,64.7,3844.71484375,143,5835.831667661667,5.7,107.44140625,37,25085.080765247345,2.3,4.8125,401,1771014256.3670657,1.2,228.98046875,74,25116.470014095306
2026-02-13T23:24:19,gaming_1,7.7,43.5,390.4294759913092,536.8405294880502,193842.31923156392,15901.127749464229,9.0,2640.14453125,65.302,49.0,1815.0,99.5,40.15625,3,1692.930389881134,75.4,3838.609375,143,5837.199954032898,13.8,239.1953125,74,25117.831395864487,7.0,107.38671875,37,25086.428524017334,4.6,4.8125,401,1771014257.7186246
2026-02-13T23:24:20,gaming_1,8.9,43.5,529603.0126412966,13576.616816644551,1067689.397218611,672179.455482082,10.0,2640.14453125,61.308,49.0,1815.0,99.6,40.15625,3,1694.2816452980042,49.8,3838.33984375,143,5838.548089981079,4.6,4.8125,401,1771014259.0866344,3.4,107.3984375,37,25087.8002846241,1.1,7.51171875,15,25122.67728161812
2026-02-13T23:24:21,gaming_1,6.8,43.5,52.850843762567344,49.128953356752746,0.0,24391.780963546575,10.0,2614.19140625,61.416,48.0,1815.0,98.0,40.2890625,3,1695.6190750598907,52.5,3837.2578125,143,5839.886887788773,3.5,4.8125,401,1771014260.431338,2.3,107.40234375,37,25089.144911289215,1.2,91.41796875,147,25122.901498794556
2026-02-13T23:24:23,gaming_1,7.3,43.5,80.50473216618298,170.69984875977684,0.0,19082.60318013226,9.0,2614.19140625,61.344,48.0,1815.0,98.9,40.28515625,3,1696.962560892105,48.8,3831.71875,143,5841.23038649559,12.8,25.41015625,13,25121.869478464127,9.4,107.421875,37,25090.478524923325,3.5,211.8828125,277,25118.821726560593
2026-02-13T23:24:24,gaming_1,10.7,43.5,4828.967321169201,2891.138920860034,0.0,231303.00218659602,16.0,2638.51953125,67.725,49.0,1815.0,98.7,40.2890625,3,1698.340134382248,84.0,3843.5234375,143,5842.607254743576,5.8,4.8125,401,1771014263.1201434,5.8,40.6875,33,25125.55019402504,2.3,91.4296875,147,25125.587584733963
2026-02-13T23:24:25,gaming_1,10.2,43.5,266.0179774014873,170.3384868919605,0.0,106511.56858660531,22.0,2637.76953125,77.63,50.0,1815.0,99.0,40.28515625,3,1699.6967163085938,77.1,3842.6875,143,5843.965382814407,6.8,107.41796875,37,25093.21298766136,5.7,4.8125,401,1771014264.4954553,3.5,11.40625,5,25113.46520423889
2026-02-13T23:24:27,gaming_1,8.2,43.5,429.705000969047,1521.6872972460583,0.0,15120.890755749282,20.0,2637.76953125,78.525,49.0,1815.0,98.8,40.28515625,3,1701.0413661003113,59.3,3841.8125,143,5845.309319019318,3.5,4.8125,401,1771014265.8494668,3.5,107.42578125,37,25094.563359975815,3.5,11.40625,5,25114.808047056198
2026-02-13T23:24:28,gaming_1,7.2,43.5,717.7635567876625,654.2777062913552,0.0,14531.537732425351,23.0,2614.94140625,80.483,49.0,1815.0,100.8,40.2890625,3,1702.374260187149,45.6,3841.6796875,143,5846.645595788956,9.3,107.4296875,37,25095.900946378708,2.3,4.8125,401,1771014267.1892211,1.2,40.6875,33,25129.61929988861
2026-02-13T23:24:29,gaming_1,6.5,43.6,753.7631762966337,1032.1331414042024,0.0,21397.918604729784,23.0,2614.94140625,80.43,49.0,1815.0,99.8,40.2890625,3,1703.7213559150696,37.3,3841.63671875,143,5847.9873588085175,4.6,107.4375,37,25097.2454226017,2.3,4.8125,401,1771014268.529459,2.3,20.19140625,8,8526.264980077744
2026-02-13T23:24:31,gaming_1,7.7,43.6,4677.256910062242,2791.8683886849817,0.0,16056.790005424404,20.0,2646.83203125,78.897,49.0,1815.0,99.4,40.2890625,3,1705.0574674606323,52.6,3836.0390625,143,5849.323968410492,7.0,107.4453125,37,25098.57805466652,2.3,22.5625,4,5832.091384887695,2.3,20.19140625,8,8527.608670473099
2026-02-13T23:24:32,gaming_1,8.7,43.5,459.1609984035111,101.9530904072626,0.0,14097.805435585273,16.0,2637.26953125,71.742,49.0,1815.0,100.0,40.2890625,3,1706.4018070697784,59.2,3842.05859375,143,5850.670706748962,11.6,107.44921875,37,25099.927523851395,9.3,25.41015625,13,25131.31388068199,2.3,91.4296875,147,25133.682485342026
2026-02-13T23:24:33,gaming_1,7.5,43.6,716.7685449940933,89.31695264723905,195115.8602896486,76979.30425490043,17.0,2637.26953125,71.786,49.0,1815.0,100.8,40.2890625,3,1707.7350234985352,49.3,3842.1484375,143,5852.002061128616,9.4,25.4453125,14,25132.64702773094,8.2,107.43359375,37,25101.262773036957,3.5,109.5703125,33,25086.90757584572
2026-02-13T23:24:35,gaming_1,10.4,43.6,2502.798070518641,545.6550748337937,197025.0742937053,0.0,18.0,2638.20703125,77.811,49.0,1815.0,99.6,40.2890625,3,1709.0840003490448,56.5,3843.234375,143,5853.356787919998,16.2,25.4453125,14,25133.995289325714,14.1,107.4375,37,25102.595264434814,14.0,40.51953125,33,25136.3145468235
2026-02-13T23:24:36,gaming_1,9.6,43.5,2299.245852268058,1219.2970428694248,242881.00608355814,28842.119472422528,24.0,2710.4140625,78.829,49.0,1815.0,99.8,40.2890625,3,1710.4463675022125,63.4,3844.33203125,143,5854.71298956871,6.9,4.8125,401,1771014275.2334535,6.9,91.4296875,147,25137.702954769135,6.9,107.46875,37,25103.95174431801
2026-02-13T23:24:37,gaming_1,9.3,43.5,468.0713126948566,351.23718597824404,26702632.180208843,105717.98414448102,20.0,2710.4140625,79.042,49.0,1815.0,98.2,40.2890625,3,1711.7825198173523,50.3,3843.16015625,143,5856.049178361893,13.8,107.4609375,37,25105.308199882507,10.3,4.8125,401,1771014276.5955765,2.3,41.11328125,33,25139.023953914642
2026-02-13T23:24:39,gaming_1,8.8,43.5,0.0,614.1234173955417,0.0,30564.39268107094,21.0,2710.5390625,77.999,49.0,1815.0,153.9,3843.9140625,143,5857.409767150879,100.0,40.2890625,3,1713.1418464183807,9.3,107.453125,37,25106.6473236084,7.0,91.42578125,147,25140.40272951126,2.3,4.8125,401,1771014277.9356751
2026-02-13T23:24:40,gaming_1,11.4,43.5,437.5164767391138,779.2801892087246,0.0,16970.336067456534,22.0,2709.4140625,79.629,49.0,1815.0,146.1,3842.94140625,143,5858.757892370224,99.7,40.2890625,3,1714.4900493621826,11.4,107.453125,37,25108.012814044952,8.1,91.4296875,147,25141.760256767273,8.1,25.41015625,13,25139.400733709335
2026-02-13T23:24:41,gaming_1,13.5,43.6,4818.255492428223,3196.6132302933247,970999.9752514638,89893.35708382692,21.0,2707.4140625,79.786,49.0,1815.0,138.6,3841.90625,143,5860.110693216324,99.3,40.2890625,3,1715.845118522644,17.4,107.453125,37,25109.359132766724,10.4,91.43359375,147,25143.114863157272,9.2,328.26953125,95,25110.41525411606
2026-02-13T23:24:43,gaming_1,10.4,43.6,212.80472419619613,118.63678003969123,0.0,12907.681668318406,17.0,2713.0390625,77.162,48.0,1815.0,99.8,40.2890625,3,1717.174026966095,30.4,3831.8515625,143,5861.445067167282,14.0,107.453125,37,25110.70101761818,7.0,91.4296875,147,25144.458384990692,4.7,25.41015625,13,25142.083733558655
2026-02-13T23:24:44,gaming_1,9.2,43.5,5141.349147668233,3804.464383050867,0.0,99090.2560500355,9.0,2515.296875,69.012,47.0,1815.0,98.6,40.28515625,3,1718.5364034175873,88.6,3830.09765625,144,5862.802994966507,16.2,107.453125,37,25112.04856133461,13.9,25.4453125,14,25143.437534809113,12.7,328.26953125,95,25113.104691267014
2026-02-13T23:24:46,gaming_1,12.0,43.5,214.32652037143092,369.3239001556145,291614.591814438,11770.901492509867,4.0,2772.0703125,51.92,46.0,1815.0,99.7,40.2890625,3,1719.8690629005432,63.1,3838.8515625,143,5864.140034198761,16.2,4.8125,401,1771014284.6845944,11.6,107.453125,37,25113.395573616028,9.3,91.421875,147,25147.152135133743
2026-02-13T23:24:47,gaming_1,11.0,43.5,132.20836998507605,217.19946497548207,0.0,18968.2689947819,29.0,2765.15625,94.055,49.0,1815.0,112.2,3844.1640625,143,5865.518168210983,100.8,40.16015625,3,1721.2484557628632,18.2,328.265625,95,25115.826642274857,18.1,107.45703125,37,25114.777406930923,9.1,91.4296875,147,25148.52885532379
2026-02-13T23:24:48,gaming_1,10.6,43.5,0.0,0.0,0.0,11001.532796573745,21.0,2785.84375,81.157,49.0,1815.0,98.5,40.16015625,3,1722.6127345561981,73.5,3840.6484375,143,5866.879124879837,20.8,91.43359375,147,25149.87856221199,16.3,107.45703125,37,25116.12336373329,16.1,328.265625,95,25117.181312084198
2026-02-13T23:24:50,gaming_1,10.7,43.6,5185.914188528218,10556.855308303142,0.0,12077.614508151573,21.0,2784.71875,81.569,48.0,1815.0,100.1,40.16015625,3,1723.9559195041656,55.6,3839.98828125,143,5868.227634191513,16.2,328.265625,95,25118.52841925621,13.9,107.45703125,37,25117.478976249695,8.1,91.421875,147,25151.23144221306
2026-02-13T23:24:51,gaming_1,10.5,43.6,539.8941519809828,1117.1253822455744,0.0,16057.930628214459,24.0,2724.2578125,82.124,48.0,1815.0,99.0,40.16015625,3,1725.2979459762573,78.3,3840.1484375,143,5869.564616680145,19.7,328.59375,95,25119.875653982162,16.2,107.3125,37,25118.824671268463,14.0,91.4296875,147,25152.57310318947
2026-02-13T23:24:52,gaming_1,10.4,43.5,287.28450250640117,656.9684359642507,24324.90588664019,83236.7873308469,23.0,2724.2578125,84.063,48.0,1815.0,100.0,40.2890625,3,1726.642017841339,90.7,3838.98828125,143,5870.907909631729,18.6,91.42578125,147,25153.91845059395,14.0,107.375,37,25120.16193509102,12.8,25.41015625,13,25151.552791833878
2026-02-13T23:24:54,gaming_1,14.3,43.5,0.0,0.0,0.0,88030.87186738796,23.0,2701.0234375,84.221,48.0,1815.0,99.8,40.2890625,3,1727.988763809204,57.9,3838.34375,143,5872.258432149887,23.4,91.41796875,147,25155.256260871887,19.9,107.3984375,37,25121.499302864075,12.7,328.53515625,95,25122.56141090393
2026-02-13T23:24:55,gaming_1,11.5,43.5,422.56576383329855,1090.5162080680388,0.0,22774.070640278827,21.0,2625.62890625,81.991,48.0,1815.0,100.3,40.2890625,3,1729.3278722763062,64.2,3830.58984375,143,5873.596635103226,22.0,91.42578125,147,25156.608216285706,19.6,107.40625,37,25122.85192012787,17.5,328.55078125,95,25123.901886224747
2026-02-13T23:24:56,gaming_1,9.6,43.5,52.83108827446459,49.11058910020652,0.0,11810.352578764816,3.0,2537.50390625,55.492,45.0,1815.0,99.2,40.2890625,3,1730.681681394577,62.3,3827.35546875,143,5874.950357675552,16.3,107.4140625,37,25124.19493675232,15.1,91.43359375,147,25157.94872021675,9.2,328.55078125,95,25125.255131721497
2026-02-13T23:24:58,gaming_1,9.8,43.5,347.69077133613615,255.2198215126957,0.0,81433.61725251461,2.0,2537.62890625,51.812,45.0,1815.0,100.4,39.63671875,3,1732.0203483104706,49.0,3822.83984375,143,5876.2880890369415,20.8,91.42578125,147,25159.3001973629,19.7,107.4140625,37,25125.545808315277,4.7,328.53515625,95,25126.590584516525
2026-02-13T23:24:59,gaming_1,9.0,43.5,461.9028980776336,984.740869028701,0.0,16947.473107317477,5.0,2537.62890625,53.126,45.0,1815.0,100.4,40.2890625,3,1733.358588218689,51.3,3821.22265625,143,5877.627162218094,23.3,107.4140625,37,25126.88606786728,20.0,91.4296875,147,25160.631326198578,5.8,328.53515625,94,25127.9284760952
2026-02-13T23:25:00,gaming_1,10.3,43.5,63.95187805267664,0.0,0.0,18275.364593285827,2.0,2537.62890625,52.189,45.0,1815.0,99.3,40.2890625,3,1734.6967470645905,42.1,3820.4140625,143,5878.963025093079,23.5,107.42578125,37,25128.217581510544,22.1,91.4296875,147,25161.974628448486,14.0,328.53515625,94,25129.26434278488
2026-02-13T23:25:02,gaming_1,10.2,43.5,4634.377860357774,1954.8702984934218,0.0,15362.9100971394,2.0,2537.62890625,51.727,45.0,1815.0,100.6,40.2890625,3,1736.0326862335205,44.5,3821.1875,143,5880.298549890518,25.7,107.4296875,37,25129.55296564102,24.6,91.421875,147,25163.310865163803,5.8,328.51953125,94,25130.602445364
2026-02-13T23:25:03,gaming_1,9.7,43.5,224.7238808666734,171.71592225692652,0.0,87154.04304601988,5.0,2539.94140625,54.13,45.0,1815.0,99.2,39.63671875,3,1737.3711409568787,58.3,3813.40234375,143,5881.6392567157745,37.4,328.53515625,94,25131.939567565918,22.1,107.43359375,37,25130.893461227417,19.9,91.41796875,147,25164.64913368225
2026-02-13T23:25:04,gaming_1,11.0,43.5,458.3527609349226,541.9610821478076,0.0,96698.99550564517,4.0,2538.56640625,54.566,45.0,1815.0,99.5,40.2890625,3,1738.7065324783325,36.3,3815.30078125,143,5882.973607778549,36.3,328.53515625,94,25133.275669574738,19.8,91.42578125,147,25165.98619556427,7.0,107.43359375,37,25132.233254671097
2026-02-13T23:25:06,gaming_1,10.8,43.5,4603.495588254274,3126.888478123391,0.0,13087.971778593892,3.0,2538.56640625,53.027,44.0,1815.0,98.7,40.2890625,3,1740.0366716384888,38.8,3815.32421875,143,5884.3029589653015,23.5,91.42578125,147,25167.31582260132,4.7,4.8125,401,1771014304.850218,3.5,25.44921875,14,25164.94812822342
2026-02-13T23:25:07,gaming_1,9.2,43.5,196.2971689375183,142.55802002686693,0.0,20253.688122769952,4.0,2537.69140625,52.886,44.0,1815.0,99.1,40.2890625,3,1741.376622915268,43.1,3815.36328125,143,5885.6454956531525,5.8,91.4296875,147,25168.656846046448,3.5,4.8125,401,1771014306.1910589,3.5,41.11328125,33,25168.62010383606
2026-02-13T23:25:08,gaming_1,8.8,43.5,0.0,40.47520663150835,0.0,12280.477508345051,2.0,2537.81640625,51.856,44.0,1815.0,99.1,40.27734375,2,1742.7165985107422,39.6,3815.859375,143,5886.9860734939575,9.4,91.43359375,147,25169.991161346436,3.5,4.8125,401,1771014307.5254858,3.5,20.1875,8,8565.26716542244
2026-02-13T23:25:10,gaming_1,8.7,43.5,604.6175253744003,743.1136580340536,0.0,22492.963308509712,6.0,2398.296875,53.437,44.0,1815.0,98.6,40.1484375,2,1744.0641782283783,53.3,3819.2265625,144,5888.33403468132,11.6,91.421875,147,25171.33415865898,2.3,107.44140625,37,25137.581341981888,2.3,20.1875,8,8566.61769771576
2026-02-13T23:25:11,gaming_1,7.4,43.5,652.3891670945093,129.58922161355179,0.0,111088.32382616335,8.0,2525.78515625,57.467,44.0,1815.0,99.4,40.1484375,2,1745.399602651596,48.0,3818.40234375,143,5889.668905496597,8.1,91.42578125,147,25172.6852080822,1.2,4.8125,401,1771014310.2175815,0.0,61.71484375,4,25186.599123477936
2026-02-13T23:25:12,gaming_1,7.5,43.5,268.070459672164,236.53275853426237,4773450.329334088,18454.060551549308,13.0,2563.47265625,63.203,45.0,1815.0,98.0,40.1484375,2,1746.7394695281982,64.3,3828.22265625,143,5891.004714012146,11.7,91.42578125,147,25174.018440008163,3.5,4.8125,401,1771014311.5497897,1.2,41.11328125,33,25173.979454517365
2026-02-13T23:25:14,gaming_1,8.2,43.5,98.54453475128301,145.5771536098499,2690922.7622750346,58863.93542476638,24.0,2619.05859375,62.914,46.0,1815.0,97.6,40.1484375,2,1748.0847721099854,60.1,3831.87890625,143,5892.356875658035,7.0,91.421875,147,25175.3558075428,4.6,109.59765625,33,25127.26227760315,2.3,4.8125,401,1771014312.8899922
2026-02-13T23:25:15,gaming_1,7.9,43.5,1377.9635831271378,1047.4584288407677,192962.0115038891,68215.08609805455,20.0,2637.13671875,77.942,46.0,1815.0,103.8,3853.68359375,143,5893.727122306824,100.3,39.49609375,2,1749.4553072452545,4.6,4.8125,401,1771014314.2519963,4.6,25.44921875,14,25174.359103679657,2.3,22.5625,4,5876.4907121658325
2026-02-13T23:25:16,gaming_1,11.5,43.5,143.05994165932466,1434.267620225537,0.0,18405.57854538019,14.0,2596.8984375,70.749,46.0,1815.0,98.1,40.1484375,2,1750.7926547527313,77.4,3840.52734375,143,5895.059007883072,14.9,4.8125,401,1771014315.6113868,13.8,41.11328125,33,25178.036739826202,11.6,25.44140625,14,25175.702375650406
2026-02-13T23:25:18,gaming_1,9.7,43.6,48.9344796346496,484.89620728880055,3790055.52230665,19739.8725120138,7.0,2489.6171875,82.531,45.0,1815.0,116.1,3846.0,143,5896.431369781494,99.2,39.49609375,2,1752.1630265712738,16.0,25.41015625,13,25177.069051265717,5.8,4.8125,401,1771014316.959862,3.4,212.38671875,277,25174.020426750183
2026-02-13T23:25:19,gaming_1,12.6,43.6,5569.0457890650205,8522.997325328344,5696668.281771891,17349.492913235365,8.0,2471.36328125,56.85,45.0,1815.0,99.6,40.1484375,2,1753.5118029117584,75.4,3839.3046875,143,5897.777535915375,12.7,4.8125,401,1771014318.3179407,11.6,41.11328125,33,25180.746270656586,9.2,91.4296875,147,25180.786056280136
2026-02-13T23:25:20,gaming_1,8.5,43.6,4819.515310068214,3154.4845348005024,0.0,21907.290164975613,4.0,2446.4765625,52.741,44.0,1815.0,100.4,40.1484375,2,1754.8650753498077,71.6,3836.45703125,143,5899.130483388901,12.7,4.8125,401,1771014319.6732812,4.6,91.43359375,147,25182.143230438232,2.3,232.08984375,74,25179.77319073677
2026-02-13T23:25:22,gaming_1,7.6,43.6,53.00947776523822,462.15305262933043,24464.993907201777,86392.00973480627,2.0,2423.80859375,51.762,43.0,1815.0,100.7,40.1484375,2,1756.198900461197,45.6,3834.953125,143,5900.4655158519745,2.3,4.8125,401,1771014321.0122063,2.3,91.421875,147,25183.478019952774,1.2,228.6640625,74,25181.107407569885
2026-02-13T23:25:23,gaming_1,6.7,43.6,621.1316160331605,444.3076577897035,0.0,12275.7785248339,3.0,2423.68359375,51.251,43.0,1815.0,98.7,40.1484375,2,1757.5445506572723,45.3,3820.703125,143,5901.811629533768,4.7,91.4296875,147,25184.81524205208,2.3,20.08984375,5,8580.087631464005,1.2,4.8125,401,1771014322.3466043
2026-02-13T23:25:25,gaming_1,6.6,43.5,424.70071231311505,572.2283281692497,0.0,92319.50361130563,2.0,2423.43359375,53.011,43.0,1815.0,98.8,40.1484375,2,1758.8731050491333,28.2,3818.85546875,143,5903.139289617538,5.8,91.4296875,147,25186.157212018967,2.3,78.31640625,105,25158.428924560547,1.2,4.8125,401,1771014323.688981
2026-02-13T23:25:26,gaming_1,6.4,43.5,194.86812277638893,751.7412582489158,0.0,118575.75372387285,7.0,2611.91015625,51.499,43.0,1815.0,98.0,40.15234375,2,1760.2605743408203,35.8,3825.52734375,143,5904.536247014999,8.2,91.4140625,147,25187.488501548767,3.5,89.1015625,56,25183.70683670044,3.3,20.08984375,5,8582.833421707153
2026-02-13T23:25:27,gaming_1,8.7,43.6,245.84108726423858,216.793581276245,66744.08400285126,21038.89604437703,21.0,2614.03515625,77.671,46.0,1815.0,101.0,40.15234375,2,1761.652402639389,77.5,3834.046875,143,5905.9270968437195,14.4,12.09765625,30,25188.838641881943,8.8,25.41015625,13,25186.551061153412,6.6,91.4296875,147,25188.90256714821
2026-02-13T23:25:29,gaming_1,10.1,43.6,87.19495411890418,30.51823394161646,0.0,12649.081344182367,20.0,2639.61328125,77.793,46.0,1815.0,99.5,39.62890625,2,1763.0181832313538,56.2,3834.375,143,5907.289499282837,19.3,25.4453125,14,25187.92725253105,9.1,41.11328125,33,25190.245174884796,6.8,91.43359375,147,25190.278400182724
2026-02-13T23:25:30,gaming_1,11.7,43.6,385.31458799768666,705.6803155184905,0.0,133388.90464501735,21.0,2649.0625,72.451,46.0,1815.0,99.2,40.28515625,2,1764.3887317180634,72.0,3842.44921875,143,5908.657291173935,16.0,4.8125,401,1771014329.182531,11.4,41.27734375,33,25191.61006808281,4.6,91.41796875,147,25191.6494846344
2026-02-13T23:25:31,gaming_1,8.9,43.8,607266.2947552592,10870.035336441646,20871686.28576586,117345.12515168692,21.0,2710.75,80.848,46.0,1815.0,98.9,40.28515625,2,1765.7629306316376,96.6,3844.1484375,143,5910.031593322754,10.3,4.8125,401,1771014330.5477345,9.0,231.8359375,74,25190.669536590576,4.5,41.27734375,33,25192.995572566986
2026-02-13T23:25:33,gaming_1,9.4,43.6,4621.058939074717,2140.379859422882,4737946.609432502,596730.0180440556,19.0,2725.35546875,71.391,46.0,1815.0,98.3,40.28125,2,1767.1135261058807,76.4,3845.51953125,143,5911.381103992462,18.3,4.8125,401,1771014331.918318,1.2,208.578125,75,25192.017502307892,1.2,25.4453125,14,25192.020709991455
2026-02-13T23:25:34,gaming_1,8.7,43.8,450700.6279805682,7594.485905660625,16460832.54377471,134599.0999274581,21.0,2800.875,73.725,46.0,1815.0,100.0,40.28125,2,1768.5035841464996,88.8,3850.44140625,143,5912.771652460098,6.9,4.8125,401,1771014333.2814357,5.7,225.640625,75,25193.39726448059,1.1,62.34765625,116,25150.236870765686
2026-02-13T23:25:35,gaming_1,9.3,43.8,530021.9592070204,9491.811749026941,12176326.925243404,486239.5963162793,24.0,2803.9375,80.836,46.0,1815.0,98.6,40.28125,2,1769.8667559623718,90.7,3848.61328125,143,5914.1330580711365,8.0,227.8515625,75,25194.77317261696,6.8,25.44140625,14,25194.776478767395,4.5,4.8125,401,1771014334.6683009
2026-02-13T23:25:37,gaming_1,9.7,43.6,424.92887546277456,1646.1342776246186,219468.69443165982,888543.3948170672,4.0,2704.390625,63.009,44.0,1815.0,100.4,40.29296875,3,1771.221066236496,67.0,3839.18359375,144,5915.486462593079,8.2,91.4296875,147,25198.47754573822,5.8,4.8125,401,1771014336.0108926,5.8,41.27734375,33,25198.447148799896
2026-02-13T23:25:38,gaming_1,7.6,43.6,2551.464106429541,530.7871010197254,0.0,60014.32822196362,3.0,2688.84765625,51.428,43.0,1815.0,98.2,39.640625,3,1772.5571722984314,43.2,3836.953125,143,5916.82444691658,5.8,4.8125,401,1771014337.3667252,3.5,25.4453125,14,25197.4675924778,3.5,78.3515625,106,25172.11191368103
2026-02-13T23:25:40,gaming_1,6.6,43.6,2627.439839013797,1217.8498227583905,0.0,19174.019349701597,3.0,2619.54296875,51.381,43.0,1815.0,99.8,40.28515625,3,1773.8877708911896,38.7,3823.94921875,143,5918.1576681137085,2.3,4.8125,401,1771014338.7013335,1.2,91.42578125,147,25201.166969776154,0.0,61.69921875,4,25215.08286499977
2026-02-13T23:25:41,gaming_1,6.1,43.5,987.5421920513973,733.367820138093,0.0,13779.241244429488,3.0,2619.54296875,51.621,43.0,1815.0,99.3,40.2890625,3,1775.2252960205078,35.2,3823.48828125,143,5919.490932941437,2.3,91.4296875,147,25202.505989551544,2.3,20.08984375,5,8597.770660161972,1.2,41.27734375,33,25202.471221923828
2026-02-13T23:25:42,gaming_1,6.5,43.5,911.7936343982748,421.00101143821576,0.0,39575.59597006372,3.0,2619.54296875,51.72,43.0,1815.0,118.2,3823.41796875,142,5920.8392498493195,97.6,40.29296875,3,1776.5698084831238,7.0,25.41015625,13,25201.474199056625,3.5,212.55859375,276,25198.428862333298,2.3,28.39453125,9,25187.13543510437
2026-02-13T23:25:44,gaming_1,11.6,43.5,5439.5610778907585,2568.599277380023,0.0,15556.848248921362,5.0,2615.63671875,51.707,43.0,1815.0,155.5,3819.7421875,142,5922.205528974533,99.5,40.29296875,3,1777.9362547397614,3.4,41.27734375,33,25205.160269260406,3.4,25.4453125,14,25202.836319446564,2.3,4.8125,401,1771014342.7231536
2026-02-13T23:25:45,gaming_1,14.8,43.6,5315.1437266630755,4329.568569815604,0.0,93942.21009374106,18.0,2511.6640625,72.72,45.0,1815.0,165.2,3826.12890625,142,5923.614649295807,98.8,40.29296875,3,1779.344355583191,22.1,25.44140625,14,25204.250390291214,14.4,41.27734375,33,25206.567059278488,8.8,33.84375,16,25201.694890499115
2026-02-13T23:25:46,gaming_1,13.9,43.6,241.08211687557286,512.0328146029866,11651.59115896574,139454.9816838712,8.0,2695.29296875,52.134,43.0,1815.0,98.4,40.29296875,3,1780.7100698947906,87.1,3827.1015625,142,5924.977416038513,11.4,25.41015625,13,25205.623706817627,11.1,4.8125,401,1771014345.5067077,7.9,40.51953125,33,25207.950187921524
2026-02-13T23:25:48,gaming_1,11.6,43.6,5076.236033819969,747.4833464781897,6869559.909328068,39233.4779304297,32.0,2692.20703125,91.82,47.0,1815.0,100.3,39.5078125,3,1782.0959134101868,84.5,3844.26953125,142,5926.364068984985,14.7,4.8125,401,1771014346.8925645,13.6,40.51953125,33,25209.32689857483,7.9,25.44921875,14,25207.001849889755
2026-02-13T23:25:49,gaming_1,10.1,43.6,464.10961100208516,879.9810577110402,3017639.228973003,47150.61295270317,22.0,2645.83203125,89.475,47.0,1815.0,99.5,40.16796875,3,1783.4772429466248,82.2,3836.421875,142,5927.75105714798,12.6,25.41015625,13,25208.367882966995,10.3,4.8125,401,1771014348.2583203,4.6,22.171875,6,25207.337424516678
2026-02-13T23:25:50,gaming_1,10.6,43.6,823.7493985981852,661.4520127097511,0.0,23636.26995907647,2.0,2639.89453125,51.542,43.0,1815.0,100.0,40.16796875,3,1784.852668762207,68.5,3830.2109375,142,5929.11888217926,16.9,4.8125,401,1771014349.64698,9.0,45.859375,33,25212.08006310463,5.7,25.4453125,14,25209.751069307327
2026-02-13T23:25:52,gaming_1,8.1,43.6,4471.6893005408165,1974.4836351602132,0.0,84713.18145778961,3.0,2621.73046875,51.083,43.0,1815.0,99.1,40.171875,3,1786.287011384964,45.7,3829.20703125,142,5930.554294586182,7.6,235.1171875,76,25211.186769008636,6.9,91.4296875,147,25213.476834774017,3.3,25.41015625,13,25211.1917014122
2026-02-13T23:25:53,gaming_1,8.0,43.6,179.89029846536806,231.68750502738067,0.0,13260.084879875225,4.0,2553.16796875,53.377,43.0,1815.0,100.4,40.171875,3,1787.640968322754,39.2,3824.74609375,142,5931.909752368927,19.7,4.8125,401,1771014352.4404006,8.7,91.41796875,147,25214.90687894821,1.1,107.47265625,37,25181.154843568802
2026-02-13T23:25:55,gaming_1,6.5,43.5,385.76797926816715,530.4309714937298,0.0,90152.8077610941,5.0,2302.3046875,53.25,43.0,1815.0,100.1,40.171875,3,1789.015044927597,35.1,3784.71875,142,5933.289286851883,5.7,91.43359375,147,25216.27625155449,2.1,78.3515625,106,25188.667736530304,2.1,277.75,35,25181.25144314766
2026-02-13T23:25:57,gaming_1,12.8,43.7,6465.063148869486,4450.503292659262,44660.24575219048,2410011.349818573,3.0,2287.71484375,53.333,43.0,1815.0,109.1,3697.01171875,132,5935.035290718079,98.5,40.1796875,3,1790.7604525089264,47.5,291.4140625,246,25213.80150437355,30.4,44.05859375,30,25214.202288150787,29.3,48.91796875,31,25216.624869585037
2026-02-13T23:25:59,gaming_1,16.8,43.2,7656.194056880269,5583.591442673374,424469.0153895721,3812944.5268137557,2.0,2312.58984375,51.398,43.0,1815.0,104.3,3685.21484375,132,5937.3137550354,97.4,39.515625,3,1793.006185054779,45.2,321.61328125,36,25112.339715480804,20.7,247.296875,78,25217.772243976593,18.4,291.8984375,249,25215.93058872223
2026-02-13T23:26:01,gaming_1,18.2,43.2,14247.280285351526,5499.465744888525,42474.81777070408,615663.6346659868,2.0,2347.05859375,52.062,43.0,1815.0,99.8,39.515625,3,1794.9798727035522,98.4,342.8125,36,25114.387206077576,95.3,3685.13671875,132,5939.3308317661285,20.4,115.29296875,99,25114.78152704239,16.9,4.8125,402,1771014359.369542
2026-02-13T23:26:03,gaming_1,18.4,43.3,740.0263227435081,517.6822686031809,0.0,228172.0615723942,0.0,2341.05859375,51.141,42.0,1815.0,100.2,40.18359375,3,1796.8193900585175,100.1,3685.0625,132,5941.108067989349,14.9,25.41015625,13,25221.687525987625,12.8,4.8125,402,1771014361.4503827,12.6,350.453125,36,25116.121472358704
2026-02-13T23:26:04,gaming_1,10.5,43.3,0.0,422.88239561231984,19711.252260916783,221751.5879353138,0.0,2341.30859375,50.996,42.0,1815.0,107.9,3685.0,132,5942.788386583328,98.7,40.18359375,3,1798.4964032173157,11.3,113.9921875,101,25118.146980524063,8.5,4.8125,402,1771014363.115296,4.7,164.7421875,25,25116.848233938217
2026-02-13T23:26:06,gaming_1,10.6,43.3,6285.902941352785,13266.014870960336,0.0,157622.2358632447,0.0,2346.92578125,50.397,42.0,1815.0,104.1,3684.9375,132,5944.42423915863,100.7,40.18359375,3,1800.1411142349243,8.6,248.5,80,25225.005713939667,6.7,25.41015625,13,25225.010163784027,4.8,4.8125,402,1771014364.7450411
2026-02-13T23:26:07,gaming_1,13.8,43.3,0.0,327.28444225233847,0.0,141308.72157426339,3.0,2346.42578125,52.836,43.0,1815.0,102.4,3684.87890625,132,5945.919552564621,98.0,40.1796875,3,1801.6398043632507,21.9,4.8125,402,1771014366.386901,17.0,41.12109375,37,25228.828308343887,14.4,291.796875,249,25224.666669130325
2026-02-13T23:26:09,gaming_1,13.1,43.2,0.0,527.6286610171226,39341.63220011166,230476.39530565415,3.0,2345.67578125,52.505,43.0,1815.0,102.3,3684.82421875,132,5947.447069644928,100.1,40.1796875,3,1803.1693451404572,34.0,4.8125,402,1771014367.945014,8.1,291.8125,249,25226.20441031456,6.0,91.484375,148,25230.411883592606
2026-02-13T23:26:10,gaming_1,10.0,43.3,373.2358222659364,721.7306335862141,0.0,276149.2677710637,5.0,1578.53515625,52.896,43.0,1815.0,100.3,3684.77734375,132,5948.881026029587,99.3,39.51171875,3,1804.6014869213104,4.4,4.8125,402,1771014369.3606052,4.4,107.47265625,37,25198.079175949097,4.3,78.453125,108,25204.206137657166
2026-02-13T23:26:12,gaming_1,12.7,35.8,911.6404564362175,2388.053293201214,148322.3140383809,207521.1323607171,3.0,1501.03515625,53.714,44.0,1815.0,100.2,40.171875,3,1806.472268819809,35.3,316.1953125,25,25197.269812822342,34.7,4.8125,402,1771014370.9356985,33.1,1877.80859375,90,25233.445825099945,12.2,292.17578125,250,25229.42280983925
2026-02-13T23:26:14,gaming_1,20.0,30.8,6639.271753540346,3092.3240932123185,1011109.3283701014,447716.3823244393,3.0,1495.66015625,52.692,44.0,1815.0,99.6,40.171875,3,1808.1512939929962,96.3,264.91015625,81,25233.0029630661,74.2,4.8125,402,1771014372.747467,53.3,1350.62890625,90,25235.23586845398,11.3,91.69921875,149,25235.214158773422
2026-02-13T23:26:15,gaming_1,13.1,26.5,13746.497252189849,19885.297081206238,1784253.2062156312,1030364.6796266389,8.0,1479.72265625,53.32,44.0,1815.0,100.2,40.171875,3,1809.8187355995178,53.5,887.95703125,90,25236.9291639328,38.2,295.21484375,83,25234.68101000786,20.7,104.34765625,49,25210.611442565918,14.8,4.8125,402,1771014374.438657
2026-02-13T23:26:17,gaming_1,12.2,25.9,1377.4779630643545,962.6911814693458,18840091.499453638,1124413.010671691,4.0,1490.28515625,52.996,44.0,1815.0,98.9,40.19921875,3,1811.7464082241058,36.6,286.3515625,92,25236.517118692398,32.8,220.16796875,278,25233.586888313293,23.1,715.7421875,90,25238.56192302704,17.1,4.8125,405,1771014375.9936945
2026-02-13T23:26:19,gaming_1,26.8,27.5,26539.6742831594,9693.635545663858,1709099.2985225741,2637886.1305745044,3.0,1485.28515625,52.954,44.0,1815.0,100.8,40.265625,3,1813.3113374710083,77.7,917.5625,22,3.8896121978759766,33.6,286.69921875,92,25238.187034606934,28.7,92.7734375,56,25236.785907506943,13.9,4.8125,405,1771014378.0183444
2026-02-13T23:26:21,gaming_1,11.8,29.9,10156.05224825903,2597.017008001733,5345976.408479627,1275101.5559127307,4.0,1482.78515625,52.95,44.0,1815.0,100.1,40.25390625,3,1814.8258063793182,21.6,289.46484375,92,25239.704494714737,15.2,38.76953125,6,4.597639083862305,10.2,4.8125,405,1771014379.5564387,8.1,107.44140625,37,25208.281484603882
2026-02-13T23:26:23,gaming_1,13.0,30.1,15932.206849111002,2535.726443198682,5828152.880976967,732501.8475400948,6.0,1866.19140625,55.319,45.0,1815.0,98.0,40.23828125,3,1816.8350157737732,36.0,1110.7265625,19,7.0203399658203125,22.9,292.12890625,92,25241.351228237152,22.6,4.81640625,405,1771014381.1490371,9.5,44.625,31,25240.07693862915
2026-02-13T23:26:25,gaming_1,37.9,32.2,71486.61756252167,22406.198661189355,2714394.407570358,4852043.222641294,7.0,2660.86328125,51.726,45.0,1815.0,130.5,1761.96875,72,9.870829582214355,98.7,40.25,3,1819.543619632721,51.4,4.81640625,433,1771014383.8843734,42.8,315.7421875,92,25244.30048584938,39.4,92.58984375,150,25246.36070561409
2026-02-13T23:26:28,gaming_1,24.9,33.1,73270.26892259135,26500.901293190986,26524562.50142357,5141203.856936872,8.0,2766.08984375,51.302,45.0,1815.0,100.4,40.421875,3,1822.1100223064423,65.2,1833.859375,75,12.053084135055542,61.5,404.35546875,25,25212.944316625595,43.4,307.01171875,92,25246.934125185013,24.9,4.81640625,433,1771014385.9494486
2026-02-13T23:26:30,gaming_1,24.3,34.7,48516.18386996552,25126.775081660868,11022527.34079547,1020266.6548273995,8.0,2766.08984375,51.401,45.0,1815.0,100.0,40.41796875,3,1823.8901133537292,45.1,2035.734375,81,14.372192144393921,29.4,4.81640625,433,1771014388.4504776,18.2,311.73046875,93,25248.73371195793,13.3,93.2890625,150,25250.927952051163
2026-02-13T23:26:31,gaming_1,14.3,34.4,19925.911259598102,10009.847482465191,16925355.60417068,414985.5070761243,9.0,2894.08984375,52.311,46.0,1815.0,98.6,40.41796875,3,1825.6167998313904,61.7,2036.6640625,81,16.119457006454468,12.7,39.14453125,6,14.42140817642212,11.8,328.6015625,95,25220.2664334774,8.1,138.4609375,64,8.012253761291504
2026-02-13T23:26:33,gaming_1,15.3,34.3,11490.465964150088,2676.0766866481936,17931769.19465675,331464.2349476504,7.0,2893.90234375,52.319,46.0,1815.0,100.4,40.41796875,3,1827.359768629074,54.3,2038.0390625,81,17.873125791549683,17.2,4.81640625,433,1771014391.932766,12.5,42.1640625,37,25254.442794799805,10.7,25.41015625,13,25252.219804286957
2026-02-13T23:26:35,gaming_1,11.8,34.2,8626.040674308135,2509.945520335971,18395346.35671453,647327.7912763789,8.0,2897.90234375,50.765,46.0,1815.0,100.2,40.4140625,3,1829.0447840690613,42.1,2044.83203125,81,19.54283857345581,11.7,328.60546875,95,25223.72795176506,10.2,138.59375,64,11.446469783782959,9.2,93.2890625,150,25256.115529060364
2026-02-13T23:26:37,gaming_1,10.8,34.2,2305.876445018334,4035.715806594666,17594697.87489255,496073.919666917,8.0,2897.90234375,50.886,46.0,1815.0,97.6,40.4140625,3,1830.7570102214813,64.2,2062.15625,81,21.27041530609131,16.2,4.81640625,433,1771014395.37936,10.4,328.6171875,95,25225.379950761795,10.1,139.578125,65,13.154318809509277
2026-02-13T23:26:38,gaming_1,13.8,34.1,0.0,32.766155955632705,17258434.329100404,339253.4973966309,8.0,2900.52734375,50.972,46.0,1815.0,99.1,40.4140625,3,1832.3805804252625,48.3,2064.60546875,81,22.921470403671265,15.1,41.73046875,37,25259.49414253235,9.6,25.44921875,14,25257.242283582687,9.5,4.81640625,433,1771014397.0281005
2026-02-13T23:26:40,gaming_1,9.2,34.1,0.0,0.0,15561054.585426629,120628.33011958626,8.0,3028.52734375,50.88,46.0,1815.0,100.1,40.3984375,3,1834.0033161640167,48.1,2066.67578125,81,24.54662251472473,6.7,92.95703125,150,25261.128648996353,5.8,139.3828125,64,16.40881609916687,5.8,328.6171875,95,25228.62732744217
2026-02-13T23:26:41,gaming_1,8.4,34.1,1455.1821047940334,529.8323614222427,15657843.62655711,100143.26801311622,8.0,3028.52734375,51.015,47.0,1815.0,99.0,40.3984375,3,1835.6290667057037,38.7,2071.82421875,81,26.1619393825531,8.7,25.44921875,14,25260.488897562027,7.7,4.81640625,433,1771014400.273889,6.8,92.95703125,150,25262.746420621872
2026-02-13T23:26:43,gaming_1,11.4,34.1,2425.1710605399926,3658.455503046445,14942009.661169317,223029.23465287025,8.0,3156.65234375,50.977,47.0,1815.0,100.1,40.3984375,3,1837.2373275756836,50.2,2077.47265625,81,27.781362533569336,23.6,310.2734375,25,25228.060408115387,12.5,4.81640625,433,1771014401.8912501,7.7,41.80859375,37,25264.352298498154
2026-02-13T23:26:45,gaming_1,10.9,34.0,3235.5304310378974,417.4293367899901,13146334.679930435,308987.11521857954,8.0,3284.65234375,51.035,47.0,1815.0,100.3,40.3984375,3,1838.9517970085144,50.4,2088.30078125,81,29.455748796463013,18.6,308.18359375,25,25229.736567497253,8.5,4.81640625,433,1771014403.5470948,5.6,19.953125,8,8661.609253168106
2026-02-13T23:26:46,gaming_1,9.0,34.0,4144.5662257324575,1001.1317410827503,15816737.358546218,259951.00751314385,0.0,3284.65234375,50.373,47.0,1815.0,99.6,40.27734375,3,1840.5829787254333,59.1,2100.5,81,31.120879650115967,6.5,92.95703125,150,25267.698323965073,4.6,19.734375,19,25267.889919281006,3.7,107.50390625,37,25233.96984767914
2026-02-13T23:26:48,gaming_1,11.2,34.1,224.01932924247276,148.52110226020292,21408584.186703768,160006.7341683253,0.0,3412.65234375,49.533,47.0,1815.0,107.2,2130.7734375,80,32.73920297622681,99.6,40.2734375,3,1842.1980743408203,5.8,25.41015625,13,25267.06254863739,4.8,107.5078125,37,25235.588136911392,4.8,41.80859375,37,25269.31139588356
2026-02-13T23:26:50,gaming_1,10.2,34.1,96.51932063857708,74.2456312604439,19503594.775223512,231567.17419257385,4.0,3412.65234375,50.598,47.0,1815.0,112.7,2133.24609375,80,34.34688115119934,99.4,40.2734375,3,1843.8325152397156,4.9,107.51171875,37,25237.195936203003,4.8,4.81640625,433,1771014408.4600842,3.8,105.0625,48,25244.672610521317
2026-02-13T23:26:51,gaming_1,11.6,34.2,12901.423090816468,4098.541860788218,20783142.46935581,160989.17034224054,8.0,3412.65234375,54.947,48.0,1815.0,100.3,40.2734375,3,1845.4689769744873,91.3,2186.8671875,92,36.00730061531067,5.7,25.41015625,13,25270.330901622772,4.8,136.97265625,164,25250.54669523239,2.9,64.02734375,10,25256.066784381866
2026-02-13T23:26:53,gaming_1,10.1,34.3,40479.40826489196,17412.59716485336,279092.63824943843,249234.75465293316,8.0,3412.65234375,55.464,48.0,1815.0,99.5,40.2734375,3,1847.0710282325745,55.2,2187.59765625,92,37.62096667289734,8.7,41.80859375,37,25274.194525957108,5.8,4.81640625,433,1771014411.733233,4.9,25.41015625,13,25271.937271118164
2026-02-13T23:26:54,gaming_1,7.7,34.2,156762.02906782978,9396.697230237594,10197.078250113442,327262.48008957825,9.0,3412.65234375,55.568,48.0,1815.0,100.8,40.28125,3,1848.6989414691925,50.1,2189.5546875,92,39.244224309921265,4.8,107.51171875,37,25242.093554496765,3.8,78.4453125,107,25248.302101373672,2.9,25.4453125,14,25273.563655614853
2026-02-13T23:26:56,gaming_1,9.8,34.2,88066.3349515663,6665.82907248344,91587.44797913884,1106045.6391369614,9.0,3412.65234375,55.554,48.0,1815.0,97.5,40.3984375,3,1850.284723520279,66.6,2189.57421875,92,40.83850979804993,5.9,107.515625,37,25243.69151687622,5.9,25.4453125,14,25275.155507802963,3.9,4.81640625,433,1771014414.9507213
2026-02-13T23:26:58,gaming_1,7.6,34.1,1049.0328267201594,367.09852219558996,92848.85023820397,332063.59633802116,9.0,3412.65234375,55.555,49.0,1815.0,98.7,40.3984375,3,1851.8674290180206,53.1,2189.59375,92,42.42900562286377,3.0,107.515625,37,25245.27338552475,3.0,19.953125,8,8674.49434518814,2.0,4.81640625,433,1771014416.5392509
2026-02-13T23:26:59,gaming_1,7.8,34.1,125.94260191721237,145.02481432891122,83371.45817420636,85976.81624215031,9.0,3412.65234375,55.42,49.0,1815.0,100.5,40.3984375,3,1853.4381289482117,54.0,2189.60546875,92,43.99139428138733,8.0,25.44921875,13,25278.308296203613,5.0,107.515625,37,25246.84396672249,2.0,41.80859375,37,25280.56553220749
2026-02-13T23:27:01,gaming_1,9.2,34.2,42.10890442246528,567.1941822965399,0.0,113352.06659564956,9.0,3412.65234375,55.468,49.0,1815.0,97.4,40.27734375,3,1855.026115179062,50.7,2189.625,92,45.56356477737427,10.8,57.2890625,23,25279.769979715347,8.0,4.81640625,433,1771014419.6780183,4.0,41.80859375,37,25282.1386783123
2026-02-13T23:27:02,gaming_1,8.3,34.2,527.8024356791616,237.6361677228453,409834.8391548523,1673598.9877050102,8.0,3412.65234375,55.019,49.0,1815.0,98.7,40.39453125,3,1856.6085851192474,47.1,2189.79296875,92,47.154869079589844,6.9,107.515625,37,25250.00515127182,3.0,28.8515625,9,25267.203408002853,2.0,20.3828125,12,25267.199723005295
2026-02-13T23:27:04,gaming_1,10.7,34.2,49.498654186637005,439.77650450435186,249534.1385211879,243685.68214959756,5.0,3484.21484375,49.632,49.0,1815.0,98.3,40.39453125,3,1858.1974935531616,33.5,2191.30859375,92,48.739392042160034,11.9,4.81640625,433,1771014422.8556058,11.8,25.41015625,13,25283.061001062393,6.9,107.515625,37,25251.584264039993
2026-02-13T23:27:06,gaming_1,9.4,34.5,141.34575848565635,131.38306185230613,18437205.49439713,202760.80188194383,2.0,3880.15234375,51.248,49.0,1815.0,99.2,40.39453125,3,1859.8039121627808,97.1,2322.40625,93,50.349122524261475,4.9,107.515625,37,25253.194061279297,3.9,19.953125,8,8682.43648815155,1.9,4.81640625,433,1771014424.4585173
2026-02-13T23:27:07,gaming_1,11.6,34.7,331.59149813653215,455.9383099377317,31974262.860312004,328295.67960959935,2.0,3931.40234375,51.363,49.0,1815.0,114.6,2339.57421875,93,51.94325590133667,98.8,40.39453125,3,1861.3850197792053,5.9,107.45703125,37,25254.79137802124,5.9,25.41015625,13,25286.257801532745,2.9,4.81640625,433,1771014426.0508382
2026-02-13T23:27:09,gaming_1,11.8,34.8,13552.187384598481,2984.324034329638,24321907.757590525,211274.61262591157,7.0,4060.40234375,56.44,50.0,1815.0,112.4,2363.5078125,93,53.54155898094177,99.0,40.39453125,3,1863.0110173225403,9.8,4.81640625,433,1771014427.648278,4.9,107.6171875,37,25256.38378429413,3.9,42.40234375,37,25290.112433433533
2026-02-13T23:27:10,gaming_1,12.3,34.9,0.0,33.53735030957566,29112049.7355119,104298.6752146092,7.0,4316.40234375,55.541,50.0,1815.0,167.7,2432.41015625,93,55.16323494911194,100.5,40.39453125,3,1864.6279890537262,9.6,25.4453125,14,25289.492530345917,2.9,107.62890625,37,25258.00386762619,2.9,138.59765625,61,47.03323483467102
2026-02-13T23:27:12,gaming_1,14.4,35.1,323.286236581335,477.5819404042449,37839458.812425174,47963.9216455217,71.0,4583.58984375,60.878,54.0,1815.0,161.3,2523.84765625,93,56.8097140789032,98.5,40.390625,3,1866.2774617671967,8.5,107.62890625,37,25259.65114736557,6.7,4.81640625,433,1771014430.8973076,5.7,42.40234375,37,25293.376405239105
2026-02-13T23:27:14,gaming_1,11.9,35.6,0.0,32.675381932462265,77447800.19678481,28502.614639753752,5.0,4711.58984375,66.178,51.0,1965.0,143.0,2613.7734375,93,58.437079191207886,98.4,39.57421875,3,1867.8972957134247,7.8,328.609375,95,25262.50905442238,4.8,107.6328125,37,25261.28163766861,4.7,4.81640625,433,1771014432.5444179
2026-02-13T23:27:15,gaming_1,11.1,35.7,41.136215461325286,127.7715783268437,44952140.448924124,53611.70771395994,17.0,5175.96484375,55.55,51.0,1815.0,128.1,2646.3671875,93,60.03569293022156,98.3,39.57421875,3,1869.5025601387024,6.8,25.45703125,13,25294.37203001976,5.9,107.51953125,37,25262.88426733017,4.9,41.8828125,37,25296.60720872879
2026-02-13T23:27:17,gaming_1,13.4,36.3,5429.679612674442,2948.464728367616,40234285.54431158,50012.53191076228,18.0,5177.40234375,56.806,51.0,1815.0,135.3,2822.04296875,91,61.640721559524536,98.5,40.30078125,3,1871.0894169807434,8.7,4.81640625,433,1771014435.7578852,5.9,138.59375,61,53.50218057632446,3.9,107.51953125,37,25264.490797042847
2026-02-13T23:27:18,gaming_1,11.2,36.4,46.743017278042636,1193.2102653813856,15047673.82772077,163322.62901906355,8.0,5307.27734375,58.354,51.0,1815.0,131.9,2845.046875,91,63.227797508239746,100.8,40.30078125,3,1872.6860935688019,8.9,107.53515625,37,25266.072901964188,2.9,78.4140625,105,25272.282950639725,2.0,4.81640625,433,1771014437.338885
2026-02-13T23:27:20,gaming_1,10.9,36.6,298.97800369018665,989.8935584364164,45133196.85366917,29264.67047885121,7.0,5563.83984375,61.302,51.0,1815.0,120.3,2868.40625,91,64.82515144348145,99.3,40.3125,3,1874.2753891944885,7.8,25.41015625,13,25299.145218372345,4.9,4.81640625,433,1771014438.931813,4.9,107.53125,37,25267.670758008957
2026-02-13T23:27:22,gaming_1,12.9,36.7,354.75380275671114,545.200581078735,31080436.238083214,34096.197070567825,7.0,5819.83984375,60.504,51.0,1815.0,127.4,2878.8515625,91,66.43187141418457,98.8,40.31640625,3,1875.9043228626251,10.7,4.81640625,433,1771014440.5393293,7.8,107.53515625,37,25269.278153181076,3.9,138.7578125,61,58.30945086479187
2026-02-13T23:27:23,gaming_1,10.2,36.8,0.0,400.6140105386038,14768234.884495089,73638.9044702824,5.0,5819.83984375,58.323,51.0,1815.0,117.9,2952.23046875,91,68.04907584190369,99.9,40.296875,2,1877.5620369911194,7.5,328.62890625,95,25272.181228637695,4.8,25.41015625,13,25302.385677337646,3.9,138.75,61,59.92673635482788
2026-02-13T23:27:25,gaming_1,13.6,37.2,0.0,0.0,8308361.270089738,179048.8834540852,6.0,5947.83984375,56.001,51.0,1815.0,111.0,3031.3046875,91,69.71063041687012,98.5,40.296875,2,1879.1642801761627,10.3,4.81640625,433,1771014443.8203557,6.6,107.5390625,37,25272.55731201172,6.6,41.80859375,37,25306.27973985672
2026-02-13T23:27:27,gaming_1,10.7,37.2,515.5045061754604,543.6229337850309,25389265.522864584,95017.79057826086,7.0,6075.83984375,55.801,51.0,1815.0,120.8,3033.4375,91,71.31474590301514,100.4,40.29296875,2,1880.9543085098267,7.1,113.13671875,49,60.702879905700684,5.7,328.62890625,95,25275.694212913513,5.5,138.65234375,58,63.27834701538086
2026-02-13T23:27:29,gaming_1,15.8,37.2,0.0,290.27496785972477,29138850.84431191,413486.98269066634,8.0,6076.02734375,56.304,52.0,1815.0,113.5,3051.12890625,91,73.43631625175476,101.9,4.81640625,433,1771014447.4286177,98.7,40.29296875,2,1883.0750517845154,6.8,107.55859375,37,25276.24647450447,6.5,25.4453125,14,25307.920791387558
2026-02-13T23:27:30,gaming_1,15.5,37.3,0.0,0.0,25653243.06440873,186314.48573227166,18.0,6116.52734375,56.146,52.0,1815.0,119.7,3077.65625,91,75.22356605529785,99.7,40.29296875,2,1884.6736850738525,75.6,4.81640625,433,1771014449.3298306,6.8,107.56640625,37,25278.073607206345,4.8,138.55078125,58,67.08917570114136
2026-02-13T23:27:32,gaming_1,11.9,37.3,643.7916734215991,452.899956302404,22278825.081304003,138300.42522371592,24.0,6116.52734375,64.58,53.0,1815.0,144.1,3097.0,91,76.82798075675964,98.7,39.59375,2,1886.3206551074982,10.7,25.44921875,14,25311.149477481842,7.8,4.81640625,433,1771014450.932607,7.8,107.55859375,37,25279.67390203476
2026-02-13T23:27:34,gaming_1,20.3,37.2,15557.802111060379,2537.036403705311,6656614.3354406245,152694.1358412365,31.0,7409.58984375,76.527,54.0,1860.0,278.2,3035.88671875,91,78.52442812919617,100.2,39.59375,2,1888.2864949703217,8.3,4.81640625,433,1771014452.626288,7.4,107.5703125,37,25281.36424636841,5.9,138.55078125,58,70.54241371154785
2026-02-13T23:27:36,gaming_1,43.1,37.4,9484.138837829196,5681.16386870792,7613693.372900046,169366.410659262,14.0,7495.90234375,69.591,53.0,1815.0,836.0,3096.46875,91,80.72822642326355,99.3,40.40625,3,1890.2662949562073,19.5,4.81640625,433,1771014454.7938335,8.9,25.44140625,14,25315.112061738968,8.6,92.9375,149,25317.29050731659
2026-02-13T23:27:38,gaming_1,14.7,37.6,21260.53256860531,6172.61288979969,2246352.6297544953,157441.1243847994,90.0,7770.90234375,165.839,63.0,1980.0,198.0,3265.6640625,92,82.47183132171631,99.9,40.4140625,3,1892.0976541042328,6.3,107.58203125,37,25285.30960917473,6.2,4.81640625,433,1771014456.558881,5.4,138.55078125,58,74.38789510726929
2026-02-13T23:27:40,gaming_1,22.6,38.1,170.18299552132723,1479.4317224297197,28827390.438446086,205457.28913847505,84.0,7770.90234375,217.553,64.0,1980.0,337.7,3285.875,92,84.71348595619202,99.0,39.71875,3,1894.4959681034088,15.9,4.81640625,433,1771014458.6331377,11.5,107.58203125,37,25287.481198310852,10.6,25.41015625,13,25319.21663761139
2026-02-13T23:27:43,gaming_1,24.6,38.2,5495.364130674822,3818.3750767130223,18301023.417742968,155482.4736598288,89.0,7770.90234375,216.401,65.0,1980.0,408.2,3297.38671875,92,87.05506038665771,98.6,40.41796875,3,1896.8095705509186,15.8,92.94140625,149,25323.50021648407,12.6,107.578125,37,25289.840699911118,11.9,4.81640625,433,1771014460.9981194
2026-02-13T23:27:45,gaming_1,30.5,38.2,15939.415568729588,18796.725562593954,3067831.2078771126,59031.41719034985,92.0,7770.90234375,224.482,67.0,1965.0,476.2,3307.31640625,92,89.31272888183594,100.0,40.421875,3,1899.0583527088165,24.1,4.81640625,433,1771014463.2700207,15.2,92.94140625,149,25325.762419462204,9.7,107.5703125,37,25292.095665216446
2026-02-13T23:27:47,gaming_1,28.5,38.2,6407.616954130483,8655.550799947427,601659.3626815721,54614.91238627365,80.0,7772.96484375,188.303,65.0,1980.0,439.3,3322.421875,92,91.55593752861023,96.6,40.296875,3,1901.2913010120392,18.4,4.81640625,433,1771014465.5576093,13.0,92.94140625,149,25328.048669338226,11.2,25.4453125,14,25326.035863876343
2026-02-13T23:27:49,gaming_1,28.2,38.4,3714.3584925996543,4274.599677686582,10587593.863841977,127152.6638835425,6.0,7773.02734375,150.593,58.0,1980.0,430.7,3345.11328125,92,93.80258846282959,99.5,40.296875,3,1903.4432985782623,17.6,92.9375,148,25330.273364782333,14.8,4.81640625,433,1771014467.7774742,12.7,107.546875,37,25296.59666991234
2026-02-13T23:27:51,gaming_1,22.3,38.5,22470.965913401513,45308.75463137713,1436130.4312990147,20616.71837649146,19.0,7854.40234375,142.941,58.0,1980.0,305.5,3359.23046875,92,95.74571061134338,100.1,40.29296875,3,1905.3950154781342,11.6,92.9375,148,25332.28137564659,9.5,107.45703125,37,25298.569836616516,9.5,133.96484375,165,25310.550976753235
2026-02-13T23:27:53,gaming_1,25.2,38.5,43559.881411008784,18188.728458603076,15206417.779812634,44786.02496794132,57.0,7854.40234375,119.84,57.0,1980.0,291.6,3371.328125,92,97.69073796272278,99.3,40.2890625,3,1907.2514967918396,21.5,4.81640625,433,1771014471.7758505,19.8,25.453125,14,25332.046363830566,16.8,41.67578125,35,25334.253666639328
2026-02-13T23:27:55,gaming_1,24.8,38.6,47630.660445758316,28075.75083707451,7839978.9842919,33385.1036415327,22.0,7854.40234375,105.685,56.0,1995.0,464.2,3403.58203125,92,99.73702764511108,99.8,40.3046875,3,1909.3017988204956,13.6,92.93359375,148,25336.208309173584,12.5,107.54296875,37,25302.530282497406,8.8,4.81640625,433,1771014473.727557
2026-02-13T23:27:57,gaming_1,19.4,38.6,85715.86049527893,22495.823840581186,13332613.845139083,1641529.3031133509,56.0,7902.02734375,139.229,60.0,1980.0,247.9,3418.39453125,92,101.63486051559448,98.4,40.30859375,3,1911.3046438694,14.5,92.9375,148,25338.153720855713,9.7,25.41015625,13,25336.063621282578,8.9,4.81640625,433,1771014475.6691566
2026-02-13T23:28:00,gaming_1,22.2,39.2,112193.59667253742,44669.64138375832,17585685.842125285,143458.52263568726,70.0,7904.77734375,166.223,61.0,1980.0,398.0,3445.3125,92,103.75884699821472,100.1,40.30859375,3,1913.5519344806671,12.7,107.5703125,37,25306.563601017,12.0,144.49609375,148,25340.22820019722,9.1,4.81640625,433,1771014477.7369313
2026-02-13T23:28:02,gaming_1,32.9,39.2,109982.87053511797,76479.54815340813,11051122.787713796,26760.844086482735,53.0,7904.77734375,142.813,59.0,1980.0,486.3,3458.08203125,92,106.08535647392273,98.8,40.30859375,3,1915.8439745903015,20.2,144.5,148,25342.550668478012,17.3,25.44921875,14,25340.644861459732,14.8,4.81640625,433,1771014480.0509918
2026-02-13T23:28:04,gaming_1,27.9,39.3,175345.28031526212,39181.95204212673,2039930.0016494473,9007.843077935739,58.0,7904.77734375,159.855,60.0,1980.0,469.8,3471.11328125,92,108.29349279403687,99.0,39.734375,3,1918.0212786197662,14.1,144.5,148,25344.757788658142,10.6,107.5703125,37,25311.08176779747,7.3,138.63671875,58,100.31182503700256
2026-02-13T23:28:06,gaming_1,31.0,39.3,151918.37057583543,41437.78189326219,4594883.888992051,167287.18407124857,58.0,7904.77734375,157.947,60.0,1980.0,530.6,3473.8203125,92,110.46110963821411,99.1,39.734375,3,1920.1825735569,17.9,144.5,148,25346.93852186203,15.8,107.578125,37,25313.255024909973,8.7,25.44921875,14,25344.942011356354
2026-02-13T23:28:08,gaming_1,28.0,39.3,170315.90778161056,80805.47411819939,2652524.5561729157,35832.349267599035,43.0,7906.77734375,147.956,58.0,1980.0,490.8,3475.27734375,92,112.65955185890198,100.5,40.421875,3,1922.374588727951,14.9,107.59765625,37,25315.4554977417,14.2,144.5,148,25349.1333630085,9.3,138.6328125,58,104.66236138343811
2026-02-13T23:28:11,gaming_1,30.7,39.3,183499.32728910938,120360.27668427957,10320167.937775455,93015.97016913448,63.0,7906.77734375,154.498,60.0,1980.0,517.4,3488.2421875,92,114.90432047843933,98.9,40.42578125,3,1924.633044242859,21.0,144.48828125,148,25351.368083953857,11.9,4.81640625,433,1771014488.8740458,11.0,329.02734375,95,25319.347893953323
2026-02-13T23:28:13,gaming_1,28.1,39.4,221679.86941310336,173703.22994849447,13069754.76493063,15304.697449146257,25.0,7912.15234375,133.472,56.0,1980.0,543.2,3495.68359375,92,117.20611500740051,99.1,40.42578125,3,1926.9818754196167,16.7,144.48046875,148,25353.62020754814,15.0,107.609375,37,25319.993411302567,11.4,329.02734375,95,25321.680982112885
2026-02-13T23:28:15,gaming_1,32.0,39.4,267957.151136106,153966.45025319088,23219843.291368652,631285.0186270127,52.0,7899.27734375,143.898,59.0,1980.0,451.4,3497.5234375,92,119.43094563484192,97.8,40.42578125,3,1929.1713185310364,15.7,144.48046875,148,25355.896023988724,15.4,107.609375,37,25322.22585749626,13.6,4.81640625,433,1771014493.4035923
2026-02-13T23:28:17,gaming_1,31.7,40.0,244168.4477327745,207924.19479044617,4581864.411570581,471405.1291960685,54.0,7899.27734375,148.935,59.0,1980.0,513.1,3562.4140625,91,121.64149785041809,98.5,40.421875,3,1931.3749797344208,16.9,202.16796875,148,25358.121078252792,15.7,25.44921875,14,25356.119380235672,12.0,107.61328125,37,25324.442028284073
2026-02-13T23:28:20,gaming_1,27.4,40.0,215320.01002889845,313970.5384045708,1124854.6019581163,219235.64199348155,67.0,7899.27734375,152.983,59.0,1980.0,483.0,3562.734375,91,123.85434412956238,98.4,39.73828125,3,1933.6279866695404,17.6,329.02734375,95,25328.30748772621,16.3,202.16796875,148,25360.330001831055,14.9,107.61328125,37,25326.649967432022
2026-02-13T23:28:22,gaming_1,31.5,40.0,313089.7827554024,338421.3012925653,17205405.43580058,44929.27983632972,57.0,7899.27734375,153.921,59.0,1980.0,470.8,3563.26953125,91,126.1340696811676,98.1,40.42578125,3,1935.9867856502533,21.5,202.16796875,148,25362.583344221115,13.7,329.03125,95,25330.699278593063,9.6,107.6015625,37,25328.919628858566
2026-02-13T23:28:24,gaming_1,35.3,40.4,309616.9590964497,321166.2856797197,9154784.99876541,72168.03874685647,50.0,7899.27734375,148.35,59.0,1980.0,677.4,3698.99609375,91,128.5496482849121,99.2,40.42578125,3,1938.3176140785217,13.8,202.171875,148,25364.960920333862,12.7,329.03125,95,25333.163004875183,11.2,4.81640625,433,1771014502.4633965
2026-02-13T23:28:27,gaming_1,31.5,40.9,336700.82204781205,269700.8194603892,5503858.405103291,367923.6489825319,50.0,7907.76171875,126.356,58.0,1995.0,482.3,3827.625,91,130.97962021827698,99.9,40.4296875,3,1940.6787946224213,16.3,202.18359375,148,25367.446645259857,15.0,95.76171875,56,25364.113699436188,15.0,328.7578125,95,25335.36773967743
2026-02-13T23:28:29,gaming_1,31.7,41.0,320269.12015914114,308346.834639856,454496.2239328982,528924.3846350879,50.0,7899.27734375,151.441,59.0,1995.0,429.7,3830.94140625,91,133.32120823860168,100.3,40.43359375,3,1943.0633268356323,16.8,4.81640625,433,1771014507.2852075,16.7,202.1875,148,25369.78495812416,12.1,25.41015625,13,25367.811924934387
2026-02-13T23:28:31,gaming_1,27.8,41.0,313594.3820647302,304561.72763543343,1403838.239006373,264827.46884397056,49.0,7899.27734375,144.699,58.0,1995.0,445.3,3830.96875,90,135.53914332389832,97.5,39.734375,3,1945.2435953617096,12.6,4.81640625,433,1771014509.510765,12.0,202.1796875,148,25372.003325223923,7.7,107.62109375,37,25338.33836364746
2026-02-13T23:28:33,gaming_1,29.7,40.9,328573.3546493352,345316.61577176256,984528.8507747839,45018.66757908594,54.0,7899.27734375,145.865,58.0,1995.0,400.2,3830.98828125,90,137.7950882911682,99.3,39.734375,3,1947.539341211319,26.4,305.5703125,36,25266.909403800964,17.3,202.1796875,148,25374.26421713829,13.1,4.81640625,433,1771014511.7731638
2026-02-13T23:28:36,gaming_1,24.5,40.9,332911.9731351463,344008.979025271,3563200.1325819334,103704.39208792282,33.0,7899.27734375,149.695,59.0,1995.0,413.7,3831.15234375,90,140.08188700675964,98.6,40.41796875,3,1949.855482339859,12.6,202.19921875,148,25376.506390094757,10.0,328.7578125,95,25344.588238477707,8.9,107.62890625,37,25342.856686353683
2026-02-13T23:28:38,gaming_1,31.4,40.9,271166.2100545651,343107.3333581736,18593465.798632197,674233.9446310519,57.0,7899.27734375,158.541,59.0,1980.0,510.9,3842.7578125,90,142.35888004302979,99.3,40.41796875,3,1952.1196172237396,18.1,202.19921875,148,25378.833453416824,16.7,4.81640625,433,1771014516.342284,10.9,107.60546875,37,25345.150362730026
2026-02-13T23:28:40,gaming_1,26.6,41.3,259339.1664881561,338090.3439618915,5406558.530787421,59631.16026603774,53.0,7899.27734375,146.629,58.0,1980.0,481.9,3973.3671875,90,144.66367506980896,100.5,40.41796875,3,1954.404804468155,13.8,25.41015625,13,25379.14232325554,11.7,202.19140625,148,25381.109444379807,11.5,107.6171875,37,25347.452335119247
2026-02-13T23:28:43,gaming_1,33.9,41.3,318784.1596286123,333697.37190795515,1254661.6920640545,29634.087930291986,52.0,7899.27734375,140.326,58.0,1980.0,526.4,3973.6796875,89,146.87514472007751,97.5,40.41796875,3,1956.6642866134644,15.3,202.1953125,148,25383.350367307663,11.1,4.81640625,433,1771014520.8564682,9.2,107.625,37,25349.66755747795
2026-02-13T23:28:45,gaming_1,29.0,41.3,338319.75715867756,277272.20110410167,925866.2270295555,9719.787051335667,60.0,7899.27734375,166.176,59.0,1980.0,493.1,3970.66796875,89,149.13373398780823,99.2,40.41796875,3,1958.8532407283783,12.6,25.41015625,13,25383.60384273529,9.7,4.81640625,433,1771014523.1197963,9.7,202.1953125,148,25385.610253810883
2026-02-13T23:28:47,gaming_1,27.2,41.3,329650.57555850584,106141.7428608182,545857.5419269099,40039.029768076296,54.0,7899.27734375,140.675,58.0,1980.0,441.9,3971.5546875,89,151.29795360565186,98.7,40.30078125,3,1961.0213534832,13.0,4.81640625,433,1771014525.280459,12.3,202.19140625,148,25387.770141601562,9.3,25.41015625,13,25385.776960611343
2026-02-13T23:28:49,gaming_1,26.1,41.3,334838.62627178687,199962.34365877853,195896.6414056965,10935.977554201501,54.0,7899.27734375,151.59,58.0,1995.0,388.0,3972.55078125,89,153.41762232780457,99.0,40.30078125,3,1963.152844429016,16.1,202.19921875,148,25389.90142416954,7.4,42.0234375,35,25389.955800533295,7.3,4.81640625,433,1771014527.4293683
2026-02-13T23:28:52,gaming_1,23.7,41.3,299699.46997078776,190393.49643331906,121906.93027235114,96118.92579166147,49.0,7899.27734375,145.82,57.0,1995.0,391.7,3972.6015625,89,155.63970398902893,100.1,40.296875,3,1965.6200802326202,14.9,202.18359375,148,25392.108461141586,13.4,25.44140625,14,25390.23506474495,11.2,107.65625,37,25358.433864831924
2026-02-13T23:28:54,gaming_1,29.4,41.6,358119.6314037939,95020.87560126784,84314657.92702153,793733.2327512656,59.0,7899.27734375,152.655,59.0,1995.0,418.8,3972.69921875,89,158.19019198417664,99.2,40.296875,3,1967.9353897571564,16.5,268.1328125,88,25392.682595729828,13.6,202.18359375,148,25394.634397029877,11.8,4.81640625,433,1771014532.1407337
2026-02-13T23:28:56,gaming_1,28.8,41.3,296894.79103539186,109063.08667895288,681094.902185247,277223.91113141645,56.0,7899.27734375,150.52,59.0,1995.0,503.1,3844.703125,89,160.44511580467224,99.6,40.29296875,3,1970.1629710197449,15.1,202.17578125,148,25396.90655851364,14.5,4.81640625,433,1771014534.413925,10.4,107.625,37,25363.23765039444
2026-02-13T23:28:58,gaming_1,29.2,40.9,323285.1315848168,88784.75168191329,893337.8705480061,65062.31391904384,61.0,7899.27734375,148.399,58.0,1995.0,461.3,3844.73046875,89,162.65419340133667,99.3,40.296875,3,1972.3989250659943,14.8,202.17578125,148,25399.117278814316,10.6,4.81640625,433,1771014536.625448,9.1,25.41015625,14,25397.136919021606
2026-02-13T23:29:01,gaming_1,24.7,40.9,343987.0702996877,95062.25582497397,7882960.005426013,125460.67852501903,57.0,7899.27734375,149.117,58.0,1995.0,467.1,3844.73828125,89,164.93160581588745,100.4,40.29296875,3,1974.6701486110687,11.2,202.17578125,148,25401.35733962059,9.7,107.62890625,37,25367.69708967209,5.6,4.81640625,433,1771014538.8641815
2026-02-13T23:29:03,gaming_1,33.9,40.9,341371.2871453285,106929.66437119523,17643277.513801116,235327.8531838763,55.0,7899.27734375,149.503,58.0,1995.0,585.2,3844.7421875,89,167.15287733078003,96.5,40.4140625,3,1976.8724582195282,17.9,4.81640625,433,1771014541.133051,12.4,202.17578125,148,25403.62517285347,10.6,25.4453125,14,25401.626344680786
2026-02-13T23:29:05,gaming_1,27.1,40.9,345570.8574530534,107984.30617029205,180175.91468846693,28387.0907256569,60.0,7899.27734375,155.149,59.0,1995.0,464.9,3844.75,89,169.33752059936523,100.5,40.41015625,3,1979.0640213489532,12.2,202.17578125,148,25405.809447288513,10.0,107.65625,37,25372.133613348007,6.4,138.50390625,53,161.346773147583
2026-02-13T23:29:07,gaming_1,25.5,40.9,303788.16638494335,103151.59697095622,4467087.902983344,75419.58393249984,50.0,7899.27734375,145.854,58.0,1980.0,428.6,3844.88671875,89,171.50244736671448,100.2,40.41015625,3,1981.2164545059204,15.1,202.18359375,148,25407.99018239975,10.8,25.4453125,14,25405.9854927063,7.9,107.66015625,37,25374.30314230919
2026-02-13T23:29:09,gaming_1,25.5,40.9,332445.367294172,71797.35932378923,183347.645433583,33184.013952171925,34.0,7899.27734375,129.538,55.0,1980.0,456.2,3844.890625,89,173.65316772460938,99.6,40.41015625,3,1983.3807759284973,22.6,202.1875,148,25410.134385108948,8.7,107.66015625,37,25376.45051932335,6.5,138.60546875,54,165.6698911190033
2026-02-13T23:29:12,gaming_1,34.1,40.9,338553.0642975712,75645.7030726061,356794.18102413707,124013.28358300682,53.0,7899.27734375,149.836,58.0,1980.0,555.3,3845.42578125,89,175.9237403869629,98.0,40.41015625,3,1985.6764121055603,17.3,202.1875,148,25412.392711639404,14.6,4.81640625,433,1771014549.8982203,13.8,107.6640625,37,25378.719002008438
2026-02-13T23:29:14,gaming_1,25.7,41.3,303637.39609058935,226781.3281499666,117382.84688837324,30033.501840579873,60.0,7899.27734375,148.525,58.0,1980.0,480.2,3974.5546875,89,178.17578029632568,99.8,39.734375,3,1987.9037613868713,20.2,202.1796875,148,25414.632758140564,10.4,107.671875,37,25380.96345591545,7.7,4.81640625,433,1771014552.1313882
2026-02-13T23:29:16,gaming_1,29.7,41.3,333892.07403541513,212665.85774772105,319634.1566979145,41770.372750295646,50.0,7899.27734375,148.058,58.0,1980.0,441.8,3974.6328125,89,180.40387773513794,99.4,40.421875,3,1990.0998320579529,16.0,202.1796875,148,25416.87641453743,12.5,4.81640625,433,1771014554.385024,9.8,107.67578125,37,25383.203896045685
2026-02-13T23:29:18,gaming_1,26.2,41.3,246723.57277650243,45834.874566244594,152736.30379997793,22433.14462062176,53.0,7899.27734375,146.061,58.0,1980.0,454.1,3974.640625,89,182.5344579219818,98.7,40.41796875,3,1992.2359943389893,17.5,202.1796875,148,25419.018892765045,12.5,25.453125,13,25416.99962258339,11.7,107.67578125,37,25385.336006641388
2026-02-13T23:29:20,gaming_1,27.2,41.3,253195.09236950023,50456.94220453306,244394.27320501307,553467.1089476809,48.0,7899.27734375,145.326,58.0,1980.0,427.2,3974.64453125,89,184.6841459274292,99.8,39.73828125,3,1994.3974351882935,15.3,4.81640625,433,1771014558.6771789,13.8,202.1796875,148,25421.16738128662,11.6,107.671875,37,25387.49075293541
2026-02-13T23:29:22,gaming_1,28.2,41.3,310024.16952353925,95979.66027288508,152220.66035960632,14032.842126901209,49.0,7899.27734375,145.724,58.0,1980.0,478.9,3975.8203125,89,186.8286828994751,99.0,40.41796875,3,1996.5122389793396,16.7,202.1875,148,25423.315324306488,13.1,4.81640625,433,1771014560.828009,11.0,107.671875,37,25389.62779068947
2026-02-13T23:29:25,gaming_1,27.9,41.3,324113.05563326407,64025.91350032088,239975.03926254134,31206.43151700386,56.0,7899.27734375,148.445,58.0,1980.0,466.6,3976.34375,89,188.94800543785095,99.5,40.42578125,3,1998.6476147174835,15.5,202.1875,148,25425.43510079384,8.1,107.61328125,37,25391.747024536133,7.4,4.81640625,433,1771014562.9443083
2026-02-13T23:29:27,gaming_1,27.1,41.3,326388.8148298173,39305.53209110552,151364.86961585915,41861.84675313605,54.0,7899.27734375,142.502,58.0,1980.0,435.0,3976.41015625,90,191.11434745788574,99.8,40.42578125,3,2000.903472185135,18.0,202.1875,148,25427.604145288467,12.2,107.61328125,37,25393.919807195663,9.6,329.0234375,95,25395.615013360977
2026-02-13T23:29:29,gaming_1,32.0,41.4,350969.5267024398,182701.7008760455,111185.49972130606,24756.14642232205,53.0,7899.27734375,146.85,58.0,1980.0,587.3,3976.75390625,90,193.4954912662506,98.8,40.30859375,3,2003.2255249023438,15.2,202.18359375,148,25429.96047949791,13.9,107.6015625,37,25396.28677034378,8.0,95.88671875,56,25426.619307994843
2026-02-13T23:29:31,gaming_1,30.2,41.4,342627.95127288456,89568.75236515597,594961.332941711,136422.7743893689,48.0,7899.27734375,135.858,57.0,1995.0,470.3,3978.1171875,90,195.6749997138977,99.6,40.30078125,3,2005.3274335861206,19.9,202.19140625,148,25432.15841794014,13.6,107.62890625,37,25398.476306915283,9.2,4.81640625,433,1771014569.6710756
2026-02-13T23:29:33,gaming_1,26.1,41.3,345346.8587548002,190951.20728667703,219723.20719669326,33596.070743244396,55.0,7899.27734375,151.245,58.0,1995.0,419.5,3978.515625,90,197.76094937324524,98.6,40.30859375,3,2007.4677810668945,15.7,202.1875,148,25434.249021053314,12.0,107.6328125,37,25400.556724071503,9.5,25.41015625,13,25432.23619055748
2026-02-13T23:29:36,gaming_1,27.1,41.3,342512.9595256965,334515.6021796865,306356.56478145457,62468.018287468476,55.0,7899.27734375,150.709,58.0,1995.0,469.9,3978.69140625,90,199.91860628128052,99.5,39.62109375,3,2009.6200263500214,17.5,202.1875,148,25436.387949705124,10.2,107.640625,37,25402.706191301346,8.0,4.81640625,433,1771014573.8994243
2026-02-13T23:29:38,gaming_1,30.4,41.3,341355.8205126589,345065.4941409824,5834812.101739314,7834.830703019099,51.0,7899.27734375,151.672,58.0,1995.0,474.2,3978.8359375,90,202.0663604736328,100.1,40.30859375,3,2011.772379398346,16.0,202.1875,148,25438.543340921402,13.0,107.6484375,37,25404.869691610336,11.6,25.41015625,13,25436.53076481819
2026-02-13T23:29:40,gaming_1,24.8,41.3,344286.82203907473,342957.9156429234,704819.7819486215,32799.01838551669,49.0,7899.27734375,149.249,58.0,1980.0,410.1,3979.15625,90,204.20415925979614,99.6,40.30859375,3,2013.8894691467285,14.6,202.1875,148,25440.68430352211,11.7,107.65234375,37,25407.001153230667,8.1,329.3125,95,25408.581303834915
2026-02-13T23:29:42,gaming_1,25.8,41.3,343440.87443864974,344821.2494290279,3022672.017116708,114940.5733549641,49.0,7899.27734375,146.842,58.0,1980.0,422.8,3979.30078125,90,206.32093834877014,100.0,40.30859375,3,2016.0151104927063,16.9,202.1796875,148,25442.808615922928,14.0,107.6640625,37,25409.12536263466,6.6,137.7890625,54,198.32253003120422
2026-02-13T23:29:44,gaming_1,26.4,41.3,342137.60368376935,343019.50571720727,123101.87787728703,21639.00197061686,50.0,7899.27734375,149.149,58.0,1980.0,405.3,3980.1484375,90,208.44547152519226,99.2,40.3046875,3,2018.1405470371246,16.1,202.18359375,148,25444.93830704689,11.8,107.6796875,37,25411.25244498253,7.4,25.4453125,14,25442.903831720352
2026-02-13T23:29:46,gaming_1,29.2,41.3,342393.4478262455,345344.79794892407,183336.19112783385,12174.668942082717,46.0,7899.27734375,146.751,58.0,1980.0,512.4,3980.75,90,210.61368703842163,99.5,39.62109375,3,2020.3240809440613,16.6,107.69921875,37,25413.410917520523,16.0,202.19140625,148,25447.08718442917,13.1,4.81640625,433,1771014584.5970747
2026-02-13T23:29:48,gaming_1,24.9,41.3,352018.18426024565,344827.65869436983,181501.45724171324,20797.041975612978,50.0,7899.27734375,147.79,58.0,1980.0,415.3,3981.3125,90,212.762708902359,99.4,40.3046875,3,2022.4462308883667,14.5,202.1796875,148,25449.247735738754,14.1,329.34765625,95,25417.12712264061,13.8,107.6875,37,25415.557941675186
2026-02-13T23:29:50,gaming_1,28.0,41.3,344689.72766580264,347513.1773675248,93547.82591105289,64314.13031384886,51.0,7899.27734375,146.046,58.0,1980.0,419.7,3981.6484375,90,214.87234377861023,100.5,40.29296875,3,2024.5596573352814,14.1,202.1875,148,25451.356775283813,11.8,107.69140625,37,25417.673829078674,8.9,137.7734375,54,206.86354732513428
2026-02-13T23:29:53,gaming_1,28.2,41.3,314187.17069528863,360189.4085060177,339664.7605219838,26777.548592287072,51.0,7899.27734375,147.732,58.0,1980.0,419.8,3981.78515625,90,216.99057912826538,99.1,40.3046875,3,2026.671538591385,17.8,107.6953125,37,25419.78595352173,16.2,4.81640625,433,1771014590.9819658,14.8,202.19140625,148,25453.46839284897
2026-02-13T23:29:55,gaming_1,23.3,41.3,297075.74481163535,346595.2490282687,93288.20939235613,26723.18498218535,52.0,7899.27734375,139.116,57.0,1980.0,379.2,3981.91796875,90,219.07637453079224,98.8,40.30859375,3,2028.759562253952,16.3,202.1875,148,25455.57534813881,13.4,107.70703125,37,25421.885321617126,9.7,329.31640625,95,25423.46803689003
2026-02-13T23:29:57,gaming_1,25.6,41.3,270271.2656777097,341991.7738158462,232455.20412036075,10169.915180265783,51.0,7899.65234375,133.41,57.0,1980.0,529.0,3982.44140625,90,221.22894191741943,100.5,40.30859375,3,2030.968031167984,15.5,202.1875,148,25457.695724725723,8.1,107.66796875,37,25424.021323919296,7.9,137.78515625,54,213.24995040893555
2026-02-13T23:29:59,gaming_1,31.3,41.3,304842.94043525786,346493.1108141953,873066.9344047146,115499.47986395705,47.0,7899.65234375,133.875,57.0,1995.0,478.6,3982.45703125,90,223.49559926986694,97.7,40.4296875,3,2033.1580770015717,14.4,329.03515625,95,25427.854065179825,13.1,202.1796875,148,25459.95447564125,8.5,137.79296875,54,215.44730949401855
2026-02-13T23:30:01,gaming_1,28.2,41.3,316724.6359162468,343191.93418288766,91751.4339699854,66185.27919189051,47.0,7899.65234375,141.79,57.0,1995.0,454.6,3983.03125,90,225.6321792602539,100.1,40.4296875,3,2035.3114788532257,17.3,25.41015625,13,25460.080617427826,16.1,202.1796875,148,25462.08394885063,15.3,4.81640625,433,1771014599.5976562
2026-02-13T23:30:03,gaming_1,34.1,41.3,293825.6179320169,343438.13469305617,432408.8779169804,32575.44560200466,48.0,7899.65234375,135.575,57.0,1995.0,612.6,3987.703125,90,227.77499842643738,99.4,40.4296875,3,2037.4809675216675,14.7,202.1875,148,25464.215938329697,9.4,137.8046875,54,219.77315282821655,9.4,329.03515625,95,25432.16122817993
2026-02-13T23:30:05,gaming_1,28.2,41.3,341942.3620658347,343031.1412247081,758119.750912961,484012.0784734935,45.0,7899.65234375,136.303,57.0,1995.0,431.1,3989.7265625,90,229.89473843574524,100.6,40.42578125,3,2039.5461928844452,22.4,202.1953125,148,25466.37632918358,12.9,329.03515625,95,25434.220820188522,10.8,4.81640625,433,1771014603.884016
2026-02-13T23:30:07,gaming_1,26.1,41.3,307539.0501771714,343953.1597935264,606780.3263727663,12973.921452049279,41.0,7899.65234375,137.741,57.0,1995.0,417.2,3989.73828125,90,231.94362950325012,99.1,40.43359375,3,2041.6431601047516,17.5,202.18359375,148,25468.434534549713,10.7,4.81640625,433,1771014605.93424,6.8,107.67578125,37,25434.751039981842
2026-02-13T23:30:09,gaming_1,27.9,41.3,312073.86823005276,345408.64401823597,472025.38050524454,103993.09164256169,41.0,7899.65234375,132.054,56.0,1995.0,377.9,3989.73828125,90,233.99112629890442,100.2,40.41796875,3,2043.623791217804,17.8,25.41015625,13,25468.413369894028,16.7,202.19921875,148,25470.496223926544,10.5,4.81640625,433,1771014608.0156612
2026-02-13T23:30:11,gaming_1,24.3,41.3,345658.02162677114,283489.6896891059,33341.49332940659,69027.31040853707,48.0,7899.65234375,129.92,57.0,1995.0,374.7,3989.73828125,90,235.97535920143127,99.9,40.41796875,3,2045.6113543510437,11.1,202.18359375,148,25472.463454008102,10.3,4.81640625,433,1771014609.9801278,8.7,107.58984375,37,25438.779215812683
2026-02-13T23:30:14,gaming_1,24.5,41.3,318850.3767865161,95200.1497315047,225516.28940367987,24665.844153527487,53.0,7899.65234375,150.179,58.0,1980.0,434.3,3989.7421875,90,238.03076934814453,100.0,40.421875,3,2047.735371351242,9.7,25.41015625,13,25472.49898982048,8.4,202.1796875,148,25474.499359846115,8.0,329.01953125,95,25442.420701026917
2026-02-13T23:30:16,gaming_1,30.0,41.3,298773.9835109163,203740.3688323193,458635.9241692138,22215.177576946295,56.0,7899.65234375,142.294,57.0,1980.0,461.5,3989.7421875,90,240.17987775802612,99.7,40.421875,3,2049.9149560928345,12.3,202.19921875,148,25476.65985417366,8.7,4.81640625,433,1771014614.1668184,7.9,107.63671875,37,25442.983278512955
2026-02-13T23:30:18,gaming_1,26.2,41.3,342644.91205216636,235881.38179718508,2634435.96446503,17806.49308846623,52.0,7899.65234375,142.749,57.0,1980.0,512.4,3994.4375,90,242.47354674339294,98.1,40.421875,3,2052.1762325763702,12.0,202.203125,148,25478.86850953102,10.3,107.671875,37,25445.260378837585,7.8,4.81640625,433,1771014616.3749971
2026-02-13T23:30:20,gaming_1,30.5,41.3,344023.2308432748,212337.40057686073,234565.48303039614,11224.324871571689,61.0,7899.65234375,140.814,57.0,1980.0,462.0,3994.4453125,90,244.62766528129578,98.8,40.421875,3,2054.3418691158295,18.1,107.6953125,37,25447.417453050613,12.6,202.19921875,148,25481.09577345848,7.0,4.81640625,433,1771014618.6091037
2026-02-13T23:30:22,gaming_1,30.7,41.3,339114.7098340183,243253.97893392184,1209145.8492435962,81711.8093434149,50.0,7899.65234375,139.751,57.0,1980.0,497.8,3994.44140625,90,246.79662680625916,99.3,40.421875,3,2056.497722864151,12.3,4.81640625,433,1771014620.778427,12.2,202.19921875,148,25483.269475460052,5.8,107.69921875,37,25449.5893573761
2026-02-13T23:30:25,gaming_1,24.9,41.3,342410.77412200184,256806.8069434873,432525.3078493367,97460.47232789331,37.0,7899.65234375,134.348,56.0,1980.0,462.7,3994.9140625,90,248.97433733940125,99.4,40.421875,3,2058.731386423111,15.2,202.1875,148,25485.4330534935,10.8,107.828125,37,25451.76492714882,8.5,25.44921875,14,25483.48189473152
2026-02-13T23:30:27,gaming_1,35.9,41.3,346907.4679921774,282691.45000090613,2773863.8562148144,11941.059330006376,51.0,7899.65234375,144.926,58.0,1980.0,603.1,3995.31640625,90,251.277756690979,98.9,40.41796875,3,2060.987910270691,12.2,107.83984375,37,25454.06768965721,12.1,202.19921875,148,25487.75114750862,11.5,4.81640625,433,1771014625.2516448
2026-02-13T23:30:29,gaming_1,26.3,41.3,342674.3754938951,233189.49347413695,2999691.593006335,105666.61702463475,50.0,7899.65234375,141.974,57.0,1980.0,452.8,3995.328125,90,253.41752457618713,100.0,40.42578125,3,2063.1746525764465,13.1,202.19921875,148,25489.892961502075,13.1,107.703125,37,25456.221301317215,10.9,4.81640625,433,1771014627.4043872
2026-02-13T23:30:31,gaming_1,28.2,41.3,343586.13484351826,238030.04907840808,2831748.7105000275,65670.48818758287,52.0,7899.65234375,152.624,58.0,1980.0,525.9,3995.71875,90,255.62794494628906,99.3,40.421875,3,2065.345532178879,17.1,202.19921875,148,25492.08609008789,9.9,4.81640625,433,1771014629.5969615,9.9,25.41015625,13,25490.101184606552
2026-02-13T23:30:33,gaming_1,30.5,41.3,334714.7151870814,318686.6823058221,119613.19360107186,30604.156956524246,57.0,7899.65234375,149.007,58.0,1980.0,492.9,3996.46875,90,257.81820797920227,99.3,40.421875,3,2067.532459259033,13.5,4.81640625,433,1771014631.7903876,9.3,202.19921875,148,25494.280081748962,8.5,107.6953125,37,25460.60836648941
2026-02-13T23:30:36,gaming_1,24.4,41.3,342341.83740645583,311225.69126407977,420936.68151238735,21845.48626152457,50.0,7899.65234375,147.46,58.0,1980.0,418.1,3996.59375,90,259.97807812690735,99.7,39.7421875,3,2069.6782891750336,13.6,202.203125,148,25496.45775437355,7.9,107.69921875,37,25462.77195572853,7.2,4.81640625,433,1771014633.9676764
2026-02-13T23:30:38,gaming_1,27.8,41.3,338485.9963042182,279634.87023681926,124024.9987282919,26888.23214617266,54.0,7899.65234375,148.188,58.0,1980.0,505.1,3996.6171875,90,262.1089916229248,99.1,40.421875,3,2071.901558637619,17.0,202.19921875,148,25498.573377609253,8.8,107.703125,37,25464.904104948044,7.9,25.44921875,14,25496.614062309265
2026-02-13T23:30:40,gaming_1,36.8,41.3,346598.86816630926,175597.70982108387,795501.4083216218,20298.057723802853,57.0,7899.65234375,150.802,58.0,1980.0,647.9,3999.00390625,90,264.35218572616577,99.1,40.421875,3,2074.077136993408,18.1,202.18359375,148,25500.820719242096,13.2,4.81640625,433,1771014638.328241,10.4,107.70703125,37,25467.15274834633
2026-02-13T23:30:42,gaming_1,28.5,41.3,344075.36142804445,344659.116441814,208001.27571236552,89450.08989923977,54.0,7899.65234375,143.423,58.0,1980.0,526.2,4006.48046875,90,266.53204870224,97.1,40.421875,3,2076.3147871494293,12.4,108.6640625,37,25469.29364323616,11.9,25.41015625,13,25501.05828309059,11.6,202.19140625,148,25502.969611167908
2026-02-13T23:30:44,gaming_1,33.4,41.3,338169.92905745463,340352.9671592114,2161577.130893425,20039.621317657795,37.0,7899.65234375,159.024,58.0,1980.0,575.4,4001.43359375,87,268.7773630619049,99.5,40.421875,3,2078.482601881027,16.5,202.18359375,148,25505.240005016327,15.1,4.81640625,433,1771014642.7479854,7.6,110.328125,37,25471.56750869751
2026-02-13T23:30:47,gaming_1,32.5,41.3,331628.82765755366,345168.6726696057,674833.4326067655,24297.671146846857,57.0,7899.65234375,145.675,58.0,1980.0,539.1,4002.22265625,87,270.9851236343384,98.2,40.3046875,3,2080.7409427165985,16.1,202.18359375,148,25507.47444486618,12.6,4.81640625,433,1771014644.9823809,10.5,108.45703125,37,25473.788995742798
2026-02-13T23:30:49,gaming_1,29.3,41.3,255033.13417226257,345396.7295469671,599888.4299937333,10779.245226449895,57.0,7899.65234375,145.414,58.0,1980.0,557.1,4002.6796875,87,273.19335532188416,99.5,40.30859375,3,2082.907032728195,15.0,202.18359375,148,25509.660952329636,7.9,4.81640625,433,1771014647.1653605,7.9,137.81640625,54,265.1978967189789
2026-02-13T23:30:51,gaming_1,30.8,41.3,314199.63979247335,344167.26061863045,573043.1926496438,38313.93439227269,56.0,7899.65234375,153.621,58.0,1980.0,456.3,4002.80859375,87,275.35450291633606,99.5,40.30859375,3,2085.0749278068542,16.7,202.19140625,148,25511.809373617172,13.8,4.81640625,433,1771014649.3180606,10.8,25.41015625,14,25509.840082883835
2026-02-13T23:30:53,gaming_1,25.0,41.4,349175.37675038644,345255.00891074096,509772.2752758084,53413.63913735492,50.0,7899.65234375,140.67,58.0,1980.0,467.2,4002.8828125,87,277.51781606674194,98.7,40.30859375,3,2087.2605831623077,14.3,202.1796875,148,25513.993420362473,10.2,25.4453125,14,25511.97586607933,9.5,137.23046875,51,269.5100374221802
2026-02-13T23:30:55,gaming_1,30.9,41.4,342653.7429095802,297377.59626216884,151351.5846468594,27195.987866232546,51.0,7899.65234375,139.162,57.0,1980.0,507.2,4003.30078125,87,279.6639223098755,98.9,40.30859375,3,2089.3612282276154,15.9,202.18359375,148,25516.15353536606,15.2,4.81640625,433,1771014653.6686666,12.3,108.46875,37,25482.46510696411
2026-02-13T23:30:57,gaming_1,28.4,41.4,344413.5202123465,219847.75598497692,308310.6515299281,69369.89659423383,53.0,7899.65234375,143.116,58.0,1980.0,501.7,4003.33203125,87,281.831857919693,98.3,40.30859375,3,2091.5398313999176,15.4,202.18359375,148,25518.285090208054,10.2,25.41015625,13,25516.28490948677,8.8,4.81640625,433,1771014655.7935977
2026-02-13T23:31:00,gaming_1,29.5,41.4,349707.88403675915,150596.5001447366,639561.8602296722,22875.184528863643,58.0,7899.65234375,150.678,59.0,1980.0,454.1,4003.33984375,87,283.9753189086914,100.0,40.30859375,3,2093.741593360901,19.4,202.19140625,148,25520.457448244095,12.3,108.48828125,37,25486.77800798416,9.2,25.44140625,14,25518.492563962936
2026-02-13T23:31:02,gaming_1,28.7,41.4,342782.96727571654,284149.27183705254,357347.5594105566,58162.03766447862,35.0,7899.65234375,147.714,57.0,1980.0,562.7,4003.8671875,87,286.2723174095154,98.8,40.30859375,3,2096.0196347236633,19.8,202.1875,148,25522.67692756653,12.5,164.1640625,23,25414.584328889847,10.9,107.96484375,37,25489.065717458725
2026-02-13T23:31:04,gaming_1,35.2,41.4,343840.47817053,343204.9289733376,328826.464635803,481251.23209719086,51.0,7899.65234375,146.617,58.0,1980.0,538.4,4004.828125,87,288.5791811943054,99.6,40.30859375,3,2098.325476884842,21.6,202.19140625,148,25525.051816940308,13.5,107.96875,37,25491.373294591904,10.5,4.81640625,433,1771014662.5588613
2026-02-13T23:31:07,gaming_1,29.2,41.4,348699.2583947629,348666.63547319634,1435079.6383736113,39812.47721253322,57.0,7899.65234375,149.798,58.0,1980.0,489.8,4004.93359375,87,290.84469413757324,99.7,40.3046875,3,2100.6297585964203,22.9,162.39453125,23,25419.083765268326,19.6,202.1796875,148,25527.283560037613,14.0,107.97265625,37,25493.6053378582
2026-02-13T23:31:09,gaming_1,28.1,41.4,342934.9876198003,343442.54787594447,879210.6329513945,140582.11683129068,48.0,7899.65234375,145.694,58.0,1980.0,436.8,4004.93359375,87,293.03691577911377,99.3,40.3046875,3,2102.7533004283905,16.1,202.19140625,148,25529.51922059059,12.6,107.984375,37,25495.844568252563,11.2,4.81640625,433,1771014667.0306914
2026-02-13T23:31:11,gaming_1,26.4,41.4,341372.71897333744,342340.3855778985,321421.3280593362,200650.5923684022,61.0,7899.65234375,160.284,60.0,1980.0,495.5,4005.1796875,87,295.2567665576935,97.6,40.30078125,3,2105.010810136795,19.6,202.14453125,147,25531.679327964783,12.0,107.984375,37,25498.049250602722,9.1,329.30078125,95,25499.705110549927
2026-02-13T23:31:13,gaming_1,29.9,41.4,342596.34178188106,339515.32426516846,6236160.87324422,100399.6402270992,64.0,7899.65234375,159.084,59.0,1980.0,446.1,4005.2265625,87,297.44940161705017,100.4,40.30078125,3,2107.1580607891083,18.1,202.13671875,147,25533.920981884003,15.0,107.984375,37,25500.24001145363,8.7,329.30078125,95,25501.850775957108
2026-02-13T23:31:15,gaming_1,30.2,41.4,344726.2040081071,119089.27113962898,667493.2490065387,53096.05389824739,55.0,7899.65234375,149.717,59.0,1980.0,481.1,4009.51171875,87,299.5962896347046,98.8,40.296875,3,2109.2929022312164,14.6,107.984375,37,25502.387642621994,14.5,4.81640625,433,1771014673.5921118,14.5,202.1328125,147,25536.078495502472
2026-02-13T23:31:17,gaming_1,25.8,41.4,297351.8062841019,150129.79629842623,685260.3863081499,26524.63853252427,58.0,7899.65234375,150.499,59.0,1980.0,454.3,4009.671875,87,301.7106235027313,99.6,40.296875,3,2111.4114010334015,14.1,202.1328125,147,25538.188036441803,11.8,107.9609375,37,25504.503014326096,9.7,4.81640625,433,1771014675.6957173
2026-02-13T23:31:19,gaming_1,28.4,41.4,343805.6055399868,63429.23356357016,184292.35018718452,67429.88333671725,52.0,7899.65234375,146.01,58.0,1980.0,489.0,4009.671875,87,303.8488872051239,98.7,40.29296875,3,2113.517292737961,14.6,202.1328125,147,25540.323314905167,14.0,25.41015625,13,25538.30115056038,10.2,107.9609375,37,25506.643231153488
2026-02-13T23:31:22,gaming_1,26.5,41.4,340295.2541906477,300368.9758855352,1498326.4133633769,107545.8900216877,58.0,7899.65234375,151.376,59.0,1980.0,425.1,4009.7109375,87,305.940420627594,99.0,40.29296875,3,2115.6162691116333,14.9,202.1484375,147,25542.420112609863,12.7,107.9609375,37,25508.738739728928,12.0,25.41015625,13,25540.39181280136
2026-02-13T23:31:24,gaming_1,29.5,41.4,342745.8363142689,332799.595596406,468049.42437950795,26571.55586321165,67.0,7857.140625,168.439,60.0,1980.0,475.0,4009.71484375,87,308.1017768383026,98.6,40.28515625,3,2117.8018887043,16.2,202.14453125,147,25544.545271396637,11.9,4.81640625,433,1771014682.0291693,10.3,107.9609375,37,25510.866518974304
2026-02-13T23:31:26,gaming_1,26.9,41.0,344974.85005637584,107920.89222344618,346521.3510256643,267700.9605011027,63.0,7860.328125,166.41,60.0,1980.0,446.2,4009.71484375,87,310.13518714904785,99.9,40.28515625,3,2119.789783000946,15.1,25.4453125,14,25544.54569029808,12.7,107.96484375,37,25512.95540356636,10.3,4.81640625,433,1771014684.1612105
2026-02-13T23:31:28,gaming_1,29.5,41.1,341801.7422394069,137125.02956415273,131668.79878561816,143498.41742651354,62.0,7860.328125,148.927,59.0,1980.0,495.3,4009.71484375,87,312.1202154159546,100.3,40.2890625,3,2121.800178050995,17.1,95.87109375,57,25545.20293211937,14.1,4.81640625,433,1771014686.1533887,10.2,107.96875,37,25514.94550728798
2026-02-13T23:31:30,gaming_1,28.0,41.1,341043.24222557695,176402.67001431034,162693.29709165762,58467.90364231445,59.0,7860.328125,149.392,60.0,1980.0,404.4,4010.390625,87,314.10153365135193,99.3,40.2890625,3,2123.7474036216736,14.4,25.44921875,13,25548.527238368988,8.9,329.30859375,95,25518.41529226303,8.5,4.81640625,433,1771014688.1668584
2026-02-13T23:31:32,gaming_1,26.3,41.1,338269.08085044235,343766.48887608276,339053.39014527306,157077.07840323978,59.0,7860.328125,143.665,59.0,1980.0,426.5,4010.66796875,87,316.06588339805603,98.1,40.2890625,3,2125.801203727722,16.8,329.30859375,95,25520.463017463684,8.1,4.81640625,433,1771014690.0996554,8.1,107.9765625,37,25518.890605211258
2026-02-13T23:31:34,gaming_1,32.6,41.1,347756.5994434005,343857.35539648746,481788.9476970133,23838.51564125847,57.0,7860.328125,150.813,59.0,1980.0,558.4,4011.6015625,87,318.105792760849,99.8,40.2890625,3,2127.7415590286255,13.8,107.97265625,37,25520.92793393135,13.0,4.81640625,433,1771014692.14104,12.2,25.41015625,13,25552.52250957489
2026-02-13T23:31:35,gaming_1,26.5,41.1,288398.9024433597,344371.64063528524,100671.3575735557,106176.82244085953,54.0,7860.328125,145.851,59.0,1980.0,476.4,4011.609375,87,320.053742647171,99.1,39.62890625,3,2129.6811277866364,8.8,4.81640625,433,1771014694.092489,8.0,329.30859375,95,25524.34139585495,7.2,107.97265625,37,25522.8760266304
2026-02-13T23:31:37,gaming_1,28.8,41.1,297008.04657666705,346774.2713547296,102281.34391049025,42617.22662937093,58.0,7860.328125,148.841,59.0,1980.0,448.3,4011.78125,87,321.9767038822174,99.9,40.29296875,3,2131.6364731788635,17.8,25.41015625,13,25556.400013446808,12.9,41.921875,33,25558.541312217712,11.1,329.30859375,95,25526.31184577942
2026-02-13T23:31:40,gaming_1,36.3,41.1,316429.9670938446,343879.81605890597,326904.107173226,116204.19434673268,56.0,7860.328125,144.241,59.0,1980.0,609.1,4012.3203125,87,324.0167293548584,100.2,40.29296875,3,2133.7253069877625,15.6,4.81640625,433,1771014698.0216393,13.9,107.73046875,37,25526.82075190544,12.0,329.02734375,95,25528.401435136795
2026-02-13T23:31:42,gaming_1,29.6,41.1,290646.4168826843,347182.75509659876,158040.5325445352,41732.57812504133,52.0,7860.328125,141.899,58.0,1980.0,530.5,4012.390625,87,326.0770184993744,97.4,40.29296875,3,2135.763296842575,9.8,329.01953125,95,25530.4721493721,8.5,25.41015625,13,25560.501207351685,8.3,201.65234375,148,25562.579531908035
2026-02-13T23:31:44,gaming_1,32.8,41.1,241360.67884745498,347389.47072524816,970931.0419662697,20309.293468548483,66.0,7860.328125,158.061,60.0,1980.0,614.4,4014.265625,87,328.1586310863495,99.9,40.2890625,3,2137.82715344429,13.4,4.81640625,433,1771014702.188719,7.7,329.02734375,95,25532.509112119675,6.7,107.71875,37,25530.98675584793
2026-02-13T23:31:46,gaming_1,31.7,41.1,257744.85367408668,348930.8446930406,64406.23920136405,95099.83757076411,57.0,7860.328125,152.462,60.0,1980.0,501.3,4014.2734375,87,330.17784786224365,99.5,40.29296875,3,2139.837158679962,17.7,4.81640625,433,1771014704.219473,12.3,201.65234375,148,25566.70451617241,10.0,25.41015625,13,25564.61291027069
2026-02-13T23:31:48,gaming_1,27.2,41.1,255718.674189851,346567.3695300474,346367.540554043,272403.6386648984,60.0,7860.328125,153.932,60.0,1980.0,447.8,4015.046875,87,332.192125082016,99.8,40.28125,3,2141.8575575351715,21.2,4.81640625,433,1771014706.207145,10.2,201.65625,148,25568.69717001915,6.2,107.71875,37,25535.007412195206
2026-02-13T23:31:50,gaming_1,28.1,41.1,265820.50759166596,345240.63963356026,486255.39737458766,18741.0934404789,34.0,7860.328125,142.489,58.0,1980.0,463.2,4015.48046875,87,334.20875358581543,98.3,40.28515625,3,2143.8928520679474,14.7,4.81640625,433,1771014708.2278152,10.0,201.6484375,148,25570.717681884766,9.2,25.44921875,14,25568.66327881813
2026-02-13T23:31:52,gaming_1,36.5,41.2,300286.8476085336,343310.86178825086,364952.34186926647,99554.05679897308,53.0,7860.328125,154.053,60.0,1980.0,666.6,4015.62890625,87,336.3927946090698,96.7,40.265625,2,2146.0573370456696,18.0,25.44921875,14,25570.836840629578,17.4,4.81640625,433,1771014710.389248,10.7,107.6796875,37,25539.21480178833
2026-02-13T23:31:54,gaming_1,29.4,41.1,317555.1478065208,342494.3740324819,258140.58752974632,16385.877138118663,53.0,7860.328125,149.029,59.0,1980.0,404.1,4015.6328125,87,338.37824869155884,99.2,40.26171875,2,2148.025848388672,21.5,4.81640625,433,1771014712.413694,9.4,107.69921875,37,25541.205693483353,7.1,41.921875,33,25574.943912029266
2026-02-13T23:31:56,gaming_1,28.9,41.1,341602.908336703,342507.2221863216,99716.95869086153,32979.30665036306,54.0,7860.328125,144.0,59.0,1980.0,462.7,4015.69921875,87,340.3478660583496,97.9,40.26171875,2,2150.0536284446716,11.9,107.703125,37,25543.16902446747,11.1,4.81640625,433,1771014714.386069,10.1,105.0546875,44,25550.936873197556
2026-02-13T23:31:58,gaming_1,27.3,41.1,344464.78265063325,342606.73118616524,137418.84182032652,81592.43733081888,54.0,7860.328125,147.602,59.0,1980.0,455.2,4015.80859375,87,342.37214827537537,99.0,40.26171875,2,2152.0585963726044,9.2,107.69921875,37,25545.200023412704,5.4,4.81640625,433,1771014716.4114525,3.1,201.6484375,148,25578.892467021942
2026-02-13T23:32:00,gaming_1,28.1,41.1,343061.56965323334,344712.2535995876,98195.96651280562,15598.838430419642,51.0,7860.328125,135.728,59.0,1980.0,506.9,4015.80859375,87,344.37316608428955,97.8,40.2578125,2,2154.119013786316,14.0,4.81640625,433,1771014718.4150114,12.9,25.41015625,13,25578.872913837433,7.0,107.69921875,37,25547.201991796494
2026-02-13T23:32:02,gaming_1,31.3,41.1,347287.2777458563,344261.3032986606,852200.7093789916,40193.4941055485,54.0,7860.328125,149.642,59.0,1980.0,546.5,4015.88671875,87,346.4741508960724,100.6,40.26171875,2,2156.1233990192413,13.5,4.81640625,433,1771014720.49299,12.7,107.703125,37,25549.291977643967,11.3,201.63671875,148,25582.980936050415
2026-02-13T23:32:04,gaming_1,24.3,41.1,342520.1815729636,345493.3697761716,325652.6138536878,610342.6347698048,55.0,7860.328125,150.845,59.0,1980.0,407.8,4016.33203125,87,348.46714997291565,98.9,40.26171875,2,2158.115214586258,10.2,107.703125,37,25551.291565179825,9.4,201.65625,148,25584.97706222534,6.3,4.81640625,433,1771014722.4910307
2026-02-13T23:32:06,gaming_1,27.0,41.1,341787.61625855666,262771.3535920834,98842.21979951888,9266.458106204895,59.0,7860.328125,154.202,60.0,1980.0,438.7,4016.33203125,87,350.45071244239807,98.6,40.2578125,2,2160.0972390174866,7.9,201.640625,148,25586.966095924377,7.1,4.81640625,433,1771014724.479867,4.7,107.67578125,37,25553.272120714188
2026-02-13T23:32:08,gaming_1,29.9,41.1,341744.4315324188,261592.32147808303,263033.6968501121,137167.96300582017,61.0,7860.328125,153.58,60.0,1980.0,597.8,4018.39453125,87,352.49451541900635,99.8,40.28515625,3,2162.17919588089,12.2,107.68359375,37,25555.3130736351,11.0,4.81640625,433,1771014726.477827,9.1,25.41015625,13,25586.942950487137
2026-02-13T23:32:10,gaming_1,29.2,41.1,345174.7831831549,309794.06629111484,669265.9117990792,56177.48024185585,56.0,7860.328125,148.22,59.0,1980.0,445.6,4018.7890625,88,354.53129529953003,98.9,40.2890625,3,2164.2644255161285,15.8,201.65234375,148,25591.060464143753,10.4,4.81640625,433,1771014728.5793748,9.2,107.6953125,37,25557.34719133377
2026-02-13T23:32:12,gaming_1,35.5,41.1,341836.64630759094,294298.30690042215,127136.2012400823,135082.21381758744,51.0,7860.328125,155.812,59.0,1980.0,654.2,4019.140625,89,356.63107538223267,100.0,40.2890625,3,2166.2807636260986,13.6,4.81640625,433,1771014730.6456213,9.1,201.6328125,148,25593.13232731819,8.2,25.41015625,14,25591.05464529991
2026-02-13T23:32:14,gaming_1,25.4,41.1,342081.9724202677,164604.60275835497,65580.6632300655,7429.059506530858,49.0,7860.328125,146.034,59.0,1980.0,441.1,4019.17578125,89,358.61451148986816,98.7,40.2890625,3,2168.2597000598907,10.3,107.66796875,37,25561.42972755432,7.8,201.6328125,148,25595.12500524521,7.0,4.81640625,433,1771014732.6398542
2026-02-13T23:32:16,gaming_1,29.0,41.1,342867.8856105865,175475.5839067927,851471.0400500196,8187.221538942496,52.0,7860.328125,144.239,60.0,1980.0,548.0,4019.2109375,88,360.6298110485077,98.4,40.28515625,3,2170.3080594539642,12.2,25.4453125,14,25595.10035943985,11.7,201.67578125,148,25597.127871274948,11.6,42.10546875,36,25597.188702583313
2026-02-13T23:32:18,gaming_1,30.8,41.1,353694.7876476761,223418.73701605393,129615.96566244728,22277.744098233128,52.0,7860.328125,149.513,59.0,1980.0,555.1,4019.296875,88,362.6508696079254,99.4,40.2890625,3,2172.2872042655945,12.4,4.81640625,433,1771014736.6657228,10.1,107.72265625,37,25565.458050489426,9.3,201.63671875,148,25599.153200387955
2026-02-13T23:32:20,gaming_1,30.1,41.1,334065.1052808635,224924.24938847712,330016.93912240857,8250.423478060213,51.0,7860.328125,149.728,59.0,1980.0,482.8,4019.296875,88,364.62197375297546,99.2,40.2890625,3,2174.2569603919983,15.7,201.66015625,148,25601.14028263092,13.4,4.81640625,433,1771014738.6511652,10.2,107.73046875,37,25567.44792675972
2026-02-13T23:32:22,gaming_1,25.6,41.1,347464.031864916,148881.38317367784,199672.37268973305,201492.30316997803,63.0,7860.328125,147.584,59.0,1980.0,422.9,4019.31640625,88,366.59140396118164,97.9,39.625,3,2176.257366657257,9.5,201.6640625,148,25603.106781482697,8.7,25.41015625,13,25601.020093917847,7.2,107.75,37,25569.410774707794
2026-02-13T23:32:24,gaming_1,30.0,41.1,342579.88956709474,154465.1629526446,257540.83724738954,13329.750365343403,58.0,7860.328125,158.167,60.0,1980.0,561.9,4019.625,88,368.64697194099426,99.6,40.2890625,3,2178.2921879291534,16.8,201.6640625,148,25605.153752565384,11.5,4.81640625,433,1771014742.6536386,9.1,107.74609375,37,25571.463810920715
2026-02-13T23:32:26,gaming_1,25.9,41.1,342131.4134369119,254761.16581564763,852150.8517357259,41736.95577912359,55.0,7860.328125,150.893,59.0,1980.0,447.1,4020.23046875,88,370.61553406715393,98.5,40.2890625,3,2180.3224596977234,10.0,25.44921875,14,25605.099919319153,8.6,4.81640625,433,1771014744.653974,8.6,201.65625,148,25607.13836312294
2026-02-13T23:32:28,gaming_1,32.4,41.1,342566.66789261205,233204.15149935856,299262.10694443464,91244.61199910549,54.0,7860.328125,151.841,60.0,1980.0,566.8,4021.00390625,88,372.66240763664246,100.0,40.40234375,3,2182.3063588142395,17.7,4.81640625,433,1771014746.6797793,14.5,107.74609375,37,25575.478397607803,7.7,201.65625,148,25609.168586969376
2026-02-13T23:32:30,gaming_1,27.6,41.1,346517.5987307162,255976.80621260792,791570.8930397093,21644.51660655455,52.0,7860.328125,150.013,59.0,1980.0,483.8,4021.10546875,88,374.64200091362,100.5,40.40234375,3,2184.2955107688904,9.4,4.81640625,433,1771014748.6666763,9.4,107.74609375,37,25577.463495016098,7.1,201.65234375,148,25611.156373262405
2026-02-13T23:32:32,gaming_1,30.4,41.1,339234.94319818227,222177.9113183838,96482.46758878574,60804.05509501602,56.0,7860.328125,156.059,60.0,1980.0,533.3,4021.24609375,88,376.68105363845825,98.7,40.40234375,3,2186.3369545936584,9.2,4.81640625,433,1771014750.704559,8.4,107.74609375,37,25579.50286269188,2.3,201.65625,148,25613.19414806366
2026-02-13T23:32:34,gaming_1,29.2,41.0,342686.3587988515,225670.40681732172,1081537.6518613214,22019.94272255531,59.0,7860.328125,154.323,60.0,1980.0,532.6,4022.23828125,88,378.6879942417145,100.1,40.40234375,3,2188.335829257965,16.4,201.6640625,148,25615.190458774567,12.5,25.41015625,13,25613.108772993088,8.6,107.74609375,37,25581.505633592606
2026-02-13T23:32:36,gaming_1,24.0,41.0,340787.7668166564,345717.77083652106,2533296.540890266,15477.873497025865,53.0,7860.328125,151.185,60.0,1980.0,524.5,4023.33203125,88,380.77384400367737,98.4,40.40234375,3,2190.47901058197,12.0,107.74609375,37,25583.582887411118,8.5,4.81640625,433,1771014754.721633,5.4,201.6328125,148,25617.214418172836
2026-02-13T23:32:38,gaming_1,30.0,41.1,335951.35480024474,344550.49192591495,121711.14965021836,75356.31726390473,55.0,7860.328125,149.703,60.0,1980.0,480.7,4026.4921875,88,382.8540050983429,98.6,40.40234375,3,2192.5241782665253,12.0,107.734375,37,25585.666033267975,9.9,25.41015625,13,25617.286335229874,6.5,4.81640625,433,1771014756.875384
2026-02-13T23:32:40,gaming_1,30.4,41.1,340818.2686701167,343020.3917544436,97315.13044804079,22808.23369875956,50.0,7860.328125,144.269,59.0,1980.0,502.8,4027.16015625,88,384.8580861091614,100.2,40.28515625,3,2194.504253387451,18.5,201.65625,148,25621.380100011826,11.6,4.81640625,433,1771014758.8960805,10.1,107.734375,37,25587.68391251564
2026-02-13T23:32:42,gaming_1,29.9,41.1,345210.24331036804,344039.7830621417,199325.98396127153,70594.61931961699,53.0,7860.328125,144.944,60.0,1980.0,550.8,4028.05859375,88,386.8436813354492,99.0,39.62890625,3,2196.557600736618,15.1,201.64453125,148,25623.35169029236,11.8,25.4453125,14,25621.273510217667,11.1,4.81640625,433,1771014760.865885
2026-02-13T23:32:44,gaming_1,33.7,41.1,342734.8840630355,345525.1978091182,192625.70399923756,23325.768843657675,57.0,7860.328125,146.538,59.0,1980.0,601.0,4033.28125,88,388.88273453712463,100.0,40.2890625,3,2198.5309875011444,13.0,201.640625,148,25625.398674964905,12.2,4.81640625,433,1771014762.9106472,12.2,107.73046875,37,25591.704817533493
2026-02-13T23:32:46,gaming_1,32.9,41.1,343048.83281804144,343579.1503239281,159279.96363790604,11448.247386474497,66.0,7860.328125,155.065,61.0,1980.0,495.0,4034.71484375,88,390.9530384540558,99.3,40.2890625,3,2200.618548631668,23.5,4.81640625,433,1771014764.9670038,13.5,25.44921875,13,25625.38739347458,11.4,42.10546875,36,25627.505078077316
2026-02-13T23:32:48,gaming_1,23.9,41.1,343785.5709058713,341119.8985254672,293773.831483458,15300.720389763437,57.0,7860.328125,159.845,60.0,1980.0,422.8,4034.7421875,88,392.97505283355713,99.9,40.2890625,3,2202.6207876205444,17.1,201.63671875,148,25629.45916199684,10.1,4.81640625,433,1771014766.973408,8.5,107.734375,37,25595.787007808685
2026-02-13T23:32:50,gaming_1,26.9,41.1,343734.846533501,344953.6152763813,1312624.9520691023,14613.207474206805,51.0,7860.328125,146.456,59.0,1980.0,469.2,4035.0,88,394.929322719574,99.8,40.2890625,3,2204.562846660614,13.3,4.81640625,433,1771014768.9707665,11.9,107.7421875,37,25597.75631928444,6.3,201.640625,148,25631.45468354225
2026-02-13T23:32:52,gaming_1,25.7,41.1,344792.0611333227,346055.52830478497,167548.734417142,59951.03153363361,53.0,7860.328125,146.696,60.0,1980.0,441.8,4035.19921875,88,396.9104368686676,100.0,40.2890625,3,2206.577474117279,7.1,107.7421875,37,25599.72776532173,6.4,4.81640625,433,1771014770.9261277,4.0,201.63671875,148,25633.412860155106
2026-02-13T23:32:54,gaming_1,26.4,41.1,336955.2787518842,340916.21462189907,269582.9706335205,67906.31646639816,59.0,7860.328125,153.753,60.0,1980.0,407.0,4035.30078125,88,398.9016647338867,98.9,39.625,3,2208.5382719039917,15.6,107.7421875,37,25601.732158899307,11.9,25.4453125,14,25633.315061092377,10.1,4.81640625,433,1771014772.9373899
2026-02-13T23:32:56,gaming_1,26.9,41.1,344345.34605340526,345111.2737010828,199453.64629747564,26230.232130266977,58.0,7863.015625,146.846,59.0,1980.0,485.0,4035.30078125,88,400.8774530887604,99.4,40.2890625,3,2210.627602815628,19.1,107.7421875,37,25603.695618867874,9.5,4.81640625,433,1771014774.9037993,8.8,201.6640625,148,25637.38661980629
2026-02-13T23:32:59,gaming_1,31.4,41.1,342699.72523216775,344479.7098435323,279967.37157692545,62701.025926082264,59.0,7863.015625,146.938,60.0,1980.0,541.5,4031.578125,88,402.997859954834,99.3,40.2890625,3,2212.673455953598,13.3,107.69921875,37,25605.814488887787,11.1,201.6328125,148,25639.5023355484,10.9,25.4453125,14,25637.459296941757
2026-02-13T23:33:01,gaming_1,26.8,41.2,347043.2088379588,345651.22172330826,64062.68788324318,9259.06035812499,54.0,7863.015625,146.934,59.0,1980.0,551.6,4031.9453125,88,405.08282446861267,99.6,40.29296875,3,2214.7324147224426,11.2,107.73046875,37,25607.904455661774,9.1,329.5625,95,25609.398326396942,8.4,4.81640625,433,1771014779.0609114
2026-02-13T23:33:03,gaming_1,26.9,41.1,356248.0070236175,347147.7648160162,710838.4664092484,29281.6981901537,59.0,7863.015625,148.736,60.0,1980.0,441.5,4031.98046875,88,407.0611069202423,98.8,40.296875,3,2216.721137046814,16.2,4.81640625,433,1771014781.0853481,13.4,107.73046875,37,25609.886729002,7.8,25.4453125,14,25641.500324487686
2026-02-13T23:33:05,gaming_1,34.8,41.1,345611.05024148955,342928.7213120016,460870.32249455724,474500.97377369314,55.0,7863.015625,145.519,59.0,1980.0,631.9,4033.22265625,88,409.07703924179077,100.2,39.63671875,3,2218.732217311859,16.5,107.75,37,25611.87943673134,13.3,201.6796875,148,25645.56050467491,7.1,4.81640625,433,1771014783.075488
2026-02-13T23:33:07,gaming_1,28.1,41.1,345734.0407966204,346060.8308992155,874804.7449607725,14175.076885938443,66.0,7863.015625,164.35,61.0,1980.0,516.6,4033.2109375,87,411.07017517089844,98.2,40.296875,3,2220.7995336055756,18.1,329.5625,95,25615.46642756462,8.5,4.81640625,433,1771014785.1021783,7.7,107.7578125,37,25613.89712190628
2026-02-13T23:33:09,gaming_1,31.3,41.1,340165.0348350005,346573.5404772469,414094.93629225396,75651.95951493102,53.0,7863.015625,144.743,59.0,1980.0,580.5,4033.23046875,87,413.1236264705658,99.5,40.296875,3,2222.747299194336,16.0,329.5625,95,25617.422724962234,13.0,107.76953125,37,25615.947657346725,8.4,4.81640625,433,1771014787.1565845
2026-02-13T23:33:11,gaming_1,33.1,41.1,344330.250492066,250473.03805497085,1305378.338298773,83022.06231580196,55.0,7863.015625,153.87,60.0,1980.0,528.1,4033.72265625,87,415.09651589393616,98.6,40.296875,3,2224.760113954544,17.5,107.76171875,37,25617.911752462387,11.9,201.66796875,148,25651.61197900772,9.6,4.81640625,433,1771014789.117421
2026-02-13T23:33:13,gaming_1,28.2,41.1,342750.60512069485,144982.70540879396,65012.78883383605,46220.02956155531,32.0,7863.015625,139.617,58.0,1980.0,513.2,4033.7265625,87,417.11836791038513,99.2,40.296875,3,2226.7773773670197,12.0,329.28125,95,25621.5231218338,11.6,201.67578125,148,25653.623435258865,8.5,107.76171875,37,25619.929978847504
2026-02-13T23:33:15,gaming_1,31.6,41.1,348950.16243537224,223501.49996802607,187664.0020572559,57667.58396551092,50.0,7863.015625,137.923,59.0,1980.0,534.6,4034.109375,87,419.22279620170593,100.5,40.296875,3,2228.923774957657,19.4,4.81640625,433,1771014793.2299716,10.5,201.671875,148,25655.720198631287,8.8,25.41015625,13,25653.691770792007
2026-02-13T23:33:17,gaming_1,29.2,41.1,339424.6244227962,184691.0768314118,127952.07483540382,15244.290165936784,57.0,7863.015625,147.298,60.0,1980.0,544.7,4034.11328125,87,421.2537350654602,99.4,40.2890625,3,2230.9046075344086,10.7,201.67578125,148,25657.75851082802,10.3,329.28125,95,25625.56273126602,9.2,4.81640625,433,1771014795.275613
2026-02-13T23:33:19,gaming_1,30.4,41.1,343083.0071472195,164645.2776054512,1524342.7790640453,47894.60158404354,48.0,7863.015625,140.996,59.0,1980.0,451.1,4034.1171875,87,423.21367502212524,99.9,39.625,3,2232.8287489414215,15.5,329.28125,95,25627.482083797455,12.6,4.81640625,433,1771014797.254974,9.5,107.76171875,37,25626.042023420334
2026-02-13T23:33:21,gaming_1,23.7,41.1,341168.12333277444,144643.32441383137,137268.41462537978,20911.9850405852,46.0,7863.015625,136.961,58.0,1980.0,443.4,4034.24609375,87,425.1132769584656,98.7,40.28515625,3,2234.7291951179504,11.2,329.28125,95,25629.43266391754,9.0,107.76171875,37,25627.943410396576,8.2,4.81640625,433,1771014799.166757
2026-02-13T23:33:22,gaming_1,34.8,41.1,344471.1794058633,115551.89980545103,134112.1343395398,13358.825881477596,48.0,7863.015625,139.856,58.0,1980.0,561.2,4034.390625,87,427.08771562576294,98.3,40.2890625,3,2236.683873653412,18.4,201.6796875,148,25663.602532863617,14.3,25.44921875,13,25661.479515314102,12.0,4.81640625,433,1771014801.1195478
2026-02-13T23:33:25,gaming_1,28.7,41.1,340255.6707044615,123649.29997816842,172641.48440650143,25356.7180222049,48.0,7863.015625,143.382,59.0,1980.0,496.0,4034.390625,87,428.9833228588104,99.2,39.625,3,2238.63871717453,10.7,4.81640625,433,1771014803.0207522,9.9,107.76171875,37,25631.8055934906,4.7,329.28125,95,25633.308050870895
2026-02-13T23:33:26,gaming_1,27.6,41.1,342411.0250189827,193108.47257796323,554491.7606327265,94283.98503405736,48.0,7863.015625,141.543,59.0,1980.0,511.8,4034.4296875,87,431.010728597641,99.0,40.28515625,3,2240.657914876938,7.8,4.81640625,433,1771014805.0274153,7.8,201.66796875,148,25667.51197052002,7.8,25.4453125,14,25665.423357248306
2026-02-13T23:33:28,gaming_1,30.7,41.1,346110.3471210853,207275.63187974817,197811.54934537873,80103.37480001665,49.0,7863.015625,144.791,59.0,1980.0,535.2,4034.4296875,87,432.9839415550232,97.9,40.40234375,3,2242.572121858597,8.6,4.81640625,433,1771014807.014994,6.3,201.66015625,148,25669.506910085678,6.3,107.76953125,37,25635.814024209976
2026-02-13T23:33:30,gaming_1,29.3,41.1,342657.85775304993,167858.8122556504,34720.23860544029,9765.06710778008,49.0,7863.015625,143.014,58.0,1980.0,510.7,4045.9921875,87,434.88868594169617,99.3,39.74609375,3,2244.5711715221405,15.0,25.41015625,13,25669.36491751671,14.2,42.0546875,33,25671.427897691727,11.7,107.76953125,37,25637.690106630325
2026-02-13T23:33:32,gaming_1,29.9,41.1,342112.75158098055,169324.03358628225,328788.81753540953,13870.77823977509,45.0,7863.015625,138.992,58.0,1980.0,468.3,4037.05078125,87,436.8457193374634,100.4,40.40234375,3,2246.4534871578217,9.4,4.81640625,433,1771014810.8985705,6.3,107.76953125,37,25639.676251411438,2.4,201.66796875,148,25673.380044698715
2026-02-13T23:33:34,gaming_1,25.6,41.1,338399.93359891267,136931.8727332241,373197.1786331238,23589.878478940354,51.0,7863.015625,138.468,58.0,1980.0,396.3,4037.10546875,87,438.797447681427,99.1,40.41015625,3,2248.423495054245,10.2,25.41015625,13,25673.203993797302,7.3,4.81640625,433,1771014812.8307273,6.4,107.76953125,37,25641.626549482346
2026-02-13T23:33:36,gaming_1,24.7,41.1,344714.39342658425,170652.67951991534,580031.4781146599,8529.874678156764,48.0,7848.015625,139.822,58.0,1980.0,446.9,4037.140625,87,440.71742582321167,99.5,40.41015625,3,2250.2932183742523,9.8,107.7734375,37,25643.541058778763,8.9,4.81640625,433,1771014814.7469807,3.3,201.640625,148,25677.2335357666
2026-02-13T23:33:38,gaming_1,26.4,41.1,341090.060475633,167290.53588931385,2345513.840122262,74914.15987522849,42.0,7863.015625,132.001,58.0,1980.0,390.1,4037.140625,87,442.60388350486755,99.6,40.41015625,3,2252.2545759677887,15.6,4.81640625,433,1771014816.6513233,8.9,25.41015625,13,25677.038291931152,7.4,201.6484375,148,25679.133727788925
2026-02-13T23:33:40,gaming_1,25.8,41.1,344415.172463087,189377.86951411012,367550.2134177369,16967.87206829041,44.0,7863.015625,142.45,58.0,1980.0,465.9,4037.14453125,87,444.5691134929657,99.1,40.40625,3,2254.162222146988,11.2,4.81640625,433,1771014818.6108646,7.9,107.7734375,37,25647.399139881134,4.0,201.66796875,148,25681.092989444733
2026-02-13T23:33:42,gaming_1,27.5,41.1,345431.7906206447,146209.23273962457,499873.8736056178,110169.57082755392,44.0,7863.015625,137.235,58.0,1980.0,466.3,4037.40234375,87,446.4228346347809,97.4,39.75390625,3,2255.9907405376434,13.6,25.4453125,14,25680.8054125309,11.0,107.7734375,37,25649.253472566605,10.0,4.81640625,433,1771014820.477114
2026-02-13T23:33:44,gaming_1,28.4,41.1,337310.6135753158,119551.16108268722,1016987.1356659351,88311.38290904414,43.0,7863.015625,134.016,58.0,1980.0,504.4,4037.44140625,87,448.2276647090912,100.5,39.73828125,3,2257.811142206192,14.6,201.65625,148,25684.78228712082,9.4,4.81640625,433,1771014822.297989,8.6,107.7734375,37,25651.06746482849
2026-02-13T23:33:46,gaming_1,22.1,41.1,345932.74786250695,166653.46676400155,605482.5783334539,7512.881256894878,42.0,7863.015625,137.846,58.0,1980.0,341.6,4037.48828125,87,450.0991201400757,99.6,40.40625,3,2259.724310398102,14.7,25.41015625,13,25684.524832487106,9.3,107.76171875,37,25652.923580169678,8.5,4.81640625,433,1771014824.1373904
2026-02-13T23:33:47,gaming_1,29.6,41.1,343567.5183895079,129693.24127945879,344751.6553159547,68411.65660175977,44.0,7863.015625,140.341,58.0,1980.0,550.1,4037.50390625,87,451.9737832546234,98.8,40.40625,3,2261.5586977005005,25.5,4.81640625,433,1771014826.03725,13.2,201.6328125,148,25688.518949747086,12.4,42.0546875,33,25688.54153776169
2026-02-13T23:33:49,gaming_1,28.1,41.1,342810.83632863965,152672.39302106664,426342.0758054949,7494.2943012684655,48.0,7863.015625,133.744,58.0,1980.0,426.5,4037.5078125,87,453.80841159820557,99.2,40.40625,3,2263.4012377262115,13.6,201.6640625,148,25690.36004972458,11.9,107.765625,37,25656.64607834816,6.8,4.81640625,433,1771014827.8806863
2026-02-13T23:33:51,gaming_1,29.4,41.1,343198.49105355935,155186.00361267847,246868.3318167816,8265.680752794027,49.0,7863.015625,138.225,58.0,1980.0,457.7,4037.5078125,87,455.69069480895996,99.1,40.40625,3,2265.2769343852997,19.9,25.44921875,14,25690.07790184021,16.8,4.81640625,433,1771014829.744096,13.3,42.0546875,33,25692.25800561905
2026-02-13T23:33:53,gaming_1,24.0,41.1,338737.411158009,207001.07890430233,209341.9720806703,22351.616810696567,43.0,7863.015625,133.984,57.0,1980.0,427.7,4037.62890625,87,457.54983019828796,97.6,40.2890625,3,2267.1336691379547,11.7,107.78125,37,25660.38542199135,9.2,4.81640625,433,1771014831.6186788,8.3,201.671875,148,25694.09825539589
2026-02-13T23:33:55,gaming_1,23.6,41.1,343491.2311793253,162918.31465228298,106758.40326616088,9452.566955857996,44.0,7863.015625,138.184,57.0,1980.0,376.3,4037.74609375,87,459.42241048812866,99.5,40.2890625,3,2269.0337772369385,10.8,25.41015625,13,25693.82191157341,10.1,107.796875,37,25662.245495557785,8.5,201.66796875,148,25695.9452188015
2026-02-13T23:33:57,gaming_1,25.7,41.1,343209.23788982176,168362.0595298538,380181.85119573463,54543.13490166079,48.0,7863.015625,135.057,57.0,1980.0,428.8,4037.76953125,87,461.3094425201416,100.0,39.6328125,3,2270.9096114635468,12.4,107.796875,37,25664.135410547256,9.9,201.671875,148,25697.83744263649,4.1,4.81640625,433,1771014835.3553648
2026-02-13T23:33:59,gaming_1,28.2,41.1,344749.4399689247,122557.21311489289,239557.24457868375,130740.50513278611,43.0,7863.015625,131.12,57.0,1980.0,505.8,4037.76953125,87,463.2290849685669,98.2,40.2890625,3,2272.8341720104218,17.9,107.76953125,37,25666.058294057846,9.0,25.4453125,14,25697.628257513046,7.3,201.671875,148,25699.75814127922
2026-02-13T23:34:01,gaming_1,25.3,41.1,340807.71861552127,128748.59606618538,315474.0144991223,7393.922214823178,45.0,7863.015625,127.711,57.0,1980.0,455.2,4037.76953125,87,465.103239774704,99.2,40.296875,3,2274.740869998932,10.0,107.7734375,37,25667.93153834343,9.2,201.6484375,148,25701.625606060028,4.2,4.81640625,433,1771014839.1428194
2026-02-13T23:34:03,gaming_1,26.3,41.0,346021.241257405,163411.22760358432,370131.5237737329,26550.627770701012,38.0,7863.015625,136.039,57.0,1980.0,463.1,4037.82421875,87,467.03974771499634,99.5,40.296875,3,2276.6579174995422,11.3,107.7734375,37,25669.86890912056,11.2,201.671875,148,25703.575213432312,8.2,25.41015625,13,25701.43565106392
2026-02-13T23:34:04,gaming_1,28.2,41.1,342615.9320943316,152549.55519283886,586267.0142531291,795466.965273385,43.0,7863.015625,133.707,58.0,1980.0,461.8,4045.3671875,87,469.0486841201782,99.5,40.29296875,2,2278.6361196041107,12.4,201.67578125,148,25705.59526872635,11.6,4.81640625,433,1771014843.1088705,9.3,107.7734375,37,25671.888397693634
2026-02-13T23:34:06,gaming_1,24.2,41.1,345192.34789635596,156594.2444974657,313935.772633402,38424.4305046091,44.0,7863.015625,135.222,57.0,1980.0,446.0,4045.2890625,85,470.9202868938446,99.7,39.64453125,3,2280.5502603054047,11.7,107.7734375,37,25673.75618124008,7.5,201.66015625,148,25707.46739411354,6.7,4.81640625,433,1771014844.9874349
2026-02-13T23:34:08,gaming_1,29.1,41.1,344320.69684117235,156738.05406089764,169928.12306134077,126384.04152687218,46.0,7863.015625,134.727,57.0,1980.0,462.6,4045.453125,85,472.8683581352234,98.7,40.3046875,3,2282.4495022296906,15.4,25.41015625,13,25707.25660777092,9.7,107.7734375,37,25675.697848320007,8.1,201.67578125,148,25709.404071331024
2026-02-13T23:34:10,gaming_1,23.2,41.1,345001.52799330227,174633.85611856572,276683.474125273,118347.03287780232,42.0,7863.015625,131.406,57.0,1980.0,409.4,4047.60546875,85,474.7776734828949,100.6,40.3046875,3,2284.467743396759,13.1,107.7734375,37,25677.605914115906,9.9,201.66796875,148,25711.293018341064,5.8,4.81640625,433,1771014848.810209
2026-02-13T23:34:12,gaming_1,25.8,41.2,344599.428912698,151975.5906168534,413884.090468331,91571.85501611824,44.0,7863.015625,135.056,58.0,1980.0,431.1,4048.0,86,476.74155497550964,99.2,40.27734375,3,2286.3266196250916,11.2,25.4453125,14,25711.132340192795,11.0,201.64453125,148,25713.272663354874,10.3,107.7734375,37,25679.56969857216
2026-02-13T23:34:14,gaming_1,24.8,41.2,343232.6879647278,161259.5572207411,139407.9337016098,73515.9025379583,46.0,7863.015625,134.375,57.0,1980.0,414.5,4048.38671875,86,478.61953020095825,98.7,40.3046875,3,2288.2908976078033,10.8,201.66796875,148,25715.155738592148,10.8,107.7578125,37,25681.45228099823,9.1,4.81640625,433,1771014852.6710663
2026-02-13T23:34:16,gaming_1,27.1,41.1,343722.3368880961,145452.56110296206,165734.38772591492,146830.30912592774,43.0,7863.015625,133.423,57.0,1980.0,434.8,4049.265625,86,480.58420753479004,99.7,40.3046875,3,2290.1860795021057,11.3,25.4453125,14,25714.973487377167,10.3,201.6640625,148,25717.13081932068,7.9,42.05078125,33,25717.153824329376
2026-02-13T23:34:18,gaming_1,26.9,41.2,343771.88922792044,144673.52479908694,274835.92575634073,88033.38246882788,56.0,7863.015625,131.488,58.0,1980.0,503.4,4049.41796875,86,482.5158197879791,98.8,39.64453125,3,2292.274012327194,22.6,27.74609375,11,16.046624898910522,10.6,107.796875,37,25685.341845989227,8.2,201.64453125,148,25719.039345741272
2026-02-13T23:34:20,gaming_1,32.8,41.2,340891.7710602921,213490.8066615662,91461.96751114502,52161.90334619989,53.0,7863.015625,144.471,57.0,1980.0,539.0,4052.390625,86,484.68617486953735,100.1,40.3671875,3,2294.3654794692993,20.4,4.81640625,433,1771014858.7060914,14.4,107.80078125,37,25687.5083425045,13.1,201.640625,148,25721.192194223404
2026-02-13T23:34:22,gaming_1,25.9,41.2,340929.31957200257,244784.07466589875,97165.79013636707,106275.08296165148,51.0,7863.015625,144.587,58.0,1980.0,444.9,4052.390625,86,486.71260356903076,99.5,40.3046875,3,2296.3756062984467,12.4,4.81640625,433,1771014860.7292457,10.8,107.80859375,37,25689.527765274048,7.0,329.9296875,95,25691.052951335907
2026-02-13T23:34:24,gaming_1,26.7,41.2,341994.0834149244,261047.05707710132,64539.78354401432,54959.65942419969,52.0,7863.015625,142.566,58.0,1980.0,427.1,4052.40234375,86,488.74698185920715,99.1,40.3046875,3,2298.3938467502594,13.1,107.80859375,37,25691.561937570572,10.8,25.44921875,14,25723.17507815361,9.2,201.63671875,148,25725.245405197144
2026-02-13T23:34:26,gaming_1,24.9,41.2,343366.5021203535,273961.3261590785,0.0,13623.38769212244,52.0,7863.015625,141.219,58.0,1980.0,458.1,4052.40234375,86,490.72269654273987,99.7,40.3046875,3,2300.413827896118,11.8,107.8125,37,25693.547988653183,8.6,201.6796875,148,25727.238711118698,6.3,25.41015625,13,25725.159551620483
2026-02-13T23:34:28,gaming_1,31.1,41.2,340780.46704746195,167460.734835227,64800.48132640203,83784.99733999636,58.0,7863.015625,148.993,59.0,1980.0,560.0,4052.41015625,86,492.74256134033203,99.7,40.3046875,3,2302.3875641822815,12.4,201.6796875,148,25729.25704574585,9.3,107.81640625,37,25695.56448507309,8.8,329.93359375,95,25697.041540384293
2026-02-13T23:34:30,gaming_1,32.8,41.2,343537.9524002695,242494.53140708705,0.0,20344.18987034906,50.0,7863.015625,150.63,59.0,1980.0,560.8,4052.4140625,86,494.71250677108765,99.5,40.3046875,3,2304.383504629135,16.7,107.796875,37,25697.529365301132,11.9,201.65234375,147,25731.2253408432,11.6,329.92578125,95,25699.058130025864
2026-02-13T23:34:32,gaming_1,31.0,41.2,344734.3436081239,222218.84668254794,65360.21495799217,131486.3699350233,53.0,7863.015625,146.118,58.0,1980.0,512.7,4052.49609375,86,496.7205333709717,97.3,40.29296875,3,2306.439300775528,13.2,4.81640625,433,1771014870.7434485,12.5,201.6484375,147,25733.22890138626,11.7,107.796875,37,25699.5253572464
2026-02-13T23:34:34,gaming_1,29.9,41.2,342554.2658750152,150609.5962336244,637621.6007653002,32130.150976063956,55.0,7863.015625,145.919,58.0,1980.0,644.7,4052.7578125,86,498.8027169704437,98.2,40.29296875,3,2308.4908225536346,15.2,107.796875,37,25701.582598924637,10.6,201.65625,147,25735.28260731697,9.9,4.81640625,433,1771014872.798319
2026-02-13T23:34:36,gaming_1,34.6,41.2,343619.5875057897,341463.1699636739,0.0,7162.972632066139,56.0,7863.015625,141.739,59.0,1980.0,525.3,4052.94921875,86,500.8607687950134,99.9,39.63671875,3,2310.5412352085114,12.0,107.796875,37,25703.66573190689,10.6,4.81640625,433,1771014874.871496,8.3,25.41015625,13,25735.299916028976
2026-02-13T23:34:38,gaming_1,29.3,41.2,340435.11901747,343540.65008342045,31985.55460288063,55724.8334097061,51.0,7863.015625,142.971,58.0,1980.0,627.7,4049.7890625,86,502.96930289268494,99.4,40.296875,3,2312.6320242881775,13.6,329.921875,95,25707.29962825775,9.9,107.8046875,37,25705.71853542328,6.1,201.65625,147,25739.407502889633
2026-02-13T23:34:41,gaming_1,37.8,41.2,343246.84815132164,344721.18031284685,62782.2173734345,8828.749318139227,55.0,7863.015625,137.072,58.0,1980.0,552.7,4049.8046875,86,504.9830000400543,98.0,40.29296875,3,2314.7366189956665,15.7,4.81640625,433,1771014879.0100336,13.7,42.05078125,33,25741.54215812683,12.8,107.8125,37,25707.801669597626
2026-02-13T23:34:43,gaming_1,32.6,41.2,344915.0628379708,345159.4807060463,124898.00703465391,15856.192299321297,52.0,7863.015625,142.343,58.0,1980.0,641.3,4049.94921875,86,507.09272933006287,99.1,40.29296875,3,2316.7383954524994,13.2,329.9375,95,25711.42186355591,12.7,4.81640625,433,1771014881.1073139,9.6,107.81640625,37,25709.909685134888
2026-02-13T23:34:45,gaming_1,31.8,41.2,342316.5062853756,341574.17827458685,323896.1951734527,11386.975611566699,51.0,7863.015625,134.675,58.0,1980.0,521.3,4050.08203125,86,509.1093726158142,98.9,40.29296875,3,2318.7783596515656,15.5,107.81640625,37,25711.925399541855,11.5,25.41015625,13,25743.542338609695,10.8,4.81640625,433,1771014883.129645
2026-02-13T23:34:47,gaming_1,27.7,41.1,344300.6208711119,343071.1211023791,325167.46103177575,14480.113499071264,52.0,7863.015625,143.743,58.0,1980.0,469.9,4050.28125,86,511.1140034198761,100.1,39.63671875,3,2320.8232040405273,13.9,329.65625,95,25715.47581386566,10.1,4.81640625,433,1771014885.1467268,9.3,107.80078125,37,25713.93471479416
2026-02-13T23:34:49,gaming_1,30.1,41.2,343156.039962601,344605.1878568955,203069.09938523258,121587.623256908,54.0,7863.015625,155.195,59.0,1980.0,529.4,4050.4140625,86,513.1153364181519,99.7,40.30078125,3,2322.7339742183685,17.1,329.65625,95,25717.39383006096,14.7,107.79296875,37,25715.94473552704,13.1,25.41015625,13,25747.517961263657
2026-02-13T23:34:51,gaming_1,27.5,41.1,338790.7870535696,344400.77936269966,136637.16657851727,47502.76494331264,57.0,7863.015625,149.724,58.0,1980.0,455.7,4050.421875,86,515.0489881038666,100.2,40.30078125,3,2324.6999547481537,9.8,4.81640625,433,1771014889.0787492,7.3,107.78125,37,25717.870150327682,7.1,329.66015625,95,25719.365402698517
2026-02-13T23:34:52,gaming_1,29.2,41.1,343599.2736838793,343769.32936167327,199607.80119236943,5458.025813853851,55.0,7863.015625,146.994,58.0,1980.0,513.8,4050.421875,86,517.0314562320709,99.7,40.30078125,3,2326.6587154865265,14.4,329.66015625,95,25721.320228099823,10.3,4.81640625,433,1771014891.0502257,8.7,201.65234375,147,25753.537428617477
2026-02-13T23:34:54,gaming_1,25.6,41.1,345360.82128754695,344629.62693921156,1406443.8980609863,24853.454299812816,50.0,7863.015625,140.22,58.0,1980.0,403.3,4050.4375,86,518.9959762096405,98.8,40.30078125,3,2328.65212726593,15.0,329.66015625,95,25723.300982952118,11.2,4.81640625,433,1771014893.0101395,9.6,201.64453125,147,25755.498182058334
2026-02-13T23:34:56,gaming_1,32.3,41.1,344209.6294587967,342132.230831931,0.0,15947.99081287161,55.0,7863.015625,130.196,58.0,1980.0,565.0,4050.44921875,86,520.9565122127533,99.6,39.64453125,3,2330.6430027484894,14.2,201.66015625,147,25757.48298549652,12.9,25.44921875,14,25755.36115026474,11.9,329.66015625,95,25725.26960325241
2026-02-13T23:34:58,gaming_1,29.8,41.1,337797.73859036434,346092.15978992824,233226.0076090904,69759.56477593328,50.0,7863.015625,142.632,58.0,1980.0,525.0,4051.41015625,86,522.9330229759216,100.3,40.30078125,3,2332.5748155117035,11.9,4.81640625,433,1771014896.9655268,7.9,107.7578125,37,25725.756757974625,6.4,201.64453125,147,25759.450687885284
2026-02-13T23:35:00,gaming_1,29.2,41.1,343357.1682072508,343110.5057580807,66387.14689451517,9854.342117154596,53.0,7863.015625,142.838,59.0,1980.0,486.0,4051.4140625,86,524.9109554290771,99.1,40.30078125,3,2334.546245574951,11.9,201.64453125,147,25761.42613053322,11.9,42.05078125,33,25761.47154688835,11.1,25.4453125,13,25759.33802127838
2026-02-13T23:35:02,gaming_1,25.7,41.1,344047.42911471904,345989.58024377003,132308.5409495718,58918.64714160618,55.0,7863.015625,134.332,58.0,1980.0,522.0,4069.40234375,86,526.9559259414673,97.7,40.30078125,3,2336.657870054245,11.0,4.81640625,433,1771014900.9262373,9.4,107.76171875,37,25729.726679325104,4.4,25.4453125,14,25761.447224617004
2026-02-13T23:35:04,gaming_1,34.3,41.1,340786.11197547684,251690.7292538278,94547.76815532992,605204.2034526067,57.0,7863.015625,137.221,58.0,1980.0,555.6,4051.49609375,86,528.9714362621307,98.7,40.3046875,3,2338.604121208191,10.5,4.81640625,433,1771014903.00078,7.6,107.76171875,37,25731.793253660202,6.8,41.97265625,33,25765.532483816147
2026-02-13T23:35:06,gaming_1,28.2,41.1,344215.1617134773,346832.9553826137,100151.6204906743,8867.591397611786,52.0,7863.015625,141.924,58.0,1980.0,505.4,4051.49609375,86,530.9445383548737,99.7,39.6328125,3,2340.61026597023,10.3,107.7734375,37,25733.772125720978,6.4,4.81640625,433,1771014904.9648845,6.3,201.64453125,147,25767.452090501785
2026-02-13T23:35:08,gaming_1,30.9,41.1,341992.2941086922,341263.1376821834,32640.70735497348,118832.57521420033,50.0,7863.015625,137.71,58.0,1980.0,509.6,4051.50390625,86,532.9241726398468,97.4,40.2890625,3,2342.550881385803,11.9,25.41015625,13,25767.340805768967,9.8,329.94140625,95,25737.209941387177,9.4,201.65234375,147,25769.448568582535
2026-02-13T23:35:11,gaming_1,24.3,41.1,343659.3504693195,343103.3725744614,511270.82297596557,83614.0825075277,51.0,7863.015625,128.039,57.0,1980.0,392.6,4051.50390625,86,534.8624005317688,97.9,40.2890625,3,2344.673279285431,8.1,4.81640625,433,1771014908.896456,8.1,107.76953125,37,25737.68319106102,5.2,227.578125,277,25766.516385793686
2026-02-13T23:35:12,gaming_1,36.9,41.1,345071.5867494413,344088.565703505,122071.56279768853,25987.89129872666,55.0,7863.015625,135.63,58.0,1980.0,655.3,4047.53515625,86,537.0104455947876,100.0,40.2890625,3,2346.6416499614716,17.5,4.81640625,433,1771014911.0413013,9.5,107.76953125,37,25739.83087158203,8.6,25.4453125,14,25771.42527294159
2026-02-13T23:35:14,gaming_1,29.1,41.1,342299.0400678704,343249.22714903735,33371.62944874475,11210.781767937691,49.0,7863.015625,135.99,57.0,1980.0,570.1,4047.5390625,86,538.9893436431885,99.2,40.2890625,3,2348.6258726119995,7.9,107.7734375,37,25741.816335201263,4.8,4.81640625,433,1771014913.0073135,3.9,329.93359375,95,25743.29373240471
2026-02-13T23:35:16,gaming_1,31.1,41.1,345254.2828299505,303728.1945350904,66155.05858382139,34369.620279875955,55.0,7863.015625,133.002,58.0,1980.0,503.0,4047.54296875,86,540.9626388549805,98.5,40.2890625,3,2350.672412633896,7.1,201.65234375,147,25777.478895425797,7.1,107.77734375,37,25743.785165309906,6.3,4.81640625,433,1771014914.9914804
2026-02-13T23:35:18,gaming_1,31.2,41.1,341792.51914926793,343191.3829753483,64742.895272599744,59179.0527101107,58.0,7863.015625,140.635,58.0,1980.0,574.4,4047.546875,86,542.9724998474121,97.8,40.2890625,3,2352.637415409088,13.9,107.7734375,37,25745.80441236496,7.8,25.44921875,14,25777.387691497803,6.9,4.81640625,433,1771014917.0115948
2026-02-13T23:35:20,gaming_1,27.5,41.1,344183.3476895912,344192.3696912257,65696.2110134007,68262.46925611165,52.0,7863.015625,141.127,58.0,1980.0,437.9,4047.546875,86,544.9675748348236,100.8,39.6328125,3,2354.590707063675,11.7,4.81640625,433,1771014919.0075216,7.1,107.77734375,37,25747.790876865387,6.3,42.05078125,33,25781.52525830269
2026-02-13T23:35:22,gaming_1,27.0,41.1,342328.19509073446,343727.92017506453,68713.39560048936,13957.408481349401,54.0,7863.015625,141.318,58.0,1980.0,534.2,4047.54296875,86,546.8749022483826,96.3,40.2890625,3,2356.4894506931305,10.7,25.4453125,14,25781.28351521492,7.4,4.81640625,433,1771014920.919346,7.4,107.78515625,37,25749.702113866806
2026-02-13T23:35:24,gaming_1,31.6,41.1,343847.8103258042,343619.0836006224,34223.366807115344,52671.90047657597,52.0,7863.015625,137.249,58.0,1980.0,547.0,4047.77734375,86,548.7997782230377,97.7,40.296875,3,2358.4741320610046,9.8,4.81640625,433,1771014922.8336139,9.8,42.05078125,33,25785.357496976852,9.8,25.4453125,14,25783.2063164711
2026-02-13T23:35:26,gaming_1,30.7,41.1,343662.09743362904,343134.67519302625,65901.13243116566,7207.936359658745,44.0,7863.015625,138.315,58.0,1980.0,527.7,4047.87890625,86,550.7773592472076,100.0,40.296875,3,2360.4253611564636,9.4,4.81640625,433,1771014924.817476,8.7,107.7890625,37,25753.60414457321,7.1,25.41015625,13,25785.197005033493
2026-02-13T23:35:28,gaming_1,29.2,41.2,340603.9285993177,346962.615599819,952396.912812734,13854.91198596111,54.0,7863.015625,135.152,58.0,1980.0,463.6,4047.9453125,86,552.7899117469788,99.2,40.296875,3,2362.4896233081818,18.8,4.81640625,433,1771014926.8127146,12.5,201.62109375,147,25789.297631025314,9.4,107.8046875,37,25755.6055932045
2026-02-13T23:35:30,gaming_1,29.2,41.2,335411.2802410599,343777.1356308898,1707186.947763242,10065.96077690591,52.0,7863.015625,138.497,58.0,1980.0,629.8,4049.46875,86,554.8341820240021,100.3,40.296875,3,2364.46777009964,16.1,107.80859375,37,25757.64781856537,11.4,25.41015625,14,25789.264055728912,5.6,133.34375,165,25769.571700811386
2026-02-13T23:35:32,gaming_1,30.3,41.2,363130.0145515233,351666.45171685,1633861.1975821943,8075.52568958036,56.0,7863.015625,139.886,58.0,1980.0,444.1,4049.7265625,86,556.7868649959564,99.3,39.640625,3,2366.388176202774,14.3,4.81640625,433,1771014930.8131504,9.6,107.81640625,37,25759.59746003151,6.5,329.94140625,95,25761.052209854126
2026-02-13T23:35:34,gaming_1,23.4,41.2,346719.6018060725,346411.1209358203,33807.027279015376,73952.87217284614,56.0,7863.015625,140.298,58.0,1980.0,488.7,4049.86328125,86,558.7247648239136,99.6,40.296875,3,2368.363848924637,16.1,107.8046875,37,25761.544312000275,11.2,25.41015625,13,25793.148307800293,4.8,201.62890625,147,25795.23858642578
2026-02-13T23:35:36,gaming_1,30.3,41.2,283276.0886665197,343369.3364632824,594167.0263264456,6189.239857567142,42.0,7863.015625,137.097,57.0,1980.0,433.3,4049.86328125,86,560.7003216743469,98.8,40.296875,3,2370.339752674103,15.0,107.80859375,37,25763.529238700867,10.2,4.81640625,433,1771014934.7386367,9.5,42.05078125,33,25797.264504909515
2026-02-13T23:35:38,gaming_1,32.0,41.2,267237.02052278066,345979.0657696147,646435.4931845452,129686.13289196123,61.0,7863.015625,151.995,59.0,1980.0,587.5,4050.07421875,86,562.7561004161835,97.8,40.296875,3,2372.385530948639,13.0,107.80078125,37,25765.57643866539,12.9,25.41015625,13,25797.16615462303,10.7,4.81640625,433,1771014936.7887852
2026-02-13T23:35:40,gaming_1,26.6,41.2,251678.73201860092,338964.3360104771,0.0,23450.03273747775,59.0,7863.015625,153.269,59.0,1980.0,436.3,4050.140625,86,564.6833682060242,99.5,40.2890625,3,2374.31574177742,18.5,4.81640625,433,1771014938.7331166,10.5,107.80078125,37,25767.51398539543,10.5,41.97265625,33,25801.247077941895
2026-02-13T23:35:42,gaming_1,26.0,41.2,297739.29230653844,324794.23084184295,306183.1241921684,38804.458447965786,57.0,7863.015625,148.961,59.0,1980.0,418.2,4050.15234375,86,566.6078820228577,99.1,40.2890625,3,2376.2708592414856,9.7,107.80078125,37,25769.437791585922,8.9,4.81640625,433,1771014940.6591237,6.4,148.35546875,32,25794.10376882553
2026-02-13T23:35:44,gaming_1,27.9,41.2,326067.095214245,343502.7010498215,847745.989287133,46626.02941079231,56.0,7863.015625,153.666,59.0,1980.0,513.4,4050.34765625,86,568.5405271053314,99.7,40.2890625,3,2378.1365807056427,9.7,4.81640625,433,1771014942.5935273,5.7,107.80078125,37,25771.37047314644,4.0,19.84375,4,9200.909013748169
2026-02-13T23:35:46,gaming_1,27.8,41.2,329845.33000257314,344931.15199545125,235990.28203221833,5267.640223933445,60.0,7863.015625,142.463,59.0,1980.0,426.0,4050.37109375,86,570.4947714805603,98.4,39.6328125,3,2380.122948408127,27.3,4.81640625,433,1771014944.5368798,15.9,107.80078125,37,25773.33072900772,14.2,25.41015625,13,25804.910458803177
2026-02-13T23:35:48,gaming_1,27.8,41.2,338062.97325227706,339959.61337729264,264745.91529929877,24561.38862639979,62.0,7863.015625,164.2,60.0,1980.0,570.1,4050.3828125,86,572.4706609249115,98.5,40.2890625,3,2382.0880839824677,15.8,4.81640625,433,1771014946.5177908,11.1,107.7734375,37,25775.301840782166,3.3,329.66015625,95,25776.752824306488
2026-02-13T23:35:50,gaming_1,25.7,41.2,337436.0677413574,347334.5660674962,136555.7280921659,76012.46583255328,60.0,7863.015625,156.969,59.0,1980.0,383.8,4050.38671875,86,574.3963489532471,99.4,40.2890625,3,2384.036274909973,11.2,25.41015625,13,25808.828052043915,10.6,107.7734375,37,25777.223248958588,9.8,4.81640625,433,1771014948.4367907
2026-02-13T23:35:52,gaming_1,26.3,41.2,344135.3833533051,343505.3291812986,1144174.268431102,22347.15368029496,54.0,7863.015625,153.669,60.0,1980.0,465.6,4050.47265625,86,576.333151102066,98.2,40.2890625,3,2385.9450449943542,13.7,201.62890625,147,25812.863645792007,9.7,107.7734375,37,25779.162349939346,8.8,4.81640625,433,1771014950.3828619
2026-02-13T23:35:54,gaming_1,24.0,41.2,345276.49698732415,344223.8820474096,239528.37743833047,128586.10440606803,52.0,7863.015625,151.136,59.0,1980.0,438.9,4050.48046875,86,578.2658741474152,100.3,40.2890625,3,2387.877817630768,12.2,201.66015625,147,25814.78733611107,10.6,4.81640625,433,1771014952.3009095,6.5,107.7734375,37,25781.091502189636
2026-02-13T23:35:56,gaming_1,26.9,41.2,340816.6306886464,175540.6624124568,273402.55838829716,40583.19226076286,54.0,7863.015625,147.854,59.0,1980.0,423.6,4050.48046875,86,580.1613652706146,99.6,40.2890625,3,2389.8085992336273,11.5,107.7734375,37,25782.99561214447,11.5,25.45703125,13,25814.576020002365,9.0,4.81640625,433,1771014954.2153924
2026-02-13T23:35:58,gaming_1,26.6,41.2,342582.32808614697,102528.48402066898,204510.8651147772,43139.01061014832,52.0,7863.015625,147.329,60.0,1980.0,508.8,4050.54296875,86,582.1179060935974,100.3,40.296875,3,2391.7232100963593,13.0,4.81640625,433,1771014956.1404984,12.8,107.8046875,37,25784.94460582733,9.7,201.65234375,147,25818.633322000504
2026-02-13T23:35:59,gaming_1,25.9,41.2,344443.73114563525,56940.776778402105,102901.95362613478,77176.46521960109,51.0,7863.015625,126.026,58.0,1980.0,493.9,4054.546875,86,584.050422668457,97.2,40.296875,3,2393.6032688617706,18.1,201.66015625,147,25820.532995224,15.6,25.41015625,13,25818.42142724991,15.5,107.80859375,37,25786.868906736374
2026-02-13T23:36:01,gaming_1,29.9,41.2,343682.88336337014,78361.70844679055,279820.6234592055,48367.43198464782,47.0,7863.015625,140.956,59.0,1980.0,408.0,4055.95703125,86,585.8742687702179,100.7,40.296875,3,2395.450016975403,20.8,4.81640625,433,1771014959.9227464,12.7,107.81640625,37,25788.707853078842,10.8,201.640625,147,25822.405094623566
2026-02-13T23:36:03,gaming_1,25.0,41.2,342468.09550315543,78854.78702706845,247408.20885847352,17672.014918462395,44.0,7863.015625,139.131,58.0,1980.0,489.2,4059.9609375,86,587.7228107452393,99.1,40.41796875,3,2397.2952241897583,11.0,107.80078125,37,25790.557420015335,10.9,201.6484375,147,25824.261599063873,5.9,4.81640625,433,1771014961.7791502
2026-02-13T23:36:05,gaming_1,25.9,41.2,340987.48325841705,81230.45847086674,1444773.101113863,548562.2868291698,56.0,7863.015625,146.735,59.0,1980.0,403.8,4059.9609375,86,589.5296106338501,99.6,40.41796875,3,2399.132248401642,12.2,107.80859375,37,25792.355741500854,10.3,4.81640625,433,1771014963.5922408,6.9,201.62109375,147,25826.071609973907
2026-02-13T23:36:07,gaming_1,24.7,41.2,344544.7658156041,60052.18879692456,104874.22930347969,109517.09882993583,54.0,7863.015625,145.743,60.0,1980.0,404.6,4059.984375,86,591.4072978496552,99.6,40.41796875,3,2401.1091361045837,19.1,162.375,23,25719.51362490654,13.3,201.609375,147,25827.949991226196,10.0,4.81640625,433,1771014965.4678798
2026-02-13T23:36:09,gaming_1,26.3,41.2,353580.91392918985,92371.21623202473,133677.22619783314,118534.10291760987,46.0,7863.015625,147.681,58.0,1980.0,419.4,4060.0390625,86,593.3743879795074,97.8,40.41796875,3,2402.9627056121826,13.5,107.8125,37,25796.20507645607,8.8,4.81640625,433,1771014967.428368,5.1,329.9921875,95,25797.612315416336
2026-02-13T23:36:11,gaming_1,26.8,41.2,349362.9052688717,109636.49484731889,356612.58400529524,242663.71927235325,54.0,7863.015625,143.686,59.0,1980.0,479.3,4060.05078125,86,595.225643157959,99.5,40.41796875,3,2404.8622028827667,15.2,25.41015625,13,25829.618882894516,10.9,107.81640625,37,25798.062453746796,9.7,161.578125,23,25723.271725654602
2026-02-13T23:36:13,gaming_1,31.0,41.3,356013.33792099333,115071.3488659429,781135.0924498826,146462.82983435298,51.0,7863.015625,148.94,59.0,1980.0,502.9,4048.48046875,86,597.1584656238556,99.1,40.4140625,3,2406.7532160282135,13.0,107.8203125,37,25799.98291015625,11.3,4.81640625,433,1771014971.195805,5.6,201.625,147,25833.685946941376
2026-02-13T23:36:14,gaming_1,23.3,41.2,342045.33473588753,69457.4084105575,1568427.747810073,58816.04054287774,47.0,7863.015625,132.657,58.0,1980.0,394.8,4036.33984375,86,599.0343070030212,99.8,40.2890625,3,2408.6027114391327,10.8,201.6484375,147,25835.563272237778,9.2,25.41015625,13,25833.418637275696,8.3,107.828125,37,25801.863878011703
2026-02-13T23:36:16,gaming_1,30.1,41.1,342326.96873834386,109494.19170456723,1188534.3918271868,17205.346205218928,62.0,7863.015625,152.667,60.0,1980.0,501.5,4028.43359375,87,600.9109234809875,100.0,40.2890625,3,2410.5087447166443,14.2,4.81640625,433,1771014974.9496992,13.2,330.0,95,25805.1698884964,10.9,107.8359375,37,25803.734163045883
2026-02-13T23:36:18,gaming_1,27.2,41.2,347885.9652534748,122136.39873008901,242275.45300551224,10815.868437746081,44.0,7863.015625,136.479,58.0,1980.0,468.7,4028.48046875,87,602.7900989055634,98.7,39.6171875,2,2412.3764295578003,13.3,107.79296875,37,25805.619223833084,11.6,25.41015625,13,25837.188647031784,9.9,201.64453125,147,25839.33415389061
2026-02-13T23:36:20,gaming_1,31.8,41.2,348746.109966699,142990.82477661103,392755.81759358593,24547.23859959912,57.0,7863.015625,152.985,60.0,1980.0,566.8,4028.4921875,87,604.6327087879181,98.7,40.2734375,2,2414.227776288986,11.1,107.796875,37,25807.44694185257,9.4,4.81640625,433,1771014978.6785061,6.7,329.99609375,95,25808.892105340958
2026-02-13T23:36:22,gaming_1,24.1,41.2,344240.4818169116,114098.20942039184,173312.66462180376,7040.827000260778,55.0,7863.015625,160.67,60.0,1980.0,435.0,4028.51171875,87,606.532636642456,99.0,40.27734375,2,2416.1531643867493,13.9,107.796875,37,25809.358886003494,13.7,329.99609375,95,25810.835085392,9.8,25.4453125,13,25840.938815832138
2026-02-13T23:36:24,gaming_1,28.2,41.1,350966.1850689419,117864.68360674665,236844.53224744298,62118.82263186284,53.0,7863.015625,156.886,60.0,1980.0,473.2,4028.51171875,87,608.4706354141235,100.2,40.27734375,2,2418.086617708206,14.7,329.9609375,95,25812.742907762527,12.9,107.80078125,37,25811.30100107193,8.9,4.81640625,433,1771014982.5069537
2026-02-13T23:36:26,gaming_1,27.6,41.1,342818.4164027391,87021.6110975892,8595.037895750602,225351.1498292111,56.0,7863.015625,156.931,59.0,1980.0,426.6,4028.51171875,87,610.3567068576813,99.6,40.28125,2,2419.9385149478912,15.8,329.6796875,95,25814.617336511612,7.5,25.41015625,14,25844.74903535843,5.8,107.8046875,37,25813.187965393066
2026-02-13T23:36:28,gaming_1,24.0,41.1,342123.0686417909,130677.17088655905,173975.01048680843,40231.72117507445,60.0,7863.015625,151.338,60.0,1980.0,451.6,4028.51171875,87,612.274744272232,99.3,40.28125,2,2421.873554468155,17.0,329.6796875,95,25816.551784038544,9.1,107.796875,37,25815.083303928375,8.3,4.81640625,433,1771014986.297134
2026-02-13T23:36:30,gaming_1,27.1,41.2,352746.61199665617,130215.24570347035,3998364.3644808074,23624.789443492165,56.0,7863.015625,155.79,60.0,1980.0,445.6,4028.51171875,87,614.2065000534058,99.8,40.28515625,2,2423.814487695694,16.0,201.6484375,147,25850.730872154236,14.6,329.6796875,95,25818.481583356857,10.4,4.81640625,433,1771014988.2471411
2026-02-13T23:36:32,gaming_1,29.8,41.2,342842.5306264001,183084.39262897667,0.0,7566.412942301289,56.0,7863.015625,156.563,60.0,1980.0,445.7,4028.515625,87,616.1092412471771,100.0,40.28125,2,2425.705141544342,14.0,4.81640625,433,1771014990.1433406,14.0,329.66796875,95,25820.384648799896,10.7,201.64453125,147,25852.629602909088
2026-02-13T23:36:33,gaming_1,25.5,41.2,350457.9499303531,167656.7781044122,102221.53806654492,10648.076881931762,54.0,7863.015625,156.613,60.0,1980.0,445.5,4028.5234375,87,618.0381164550781,99.5,40.28515625,2,2427.657583475113,11.4,4.81640625,433,1771014992.065539,9.7,107.796875,37,25820.857451200485,9.6,329.66796875,95,25822.33204650879
2026-02-13T23:36:35,gaming_1,29.2,41.2,344181.4402600453,188485.27588015512,472256.2667054784,79851.36652441962,52.0,7863.015625,153.0,60.0,1980.0,448.8,4028.5234375,87,619.9739770889282,98.8,40.28515625,2,2429.5817081928253,19.3,4.81640625,433,1771014994.0088272,13.7,201.6328125,147,25856.492332696915,12.1,107.8046875,37,25822.794567346573
2026-02-13T23:36:37,gaming_1,29.0,41.2,343675.7362013569,194635.38612302608,377925.092896377,20399.365809747625,52.0,7863.015625,155.428,60.0,1980.0,484.6,4028.546875,87,621.892519235611,99.8,40.296875,3,2431.507826089859,15.6,4.81640625,433,1771014995.913657,13.1,201.6171875,147,25858.397657632828,8.1,329.66796875,95,25826.185483455658
2026-02-13T23:36:39,gaming_1,26.9,41.2,345942.46774321515,182208.08621086075,101121.3912086357,18960.260851619194,48.0,7863.015625,143.034,60.0,1980.0,463.3,4028.546875,87,623.8186798095703,99.9,40.30078125,3,2433.432057619095,12.9,4.81640625,433,1771014997.8607483,6.4,107.8046875,37,25826.644603013992,5.6,329.98046875,95,25828.123524188995
2026-02-13T23:36:41,gaming_1,28.5,41.2,342802.2594810399,246495.9216453185,405499.50142319786,72863.19166198086,58.0,7863.015625,150.224,60.0,1980.0,487.9,4028.55859375,87,625.7755286693573,99.7,40.30078125,3,2435.389815568924,11.2,107.82421875,37,25828.594747543335,8.0,201.65234375,147,25862.28771328926,7.3,4.81640625,433,1771014999.8001223
2026-02-13T23:36:43,gaming_1,26.6,41.2,339782.7427104749,322150.0620770183,134745.26096014574,46055.50911723731,55.0,7863.015625,153.205,60.0,1980.0,478.4,4028.55859375,87,627.7255103588104,99.1,39.640625,3,2437.379691839218,11.2,4.81640625,433,1771015001.7499502,9.6,201.65234375,147,25864.236051797867,8.0,107.82421875,37,25830.543324947357
2026-02-13T23:36:45,gaming_1,29.4,41.6,346871.81291543995,301329.163547152,98591.16061440608,71889.38794800444,51.0,7863.015625,150.206,60.0,1980.0,446.8,4156.95703125,87,629.7227120399475,98.8,40.30859375,3,2439.336130619049,11.8,4.81640625,433,1771015003.7389627,11.1,25.41015625,13,25864.137385845184,9.4,201.65234375,147,25866.2230117321
2026-02-13T23:36:47,gaming_1,26.2,41.6,343952.16812311194,202599.86926262788,101474.38502060107,89847.11173699053,61.0,7863.015625,153.92,60.0,1980.0,433.3,4157.140625,87,631.6376912593842,100.1,40.30859375,3,2441.255853176117,16.1,4.81640625,433,1771015005.677542,10.5,41.97265625,33,25868.204922437668,6.5,107.828125,37,25834.46861219406
2026-02-13T23:36:49,gaming_1,27.9,41.5,342154.935603511,223267.78448987086,371050.6177557309,23717.72414631803,52.0,7863.015625,157.479,60.0,1980.0,487.1,4157.1875,87,633.5879800319672,100.3,40.3046875,3,2443.1870732307434,6.4,107.83203125,37,25836.411489009857,6.4,25.44921875,14,25868.00324988365,5.6,4.81640625,433,1771015007.6203065
2026-02-13T23:36:51,gaming_1,26.3,41.5,342677.66973529395,166045.25095143213,67718.1954973758,38885.05757075876,56.0,7863.015625,151.356,60.0,1980.0,438.7,4157.19921875,87,635.5544147491455,99.3,40.3046875,3,2445.1693379879,17.0,4.81640625,433,1771015009.5610845,14.5,201.64453125,147,25872.04942560196,9.6,42.05078125,33,25872.11563706398
2026-02-13T23:36:53,gaming_1,27.3,42.0,342200.80165004457,174721.20705336504,33236.66320900202,21551.89879958725,48.0,7863.015625,141.285,59.0,1980.0,445.4,4285.53125,87,637.5112779140472,98.9,40.3046875,3,2447.112869977951,8.7,201.6484375,147,25874.017141103745,8.0,25.44921875,13,25871.920089244843,7.1,4.81640625,433,1771015011.531395
2026-02-13T23:36:55,gaming_1,28.8,41.9,343798.0230041066,261421.850054265,136112.72214964466,60346.85142181512,53.0,7863.015625,145.09,59.0,1980.0,471.2,4285.53125,87,639.3916003704071,100.3,40.296875,3,2448.9833521842957,13.8,4.81640625,433,1771015013.449969,6.6,107.83203125,37,25842.227941036224,5.0,41.97265625,33,25875.959676742554
2026-02-13T23:36:57,gaming_1,22.6,41.9,343472.9722981942,243804.57461542418,35354.98108555847,86177.76639604877,62.0,7863.015625,153.661,60.0,1980.0,411.8,4285.53515625,87,641.2701172828674,98.9,40.296875,3,2450.894496202469,10.8,107.83203125,37,25844.10107421875,9.9,25.4453125,13,25875.68709397316,5.9,4.81640625,433,1771015015.3110766
2026-02-13T23:36:59,gaming_1,25.8,42.4,351207.52373182063,121559.28204916308,0.0,75450.40993133835,56.0,7863.015625,150.739,60.0,1980.0,428.3,4413.89453125,87,643.17746925354,99.0,40.296875,3,2452.7559649944305,12.2,4.81640625,433,1771015017.2332706,8.2,107.83203125,37,25846.0048391819,6.7,330.06640625,95,25847.420406103134
2026-02-13T23:37:00,gaming_1,26.0,42.4,343953.72189539444,341553.84718255553,105721.39088994771,6607.586930621732,57.0,7863.015625,152.257,60.0,1980.0,508.3,4413.89453125,87,645.0366365909576,99.1,40.296875,3,2454.632012605667,11.7,107.83203125,37,25847.870917081833,5.8,25.4453125,14,25879.441444158554,3.4,4.81640625,433,1771015019.093605
2026-02-13T23:37:02,gaming_1,27.8,42.0,348400.1824546291,345373.03307254263,183239.4660447238,35175.43321394252,58.0,7863.015625,149.483,60.0,1980.0,503.9,4285.90234375,87,646.9263570308685,99.3,40.29296875,3,2456.5367040634155,11.7,4.81640625,433,1771015020.9700854,10.8,107.83984375,37,25849.755101919174,7.5,330.06640625,95,25851.19897198677
2026-02-13T23:37:04,gaming_1,25.1,42.0,346512.3704814454,345480.9049303554,69048.13723823686,553733.6943363291,58.0,7863.015625,153.376,61.0,1980.0,412.0,4285.9765625,87,648.8218276500702,99.8,40.29296875,3,2458.4470298290253,11.6,107.84765625,37,25851.64638876915,8.1,25.44140625,14,25883.240685224533,7.4,4.81640625,433,1771015022.8695657
2026-02-13T23:37:06,gaming_1,24.7,42.0,344699.2882120536,251870.99499058278,21950383.729445986,12209.456969250903,50.0,7863.015625,145.133,59.0,1980.0,388.2,4285.9765625,87,650.6087107658386,99.0,40.29296875,3,2460.2153029441833,12.7,4.81640625,433,1771015024.715311,10.3,107.86328125,37,25853.45931172371,3.4,19.83984375,4,9282.954540014267
2026-02-13T23:37:08,gaming_1,25.5,42.8,340712.0109784774,223824.5301990752,27570371.527533494,26133.314327064192,61.0,7863.015625,147.037,60.0,1980.0,459.2,4543.109375,87,652.5593667030334,100.2,40.29296875,3,2462.179041147232,14.3,4.81640625,433,1771015026.5802147,13.5,25.41015625,13,25886.979968309402,11.3,42.05078125,33,25889.1215467453
2026-02-13T23:37:10,gaming_1,29.1,42.8,351709.3180244107,345735.2181259516,10569978.52885624,21676.713779880964,57.0,7863.015625,148.827,60.0,1980.0,472.2,4543.1796875,87,654.5473368167877,99.1,40.29296875,3,2464.2132592201233,11.0,4.81640625,433,1771015028.5608754,9.5,107.86328125,37,25857.36536049843,4.7,201.66015625,147,25891.04743862152
2026-02-13T23:37:12,gaming_1,30.5,42.8,347949.5949936677,343203.6133458865,36022824.46289075,34135.51004106477,51.0,7863.015625,140.407,59.0,1980.0,481.9,4543.1796875,87,656.5423879623413,99.7,40.29296875,3,2466.1723051071167,20.8,4.81640625,433,1771015030.5839653,11.1,25.41015625,13,25890.961081266403,10.1,201.65625,147,25893.067160844803
2026-02-13T23:37:14,gaming_1,24.3,42.9,358102.5631683806,347502.1346506771,22739756.523170855,62205.3799548906,50.0,7863.015625,136.557,59.0,1980.0,481.1,4543.1796875,87,658.4940991401672,99.2,40.29296875,3,2468.1252393722534,9.7,107.85546875,37,25861.307227134705,7.2,4.81640625,433,1771015032.5271416,6.4,201.65625,147,25895.011001110077
2026-02-13T23:37:16,gaming_1,27.9,43.0,341138.70859760075,346563.2510117269,3949476.928028396,100815.59526809327,52.0,7863.015625,142.227,59.0,1980.0,546.2,4563.06640625,87,660.5304248332977,98.8,40.29296875,3,2470.198468208313,11.1,4.81640625,433,1771015034.4969718,11.0,107.859375,37,25863.298820257187,5.5,42.05078125,33,25897.03955578804
2026-02-13T23:37:18,gaming_1,35.9,42.9,340643.08411731245,343564.98661643197,0.0,17623.861590111756,37.0,7863.015625,147.033,59.0,1980.0,573.3,4539.32421875,87,662.5050029754639,100.5,40.3046875,3,2472.1255526542664,18.5,201.6484375,147,25899.01401948929,10.6,25.44140625,14,25896.92275929451,10.0,107.859375,37,25865.33224415779
2026-02-13T23:37:20,gaming_1,28.6,42.9,352366.12046821235,346809.3142995241,32772.754596035884,57352.32054306279,57.0,7863.015625,158.718,60.0,1980.0,477.9,4539.50390625,87,664.477795124054,99.0,39.6484375,3,2474.0681054592133,10.9,4.81640625,433,1771015038.5338802,9.5,107.859375,37,25867.308750629425,3.9,201.65234375,147,25901.015156030655
2026-02-13T23:37:22,gaming_1,25.5,42.9,342896.0497334657,343982.76433116745,0.0,11078.106003450617,58.0,7863.015625,157.06,60.0,1980.0,592.4,4539.99609375,87,666.4014360904694,99.2,40.3046875,3,2476.00581741333,10.8,107.859375,37,25869.18864250183,8.1,25.41015625,13,25900.80459856987,5.9,4.81640625,433,1771015040.3768406
2026-02-13T23:37:24,gaming_1,32.5,42.9,343198.1106584248,344317.19333196175,33442.86461145429,16982.704685504134,57.0,7863.015625,159.185,60.0,1980.0,512.8,4540.0859375,87,668.3085269927979,98.9,40.3046875,3,2477.9323937892914,13.7,107.83203125,37,25871.129330396652,10.4,4.81640625,433,1771015042.3389676,6.3,201.65625,147,25904.826702594757
2026-02-13T23:37:26,gaming_1,28.4,42.9,344026.76293679053,345842.31293985917,34428.2074655972,29048.800049097645,52.0,7863.015625,154.047,60.0,1980.0,475.4,4540.0234375,85,670.2026047706604,98.6,40.3046875,3,2479.8011994361877,15.0,25.4453125,14,25904.6088411808,8.2,107.83203125,37,25873.029861927032,5.8,201.62109375,147,25906.72653055191
2026-02-13T23:37:27,gaming_1,25.9,42.9,345729.05561042175,343403.1755470531,0.0,10857.994916296104,61.0,7863.015625,159.035,60.0,1980.0,485.0,4540.0234375,85,672.1216154098511,100.0,40.3046875,3,2481.707473039627,11.6,4.81640625,433,1771015046.1292996,9.0,107.83203125,37,25874.9520881176,7.4,201.62109375,147,25908.632727384567
2026-02-13T23:37:29,gaming_1,26.8,42.9,341430.3934633805,339764.20654828625,0.0,94156.20671862623,61.0,7863.015625,157.776,61.0,1980.0,430.2,4540.0234375,85,673.9698929786682,98.2,40.3046875,3,2483.600848674774,15.2,107.84765625,37,25876.798171043396,9.2,25.4453125,14,25908.377690076828,5.0,4.81640625,433,1771015048.0249147
2026-02-13T23:37:31,gaming_1,26.6,42.9,329226.17538485705,343705.01711038325,68543.74770282688,89160.42181656777,52.0,7863.015625,159.766,60.0,1980.0,432.6,4540.05078125,85,675.891535282135,98.9,40.3046875,3,2485.4653735160828,12.3,4.81640625,433,1771015049.9322157,9.7,107.96875,37,25878.72474169731,7.4,201.63671875,147,25912.412573814392
2026-02-13T23:37:33,gaming_1,26.8,42.9,354905.1715647337,348444.9379107274,106162.95705841505,12440.971530283014,49.0,7863.015625,140.463,59.0,1980.0,440.6,4540.05078125,85,677.7424788475037,97.4,40.296875,3,2487.4534726142883,16.1,107.96875,37,25880.571313858032,13.5,201.64453125,147,25914.27019548416,10.7,25.4453125,14,25912.165091753006
2026-02-13T23:37:35,gaming_1,29.6,42.9,342851.5647937753,343532.2138059174,0.0,32607.46612554563,61.0,7863.015625,150.523,61.0,1980.0,543.6,4540.08203125,85,679.7635591030121,99.8,40.421875,3,2489.3943548202515,17.1,4.81640625,433,1771015053.7953525,12.4,201.6328125,147,25916.28378844261,11.6,107.97265625,37,25882.589967250824
2026-02-13T23:37:37,gaming_1,33.2,42.9,343759.1847781209,346367.8156099391,32801.080236769085,11531.629770739133,54.0,7863.015625,145.164,59.0,1980.0,573.4,4540.20703125,85,681.7632191181183,97.8,40.42578125,3,2491.359578847885,16.5,201.63671875,147,25918.27624297142,15.1,25.41015625,14,25916.165897130966,12.5,4.81640625,433,1771015055.792953
2026-02-13T23:37:39,gaming_1,29.5,42.9,342545.00399795285,344087.2344044561,409749.77805647615,64023.4028213244,55.0,7863.015625,145.263,60.0,1980.0,493.7,4540.21875,85,683.6877737045288,98.4,40.421875,3,2493.2983911037445,12.2,201.63671875,147,25920.20249080658,10.6,107.890625,37,25886.505656003952,9.8,4.81640625,433,1771015057.7140846
2026-02-13T23:37:41,gaming_1,27.6,42.9,346725.18395442114,345213.46705805446,0.0,18891.004680893875,52.0,7863.015625,144.309,59.0,1980.0,492.0,4540.28515625,85,685.5929808616638,99.7,40.421875,3,2495.2256379127502,13.8,107.85546875,37,25888.424902677536,8.1,4.81640625,433,1771015059.6373303,8.1,330.07421875,95,25889.889213323593
2026-02-13T23:37:43,gaming_1,26.2,42.9,350175.1389549579,344603.74170603213,0.0,8522.245591111894,59.0,7863.015625,144.537,59.0,1980.0,426.2,4540.28515625,85,687.5326778888702,99.5,40.421875,3,2497.175674200058,12.2,107.87890625,37,25890.350881814957,11.3,201.625,147,25924.051048517227,9.8,25.4453125,13,25921.961161375046
2026-02-13T23:37:45,gaming_1,31.3,42.9,340787.37742779823,344047.5665283829,0.0,22439.822810257137,57.0,7863.015625,151.769,60.0,1980.0,615.0,4540.31640625,85,689.5270731449127,99.6,40.41796875,3,2499.133182287216,14.0,107.8828125,37,25892.35522890091,12.5,201.62109375,147,25926.04834008217,7.8,4.81640625,433,1771015063.5670104
2026-02-13T23:37:47,gaming_1,26.5,42.9,343771.3340683806,344945.0667988826,381659.5536707154,15179.64133917618,53.0,7863.015625,143.891,59.0,1980.0,465.2,4540.3359375,85,691.437833070755,99.5,40.421875,3,2501.0489542484283,12.2,25.44921875,14,25925.857148885727,9.9,4.81640625,433,1771015065.4606388,9.1,107.8828125,37,25894.24756526947
2026-02-13T23:37:49,gaming_1,30.6,42.9,351297.8892885216,345436.3303183411,33073.02011792941,164589.9516806331,61.0,7863.015625,152.167,60.0,1980.0,539.7,4540.3515625,85,693.4065675735474,99.8,40.4140625,3,2503.053916454315,18.9,4.81640625,433,1771015067.4382446,11.8,107.8828125,37,25896.226279497147,10.3,201.6328125,147,25929.925085544586
2026-02-13T23:37:51,gaming_1,27.4,42.9,345337.98395569343,352078.32867045345,139457.65084145195,8325.829900982206,56.0,7863.015625,158.664,60.0,1980.0,553.1,4540.78515625,86,695.386049747467,99.6,40.41796875,3,2505.0140523910522,16.6,107.88671875,37,25898.20128583908,11.9,201.6328125,147,25931.892684221268,7.1,4.81640625,433,1771015069.4067059
2026-02-13T23:37:53,gaming_1,33.1,43.0,343346.7629581755,343909.19965510623,101170.68079612157,9484.751324636396,53.0,7863.015625,147.394,59.0,1980.0,485.1,4540.984375,86,697.3234956264496,99.8,40.41796875,3,2506.924131155014,28.9,201.63671875,147,25933.842566490173,12.8,107.890625,37,25900.155520915985,8.0,4.81640625,433,1771015071.3512747
2026-02-13T23:37:55,gaming_1,24.8,43.0,344527.53106820973,354075.2897737249,0.0,34059.32971622889,55.0,7863.015625,146.852,60.0,1980.0,508.2,4540.98828125,86,699.285825252533,97.9,40.421875,3,2508.8880286216736,15.5,107.89453125,37,25902.0735912323,14.7,4.81640625,433,1771015073.2600522,6.3,330.41015625,95,25903.553240060806
2026-02-13T23:37:57,gaming_1,29.8,42.9,348290.84274740476,344784.2618620776,66341.5949482692,79817.23142213636,58.0,7863.015625,148.409,60.0,1980.0,459.4,4541.24609375,86,701.1793847084045,100.0,40.421875,3,2510.7614064216614,13.2,25.4453125,14,25935.576909303665,10.5,107.8984375,37,25904.011369228363,10.3,201.6328125,147,25937.718753814697
2026-02-13T23:37:58,gaming_1,26.9,42.9,342890.86333003145,338756.7112695358,212526.4396156176,19647.62657904798,56.0,7863.015625,151.691,60.0,1980.0,432.8,4541.484375,86,703.0545296669006,100.8,40.42578125,3,2512.652765274048,10.9,107.8984375,37,25905.86960864067,10.7,330.41015625,95,25907.315863132477,7.6,4.81640625,419,1771015077.0835264
2026-02-13T23:38:00,gaming_1,24.7,42.9,344659.3634456147,338045.37969093624,68698.63528751965,76749.25661027586,53.0,7863.015625,143.185,60.0,1980.0,398.8,4541.484375,86,704.9380321502686,98.4,39.7734375,3,2514.605884552002,16.0,330.14453125,95,25909.26568388939,13.2,25.44921875,14,25939.347998142242,9.1,42.05078125,33,25941.503388643265
2026-02-13T23:38:02,gaming_1,28.3,42.9,341737.8030443951,343571.2374477579,0.0,17202.339144041318,57.0,7863.015625,138.902,60.0,1980.0,499.6,4541.57421875,86,706.8808405399323,97.8,40.42578125,3,2516.539667367935,12.2,330.14453125,95,25911.187881708145,11.3,4.81640625,419,1771015080.9268982,11.3,201.65234375,147,25943.40973997116
2026-02-13T23:38:04,gaming_1,30.8,43.0,344982.80363878567,346021.7881047428,144548.5840829792,575005.7646242041,49.0,7863.015625,148.731,59.0,1980.0,623.5,4545.234375,86,708.8148047924042,98.4,40.42578125,3,2518.400890111923,12.3,330.14453125,95,25913.09114265442,12.2,4.81640625,419,1771015082.8543854,12.2,107.875,37,25911.63449406624
2026-02-13T23:38:06,gaming_1,33.2,42.9,342066.3224069845,342881.6512559163,343181.70484001253,16086.642414375587,40.0,7863.015625,152.319,59.0,1980.0,506.9,4545.234375,86,710.7072751522064,100.0,40.421875,3,2520.3175888061523,15.2,330.14453125,95,25915.046110868454,11.5,107.9140625,37,25913.53769803047,9.0,4.81640625,419,1771015084.7671638
2026-02-13T23:38:08,gaming_1,30.6,42.9,344189.0990022975,346030.8546538996,117479.01678028016,20978.395853621456,63.0,7863.015625,154.622,60.0,1980.0,520.6,4545.50390625,86,712.6640014648438,98.2,40.421875,3,2522.275122642517,21.6,4.81640625,419,1771015086.7150743,14.0,330.14453125,95,25916.936918735504,11.2,201.62890625,147,25949.19854402542
2026-02-13T23:38:10,gaming_1,27.2,42.9,338194.1366172749,345603.0691167902,34764.21567181461,82565.01222055969,60.0,7863.015625,158.507,61.0,1980.0,473.3,4545.75,86,714.5492248535156,99.9,40.42578125,3,2524.151195049286,12.4,201.6328125,147,25951.08383345604,10.8,107.9140625,37,25917.381664037704,10.0,330.14453125,95,25918.82112121582
2026-02-13T23:38:12,gaming_1,29.7,42.9,344439.16651752644,344017.30550827755,104328.61547975474,25538.775664314962,62.0,7863.015625,159.713,61.0,1980.0,461.4,4545.78515625,86,716.4397299289703,100.4,40.42578125,3,2526.096659183502,16.6,201.6328125,147,25952.968336820602,13.3,4.81640625,419,1771015090.4843044,10.0,107.90625,37,25919.26450777054
2026-02-13T23:38:14,gaming_1,31.9,42.9,341338.9907211743,343820.719160898,32315.23048395271,28275.82667345862,60.0,7863.015625,150.907,60.0,1980.0,575.9,4546.35546875,86,718.525975227356,98.8,40.42578125,3,2528.1567816734314,13.6,201.63671875,147,25955.03178024292,13.4,25.41015625,13,25952.941441059113,10.0,4.81640625,419,1771015092.5263965
2026-02-13T23:38:16,gaming_1,34.6,43.0,378294.1190952447,348801.61656948505,32528.66331523897,30241.491675886227,65.0,7863.015625,150.489,61.0,1980.0,601.6,4546.65625,86,720.5051436424255,100.6,40.42578125,3,2530.1254246234894,17.8,4.81640625,419,1771015094.5251956,11.9,201.6328125,147,25957.008586645126,7.9,107.90625,37,25923.320267915726
2026-02-13T23:38:18,gaming_1,32.0,43.0,343760.621898581,341992.66027164296,167193.55437663847,66616.1818219419,61.0,7863.015625,155.401,61.0,1980.0,519.3,4546.87890625,86,722.4458503723145,99.0,40.42578125,3,2532.0999796390533,13.6,4.81640625,419,1771015096.4865496,12.0,107.9140625,37,25925.274305343628,11.2,25.4453125,14,25956.877942800522
2026-02-13T23:38:20,gaming_1,27.3,43.0,343255.28901615465,342661.65638744197,33166.50294570935,111936.94744176905,63.0,7863.015625,156.377,61.0,1980.0,453.4,4547.00390625,86,724.4337110519409,97.4,40.3046875,3,2534.110132455826,11.9,4.81640625,419,1771015098.4632936,7.9,201.62109375,147,25960.94955587387,7.1,107.92578125,37,25927.26029276848
2026-02-13T23:38:22,gaming_1,33.7,43.0,345423.5946902985,346371.76800221263,16412.965179505038,157205.43210994668,59.0,7863.015625,156.479,61.0,1980.0,570.8,4547.07421875,86,726.4263093471527,99.6,40.3046875,3,2536.050217151642,12.5,4.81640625,419,1771015100.459134,10.2,107.92578125,37,25929.25243973732,6.3,25.44921875,14,25960.8447868824
2026-02-13T23:38:24,gaming_1,23.7,42.9,345099.7174144282,342813.6783653663,503420.2120944843,35396.73366289343,60.0,7863.015625,145.444,60.0,1980.0,404.6,4547.3359375,86,728.3887145519257,99.3,40.3046875,3,2538.0322816371918,9.5,25.41015625,13,25962.82013440132,8.8,107.9296875,37,25931.20612168312,7.2,4.81640625,419,1771015102.4136264
2026-02-13T23:38:26,gaming_1,32.8,43.0,344567.1931927336,345284.49723503785,365701.2835084601,28570.412774098444,58.0,7863.015625,134.8,60.0,1980.0,589.7,4547.4140625,86,730.3549907207489,97.2,40.3046875,3,2540.1071422100067,15.1,4.81640625,419,1771015104.3838935,8.7,201.63671875,147,25966.868586063385,7.1,107.94140625,37,25933.17236828804
2026-02-13T23:38:28,gaming_1,31.6,43.0,340436.00148382,342522.46218640206,190178.42643173697,9162.241898403994,58.0,7863.015625,154.431,61.0,1980.0,584.2,4547.68359375,86,732.4324536323547,99.5,40.3046875,3,2542.087305545807,9.0,107.9375,37,25935.250689983368,8.3,4.81640625,419,1771015106.4532073,6.8,201.64453125,147,25968.94143795967
2026-02-13T23:38:30,gaming_1,27.5,43.0,314180.1925863776,341897.61765251466,196112.1909996604,99077.51316128677,53.0,7863.015625,153.644,59.0,1980.0,443.3,4547.70703125,86,734.4381453990936,100.4,40.3046875,3,2544.0629143714905,11.7,4.81640625,419,1771015108.4592915,7.8,201.64453125,147,25970.946497917175,5.4,108.41015625,37,25937.262240171432
2026-02-13T23:38:32,gaming_1,35.3,43.0,297791.3599095051,346139.64612952655,190370.1969087462,9419.358701214005,59.0,7863.015625,153.253,60.0,1980.0,618.5,4547.71875,86,736.4916157722473,97.8,40.3046875,3,2546.0921273231506,15.1,4.81640625,419,1771015110.5239153,10.0,25.4453125,14,25970.901934862137,9.1,107.9921875,37,25939.310940742493
2026-02-13T23:38:34,gaming_1,25.5,43.0,331350.3418780887,341259.43040689797,136464.83337515977,52773.509781800065,54.0,7863.015625,150.886,60.0,1980.0,465.6,4547.7265625,86,738.3984987735748,99.2,40.2890625,2,2548.0129685401917,13.0,4.81640625,419,1771015112.4435027,11.4,107.9921875,37,25941.225425720215,6.5,201.63671875,147,25974.929113149643
2026-02-13T23:38:36,gaming_1,28.0,42.9,296094.33190172486,346028.4401321307,207005.5486645224,10512.000518120278,59.0,7863.015625,145.758,60.0,1980.0,473.4,4547.73046875,86,740.3024880886078,99.5,40.2890625,2,2549.913744211197,7.4,42.05078125,33,25976.86505508423,7.4,25.41015625,13,25974.71383023262,5.8,4.81640625,419,1771015114.3425121
2026-02-13T23:38:38,gaming_1,32.8,43.0,301473.7768856417,344207.24958577,232000.7818713525,127134.35702994875,54.0,7863.015625,142.276,60.0,1980.0,589.8,4548.1484375,86,742.3106644153595,98.2,40.3046875,3,2551.9662432670593,15.0,4.81640625,419,1771015116.3286982,9.3,108.0078125,37,25945.1402053833,8.6,201.63671875,147,25978.823477506638
2026-02-13T23:38:40,gaming_1,26.9,43.0,315819.5993182933,342963.16605939233,130691.94893523144,72493.19042501118,60.0,7863.015625,145.98,60.0,1980.0,459.1,4548.15234375,86,744.2982461452484,98.5,40.3046875,3,2553.90296792984,11.8,108.015625,37,25947.12333369255,7.0,4.81640625,419,1771015118.3270912,4.7,330.42578125,95,25948.654956817627
2026-02-13T23:38:42,gaming_1,34.5,43.0,271005.6199295756,345391.91499054345,65472.00785822516,8695.501043670529,59.0,7863.015625,157.363,60.0,1980.0,632.2,4544.16015625,86,746.2888970375061,98.2,40.30078125,3,2555.908495426178,9.4,4.81640625,419,1771015120.3276842,9.4,25.4453125,14,25980.704075098038,7.9,108.02734375,37,25949.10958456993
2026-02-13T23:38:44,gaming_1,28.5,43.0,324092.81760943966,345075.06737508957,67924.26192998742,17777.052926988894,57.0,7863.015625,141.658,59.0,1980.0,512.8,4544.1640625,86,748.2134962081909,98.7,40.29296875,3,2557.824006795883,10.6,25.4453125,14,25982.623264551163,10.5,4.81640625,419,1771015122.2586787,7.3,108.0078125,37,25951.037477254868
2026-02-13T23:38:46,gaming_1,29.8,43.0,340539.61040688603,295384.1029571798,171440.98023474021,13125.950049222298,62.0,7863.015625,150.419,60.0,1980.0,550.2,4544.1640625,86,750.1384584903717,100.4,40.30078125,3,2559.738911628723,10.6,108.0078125,37,25952.96307682991,9.8,4.81640625,419,1771015124.1702237,4.1,42.05078125,33,25986.697982549667
2026-02-13T23:38:48,gaming_1,29.5,43.0,342260.7541406437,142822.03608412217,67599.42191430193,20332.63862266113,60.0,7863.015625,147.595,60.0,1980.0,503.7,4544.4765625,86,752.0776793956757,99.3,40.30078125,3,2561.721101284027,12.1,4.81640625,419,1771015126.1092544,11.1,25.41015625,13,25986.505376815796,8.9,108.01171875,37,25954.90149283409
2026-02-13T23:38:50,gaming_1,29.9,43.1,343314.5051632368,320123.02182510024,131482.94061578088,77811.19337222971,58.0,7863.015625,143.582,60.0,1980.0,485.5,4544.51171875,86,754.0802159309387,99.1,40.30078125,3,2563.6912541389465,14.9,4.81640625,419,1771015128.1025536,11.7,108.01171875,37,25956.902236700058,6.3,41.97265625,33,25990.639169692993
2026-02-13T23:38:51,gaming_1,26.3,43.1,338680.44103115133,344437.58692081855,203414.67141265047,29399.77672760964,52.0,7863.015625,139.79,59.0,1980.0,490.5,4544.51953125,86,756.0069026947021,100.3,40.30078125,3,2565.6390302181244,10.5,4.81640625,419,1771015130.0348752,5.6,25.4453125,13,25990.4376680851,4.9,108.0078125,37,25958.81693124771
2026-02-13T23:38:53,gaming_1,27.8,43.0,341265.22859682486,342702.99688153004,33460.7891713206,62738.97969622611,54.0,7863.015625,142.133,60.0,1980.0,445.1,4544.55078125,86,757.9594116210938,99.4,40.30078125,3,2567.5871212482452,10.3,42.05078125,33,25994.521485567093,8.7,108.0078125,37,25960.78569507599,7.2,4.81640625,419,1771015131.9938202
2026-02-13T23:38:55,gaming_1,25.0,43.0,341265.1376257783,335553.30292717513,33989.902733828894,22305.87366907521,40.0,7863.015625,140.475,58.0,1980.0,472.5,4544.55078125,86,759.8996818065643,99.7,40.30078125,3,2569.5152139663696,8.9,25.41015625,13,25994.308197021484,7.3,4.81640625,419,1771015133.9215624,6.4,108.0078125,37,25962.726480960846
2026-02-13T23:38:57,gaming_1,32.3,42.9,350534.2001440156,346252.08860976313,0.0,11262.97824210617,52.0,7863.015625,141.419,59.0,1980.0,636.7,4544.63671875,86,761.9140362739563,99.1,40.30078125,3,2571.522155046463,11.6,108.0078125,37,25964.740012168884,9.4,4.81640625,419,1771015135.928665,6.2,42.05078125,33,25998.47718000412
2026-02-13T23:38:59,gaming_1,25.8,43.0,337027.07913153333,342698.7115823213,67482.95284946286,64056.08415007608,49.0,7863.015625,142.12,59.0,1980.0,498.0,4544.9375,86,763.8679692745209,98.2,40.296875,3,2573.491502761841,11.2,108.01171875,37,25966.69244503975,8.0,4.81640625,419,1771015137.8699148,2.4,19.84375,4,9396.215082883835
2026-02-13T23:39:01,gaming_1,31.4,43.0,343310.2378498243,344026.62656289915,99892.02276611577,11966.231893857619,50.0,7863.015625,137.408,59.0,1980.0,516.9,4544.94140625,86,765.8227705955505,100.1,40.30078125,3,2575.428040742874,11.9,4.81640625,419,1771015139.8339243,7.3,25.41015625,13,26000.23615050316,5.6,107.953125,37,25968.63705086708
2026-02-13T23:39:03,gaming_1,29.0,43.0,343468.992652033,343137.1265661771,237140.5461348333,10321.965735779575,51.0,7863.015625,135.71,58.0,1980.0,491.7,4548.9609375,86,767.7393333911896,99.3,40.30078125,3,2577.3631279468536,14.6,107.953125,37,25970.5620367527,12.1,4.81640625,419,1771015141.7682962,4.9,201.625,147,26004.254502296448
2026-02-13T23:39:05,gaming_1,28.9,42.9,338102.1322506456,343743.6561304674,268913.8350671917,887363.133488321,51.0,7863.015625,135.979,58.0,1980.0,478.2,4544.98828125,86,769.6923127174377,99.7,40.30078125,3,2579.3073031902313,19.3,25.44921875,14,26004.111677885056,11.2,4.81640625,419,1771015143.7175145,6.4,42.05078125,33,26006.256701231003
2026-02-13T23:39:07,gaming_1,29.7,42.9,335270.7354848858,344685.0331566894,133863.1833845344,2476468.8926138864,60.0,7863.015625,136.275,59.0,1980.0,527.2,4544.98828125,86,771.6509957313538,100.6,40.30078125,3,2581.2479729652405,17.6,4.81640625,419,1771015145.6807914,9.6,107.92578125,37,25974.479995965958,4.8,42.05078125,33,26008.214272260666
2026-02-13T23:39:09,gaming_1,28.1,42.9,329782.29898411786,342031.2784501738,34790.201884694565,110621.97005523974,49.0,7863.015625,140.973,59.0,1980.0,504.2,4544.98828125,86,773.5384752750397,98.5,39.6484375,3,2583.1360754966736,8.3,4.81640625,419,1771015147.5602183,8.3,107.92578125,37,25976.357024669647,5.8,201.640625,147,26010.0524725914
2026-02-13T23:39:11,gaming_1,28.0,42.9,320158.70161413745,345567.4263446747,34623.57433235937,99001.78285659007,58.0,7863.015625,142.126,59.0,1980.0,580.5,4544.98828125,86,775.4092061519623,100.6,40.30078125,3,2585.0456252098083,8.3,107.9296875,37,25978.233723163605,6.6,201.61328125,147,26011.934321641922,5.7,330.43359375,95,25979.706557750702
2026-02-13T23:39:13,gaming_1,32.9,42.9,363125.20752589253,354751.46831732325,0.0,9555.176195898548,52.0,7863.015625,142.337,58.0,1980.0,517.6,4545.13671875,86,777.3499562740326,99.2,40.30078125,3,2586.9840757846832,14.5,107.96484375,37,25980.173295497894,12.1,4.81640625,419,1771015151.381046,9.7,201.6171875,147,26013.867650270462
2026-02-13T23:39:15,gaming_1,25.1,42.9,340377.6453965133,344067.0210419083,203552.9021719732,56454.12521175819,50.0,7863.015625,136.593,58.0,1980.0,473.6,4545.13671875,86,779.2710335254669,98.5,40.296875,3,2588.856390953064,12.1,107.9765625,37,25982.103056430817,9.7,4.81640625,419,1771015153.313119,9.7,201.6171875,147,26015.797252893448
2026-02-13T23:39:17,gaming_1,29.7,42.9,322639.62844886817,343413.3944935793,34858.39644372662,7080.61177763197,54.0,7863.015625,140.729,58.0,1980.0,461.0,4545.140625,86,781.147824048996,100.6,40.296875,3,2590.735767364502,10.9,107.98046875,37,25983.97195315361,10.8,25.41015625,13,26015.546645641327,9.1,4.81640625,419,1771015155.1919425
2026-02-13T23:39:18,gaming_1,26.3,42.9,266152.0867836419,346127.71786825836,105445.67977228962,8237.943732210126,54.0,7863.015625,142.393,59.0,1980.0,477.0,4545.14453125,86,783.0215907096863,99.9,40.30078125,3,2592.613814353943,10.0,107.98046875,37,25985.846268177032,7.5,4.81640625,419,1771015157.0554976,6.7,330.46875,95,25987.259081363678
2026-02-13T23:39:20,gaming_1,27.9,42.9,324267.8786688127,343931.8774151439,280167.36166956066,45417.75589565144,50.0,7863.015625,148.763,59.0,1980.0,422.7,4545.14453125,86,784.8807060718536,98.7,39.6484375,3,2594.4818391799927,14.2,107.98046875,37,25987.711627721786,13.5,25.41015625,14,26019.278701782227,10.1,42.05078125,33,26021.44815802574
2026-02-13T23:39:22,gaming_1,26.0,42.9,270441.86068675655,341334.75276237784,34748.15322474622,8415.568359118224,56.0,7863.015625,150.268,59.0,1980.0,514.5,4545.1640625,86,786.8124732971191,100.2,40.29296875,3,2596.398799419403,11.3,107.984375,37,25989.639640808105,6.6,4.81640625,419,1771015160.8119426,6.6,201.66015625,147,26023.31898164749
2026-02-13T23:39:24,gaming_1,29.6,42.9,314900.9403321087,341726.3268847486,34521.23734661681,68772.77752646318,57.0,7863.015625,150.246,59.0,1980.0,528.7,4545.17578125,86,788.737078666687,100.2,40.296875,3,2598.3486800193787,20.3,25.44921875,14,26023.14174246788,11.5,4.81640625,419,1771015162.7132905,10.7,107.984375,37,25991.54221892357
2026-02-13T23:39:26,gaming_1,34.3,42.9,344778.39482713287,347688.47340491234,201707.99542396452,30728.952427869594,58.0,7863.015625,154.146,60.0,1980.0,514.0,4545.17578125,86,790.615472316742,99.7,40.30078125,3,2600.197653055191,15.5,107.9921875,37,25993.451296806335,15.2,4.81640625,419,1771015164.66224,7.5,42.05078125,33,26027.184472084045
2026-02-13T23:39:28,gaming_1,28.3,42.9,341560.07725258847,340096.71471422864,212881.08171797765,9424.422888556302,66.0,7863.015625,168.173,61.0,1980.0,610.9,4545.19140625,86,792.5315721035004,100.0,40.296875,3,2602.118721961975,17.3,108.0,37,25995.351065158844,8.5,4.81640625,419,1771015166.5065072,6.5,330.4375,95,25996.77624630928
2026-02-13T23:39:30,gaming_1,33.8,42.9,346867.02972372447,344373.622997649,169827.37809195314,24678.04087898694,60.0,7863.015625,157.102,60.0,1980.0,515.2,4545.19140625,86,794.3879563808441,100.1,40.30078125,3,2603.991045475006,15.1,25.41015625,13,26028.79287672043,10.5,4.81640625,419,1771015168.439484,9.2,108.01171875,37,25997.219532489777
2026-02-13T23:39:32,gaming_1,28.6,42.9,347452.9233777704,349336.9645566766,6983111.1600619415,7056.93758401782,53.0,7863.015625,150.37,60.0,1980.0,518.2,4545.19140625,86,796.2900743484497,99.4,40.296875,3,2605.8627071380615,12.4,108.01953125,37,25999.114065885544,8.3,4.81640625,419,1771015170.3293624,5.9,330.4375,95,26000.512823820114
2026-02-13T23:39:34,gaming_1,26.6,42.9,342674.1386238491,343050.3026100101,0.0,7956.243399598924,54.0,7863.015625,151.405,60.0,1980.0,520.6,4545.19140625,86,798.1476485729218,99.7,40.29296875,3,2607.7265503406525,12.6,108.03515625,37,26000.977675676346,10.1,25.44921875,14,26032.543215036392,5.0,330.4375,95,26002.376847743988
2026-02-13T23:39:35,gaming_1,32.6,42.9,344160.1499651217,342789.7763965104,0.0,74030.38566557686,58.0,7863.015625,151.439,60.0,1980.0,545.4,4545.19140625,86,800.0043151378632,100.4,40.296875,3,2609.6089079380035,14.9,330.4375,95,26004.25968670845,10.1,108.03515625,37,26002.83307313919,8.4,4.81640625,419,1771015174.0466287
2026-02-13T23:39:37,gaming_1,28.1,42.9,357459.44528227934,349558.6280259439,69731.05645561962,12257.412267589385,55.0,7863.015625,150.26,60.0,1980.0,502.9,4545.1953125,86,801.8868210315704,100.1,40.29296875,3,2611.4677197933197,11.6,108.03515625,37,26004.71302962303,8.3,4.81640625,419,1771015175.9247968,7.6,330.4375,95,26006.117616415024
2026-02-13T23:39:39,gaming_1,28.4,42.9,346467.458613029,347280.6584988898,0.0,47583.810464086426,55.0,7863.015625,150.483,59.0,1980.0,462.7,4545.1953125,86,803.7137289047241,100.0,40.30078125,3,2613.2944588661194,11.9,108.03125,37,26006.547578811646,11.1,330.15625,95,26007.947587251663,9.3,4.81640625,419,1771015177.7742996
2026-02-13T23:39:41,gaming_1,25.7,42.9,342370.53203682275,343886.0414837139,0.0,10881.586708206769,59.0,7863.015625,150.961,60.0,1980.0,486.7,4545.15625,85,805.5601990222931,99.5,40.30078125,3,2615.1478123664856,11.9,330.15625,95,26009.785274028778,9.3,107.953125,37,26008.394454956055,8.5,4.81640625,419,1771015179.6114986
2026-02-13T23:39:43,gaming_1,29.3,42.9,340819.74482509645,341651.52859018894,35466.35057195861,41562.129576513995,57.0,7863.015625,153.372,60.0,1980.0,506.1,4545.15625,85,807.4063467979431,97.3,39.6484375,3,2616.97886800766,11.0,330.14453125,95,26011.625971078873,9.4,25.41015625,14,26041.79853630066,9.3,107.9921875,37,26010.23322582245
2026-02-13T23:39:45,gaming_1,28.9,42.9,358190.5062334648,346484.9376881681,35634.343189546904,72382.25960376715,56.0,7863.015625,151.716,60.0,1980.0,467.7,4545.15625,85,809.253381729126,100.6,40.296875,3,2618.8262033462524,17.0,4.81640625,419,1771015183.2986684,15.2,107.99609375,37,26012.083060741425,12.7,330.14453125,95,26013.474103927612
2026-02-13T23:39:46,gaming_1,27.2,42.9,343397.13513670786,341836.1700379237,71090.62454059908,15273.376366144332,54.0,7863.015625,147.295,59.0,1980.0,507.7,4545.15625,85,811.1121752262115,98.5,40.296875,3,2620.6822731494904,9.2,330.14453125,95,26015.337642669678,7.6,4.81640625,419,1771015185.1407847,6.7,108.03125,37,26013.943867206573
2026-02-13T23:39:48,gaming_1,27.9,42.9,343014.3045453121,346994.94418522035,35026.20830303813,7661.983066289592,51.0,7863.015625,148.222,59.0,1980.0,489.1,4545.15625,85,812.978830575943,99.2,40.296875,3,2622.5411455631256,13.4,4.81640625,419,1771015187.0125518,12.7,330.14453125,95,26017.187951803207,10.1,25.41015625,13,26047.36131978035
2026-02-13T23:39:50,gaming_1,30.4,42.9,341976.26521685405,342708.4579862894,70983.70612088058,22459.688264809873,60.0,7863.015625,150.615,60.0,1980.0,543.4,4545.15625,85,814.8096129894257,100.2,40.30078125,3,2624.3976266384125,16.1,4.81640625,419,1771015188.8581965,14.2,330.14453125,95,26019.05241060257,7.7,108.03125,37,26017.635451316833
2026-02-13T23:39:52,gaming_1,33.9,42.9,341477.5265766174,341477.5265766174,69943.55896138317,10109.030006137411,65.0,7863.015625,131.469,60.0,1980.0,496.5,4545.15625,85,816.6892886161804,100.3,40.30078125,3,2626.236080646515,17.5,25.41015625,13,26051.08292579651,16.6,201.65625,147,26053.221364974976,14.2,4.81640625,419,1771015190.7338123
2026-02-13T23:39:54,gaming_1,23.0,42.9,338877.0982923333,347046.17503223027,2572856.7716101888,24008.863103133273,55.0,7863.015625,148.846,59.0,1980.0,437.1,4546.015625,85,818.5160140991211,98.7,40.3046875,3,2628.104740858078,12.8,4.81640625,419,1771015192.5674634,11.1,108.05078125,37,26021.34699654579,7.5,330.47265625,95,26022.76082634926
2026-02-13T23:39:56,gaming_1,30.8,42.9,344720.01970970386,343503.64323202986,1618965.406922237,82213.08707026986,59.0,7863.015625,154.131,60.0,1980.0,456.7,4546.0234375,85,820.3863606452942,99.5,40.3046875,3,2630.035778284073,13.4,4.81640625,419,1771015194.4279385,11.8,201.64453125,147,26056.913125753403,10.6,330.4296875,95,26024.678975105286
2026-02-13T23:39:58,gaming_1,31.5,42.9,342635.8547511214,344867.181836908,34150.4558370168,8537.6139592542,55.0,7863.015625,152.424,60.0,1980.0,516.3,4546.02734375,85,822.3023607730865,99.1,40.3046875,3,2631.9288969039917,14.7,4.81640625,419,1771015196.3477063,7.4,108.05078125,37,26025.127789735794,6.4,25.44921875,14,26056.736503601074
2026-02-13T23:40:00,gaming_1,25.2,42.9,338711.91281740257,346071.4600611506,0.0,57528.063951129596,48.0,7863.015625,145.993,59.0,1980.0,471.6,4546.02734375,85,824.1875977516174,100.2,40.42578125,3,2633.7686247825623,9.9,108.05078125,37,26027.02245259285,7.4,4.81640625,419,1771015198.2515745,6.8,25.41015625,14,26058.57788014412
2026-02-13T23:40:02,gaming_1,29.2,43.0,343583.8135094239,343062.93772080215,0.0,6484.824407887238,50.0,7863.015625,142.676,59.0,1980.0,527.9,4546.0390625,85,826.118798494339,98.3,40.421875,3,2635.723976135254,12.4,4.81640625,419,1771015200.146549,12.3,108.05078125,37,26028.935933351517,4.9,42.05078125,33,26062.670382022858
2026-02-13T23:40:03,gaming_1,24.9,43.0,342233.3869661788,343262.6650534,0.0,20455.19352908605,54.0,7863.015625,154.272,60.0,1980.0,414.9,4546.04296875,85,828.0047860145569,100.2,40.421875,3,2637.59467959404,14.9,25.4453125,14,26062.409546375275,8.3,108.05078125,37,26030.828571796417,8.2,201.640625,147,26064.525202035904
2026-02-13T23:40:05,gaming_1,28.6,43.0,342999.6187784893,341883.0842590571,0.0,558492.3890958928,48.0,7863.015625,136.876,58.0,1980.0,443.4,4546.05859375,85,829.8700110912323,98.5,40.421875,3,2639.529986858368,23.5,4.81640625,419,1771015203.9135704,7.5,42.05078125,33,26066.434616804123,5.6,330.421875,95,26034.179357767105
2026-02-13T23:40:07,gaming_1,29.3,42.9,345988.99588918465,185382.9494715884,0.0,13796.09467550948,48.0,7863.015625,134.816,58.0,1980.0,539.6,4546.11328125,85,831.7972729206085,99.3,40.4140625,3,2641.370579481125,10.5,108.0546875,37,26034.627559423447,8.5,25.41015625,13,26066.18195772171,6.5,4.81640625,419,1771015205.845563
2026-02-13T23:40:09,gaming_1,28.8,43.0,348804.190962564,156747.81595675836,0.0,37402.72186161149,48.0,7863.015625,134.159,58.0,1980.0,460.9,4546.11328125,85,833.6356558799744,100.0,40.4140625,3,2643.215189218521,16.1,4.81640625,419,1771015207.690441,8.5,108.0546875,37,26036.468168973923,8.5,42.05078125,33,26070.20205807686
2026-02-13T23:40:11,gaming_1,26.5,42.9,341397.70960339374,178270.21772227506,0.0,55114.67256213207,50.0,7863.015625,139.771,58.0,1980.0,477.3,4546.11328125,85,835.4848511219025,100.4,40.4140625,3,2645.0837836265564,12.7,108.06640625,37,26038.31259250641,10.2,4.81640625,419,1771015209.5318232,7.6,201.609375,147,26072.016355991364
2026-02-13T23:40:13,gaming_1,28.2,42.9,346230.32179471944,243451.17335540545,69715.82922383104,12799.39052156273,52.0,7863.015625,136.502,58.0,1980.0,442.5,4546.390625,85,837.3521070480347,98.9,40.4140625,3,2646.9628686904907,12.5,4.81640625,419,1771015211.4115977,10.0,108.12890625,37,26040.185584783554,8.3,25.44921875,14,26071.77360701561
2026-02-13T23:40:15,gaming_1,24.5,42.9,343177.55966513895,108061.118053754,8842.94905022504,98377.80818375356,50.0,7863.015625,141.109,59.0,1980.0,423.4,4546.3984375,85,839.2119212150574,100.2,40.4140625,3,2648.8034698963165,5.1,201.66015625,147,26075.74796319008,5.1,108.0703125,37,26042.037762403488,3.4,4.81640625,419,1771015213.2644708
2026-02-13T23:40:16,gaming_1,28.9,43.0,342563.50471549074,164133.4784647105,0.0,59691.40831748747,53.0,7863.015625,141.476,58.0,1980.0,504.1,4546.3984375,85,841.0528199672699,100.5,40.4140625,3,2650.6231405735016,21.3,25.41015625,13,26075.44654083252,16.9,42.05078125,33,26077.620232105255,10.2,108.0859375,37,26043.885237693787
2026-02-13T23:40:18,gaming_1,26.4,42.9,343105.6360509674,124116.07294190327,0.0,9858.472078325362,54.0,7863.015625,144.936,59.0,1980.0,433.7,4546.3984375,85,842.8760826587677,99.6,40.29296875,3,2652.4592089653015,17.2,4.81640625,419,1771015216.9273317,9.5,108.1171875,37,26045.701382637024,5.1,330.46484375,95,26047.115577697754
2026-02-13T23:40:20,gaming_1,27.1,42.9,343095.9023010312,245587.92911690677,0.0,20315.65797997298,56.0,7863.015625,155.395,59.0,1980.0,464.5,4546.3984375,85,844.7359652519226,99.0,40.2890625,3,2654.320723295212,11.8,25.44921875,14,26079.126933813095,10.0,108.15625,37,26047.567914247513,5.9,4.81640625,419,1771015218.7932928
2026-02-13T23:40:22,gaming_1,27.5,42.9,341247.62307355815,165905.9240798727,70960.23234283492,9701.594265621961,46.0,7863.015625,134.364,59.0,1980.0,502.0,4546.3984375,85,846.5858745574951,99.0,40.296875,3,2656.245518684387,10.2,4.81640625,419,1771015220.6396563,9.3,108.15625,37,26049.421788454056,5.1,42.05078125,33,26083.153439760208
2026-02-13T23:40:24,gaming_1,29.4,42.9,343615.7367478818,157011.7636480284,135863.8834709216,15125.471402036195,31.0,7863.015625,146.294,58.0,1980.0,509.9,4546.41796875,85,848.5367407798767,100.4,40.296875,3,2658.113343000412,17.5,25.41015625,13,26082.92509675026,8.9,108.15234375,37,26051.357120513916,5.6,41.97265625,33,26085.096425533295
2026-02-13T23:40:26,gaming_1,29.4,43.0,342301.94117636915,230105.9709466279,67716.94430480346,88878.48940005455,55.0,7863.015625,150.385,60.0,1980.0,537.1,4546.42578125,85,850.4635143280029,100.3,40.296875,3,2660.1082665920258,13.7,4.81640625,419,1771015224.5031476,13.0,108.15234375,37,26053.285660982132,7.9,25.41015625,13,26084.91422176361
2026-02-13T23:40:28,gaming_1,30.4,43.0,345187.04968061676,166390.3141191613,0.0,8028.7606215984215,60.0,7863.015625,161.288,60.0,1980.0,537.5,4546.4375,85,852.363968372345,99.1,40.296875,3,2661.938006877899,9.0,201.6484375,147,26088.89967274666,8.2,4.81640625,404,1771015226.4172473,8.2,42.05078125,33,26088.928308725357
2026-02-13T23:40:30,gaming_1,25.7,43.0,341826.7180766311,181488.6813878021,71658.62698022074,24352.73651280939,58.0,7863.015625,152.146,59.0,1980.0,444.8,4546.4375,85,854.1872401237488,97.7,40.296875,3,2663.824656009674,11.1,108.15234375,37,26057.018393278122,9.3,25.4453125,14,26088.60298037529,8.5,4.81640625,404,1771015228.2456093
2026-02-13T23:40:31,gaming_1,28.7,43.0,344423.3160113122,344370.6255504837,0.0,99277.25867457796,57.0,7863.015625,155.525,60.0,1980.0,524.9,4546.46875,85,856.1046619415283,99.9,40.30078125,3,2665.685776948929,12.4,4.81640625,404,1771015230.1474855,11.4,108.15234375,37,26058.936343193054,7.4,201.64453125,147,26092.63960504532
2026-02-13T23:40:33,gaming_1,26.3,43.0,334184.9635896693,283281.60093441705,105589.75675680867,15123.532868813742,58.0,7863.015625,156.324,60.0,1980.0,454.6,4546.46875,85,857.977413892746,98.9,40.30078125,3,2667.549516916275,9.2,108.15625,37,26060.807483911514,9.2,25.4453125,14,26092.364768505096,5.9,201.6484375,147,26094.48852109909
2026-02-13T23:40:35,gaming_1,28.0,43.0,346103.4530997919,346160.73889041145,106253.25209556836,76092.82376635754,58.0,7863.015625,155.977,59.0,1980.0,499.8,4546.46875,85,859.8154981136322,98.7,39.65234375,3,2669.4024860858917,10.1,4.81640625,404,1771015233.857018,8.5,108.16015625,37,26062.634821653366,4.2,19.84375,4,9492.105654478073
2026-02-13T23:40:37,gaming_1,25.2,43.0,342837.0310376355,343461.346419385,140481.1428612314,15913.879464748868,56.0,7863.015625,157.675,60.0,1980.0,524.2,4546.48046875,85,861.7211155891418,99.8,39.6484375,3,2671.3135957717896,13.2,108.1484375,37,26064.5380358696,11.5,25.41015625,13,26096.12701702118,4.9,19.84375,4,9494.017720222473
2026-02-13T23:40:39,gaming_1,32.5,43.0,344636.51924040314,344924.8262171717,479207.9790090882,22730.28918290876,56.0,7863.015625,165.575,60.0,1980.0,454.9,4564.7578125,85,863.5897309780121,99.9,40.30078125,3,2673.205839395523,18.0,4.81640625,404,1771015237.636491,10.0,108.1484375,37,26066.418061733246,9.2,42.05078125,33,26100.15370106697
2026-02-13T23:40:41,gaming_1,27.6,43.0,348149.6982931899,346022.4330719955,69411.22904465908,20064.183395721764,58.0,7863.015625,149.572,60.0,1980.0,500.8,4546.48046875,85,865.479914188385,98.5,39.65234375,3,2675.157854318619,9.9,4.81640625,404,1771015239.5259778,8.0,25.41015625,14,26099.981620311737,7.4,108.1484375,37,26068.309785842896
2026-02-13T23:40:43,gaming_1,30.6,43.0,341523.3499532766,341851.9229427069,1302017.0821348038,56076.456862777006,56.0,7863.015625,158.427,61.0,1980.0,577.2,4546.96484375,85,867.4341244697571,100.0,40.30078125,3,2677.017723083496,18.3,4.81640625,404,1771015241.4923093,8.8,108.171875,37,26070.264271736145,5.0,330.4296875,95,26071.6653945446
2026-02-13T23:40:45,gaming_1,28.1,42.9,355983.2918310457,346740.91320217523,391307.55764598696,35295.49703198888,58.0,7863.015625,160.856,61.0,1980.0,436.4,4546.96875,85,869.2711346149445,100.2,40.30078125,3,2678.8566851615906,15.3,4.81640625,404,1771015243.3301427,12.7,25.41015625,13,26103.673039913177,11.0,108.171875,37,26072.106616020203
2026-02-13T23:40:47,gaming_1,27.1,42.9,341490.55034394626,345903.5711674857,70325.04138394636,93949.85997386584,57.0,7863.015625,152.94,60.0,1980.0,433.2,4546.96875,85,871.1503658294678,98.8,40.28515625,2,2680.7238459587097,13.4,108.2734375,37,26073.976233243942,10.1,4.81640625,404,1771015245.1946466,7.5,201.6328125,147,26107.67869400978
2026-02-13T23:40:48,gaming_1,28.9,42.9,344783.037991257,341088.8237232183,102906.21689013058,49577.21386633895,56.0,7863.015625,163.259,60.0,1980.0,521.2,4547.03515625,85,873.0607857704163,98.1,39.62890625,2,2682.634528160095,11.4,4.81640625,404,1771015247.1081095,10.6,108.28125,37,26075.88785123825,10.6,25.41015625,13,26107.45186829567
2026-02-13T23:40:50,gaming_1,28.5,42.9,335380.24301099195,345290.3621474849,35771.62192824409,46111.85639187715,56.0,7863.015625,158.438,60.0,1980.0,505.9,4547.03515625,85,874.8947458267212,99.6,40.28515625,2,2684.501450061798,11.9,108.26953125,37,26077.73103785515,9.4,4.81640625,404,1771015248.936981,8.5,42.05078125,33,26111.464010715485
2026-02-13T23:40:52,gaming_1,27.3,42.9,333800.9411831058,338112.7695447966,0.0,7092.432861834646,53.0,7863.015625,146.579,60.0,1980.0,472.9,4547.03515625,85,876.7627098560333,99.0,40.2890625,2,2686.4576642513275,11.0,108.2734375,37,26079.58526778221,9.9,25.44921875,14,26111.191700696945,9.2,201.66015625,147,26113.28958916664
2026-02-13T23:40:54,gaming_1,31.0,42.9,345079.76513052307,347042.0544742705,0.0,18219.80572018383,59.0,7863.015625,158.101,60.0,1980.0,543.9,4547.09375,85,878.733193397522,100.4,40.28125,2,2688.3104071617126,16.7,4.81640625,404,1771015252.7809381,12.7,201.6640625,147,26115.263974666595,11.9,108.1796875,37,26081.557228565216
2026-02-13T23:40:56,gaming_1,26.9,42.9,341865.7821710645,275396.7972939689,0.0,60330.86983793369,61.0,7863.015625,163.073,61.0,1980.0,479.3,4547.10546875,85,880.5844917297363,99.7,40.28515625,2,2690.159290790558,13.5,108.1796875,37,26083.415692090988,7.6,4.81640625,404,1771015254.640822,7.6,230.32421875,277,26112.008258104324
2026-02-13T23:40:58,gaming_1,29.6,42.9,345167.8148644866,343973.05666934344,0.0,16961.221795777812,73.0,7863.015625,179.312,63.0,1980.0,480.0,4566.5703125,85,882.4462478160858,99.1,40.28515625,2,2692.0865013599396,10.2,4.81640625,404,1771015256.4824188,10.1,108.1796875,37,26085.266105890274,10.1,42.05078125,33,26119.00532388687
2026-02-13T23:41:00,gaming_1,28.3,42.9,333803.66302806564,343235.04390311905,1146869.090751749,36630.239801124335,81.0,7863.015625,191.543,64.0,1980.0,510.8,4547.10546875,85,884.3856582641602,99.5,40.28515625,2,2693.953864097595,15.3,107.9765625,37,26087.210889339447,10.9,330.66015625,95,26088.61284184456,7.2,4.81640625,404,1771015258.4233038
2026-02-13T23:41:02,gaming_1,27.0,43.0,344657.7816862556,345523.4958951874,69231.78327828641,12169.649404386282,55.0,7863.015625,169.382,62.0,1980.0,469.9,4547.10546875,85,886.2850766181946,99.1,40.28515625,2,2695.8930604457855,22.9,25.41015625,13,26120.699710845947,9.1,4.81640625,404,1771015260.3183486,7.4,108.03125,37,26089.104200601578
2026-02-13T23:41:04,gaming_1,29.6,43.0,348961.86312355794,346941.4000795608,68342.22763943035,62469.0674516668,56.0,7863.015625,159.256,61.0,1980.0,467.1,4547.17578125,85,888.1944768428802,98.8,39.6328125,2,2697.77588391304,14.7,4.81640625,404,1771015262.2352927,14.6,108.05078125,37,26091.02767252922,12.2,201.63671875,147,26124.719794988632
2026-02-13T23:41:05,gaming_1,28.4,43.0,350217.99560453126,197074.6060490678,0.0,94747.96216504954,56.0,7863.015625,155.501,61.0,1980.0,521.7,4547.17578125,85,890.0419707298279,99.2,40.28515625,2,2699.602336883545,16.1,108.0703125,37,26092.874718427658,9.2,201.640625,147,26126.584978103638,8.5,25.44921875,14,26124.431190490723
2026-02-13T23:41:08,gaming_1,30.1,43.0,341388.4645908128,209666.4716166302,4016651.1672484735,640858.9502800936,49.0,7863.015625,143.474,59.0,1980.0,627.1,4547.2421875,85,891.9457783699036,97.9,40.30859375,3,2701.773672580719,18.1,108.0703125,37,26094.77007818222,13.8,4.81640625,404,1771015265.9199328,10.8,162.39453125,23,26020.30785036087
2026-02-13T23:41:10,gaming_1,34.9,43.4,346572.9898809101,345996.6158657658,7649108.104843118,765696.9033095742,54.0,7863.015625,149.912,60.0,1980.0,476.0,4547.32421875,86,894.4347152709961,100.3,40.31640625,3,2704.09526014328,55.9,309.515625,245,26127.03581094742,14.9,4.81640625,405,1771015268.3332398,13.6,108.06640625,37,26097.174568414688
2026-02-13T23:41:12,gaming_1,32.5,43.4,346584.88886886864,347227.08448325674,381357.01095428446,514134.360499953,53.0,7863.015625,152.034,60.0,1980.0,528.5,4547.328125,86,896.5066690444946,99.9,40.31640625,3,2706.1288781166077,12.3,108.06640625,37,26099.328571796417,10.2,330.4375,96,26100.80423116684,9.9,4.81640625,405,1771015270.5331256
2026-02-13T23:41:14,gaming_1,29.5,43.3,345629.97945641715,346314.58354227303,0.0,163216.01972031232,59.0,7863.015625,151.037,60.0,1980.0,451.4,4547.328125,86,898.5041582584381,100.4,39.6484375,3,2708.12282371521,14.8,108.05859375,37,26101.330060243607,12.4,330.4375,96,26102.815059423447,10.2,25.41015625,13,26132.913594722748
2026-02-13T23:41:16,gaming_1,28.4,43.3,342117.1304388359,345133.04589650244,130743.20187440605,219863.07971457735,50.0,7863.015625,147.594,59.0,1980.0,493.7,4547.87890625,86,900.4694428443909,99.7,39.6484375,3,2710.0962154865265,14.2,108.05859375,37,26103.30993771553,8.6,4.81640625,405,1771015274.5352423,4.8,330.4375,96,26104.764333486557
2026-02-13T23:41:18,gaming_1,28.8,43.3,349092.983976801,345362.70299984264,673093.8714370632,145924.64790920707,52.0,7863.015625,140.522,59.0,1980.0,504.8,4547.87890625,86,902.4629235267639,99.3,39.6484375,3,2712.2576656341553,12.0,4.81640625,405,1771015276.4811537,11.1,108.05859375,37,26105.27408027649,10.8,25.44921875,14,26136.92883324623
2026-02-13T23:41:20,gaming_1,30.6,43.3,341015.96993469336,344573.48750177893,60369.101832346205,664295.9369598409,48.0,7863.015625,140.558,59.0,1980.0,462.9,4547.87890625,86,904.6296272277832,98.1,40.31640625,3,2714.273682117462,28.2,19.15625,18,26141.246387004852,17.2,330.4375,96,26109.030699968338,13.7,12.921875,10,26141.22188258171
2026-02-13T23:41:23,gaming_1,31.4,43.3,344195.6547318152,344087.8506093261,655909.0289899632,1427039.104096326,52.0,7863.015625,143.585,59.0,1980.0,446.7,4547.8828125,86,906.998467206955,100.0,40.3203125,3,2716.7414014339447,58.5,310.90625,246,26139.642594099045,26.1,19.265625,18,26143.64906525612,19.7,4.81640625,406,1771015280.8818736
2026-02-13T23:41:25,gaming_1,30.8,43.4,343545.44030384126,343474.054283825,260107.88348506496,361684.4966046636,49.0,7863.015625,148.299,59.0,1980.0,443.9,4547.8984375,87,909.1675279140472,98.3,40.32421875,3,2718.8405318260193,17.3,330.4375,96,26113.520805835724,11.6,4.81640625,406,1771015283.1641576,11.1,108.05859375,37,26111.96867251396
2026-02-13T23:41:27,gaming_1,26.2,43.3,345061.96708393376,344576.28256000136,62350.2859166172,122995.68120270189,35.0,7863.015625,140.298,57.0,1980.0,426.2,4548.265625,87,911.2445013523102,98.6,40.3203125,3,2720.8850910663605,12.3,330.4375,96,26115.56271004677,11.1,4.81640625,406,1771015285.2654946,10.5,108.03515625,37,26114.061089515686
2026-02-13T23:41:29,gaming_1,34.9,43.3,341722.0003212947,348038.14989546756,0.0,89183.71358108599,57.0,7863.015625,151.86,60.0,1980.0,627.2,4548.42578125,87,913.3874793052673,94.5,39.640625,3,2723.0503582954407,13.2,4.81640625,405,1771015287.4021957,12.9,330.4375,96,26117.743981838226,7.3,108.03515625,37,26116.209371566772
2026-02-13T23:41:31,gaming_1,26.5,43.3,340883.4668886207,345361.6751117043,63209.962116735805,111111.26153332466,53.0,7863.015625,149.645,60.0,1980.0,437.9,4549.19140625,87,915.4636178016663,100.1,40.3203125,3,2725.1263818740845,12.8,201.73828125,150,26151.960062980652,12.1,108.04296875,37,26118.279255628586,8.3,4.81640625,405,1771015289.4754617
2026-02-13T23:41:33,gaming_1,26.9,43.3,344325.73508263106,343611.7326454996,63577.26048892276,55878.45160159226,52.0,7863.015625,149.331,60.0,1980.0,462.4,4549.484375,87,917.5055074691772,99.0,40.3203125,3,2727.1777799129486,11.4,4.81640625,405,1771015291.535684,10.6,330.7109375,96,26121.883650779724,9.1,201.73828125,150,26154.019067764282
2026-02-13T23:41:35,gaming_1,30.1,43.3,347565.2386770699,352895.8707372753,45562.34668189344,34419.3814607782,54.0,7848.015625,147.703,58.0,1980.0,455.0,4549.5625,88,919.5800049304962,99.2,39.6484375,3,2729.2759745121,12.8,4.81640625,405,1771015293.60357,10.6,201.734375,150,26156.087094783783,9.9,25.44921875,14,26154.009554624557
2026-02-13T23:41:37,gaming_1,29.7,43.4,337939.7342978095,344772.4956696038,30618.24610337858,97356.45440683658,57.0,7863.015625,157.611,60.0,1980.0,605.3,4549.8203125,88,921.719865322113,99.7,40.3203125,3,2731.388204574585,9.5,4.81640625,405,1771015295.7447746,6.6,201.74609375,150,26158.23166322708,6.6,108.09765625,37,26124.53490114212
2026-02-13T23:41:39,gaming_1,29.0,43.4,334562.9639501144,344135.22819844633,31998.36316137109,37498.081829731746,60.0,7863.015625,155.037,60.0,1980.0,460.5,4550.0859375,88,923.7757136821747,99.7,40.3203125,3,2733.4722390174866,9.2,25.41015625,13,26158.20688676834,6.9,4.81640625,405,1771015297.7952194,5.3,108.1015625,37,26126.5919713974
2026-02-13T23:41:41,gaming_1,27.5,43.3,343001.2703360193,343564.9247341493,0.0,138011.0922560567,57.0,7863.015625,156.719,60.0,1980.0,523.9,4550.09765625,88,925.8506045341492,99.1,40.3203125,3,2735.4897561073303,10.6,108.09375,37,26128.66666316986,6.0,25.44140625,14,26160.27613568306,5.3,4.81640625,405,1771015299.8705971
2026-02-13T23:41:43,gaming_1,28.7,43.3,345910.900151107,347323.14691544574,128993.73372502276,17887.80291889964,58.0,7863.015625,158.049,60.0,1980.0,466.7,4550.2265625,88,927.9035334587097,97.5,40.3203125,3,2737.5718681812286,11.4,201.76171875,150,26164.406566619873,9.1,108.09375,37,26130.722939491272,7.7,4.81640625,405,1771015301.9048407
2026-02-13T23:41:46,gaming_1,25.3,43.3,348108.5471051518,348773.0459582327,0.0,63156.69326806875,54.0,7863.015625,147.691,59.0,1980.0,550.5,4554.8125,88,930.0861766338348,97.4,40.3203125,3,2739.7701272964478,9.9,25.41015625,13,26164.546865940094,5.9,4.81640625,405,1771015304.018904,5.9,108.08984375,37,26132.832172870636
2026-02-13T23:41:48,gaming_1,33.6,43.3,341828.4841752941,344490.0844208054,181478.03054256435,61910.47396113523,55.0,7863.015625,146.572,60.0,1980.0,442.7,4550.52734375,88,932.1788301467896,95.9,40.3203125,3,2741.8876237869263,10.1,4.81640625,405,1771015306.1852837,10.1,108.09375,37,26134.991539478302,8.7,42.21875,37,26168.733565092087
2026-02-13T23:41:50,gaming_1,29.9,43.3,342306.2201687949,346130.6831390745,0.0,7746.322327242001,47.0,7863.015625,156.251,59.0,1980.0,570.8,4550.54296875,88,934.335515499115,97.8,40.3203125,3,2743.9802577495575,13.3,4.81640625,405,1771015308.2983131,8.7,108.09765625,37,26137.14611339569,8.2,330.71875,96,26138.673169136047
2026-02-13T23:41:52,gaming_1,29.5,43.4,343065.55649468413,353689.8508930659,107634.74015826258,646048.6970660002,56.0,7863.015625,155.435,60.0,1980.0,453.0,4550.609375,88,936.40167760849,99.7,40.3203125,3,2746.048623085022,14.7,4.8203125,405,1771015310.4311833,11.3,108.11328125,37,26139.2290122509,8.8,201.734375,150,26172.91676044464
2026-02-13T23:41:54,gaming_1,24.8,43.3,346070.8440635961,341277.8702840956,0.0,12178.672829301628,57.0,7863.015625,160.458,61.0,1980.0,432.9,4550.93359375,88,938.423898935318,98.3,40.3203125,3,2748.0829739570618,14.8,108.125,37,26141.24148607254,9.2,25.41015625,13,26172.86712884903,6.2,4.8203125,405,1771015312.4484036
2026-02-13T23:41:56,gaming_1,26.4,43.3,341287.5366769988,346621.8830702924,32081.46510332136,23810.46238137132,46.0,7863.015625,154.156,59.0,1980.0,461.3,4550.9375,88,940.4690222740173,99.0,40.31640625,3,2750.135498046875,12.2,4.8203125,405,1771015314.4922085,9.2,108.140625,37,26143.289341926575,7.6,330.71484375,96,26144.818825006485
2026-02-13T23:41:58,gaming_1,36.4,43.3,343139.48500678653,342663.0821489521,0.0,22793.903209526816,66.0,7863.015625,164.226,61.0,1980.0,616.4,4551.140625,88,942.6538932323456,97.2,40.3203125,3,2752.3228964805603,10.8,4.8203125,405,1771015316.669878,10.8,201.75,150,26179.15646481514,10.0,108.16796875,37,26145.46860074997
2026-02-13T23:42:00,gaming_1,26.7,43.3,345021.50615230744,343526.4757323232,31484.033934475876,16233.954997464123,59.0,7863.015625,155.757,61.0,1980.0,528.7,4551.140625,88,944.727917432785,99.6,40.31640625,3,2754.4104554653168,12.8,108.17578125,37,26147.547778844833,7.5,201.7578125,150,26181.237007379532,6.0,4.8203125,405,1771015318.75225
2026-02-13T23:42:02,gaming_1,29.6,43.4,343106.8506001619,345648.2424979057,93115.53824666524,79051.21215732518,57.0,7863.015625,151.957,60.0,1980.0,505.2,4551.35546875,88,946.846720457077,97.8,40.32421875,3,2756.5032856464386,16.3,4.8203125,405,1771015320.8651214,8.1,108.1796875,37,26149.65967440605,2.3,330.4375,96,26151.196423768997
2026-02-13T23:42:04,gaming_1,26.7,43.3,342827.1262587791,346990.3661217507,95421.57414072313,93433.62467945807,59.0,7863.015625,157.991,60.0,1980.0,512.9,4551.39453125,88,948.9002132415771,99.6,39.65234375,3,2758.5592539310455,11.4,108.23046875,37,26151.71287870407,6.1,330.4375,96,26153.248921394348,4.6,25.4453125,14,26183.33706998825
2026-02-13T23:42:07,gaming_1,27.2,43.3,346506.5413212296,342236.3904007359,63980.020741992805,72477.36724678872,43.0,7863.015625,152.28,58.0,1980.0,465.6,4551.39453125,88,950.9537537097931,99.6,40.328125,3,2760.583814382553,14.4,108.2421875,37,26153.774302244186,9.9,4.8203125,405,1771015324.9726772,3.8,42.21875,37,26187.511024475098
2026-02-13T23:42:09,gaming_1,31.9,43.3,335829.095792904,344409.82495375385,235422.82987110913,753107.8234731002,60.0,7863.015625,159.976,61.0,1980.0,567.4,4551.3984375,88,953.0604596138,98.3,40.328125,3,2762.7299423217773,13.9,25.41015625,13,26187.516543149948,13.5,4.8203125,405,1771015327.0641606,13.4,108.24609375,37,26155.87216281891
2026-02-13T23:42:11,gaming_1,29.1,43.3,341771.32768427575,343901.7237380885,0.0,39516.83337261264,42.0,7863.015625,158.853,60.0,1980.0,501.6,4551.3984375,88,955.1131703853607,100.2,40.328125,3,2764.772068500519,18.7,4.8203125,405,1771015329.1482155,13.6,108.24609375,37,26157.9419734478,10.5,201.73828125,150,26191.636090517044
2026-02-13T23:42:13,gaming_1,31.4,43.3,339368.0624436978,343973.65104937897,69861.29754544921,104064.22446874206,58.0,7863.015625,155.959,61.0,1980.0,570.2,4551.40234375,88,957.247748374939,100.1,40.328125,3,2766.8791029453278,11.1,108.24609375,37,26160.061232089996,11.1,25.41015625,13,26191.66417503357,9.6,4.8203125,405,1771015331.2584457
2026-02-13T23:42:15,gaming_1,28.1,43.3,343256.86148500897,345351.0090303495,0.0,128503.79544141844,57.0,7863.015625,158.56,61.0,1980.0,454.8,4551.40234375,88,959.2763149738312,99.6,40.328125,3,2768.9503271579742,17.6,4.8203125,405,1771015333.2968376,14.6,108.203125,37,26162.098294973373,9.1,25.41015625,13,26193.732781648636
2026-02-13T23:42:17,gaming_1,26.6,43.3,335602.44353459345,342752.2382994354,95134.46461329525,12387.300079856153,63.0,7863.015625,161.572,61.0,1980.0,425.5,4551.40234375,88,961.3462445735931,100.1,40.32421875,3,2771.073182582855,14.4,4.8203125,405,1771015335.3644407,12.9,108.08203125,37,26164.160452604294,5.3,201.75390625,150,26197.852417707443
2026-02-13T23:42:19,gaming_1,29.7,43.3,343442.53462854517,343947.56098484667,124076.50341734335,18175.269055274905,58.0,7863.015625,156.164,61.0,1980.0,543.9,4551.40234375,88,963.457957983017,99.3,40.328125,3,2773.1026079654694,14.7,25.41015625,13,26197.89279651642,12.6,108.1015625,37,26166.266293764114,9.6,4.8203125,405,1771015337.4716053
2026-02-13T23:42:21,gaming_1,27.0,43.3,341343.5773709536,344179.59095687704,0.0,12068.895218641504,58.0,7863.015625,156.056,61.0,1980.0,546.0,4555.109375,88,965.547785282135,98.9,40.328125,3,2775.1886143684387,12.3,4.8203125,405,1771015339.51104,10.7,108.12890625,37,26168.313564538956,3.8,330.76171875,96,26169.877754449844
2026-02-13T23:42:23,gaming_1,32.9,43.3,342631.5408342558,343590.6619297478,156750.5239754626,147688.38430813118,58.0,7863.015625,157.315,61.0,1980.0,521.3,4551.40625,88,967.5885720252991,99.9,40.328125,3,2777.2243258953094,17.2,4.8203125,405,1771015341.6085494,14.6,25.44921875,13,26202.022137403488,8.2,108.11328125,37,26170.403608322144
2026-02-13T23:42:25,gaming_1,26.7,43.3,341977.7221940523,345821.5349648642,32664.433836608852,12759.544467425332,58.0,7863.015625,159.42,61.0,1980.0,449.3,4551.40625,88,969.5871121883392,99.5,40.328125,3,2779.2473108768463,14.9,108.15234375,37,26172.402608156204,10.1,201.75390625,150,26206.09506225586,7.8,4.8203125,405,1771015343.6092372
2026-02-13T23:42:27,gaming_1,27.8,43.3,344382.5343168263,343362.04767505516,95906.23215360465,56944.32534120276,48.0,7863.015625,152.846,60.0,1980.0,448.4,4551.40625,88,971.630051612854,96.9,40.328125,3,2781.2460401058197,16.0,4.8203125,405,1771015345.6610742,11.4,201.76171875,150,26208.147804260254,11.4,108.15234375,37,26174.451735973358
2026-02-13T23:42:29,gaming_1,32.2,43.3,341504.6852333714,343629.2583162242,94546.86841863586,12557.005961850076,55.0,7863.015625,162.561,61.0,1980.0,581.7,4551.796875,88,973.7276737689972,99.9,40.328125,3,2783.3740923404694,12.0,4.8203125,405,1771015347.7416472,12.0,108.15234375,37,26176.540353298187,4.6,20.31640625,9,9606.156131267548
2026-02-13T23:42:31,gaming_1,25.3,43.3,343885.193823289,345204.3246940157,739993.634950049,13824.60934859127,52.0,7863.015625,158.927,60.0,1980.0,423.4,4551.796875,88,975.7722544670105,99.0,40.42578125,3,2785.4742465019226,12.3,108.17578125,37,26178.580016613007,11.5,4.8203125,405,1771015349.7736394,10.0,201.765625,150,26212.260397434235
2026-02-13T23:42:34,gaming_1,33.0,43.3,339450.14037637424,340719.584682238,90069.61605458568,49256.821279851545,65.0,7863.015625,163.04,61.0,1980.0,619.7,4552.1015625,88,977.9657199382782,98.2,40.421875,3,2787.6211354732513,17.1,108.2109375,37,26180.77380681038,16.5,201.7578125,150,26214.44698739052,8.1,330.71875,96,26182.29868888855
2026-02-13T23:42:36,gaming_1,29.7,43.3,344323.6906873765,343585.6148853752,94782.23858906902,16537.52600382194,62.0,7863.015625,161.994,62.0,1980.0,480.7,4552.15625,88,980.0287899971008,99.8,40.42578125,3,2789.6885755062103,14.3,4.8203125,405,1771015354.0379639,12.1,108.2265625,37,26182.844217777252,10.5,201.76953125,150,26216.528046131134
2026-02-13T23:42:38,gaming_1,28.5,43.3,341963.60980339756,344670.41758638574,0.0,18889.401802660555,54.0,7863.015625,160.973,61.0,1980.0,519.2,4552.16015625,88,982.0700418949127,98.9,40.421875,3,2791.72665476799,13.0,108.234375,37,26184.889088392258,10.7,25.41015625,13,26216.502151966095,8.3,4.8203125,405,1771015356.0941553
2026-02-13T23:42:40,gaming_1,28.1,43.3,348129.96234771464,343533.40738649736,0.0,50875.52851890647,59.0,7863.015625,148.816,61.0,1980.0,461.6,4552.16015625,88,984.1001343727112,99.9,40.421875,3,2793.774629831314,16.2,201.76171875,150,26220.60626101494,12.3,108.25390625,37,26186.92214012146,9.3,4.8203125,405,1771015358.1164122
2026-02-13T23:42:42,gaming_1,30.3,43.3,341592.72229939175,343490.30598611134,0.0,55633.47904010822,53.0,7863.015625,157.941,61.0,1980.0,536.1,4552.23046875,88,986.1315093040466,100.5,40.421875,3,2795.764122247696,12.4,108.25,37,26188.94569015503,10.0,4.8203125,405,1771015360.1526108,3.1,330.71875,96,26190.450231313705
2026-02-13T23:42:44,gaming_1,32.7,43.3,345419.84753013117,343075.0793291703,31775.58494999365,17873.766534371425,64.0,7863.015625,163.686,62.0,1980.0,564.7,4554.85546875,88,988.1877980232239,99.0,40.421875,3,2797.8324298858643,16.7,4.8203125,405,1771015362.20325,11.4,108.265625,37,26190.997549772263,9.9,25.4453125,14,26222.62229037285
2026-02-13T23:42:46,gaming_1,26.0,43.4,340545.2315675904,341768.686515921,64661.56733370979,7324.943174521813,70.0,7863.015625,173.871,63.0,1980.0,453.7,4554.96875,88,990.2162384986877,97.6,40.421875,3,2799.8978650569916,13.8,108.2578125,37,26193.03532719612,11.6,4.8203125,405,1771015364.231698,7.7,201.7578125,150,26226.716442108154
2026-02-13T23:42:48,gaming_1,29.8,43.4,344823.2750094895,345924.47213662666,31820.130037063187,18147.417911762597,61.0,7863.015625,166.972,62.0,1980.0,539.6,4556.17578125,88,992.2604925632477,99.4,40.421875,3,2801.8928768634796,14.4,4.8203125,405,1771015366.2891493,12.2,108.26171875,37,26195.076985359192,6.1,42.8125,37,26228.81916499138
2026-02-13T23:42:50,gaming_1,26.3,43.4,344955.662885619,343542.1848519355,0.0,5377.81876085097,55.0,7863.015625,154.624,61.0,1980.0,475.5,4556.17578125,88,994.2655413150787,99.1,40.421875,3,2803.9577536582947,14.0,108.265625,37,26197.08727812767,13.3,4.8203125,405,1771015368.2897627,9.7,25.41015625,13,26228.785425901413
2026-02-13T23:42:52,gaming_1,29.9,43.4,342774.9234636925,345533.21987675305,2992632.104662866,84814.45708860017,58.0,7863.015625,156.907,61.0,1980.0,502.8,4564.15625,88,996.3250482082367,99.1,40.41796875,3,2805.959334373474,15.9,4.8203125,405,1771015370.3483522,11.4,108.2578125,37,26199.140818595886,8.4,201.76171875,150,26232.836264371872
2026-02-13T23:42:54,gaming_1,27.5,43.4,344544.6337548498,345607.4514622074,458027.0069382041,9457.030835219617,59.0,7863.015625,166.667,61.0,1980.0,464.4,4564.2109375,88,998.3249614238739,98.9,40.421875,3,2807.966373205185,13.2,25.41015625,13,26232.761536836624,12.5,4.8203125,405,1771015372.3566926,11.7,330.4296875,95,26202.644070863724
2026-02-13T23:42:56,gaming_1,27.8,43.4,339871.3690732411,341312.9874002446,0.0,135315.6517522183,67.0,7863.015625,170.962,62.0,1980.0,552.6,4564.54296875,88,1000.3771629333496,98.2,40.421875,3,2810.051211118698,9.9,108.2578125,37,26203.192631959915,9.7,330.421875,95,26204.747279167175,9.3,4.8203125,405,1771015374.3590539
2026-02-13T23:42:58,gaming_1,31.2,43.4,343837.3965868013,345142.59203602007,38753.75541863059,129825.08065241248,39.0,7863.015625,147.659,60.0,1980.0,442.5,4564.5546875,88,1002.4531486034393,99.9,39.75390625,3,2812.0680685043335,14.2,201.76171875,150,26238.962562322617,13.7,25.44921875,14,26236.88761115074,11.1,4.8203125,405,1771015376.4745371
2026-02-13T23:43:00,gaming_1,22.8,43.4,341406.1296552288,343172.31468851835,205653.60202842075,18208.91267959975,40.0,7863.015625,129.075,60.0,1980.0,383.4,4564.59375,88,1004.3068599700928,98.9,40.421875,3,2813.821520805359,12.3,4.8203125,405,1771015378.3805723,10.0,108.265625,37,26207.147672891617,5.4,330.421875,95,26208.45555615425
2026-02-13T23:43:01,gaming_1,22.5,43.4,344352.0866592605,341100.4733857116,0.0,87360.12446293226,42.0,7863.015625,124.872,59.0,1980.0,355.1,4564.48046875,84,1006.0614767074585,100.1,40.40625,2,2815.663609981537,12.6,330.421875,95,26210.312391757965,9.8,108.25390625,37,26208.8972325325,8.1,4.8203125,405,1771015380.127456
2026-02-13T23:43:03,gaming_1,28.6,43.4,342828.2185173298,346131.2817842349,70637.80527325717,11589.014927643753,31.0,7863.015625,126.718,58.0,1980.0,502.4,4568.375,84,1007.908285856247,100.3,39.73828125,2,2817.455670118332,13.2,330.421875,95,26212.091242313385,11.0,108.25390625,37,26210.74963927269,10.1,4.8203125,405,1771015381.9820082
2026-02-13T23:43:05,gaming_1,23.8,43.5,340345.41165863496,333501.0103821074,0.0,36488.62621479789,37.0,7863.015625,123.316,57.0,1980.0,436.5,4569.1328125,84,1009.7300128936768,98.1,40.40234375,2,2819.2543246746063,14.7,25.41015625,13,26244.098616361618,9.5,108.265625,37,26212.56128191948,9.5,330.75,95,26213.902488946915
2026-02-13T23:43:07,gaming_1,28.7,43.4,343563.257554636,344408.0193136074,129006.7065418355,582257.9478294451,39.0,7863.015625,114.37,57.0,1980.0,427.0,4569.74609375,84,1011.4761044979095,99.0,40.41796875,3,2821.071019887924,9.7,4.8203125,405,1771015385.558092,8.6,330.69140625,95,26215.713097810745,6.2,108.27734375,37,26214.315422534943
2026-02-13T23:43:09,gaming_1,25.3,43.4,344158.60959700024,195973.17020526063,0.0,10411.744500009696,42.0,7863.015625,129.781,58.0,1980.0,449.7,4569.7890625,84,1013.3036766052246,99.3,40.41796875,3,2822.8170285224915,13.5,330.70703125,95,26217.45092511177,8.6,25.44921875,13,26247.656309127808,6.0,4.8203125,405,1771015387.3764398
2026-02-13T23:43:10,gaming_1,25.2,43.4,342012.79150429246,94993.05146674639,113654.52735887244,31373.385156355413,40.0,7863.015625,127.51,58.0,1980.0,403.0,4569.81640625,84,1015.0293502807617,99.1,39.65625,3,2824.5514380931854,9.0,4.8203125,405,1771015389.105866,9.0,330.70703125,95,26219.184240102768,5.4,25.41015625,13,26249.388041734695
2026-02-13T23:43:12,gaming_1,25.2,43.4,345064.93867553555,132661.20769351764,0.0,177017.82754497512,37.0,7863.015625,127.322,58.0,1980.0,461.5,4569.80078125,83,1016.7415618896484,99.3,40.3203125,3,2826.25096988678,10.1,330.7109375,95,26220.890955924988,7.3,108.28515625,37,26219.588365793228,6.3,4.8203125,405,1771015390.8377914
2026-02-13T23:43:14,gaming_1,29.1,43.5,341603.19881260063,157977.77553577154,0.0,18739.241625993905,40.0,7863.015625,128.476,57.0,1980.0,502.2,4569.83203125,83,1018.5583617687225,96.7,40.3203125,3,2828.076181411743,15.8,4.8203125,405,1771015392.612577,10.3,330.7109375,95,26222.710054159164,8.6,108.28515625,37,26221.403661727905
2026-02-13T23:43:16,gaming_1,25.4,43.4,346020.37914353126,109108.1473214504,111994.47966010265,7874.611851100967,39.0,7863.015625,123.605,57.0,1950.0,415.3,4569.83203125,83,1020.2816767692566,98.6,40.3203125,3,2829.819360733032,8.1,201.75,150,26256.850946187973,6.3,108.2890625,37,26223.128595352173,6.2,4.8203125,405,1771015394.3687596
2026-02-13T23:43:17,gaming_1,24.9,43.4,376033.1284342495,100283.54760172257,113003.05899242009,23248.025157294756,40.0,7863.015625,121.315,57.0,1980.0,485.6,4574.23828125,83,1022.0960738658905,99.5,40.3203125,3,2831.610392332077,9.6,25.41015625,13,26256.447149276733,8.1,108.2890625,37,26224.86874485016,6.3,4.8203125,405,1771015396.1133358
2026-02-13T23:43:19,gaming_1,27.1,43.4,343232.91511131456,132920.1098981455,0.0,24018.133826721405,34.0,7863.015625,123.018,57.0,1980.0,381.3,4569.890625,83,1023.8306341171265,99.2,40.3203125,3,2833.3589973449707,9.6,108.2890625,37,26226.665548563004,8.7,4.8203125,405,1771015397.9016864,6.2,330.7109375,95,26228.01110768318
2026-02-13T23:43:21,gaming_1,25.1,43.4,342637.18658705713,123413.87183078656,182661.9398968,8847.68771375125,40.0,7863.015625,133.569,57.0,1980.0,381.2,4569.98828125,85,1025.6127545833588,98.8,40.3203125,3,2835.1447291374207,13.9,4.8203125,405,1771015399.694433,10.5,201.7578125,150,26262.17181134224,10.4,25.4453125,14,26259.98230957985
2026-02-13T23:43:23,gaming_1,21.5,43.4,338163.0718521941,144868.15605030747,74816.91502916094,71894.37928583434,34.0,7863.015625,117.266,57.0,1980.0,386.6,4569.98828125,85,1027.366747379303,97.4,40.31640625,3,2836.925721883774,6.2,108.29296875,37,26230.20425415039,4.9,20.2109375,5,9659.744930505753,4.5,201.75390625,150,26263.91921877861
2026-02-13T23:43:25,gaming_1,32.8,43.4,344291.5928373197,118157.42361990076,273976.3535057452,10434.646276097716,41.0,7863.015625,131.557,57.0,1980.0,569.0,4566.02734375,85,1029.2832899093628,99.3,40.3203125,3,2838.829103946686,11.3,25.4453125,14,26263.660795211792,10.6,4.8203125,405,1771015403.3593316,8.2,108.29296875,37,26232.120005607605
2026-02-13T23:43:26,gaming_1,20.8,43.4,336551.71698221256,95044.94061477749,36951.64698003214,86028.05312538732,38.0,7863.015625,125.163,56.0,1980.0,369.3,4566.03125,85,1031.0518901348114,98.7,40.31640625,3,2840.5546209812164,9.7,108.296875,37,26233.892979860306,7.0,4.8203125,405,1771015405.1333039,6.2,201.72265625,148,26267.608993291855
2026-02-13T23:43:28,gaming_1,24.9,43.4,335926.0023643346,126126.17859854177,38247.607689653254,37052.36994935159,57.0,7863.015625,142.714,59.0,1980.0,369.8,4566.03125,85,1032.76739859581,100.0,40.3125,3,2842.319810628891,19.8,25.41015625,13,26267.13484120369,10.1,42.16015625,34,26269.334523916245,6.4,4.8203125,405,1771015406.8463278
2026-02-13T23:43:30,gaming_1,25.6,43.4,345938.4059349385,246374.1357323779,36020.513679394804,7879.487367367614,60.0,7863.015625,161.065,60.0,1980.0,439.9,4566.03125,85,1034.6112921237946,99.7,40.30859375,3,2844.2322101593018,12.0,4.8203125,405,1771015408.663726,8.5,108.3125,37,26237.44300365448,4.3,201.69921875,148,26271.14460349083
2026-02-13T23:43:32,gaming_1,29.8,43.3,340874.1890745972,333580.7419185838,100122.19371941654,71180.62209739769,64.0,7863.015625,168.503,60.0,1980.0,538.2,4566.0390625,85,1036.5896272659302,98.8,40.30859375,3,2846.176501274109,11.1,4.8203125,405,1771015410.6313565,8.7,201.7265625,148,26273.113808870316,8.0,25.41015625,13,26270.989673137665
2026-02-13T23:43:34,gaming_1,26.4,43.4,338758.36213349074,337913.7215029991,0.0,15656.958903296818,61.0,7863.015625,167.964,60.0,1980.0,438.6,4566.04296875,85,1038.4882180690765,99.7,39.65625,3,2848.0736045837402,15.7,108.30859375,37,26241.308502435684,6.6,4.8203125,405,1771015412.5300593,5.8,201.7265625,148,26275.012157201767
2026-02-13T23:43:36,gaming_1,28.1,43.4,337147.4309246648,340777.6526319227,34261.26293301478,36402.59186632821,60.0,7863.015625,165.997,61.0,1980.0,488.9,4566.05078125,85,1040.39222574234,99.7,40.30859375,3,2849.984377861023,8.1,201.7109375,148,26276.930812597275,8.1,108.14453125,37,26243.227284669876,5.7,4.8203125,405,1771015414.4417717
2026-02-13T23:43:38,gaming_1,25.7,43.3,344788.0484894491,345817.2236328751,8723.231013911958,62970.82388167695,61.0,7863.015625,153.147,61.0,1980.0,448.3,4566.05078125,85,1042.2671866416931,97.8,40.30859375,3,2851.950417995453,11.4,25.44921875,13,26276.71864962578,10.0,4.8203125,405,1771015416.3187196,5.8,108.1484375,37,26245.098116397858
2026-02-13T23:43:40,gaming_1,33.9,43.3,345221.3285456679,344259.07807287097,66591.39069188783,9884.6595558271,59.0,7863.015625,163.055,61.0,1980.0,625.4,4566.0625,85,1044.2384760379791,99.1,40.30859375,3,2853.7793996334076,19.8,4.8203125,405,1771015418.286613,7.9,108.15625,37,26247.076204061508,2.6,11.421875,4,26267.577079296112
2026-02-13T23:43:42,gaming_1,24.4,43.3,343536.40515347524,281243.2169672157,36255.54058520011,81858.21272752213,61.0,7863.015625,166.27,61.0,1980.0,425.2,4566.12890625,85,1046.04256939888,98.5,40.3046875,3,2855.6833112239838,10.2,25.41015625,13,26280.450283527374,9.6,108.18359375,37,26248.870233774185,8.6,4.8203125,405,1771015420.0942423
2026-02-13T23:43:43,gaming_1,29.3,43.3,345402.6337067182,215181.54744119773,437170.27647575026,82757.59440496474,47.0,7863.015625,149.235,59.0,1980.0,520.0,4566.14453125,85,1047.9897000789642,100.3,40.3046875,3,2857.567607164383,9.6,201.72265625,148,26284.525036096573,8.8,4.8203125,405,1771015422.0443952,5.6,108.18359375,37,26250.81942653656
2026-02-13T23:43:45,gaming_1,25.0,43.3,337902.2010672461,158628.90191160643,35109.67218852893,104231.83930969526,53.0,7863.015625,150.72,60.0,1980.0,400.9,4567.68359375,85,1049.8404722213745,100.3,40.3046875,3,2859.406748533249,8.4,25.41015625,13,26284.228241443634,6.7,108.3125,37,26252.685786485672,5.0,4.8203125,405,1771015423.9073775
2026-02-13T23:43:47,gaming_1,29.8,43.3,345344.01605550596,217813.11441673097,569899.7763321234,91829.55380351598,55.0,7863.015625,162.096,60.0,1980.0,485.5,4567.01953125,85,1051.700268983841,99.4,40.3046875,3,2861.292957305908,13.6,4.8203125,405,1771015425.7507987,10.2,201.69140625,148,26288.23394703865,10.2,42.75390625,34,26288.26361298561
2026-02-13T23:43:49,gaming_1,26.1,43.3,332781.48816024285,116283.62439645651,69467.23069055699,17909.520412409223,57.0,7863.015625,156.269,60.0,1980.0,503.0,4567.13671875,85,1053.5961678028107,99.2,40.3046875,3,2863.199733018875,15.7,4.8203125,405,1771015427.6374667,9.9,108.234375,37,26256.420475959778,6.6,151.578125,32,26281.03330540657
2026-02-13T23:43:51,gaming_1,32.2,43.3,345005.3250767505,177655.2179644445,101909.72458212666,7696.307325212691,50.0,7863.015625,152.19,60.0,1980.0,499.4,4567.13671875,85,1055.536018371582,100.4,40.3046875,3,2865.144315958023,13.8,201.73828125,148,26292.048515081406,10.5,108.16015625,37,26258.358108520508,8.1,25.4453125,14,26289.94596505165
2026-02-13T23:43:53,gaming_1,24.0,43.3,330267.4303114006,176253.27393833283,322703.04114094714,145163.29235534382,47.0,7863.015625,155.256,60.0,1980.0,425.4,4567.13671875,85,1057.4613645076752,99.3,40.3046875,3,2867.033408641815,15.4,4.8203125,405,1771015431.490619,8.9,108.16796875,37,26260.281492471695,6.5,201.7265625,148,26293.976613521576
2026-02-13T23:43:55,gaming_1,26.8,43.3,340606.8755653399,175248.5959229622,0.0,12665.800067442036,53.0,7863.015625,153.446,60.0,1980.0,462.6,4567.13671875,85,1059.3253297805786,99.1,40.3046875,3,2868.9080986976624,12.6,4.8203125,405,1771015433.3588889,11.7,108.171875,37,26262.149180412292,10.9,25.44921875,14,26293.722000598907
2026-02-13T23:43:57,gaming_1,25.6,43.3,345661.962710006,148961.7076871457,69607.05367922725,41329.188122041174,51.0,7863.015625,152.7,60.0,1980.0,467.7,4567.32421875,85,1061.195967912674,100.0,40.3046875,3,2870.7671859264374,8.4,236.76171875,277,26292.6103887558,8.3,4.8203125,405,1771015435.2379146,5.9,108.17578125,37,26264.015051841736
2026-02-13T23:43:58,gaming_1,29.6,43.3,340921.7891538413,116735.31775921697,104055.46346220239,15445.732857670666,52.0,7863.015625,153.9,61.0,1980.0,469.1,4567.140625,85,1063.0822987556458,99.8,40.3046875,3,2872.6621630191803,13.2,108.1796875,37,26265.907794713974,9.1,4.8203125,405,1771015437.1274831,9.1,25.41015625,13,26297.475120067596
2026-02-13T23:44:00,gaming_1,22.3,43.3,344688.483452286,127443.52665101494,0.0,11504.649627656983,57.0,7863.015625,157.389,60.0,1980.0,400.0,4567.140625,85,1064.9677290916443,98.1,40.42578125,3,2874.60502576828,7.5,201.72265625,148,26301.486173152924,6.7,108.1796875,37,26267.783248901367,3.3,4.8203125,405,1771015438.9984033
2026-02-13T23:44:02,gaming_1,27.0,43.3,342112.16039120813,176252.07157046895,135222.67080041504,103001.64377375365,54.0,7863.015625,153.759,60.0,1980.0,477.1,4567.140625,85,1066.8768148422241,100.0,40.42578125,3,2876.478983640671,14.5,4.8203125,405,1771015440.934421,11.3,108.32421875,37,26269.71174430847,7.3,201.69140625,148,26303.414868593216
2026-02-13T23:44:04,gaming_1,24.6,43.3,344021.79415941273,177204.26981241902,175132.6929150233,9577.569143790337,57.0,7863.015625,160.277,61.0,1980.0,395.3,4567.140625,85,1068.758181810379,100.1,40.4296875,3,2878.3561663627625,10.0,108.33203125,37,26271.585441827774,8.4,4.8203125,405,1771015442.8053985,4.2,201.73828125,148,26305.287559986115
2026-02-13T23:44:06,gaming_1,26.5,43.3,344310.3334029328,190366.75860737063,34742.162724186484,32027.931261359412,56.0,7863.015625,157.335,61.0,1980.0,480.2,4572.59765625,85,1070.632797241211,99.2,40.4296875,3,2880.2419953346252,13.3,4.8203125,405,1771015444.692282,12.4,25.4453125,14,26305.052200317383,10.8,108.203125,37,26273.472702741623
2026-02-13T23:44:08,gaming_1,25.3,43.3,342576.9525832588,165922.2284565041,87378.85562581322,567962.5615677859,55.0,7863.015625,152.694,61.0,1980.0,428.9,4567.14453125,85,1072.50834274292,99.0,40.4296875,3,2882.087962627411,13.3,108.234375,37,26275.34472346306,12.5,201.7265625,148,26309.047997951508,10.0,4.8203125,405,1771015446.5670109
2026-02-13T23:44:10,gaming_1,25.2,43.3,344481.21344628773,228249.10764107155,107278.07912078763,12571.6498969673,55.0,7863.015625,155.143,60.0,1980.0,438.9,4567.14453125,85,1074.3460886478424,100.5,40.4296875,3,2883.9223527908325,14.5,201.71484375,148,26310.881659030914,8.5,108.234375,37,26277.174246549606,6.8,4.8203125,405,1771015448.4006166
2026-02-13T23:44:12,gaming_1,26.0,43.3,343767.7807296089,190958.4136560951,35549.65187174455,75265.27857220916,59.0,7863.015625,154.875,60.0,1980.0,441.2,4567.14453125,85,1076.1765673160553,100.0,40.4296875,3,2885.7350585460663,13.8,25.4453125,14,26310.55932044983,13.6,4.8203125,405,1771015450.242969,10.2,108.23828125,37,26279.01055288315
2026-02-13T23:44:13,gaming_1,25.9,43.3,343640.18348560476,159319.15371426832,72476.96336507871,11041.412387648712,56.0,7863.015625,155.273,61.0,1980.0,437.7,4567.14453125,85,1077.9977955818176,99.6,40.4296875,3,2887.5701398849487,13.8,201.6875,148,26314.535670280457,11.2,108.23828125,37,26280.827344417572,6.9,4.8203125,405,1771015452.052806
2026-02-13T23:44:15,gaming_1,23.6,43.3,340595.0131506644,137844.24679556844,144577.18068616564,9036.073792885352,56.0,7863.015625,155.941,60.0,1980.0,376.9,4567.14453125,85,1079.8000762462616,99.5,40.4296875,3,2889.376361131668,8.6,4.8203125,405,1771015453.8648052,8.6,108.25,37,26282.63576388359,7.8,201.6875,148,26316.34739613533
2026-02-13T23:44:17,gaming_1,24.9,43.3,343978.03584928514,128276.16881049467,36071.30842607668,14090.354853936202,51.0,7863.015625,159.019,61.0,1980.0,474.8,4567.14453125,85,1081.6243031024933,98.8,40.4296875,3,2891.1789515018463,11.2,108.17578125,37,26284.45536851883,10.3,201.72265625,148,26318.16410756111,9.5,4.8203125,405,1771015455.6817343
2026-02-13T23:44:19,gaming_1,27.5,43.3,342894.23949140764,173897.1808435072,144071.06694090765,77381.92072021407,59.0,7863.015625,158.012,61.0,1980.0,451.3,4567.14453125,85,1083.4447221755981,100.6,40.30859375,3,2893.027782201767,17.1,108.1953125,37,26286.277359247208,13.7,201.71875,148,26319.986169099808,8.5,330.6953125,95,26287.670586586
2026-02-13T23:44:21,gaming_1,27.0,43.3,342694.7801634117,206536.41959613358,70948.58368095299,7205.715530096787,56.0,7863.015625,163.273,61.0,1980.0,423.3,4567.14453125,85,1085.2861449718475,99.2,40.30859375,3,2894.8547883033752,13.5,4.8203125,405,1771015459.3478851,10.2,330.43359375,95,26289.510891914368,9.4,25.41015625,13,26319.67786717415
2026-02-13T23:44:22,gaming_1,26.2,43.3,342919.4130017132,248849.44897197752,177988.99328612222,79816.93917674542,55.0,7863.015625,160.594,61.0,1980.0,444.9,4567.14453125,85,1087.1197443008423,100.8,40.30859375,3,2896.7015402317047,11.9,201.71875,148,26323.671618700027,11.9,108.203125,37,26289.96092247963,11.0,4.8203125,405,1771015461.189865
2026-02-13T23:44:24,gaming_1,27.4,43.3,343483.2742673102,90631.43998579845,36306.64595044676,21557.071033077762,59.0,7863.015625,158.569,61.0,1980.0,457.9,4567.14453125,85,1088.9417383670807,98.9,40.3046875,3,2898.502599000931,13.8,108.2109375,37,26291.770520210266,13.0,201.71875,148,26325.476217985153,12.1,25.41015625,13,26323.321568012238
2026-02-13T23:44:26,gaming_1,25.3,43.3,344820.6692234435,149889.76039183576,325237.2015883358,80744.65247765975,58.0,7863.015625,158.78,61.0,1980.0,426.0,4567.14453125,85,1090.7433755397797,99.3,40.30859375,3,2900.2983887195587,12.1,108.44140625,37,26293.57607603073,12.0,201.70703125,148,26327.29165148735,11.2,4.8203125,405,1771015464.8079226
2026-02-13T23:44:28,gaming_1,27.5,43.3,344780.40325017425,230493.97072343391,108723.2998152465,9909.67576441049,61.0,7863.015625,159.313,61.0,1980.0,490.8,4567.1484375,85,1092.5700929164886,98.0,40.30859375,3,2902.16063952446,15.4,108.4453125,37,26295.39962053299,10.4,201.71484375,148,26329.101042032242,10.2,25.41015625,13,26326.96750473976
2026-02-13T23:44:30,gaming_1,27.6,43.3,344167.59081814956,146617.9871873244,35160.84751283845,16756.341392837076,54.0,7863.015625,157.062,61.0,1980.0,453.0,4567.16015625,85,1094.4295029640198,100.1,40.30859375,3,2904.018986225128,10.9,201.6953125,148,26330.96768927574,10.1,108.2421875,37,26297.259036540985,9.2,4.8203125,405,1771015468.4816554
2026-02-13T23:44:32,gaming_1,29.2,43.3,343989.0031956014,194575.31500364363,140420.46612409642,65822.0934956702,56.0,7863.015625,160.183,61.0,1980.0,465.3,4567.22265625,85,1096.2893962860107,99.0,40.30859375,3,2905.865435361862,16.0,201.703125,148,26332.829120874405,14.3,108.2421875,37,26299.121020317078,11.7,4.8203125,405,1771015470.3475761
2026-02-13T23:44:33,gaming_1,26.8,43.3,333835.7301485995,144860.42094501344,35927.840399078115,51926.956826792586,54.0,7863.015625,160.374,62.0,1980.0,488.2,4567.22265625,85,1098.1092865467072,100.2,40.30859375,3,2907.66023850441,12.0,201.67578125,147,26334.651126384735,11.2,108.2421875,37,26300.93990755081,6.1,25.41015625,13,26332.489000558853
2026-02-13T23:44:35,gaming_1,26.5,43.3,350791.2278015004,205655.20641540276,36638.4483434998,14311.893884179608,56.0,7863.015625,161.496,61.0,1980.0,449.1,4567.22265625,85,1099.8992314338684,98.5,40.30859375,3,2909.4528353214264,13.1,201.67578125,147,26336.442020893097,13.1,108.2421875,37,26302.731617689133,10.5,4.8203125,405,1771015473.9601908
2026-02-13T23:44:37,gaming_1,26.7,43.3,343969.0232361768,100058.43751022116,36517.604712783694,41082.30530188165,60.0,7863.015625,162.17,61.0,1980.0,442.9,4567.23828125,85,1101.6914880275726,98.4,40.4296875,3,2911.261999130249,12.2,108.2578125,37,26304.52582836151,11.2,330.7109375,95,26305.907380104065,10.5,201.671875,147,26338.236205101013
2026-02-13T23:44:39,gaming_1,26.8,43.3,343411.7569157507,135119.8924295487,0.0,61523.781149609094,57.0,7863.015625,161.602,61.0,1980.0,441.4,4567.24609375,85,1103.5073215961456,100.3,39.7734375,3,2913.068795442581,15.4,201.6875,147,26340.060866117477,12.9,4.8203125,405,1771015477.5786011,10.3,330.69921875,95,26307.730167865753
2026-02-13T23:44:41,gaming_1,24.0,43.3,341905.8122226949,158509.94047152728,35926.610105350934,8420.299243441625,59.0,7863.015625,161.575,61.0,1980.0,367.6,4567.25,85,1105.3484807014465,98.5,40.43359375,3,2914.9258019924164,15.2,25.4453125,13,26339.747129917145,12.9,201.67578125,147,26341.883717298508,11.9,330.72265625,95,26309.57300400734
2026-02-13T23:44:43,gaming_1,28.2,43.3,340289.8007310998,179809.0859962665,35733.141668009965,67557.97096608134,59.0,7863.015625,160.594,61.0,1980.0,384.6,4567.60546875,85,1107.180583000183,99.0,40.4296875,3,2916.740881204605,18.7,4.8203125,405,1771015481.235039,16.4,330.72265625,95,26311.378831148148,10.3,110.58203125,37,26310.00799512863
2026-02-13T23:44:44,gaming_1,26.0,43.3,345515.6449838509,159172.33935377328,36425.824810962076,18782.06591815232,59.0,7863.015625,160.796,62.0,1980.0,432.8,4567.2578125,85,1108.9605627059937,100.2,40.4296875,3,2918.5027511119843,12.2,201.671875,147,26345.51310157776,11.5,330.76171875,95,26313.141493558884,7.8,110.58984375,37,26311.79962205887
2026-02-13T23:44:46,gaming_1,28.4,43.3,346085.75431786175,94762.9298687167,74182.61859081098,9852.379031592083,57.0,7863.015625,158.366,61.0,1980.0,468.2,4567.26171875,85,1110.735455274582,100.0,40.4296875,3,2920.314763069153,13.9,25.44921875,14,26345.124409675598,13.3,4.8203125,405,1771015484.8012927,10.6,201.6796875,147,26347.28088283539
2026-02-13T23:44:48,gaming_1,27.5,43.3,348150.8839621029,182784.5442917364,107208.4141814577,14796.994665669943,57.0,7863.015625,157.986,62.0,1980.0,491.5,4567.26171875,85,1112.5886580944061,99.0,39.78125,3,2922.1767694950104,8.5,4.8203125,405,1771015486.6365268,8.5,201.67578125,147,26349.120190382004,7.6,330.73046875,95,26316.81824541092
2026-02-13T23:44:50,gaming_1,26.9,43.3,344127.5973720343,172613.9895146409,35160.70808843149,45324.35027024372,56.0,7863.015625,149.917,61.0,1980.0,457.1,4567.26171875,85,1114.4450142383575,98.5,40.4296875,3,2924.016178369522,12.8,25.4453125,14,26348.83441376686,10.9,4.8203125,405,1771015488.5000505,10.1,201.671875,147,26350.979761838913
2026-02-13T23:44:52,gaming_1,28.9,43.3,333440.1711854266,306216.6603118929,143727.0665303529,12070.827853135106,50.0,7863.015625,149.453,60.0,1980.0,444.3,4567.26171875,85,1116.2494115829468,98.9,40.30859375,3,2925.816976547241,17.1,4.8203125,405,1771015490.3222334,13.7,108.87109375,37,26319.091913700104,7.9,331.2109375,95,26320.438971996307
2026-02-13T23:44:53,gaming_1,24.1,43.3,344838.29144937306,264424.37358500744,74121.04811756776,64566.38175866253,49.0,7863.015625,149.242,61.0,1980.0,416.7,4567.60546875,85,1118.015112876892,100.4,39.66015625,3,2927.5301644802094,11.5,4.8203125,405,1771015492.0908864,7.3,331.2109375,95,26322.159229040146,7.1,201.67578125,147,26354.56933760643
2026-02-13T23:44:55,gaming_1,24.3,43.3,343911.58712931175,82138.28262229761,114582.60703149393,13129.257055692013,52.0,7863.015625,149.982,61.0,1980.0,389.1,4567.60546875,85,1119.7261588573456,98.3,40.3125,3,2929.246094226837,19.1,25.4453125,13,26354.089363336563,10.9,4.8203125,405,1771015493.8065517,9.1,42.16796875,34,26356.300091266632
2026-02-13T23:44:57,gaming_1,24.1,43.3,329935.6597996688,111256.21319930516,114077.27704718216,35054.996592623684,55.0,7863.015625,151.624,61.0,1980.0,391.4,4567.61328125,85,1121.4505200386047,100.2,40.3046875,3,2931.0080699920654,13.6,4.8203125,405,1771015495.5310056,6.4,108.46875,37,26324.296535015106,3.6,42.76171875,34,26358.024198293686
2026-02-13T23:44:59,gaming_1,22.2,43.3,340443.7239235537,152392.3605890573,256152.05717670135,12007.127680157875,53.0,7863.015625,148.378,61.0,1980.0,381.9,4567.60546875,85,1123.255342245102,99.0,40.3125,3,2932.790837287903,9.5,25.41015625,13,26357.622266292572,7.8,108.4453125,37,26326.088793754578,6.1,201.71875,147,26359.799089431763
2026-02-13T23:45:00,gaming_1,24.5,43.3,343701.6848072018,135724.1941754139,36885.62443283291,54463.92982660484,44.0,7863.015625,151.076,61.0,1980.0,390.0,4567.60546875,85,1125.0339403152466,100.7,40.3125,3,2934.605455636978,12.3,201.67578125,147,26361.58018732071,11.4,4.8203125,405,1771015499.100995,7.0,108.46875,37,26327.869302034378
2026-02-13T23:45:02,gaming_1,24.2,43.3,339298.9566545401,116497.51010381205,641758.8740341581,16724.28161131419,47.0,7863.015625,151.522,60.0,1980.0,430.9,4567.60546875,85,1126.8504548072815,99.1,39.6640625,3,2936.3877980709076,13.9,25.41015625,13,26361.213104724884,11.2,201.71484375,147,26363.386672973633,8.7,4.8203125,405,1771015500.9053547
2026-02-13T23:45:04,gaming_1,28.3,43.3,340734.77965353563,173349.1568688896,147245.42516529615,61543.98629955737,51.0,7863.015625,147.914,60.0,1980.0,448.2,4567.60546875,85,1128.6112854480743,99.7,40.3125,3,2938.191017627716,13.2,4.8203125,405,1771015502.6871626,10.6,42.16796875,34,26365.180446863174,7.1,108.47265625,37,26331.450783491135
2026-02-13T23:45:06,gaming_1,22.9,43.3,347286.3550754563,253195.9635998499,252099.09688888144,25603.81452777702,50.0,7863.015625,146.549,60.0,1980.0,451.6,4567.5546875,85,1130.4389033317566,100.1,40.3125,3,2940.00226688385,11.2,201.69921875,147,26366.98508644104,10.3,25.4453125,14,26364.823262691498,8.6,108.48046875,37,26333.278209924698
2026-02-13T23:45:08,gaming_1,28.1,43.3,340341.2522984284,188577.10083359166,145909.278932595,603015.6918386153,48.0,7863.015625,142.973,60.0,1980.0,397.6,4567.609375,85,1132.2380373477936,98.1,40.30859375,3,2941.801952123642,12.2,108.47265625,37,26335.07597398758,10.4,4.8203125,405,1771015506.3013182,6.1,201.67578125,147,26368.78235888481
2026-02-13T23:45:09,gaming_1,20.1,43.3,348144.6985156911,170466.24107786195,72549.47219751512,43643.04186881769,50.0,7863.015625,149.705,60.0,1980.0,352.1,4567.609375,85,1134.0492496490479,98.6,40.3046875,3,2943.6249330043793,13.8,25.41015625,13,26368.443050146103,8.6,108.47265625,37,26336.884912490845,8.5,330.93359375,95,26338.267435073853
2026-02-13T23:45:11,gaming_1,30.6,43.3,330769.43468072795,291233.4873916592,36112.892924352054,89153.70440699415,42.0,7863.015625,138.411,59.0,1980.0,438.5,4567.609375,85,1135.8592944145203,99.8,40.30859375,3,2945.393043756485,15.5,201.703125,147,26372.406616926193,12.1,4.8203125,405,1771015509.9222102,9.5,108.37109375,37,26338.693765878677
2026-02-13T23:45:13,gaming_1,24.9,43.3,342479.42389363603,90501.1516956687,74804.30175470871,119511.56022529633,35.0,7863.015625,130.135,58.0,1980.0,459.2,4567.609375,85,1137.5973899364471,99.3,40.3125,3,2947.0777814388275,8.1,108.375,37,26340.4354224205,7.1,201.7109375,147,26374.15445303917,6.2,4.8203125,405,1771015511.6754265
2026-02-13T23:45:14,gaming_1,27.7,43.3,344116.88443401235,107646.91036425208,39707.02942326574,33192.59490851121,35.0,7863.015625,124.963,59.0,1980.0,447.0,4567.609375,85,1139.2322762012482,98.9,39.6484375,2,2948.7210807800293,9.6,108.375,37,26342.07065653801,8.6,25.41015625,13,26373.569854736328,8.5,4.8203125,405,1771015513.3238883
2026-02-13T23:45:16,gaming_1,23.5,43.3,339255.5163962589,124780.5077771052,118202.6705647394,9850.222547061618,45.0,7863.015625,134.929,59.0,1980.0,416.8,4567.609375,85,1140.901151418686,99.5,40.296875,2,2950.4010915756226,10.3,4.8203125,405,1771015514.9883964,7.4,108.375,37,26343.750930070877,5.6,330.93359375,95,26345.017565250397
2026-02-13T23:45:18,gaming_1,22.6,43.3,344213.94629813626,118304.41734410322,39133.25709313482,12840.59998368486,43.0,7863.015625,125.802,58.0,1980.0,360.6,4567.609375,85,1142.5692381858826,99.0,40.296875,2,2952.0583198070526,10.3,108.375,37,26345.422819137573,9.4,25.4453125,14,26376.906326055527,7.5,201.69921875,147,26379.144901275635
2026-02-13T23:45:19,gaming_1,23.9,43.3,346313.62613313936,174692.43423913216,39707.42519828584,9306.427780848244,62.0,7863.015625,126.019,59.0,1980.0,390.3,4567.609375,85,1144.2069027423859,100.4,40.296875,2,2953.6916093826294,11.4,4.8203125,405,1771015518.3130417,7.6,108.375,37,26347.057007551193,5.7,330.9296875,95,26348.303069114685
2026-02-13T23:45:21,gaming_1,20.6,43.3,330261.8172733932,169155.015128839,0.0,20100.9026729454,63.0,7863.015625,161.281,61.0,1980.0,347.2,4567.609375,85,1145.917230606079,99.0,40.296875,2,2955.506415128708,12.0,108.375,37,26348.748403787613,10.6,25.44921875,14,26380.31940984726,8.3,42.16796875,34,26382.479804992676
2026-02-13T23:45:23,gaming_1,26.2,43.3,345887.8544180381,279073.69094894687,35136.39769469321,122153.88261045686,62.0,7863.015625,160.292,60.0,1980.0,425.9,4567.609375,85,1147.780719280243,99.1,40.296875,2,2957.3512954711914,11.7,4.8203125,405,1771015521.8360598,10.1,108.375,37,26350.6088411808,6.7,201.69921875,147,26384.318224430084
2026-02-13T23:45:25,gaming_1,23.4,43.3,346573.8461655685,346556.93975184555,0.0,15636.79658916039,67.0,7863.015625,163.227,61.0,1980.0,419.0,4572.703125,85,1149.6278860569,99.8,40.296875,2,2959.261967420578,14.8,25.44921875,14,26384.081377744675,7.6,108.3984375,37,26352.45126438141,7.6,42.1640625,34,26386.183079957962
2026-02-13T23:45:27,gaming_1,30.5,43.3,340993.0758343926,334759.73194161244,72788.89853128849,30239.50563983676,67.0,7863.015625,167.578,62.0,1980.0,519.1,4567.62890625,85,1151.5563299655914,100.1,39.63671875,2,2961.1670215129852,13.1,4.8203125,405,1771015525.5842092,8.9,108.390625,37,26354.37404513359,6.5,201.67578125,147,26388.066886663437
2026-02-13T23:45:29,gaming_1,27.3,43.3,351277.35891800653,319126.27807932475,0.0,48983.45493944025,73.0,7863.015625,170.308,62.0,1980.0,473.1,4567.62890625,85,1153.4793953895569,100.0,40.296875,2,2963.0570051670074,8.9,4.8203125,405,1771015527.5161712,7.3,108.390625,37,26356.294064760208,4.1,25.4453125,14,26387.87040066719
2026-02-13T23:45:31,gaming_1,27.7,43.3,345187.5746127423,346068.24694258766,35192.52549313825,12647.31384909656,68.0,7863.015625,166.461,62.0,1980.0,436.0,4567.62890625,85,1155.3248941898346,100.5,40.296875,2,2964.9066565036774,15.1,4.8203125,405,1771015529.378025,10.9,201.72265625,147,26391.862167596817,10.9,108.390625,37,26358.153049707413
2026-02-13T23:45:33,gaming_1,28.1,43.3,342972.7395732394,343355.6789803878,0.0,22399.524814184162,62.0,7863.015625,164.098,61.0,1980.0,504.2,4567.62890625,85,1157.1714544296265,98.6,40.296875,2,2966.728678226471,10.1,108.390625,37,26360.002660751343,5.1,4.8203125,405,1771015531.2290068,3.4,201.703125,147,26393.70869898796
2026-02-13T23:45:34,gaming_1,29.3,43.3,343407.5043292308,343900.57947727037,0.0,10450.185272611623,67.0,7863.015625,176.006,62.0,1980.0,500.7,4567.62890625,85,1159.025889635086,99.2,40.29296875,2,2968.5877265930176,12.6,108.2265625,37,26361.86173248291,10.9,42.2421875,34,26395.59613442421,10.1,4.8203125,405,1771015533.0917075
2026-02-13T23:45:36,gaming_1,27.6,43.3,340484.48498631007,340021.5871004256,36029.068704659396,28992.141223280607,61.0,7863.015625,167.293,62.0,1980.0,486.6,4567.62890625,85,1160.8524539470673,100.6,40.4296875,3,2970.4220435619354,7.7,201.67578125,147,26397.39070367813,7.7,108.2265625,37,26363.686116456985,4.3,4.8203125,405,1771015534.9098678
2026-02-13T23:45:38,gaming_1,27.7,43.3,343186.69225362793,346769.66332011344,0.0,56825.11984562114,60.0,7863.015625,169.629,62.0,1980.0,566.4,4567.640625,85,1162.749769449234,99.3,40.43359375,3,2972.294271469116,14.1,25.41015625,13,26397.11800289154,14.0,42.2421875,34,26399.319186925888,11.0,4.8203125,405,1771015536.7606864
2026-02-13T23:45:40,gaming_1,31.4,43.3,347594.5244438611,345064.97483601805,35234.12605730101,65238.186527971404,72.0,7863.015625,163.384,63.0,1980.0,457.4,4567.640625,85,1164.5570509433746,99.2,40.4296875,3,2974.1840522289276,12.6,4.8203125,405,1771015538.6172795,6.0,108.24609375,37,26367.391964912415,5.1,201.68359375,147,26401.103406190872
2026-02-13T23:45:42,gaming_1,27.2,43.3,343058.08080555795,345124.7940569641,0.0,15632.480059540805,67.0,7863.015625,175.075,63.0,1980.0,527.1,4567.65234375,85,1166.4817571640015,98.7,40.42578125,3,2976.052407503128,10.8,25.41015625,13,26400.877363681793,9.0,108.234375,37,26369.30334544182,8.2,4.8203125,405,1771015540.5167406
2026-02-13T23:45:44,gaming_1,28.1,43.3,351013.2813710606,344860.804988639,70019.74337038811,19693.052822921654,70.0,7863.015625,164.64,62.0,1980.0,527.7,4568.53125,85,1168.381634235382,100.3,40.4375,3,2977.9685213565826,10.9,4.8203125,405,1771015542.3877957,10.1,108.234375,37,26371.151757240295,6.8,42.16796875,34,26404.886243104935
2026-02-13T23:45:46,gaming_1,29.2,43.3,351456.57323449245,343549.3473990533,0.0,9449.018869769938,68.0,7863.015625,165.202,62.0,1980.0,494.7,4567.66796875,85,1170.239217042923,99.9,40.4375,3,2979.844133615494,10.6,108.234375,37,26373.071692705154,9.1,4.8203125,405,1771015544.2877862,5.0,25.4453125,13,26404.65734052658
2026-02-13T23:45:48,gaming_1,27.6,43.3,340310.20491752395,346316.13453724957,34752.304746454036,62717.04997211627,55.0,7863.015625,166.833,63.0,1980.0,453.3,4567.66796875,85,1172.1317830085754,99.4,39.78515625,3,2981.714963197708,10.7,108.234375,37,26374.96227288246,5.0,4.8203125,405,1771015546.1734948,5.0,201.6875,147,26408.656522750854
2026-02-13T23:45:49,gaming_1,22.2,43.3,347017.81704961706,342987.3032235005,35289.74670786574,7995.333238500832,69.0,7863.015625,163.252,63.0,1980.0,413.6,4567.66796875,85,1173.9596991539001,99.4,40.4375,3,2983.6018328666687,14.3,4.8203125,405,1771015548.0282226,11.9,108.234375,37,26376.795931100845,5.0,20.17578125,4,9806.290381669998
2026-02-13T23:45:51,gaming_1,33.3,43.3,344613.2650575957,342367.19521847693,34905.95991854029,30270.012116859158,61.0,7863.015625,157.488,61.0,1980.0,593.0,4567.671875,85,1175.857480764389,98.7,40.4375,3,2985.486175060272,15.8,4.8203125,405,1771015549.9101307,11.5,108.234375,37,26378.69649219513,11.1,25.44921875,14,26410.2507481575
2026-02-13T23:45:53,gaming_1,30.2,43.3,343734.488691987,344942.381041059,0.0,18464.916013853137,66.0,7863.015625,156.355,62.0,1980.0,532.3,4567.671875,85,1177.7676565647125,98.9,40.4375,3,2987.397762298584,16.3,4.8203125,405,1771015551.8190856,12.3,108.24609375,37,26380.59826207161,4.1,331.33203125,95,26382.049394607544
2026-02-13T23:45:55,gaming_1,26.9,43.3,341304.6069199088,344902.4581311554,0.0,45001.12982210086,60.0,7863.015625,168.867,63.0,1980.0,449.4,4567.671875,85,1179.6799001693726,99.3,40.43359375,3,2989.25421333313,13.9,201.67578125,147,26416.212966680527,12.3,4.8203125,405,1771015553.7313013,12.3,108.24609375,37,26382.504316568375
2026-02-13T23:45:57,gaming_1,26.8,43.3,342386.8424201007,345815.2477221481,35523.15729248622,107957.09520919638,60.0,7863.015625,166.822,63.0,1980.0,403.5,4567.671875,85,1181.5347378253937,99.6,40.44140625,3,2991.1042759418488,22.0,201.671875,147,26418.06055665016,19.5,4.8203125,405,1771015555.574786,12.6,108.23828125,37,26384.361525535583
2026-02-13T23:45:59,gaming_1,26.2,43.3,340973.82633444027,339627.4624973191,0.0,59688.977523277536,46.0,7863.015625,165.127,62.0,1980.0,466.0,4567.68359375,85,1183.3552079200745,100.5,40.4375,3,2992.9241483211517,12.7,201.6953125,147,26419.901119232178,11.1,108.22265625,37,26386.190680265427,7.7,25.41015625,13,26417.74468278885
2026-02-13T23:46:01,gaming_1,30.2,43.3,346634.5514206334,347906.93470564747,139852.26157934588,26495.447994524515,63.0,7863.015625,173.802,63.0,1980.0,546.9,4566.29296875,85,1185.226395368576,97.3,40.44140625,3,2994.8029074668884,10.0,4.8203125,405,1771015559.2935026,7.5,108.25390625,37,26388.062695026398,6.9,331.05078125,95,26389.442243099213
2026-02-13T23:46:02,gaming_1,23.0,43.3,342864.52619296644,285360.80545605964,0.0,24324.672707676677,58.0,7863.015625,160.226,62.0,1980.0,394.3,4566.5703125,85,1187.0296821594238,99.1,40.44140625,3,2996.6015894412994,9.5,108.25390625,37,26389.867210149765,7.8,25.4453125,13,26421.42195534706,7.8,331.05078125,95,26391.24690580368
2026-02-13T23:46:04,gaming_1,25.5,43.3,319662.1729045827,178147.33760030672,4095292.887752846,28313.69529696381,58.0,7863.015625,160.134,62.0,1980.0,409.9,4566.5703125,85,1188.845425605774,99.1,40.44140625,3,2998.414329767227,17.3,4.8203125,405,1771015562.9124746,13.8,201.671875,147,26425.391135931015,12.1,108.25390625,37,26391.677392959595
2026-02-13T23:46:06,gaming_1,24.1,43.3,346387.0352127678,206545.79467135013,0.0,22308.942421904136,59.0,7863.015625,156.47,63.0,1980.0,367.5,4577.12109375,85,1190.6641964912415,98.7,40.44140625,3,3000.283178806305,12.9,108.25390625,37,26393.500373601913,8.4,25.4453125,14,26425.103704452515,7.8,4.8203125,405,1771015564.723606
2026-02-13T23:46:08,gaming_1,28.5,43.3,340912.06535075465,258889.24242986305,299701.5902622409,946484.0663061211,59.0,7863.015625,152.843,62.0,1980.0,505.5,4566.57421875,85,1192.5252840518951,100.0,40.44140625,3,3002.2046241760254,16.8,201.6796875,147,26429.06493449211,15.2,163.625,23,26320.622843503952,10.9,4.8203125,405,1771015566.5840423
2026-02-13T23:46:10,gaming_1,25.6,43.3,348446.3484893105,329421.698558887,41623.24926689343,115244.3714077112,58.0,7863.015625,144.907,62.0,1980.0,457.2,4566.578125,85,1194.4936640262604,99.7,40.44140625,3,3004.1325726509094,12.7,201.6953125,147,26431.036682844162,9.5,108.265625,37,26397.32512331009,7.3,331.36328125,95,26398.792271375656
2026-02-13T23:46:12,gaming_1,33.7,43.3,347678.05687770003,267530.5133319783,0.0,184640.9793222596,55.0,7863.015625,155.851,62.0,1980.0,570.9,4566.60546875,85,1196.4557881355286,97.4,40.44140625,3,3006.025272846222,16.5,25.41015625,13,26430.837834119797,12.7,108.26953125,37,26399.28865790367,10.8,161.48046875,23,26324.429964780807
2026-02-13T23:46:14,gaming_1,24.3,43.3,340970.9835877496,346733.4918352181,35513.61110645999,23305.80728861437,55.0,7863.015625,152.17,62.0,1980.0,385.9,4566.61328125,85,1198.3142354488373,99.4,40.44140625,3,3007.8973729610443,10.1,108.26953125,37,26401.1420443058,6.8,4.8203125,405,1771015572.3604817,5.9,201.6953125,147,26434.843378543854
2026-02-13T23:46:16,gaming_1,28.0,43.3,345719.3559414845,342125.9904820276,0.0,59676.72287107658,39.0,7863.015625,140.4,60.0,1980.0,452.2,4566.61328125,85,1200.1629338264465,100.4,40.3203125,3,3009.732312440872,11.9,108.26953125,37,26402.98641180992,11.1,25.41015625,13,26434.545506238937,7.6,42.8359375,34,26436.72424864769
2026-02-13T23:46:17,gaming_1,27.2,43.3,338846.99217324925,288135.49336964404,34768.99112415071,16841.230075760497,52.0,7863.015625,145.838,61.0,1980.0,516.0,4566.61328125,85,1202.0461068153381,97.7,40.3203125,3,3011.6203389167786,19.7,331.3203125,95,26406.26013827324,9.9,108.2734375,37,26404.881705522537,8.3,4.8203125,405,1771015576.10214
2026-02-13T23:46:19,gaming_1,24.9,43.3,342437.1346783644,320520.3444223067,0.0,72509.89776646135,51.0,7863.015625,135.782,60.0,1980.0,419.7,4566.61328125,85,1203.8602645397186,98.9,40.3203125,3,3013.4842562675476,10.3,4.8203125,405,1771015577.9305277,7.6,331.3046875,95,26408.122391939163,6.9,108.2734375,37,26406.694862365723
2026-02-13T23:46:21,gaming_1,29.8,43.3,343406.3709895948,299509.912444926,0.0,14901.092561334399,56.0,7863.015625,145.222,61.0,1980.0,555.7,4566.62109375,85,1205.731838464737,99.5,40.3203125,3,3015.3068039417267,15.1,108.2734375,37,26408.558176517487,10.3,331.3203125,95,26409.949688196182,7.6,4.8203125,405,1771015579.7913783
2026-02-13T23:46:23,gaming_1,26.6,43.3,345906.84641372506,133132.31173448873,143582.32047940188,23556.47445365187,49.0,7863.015625,127.702,60.0,1980.0,385.3,4566.62109375,85,1207.5482859611511,100.4,40.3203125,3,3017.158661842346,16.3,201.703125,147,26444.08966612816,14.5,4.8203125,405,1771015581.6110291,11.1,108.1640625,37,26410.38128900528
2026-02-13T23:46:25,gaming_1,26.3,43.3,341595.69316115,141752.07860434393,110690.93241713017,50289.87073759039,58.0,7863.015625,150.467,60.0,1980.0,456.0,4566.69921875,85,1209.4877152442932,99.6,40.3203125,3,3019.072099685669,16.2,201.7109375,147,26446.02129983902,9.7,108.24609375,37,26412.31679058075,9.7,25.41015625,13,26443.89092183113
2026-02-13T23:46:27,gaming_1,29.1,43.3,338958.10069475416,242897.41856860564,928173.4675902872,29826.32899980581,53.0,7865.015625,144.866,60.0,1980.0,493.9,4566.70703125,85,1211.3578643798828,100.6,40.3203125,3,3020.9371428489685,13.4,201.71484375,147,26447.889924287796,13.3,331.3203125,95,26415.600155591965,8.4,4.8203125,405,1771015585.4073527
2026-02-13T23:46:29,gaming_1,26.7,43.3,334342.15629378974,341997.9081198281,1366627.0928327101,145094.6232374472,59.0,7865.015625,150.503,61.0,1980.0,445.0,4566.90234375,85,1213.2227263450623,99.4,39.66796875,3,3022.775205373764,17.2,331.3203125,95,26417.414073467255,10.8,108.28125,37,26416.060641288757,10.0,201.71484375,147,26449.76882791519
2026-02-13T23:46:30,gaming_1,26.1,43.3,342096.15355972445,156197.60169423505,8976439.718031779,9575.770281534904,55.0,7865.015625,150.994,61.0,1980.0,396.0,4567.09765625,85,1215.0413935184479,100.6,40.3203125,3,3024.6097605228424,15.5,4.8203125,405,1771015589.093861,10.1,331.3203125,95,26419.271806955338,7.8,42.2265625,33,26451.604870796204
2026-02-13T23:46:32,gaming_1,25.4,43.3,344459.52379578806,270207.67853061337,0.0,23291.468423673734,57.0,7865.015625,150.932,61.0,1980.0,469.1,4567.09765625,85,1216.8916256427765,99.6,39.66796875,3,3026.5069732666016,14.4,201.703125,147,26453.422294855118,10.1,108.27734375,37,26419.724492549896,8.3,331.3125,95,26421.151243448257
2026-02-13T23:46:34,gaming_1,29.8,43.3,339870.12672766397,343616.7423257465,207321.8687047036,11607.865044664395,55.0,7865.015625,148.371,60.0,1980.0,467.5,4567.09765625,85,1218.8056693077087,98.3,40.3203125,3,3028.3989129066467,13.0,25.4453125,14,26453.218733787537,11.5,42.8203125,33,26455.363246917725,10.7,4.8203125,405,1771015592.840566
2026-02-13T23:46:36,gaming_1,27.1,43.3,344988.2176173055,346590.9238753757,34722.29994343436,17903.68590833334,56.0,7865.015625,149.675,61.0,1980.0,461.3,4567.09765625,85,1220.6796658039093,98.9,40.3203125,3,3030.2460300922394,16.6,201.69140625,147,26457.208067178726,12.4,108.28125,37,26423.508171081543,7.6,331.3203125,95,26424.899147987366
2026-02-13T23:46:38,gaming_1,26.9,43.3,345137.42905959673,338981.1502784063,35512.532893591946,31350.90794512414,61.0,7865.015625,148.803,61.0,1980.0,433.7,4567.09765625,85,1222.5193498134613,100.2,40.3203125,3,3032.132887363434,14.4,201.703125,147,26459.053471803665,11.0,42.8203125,33,26459.086198329926,10.2,4.8203125,405,1771015596.5711405
2026-02-13T23:46:40,gaming_1,25.7,43.3,343512.03622589284,346797.9131246442,0.0,42389.97410194668,64.0,7865.015625,153.876,61.0,1980.0,432.2,4567.10546875,85,1224.4172008037567,99.2,40.3203125,3,3033.9757907390594,10.7,201.68359375,147,26460.953759670258,8.3,108.26953125,37,26427.24394416809,5.1,20.1796875,4,9856.682651996613
2026-02-13T23:46:42,gaming_1,28.1,43.3,341954.0098677626,345711.44729321444,35657.025646453905,84128.29488460218,60.0,7865.015625,155.087,61.0,1980.0,439.0,4567.10546875,85,1226.2506024837494,99.0,40.3203125,3,3035.8406131267548,15.2,25.41015625,13,26460.64956188202,9.4,4.8203125,405,1771015600.3070445,9.3,42.8203125,33,26462.818925380707
2026-02-13T23:46:44,gaming_1,29.1,43.4,336823.78663852543,342863.3184896887,0.0,14190.7296140935,61.0,7865.015625,155.054,61.0,1980.0,506.8,4567.10546875,85,1228.2056312561035,100.6,40.3046875,3,3038.0440402030945,10.8,25.4453125,14,26462.684212207794,10.4,640.99609375,90,26464.7903380394,8.4,331.0390625,95,26432.78165102005
2026-02-13T23:46:46,gaming_1,33.4,42.9,347219.7872627594,344612.51666227484,0.0,5920888.294052998,66.0,7865.015625,157.239,61.0,1980.0,511.9,4567.21875,85,1230.5612258911133,97.9,40.3203125,3,3040.1654880046844,84.3,709.8671875,90,26467.14337539673,25.7,4.8203125,405,1771015604.5914323,7.2,42.8203125,33,26467.120102643967
2026-02-13T23:46:48,gaming_1,30.6,42.9,330411.4492132621,345318.97413685196,0.0,16096.417196326316,71.0,7865.015625,167.885,61.0,1980.0,591.0,4567.21875,85,1232.5020625591278,98.7,40.3203125,3,3042.1138956546783,12.1,25.4453125,14,26466.90960431099,9.8,4.8203125,405,1771015606.507871,8.8,108.2421875,37,26435.33357644081
2026-02-13T23:46:50,gaming_1,30.8,42.9,344720.2439744067,345007.51169630623,0.0,68306.33489836553,74.0,7865.015625,166.033,62.0,1980.0,434.9,4575.4375,85,1234.413408756256,99.5,39.66796875,3,3044.0135493278503,22.4,4.8203125,405,1771015608.4589841,9.7,201.70703125,147,26470.950826883316,6.5,108.2421875,37,26437.248698472977
2026-02-13T23:46:52,gaming_1,26.1,42.9,346202.9791140037,343100.95383476984,0.0,49692.130586235435,63.0,7865.015625,153.183,61.0,1980.0,555.0,4575.6953125,85,1236.3428606987,99.8,40.31640625,3,3045.954334974289,9.2,4.8203125,405,1771015610.332931,8.1,108.2421875,37,26439.166249990463,8.1,25.44921875,14,26470.752998113632
2026-02-13T23:46:54,gaming_1,29.3,42.9,343401.88926637813,341653.20525589114,33314.463753277174,13013.462403623897,61.0,7865.015625,153.609,61.0,1980.0,454.3,4575.8046875,85,1238.2505841255188,98.9,40.31640625,3,3047.8810834884644,10.3,201.72265625,147,26474.78172159195,9.8,108.2421875,37,26441.07800602913,9.5,4.8203125,405,1771015612.2993665
2026-02-13T23:46:56,gaming_1,30.3,42.9,349603.4866808656,342850.1001346433,34126.7592484557,14663.841864570808,60.0,7865.015625,155.372,61.0,1980.0,518.9,4575.8671875,85,1240.1658174991608,99.5,40.3203125,3,3049.748870611191,15.4,25.41015625,13,26474.568392038345,10.6,4.8203125,405,1771015614.2198582,8.1,108.2421875,37,26443.002799749374
2026-02-13T23:46:57,gaming_1,26.9,42.9,340744.7864567552,341413.5022593616,0.0,5263.161268410563,51.0,7865.015625,148.998,60.0,1980.0,421.3,4575.9765625,85,1242.0016627311707,98.9,40.31640625,3,3051.566282272339,12.8,108.24609375,37,26444.838642835617,12.7,4.8203125,405,1771015616.068647,5.1,331.0390625,95,26446.232104063034
2026-02-13T23:46:59,gaming_1,29.2,42.9,343445.4919196329,347539.5526807143,105633.21497568204,58318.33743449113,61.0,7865.015625,155.485,61.0,1980.0,534.5,4576.38671875,85,1243.8643362522125,98.9,40.3203125,3,3053.431217432022,10.9,4.8203125,405,1771015617.9298987,10.1,108.2578125,37,26446.699162483215,7.6,25.41015625,13,26478.25068473816
2026-02-13T23:47:01,gaming_1,28.3,42.9,343267.55728137016,345095.14925327274,35636.14027688486,87698.31396264632,64.0,7865.015625,154.228,61.0,1980.0,484.0,4576.62109375,85,1245.7398345470428,100.1,40.3125,3,3055.351361989975,12.7,4.8203125,405,1771015619.7690818,8.4,108.16015625,37,26448.557715654373,7.6,201.703125,147,26482.258633613586
2026-02-13T23:47:03,gaming_1,26.0,42.9,343109.090294087,342457.3133779115,34062.88036561367,16233.091424237768,64.0,7865.015625,161.707,62.0,1980.0,482.4,4576.62890625,85,1247.6480839252472,99.3,40.31640625,3,3057.224446773529,14.0,25.41015625,13,26482.049733638763,13.0,108.203125,37,26450.478611946106,8.4,331.3046875,95,26451.87974834442
2026-02-13T23:47:05,gaming_1,31.4,42.9,344780.1553209465,345894.88599098247,0.0,29343.38741986356,60.0,7865.015625,158.101,61.0,1980.0,494.9,4577.078125,85,1249.5747895240784,98.8,40.3125,3,3059.140862464905,12.1,4.8203125,405,1771015623.6339996,8.1,108.21875,37,26452.40426182747,4.1,331.36328125,95,26453.781589984894
2026-02-13T23:47:07,gaming_1,26.6,43.0,335375.8742525742,339738.0367649221,356013.30312481505,938428.8162055671,51.0,7865.015625,157.83,61.0,1980.0,480.9,4577.28125,86,1251.413413286209,99.5,40.3203125,3,3061.0053482055664,11.0,25.41015625,13,26485.812168359756,10.2,108.21875,37,26454.249306440353,6.8,4.8203125,405,1771015625.4701467
2026-02-13T23:47:09,gaming_1,29.5,42.9,347384.7779581179,346798.0584222578,34087.98892032715,83355.78540673749,62.0,7865.015625,167.813,62.0,1980.0,547.1,4577.3984375,86,1253.3494625091553,99.8,39.66796875,3,3062.9330048561096,8.9,4.8203125,405,1771015627.393449,8.1,108.22265625,37,26456.180677890778,4.1,201.6875,147,26489.877455711365
2026-02-13T23:47:11,gaming_1,27.1,43.0,343534.346624194,342944.93333647883,35052.4403118885,87904.94796965788,63.0,7865.015625,165.973,62.0,1980.0,430.3,4577.53125,86,1255.2195491790771,100.0,40.3203125,3,3064.808183193207,10.0,25.44921875,14,26489.62572002411,8.4,108.25390625,37,26458.0456802845,5.8,42.74609375,33,26491.787032604218
2026-02-13T23:47:13,gaming_1,23.6,42.9,344330.243073589,346570.4350346405,34930.57824398549,81595.64761680986,67.0,7865.015625,163.453,62.0,1980.0,515.8,4577.6484375,86,1257.1494381427765,98.4,40.3203125,3,3066.7142231464386,10.5,108.26171875,37,26459.975425481796,7.5,201.71484375,147,26493.619716882706,5.0,4.8203125,405,1771015631.1372545
2026-02-13T23:47:14,gaming_1,33.0,42.9,341416.6803671879,343826.7722284993,69078.40814471997,46412.055472233726,60.0,7865.015625,154.736,62.0,1980.0,505.7,4577.65625,86,1258.9880321025848,100.1,40.3203125,3,3068.556206226349,11.9,108.27734375,37,26461.813514471054,11.0,25.41015625,13,26493.381158828735,8.2,4.8203125,405,1771015633.0355709
2026-02-13T23:47:16,gaming_1,26.9,43.0,347143.29387119366,345128.087390109,466927.23287373385,9540.580479391196,56.0,7865.015625,151.108,61.0,1980.0,502.6,4578.265625,86,1260.8065571784973,100.0,40.30859375,3,3070.3848028182983,11.1,4.8203125,405,1771015634.86076,10.3,108.29296875,37,26463.63147878647,6.0,331.3125,95,26465.03231024742
2026-02-13T23:47:18,gaming_1,29.8,43.0,340821.6174283046,342299.45854912564,0.0,91631.57276107196,61.0,7865.015625,152.672,61.0,1980.0,455.6,4578.28125,86,1262.6524498462677,99.2,40.32421875,3,3072.274144887924,16.9,4.8203125,405,1771015636.7055142,13.5,42.74609375,33,26499.22065591812,10.2,25.41015625,14,26497.041781425476
2026-02-13T23:47:20,gaming_1,27.1,43.0,344819.85213190515,344599.105660185,0.0,83811.14350450349,59.0,7865.015625,158.406,61.0,1980.0,459.5,4578.28125,86,1264.5183372497559,100.5,40.31640625,3,3074.0785007476807,14.2,108.3046875,37,26467.356440782547,7.5,4.8203125,405,1771015638.5797553,4.3,233.54296875,277,26495.9290497303
2026-02-13T23:47:22,gaming_1,29.5,43.0,341217.80017400964,342827.5358596182,0.0,12381.060268142604,53.0,7865.015625,159.68,61.0,1980.0,502.2,4578.32421875,86,1266.3581516742706,99.6,39.671875,3,3075.9304463863373,16.3,4.8203125,405,1771015640.3994668,16.0,25.4453125,14,26500.754885435104,13.7,108.3046875,37,26469.18325138092
2026-02-13T23:47:24,gaming_1,31.7,43.0,342724.77268291824,346761.6788744599,134415.18311640905,16801.89788955113,54.0,7865.015625,162.523,62.0,1980.0,582.5,4578.33984375,86,1268.284364938736,97.6,40.32421875,3,3077.836318731308,13.6,4.8203125,405,1771015642.349893,12.9,108.30859375,37,26471.123292446136,5.6,201.68359375,147,26504.831889629364
2026-02-13T23:47:25,gaming_1,25.8,42.9,338816.15418147465,342736.96199226414,0.0,23468.947124064172,45.0,7865.015625,156.313,61.0,1980.0,419.8,4578.3671875,86,1270.0807209014893,99.6,40.32421875,3,3079.640542268753,10.4,25.41015625,13,26504.460574150085,9.7,108.3125,37,26472.90236377716,9.6,4.8203125,405,1771015644.1388245
2026-02-13T23:47:27,gaming_1,25.9,42.9,347059.6935344674,345814.49493810686,0.0,13728.28771181359,58.0,7865.015625,164.083,62.0,1980.0,468.0,4578.625,86,1271.9337494373322,100.2,40.32421875,3,3081.4811062812805,13.3,108.30078125,37,26474.7773373127,12.6,4.8203125,405,1771015646.0038831,3.4,331.296875,95,26476.11118364334
2026-02-13T23:47:29,gaming_1,27.7,43.0,341546.2339757889,345304.95436443394,0.0,99674.61883720996,59.0,7865.015625,160.92,62.0,1980.0,488.4,4578.59765625,85,1273.729068517685,98.4,40.30859375,2,3083.2922234535217,16.4,25.4453125,14,26508.11981201172,14.0,108.3125,37,26476.560764312744,7.9,42.26171875,35,26510.29314303398
2026-02-13T23:47:31,gaming_1,27.2,43.0,345830.0065956783,133808.25336084387,90483.82185927762,72387.0574874221,64.0,7865.015625,164.385,63.0,1980.0,475.8,4579.09765625,86,1275.5904030799866,99.7,40.3046875,2,3085.1572926044464,10.4,4.8203125,405,1771015649.601422,5.8,108.26953125,37,26478.438419103622,4.3,201.703125,147,26512.08575630188
2026-02-13T23:47:33,gaming_1,29.2,43.0,348827.17480234936,158329.40532647626,3110733.301181842,17933.997019392173,59.0,7865.015625,174.411,62.0,1980.0,486.8,4579.11328125,86,1277.4360098838806,100.2,40.42578125,2,3087.012901544571,10.0,4.8203125,405,1771015651.4885406,9.4,108.26953125,37,26480.26576781273,9.3,25.41015625,13,26511.81579065323
2026-02-13T23:47:35,gaming_1,24.4,43.0,351785.533249967,125295.57690209296,35869.10585890447,43715.47276553982,60.0,7865.015625,161.361,62.0,1980.0,429.7,4579.2109375,86,1279.2654848098755,99.5,40.42578125,2,3088.8352534770966,12.8,4.8203125,405,1771015653.3148842,12.0,108.265625,37,26482.094801664352,5.1,331.03125,95,26483.4717297554
2026-02-13T23:47:36,gaming_1,27.4,42.9,338444.64363223343,296866.7733388892,35973.0062912671,25855.598271848226,60.0,7865.015625,167.175,63.0,1980.0,425.6,4579.2109375,86,1281.079290151596,98.9,40.4375,3,3090.635519504547,12.9,108.265625,37,26483.918258666992,10.3,4.8203125,405,1771015655.1357126,8.7,25.41015625,13,26515.45615720749
2026-02-13T23:47:38,gaming_1,24.0,43.0,345482.7072199182,251722.9426108593,72299.23794160756,64956.34658816304,60.0,7865.015625,161.805,63.0,1980.0,437.1,4579.2109375,86,1282.8775792121887,99.9,40.4375,3,3092.3867280483246,11.3,108.2734375,37,26485.714324474335,8.1,331.03125,95,26487.025214910507,4.3,4.8203125,405,1771015656.946843
2026-02-13T23:47:40,gaming_1,25.9,42.9,344176.18470276863,143164.21742745035,0.0,19742.025834249554,50.0,7865.015625,148.616,61.0,1980.0,356.9,4579.2109375,86,1284.6107506752014,99.9,39.6640625,3,3094.1698768138885,15.9,25.4453125,14,26518.991592168808,15.3,4.8203125,405,1771015658.6848404,11.7,108.2734375,37,26487.454076766968
2026-02-13T23:47:42,gaming_1,22.2,43.0,345866.16634359123,264382.1195390103,36185.92913017121,17527.55942242668,48.0,7865.015625,142.972,61.0,1980.0,404.5,4584.125,86,1286.449833393097,99.4,40.31640625,3,3096.0715692043304,15.9,25.44921875,14,26520.861383914948,12.0,108.2734375,37,26489.27674651146,9.5,201.71484375,147,26522.98167657852
2026-02-13T23:47:44,gaming_1,31.7,43.0,348543.9381641174,262287.5919463142,69982.36983423233,16128.749297733231,52.0,7865.015625,156.233,61.0,1980.0,536.4,4584.6875,86,1288.308688879013,98.6,40.31640625,3,3097.8780477046967,14.3,108.24609375,37,26491.14056110382,12.5,201.6796875,147,26524.850882053375,7.5,4.8203125,405,1771015662.3685005
2026-02-13T23:47:45,gaming_1,23.5,43.0,351293.41048232897,169889.24838415327,36266.88702240363,26633.495157077665,54.0,7865.015625,152.481,61.0,1980.0,396.7,4584.765625,86,1290.115550518036,99.3,40.31640625,3,3099.6559479236603,12.2,108.26953125,37,26492.929107904434,8.7,25.44921875,14,26524.488409519196,7.9,331.3515625,95,26494.285667181015
2026-02-13T23:47:47,gaming_1,28.9,43.0,342562.14648305456,93311.22063974362,0.0,17744.671008131474,52.0,7865.015625,151.032,61.0,1980.0,442.8,4584.765625,86,1291.8767404556274,98.6,40.3125,3,3101.399513244629,14.2,4.8203125,405,1771015665.9350119,13.1,108.2734375,37,26494.71373939514,13.1,42.1875,35,26528.444899082184
2026-02-13T23:47:49,gaming_1,27.8,43.0,345064.5608761816,117287.1639772598,37545.825493902514,60425.31290424936,52.0,7865.015625,153.954,61.0,1980.0,509.0,4584.765625,86,1293.592322587967,96.5,39.6640625,3,3103.115464925766,15.4,108.2734375,37,26496.437571763992,10.7,4.8203125,405,1771015667.6822617,2.7,201.671875,147,26530.15963459015
2026-02-13T23:47:51,gaming_1,25.2,43.0,339461.81705544115,130238.22613365327,151072.469607687,37473.05398471924,52.0,7865.015625,151.715,61.0,1980.0,428.9,4584.765625,86,1295.3301131725311,97.1,40.31640625,3,3104.853490829468,14.4,108.28515625,37,26498.174959421158,12.6,25.4453125,14,26529.689429044724,8.0,331.31640625,95,26499.492611646652
2026-02-13T23:47:52,gaming_1,26.3,43.0,335673.7687223327,117821.23836550847,379000.690975584,17765.6573894805,45.0,7865.015625,141.473,60.0,1980.0,450.2,4585.109375,86,1297.0723357200623,100.7,40.31640625,3,3106.6072340011597,16.3,4.8203125,405,1771015671.146424,10.8,108.29296875,37,26499.912554740906,2.7,201.67578125,147,26533.628313064575
2026-02-13T23:47:54,gaming_1,24.6,43.0,343604.40232221,92757.19131805819,37137.78386801719,13056.252141099794,50.0,7865.015625,131.02,60.0,1980.0,380.9,4585.11328125,86,1298.8445241451263,99.2,40.3125,3,3108.387176513672,19.5,201.70703125,147,26535.393258333206,12.4,108.30078125,37,26501.677496671677,8.8,25.4453125,14,26533.221615552902
2026-02-13T23:47:56,gaming_1,25.0,43.0,348036.20793062256,174050.06486070977,0.0,8038.445551449184,52.0,7865.015625,148.981,61.0,1980.0,389.3,4585.125,86,1300.6426920890808,99.4,40.3125,3,3110.195474386215,15.7,108.30859375,37,26503.47339773178,14.9,4.8203125,405,1771015674.700032,10.5,201.70703125,147,26537.18359708786
2026-02-13T23:47:58,gaming_1,24.3,43.0,344901.00525155535,133657.65554803613,36064.97136009065,10988.54596127762,48.0,7865.015625,146.853,60.0,1980.0,423.8,4585.125,86,1302.456396818161,98.9,40.30078125,3,3111.983369588852,14.7,201.71484375,147,26538.99415421486,11.2,108.31640625,37,26505.2815618515,9.7,331.33203125,95,26506.613428115845
2026-02-13T23:48:00,gaming_1,25.8,43.0,339733.70202846033,98166.97165118015,112301.14662490023,70188.21664056265,51.0,7865.015625,150.62,61.0,1980.0,465.2,4585.125,86,1304.193472146988,98.7,40.30859375,3,3113.770571947098,12.5,108.32421875,37,26507.03440451622,11.6,201.6796875,147,26540.746408224106,11.5,25.4453125,14,26538.587795495987
2026-02-13T23:48:01,gaming_1,27.2,43.0,336662.79737897334,117857.2029048371,72503.0005028668,8779.660217144025,47.0,7865.015625,150.09,60.0,1980.0,438.5,4585.125,86,1305.9965617656708,96.9,40.3125,3,3115.5282135009766,12.5,331.33203125,95,26510.15655374527,10.4,108.328125,37,26508.836449861526,6.9,4.8203125,400,1771015680.0735724
2026-02-13T23:48:03,gaming_1,24.3,43.0,347660.471501455,118396.59451864437,0.0,10290.212935955473,49.0,7865.015625,150.643,61.0,1980.0,427.6,4585.1484375,86,1307.7431013584137,99.9,40.3125,3,3117.2797796726227,17.8,331.31640625,95,26511.91454744339,9.9,4.8203125,400,1771015681.8104105,7.1,25.44921875,14,26542.122128725052
2026-02-13T23:48:05,gaming_1,26.6,43.0,342505.51400743343,100460.54524183761,37146.56164574792,36856.35413289051,50.0,7865.015625,148.889,60.0,1980.0,412.8,4585.15234375,86,1309.4915843009949,98.4,39.6640625,3,3119.0099778175354,12.4,4.8203125,400,1771015683.5757635,10.9,331.32421875,95,26513.637063264847,9.8,108.2890625,37,26512.337510347366
2026-02-13T23:48:07,gaming_1,23.1,43.0,343823.5326023691,91956.1524531145,0.0,599704.0353319653,54.0,7865.015625,152.77,60.0,1980.0,413.8,4585.35546875,86,1311.2174289226532,99.0,40.3125,3,3120.7465443611145,17.0,331.33203125,95,26515.381532669067,10.1,108.2890625,37,26514.04742527008,5.5,4.8203125,400,1771015685.2888663
2026-02-13T23:48:08,gaming_1,29.0,43.0,344360.11348488333,130747.37664381032,37438.655998675036,81312.08099712235,54.0,7865.015625,153.553,60.0,1980.0,460.4,4585.35546875,86,1312.9682002067566,99.9,40.3125,3,3122.4983224868774,19.7,25.41015625,13,26547.32673048973,16.0,331.33203125,95,26517.137367725372,13.3,42.1875,35,26549.539744138718
2026-02-13T23:48:10,gaming_1,26.7,43.0,341692.8399412805,153753.60041186024,74954.50134521285,49188.89150779594,52.0,7865.015625,153.14,60.0,1980.0,427.8,4585.35546875,86,1314.7143321037292,98.1,40.3125,3,3124.234745979309,17.0,4.8203125,400,1771015688.785846,9.0,331.33203125,95,26518.87500166893,8.1,108.2890625,37,26517.551047563553
2026-02-13T23:48:12,gaming_1,24.2,43.0,341754.68984207953,175937.7692576802,0.0,33123.193847796014,52.0,7865.015625,153.78,61.0,1980.0,412.3,4585.35546875,86,1316.4608721733093,99.4,40.3125,3,3126.0139417648315,9.7,331.31640625,95,26520.642033338547,5.4,4.8203125,400,1771015690.5336542,5.3,108.296875,37,26519.30499815941
2026-02-13T23:48:14,gaming_1,25.4,43.0,341685.5199134548,183907.8422015323,0.0,32745.338691536675,51.0,7865.015625,154.22,60.0,1980.0,421.5,4585.35546875,86,1318.2258069515228,99.1,40.31640625,3,3127.7605192661285,9.8,25.4453125,14,26552.595898151398,9.8,331.05078125,95,26522.400885105133,8.8,4.8203125,400,1771015692.3006778
2026-02-13T23:48:15,gaming_1,24.6,43.0,345168.24718838587,98326.25911250069,37471.998634595475,26932.999018615497,55.0,7865.015625,152.511,61.0,1980.0,398.3,4585.35546875,86,1319.9833207130432,100.6,40.31640625,3,3129.51594042778,13.4,4.8203125,400,1771015694.049825,8.0,331.046875,95,26524.150065660477,5.3,108.41015625,37,26522.825345277786
2026-02-13T23:48:17,gaming_1,26.3,43.0,344524.6470086454,101251.9600024415,0.0,25106.01589608911,51.0,7865.015625,154.079,61.0,1980.0,437.2,4585.35546875,86,1321.7305266857147,99.1,40.3125,3,3131.2665882110596,13.4,4.8203125,400,1771015695.80382,10.7,25.41015625,14,26556.102320194244,9.9,42.3515625,35,26558.300838708878
2026-02-13T23:48:19,gaming_1,24.3,43.0,383801.6800612727,133456.24850765098,150031.32650660494,71499.3040383039,55.0,7865.015625,154.97,61.0,1980.0,417.6,4585.35546875,86,1323.4744334220886,99.8,40.3125,3,3133.0048003196716,8.0,4.8203125,400,1771015697.5515912,7.2,108.41015625,37,26526.316692113876,5.4,233.98046875,276,26554.85637140274
2026-02-13T23:48:21,gaming_1,27.9,43.0,340583.25713483966,103155.65399937444,75252.78218646203,11758.247216634692,54.0,7865.015625,152.861,61.0,1980.0,416.4,4585.35546875,86,1325.2270567417145,98.8,39.6640625,3,3134.76003408432,15.2,4.8203125,400,1771015699.2923813,12.5,42.3515625,35,26561.793813467026,7.2,331.04296875,95,26529.38559269905
2026-02-13T23:48:22,gaming_1,23.7,43.0,346063.609177521,165967.9333529728,0.0,9625.094225795898,53.0,7865.015625,153.07,61.0,1980.0,425.0,4585.35546875,86,1326.9847061634064,100.0,40.3125,3,3136.52455163002,7.1,4.8203125,400,1771015701.0482929,5.3,108.41796875,37,26529.81973671913,3.5,20.234375,6,9959.195461273193
2026-02-13T23:48:24,gaming_1,25.2,43.0,341448.75561467983,116674.73477125233,0.0,126535.30768904637,54.0,7865.015625,152.424,61.0,1980.0,361.6,4585.35546875,86,1328.7249751091003,97.3,40.3125,3,3138.258235692978,15.2,25.4453125,14,26563.098555088043,8.0,4.8203125,400,1771015702.8079438,8.0,108.41796875,37,26531.569314718246
2026-02-13T23:48:26,gaming_1,23.2,43.0,343717.87364621623,106885.47492517823,37282.42915755554,12524.566045116315,54.0,7865.015625,152.151,61.0,1980.0,418.1,4585.35546875,86,1330.4857785701752,99.3,40.3125,3,3140.020918369293,8.9,4.8203125,400,1771015704.5660892,5.3,108.421875,37,26533.324747800827,5.3,331.04296875,95,26534.65617442131
2026-02-13T23:48:28,gaming_1,26.6,43.0,342350.9564901767,107238.21524821772,0.0,11185.715213264231,52.0,7865.015625,153.577,61.0,1980.0,382.5,4585.35546875,86,1332.2415239810944,99.5,40.3125,3,3141.7810270786285,20.3,25.44921875,14,26566.615202903748,14.2,42.1875,35,26568.812474012375,7.1,108.41796875,37,26535.0746383667
2026-02-13T23:48:29,gaming_1,23.6,43.0,342825.98021164036,132893.0702839758,37218.828275530286,94500.93116833862,56.0,7865.015625,153.833,61.0,1980.0,396.1,4585.35546875,86,1333.9896004199982,99.9,40.3046875,3,3143.517256259918,11.6,108.44140625,37,26536.83237028122,8.0,4.8203125,400,1771015708.0655081,4.5,331.36328125,95,26538.14685535431
2026-02-13T23:48:31,gaming_1,26.3,43.0,343458.45191159734,84672.06287267506,0.0,7353.795662710278,49.0,7865.015625,149.559,60.0,1980.0,418.2,4585.35546875,86,1335.7304196357727,96.1,40.31640625,3,3145.2732603549957,8.1,4.8203125,400,1771015709.806816,8.1,201.6953125,147,26572.285203933716,7.2,25.41015625,13,26570.095804214478
2026-02-13T23:48:33,gaming_1,28.1,43.0,339294.7399271067,102471.04487937562,0.0,4674.842674291598,55.0,7865.015625,143.484,60.0,1980.0,518.4,4585.36328125,86,1337.4934875965118,99.6,40.4375,3,3147.031513929367,9.8,201.703125,147,26574.03764271736,8.0,108.44140625,37,26540.330900669098,6.2,4.8203125,400,1771015711.5587413
2026-02-13T23:48:35,gaming_1,25.0,43.0,344841.01059794147,97571.63683124314,36720.406062813905,16925.812169578287,47.0,7865.015625,150.685,60.0,1980.0,413.6,4585.37109375,86,1339.2770159244537,99.6,40.4375,3,3148.8350989818573,12.2,201.70703125,147,26575.827464580536,11.4,4.8203125,400,1771015713.3444107,7.9,108.42578125,37,26542.115295648575
2026-02-13T23:48:36,gaming_1,27.9,43.0,342783.8367664472,160725.70473526363,72983.84042522544,17390.68072632325,50.0,7865.015625,141.206,60.0,1980.0,446.8,4585.37109375,86,1341.0816957950592,99.1,40.4375,3,3150.633002758026,10.4,4.8203125,400,1771015715.139064,8.7,201.6953125,147,26577.624802589417,7.8,108.44140625,37,26543.918763399124
2026-02-13T23:48:38,gaming_1,22.5,43.0,343334.1166464828,97831.6384354907,0.0,12569.155559150106,51.0,7865.015625,153.479,60.0,1980.0,403.4,4585.37109375,86,1342.8712322711945,98.1,40.4375,3,3152.4343180656433,9.6,108.44140625,37,26545.70891070366,6.1,4.8203125,400,1771015716.931908,6.1,201.7109375,147,26579.41286253929
2026-02-13T23:48:40,gaming_1,24.0,43.0,337246.1595782571,141706.55005777706,0.0,118301.37552795761,59.0,7865.015625,154.091,61.0,1980.0,405.4,4585.37109375,86,1344.6869521141052,99.4,40.4375,3,3154.2253930568695,14.8,25.4453125,13,26579.057502031326,10.3,108.40234375,37,26547.52808880806,7.7,42.1875,35,26581.258840084076
2026-02-13T23:48:42,gaming_1,26.3,43.0,337480.6398730645,161506.4322848657,0.0,17675.597861255625,48.0,7865.015625,145.475,61.0,1980.0,477.8,4585.65625,86,1346.4739117622375,98.6,40.4375,3,3156.032660007477,12.3,108.40625,37,26549.312883615494,11.3,201.70703125,147,26583.025600910187,9.6,4.8203125,400,1771015720.5427783
2026-02-13T23:48:44,gaming_1,25.3,43.0,340882.28781387693,212531.94626519326,0.0,6609.874760905858,50.0,7865.015625,148.266,60.0,1980.0,393.5,4585.65625,86,1348.2631211280823,98.3,39.66015625,3,3157.7803366184235,9.6,4.8203125,400,1771015722.3265293,6.1,108.41015625,37,26551.09704875946,5.4,331.3203125,95,26552.41504049301
2026-02-13T23:48:45,gaming_1,26.8,43.0,343636.9473739707,115945.19328312267,37158.889656669686,16837.62187567845,52.0,7865.015625,149.154,61.0,1980.0,454.9,4585.65625,86,1350.02236866951,99.5,40.30859375,3,3159.5868985652924,11.5,4.8203125,400,1771015724.0876052,10.6,108.41015625,37,26552.861371040344,7.1,201.69140625,147,26586.57252430916
2026-02-13T23:48:47,gaming_1,29.0,43.0,343807.6798162515,93012.25525252221,0.0,17201.013459298887,50.0,7865.015625,147.846,60.0,1980.0,446.4,4585.65625,86,1351.8311421871185,99.0,40.3125,3,3161.418163537979,13.8,4.8203125,400,1771015725.9064744,12.0,25.41015625,13,26586.230770111084,11.2,108.36328125,37,26554.66982269287
2026-02-13T23:48:49,gaming_1,24.6,43.0,340478.22017373645,130202.9845725963,72075.19889306251,70104.39267333034,49.0,7865.015625,148.457,60.0,1980.0,412.7,4585.65625,86,1353.6484014987946,100.6,40.3125,3,3163.1878390312195,14.6,4.8203125,400,1771015727.72009,12.1,108.3671875,37,26556.48481798172,7.8,201.71484375,147,26590.198235988617
2026-02-13T23:48:51,gaming_1,26.2,43.0,341903.58146612806,87555.87347021245,27955.997744627013,8736.249295195941,50.0,7865.015625,147.335,61.0,1980.0,407.6,4585.65625,86,1355.408341884613,98.9,40.3125,3,3164.941472530365,16.9,4.8203125,400,1771015729.4787996,8.9,42.26171875,35,26591.976761341095,8.0,25.41015625,13,26589.772598028183
2026-02-13T23:48:52,gaming_1,23.8,43.0,342595.0133881312,206139.92079966274,73977.09350107846,17338.381289315264,51.0,7865.015625,146.367,60.0,1980.0,421.2,4585.65625,86,1357.1739852428436,99.2,40.3125,3,3166.704963684082,9.7,4.8203125,400,1771015731.2546046,9.7,108.37890625,37,26560.018522024155,2.7,198.1171875,47,26573.151751041412
2026-02-13T23:48:54,gaming_1,24.0,43.0,346025.63521155075,134486.92638331716,0.0,10557.51813104696,49.0,7865.015625,148.997,60.0,1980.0,386.4,4585.65625,86,1358.9166564941406,96.4,40.3125,3,3168.43989443779,9.0,108.3828125,37,26561.759853839874,9.0,25.41015625,13,26593.278735160828,8.1,42.26171875,35,26595.490421056747
2026-02-13T23:48:56,gaming_1,24.2,43.0,340237.09858024353,114414.61177994299,37937.909179089605,43865.707488322354,49.0,7865.015625,149.753,61.0,1980.0,421.6,4585.65625,86,1360.6477336883545,99.0,40.30859375,3,3170.190850019455,10.9,4.8203125,400,1771015734.7244592,7.1,331.33203125,95,26564.83452820778,5.4,108.39453125,37,26563.48607301712
2026-02-13T23:48:58,gaming_1,25.7,43.0,341658.464979075,97237.0331798815,0.0,10451.607422144327,54.0,7865.015625,153.331,60.0,1980.0,427.3,4585.65625,86,1362.4023144245148,99.6,40.3125,3,3171.9471967220306,13.3,4.8203125,400,1771015736.48693,11.5,108.39453125,37,26565.25011396408,5.3,201.671875,147,26598.964541196823
2026-02-13T23:48:59,gaming_1,25.6,42.9,344328.903868041,94148.86771920483,84259.8137823228,79871.28181449349,49.0,7865.015625,148.125,60.0,1980.0,401.6,4585.65625,86,1364.165060043335,100.7,40.3125,3,3173.701150417328,13.4,4.8203125,400,1771015738.2366056,11.7,25.41015625,13,26598.517895936966,10.7,42.1875,35,26600.738136291504
2026-02-13T23:49:01,gaming_1,24.7,42.9,339635.5829705467,122096.24540045,0.0,49399.56966135937,48.0,7865.015625,149.697,60.0,1980.0,438.6,4585.6796875,86,1365.9572319984436,99.1,39.6640625,3,3175.4834611415863,11.4,108.3046875,37,26568.791352033615,9.7,201.70703125,147,26602.49713087082,7.0,331.0546875,95,26570.12179350853
2026-02-13T23:49:03,gaming_1,28.6,43.0,342713.6456514661,152623.16322098096,37028.86704840852,10992.94490499628,52.0,7865.015625,149.952,60.0,1980.0,485.5,4585.6875,86,1367.7243344783783,99.8,40.30859375,3,3177.267803668976,17.5,25.41015625,13,26602.100500822067,16.8,108.30078125,37,26570.557424783707,10.6,4.8203125,400,1771015741.7820587
2026-02-13T23:49:05,gaming_1,25.6,43.0,344242.7544870599,106174.76766543846,108582.14462060414,27428.302156767193,48.0,7865.015625,149.257,61.0,1980.0,405.0,4585.6875,86,1369.5336744785309,100.0,40.30859375,3,3179.110662460327,11.2,108.30078125,37,26572.37126493454,10.4,201.69921875,147,26606.074900627136,9.5,4.8203125,400,1771015743.591338
2026-02-13T23:49:07,gaming_1,24.5,43.0,344500.24770193256,88962.02705064006,361762.8381751817,905544.7144259264,54.0,7865.015625,152.639,60.0,1980.0,412.0,4585.6875,86,1371.3160355091095,99.7,40.30859375,3,3180.8339924812317,11.4,108.23046875,37,26574.146335363388,11.3,201.7265625,147,26607.867718458176,10.8,25.41015625,13,26605.679016828537
2026-02-13T23:49:08,gaming_1,30.3,43.0,344225.1473434195,142855.47760925264,0.0,9771.257068022835,53.0,7865.015625,154.291,60.0,1980.0,427.5,4585.6875,86,1373.04168009758,98.9,40.30859375,3,3182.555723428726,16.3,4.8203125,400,1771015747.118939,15.3,42.15625,33,26609.61694264412,11.8,25.41015625,13,26607.402309179306
2026-02-13T23:49:10,gaming_1,24.2,43.0,323852.41201428865,81872.09732320452,38346.8630392185,61414.89783624838,50.0,7865.015625,150.139,61.0,1980.0,377.6,4585.6875,86,1374.7334856987,100.0,40.30859375,3,3184.2271122932434,11.0,4.8203125,400,1771015748.8291001,11.0,201.68359375,147,26611.306857824326,9.2,108.2421875,37,26577.581748485565
2026-02-13T23:49:12,gaming_1,26.8,43.0,313597.24142517673,110014.34028509595,77858.16663524993,108575.64644056337,50.0,7865.015625,150.241,61.0,1980.0,424.1,4585.6875,86,1376.450528383255,100.3,39.6640625,3,3185.9871566295624,17.9,25.4453125,14,26610.832548856735,13.0,4.8203125,400,1771015750.5128272,11.0,42.15625,33,26613.02107858658
2026-02-13T23:49:14,gaming_1,27.0,42.9,343534.8299617889,74809.5553881073,0.0,8707.618638405966,52.0,7865.015625,148.952,60.0,1980.0,418.5,4585.6875,86,1378.2014501094818,99.2,40.30859375,3,3187.735775947571,12.4,108.23828125,37,26581.044704675674,10.6,4.8203125,400,1771015752.2813323,9.7,201.703125,147,26614.76817703247
2026-02-13T23:49:15,gaming_1,22.0,42.9,341862.6458394128,177473.1735307204,0.0,16209.475065375524,47.0,7865.015625,137.542,59.0,1980.0,350.5,4585.7421875,86,1379.9841701984406,99.9,40.30859375,3,3189.551824092865,9.8,201.71484375,147,26616.526540517807,9.5,25.44921875,14,26614.367896080017,6.2,4.8203125,400,1771015754.0449276
2026-02-13T23:49:17,gaming_1,24.1,42.9,344243.64483962045,233408.74236010996,0.0,18204.51967623683,51.0,7865.015625,142.614,60.0,1980.0,384.9,4585.7421875,86,1381.7746062278748,99.5,40.30859375,3,3191.327162504196,15.8,108.23828125,37,26584.603746414185,8.7,4.8203125,400,1771015755.8440373,6.1,201.69921875,147,26618.325721263885
2026-02-13T23:49:19,gaming_1,24.1,43.0,340982.0395682679,119146.28371116958,18378.951002686124,66049.35516590325,57.0,7865.015625,135.32,59.0,1980.0,407.9,4585.7421875,86,1383.5454058647156,99.8,40.30859375,3,3193.06339430809,14.0,201.6875,147,26620.104465723038,13.3,25.44921875,14,26617.902104377747,12.3,108.2578125,37,26586.38195323944
2026-02-13T23:49:21,gaming_1,27.6,43.0,341601.2369880235,110882.36983140034,0.0,73004.57161219286,48.0,7865.015625,145.885,59.0,1980.0,385.7,4585.7421875,86,1385.3390188217163,99.9,40.30859375,3,3194.8930089473724,14.1,4.8203125,400,1771015759.3980649,11.5,201.72265625,147,26621.880318403244,11.4,108.26171875,37,26588.17147397995
2026-02-13T23:49:22,gaming_1,24.5,43.0,339688.12069539574,174858.7926537195,0.0,20501.02648836356,51.0,7865.015625,146.232,60.0,1980.0,417.1,4585.7421875,86,1387.1670773029327,99.1,40.30859375,3,3196.7219576835632,13.7,201.71484375,147,26623.705090284348,11.1,108.26953125,37,26589.999264240265,7.7,4.8203125,400,1771015761.2236545
2026-02-13T23:49:24,gaming_1,29.1,43.0,340779.8952484791,93125.42667615284,36719.017884894725,13482.764379609782,48.0,7865.015625,147.856,60.0,1980.0,443.4,4585.7421875,86,1388.9186935424805,99.8,40.30859375,3,3198.413318157196,18.6,42.15625,33,26625.49498939514,13.2,201.6953125,147,26625.477355480194,11.8,25.44140625,14,26623.26624727249
2026-02-13T23:49:26,gaming_1,23.1,43.0,342469.33789701056,129963.004328757,0.0,9461.045391903936,44.0,7865.015625,140.474,59.0,1980.0,430.2,4585.7421875,86,1390.6000792980194,100.5,40.30859375,3,3200.1399068832397,14.0,108.27734375,37,26593.436410188675,11.2,4.8203125,400,1771015764.6834834,4.6,201.6953125,147,26627.158831119537
2026-02-13T23:49:28,gaming_1,24.4,43.0,346087.94230424205,121058.53055121262,0.0,8197.588631427174,51.0,7865.015625,142.478,60.0,1980.0,373.9,4585.7421875,86,1392.34614610672,99.6,40.30859375,3,3201.912871360779,17.9,201.71484375,147,26628.91092801094,12.5,25.44921875,14,26626.72857427597,11.6,108.28515625,37,26595.188068151474
2026-02-13T23:49:29,gaming_1,25.0,43.0,340790.8190436115,158543.284816035,36418.83180407876,51783.026471424484,53.0,7865.015625,152.741,60.0,1980.0,409.8,4585.7421875,86,1394.157791852951,98.9,40.30859375,3,3203.730276823044,15.5,108.296875,37,26596.997760295868,13.9,201.69140625,147,26630.712274074554,7.8,4.8203125,400,1771015768.230109
2026-02-13T23:49:31,gaming_1,21.7,43.0,341149.16993505595,126501.76984725989,36934.790403277286,61750.352705479214,49.0,7865.015625,148.335,60.0,1980.0,349.9,4585.7421875,86,1395.9306809902191,99.9,40.30859375,3,3205.4496660232544,9.7,201.71484375,147,26632.482392072678,9.7,108.3046875,37,26598.76548218727,5.3,4.8203125,400,1771015770.0039477
2026-02-13T23:49:33,gaming_1,24.6,43.0,344680.7159698909,154712.02895292235,37781.12632871672,8854.951483292982,51.0,7865.015625,147.749,61.0,1980.0,416.7,4585.7421875,86,1397.6480536460876,100.3,40.30859375,3,3207.146924972534,16.6,25.41015625,13,26631.994163036346,13.6,108.31640625,37,26600.494020938873,11.7,201.70703125,147,26634.211147785187
2026-02-13T23:49:35,gaming_1,27.0,43.0,342971.6839731568,169879.16824005242,77636.84472060917,24261.513975190366,46.0,7865.015625,137.358,59.0,1980.0,407.6,4585.7421875,86,1399.3578164577484,100.4,40.3125,3,3208.8898508548737,14.7,108.3203125,37,26602.195139169693,13.8,201.69921875,147,26635.906014680862,12.0,4.8203125,400,1771015773.427513
2026-02-13T23:49:36,gaming_1,24.2,43.0,338198.900417525,110557.59580933161,37177.96774007685,11037.209172835315,47.0,7865.015625,146.259,59.0,1980.0,401.6,4585.7421875,86,1401.124267578125,99.7,40.3125,3,3210.6772260665894,13.3,201.71875,147,26637.667953014374,9.7,108.3203125,37,26603.958525419235,4.3,331.31640625,95,26605.32168364525
2026-02-13T23:49:38,gaming_1,24.6,43.0,344886.37318082695,141305.2368014817,72990.08074137753,11689.817618736246,48.0,7865.015625,137.453,59.0,1980.0,412.3,4585.7421875,86,1402.9211225509644,100.4,40.3125,3,3212.451908826828,11.3,108.3203125,37,26605.75639820099,10.4,201.71875,147,26639.46732878685,10.4,25.41015625,13,26637.298300266266
2026-02-13T23:49:40,gaming_1,24.4,43.0,342284.6811623847,103268.42112317464,0.0,71547.26876192885,55.0,7865.015625,161.897,60.0,1980.0,418.3,4585.7421875,86,1404.661988735199,98.8,39.66796875,3,3214.2081859111786,13.4,4.8203125,400,1771015778.7317038,10.8,201.70703125,147,26641.21057367325,10.5,331.32421875,95,26608.850632190704
2026-02-13T23:49:42,gaming_1,25.6,43.0,342882.8068514413,142880.1988807765,147869.46200104334,16173.222406364115,56.0,7865.015625,157.737,61.0,1980.0,400.3,4585.8125,86,1406.4330577850342,99.8,40.3125,3,3215.9775500297546,17.6,201.671875,147,26642.986267328262,14.2,331.32421875,95,26610.614337205887,13.3,25.4453125,14,26640.80557203293
2026-02-13T23:49:44,gaming_1,26.2,43.0,346460.5024221219,171253.09851485296,0.0,16448.467584416827,62.0,7865.015625,160.901,61.0,1980.0,436.6,4585.78515625,85,1408.218778371811,98.8,40.296875,2,3217.765112400055,14.1,4.8203125,400,1771015782.2788253,13.9,331.31640625,95,26612.409212589264,10.6,108.28125,37,26611.049583673477
2026-02-13T23:49:45,gaming_1,25.6,43.0,340897.1415077144,271788.9460310988,0.0,45264.05542883148,58.0,7865.015625,146.59,60.0,1980.0,458.8,4585.80859375,85,1410.023759841919,99.7,40.29296875,2,3219.5978865623474,13.9,201.72265625,147,26646.55928492546,11.9,331.31640625,95,26614.242037057877,7.8,4.8203125,400,1771015784.0776086
2026-02-13T23:49:47,gaming_1,30.0,42.9,345415.4226395971,345377.63287541445,35892.608485151424,17385.48223499522,70.0,7865.015625,147.246,60.0,1980.0,488.3,4588.29296875,85,1411.8482179641724,99.0,40.296875,2,3221.4283196926117,14.3,331.30859375,95,26616.093040943146,11.1,4.8203125,400,1771015785.9028192,8.6,201.71875,147,26648.3838160038
2026-02-13T23:49:49,gaming_1,29.7,43.0,341753.69992207375,344670.83660954854,387855.4351630069,32504.92993553609,53.0,7865.015625,143.57,60.0,1980.0,521.8,4588.83984375,85,1413.6984913349152,99.4,40.30078125,2,3223.266858816147,16.0,4.8203125,400,1771015787.7638218,10.1,108.28515625,37,26616.53403902054,9.4,331.04296875,95,26617.914476394653
2026-02-13T23:49:51,gaming_1,25.4,43.0,344527.3550038752,345091.48488254315,539982.7029462232,66372.8739038066,56.0,7865.015625,144.049,60.0,1980.0,443.3,4589.13671875,85,1415.531574010849,99.7,40.3046875,2,3225.1507177352905,15.4,25.41015625,13,26649.915427446365,11.5,331.04296875,95,26619.812398910522,8.6,4.8203125,400,1771015789.5824285
2026-02-13T23:49:53,gaming_1,34.7,43.0,341185.11733352346,345179.28726334183,34560.59156595952,16200.277296543525,57.0,7865.015625,146.096,60.0,1980.0,566.2,4589.25,85,1417.432142496109,97.7,40.3046875,2,3226.985825777054,14.8,4.8203125,400,1771015791.4831307,12.0,331.04296875,95,26621.6376080513,9.9,108.2734375,37,26620.257707595825
2026-02-13T23:49:55,gaming_1,27.3,43.0,343556.5039745966,343607.38672546437,35856.47269751702,12045.533796822123,60.0,7865.015625,144.123,60.0,1980.0,474.8,4589.2734375,85,1419.2459526062012,97.8,40.3046875,2,3228.7914731502533,11.2,25.41015625,13,26653.62333202362,8.7,331.04296875,95,26623.431126832962,7.7,4.8203125,400,1771015793.3064184
2026-02-13T23:49:56,gaming_1,26.5,43.0,338061.41805133974,343832.5158941565,2656052.985142793,85559.9259982856,59.0,7865.015625,143.072,60.0,1980.0,410.0,4591.6171875,85,1421.055935382843,100.5,40.3046875,2,3230.6265449523926,12.1,4.8203125,400,1771015795.1079283,6.1,108.28515625,37,26623.88230061531,3.5,42.15625,33,26657.614727973938
2026-02-13T23:49:58,gaming_1,26.2,43.0,343815.3079025636,343832.14335837914,35591.23975248569,19185.90267907432,57.0,7865.015625,146.646,60.0,1980.0,495.1,4592.18359375,85,1422.889769077301,98.8,40.3046875,2,3232.4621686935425,10.2,108.28515625,37,26625.72692489624,6.8,201.72265625,147,26659.434482574463,6.0,234.6796875,277,26654.308289051056
2026-02-13T23:50:00,gaming_1,30.5,43.0,343017.2505297899,344283.3481462735,35857.810455433406,62190.89000864231,46.0,7865.015625,135.725,59.0,1980.0,452.9,4592.65625,85,1424.7288374900818,99.2,39.65625,2,3234.256308555603,11.1,4.8203125,400,1771015798.7767951,10.2,42.15625,33,26661.29035425186,6.9,108.28515625,37,26627.548719882965
2026-02-13T23:50:02,gaming_1,20.3,43.0,341826.18141830445,346504.5217633901,74598.47028115219,49246.64639654187,48.0,7865.015625,133.327,59.0,1980.0,335.3,4592.72265625,85,1426.4382679462433,100.3,40.3046875,2,3235.9535524845123,8.1,108.28515625,37,26629.288671970367,8.0,4.8203125,400,1771015800.5337965,4.5,331.04296875,95,26630.629753112793
2026-02-13T23:50:03,gaming_1,27.3,43.0,344611.87099163554,341620.50501443824,0.0,21637.433017191892,43.0,7865.015625,131.605,58.0,1980.0,452.9,4592.8515625,85,1428.194545507431,98.9,40.3046875,2,3237.6924352645874,12.5,4.8203125,400,1771015802.2839851,8.4,331.04296875,95,26632.313103437424,5.3,108.28515625,37,26631.04213452339
2026-02-13T23:50:05,gaming_1,25.4,43.0,346382.4497118505,343487.58871378866,39230.2750969775,61910.277887417615,43.0,7865.015625,126.517,58.0,1980.0,482.2,4592.90234375,85,1429.8667018413544,100.0,40.3046875,2,3239.379463195801,7.5,4.8203125,400,1771015803.9547307,7.3,331.04296875,95,26634.01873278618,4.7,108.28515625,37,26632.711896419525
2026-02-13T23:50:07,gaming_1,23.8,43.0,334926.33841557306,343073.24924774264,86574.72496889625,609930.9616732309,46.0,7865.015625,127.788,58.0,1980.0,431.8,4592.90234375,85,1431.5815267562866,100.4,40.3203125,3,3241.0910007953644,6.4,42.23046875,33,26668.155423879623,4.6,25.4453125,14,26665.93792462349,3.7,4.8203125,400,1771015805.6570714
2026-02-13T23:50:09,gaming_1,25.3,43.0,345035.4922128299,343115.6860238785,19092.021001383015,70998.4530988931,42.0,7865.015625,127.096,58.0,1980.0,387.9,4592.90234375,85,1433.2854874134064,99.2,40.3203125,3,3242.7932806015015,12.8,108.3046875,37,26636.128810167313,6.4,4.8203125,400,1771015807.3750768,1.9,20.18359375,4,10065.443010807037
2026-02-13T23:50:10,gaming_1,24.3,43.0,341933.2823927305,313000.4707724287,39038.53621189815,44223.341802540876,45.0,7865.015625,126.974,58.0,1980.0,411.4,4592.90234375,85,1434.975349664688,100.6,40.31640625,3,3244.4692685604095,12.0,25.41015625,13,26669.32281112671,8.4,4.8203125,400,1771015809.052191,8.3,42.1171875,33,26671.549447774887
2026-02-13T23:50:12,gaming_1,25.4,43.0,338596.9532699293,187819.5458666021,78248.8907403683,14671.667013819057,46.0,7865.015625,126.11,58.0,1980.0,444.6,4592.90234375,85,1436.6337106227875,98.1,40.3203125,3,3246.125521183014,12.1,4.8203125,400,1771015810.727791,8.5,331.328125,95,26640.74623155594,8.4,108.3046875,37,26639.4796500206
2026-02-13T23:50:14,gaming_1,23.5,43.0,349287.87754810863,168693.04494167684,157821.95485808735,8322.64215071945,43.0,7865.015625,127.403,58.0,1980.0,379.6,4592.90234375,85,1438.3011417388916,99.3,40.31640625,3,3247.8096990585327,10.3,108.30859375,37,26641.15090751648,7.4,198.8828125,49,26654.257023334503,4.7,4.8203125,400,1771015812.3907905
2026-02-13T23:50:15,gaming_1,26.8,43.0,343910.62361057586,104071.82359966931,38633.5887858296,86020.10003094871,44.0,7865.015625,127.622,57.0,1980.0,418.3,4592.90234375,85,1440.0058946609497,99.0,40.31640625,3,3249.498379468918,16.5,42.15625,33,26676.578387975693,10.1,4.8203125,400,1771015814.0868862,10.1,25.41015625,13,26674.344216108322
2026-02-13T23:50:17,gaming_1,24.3,43.0,338462.6098300579,134310.72962321184,0.0,94226.14379001068,44.0,7865.015625,127.005,57.0,1980.0,447.8,4592.90234375,85,1441.6693835258484,99.5,40.3203125,3,3251.1784031391144,9.4,108.3125,37,26644.514677286148,3.7,4.8203125,400,1771015815.7639494,2.8,331.328125,95,26645.807542324066
2026-02-13T23:50:19,gaming_1,25.9,43.0,338263.00462799956,145746.85588363727,0.0,11502.254606222556,43.0,7865.015625,126.993,58.0,1980.0,467.9,4592.90234375,85,1443.3661332130432,98.6,40.3203125,3,3252.8739733695984,8.4,25.44921875,14,26677.71730875969,8.3,108.30078125,37,26646.21092581749,5.5,4.8203125,400,1771015817.454655
2026-02-13T23:50:20,gaming_1,26.4,43.0,341815.2404317392,171606.63010201047,38921.25055066173,14899.541226425194,44.0,7865.015625,126.834,57.0,1980.0,404.8,4592.90234375,85,1445.041817188263,99.4,40.3203125,3,3254.5411972999573,20.4,4.8203125,400,1771015819.1372404,8.4,42.15625,33,26681.618681907654,6.6,331.32421875,95,26649.15966963768
2026-02-13T23:50:22,gaming_1,22.4,43.0,342965.7176900778,70794.73044938194,392564.61833625485,12881.026539158362,43.0,7865.015625,127.87,57.0,1980.0,420.0,4592.90234375,85,1446.7234914302826,100.7,40.31640625,3,3256.231588125229,10.3,108.34375,37,26649.565108299255,5.6,4.8203125,400,1771015820.809308,2.8,20.18359375,4,10078.876940965652
2026-02-13T23:50:24,gaming_1,23.2,43.0,343397.4684125503,125305.21189278484,0.0,18295.60078396927,44.0,7865.015625,127.272,57.0,1980.0,439.6,4592.90234375,85,1448.403932094574,98.8,40.31640625,3,3257.8925652503967,15.0,25.41015625,13,26682.746293067932,5.6,4.8203125,400,1771015822.4909875,5.6,108.35546875,37,26651.24952673912
2026-02-13T23:50:25,gaming_1,29.2,43.0,341741.72907256306,96660.02529001623,39314.045201770634,74328.1167095976,44.0,7865.015625,127.09,57.0,1980.0,477.4,4592.90234375,85,1450.0767121315002,98.9,40.31640625,3,3259.5830693244934,14.1,4.8203125,400,1771015824.1548097,13.1,108.3671875,37,26652.924914836884,11.2,42.15625,33,26686.651527166367
2026-02-13T23:50:27,gaming_1,24.8,43.0,337189.24645012897,136240.77302196066,0.0,9322.91804732377,44.0,7865.015625,127.929,57.0,1980.0,434.1,4592.90625,85,1451.7716083526611,100.3,40.31640625,3,3261.265535593033,10.1,4.8203125,400,1771015825.8575218,5.6,331.31640625,95,26655.87645983696,3.7,108.37890625,37,26654.612934350967
2026-02-13T23:50:29,gaming_1,23.6,43.0,339250.30456414475,109100.25284328249,0.0,7762.595880988866,40.0,7865.015625,125.301,57.0,1980.0,370.8,4592.91796875,85,1453.398273229599,97.0,39.671875,3,3262.860939979553,11.5,108.3828125,37,26656.248929977417,10.7,25.4453125,14,26687.716759204865,6.6,4.8203125,400,1771015827.5048575
2026-02-13T23:50:30,gaming_1,22.7,43.0,340653.31659012655,129127.76532677158,0.0,17093.737389053378,61.0,7865.015625,148.647,60.0,1980.0,433.6,4592.91796875,85,1454.9979345798492,99.4,40.4140625,3,3264.54216504097,5.9,4.8203125,400,1771015829.0919688,4.9,108.38671875,37,26657.84352350235,1.8,331.31640625,95,26659.186250448227
2026-02-13T23:50:32,gaming_1,25.0,43.0,344832.88243163744,280656.0101100338,0.0,50593.020904237936,60.0,7865.015625,147.46,59.0,1980.0,459.5,4593.0078125,85,1456.7906358242035,100.5,40.41796875,3,3266.3776156902313,9.5,25.41015625,13,26691.183665513992,8.8,108.38671875,37,26659.62628555298,7.1,4.8203125,400,1771015830.8447804
2026-02-13T23:50:34,gaming_1,33.5,42.9,343312.9509862297,344171.1793190899,0.0,39015.8814898273,61.0,7865.015625,155.454,60.0,1980.0,472.3,4593.0078125,85,1458.6465511322021,98.6,40.41796875,3,3268.2313690185547,16.9,42.15625,33,26695.21276497841,12.7,4.8203125,400,1771015832.697568,11.0,108.39453125,37,26661.47587633133
2026-02-13T23:50:36,gaming_1,23.7,42.9,342634.74119631166,343365.94148881873,0.0,69574.03137199847,57.0,7865.015625,152.35,59.0,1980.0,485.9,4593.05078125,85,1460.4959616661072,99.0,40.41796875,3,3270.0787963867188,9.3,108.3984375,37,26663.332530736923,8.4,4.8203125,400,1771015834.5516324,5.9,20.1796875,4,10092.777181863785
2026-02-13T23:50:38,gaming_1,30.0,42.9,342867.77463139273,344569.0879935472,0.0,42748.61567213424,59.0,7865.015625,151.958,59.0,1980.0,460.6,4593.05078125,85,1462.344961643219,99.6,40.421875,3,3271.9175634384155,26.3,25.44921875,14,26696.730407476425,19.4,47.49609375,33,26698.912628889084,17.8,4.8203125,400,1771015836.3943808
2026-02-13T23:50:40,gaming_1,31.0,42.9,337620.35614025756,345966.0327668841,35738.516949986624,18148.465638665086,57.0,7865.015625,143.781,59.0,1980.0,490.2,4593.05859375,85,1464.1744804382324,98.2,40.421875,3,3273.823990345001,16.2,4.8203125,400,1771015838.2293568,11.1,108.39453125,37,26667.00740814209,5.1,42.15625,33,26700.738872528076
2026-02-13T23:50:41,gaming_1,26.6,43.0,344911.563752646,344871.1523216263,171974.25605865387,13704.19852967398,58.0,7865.015625,148.009,59.0,1980.0,539.4,4593.0859375,85,1466.0740389823914,100.3,39.7734375,3,3275.6328432559967,13.1,4.8203125,400,1771015840.1356602,7.4,108.3828125,37,26668.9079914093,3.5,235.015625,276,26697.478425979614
2026-02-13T23:50:43,gaming_1,33.1,43.0,343122.6023124041,343952.4097150175,36158.41618196156,18079.20809098078,65.0,7865.015625,155.615,60.0,1980.0,530.5,4593.10546875,85,1467.894365787506,99.3,40.421875,3,3277.488084077835,16.4,4.8203125,400,1771015841.947268,15.2,25.4453125,14,26702.30415415764,13.8,42.15625,33,26704.460505247116
2026-02-13T23:50:45,gaming_1,26.7,43.0,332296.1470647984,340066.1416938536,70019.16370020779,60172.718804866076,66.0,7865.015625,159.025,60.0,1980.0,491.3,4593.34765625,85,1469.7547693252563,98.7,40.41796875,3,3279.355950117111,10.9,108.33984375,37,26672.591917276382,8.3,4.8203125,400,1771015843.8160117,5.9,201.71484375,147,26706.296131134033
2026-02-13T23:50:47,gaming_1,27.6,43.0,366378.26412769884,358036.4388150697,0.0,15157.168718779107,54.0,7865.015625,160.87,60.0,1980.0,473.4,4593.640625,85,1471.632753610611,100.8,40.3125,3,3281.2009332180023,14.4,25.44921875,14,26706.024579524994,11.7,108.33984375,37,26674.46618795395,8.4,4.8203125,400,1771015845.6776063
2026-02-13T23:50:49,gaming_1,27.1,42.9,343734.53185251827,343464.8382211406,0.0,9685.190128833177,63.0,7865.015625,156.964,60.0,1980.0,443.6,4593.703125,85,1473.464069366455,98.2,40.3203125,3,3282.999814271927,21.1,4.8203125,400,1771015847.5273519,11.1,108.33984375,37,26676.299169063568,7.7,42.15625,33,26710.03082036972
2026-02-13T23:50:51,gaming_1,25.3,42.9,340670.932507104,342467.07657487533,37262.45572189373,48906.97313498552,55.0,7865.015625,158.644,60.0,1980.0,426.7,4593.703125,85,1475.2294661998749,99.7,40.31640625,3,3284.771219968796,11.5,108.33984375,37,26678.067126512527,8.9,4.8203125,400,1771015849.2918363,8.0,201.71484375,147,26711.76829433441
2026-02-13T23:50:52,gaming_1,32.1,43.0,348001.0272508153,353649.3686311007,0.0,23459.181206846933,57.0,7865.015625,152.874,60.0,1980.0,513.7,4593.70703125,85,1477.1240980625153,99.2,40.3203125,3,3286.693375349045,22.9,25.44921875,14,26711.51425600052,18.2,108.34765625,37,26679.959026813507,18.1,4.8203125,400,1771015851.1841195
2026-02-13T23:50:54,gaming_1,28.5,43.0,340549.6091065676,343459.35615668504,35784.04628945333,24881.094685635515,58.0,7865.015625,151.521,60.0,1980.0,502.7,4593.92578125,85,1478.964473247528,100.4,40.31640625,3,3288.5293543338776,12.8,4.8203125,400,1771015853.015142,11.1,201.72265625,147,26715.499580860138,8.5,108.359375,37,26681.803176403046
2026-02-13T23:50:56,gaming_1,24.1,43.0,341022.96188106644,332090.7636191505,0.0,65782.44463754745,61.0,7865.015625,162.451,61.0,1980.0,411.9,4593.92578125,85,1480.7848422527313,98.6,40.31640625,3,3290.3516714572906,11.2,108.359375,37,26683.618478536606,10.3,4.8203125,400,1771015854.8367896,5.1,201.72265625,147,26717.32026743889
2026-02-13T23:50:58,gaming_1,27.8,43.0,341401.9862609019,342595.8865315476,0.0,33316.71073964437,68.0,7865.015625,164.188,61.0,1980.0,559.0,4601.9296875,85,1482.6657009124756,97.9,40.3203125,3,3292.234142065048,11.2,4.8203125,400,1771015856.6486642,11.2,201.71875,147,26719.12641596794,10.5,108.33984375,37,26685.41088438034
2026-02-13T23:51:00,gaming_1,28.5,43.0,344559.419461817,345974.9455278212,0.0,22785.680189739684,60.0,7865.015625,166.924,61.0,1980.0,411.5,4593.9296875,85,1484.4478936195374,99.9,39.671875,3,3293.9872345924377,9.2,108.29296875,37,26687.286443948746,8.0,25.4453125,13,26718.826148986816,7.5,4.8203125,400,1771015858.5148277
2026-02-13T23:51:02,gaming_1,26.0,43.0,341448.26316955587,343479.25995718635,0.0,17654.353373580943,62.0,7865.015625,160.404,61.0,1980.0,431.4,4593.9296875,85,1486.2047011852264,97.8,40.3203125,3,3295.8077824115753,10.6,4.8203125,400,1771015860.284316,8.9,108.30859375,37,26689.04171705246,8.0,201.7109375,147,26722.761637687683
2026-02-13T23:51:03,gaming_1,27.3,43.0,342805.1399086667,344184.2704136198,0.0,44167.34123910406,64.0,7865.015625,169.227,62.0,1980.0,484.6,4593.9296875,85,1488.0355036258698,98.2,40.32421875,3,3297.5895965099335,14.5,108.33203125,37,26690.877954483032,8.8,25.41015625,13,26722.41613674164,7.7,201.7109375,147,26724.584018468857
2026-02-13T23:51:05,gaming_1,26.8,42.9,344702.6105791123,341187.21231237863,0.0,126484.55860688257,62.0,7865.015625,167.931,62.0,1980.0,453.5,4593.99609375,85,1489.813407421112,100.4,40.43359375,3,3299.3640320301056,16.8,108.3515625,37,26692.643488883972,14.9,201.71875,147,26726.361251354218,7.9,4.8203125,400,1771015863.880988
2026-02-13T23:51:07,gaming_1,29.1,43.0,341963.6893608352,343084.31778835016,282747.9686282109,970521.0011885667,58.0,7865.015625,169.033,62.0,1980.0,497.4,4593.99609375,85,1491.6166446208954,99.8,40.44140625,3,3301.1661155223846,13.8,108.359375,37,26694.45382809639,12.2,201.72265625,147,26728.16356563568,7.0,4.8203125,400,1771015865.678254
2026-02-13T23:51:09,gaming_1,26.6,43.0,342831.6278008108,348010.91652841994,0.0,36008.86673084616,52.0,7865.015625,153.861,61.0,1980.0,476.7,4593.99609375,85,1493.5373017787933,100.5,40.4453125,3,3303.077488899231,25.4,163.5546875,23,26621.45319700241,18.9,300.31640625,35,26622.384788036346,14.0,4.8203125,400,1771015867.4693942
2026-02-13T23:51:11,gaming_1,30.3,43.0,349212.3901355196,343376.5936922391,77882.45093134006,69499.27044914721,44.0,7865.015625,154.951,61.0,1980.0,449.1,4593.99609375,85,1495.3088762760162,100.0,40.4453125,3,3304.8901858329773,11.4,108.359375,37,26698.137064933777,9.9,4.8203125,400,1771015869.3617728,6.8,331.32421875,95,26699.555943489075
2026-02-13T23:51:13,gaming_1,27.8,43.0,346492.5239438392,348974.79839066125,0.0,65622.89988565876,60.0,7865.015625,142.424,61.0,1980.0,452.4,4596.921875,85,1497.171758890152,99.0,39.796875,3,3306.767359018326,16.1,108.3671875,37,26699.986250400543,15.2,201.67578125,147,26733.696187019348,9.0,25.41015625,14,26731.600821256638
2026-02-13T23:51:14,gaming_1,29.1,43.0,342864.87129616056,345013.3213442148,0.0,71329.60914821873,57.0,7865.015625,159.097,61.0,1980.0,492.1,4594.00390625,85,1499.0436890125275,99.5,40.4453125,3,3308.606274366379,10.8,108.375,37,26701.868157863617,7.7,331.33203125,95,26703.25117969513,7.5,4.8203125,400,1771015873.085976
2026-02-13T23:51:16,gaming_1,26.5,42.9,342010.2708731741,341402.76128913986,0.0,73601.74137230757,58.0,7865.015625,163.708,61.0,1980.0,440.4,4593.98828125,85,1500.842128753662,97.7,40.43359375,3,3310.3949389457703,20.0,331.33203125,95,26705.05147409439,12.1,108.38671875,37,26703.670840024948,9.6,25.41015625,13,26735.217027664185
2026-02-13T23:51:18,gaming_1,27.8,42.9,345629.9483637589,343152.32417269587,36010.99556121274,9002.748890303184,62.0,7865.015625,160.151,61.0,1980.0,498.9,4593.98828125,85,1502.6552953720093,98.9,40.30859375,3,3312.2110657691956,12.9,4.8203125,400,1771015876.7201738,9.4,108.36328125,37,26705.490337848663,8.6,331.33203125,95,26706.865582704544
2026-02-13T23:51:20,gaming_1,27.3,42.9,338440.882951706,344781.91505369113,0.0,27397.539546129774,59.0,7865.015625,161.331,62.0,1980.0,444.3,4593.98828125,85,1504.4490580558777,99.8,40.31640625,3,3314.0112886428833,11.3,25.44921875,14,26738.833768367767,9.6,108.36328125,37,26707.2876830101,8.7,42.15625,33,26741.019593715668
2026-02-13T23:51:22,gaming_1,26.9,43.0,345258.9939864772,344937.94021355174,0.0,13722.117432027544,53.0,7865.015625,154.569,61.0,1980.0,500.4,4593.98828125,85,1506.238763332367,98.8,39.67578125,3,3315.7989332675934,14.9,108.359375,37,26709.073743343353,9.5,331.0625,95,26710.44296145439,7.9,4.8203125,400,1771015880.305224
2026-02-13T23:51:23,gaming_1,28.7,43.0,343699.61306818115,343157.3434946275,108458.32789139249,91229.27059614524,51.0,7865.015625,154.707,61.0,1980.0,427.9,4593.98828125,85,1508.0714032649994,99.1,39.67578125,3,3317.6437199115753,19.0,201.71484375,147,26744.599637508392,18.7,331.05078125,95,26712.27876830101,12.8,108.35546875,37,26710.899993419647
2026-02-13T23:51:25,gaming_1,27.5,43.0,340099.99812744866,346292.52956337505,0.0,107110.25822566338,58.0,7865.015625,148.375,61.0,1980.0,451.9,4593.98828125,85,1509.883450269699,98.7,40.3203125,3,3319.447683572769,15.4,331.05078125,95,26714.099697589874,10.3,108.35546875,37,26712.71614408493,9.4,201.71484375,147,26746.42344021797
2026-02-13T23:51:27,gaming_1,26.5,43.0,335858.2909263001,341002.18675977254,0.0,7871.785938157637,51.0,7865.015625,157.368,61.0,1980.0,419.8,4593.98828125,85,1511.7075753211975,99.0,40.3203125,3,3321.2615764141083,18.1,331.05078125,95,26715.91174674034,13.7,25.4453125,14,26746.089056253433,9.5,201.69140625,147,26748.241633415222
2026-02-13T23:51:29,gaming_1,27.0,43.0,344731.02399874444,347393.3397665782,72262.38399699886,8468.248124648304,56.0,7865.015625,161.246,62.0,1980.0,451.3,4593.53125,85,1513.507479429245,99.1,40.3203125,3,3323.0587964057922,25.0,201.671875,147,26750.05289888382,12.3,331.0390625,95,26717.68806576729,9.5,4.8203125,400,1771015887.5730214
2026-02-13T23:51:31,gaming_1,22.1,43.0,344630.08298429137,342479.1851165919,149839.21621849612,39801.041808038026,46.0,7865.015625,141.252,60.0,1980.0,400.8,4593.53125,85,1515.2573924064636,96.5,40.3203125,3,3324.8076202869415,11.6,331.0390625,95,26719.435871362686,9.8,25.41015625,13,26749.62888598442,6.2,108.46875,37,26718.088707208633
2026-02-13T23:51:32,gaming_1,28.7,43.0,342276.0805137689,343210.80689719383,0.0,57709.39211089278,47.0,7865.015625,144.698,60.0,1980.0,389.2,4594.76171875,85,1517.0038087368011,100.8,40.3203125,3,3326.559336423874,14.2,4.8203125,400,1771015891.0809674,14.2,201.70703125,147,26753.559464931488,14.2,42.15625,33,26753.57654953003
2026-02-13T23:51:34,gaming_1,26.2,43.0,340942.2828374003,345450.2912180509,36487.197385984604,9406.855576074156,49.0,7865.015625,144.655,60.0,1980.0,456.3,4594.953125,85,1518.809154033661,99.9,40.3203125,3,3328.3574571609497,21.8,201.67578125,147,26755.356147289276,9.6,108.46875,37,26721.644997119904,6.1,331.0390625,95,26723.003284215927
2026-02-13T23:51:36,gaming_1,30.7,43.0,345008.9532739331,107871.83826275698,73785.7739965979,108084.62987782896,48.0,7865.015625,144.973,60.0,1980.0,510.6,4594.953125,85,1520.577464580536,99.3,40.31640625,3,3330.1201395988464,12.3,4.8203125,400,1771015894.6514738,9.7,25.41015625,13,26754.949705839157,7.0,108.5,37,26723.422840356827
2026-02-13T23:51:38,gaming_1,25.3,43.0,342997.2772858366,87581.5776208939,0.0,29363.830845392615,47.0,7865.015625,143.114,60.0,1980.0,453.9,4594.953125,85,1522.3395771980286,98.5,40.31640625,3,3331.8637714385986,7.1,108.51171875,37,26725.175745487213,3.6,20.1796875,4,10154.538030385971,3.5,4.8203125,400,1771015896.4144907
2026-02-13T23:51:39,gaming_1,24.1,43.0,342587.7959383202,143644.66777292738,37650.01558635949,93536.75747236186,47.0,7865.015625,143.958,60.0,1980.0,403.0,4594.953125,85,1524.0763990879059,100.3,40.31640625,3,3333.6083648204803,9.0,4.8203125,400,1771015898.1546075,8.1,25.4453125,14,26758.443539381027,7.2,108.5078125,37,26726.919555425644
2026-02-13T23:51:42,gaming_1,27.0,43.0,341877.59987092856,154353.19495637002,0.0,21434.375426113445,42.0,7861.015625,136.826,59.0,1980.0,490.2,4594.953125,85,1525.8264577388763,98.8,39.671875,3,3335.586767911911,10.8,108.515625,37,26728.66338467598,9.9,4.8203125,400,1771015899.897597,8.9,57.5234375,10,26759.078372716904
2026-02-13T23:51:43,gaming_1,31.5,43.2,344845.76401598647,96770.24610168482,91645.13299692224,783279.4960830698,49.0,7861.015625,144.193,60.0,1980.0,450.3,4594.96875,86,1527.99928855896,97.7,40.33203125,3,3337.5840716362,68.9,309.24609375,244,26760.54831981659,13.0,19.2109375,19,26764.611082792282,10.7,25.44921875,14,26762.40366244316
2026-02-13T23:51:45,gaming_1,26.5,43.1,351006.82387181546,112989.11183949241,0.0,92137.1214511556,50.0,7861.015625,143.765,60.0,1980.0,425.4,4594.96875,86,1529.8835804462433,99.9,40.33203125,3,3339.459974527359,11.6,108.53515625,37,26732.719254016876,7.5,4.8203125,400,1771015903.9298654,5.0,19.63671875,11,26766.626933336258
2026-02-13T23:51:47,gaming_1,27.7,43.1,344828.92680703505,199891.9867549737,0.0,152692.47873078994,54.0,7861.015625,152.241,60.0,1980.0,503.8,4595.1875,86,1531.7164237499237,99.5,40.33203125,3,3341.312740087509,11.0,4.8203125,400,1771015905.7760134,9.4,25.44921875,14,26766.110011339188,8.5,42.9296875,36,26768.277729272842
2026-02-13T23:51:49,gaming_1,28.5,43.1,340969.230995284,163349.82230807826,35317.482266796265,69531.29321275515,51.0,7861.015625,141.951,60.0,1980.0,501.6,4594.98046875,86,1533.5844173431396,99.7,40.33203125,3,3343.303384780884,10.9,4.8203125,400,1771015907.6314557,10.1,108.52734375,37,26736.4074177742,7.6,201.7421875,149,26770.11350607872
2026-02-13T23:51:51,gaming_1,33.3,43.1,342796.74744504836,182993.91364942776,0.0,587277.3909781461,50.0,7861.015625,150.586,60.0,1980.0,484.4,4595.00390625,87,1535.6209025382996,100.0,40.34375,3,3345.2105724811554,28.5,19.2578125,19,26772.229849100113,23.0,13.04296875,10,26772.210638284683,20.1,4.8203125,401,1771015909.6534877
2026-02-13T23:51:53,gaming_1,30.9,43.1,344389.57586648583,142324.358558314,174727.30217686584,1266019.8058591012,50.0,7861.015625,144.126,60.0,1980.0,455.4,4595.00390625,87,1537.7406423091888,100.1,40.34375,3,3347.4894349575043,60.0,310.9609375,245,26770.444455385208,27.4,19.3046875,19,26774.404089689255,21.5,4.8203125,401,1771015911.698392
2026-02-13T23:51:55,gaming_1,29.1,43.2,345759.50359031226,108330.5136255995,30752.614315894003,792120.0734336135,49.0,7861.015625,148.913,61.0,1980.0,385.6,4595.00390625,87,1539.770514011383,98.7,40.34375,3,3349.339455842972,19.8,4.8203125,401,1771015913.8252835,12.5,201.734375,149,26776.311374902725,8.7,19.296875,19,26776.381132125854
2026-02-13T23:51:57,gaming_1,23.3,43.1,342045.72200574423,161240.52856934906,0.0,108817.09710764741,46.0,7861.015625,145.647,60.0,1980.0,414.7,4595.00390625,87,1541.5754280090332,98.8,40.33203125,2,3351.141813993454,11.3,25.44921875,14,26775.964982271194,9.5,4.8203125,401,1771015915.636966,8.7,201.73046875,149,26778.11890077591
2026-02-13T23:51:59,gaming_1,26.9,43.1,342576.8370399465,147132.33812748262,0.0,101276.06866705128,49.0,7861.015625,146.037,60.0,1980.0,423.3,4595.01953125,87,1543.3701374530792,100.0,40.33203125,2,3352.938633441925,13.9,4.8203125,401,1771015917.4354877,13.9,42.55859375,36,26779.93891596794,7.9,108.421875,37,26746.20236325264
2026-02-13T23:52:01,gaming_1,23.5,43.1,337503.5934294751,158295.34969155738,582220.655999265,10802.922328111363,50.0,7861.015625,151.739,61.0,1980.0,384.1,4595.01953125,87,1545.1878929138184,99.6,40.328125,2,3354.7899317741394,7.8,4.8203125,401,1771015919.2376676,7.8,201.73828125,149,26781.723646879196,6.0,108.43359375,37,26748.018551826477
2026-02-13T23:52:02,gaming_1,26.6,43.1,345063.66179108963,179707.69825855797,0.0,113212.3828595375,42.0,7861.015625,147.022,60.0,1980.0,423.9,4595.01953125,87,1547.0419104099274,99.1,40.328125,2,3356.633460044861,17.0,25.41015625,13,26781.439477920532,15.9,4.8203125,401,1771015921.1050768,11.7,43.15234375,36,26783.614232301712
2026-02-13T23:52:04,gaming_1,25.0,43.1,341054.9343982736,147531.89465524832,0.0,15258.855809319468,45.0,7861.015625,152.548,60.0,1980.0,404.9,4595.22265625,87,1548.91002202034,99.6,39.66796875,2,3358.5013003349304,12.7,4.8203125,401,1771015922.9461644,11.0,108.44140625,37,26751.73022890091,3.4,201.76953125,149,26785.43218922615
2026-02-13T23:52:06,gaming_1,21.5,43.1,340035.6523780814,142022.11858618498,0.0,31982.17057355994,46.0,7861.015625,141.27,60.0,1980.0,376.4,4595.04296875,87,1550.7364144325256,99.4,40.33984375,3,3360.323839187622,11.9,108.44921875,37,26753.574191570282,6.9,331.3515625,96,26754.966602563858,5.0,4.8203125,401,1771015924.802561
2026-02-13T23:52:08,gaming_1,23.0,43.1,344136.3287951725,115177.7403497077,0.0,641346.659035963,61.0,7861.015625,151.897,61.0,1980.0,410.6,4595.02734375,86,1552.6053245067596,100.4,40.33984375,3,3362.2068588733673,9.9,25.4453125,14,26787.029732704163,8.5,201.73828125,149,26789.125459432602,8.5,108.43359375,37,26755.421581745148
2026-02-13T23:52:10,gaming_1,23.5,43.1,343328.8626905195,162127.7845079988,0.0,26967.56233679682,58.0,7861.015625,149.175,61.0,1980.0,395.6,4595.1171875,86,1554.4647715091705,99.2,40.33984375,3,3364.033173084259,10.3,25.41015625,13,26788.853357076645,9.1,201.734375,149,26791.007003068924,5.8,108.43359375,37,26757.301747083664
2026-02-13T23:52:12,gaming_1,26.9,43.1,343687.7517799778,136393.88196152452,0.0,79035.03980567721,46.0,7861.015625,142.866,60.0,1980.0,394.6,4595.20703125,86,1556.2584323883057,99.5,40.33984375,3,3365.8231253623962,13.8,4.8203125,400,1771015930.3319132,11.3,201.73828125,149,26792.810968637466,10.5,108.43359375,37,26759.09325313568
2026-02-13T23:52:13,gaming_1,22.3,43.1,344897.2512543159,146249.33681133407,0.0,80442.71476039109,51.0,7861.015625,154.387,61.0,1980.0,413.9,4595.20703125,86,1558.074527978897,100.3,40.33984375,3,3367.6457602977753,6.0,201.73046875,149,26794.616963148117,6.0,25.4453125,14,26792.46616101265,4.3,108.44140625,37,26760.906896352768
2026-02-13T23:52:15,gaming_1,25.4,43.1,339384.7011707824,121829.52412154309,0.0,17316.456853640044,51.0,7861.015625,154.795,60.0,1980.0,433.7,4595.60546875,86,1559.8797936439514,98.7,40.33984375,3,3369.4658391475677,12.1,108.44140625,37,26762.715921878815,9.5,4.8203125,400,1771015933.9372315,6.9,25.41015625,13,26794.286031007767
2026-02-13T23:52:17,gaming_1,24.0,43.1,342667.92814312334,130786.37387610773,0.0,25570.586985735135,52.0,7861.015625,148.217,60.0,1980.0,401.7,4595.20703125,86,1561.7087898254395,99.5,40.33984375,3,3371.2700707912445,11.1,4.8203125,400,1771015935.7632022,10.3,108.44140625,37,26764.541747570038,9.4,201.73046875,149,26798.246545553207
2026-02-13T23:52:19,gaming_1,22.2,43.1,344488.1055843543,217536.07610694965,0.0,10483.50630070684,49.0,7861.015625,154.495,61.0,1980.0,411.7,4595.20703125,86,1563.5148091316223,100.2,40.33984375,3,3373.109808444977,9.5,201.73046875,149,26800.04607439041,9.5,108.38671875,37,26766.34305715561,7.7,25.44921875,14,26797.934996843338
2026-02-13T23:52:21,gaming_1,26.9,43.1,343790.06259528175,202110.87194836012,0.0,9185.276328863329,56.0,7861.015625,155.577,61.0,1980.0,420.2,4595.20703125,86,1565.3523647785187,99.5,40.33984375,3,3374.947210788727,10.2,4.8203125,400,1771015939.4087548,9.4,108.39453125,37,26768.175464630127,8.5,201.73046875,149,26801.89071702957
2026-02-13T23:52:23,gaming_1,24.0,43.1,339298.2628380286,144158.16204706806,0.0,99305.91007535013,42.0,7861.015625,146.03,60.0,1980.0,426.8,4595.20703125,86,1567.2001860141754,98.5,40.33984375,3,3376.7878124713898,12.7,201.73046875,149,26803.738839626312,10.1,108.41796875,37,26770.0324113369,5.2,331.390625,96,26771.423391342163
2026-02-13T23:52:24,gaming_1,27.2,43.1,341589.23981983104,144024.3247230934,0.0,77223.04574514338,54.0,7861.015625,147.079,60.0,1980.0,439.9,4595.20703125,86,1569.0083465576172,100.4,40.33984375,3,3378.591794729233,14.7,25.44921875,14,26803.41680407524,14.5,4.8203125,400,1771015943.0805151,12.1,108.3046875,37,26771.845077753067
2026-02-13T23:52:26,gaming_1,22.8,43.1,343814.5337859175,152714.54859839214,0.0,10002.283283320981,53.0,7861.015625,151.465,61.0,1980.0,365.4,4595.20703125,86,1570.817397594452,99.6,40.33984375,3,3380.381185770035,8.7,201.73046875,149,26807.35603260994,7.8,108.375,37,26773.647132635117,7.0,4.8203125,400,1771015944.8741188
2026-02-13T23:52:28,gaming_1,23.3,43.1,345230.7413160688,154871.277566517,0.0,87218.91749851004,54.0,7861.015625,146.707,61.0,1980.0,417.1,4595.20703125,86,1572.6409845352173,99.2,40.33984375,3,3382.2088129520416,12.8,25.41015625,13,26807.033487558365,8.6,201.73828125,149,26809.17611527443,6.0,108.38671875,37,26775.47304868698
2026-02-13T23:52:30,gaming_1,25.6,43.1,345064.911148228,149279.34584489427,0.0,10193.143990890838,55.0,7861.015625,143.483,60.0,1980.0,390.8,4595.20703125,86,1574.4484934806824,99.6,40.33984375,3,3384.0137696266174,13.0,4.8203125,400,1771015948.5038025,11.2,108.39453125,37,26777.28752732277,7.8,42.2109375,36,26811.019734621048
2026-02-13T23:52:32,gaming_1,24.1,43.1,342544.4895180243,115468.58757021067,0.0,9617.54810944554,46.0,7861.015625,148.766,60.0,1980.0,420.0,4595.59375,86,1576.2496194839478,99.6,40.33984375,3,3385.8655455112457,9.6,108.3984375,37,26779.081247091293,7.8,4.8203125,400,1771015950.312186,7.8,201.73046875,149,26812.793205022812
2026-02-13T23:52:34,gaming_1,26.5,43.1,344155.30553269736,107355.25002467938,0.0,72545.55737545548,51.0,7861.015625,144.181,60.0,1980.0,466.0,4595.20703125,86,1578.1677560806274,98.9,40.33984375,3,3387.7918832302094,9.0,108.41015625,37,26780.99779701233,8.2,4.8203125,400,1771015952.2145457,7.4,201.7578125,149,26814.694629907608
2026-02-13T23:52:36,gaming_1,25.2,43.1,341838.55075296946,142780.71007886107,42969.331429128826,13965.032714466868,50.0,7861.015625,146.302,60.0,1980.0,419.6,4595.20703125,86,1580.1112854480743,99.3,40.33984375,3,3389.727645635605,13.7,25.41015625,13,26814.529262304306,9.0,4.8203125,400,1771015954.1276674,9.0,201.73828125,149,26816.619595766068
2026-02-13T23:52:37,gaming_1,28.2,43.1,341552.6518181886,181034.45974781766,0.0,31962.864469973036,44.0,7861.015625,141.9,59.0,1980.0,414.3,4595.20703125,86,1581.9965953826904,99.5,39.6796875,3,3391.580894947052,12.2,4.8203125,400,1771015956.0508687,11.7,25.4453125,14,26816.40078306198,11.4,201.734375,149,26818.53093624115
2026-02-13T23:52:39,gaming_1,24.8,43.1,343103.23501927505,102524.82223743305,0.0,21857.61801549638,58.0,7861.015625,153.572,61.0,1980.0,407.8,4595.25,86,1583.870322227478,99.9,40.33984375,3,3393.4727396965027,12.5,4.8203125,400,1771015957.9207106,9.2,108.43359375,37,26786.70113492012,6.7,201.73828125,149,26820.40355205536
2026-02-13T23:52:41,gaming_1,23.6,43.1,354124.8910534708,158310.7318284604,35439.85202820821,26856.762865126537,52.0,7861.015625,160.403,61.0,1980.0,418.2,4595.25390625,86,1585.7082750797272,99.5,40.33984375,3,3395.293944120407,10.2,108.4375,37,26788.54217672348,9.4,25.4453125,14,26820.11172246933,7.6,201.75,149,26822.250868797302
2026-02-13T23:52:43,gaming_1,25.1,43.1,342197.98027202126,115816.19407658174,0.0,49455.65418777276,54.0,7861.015625,144.444,61.0,1980.0,387.9,4595.2578125,86,1587.5368542671204,99.9,40.33984375,3,3397.1096727848053,16.3,4.8203125,400,1771015961.5914865,16.2,108.453125,37,26790.37048316002,6.8,201.75390625,149,26824.076392889023
2026-02-13T23:52:45,gaming_1,24.0,43.1,345031.8279106256,80332.67015594894,0.0,75565.23598005586,51.0,7861.015625,154.397,61.0,1980.0,442.2,4595.34375,86,1589.3534739017487,99.5,40.33984375,3,3398.931104660034,12.0,108.453125,37,26792.186386585236,7.8,331.34765625,96,26793.56689429283,7.7,201.73046875,149,26825.89255309105
2026-02-13T23:52:47,gaming_1,28.8,43.1,358527.9491187316,204421.85347771726,3156394.618666727,66503.35687346681,51.0,7861.015625,151.945,61.0,1980.0,428.8,4595.2734375,86,1591.1714289188385,100.1,40.33984375,3,3400.772468805313,16.2,25.41015625,13,26825.58269739151,12.0,201.73828125,149,26827.717925786972,11.9,4.8203125,400,1771015965.2392898
2026-02-13T23:52:48,gaming_1,24.4,43.1,342025.7979478904,221641.51615714256,0.0,16789.655569347935,48.0,7861.015625,147.898,60.0,1980.0,382.4,4595.2734375,86,1593.0607225894928,99.5,40.33984375,3,3402.6726336479187,15.8,108.453125,37,26795.886546850204,15.1,201.76171875,149,26829.58745074272,11.5,331.35546875,96,26797.32172012329
2026-02-13T23:52:50,gaming_1,27.4,43.1,334823.8855455119,287397.34669467964,34662.43239166426,41432.43871816118,49.0,7861.015625,146.623,61.0,1980.0,448.8,4595.453125,86,1594.9673566818237,99.1,40.33984375,3,3404.5951795578003,17.4,4.8203125,400,1771015968.9905295,16.3,25.4453125,14,26829.396065711975,7.4,108.453125,37,26797.782131671906
2026-02-13T23:52:52,gaming_1,28.1,43.1,345527.04988920165,249656.47900523528,34013.868347706346,9034.933779859499,48.0,7861.015625,144.541,60.0,1980.0,473.8,4595.453125,86,1596.89302444458,98.7,40.33984375,3,3406.526170015335,16.2,4.8203125,400,1771015970.917804,12.9,201.76171875,149,26833.405647993088,10.5,108.45703125,37,26799.71613240242
2026-02-13T23:52:54,gaming_1,26.7,43.1,343607.15218326333,154250.8227774583,8515.465779326567,111233.27174245327,57.0,7861.015625,159.18,61.0,1980.0,475.7,4595.453125,86,1598.8021948337555,100.5,40.33984375,3,3408.421777486801,11.5,108.48046875,37,26801.625010967255,11.4,201.765625,149,26835.32750916481,9.7,4.8203125,400,1771015972.8424628
2026-02-13T23:52:56,gaming_1,28.0,43.1,354162.83589397673,224140.8254587259,0.0,11424.758266519057,56.0,7861.015625,153.79,61.0,1980.0,485.1,4595.453125,86,1600.7250282764435,99.6,40.33984375,3,3410.3367006778717,17.1,108.48046875,37,26803.54838490486,14.6,4.8203125,400,1771015974.7672162,11.4,201.75390625,149,26837.24948000908
2026-02-13T23:52:58,gaming_1,29.7,43.1,342006.4300826351,280437.8490102805,0.0,18816.39915778996,56.0,7861.015625,157.091,62.0,1980.0,472.6,4595.453125,86,1602.642081975937,99.5,40.33984375,3,3412.267415046692,12.3,4.8203125,384,1771015976.674347,11.4,201.75,149,26839.164538145065,11.4,108.484375,37,26805.46847677231
2026-02-13T23:53:00,gaming_1,25.7,43.1,344892.8126441909,342363.43611290684,34003.1221239446,9032.079314172785,56.0,7861.015625,163.414,61.0,1980.0,417.9,4595.4765625,86,1604.5530533790588,99.3,39.6796875,3,3414.156800031662,15.5,201.734375,149,26841.08015179634,11.5,331.07421875,96,26808.822055101395,11.3,4.8203125,384,1771015978.6006048
2026-02-13T23:53:02,gaming_1,29.4,43.1,341175.45426515443,345176.98367895366,34446.89763073016,47095.36785451388,51.0,7861.015625,150.932,61.0,1980.0,492.6,4595.4765625,86,1606.4532053470612,99.3,40.33984375,3,3416.0593519210815,13.9,201.734375,149,26842.986780405045,9.9,108.44140625,37,26809.28015780449,9.9,42.2109375,36,26843.01516866684
2026-02-13T23:53:04,gaming_1,28.0,43.1,350888.6078637576,346778.3246624208,0.0,61508.93232805847,58.0,7861.015625,159.331,62.0,1980.0,466.8,4595.4765625,86,1608.3846170902252,99.0,40.33984375,3,3418.0018055438995,12.9,331.07421875,96,26812.66108942032,10.6,108.44921875,37,26811.19966650009,9.0,4.8203125,384,1771015982.4114099
2026-02-13T23:53:06,gaming_1,28.5,43.1,352159.4715492563,345861.4177240568,0.0,20730.163814651456,56.0,7861.015625,158.891,62.0,1980.0,436.4,4595.4765625,86,1610.2924637794495,99.1,40.32421875,3,3419.9099521636963,14.6,4.8203125,384,1771015984.337105,12.3,331.07421875,96,26814.563113689423,9.8,108.453125,37,26813.121908187866
2026-02-13T23:53:08,gaming_1,25.9,43.1,343798.1576551567,305125.4034503978,0.0,567379.7469066886,53.0,7861.015625,149.269,61.0,1980.0,453.1,4595.50390625,86,1612.2066495418549,98.9,40.33203125,3,3421.838129758835,13.8,331.07421875,96,26816.494240760803,11.5,201.765625,149,26848.72333264351,6.6,4.8203125,384,1771015986.239122
2026-02-13T23:53:10,gaming_1,27.8,43.1,344629.52844360925,324741.363206037,0.0,16370.116613117636,55.0,7861.015625,154.74,61.0,1980.0,411.5,4595.49609375,86,1614.1353540420532,100.3,40.328125,3,3423.7546422481537,16.1,201.7578125,149,26850.659681797028,14.5,4.8203125,384,1771015988.1774993,11.4,331.07421875,96,26818.412766456604
2026-02-13T23:53:11,gaming_1,28.1,43.1,342495.96999542404,346649.0187383886,0.0,11252.00455697491,54.0,7861.015625,156.697,61.0,1980.0,505.2,4595.49609375,86,1616.0533635616302,99.0,40.328125,3,3425.6635456085205,14.7,201.76953125,149,26852.576348543167,13.9,331.33984375,96,26820.327435970306,9.0,4.8203125,384,1771015990.0898557
2026-02-13T23:53:13,gaming_1,28.3,43.1,348112.86927226884,343458.6500774809,0.0,86331.36738630933,57.0,7861.015625,156.259,61.0,1980.0,423.3,4595.49609375,86,1617.9649024009705,99.8,40.33203125,3,3427.5436522960663,13.9,201.75,149,26854.482959508896,10.7,25.41015625,13,26852.355964422226,9.8,4.8203125,384,1771015991.9982135
2026-02-13T23:53:15,gaming_1,24.3,43.1,352187.6096638311,265289.7841680709,0.0,11918.999988254192,61.0,7861.015625,169.383,63.0,1980.0,379.0,4595.48046875,85,1619.7791748046875,99.8,40.33203125,3,3429.328216075897,9.6,331.36328125,96,26823.978237628937,9.3,4.8203125,384,1771015993.8458922,6.9,108.49609375,37,26822.608822345734
2026-02-13T23:53:17,gaming_1,26.0,43.1,349250.7466300027,185684.1321040807,0.0,89245.76957593029,56.0,7861.015625,155.769,61.0,1980.0,406.9,4595.48046875,85,1621.5949912071228,99.2,39.67578125,3,3431.1721925735474,16.2,25.41015625,13,26855.990215539932,11.4,4.8203125,384,1771015995.6304374,10.5,201.76953125,149,26858.116743564606
2026-02-13T23:53:19,gaming_1,25.2,43.1,386153.8155814798,260894.40650658275,174719.81051197337,11465.987564848252,53.0,7861.015625,152.167,61.0,1980.0,401.3,4595.484375,85,1623.4520347118378,100.1,40.33203125,3,3433.0293548107147,13.4,201.76171875,149,26859.989515066147,9.4,331.35546875,96,26827.672390937805,8.3,4.8203125,384,1771015997.50643
2026-02-13T23:53:21,gaming_1,26.0,43.1,342535.0295544736,324704.1936999063,0.0,8664.31014828841,49.0,7861.015625,146.126,60.0,1980.0,436.0,4595.484375,85,1625.3060555458069,99.6,39.67578125,3,3435.0220074653625,13.6,201.75,149,26861.822511911392,10.2,108.5078125,37,26828.115860700607,7.1,25.41015625,13,26859.82115626335
2026-02-13T23:53:23,gaming_1,28.5,43.2,341747.1905701843,233838.21547777345,2234705.4548153467,111683.92381027986,53.0,7861.015625,147.348,60.0,1980.0,498.0,4595.484375,85,1627.2707450389862,99.2,40.3515625,3,3436.849224090576,7.9,108.51171875,37,26830.103890419006,7.8,4.8203125,384,1771016001.328915,5.2,331.36328125,96,26831.499498844147
2026-02-13T23:53:25,gaming_1,25.4,43.2,347098.9814861341,213043.18791285375,388577.0793428447,50228.00315369157,48.0,7861.015625,146.887,60.0,1980.0,425.4,4595.484375,85,1629.1477630138397,100.2,39.6875,3,3438.7368474006653,10.9,201.765625,149,26865.67273402214,10.9,108.46875,37,26831.967148303986,5.9,4.8203125,384,1771016003.1870654
2026-02-13T23:53:26,gaming_1,28.2,43.2,346432.3773143122,97990.9180900139,0.0,75805.24975004603,51.0,7861.015625,152.009,61.0,1980.0,472.0,4595.484375,85,1631.0187950134277,100.1,40.3515625,3,3440.64226269722,12.4,25.4453125,14,26865.431586265564,11.6,201.75,149,26867.550777196884,10.0,42.2109375,36,26867.580024957657
2026-02-13T23:53:28,gaming_1,27.1,43.2,343378.12394924636,260508.93487874288,239937.4300188182,17941.749789353595,57.0,7861.015625,152.658,62.0,1980.0,438.7,4595.484375,85,1632.946124792099,98.4,40.34375,3,3442.546493768692,9.0,201.75390625,149,26869.45732998848,6.5,4.8203125,384,1771016006.9764397,6.5,108.5390625,37,26835.768250465393
2026-02-13T23:53:30,gaming_1,23.3,43.1,343638.38369013934,284583.1857529735,52083.31175381201,112304.64096915715,51.0,7861.015625,163.079,62.0,1980.0,394.4,4595.484375,85,1634.8354663848877,99.1,39.6875,3,3444.4542598724365,12.4,4.8203125,384,1771016008.8650012,10.0,108.55078125,37,26837.653179883957,9.9,201.73046875,148,26871.35049176216
2026-02-13T23:53:32,gaming_1,27.9,43.1,346985.19709105825,328676.63591172855,0.0,117314.76939755943,59.0,7861.015625,157.473,61.0,1980.0,507.5,4595.484375,85,1636.722585439682,99.4,40.4609375,3,3446.32515335083,11.5,108.58984375,37,26839.552831172943,10.6,201.71875,148,26873.25995516777,6.5,4.8203125,384,1771016010.781559
2026-02-13T23:53:34,gaming_1,28.1,43.1,333088.26470834133,230017.05967779484,34873.04783649836,46043.32097162674,53.0,7861.015625,158.672,62.0,1980.0,443.2,4595.484375,85,1638.6225912570953,99.1,39.796875,3,3448.1848554611206,12.4,108.59375,37,26841.443784713745,10.8,4.8203125,384,1771016012.6640215,9.1,201.71875,148,26875.152633428574
2026-02-13T23:53:36,gaming_1,24.7,43.1,343839.5666541334,229380.43580303268,0.0,15608.310740912399,58.0,7861.015625,154.11,62.0,1980.0,421.3,4595.578125,85,1640.4554841518402,99.4,40.44921875,3,3450.04043340683,11.9,201.74609375,148,26876.986887454987,11.1,108.6015625,37,26843.27605700493,7.7,4.8203125,384,1771016014.5006485
2026-02-13T23:53:38,gaming_1,24.2,43.1,342895.02928897744,232740.0663041428,0.0,44308.814186002644,58.0,7861.015625,159.309,62.0,1980.0,415.3,4595.578125,85,1642.3141722679138,100.4,40.44140625,3,3451.922640800476,10.9,4.8203125,384,1771016016.3611479,10.1,201.75390625,148,26878.846045970917,8.4,108.61328125,37,26845.143306970596
2026-02-13T23:53:40,gaming_1,24.0,43.1,346598.832597911,290884.2707419958,34765.7677697833,5703.758774730072,49.0,7861.015625,159.259,61.0,1980.0,405.6,4595.578125,85,1644.21613407135,97.8,40.44921875,3,3453.8408875465393,17.9,25.45703125,13,26878.64183807373,9.1,108.62890625,37,26847.041767835617,7.4,201.74609375,148,26880.7357943058
2026-02-13T23:53:42,gaming_1,29.8,43.1,348597.59973612026,214987.21753263441,0.0,20628.860313891164,57.0,7861.015625,155.374,62.0,1980.0,468.9,4595.58203125,85,1646.1096057891846,100.2,39.796875,3,3455.7123856544495,13.1,4.8203125,384,1771016020.1555502,10.7,201.75,148,26882.640017032623,9.9,108.49609375,37,26848.930947303772
2026-02-13T23:53:43,gaming_1,26.5,43.1,345593.5516973844,295095.51991681446,35001.62886454325,33087.47728601354,60.0,7861.015625,163.011,62.0,1980.0,472.8,4595.58203125,85,1647.9667711257935,99.7,40.44921875,3,3457.546896457672,14.2,108.53125,37,26850.800409078598,9.2,201.74609375,148,26884.511500120163,5.9,25.41015625,13,26882.365189552307
2026-02-13T23:53:45,gaming_1,26.2,43.1,344594.7841366859,265442.020343478,72233.70992851861,6771.91030579862,52.0,7861.015625,154.762,61.0,1980.0,419.2,4595.6015625,85,1649.799593925476,99.3,40.44921875,3,3459.4040348529816,18.1,4.8203125,384,1771016023.8450396,11.2,201.7109375,148,26886.324453115463,10.2,42.1953125,35,26886.3690161705
2026-02-13T23:53:47,gaming_1,25.7,43.1,345015.81090648135,241709.6565056034,8725.34208515171,41990.7087847926,57.0,7861.015625,160.262,63.0,1980.0,462.0,4595.6015625,85,1651.6701714992523,98.9,40.44921875,3,3461.283502101898,10.8,201.74609375,148,26888.19712996483,8.3,4.8203125,384,1771016025.71895,6.7,108.53125,37,26854.49386525154
2026-02-13T23:53:49,gaming_1,27.5,43.1,334184.51455337333,299046.52407641837,0.0,266467.74127887766,55.0,7861.015625,153.611,62.0,1980.0,414.2,4595.6015625,85,1653.557327747345,98.7,40.44921875,3,3463.1350634098053,19.1,4.8203125,384,1771016027.6069632,14.0,108.53515625,37,26856.39266037941,9.1,201.71484375,148,26890.093885183334
2026-02-13T23:53:51,gaming_1,26.5,43.1,337004.1592803303,341966.6896737328,0.0,39201.47438826197,51.0,7861.015625,155.199,62.0,1980.0,485.3,4595.6015625,85,1655.3881866931915,97.6,40.3203125,3,3464.9770181179047,9.4,25.41015625,13,26889.786279678345,8.5,4.8203125,384,1771016029.4336417,8.5,108.53515625,37,26858.226144075394
2026-02-13T23:53:53,gaming_1,28.1,43.1,342149.01487358473,343545.04674029123,35148.038577209656,17299.425237220377,57.0,7861.015625,157.648,62.0,1980.0,468.7,4595.6015625,85,1657.2420225143433,100.6,40.32421875,3,3466.824069261551,11.0,108.53125,37,26860.07120871544,10.9,201.71484375,148,26893.78007221222,7.5,4.8203125,384,1771016031.2984993
2026-02-13T23:53:54,gaming_1,25.7,43.1,339797.15293237934,289971.10335474194,0.0,51602.8226743833,56.0,7861.015625,161.058,62.0,1980.0,488.8,4595.6015625,85,1659.1213281154633,97.6,40.32421875,3,3468.713775396347,12.3,25.4453125,14,26893.531859874725,11.8,108.53125,37,26861.932310581207,10.2,4.8203125,384,1771016033.1444602
2026-02-13T23:53:56,gaming_1,29.7,43.1,344501.0710278647,314588.13150608155,34887.693838863524,8449.363351599759,53.0,7861.015625,167.669,62.0,1980.0,450.8,4595.6015625,85,1660.9900362491608,99.6,40.33203125,3,3470.59641957283,13.3,4.8203125,384,1771016035.0223005,12.5,108.5,37,26863.814057588577,6.7,25.41015625,13,26895.400730609894
2026-02-13T23:53:58,gaming_1,27.1,43.1,341152.35142492835,344382.01793994475,0.0,17135.639955320323,55.0,7861.015625,159.359,62.0,1980.0,449.1,4595.6015625,85,1662.8718962669373,99.2,40.33203125,3,3472.454344511032,5.7,201.72265625,148,26899.41657948494,5.0,25.41015625,13,26897.266493797302,4.1,4.8203125,384,1771016036.934047
2026-02-13T23:54:00,gaming_1,26.4,43.1,339760.54638901656,336203.28093234403,0.0,39887.01847037623,49.0,7861.015625,142.939,61.0,1980.0,461.8,4595.62109375,85,1664.7023701667786,98.5,40.33203125,3,3474.262729406357,10.3,201.75390625,148,26901.243787527084,10.2,108.5,37,26867.538776874542,7.7,4.8203125,384,1771016038.758085
2026-02-13T23:54:02,gaming_1,25.4,43.2,342363.33619480114,343413.1063354479,0.0,33315.01933953538,48.0,7861.015625,140.607,60.0,1980.0,437.7,4595.62109375,85,1666.5371906757355,99.5,40.33203125,3,3476.1004745960236,6.0,201.70703125,148,26903.0792491436,6.0,108.5234375,37,26869.369151115417,5.9,4.8203125,384,1771016040.6006112
2026-02-13T23:54:04,gaming_1,28.5,43.1,345653.81067788845,343271.9384980425,0.0,64996.16471647552,55.0,7861.015625,153.121,61.0,1980.0,472.5,4595.62109375,85,1668.3859701156616,99.0,40.33203125,3,3477.9462649822235,13.5,42.1953125,35,26904.95291018486,12.6,25.41015625,13,26902.769594192505,8.5,108.5546875,37,26871.217162132263
2026-02-13T23:54:05,gaming_1,25.6,43.1,339621.08657573536,346742.47362784186,71856.3851958198,62032.27003232882,47.0,7861.015625,146.964,61.0,1980.0,433.7,4595.6328125,85,1670.1977772712708,99.1,40.33203125,3,3479.743863582611,11.1,4.8203125,384,1771016044.252358,9.4,201.73046875,148,26906.732475042343,7.0,331.35546875,95,26874.377765893936
2026-02-13T23:54:07,gaming_1,24.9,43.1,328672.1867408534,344125.42937615205,55612.66525188149,602180.8909305292,65.0,7861.015625,161.242,62.0,1980.0,430.4,4595.6328125,85,1671.936431646347,98.5,40.328125,3,3481.48920750618,12.5,25.41015625,13,26906.308655023575,11.5,201.72265625,148,26908.497913837433,8.9,108.55859375,37,26874.784552574158
2026-02-13T23:54:09,gaming_1,26.9,43.1,340373.33562735224,287210.7698975186,0.0,115461.7533994819,57.0,7861.015625,159.798,62.0,1980.0,441.1,4595.6328125,85,1673.7043161392212,97.7,40.31640625,3,3483.263050556183,10.7,42.1953125,35,26910.271137475967,9.8,108.55859375,37,26876.53699207306,8.9,4.8203125,384,1771016047.7753274
2026-02-13T23:54:11,gaming_1,24.6,43.1,345408.27237393294,309865.604108519,0.0,8826.166072793207,59.0,7861.015625,163.206,62.0,1980.0,407.7,4595.6328125,85,1675.5211317539215,97.8,40.30859375,2,3485.1011373996735,9.6,201.74609375,148,26912.055357933044,7.8,4.8203125,384,1771016049.5750506,7.7,108.55859375,37,26878.357046604156
2026-02-13T23:54:13,gaming_1,30.0,43.1,338336.6228512669,345646.4508466672,0.0,15411.00219738524,61.0,7861.015625,165.595,62.0,1980.0,463.3,4595.6328125,85,1677.3524053096771,99.6,39.65625,2,3486.920445203781,13.6,201.734375,148,26913.892233371735,11.9,25.41015625,13,26911.740285873413,11.1,4.8203125,384,1771016051.406851
2026-02-13T23:54:15,gaming_1,24.0,43.1,345215.0550335121,339172.875423708,35952.449873626596,50839.01114942511,58.0,7861.015625,163.333,63.0,1980.0,445.9,4595.6328125,85,1679.1676924228668,97.7,39.66015625,2,3488.7279438972473,12.0,108.484375,37,26882.00209069252,7.7,201.72265625,148,26915.708417654037,6.9,4.8203125,384,1771016053.2252076
2026-02-13T23:54:16,gaming_1,25.2,43.1,342532.5548028059,336888.19429318036,0.0,7078.261440502269,61.0,7861.015625,167.178,63.0,1980.0,410.3,4595.6328125,85,1680.9801969528198,99.9,40.3046875,2,3490.526734828949,15.5,25.4453125,14,26915.35492992401,12.1,201.70703125,148,26917.514171123505,9.5,108.49609375,37,26883.81098508835
2026-02-13T23:54:18,gaming_1,28.9,43.1,345309.79795848567,347304.6432535722,0.0,63529.61858419222,54.0,7861.015625,163.859,63.0,1980.0,489.4,4595.6328125,85,1682.7557632923126,97.8,40.30859375,2,3492.3151409626007,14.0,201.73046875,148,26919.298585891724,11.4,108.51171875,37,26885.591417074203,9.6,4.8203125,384,1771016056.8143685
2026-02-13T23:54:20,gaming_1,24.6,43.1,343413.52936917404,344990.2260574279,0.0,16764.81997844814,58.0,7861.015625,161.601,63.0,1980.0,445.9,4595.6328125,85,1684.5492491722107,98.6,40.30859375,2,3494.105722427368,12.2,25.4453125,14,26918.93388748169,9.6,108.5234375,37,26887.380931138992,7.0,42.1953125,35,26921.115485429764
2026-02-13T23:54:22,gaming_1,24.3,43.1,345588.2870299071,343608.23715930444,0.0,62854.703092411684,56.0,7861.015625,162.95,62.0,1980.0,347.6,4595.6328125,85,1686.3254573345184,100.7,40.3046875,2,3495.858872652054,11.5,4.8203125,384,1771016060.383232,10.7,331.36328125,95,26890.490557193756,10.6,201.7109375,148,26922.862594127655
2026-02-13T23:54:23,gaming_1,27.2,43.1,343475.4962078248,344478.49178846704,0.0,79005.19035212843,59.0,7861.015625,163.305,63.0,1980.0,470.4,4595.6328125,85,1688.0657858848572,99.3,40.30859375,2,3497.621182203293,14.2,4.8203125,384,1771016062.1453512,12.5,108.53125,37,26890.908580303192,11.6,25.41015625,13,26922.446308374405
2026-02-13T23:54:25,gaming_1,27.9,43.1,362908.12997446425,345758.16207229125,0.0,84441.81038979458,61.0,7861.015625,165.57,62.0,1980.0,451.4,4595.65625,85,1689.8513510227203,100.7,40.30859375,2,3499.40492272377,14.9,108.53515625,37,26892.693290948868,6.2,4.8203125,384,1771016063.9063232,6.2,201.7109375,148,26926.389927387238
2026-02-13T23:54:27,gaming_1,26.7,43.1,329813.4327949655,350990.52205698576,9145.590976565443,82310.31878908898,61.0,7861.015625,157.402,62.0,1980.0,495.2,4595.65625,85,1691.621859550476,99.5,40.3125,2,3501.148231983185,11.5,108.5390625,37,26894.46284532547,9.0,331.35546875,95,26895.781960487366,7.1,25.4453125,14,26925.98856639862
2026-02-13T23:54:29,gaming_1,23.8,43.1,332890.90563168976,344458.451191828,0.0,15409.765160525843,47.0,7861.015625,143.775,61.0,1980.0,383.1,4595.7578125,85,1693.403640985489,100.1,40.3125,2,3502.9598836898804,15.0,108.515625,37,26896.23753094673,7.1,4.8203125,384,1771016067.4578493,4.3,331.36328125,95,26897.600572109222
2026-02-13T23:54:31,gaming_1,23.6,43.1,342714.70451461885,345294.70733096707,0.0,33965.15385396059,57.0,7861.015625,158.07,63.0,1980.0,395.6,4595.8203125,85,1695.2127213478088,100.3,40.3125,2,3504.796723842621,16.4,201.7109375,148,26931.748899698257,13.8,108.515625,37,26898.04594731331,8.6,25.41015625,14,26929.607947826385
2026-02-13T23:54:32,gaming_1,26.9,43.1,343678.0865154453,344684.40723347047,0.0,34775.661961992526,53.0,7861.015625,158.657,62.0,1980.0,486.1,4595.95703125,85,1697.0617022514343,99.8,40.3125,2,3506.64440202713,16.1,108.50390625,37,26899.892491340637,15.3,4.8203125,384,1771016071.107101,11.0,201.7109375,148,26933.592992067337
2026-02-13T23:54:34,gaming_1,29.9,43.1,339138.28211128945,342790.66518169537,35164.180535055326,76921.64492043352,63.0,7861.015625,155.024,63.0,1980.0,508.2,4596.06640625,85,1698.9093096256256,98.8,40.43359375,2,3508.510557413101,16.9,108.50390625,37,26901.737637043,11.8,201.7109375,148,26935.450711011887,9.3,25.41015625,13,26933.305362462997
2026-02-13T23:54:36,gaming_1,28.5,43.1,344340.4581953363,344790.7388143409,0.0,37555.86651540765,57.0,7861.015625,161.255,62.0,1980.0,494.9,4596.24609375,85,1700.7812051773071,99.1,40.4453125,3,3510.354553461075,14.5,331.08203125,95,26905.003926753998,13.3,108.51171875,37,26903.61385035515,12.5,201.67578125,147,26937.32301926613
2026-02-13T23:54:38,gaming_1,28.1,43.1,339568.5550734887,343411.72403706354,0.0,91313.86857200268,55.0,7861.015625,160.406,62.0,1980.0,484.8,4596.35546875,85,1702.625334739685,99.3,40.4453125,3,3512.1952378749847,16.2,201.67578125,147,26939.158542633057,11.0,331.08203125,95,26906.845058441162,8.4,25.41015625,13,26937.014343738556
2026-02-13T23:54:40,gaming_1,30.5,43.1,343175.6080541436,345858.51352794305,0.0,9241.665827791183,56.0,7861.015625,158.548,63.0,1980.0,481.2,4596.24609375,85,1704.4430646896362,100.2,40.44140625,3,3514.0049505233765,17.9,108.51171875,37,26907.282914876938,14.5,4.8203125,384,1771016078.5058532,13.7,42.171875,34,26941.014239549637
2026-02-13T23:54:42,gaming_1,27.1,43.1,341714.6520598742,345275.01768148603,9153.150846459786,40903.142845117174,46.0,7861.015625,152.311,62.0,1980.0,447.3,4596.24609375,85,1706.2420799732208,99.6,40.44140625,3,3515.8078949451447,12.1,331.07421875,95,26910.45292210579,10.5,108.51171875,37,26909.07349562645,7.9,201.69921875,147,26942.78108215332
2026-02-13T23:54:43,gaming_1,27.7,43.1,343231.0061757006,340948.61850358016,0.0,68624.33865286564,52.0,7861.015625,146.251,61.0,1980.0,470.0,4596.24609375,85,1708.0706193447113,99.3,40.44140625,3,3517.6496880054474,14.6,4.8203125,384,1771016082.120201,13.7,201.70703125,147,26944.603162527084,13.7,25.41015625,13,26942.459111213684
2026-02-13T23:54:45,gaming_1,28.4,43.1,342817.1781539274,346669.8400594457,0.0,8367.772464474201,52.0,7861.015625,149.03,61.0,1980.0,481.8,4596.24609375,85,1709.8969268798828,100.1,40.4453125,3,3519.460439682007,16.2,4.8203125,384,1771016083.9503691,10.3,108.6328125,37,26912.727518320084,9.5,331.39453125,95,26914.1131336689
2026-02-13T23:54:47,gaming_1,27.5,43.1,339703.75497033383,345083.96721398755,35869.54115972455,35589.3103694142,48.0,7861.015625,155.105,62.0,1980.0,464.2,4596.24609375,85,1711.737830400467,99.2,40.44140625,3,3521.3039667606354,14.5,108.64453125,37,26914.562930822372,14.4,331.40234375,95,26915.95155787468,13.5,25.4453125,14,26946.12767457962
2026-02-13T23:54:49,gaming_1,31.9,43.1,345557.1698316349,343504.0359838437,0.0,48646.16708298481,50.0,7861.015625,150.213,61.0,1980.0,460.8,4596.24609375,85,1713.5349652767181,99.2,40.44140625,3,3523.068944454193,17.9,331.359375,95,26917.69785475731,13.7,4.8203125,384,1771016087.6099677,12.8,201.6953125,147,26950.088384389877
2026-02-13T23:54:51,gaming_1,23.5,43.1,343781.6894535416,343370.7214164514,0.0,10047.937625935616,53.0,7861.015625,149.529,62.0,1980.0,405.5,4596.24609375,85,1715.265067577362,99.7,40.44140625,3,3524.8403248786926,18.2,331.359375,95,26919.505741596222,9.9,4.8203125,384,1771016089.3446567,9.0,201.671875,147,26951.821408748627
2026-02-13T23:54:52,gaming_1,29.6,43.1,343647.24025599996,345830.1603516619,72034.16484859031,32359.09749057768,51.0,7861.015625,153.894,61.0,1980.0,463.5,4596.24609375,85,1717.1299257278442,100.4,40.4453125,3,3526.707939386368,16.2,201.6953125,147,26953.657111644745,14.6,4.8203125,384,1771016091.1644924,11.9,331.359375,95,26921.35108399391
2026-02-13T23:54:54,gaming_1,27.5,43.1,344332.20293688244,310173.0337241019,71185.9359427877,118457.84652979516,53.0,7861.015625,151.754,62.0,1980.0,478.5,4596.24609375,85,1718.9351496696472,99.7,40.4453125,3,3528.510529279709,16.1,4.8203125,384,1771016093.0024557,14.5,201.7109375,147,26955.480740070343,7.8,331.359375,95,26923.15702700615
2026-02-13T23:54:56,gaming_1,30.0,43.1,344741.1034372429,189609.25958521708,0.0,14102.995058955894,51.0,7861.015625,154.491,61.0,1980.0,447.5,4596.22265625,85,1720.7654914855957,100.3,40.4453125,3,3530.334245443344,13.8,201.7109375,147,26957.300963163376,12.9,331.359375,95,26924.969753026962,12.1,4.8203125,384,1771016094.8177404
2026-02-13T23:54:58,gaming_1,24.8,43.1,343706.9576924448,211432.2454806743,0.0,59370.07341192058,52.0,7861.015625,145.687,61.0,1980.0,417.2,4596.22265625,85,1722.5970346927643,100.4,40.4453125,3,3532.17165017128,17.1,201.6953125,147,26959.123047590256,11.8,331.359375,95,26926.820530176163,6.0,4.8203125,384,1771016096.6391912
2026-02-13T23:55:00,gaming_1,28.9,43.1,342867.0497196632,153987.39091006873,35408.79016821493,8022.304022486196,54.0,7861.015625,153.973,62.0,1980.0,465.6,4596.27734375,85,1724.42289686203,99.6,40.4453125,3,3533.9911761283875,14.4,4.8203125,384,1771016098.4890754,12.7,201.6796875,147,26960.973390817642,8.5,108.6640625,37,26927.262788057327
2026-02-13T23:55:02,gaming_1,26.2,43.1,342279.3558017538,156414.19626267804,0.0,9084.525695575649,50.0,7861.015625,154.841,62.0,1980.0,425.1,4596.28125,85,1726.22487783432,98.7,40.4453125,3,3535.7956354618073,16.5,25.4453125,14,26960.611721277237,13.9,201.70703125,147,26962.77318239212,9.6,108.56640625,37,26929.05903172493
2026-02-13T23:55:03,gaming_1,28.5,43.1,345161.9097323658,174574.7012782879,0.0,22693.742610901063,52.0,7861.015625,147.28,61.0,1980.0,461.6,4596.28125,85,1728.0523188114166,99.6,40.4453125,3,3537.6164994239807,16.2,4.8203125,384,1771016102.119505,11.9,108.56640625,37,26930.89523935318,10.2,201.71484375,147,26964.60219025612
2026-02-13T23:55:05,gaming_1,27.7,43.1,341468.04342051724,155008.32657320096,0.0,13585.46500729333,64.0,7861.015625,156.642,62.0,1980.0,510.7,4596.28125,85,1729.8262882232666,99.3,40.4453125,3,3539.4107401371,8.0,201.6875,147,26966.369693756104,8.0,108.56640625,37,26932.66049695015,5.3,4.8203125,384,1771016103.890247
2026-02-13T23:55:07,gaming_1,33.9,43.1,344421.79103652074,187855.56897791318,0.0,25141.471473139492,54.0,7861.015625,159.114,62.0,1980.0,546.2,4600.30078125,85,1731.6437447071075,99.1,39.796875,3,3541.1922519207,12.0,108.56640625,37,26934.48666214943,8.7,25.41015625,13,26966.01779127121,8.5,4.8203125,384,1771016105.7235723
2026-02-13T23:55:09,gaming_1,27.5,43.1,334451.3224221454,196181.7002892181,0.0,653825.765424842,55.0,7861.015625,162.856,62.0,1980.0,492.8,4596.30078125,85,1733.428878068924,98.7,40.4453125,3,3542.9823904037476,11.5,4.8203125,384,1771016107.4941797,7.9,108.57421875,37,26936.25816178322,5.3,201.703125,147,26969.970433950424
2026-02-13T23:55:11,gaming_1,26.0,43.1,343853.0264218771,326303.59728240094,0.0,180898.70316387014,57.0,7861.015625,161.661,62.0,1980.0,396.7,4596.30078125,85,1735.216924905777,98.5,40.4453125,3,3544.790306329727,14.9,4.8203125,384,1771016109.2739022,10.4,25.41015625,13,26969.60793352127,7.0,42.171875,34,26971.78483939171
2026-02-13T23:55:12,gaming_1,25.6,43.1,342341.994422798,341865.4523280203,0.0,22026.834603058967,52.0,7861.015625,151.526,61.0,1980.0,484.1,4596.30078125,85,1737.0244538784027,98.0,40.4453125,3,3546.5912454128265,12.1,201.7109375,147,26973.563449382782,7.8,4.8203125,384,1771016111.0859213,7.8,108.578125,37,26939.85322380066
2026-02-13T23:55:14,gaming_1,27.9,43.1,344625.65178867156,347772.8633731162,0.0,45951.68244968571,60.0,7861.015625,155.084,62.0,1980.0,460.0,4596.30078125,85,1738.8795828819275,100.1,40.32421875,3,3548.4331583976746,11.0,201.7109375,147,26975.407839775085,11.0,25.4453125,14,26973.26389670372,10.1,108.58984375,37,26941.702441453934
2026-02-13T23:55:16,gaming_1,25.0,43.1,344981.78684036346,343995.2308095936,36221.25267929018,27165.939509467633,63.0,7861.015625,171.076,63.0,1980.0,385.8,4596.30078125,85,1740.6733314990997,99.3,40.32421875,3,3550.242951631546,15.6,201.671875,147,26977.2119204998,9.5,25.4453125,14,26975.06731247902,8.6,4.8203125,384,1771016114.7337625
2026-02-13T23:55:18,gaming_1,29.3,43.1,343480.9200333452,342903.99046632077,0.0,23835.337962137743,63.0,7861.015625,170.847,64.0,1980.0,476.7,4596.30078125,85,1742.464331150055,100.4,40.32421875,3,3552.0319797992706,13.1,42.171875,34,26979.03580236435,13.0,4.8203125,384,1771016116.539048,9.5,201.703125,147,26979.01961874962
2026-02-13T23:55:20,gaming_1,25.5,43.1,343616.6765345267,343512.184614561,0.0,63175.3701648102,55.0,7861.015625,140.646,62.0,1980.0,454.3,4596.30078125,85,1744.2726001739502,98.7,40.32421875,3,3553.995049238205,13.0,108.5546875,37,26947.10484457016,6.1,4.8203125,384,1771016118.336306,6.1,201.7109375,147,26980.813351869583
2026-02-13T23:55:22,gaming_1,33.6,43.1,341622.83848949266,344941.9194382974,0.0,9911.901602447428,62.0,7861.015625,157.598,63.0,1980.0,590.7,4596.328125,85,1746.264731645584,99.2,39.67578125,3,3555.8540365695953,13.5,4.8203125,384,1771016120.2999587,11.9,201.71484375,147,26982.786729574203,10.2,108.55859375,37,26949.090854644775
2026-02-13T23:55:23,gaming_1,25.0,43.1,348057.67729755444,324668.1352193515,0.0,16286.475648089116,63.0,7861.015625,171.876,64.0,1980.0,461.6,4596.36328125,85,1748.123483657837,100.2,40.32421875,3,3557.678586244583,14.1,201.7109375,147,26984.66653561592,7.5,108.56640625,37,26950.963411092758,6.8,25.41015625,13,26982.506561517715
2026-02-13T23:55:25,gaming_1,29.0,43.1,345135.4167188957,345706.5977135338,0.0,24632.94961400727,59.0,7861.015625,168.46,63.0,1980.0,485.5,4596.3671875,85,1749.9126510620117,98.8,40.32421875,3,3559.4660987854004,12.2,201.6953125,147,26986.45258450508,7.9,108.56640625,37,26952.752553224564,7.9,42.09375,34,26986.484030246735
2026-02-13T23:55:27,gaming_1,23.9,43.1,343855.06906704395,345118.9873856164,4577.373503866218,78959.69294169226,59.0,7861.015625,171.821,64.0,1980.0,423.8,4596.3671875,85,1751.69735622406,99.5,40.32421875,3,3561.270855665207,16.6,201.72265625,147,26988.246830701828,7.9,108.56640625,37,26954.53820848465,7.8,25.4453125,14,26986.090858459473
2026-02-13T23:55:29,gaming_1,27.7,43.1,342222.25971797894,345307.85071384354,0.0,64158.11416235041,62.0,7861.015625,176.912,64.0,1980.0,430.3,4596.3671875,85,1753.4982256889343,100.1,40.32421875,3,3563.0514874458313,12.2,108.56640625,37,26956.335470199585,10.4,42.171875,34,26990.07124733925,7.8,4.8203125,384,1771016127.5682619
2026-02-13T23:55:31,gaming_1,23.6,43.1,341431.5395675351,343625.27526643756,46067.88732481232,181968.15493300866,69.0,7861.015625,183.819,65.0,1980.0,499.0,4596.3671875,85,1755.3370609283447,100.0,40.421875,3,3564.8949208259583,7.9,201.71484375,147,26991.830239772797,7.6,108.5859375,37,26958.177322149277,7.0,4.8203125,384,1771016129.3462703
2026-02-13T23:55:33,gaming_1,31.0,43.1,344887.7662438916,346887.90889155824,0.0,69785.39885682453,63.0,7861.015625,182.857,65.0,1980.0,461.4,4596.3671875,85,1757.1316211223602,99.3,40.421875,3,3566.7205016613007,13.5,4.8203125,384,1771016131.1952124,10.5,42.09375,34,26993.701463460922,6.9,25.44921875,14,26991.51830816269
2026-02-13T23:55:34,gaming_1,24.8,43.1,342560.3086834719,342887.24098094547,35356.16344426809,87285.52850303684,62.0,7861.015625,162.524,64.0,1980.0,438.4,4596.3671875,85,1759.0067591667175,99.7,40.421875,3,3568.663714170456,10.1,4.8203125,384,1771016133.0482957,7.5,108.56640625,37,26961.833632707596,5.9,201.69921875,147,26995.53200674057
2026-02-13T23:55:36,gaming_1,30.2,43.1,342000.6113321573,345047.07222981093,34093.72633002576,113468.182942117,62.0,7861.015625,160.939,63.0,1980.0,593.7,4596.390625,85,1760.9099621772766,99.2,40.421875,3,3570.47527551651,10.6,108.5703125,37,26963.74417567253,9.8,4.8203125,384,1771016134.9707932,6.1,25.4453125,14,26995.286959648132
2026-02-13T23:55:38,gaming_1,27.7,43.1,343017.89794646826,344560.7318746673,0.0,89745.64089090677,53.0,7861.015625,142.548,62.0,1980.0,513.4,4596.390625,85,1762.735951423645,96.1,40.421875,3,3572.426898956299,8.6,108.57421875,37,26965.569877147675,7.8,4.8203125,384,1771016136.7900324,4.9,25.41015625,13,26997.200892925262
2026-02-13T23:55:40,gaming_1,41.7,43.1,342431.78635890846,344873.47951113054,0.0,65797.20494409018,69.0,7861.015625,162.096,64.0,1980.0,717.6,4596.390625,85,1764.671984910965,99.0,40.421875,3,3574.2424099445343,17.7,4.8203125,384,1771016138.730005,13.7,42.171875,34,27001.236384153366,12.1,109.046875,37,26967.503316879272
2026-02-13T23:55:42,gaming_1,26.0,43.1,316584.57325780066,344051.355502961,0.0,37224.57309811738,61.0,7861.015625,177.309,65.0,1980.0,493.6,4596.73046875,85,1766.4826316833496,99.4,40.421875,3,3576.035207271576,9.5,108.6328125,37,26969.32025694847,6.0,4.8203125,384,1771016140.5468543,6.0,201.7109375,147,27003.02979516983
2026-02-13T23:55:44,gaming_1,29.8,43.1,343416.3255349798,340951.34957573103,0.0,34435.68052211143,64.0,7861.015625,179.04,65.0,1980.0,487.1,4596.73046875,85,1768.2765996456146,100.1,40.421875,3,3577.814266204834,13.1,4.8203125,384,1771016142.330132,11.4,42.171875,34,27004.839116096497,11.4,25.44921875,14,27002.64550971985
2026-02-13T23:55:45,gaming_1,24.4,43.1,344070.8440618984,345326.94530379906,0.0,54561.0474460254,36.0,7861.015625,167.13,61.0,1980.0,449.0,4596.73046875,85,1770.0408005714417,98.5,40.421875,3,3579.6061115264893,14.1,108.63671875,37,26972.87695288658,8.0,4.8203125,384,1771016144.0951676,3.4,160.6328125,23,26898.040762662888
2026-02-13T23:55:47,gaming_1,30.2,43.1,344816.9744327086,342205.0790338636,0.0,12379.827014207616,62.0,7861.015625,177.72,65.0,1980.0,495.9,4596.90234375,85,1771.9437973499298,98.1,40.421875,3,3581.486805200577,9.9,4.8203125,384,1771016146.0041344,9.1,25.44921875,14,27006.30906009674,8.2,108.64453125,37,26974.77985048294
2026-02-13T23:55:49,gaming_1,23.1,43.1,345389.2105496879,346745.2886727192,36922.28328665627,58844.88898810843,63.0,7861.015625,177.634,65.0,1980.0,439.2,4596.90234375,85,1773.7090280056,99.4,40.421875,3,3583.2473962306976,9.7,108.62890625,37,26976.54790186882,7.0,4.8203125,384,1771016147.7729466,3.6,78.46875,105,26982.86781358719
2026-02-13T23:55:51,gaming_1,28.5,43.1,342219.1821538326,342357.7924255671,0.0,10962.607507586094,61.0,7861.015625,176.746,65.0,1980.0,531.8,4596.90234375,85,1775.5279824733734,98.0,40.421875,3,3585.095967769623,13.2,4.8203125,384,1771016149.5468001,12.7,25.41015625,13,27009.922862052917,8.6,108.64453125,37,26978.35826945305
2026-02-13T23:55:53,gaming_1,28.7,43.1,346195.70636477374,351901.11916260887,0.0,32284.182784865603,67.0,7861.015625,178.473,65.0,1980.0,434.2,4596.90234375,85,1777.3741512298584,99.9,40.42578125,3,3586.942913532257,11.9,108.6484375,37,26980.20138144493,10.9,4.8203125,384,1771016151.420582,5.8,201.6875,147,27013.899438381195
2026-02-13T23:55:55,gaming_1,24.1,43.1,340993.2835924854,342125.4354661632,35948.016082047056,39879.83034102095,65.0,7861.015625,168.033,65.0,1980.0,422.2,4596.90234375,85,1779.1766736507416,100.0,40.42578125,3,3588.801536798477,19.5,25.4453125,13,27013.6157579422,12.1,108.65625,37,26982.014654636383,7.7,4.8203125,384,1771016153.241275
2026-02-13T23:55:56,gaming_1,31.0,43.1,345229.13505134144,346418.7613816618,34898.54574032126,47167.56572715295,65.0,7861.015625,178.964,65.0,1980.0,484.2,4597.671875,85,1781.0513167381287,99.5,39.7734375,3,3590.6091198921204,16.7,108.65625,37,26983.885695695877,10.8,4.8203125,384,1771016155.1168349,10.0,42.171875,34,27017.619512557983
2026-02-13T23:55:58,gaming_1,25.3,43.1,342846.75003030914,343663.92629889667,0.0,52585.069611403305,63.0,7861.015625,174.881,65.0,1980.0,448.4,4597.671875,85,1782.8533742427826,100.6,40.42578125,3,3592.471973657608,12.1,108.640625,37,26985.686324596405,10.4,25.4453125,14,27017.24020242691,7.9,4.8203125,384,1771016156.911177
2026-02-13T23:56:00,gaming_1,26.1,43.1,343728.1445808854,345097.12705431227,0.0,22592.515787874683,64.0,7861.015625,182.338,66.0,1980.0,467.9,4600.484375,85,1784.6973140239716,99.6,39.7734375,3,3594.243447303772,10.9,4.8203125,384,1771016158.767618,10.2,108.65234375,37,26987.528313159943,3.5,11.42578125,4,27008.0534658432
2026-02-13T23:56:02,gaming_1,23.2,43.1,340755.16622356727,336345.3108111019,36550.434338096755,64819.91089646846,62.0,7861.015625,180.972,65.0,1980.0,420.4,4600.484375,85,1786.495596408844,99.3,40.42578125,3,3596.13281083107,13.8,108.65234375,37,26989.334844350815,13.4,25.4453125,14,27020.94361805916,9.6,4.8203125,384,1771016160.5613956
2026-02-13T23:56:04,gaming_1,28.9,43.1,344768.6589038979,346815.6552541324,0.0,18720.239984748532,60.0,7861.015625,181.885,65.0,1980.0,498.9,4600.5234375,85,1788.3909480571747,100.0,40.42578125,3,3597.945342540741,11.6,108.65625,37,26991.225695371628,9.9,4.8203125,384,1771016162.4501886,6.6,201.6796875,147,27024.931505680084
2026-02-13T23:56:06,gaming_1,27.4,43.1,338638.77503083565,340533.9009602992,0.0,14595.265474700018,59.0,7861.015625,160.154,64.0,1980.0,520.3,4600.5234375,85,1790.2256660461426,98.2,40.42578125,3,3599.823729276657,12.8,108.609375,37,26993.054229736328,10.3,201.6796875,147,27026.753836154938,10.1,25.4453125,13,27024.628229141235
2026-02-13T23:56:08,gaming_1,27.8,43.1,350577.45039508207,347060.3998918564,0.0,597979.2421078787,62.0,7861.015625,165.299,64.0,1980.0,431.1,4602.23046875,85,1792.1181304454803,97.3,40.42578125,3,3601.751350879669,14.1,108.609375,37,26994.94473385811,7.9,331.08203125,95,26996.45575594902,7.4,201.66796875,147,27028.64454960823
2026-02-13T23:56:10,gaming_1,31.5,43.1,346629.81616151595,347436.625274059,0.0,61988.985635590696,65.0,7861.015625,176.307,65.0,1980.0,582.6,4602.23046875,85,1794.1368572711945,98.4,40.42578125,3,3603.736265897751,32.5,162.6328125,23,26922.126762866974,15.7,25.41015625,13,27028.5418715477,9.6,108.609375,37,26996.904767990112
2026-02-13T23:56:11,gaming_1,29.7,43.1,346118.5654675658,345380.547284821,0.0,125156.2336121989,67.0,7861.015625,183.546,66.0,1980.0,520.7,4602.23046875,85,1796.0704243183136,99.8,40.42578125,3,3605.6454372406006,16.3,4.8203125,384,1771016170.0462754,10.6,201.6796875,147,27032.528366327286,9.7,108.609375,37,26998.83510684967
2026-02-13T23:56:13,gaming_1,28.9,43.1,347597.5714295652,347940.0154488481,0.0,146764.6475467625,68.0,7861.015625,182.829,66.0,1980.0,454.1,4602.23046875,85,1797.9360134601593,97.9,40.42578125,3,3607.5136001110077,12.9,108.609375,37,27000.76970076561,12.8,331.08203125,95,27002.15664458275,12.0,4.8203125,384,1771016171.9989588
2026-02-13T23:56:15,gaming_1,29.7,43.1,341607.97066543443,341401.1767260179,141171.32930833456,7168.856566438864,67.0,7861.015625,181.737,66.0,1980.0,490.6,4602.23046875,85,1799.7960715293884,99.8,40.42578125,3,3609.3620097637177,11.0,331.08203125,95,27004.001698732376,10.9,4.8203125,384,1771016173.8565736,7.6,108.98828125,37,27002.632481336594
2026-02-13T23:56:17,gaming_1,25.0,43.1,348797.51197080873,347900.44690179045,216537.96082204385,19172.631947785132,65.0,7861.015625,177.816,65.0,1980.0,458.1,4602.23046875,85,1801.6044397354126,99.1,40.328125,3,3611.158938407898,12.0,4.8203125,384,1771016175.6716142,8.7,108.62109375,37,27004.433695077896,6.1,331.08203125,95,27005.80477166176
2026-02-13T23:56:19,gaming_1,26.6,43.1,341863.56261685316,343058.1243379592,0.0,9387.588297585138,63.0,7861.015625,170.986,66.0,1980.0,531.0,4606.62890625,85,1803.4963335990906,99.0,40.3203125,3,3613.0686457157135,14.0,25.41015625,13,27037.884266853333,12.2,4.8203125,384,1771016177.4713867,9.4,108.62109375,37,27006.26984500885
2026-02-13T23:56:21,gaming_1,31.0,43.1,345870.28529205004,345804.3555038246,0.0,12055.732704078864,67.0,7861.015625,179.131,66.0,1980.0,446.1,4606.62890625,85,1805.3280506134033,99.9,40.328125,3,3614.91392827034,16.6,108.61328125,37,27008.156544446945,9.8,4.8203125,384,1771016179.3835075,5.9,331.35546875,95,27009.57175397873
2026-02-13T23:56:23,gaming_1,25.3,43.1,340329.77508604265,343107.2350692478,0.0,73492.87546778111,49.0,7861.015625,153.504,63.0,1980.0,470.4,4606.62890625,85,1807.1961901187897,99.6,40.328125,3,3616.7973778247833,14.2,25.41015625,13,27041.604599237442,13.4,108.61328125,37,27010.023851633072,10.4,331.36328125,95,27011.521152734756
2026-02-13T23:56:24,gaming_1,32.9,43.1,343259.3953700061,341540.980699783,8280.737046157146,75044.17948079914,50.0,7861.015625,136.674,61.0,1980.0,527.0,4606.66015625,85,1809.1725957393646,98.2,40.31640625,2,3618.706827878952,11.1,4.8203125,384,1771016183.2168252,11.0,108.6171875,37,27012.00905394554,6.8,331.35546875,95,27013.343057394028
2026-02-13T23:56:26,gaming_1,23.8,43.1,345279.16093235015,347141.19914518343,82477.83319662047,180706.64148287333,48.0,7861.015625,134.176,61.0,1980.0,420.6,4606.66015625,85,1810.930155992508,99.5,40.3203125,2,3620.4662618637085,13.3,108.62109375,37,27013.766907930374,7.0,4.8203125,384,1771016185.0013602,5.3,331.35546875,95,27015.096465587616
2026-02-13T23:56:28,gaming_1,27.0,43.2,345703.9385367016,342249.1389010159,9337.41953663382,69738.85216423385,47.0,7861.015625,135.699,61.0,1980.0,504.9,4602.66015625,85,1812.709963798523,98.5,40.3203125,2,3622.2281749248505,9.6,108.625,37,27015.550498723984,8.8,25.44921875,14,27047.069891691208,8.0,4.8203125,384,1771016186.7625093
2026-02-13T23:56:30,gaming_1,26.7,43.1,346139.1497982106,351293.60847548064,0.0,17431.194470028127,43.0,7861.015625,134.218,61.0,1980.0,421.3,4602.66015625,85,1814.4458062648773,98.0,39.66796875,2,3623.9666216373444,12.6,108.59375,37,27017.280698299408,8.0,4.8203125,384,1771016188.520402,7.2,331.35546875,95,27018.593821763992
2026-02-13T23:56:31,gaming_1,22.2,43.1,332902.7147880541,343901.13908869,0.0,52566.564685419486,42.0,7861.015625,131.771,60.0,1980.0,389.5,4602.86328125,85,1816.170482635498,97.6,40.3203125,2,3625.711590528488,14.6,201.6875,147,27052.709203004837,10.9,108.59375,37,27019.00644516945,8.9,25.41015625,13,27050.565527915955
2026-02-13T23:56:33,gaming_1,26.0,43.1,338346.4931186359,342089.6033184595,56670.676895651464,213695.67746068572,42.0,7861.015625,127.582,60.0,1980.0,412.1,4603.8125,85,1817.876991033554,98.8,40.3203125,2,3627.387444972992,12.6,4.8203125,384,1771016191.9660306,11.8,108.61328125,37,27020.72001504898,8.4,331.35546875,95,27022.003605127335
2026-02-13T23:56:35,gaming_1,21.6,43.2,346167.6627455857,311208.80885657354,196005.01749283943,88202.25787177775,38.0,7861.015625,123.667,60.0,1980.0,337.1,4603.8125,85,1819.5271377563477,98.3,40.4375,2,3629.0731587409973,15.8,25.4453125,14,27053.918831825256,12.0,331.35546875,95,27023.693425178528,11.3,108.62109375,37,27022.38139986992
2026-02-13T23:56:36,gaming_1,29.7,43.2,344217.39642564446,147921.383052349,0.0,40845.5118772531,62.0,7861.015625,146.919,61.0,1980.0,420.3,4607.74609375,85,1821.2335922718048,98.9,40.45703125,3,3630.716294527054,14.8,4.8203125,384,1771016195.330073,13.8,108.625,37,27024.07653284073,13.8,45.3046875,34,27057.80846810341
2026-02-13T23:56:38,gaming_1,22.5,43.2,343020.6773979972,181908.56110398256,0.0,9993.649929158666,44.0,7861.015625,140.265,60.0,1980.0,394.9,4607.74609375,85,1822.9712150096893,98.9,40.44921875,3,3632.532502412796,11.0,331.36328125,95,27027.19707632065,9.0,108.6171875,37,27025.814184188843,5.5,4.8203125,384,1771016197.0246723
2026-02-13T23:56:40,gaming_1,30.1,43.2,340531.2172039585,229027.76264053793,68850.57684062666,16136.853947021873,58.0,7861.015625,149.944,61.0,1980.0,507.3,4603.8203125,85,1824.868285894394,97.4,40.453125,3,3634.475091934204,11.4,25.41015625,13,27059.273598909378,10.7,4.8203125,384,1771016198.9293327,8.2,201.6796875,147,27061.40738940239
2026-02-13T23:56:42,gaming_1,25.1,43.2,344789.32397444284,261022.99381194345,34572.35837198773,8913.186142778086,48.0,7861.015625,152.508,61.0,1980.0,440.9,4603.8203125,85,1826.7863149642944,100.4,40.453125,3,3636.3741364479065,19.8,201.71484375,147,27063.301684379578,11.5,108.6171875,37,27029.603381872177,9.9,331.36328125,95,27031.040130138397
2026-02-13T23:56:44,gaming_1,29.7,43.2,344178.60908810387,278255.08753358613,0.0,9690.964338150547,54.0,7861.015625,144.321,60.0,1980.0,466.9,4604.73828125,85,1828.7413167953491,99.9,40.453125,3,3638.360377073288,15.1,25.4453125,14,27063.156519412994,12.7,201.703125,147,27065.26926445961,8.8,4.8203125,384,1771016202.7822099
2026-02-13T23:56:46,gaming_1,25.1,43.2,344952.0588024103,291805.2341634395,8554.787248589171,99449.40176484911,55.0,7861.015625,142.972,60.0,1980.0,476.3,4604.73828125,85,1830.6408987045288,99.6,40.453125,3,3640.2423555850983,15.5,4.8203125,384,1771016204.6932845,13.3,331.36328125,95,27034.89463853836,12.3,201.69921875,147,27067.17415857315
2026-02-13T23:56:48,gaming_1,30.1,43.2,345648.2558659125,343639.3379347817,2047372.2421034798,14639.579061650942,50.0,7861.015625,149.705,61.0,1980.0,622.2,4601.87890625,85,1832.6321213245392,98.7,40.453125,3,3642.221200466156,15.6,201.69140625,147,27069.08365893364,8.6,25.44921875,14,27067.038798570633,8.3,4.8203125,384,1771016206.5857756
2026-02-13T23:56:50,gaming_1,32.5,43.2,342107.7923315622,171175.5964897929,33511.56485057749,465496.58050255297,52.0,7861.015625,146.581,61.0,1980.0,425.2,4601.87890625,85,1834.480516910553,97.7,40.33203125,3,3644.0276067256927,17.7,201.69140625,147,27071.02260684967,17.6,4.8203125,384,1771016208.538409,8.4,108.67578125,37,27037.30797982216
2026-02-13T23:56:52,gaming_1,24.7,43.2,343882.9033884373,134659.09090874935,36884.174242552326,69445.98431605555,47.0,7861.015625,146.422,61.0,1980.0,366.9,4607.81640625,85,1836.2519400119781,98.1,39.6796875,3,3645.795895576477,8.8,331.0703125,95,27040.43678879738,7.0,108.6796875,37,27039.087469816208,5.3,4.8203125,384,1771016210.3147218
2026-02-13T23:56:53,gaming_1,27.6,43.2,340725.5027756281,92879.57640561747,0.0,9143.802117673858,34.0,7861.015625,138.593,59.0,1980.0,468.7,4601.8828125,85,1838.036295413971,99.6,40.328125,3,3647.552664041519,17.4,4.8203125,384,1771016212.1056454,11.5,25.41015625,13,27072.393531560898,8.7,201.70703125,147,27074.584819555283
2026-02-13T23:56:55,gaming_1,25.8,43.2,346393.9518009496,180412.80384209956,0.0,86391.62977046524,58.0,7861.015625,146.101,61.0,1980.0,447.7,4601.8828125,85,1839.7878966331482,99.2,39.671875,3,3649.5531153678894,9.1,4.8203125,384,1771016213.8309045,8.1,108.66015625,37,27042.608152389526,6.3,201.69140625,147,27076.311197519302
2026-02-13T23:56:57,gaming_1,34.8,43.2,322800.5780862448,282755.6505751864,0.0,16052.507047229317,53.0,7861.015625,145.643,61.0,1980.0,654.1,4604.32421875,85,1841.8618059158325,99.5,40.328125,3,3651.454634666443,12.8,4.8203125,384,1771016215.907218,7.5,201.6875,147,27078.39244580269,7.5,108.6640625,37,27044.688390016556
2026-02-13T23:56:59,gaming_1,29.7,43.2,342720.563320928,341357.63789072924,0.0,29199.66082459171,57.0,7861.015625,146.642,61.0,1980.0,514.3,4604.33203125,85,1843.7545351982117,99.0,40.328125,3,3653.348762989044,10.8,108.6640625,37,27046.570766687393,8.3,4.8203125,384,1771016217.7980516,4.1,201.7109375,147,27080.28004860878
2026-02-13T23:57:01,gaming_1,28.2,43.2,339413.5899947405,344855.494664267,0.0,9289.338741627573,58.0,7861.015625,148.18,61.0,1980.0,506.4,4604.33203125,85,1845.6246209144592,99.7,40.44921875,3,3655.3081114292145,12.1,25.41015625,13,27080.078289985657,9.1,108.66796875,37,27048.45281291008,8.3,4.8203125,384,1771016219.671694
2026-02-13T23:57:03,gaming_1,31.7,43.2,346400.4254719236,347098.0911543217,37518.23153307378,32307.36604236909,57.0,7861.015625,149.998,61.0,1980.0,593.4,4604.3359375,85,1847.5888957977295,99.2,39.80078125,3,3657.2447757720947,11.9,4.8203125,384,1771016221.6374226,6.3,108.66796875,37,27050.42432141304,5.7,331.0703125,95,27051.88787841797
2026-02-13T23:57:05,gaming_1,32.9,43.2,338615.43173251534,340099.51103958575,0.0,138954.41323960407,51.0,7861.015625,142.6,60.0,1980.0,622.0,4604.46875,85,1849.5008869171143,99.8,40.44921875,3,3659.0939025878906,13.8,4.8203125,384,1771016223.5565364,10.6,108.66796875,37,27052.33742427826,10.6,25.41015625,13,27083.902154684067
2026-02-13T23:57:07,gaming_1,30.9,43.2,343673.6014860755,346146.62750145013,35050.22338745494,710040.853466177,55.0,7861.015625,144.463,60.0,1980.0,560.0,4604.7109375,85,1851.3814425468445,99.2,40.4453125,3,3660.9684398174286,8.4,4.8203125,384,1771016225.427396,8.3,108.66796875,37,27054.217778921127,4.2,253.95703125,72,27085.76968741417
2026-02-13T23:57:09,gaming_1,25.7,43.2,345065.4170134341,341837.99341981404,0.0,6556.2210478432235,55.0,7861.015625,144.21,60.0,1980.0,457.6,4604.7109375,85,1853.2560074329376,98.9,40.44921875,3,3662.8492543697357,9.2,4.8203125,384,1771016227.3011754,7.5,108.66796875,37,27056.084386348724,5.0,25.4453125,14,27087.650870084763
2026-02-13T23:57:11,gaming_1,24.9,43.2,344184.1568513548,346498.28818494984,0.0,119003.30884744339,61.0,7861.015625,154.776,61.0,1980.0,417.9,4604.71484375,85,1855.1263406276703,100.4,40.44921875,3,3664.7167234420776,10.9,108.66796875,37,27057.94999551773,10.0,25.41015625,13,27089.53077507019,4.2,331.34375,95,27059.37609386444
2026-02-13T23:57:12,gaming_1,25.4,43.2,353964.1486340527,354098.674301408,0.0,108624.42503034932,57.0,7861.015625,153.483,61.0,1980.0,425.8,4604.72265625,85,1857.0118622779846,99.3,40.4609375,3,3666.6218841075897,16.6,4.8203125,384,1771016231.0526278,5.8,108.66796875,37,27059.840471744537,5.0,42.73828125,33,27093.57386660576
2026-02-13T23:57:14,gaming_1,27.7,43.2,343193.7114785725,344914.5393411636,0.0,163069.83148708532,54.0,7861.015625,146.921,60.0,1980.0,521.0,4604.7265625,85,1858.90469622612,99.3,40.4609375,3,3668.479276418686,13.3,25.4453125,14,27093.30305290222,9.9,108.66796875,37,27061.735253095627,5.0,42.73828125,33,27095.469618797302
2026-02-13T23:57:16,gaming_1,27.6,43.2,340796.3301733571,342426.00542959606,0.0,6904.946468010193,55.0,7861.015625,148.645,61.0,1980.0,427.9,4604.73046875,85,1860.7492308616638,99.2,39.8125,3,3670.321417093277,11.0,4.8203125,384,1771016234.7996693,8.5,201.7109375,147,27097.282111883163,5.9,108.66796875,37,27063.57587480545
2026-02-13T23:57:18,gaming_1,22.5,43.2,344686.2045685014,344813.9063784866,8903.261509775071,61209.92287970361,67.0,7861.015625,155.085,62.0,1980.0,426.6,4604.73046875,85,1862.5956037044525,100.1,40.4609375,3,3672.1780784130096,9.3,108.671875,37,27065.427625656128,3.4,4.8203125,384,1771016236.6454458,2.5,155.7734375,32,27090.01114320755
2026-02-13T23:57:20,gaming_1,27.2,43.2,343923.0294442128,342205.29784523055,0.0,22254.846883159036,62.0,7861.015625,166.075,61.0,1980.0,405.7,4604.73046875,85,1864.4557452201843,100.6,40.4609375,3,3674.0255329608917,17.9,25.41015625,14,27098.838636398315,11.7,4.8203125,384,1771016238.504318,11.7,42.73828125,33,27101.024742603302
2026-02-13T23:57:22,gaming_1,26.5,43.2,342112.4819871603,344876.6998365022,0.0,5809.396074301064,51.0,7861.015625,152.164,61.0,1980.0,459.2,4604.73046875,85,1866.3247859477997,99.2,40.4609375,3,3675.932697534561,11.0,4.8203125,384,1771016240.3563735,9.3,108.67578125,37,27069.139140605927,6.7,201.6953125,147,27102.84106373787
2026-02-13T23:57:24,gaming_1,24.8,43.2,342254.2008012326,342062.14483347954,0.0,140130.73248240995,55.0,7861.015625,153.083,61.0,1980.0,470.8,4604.73046875,85,1868.2260766029358,100.3,40.33984375,3,3677.8658537864685,12.2,201.69140625,147,27104.75678396225,11.6,25.41015625,14,27102.622851610184,8.2,108.6875,37,27071.051906585693
2026-02-13T23:57:26,gaming_1,29.7,43.2,330999.3753685871,344763.8949259774,0.0,89328.45933112338,53.0,7861.015625,159.217,61.0,1980.0,464.0,4604.73046875,85,1870.1485347747803,99.7,40.3359375,3,3679.7146072387695,12.1,4.8203125,384,1771016244.2028177,10.5,42.73828125,33,27106.71563744545,8.9,201.68359375,147,27106.685111045837
2026-02-13T23:57:27,gaming_1,24.3,43.1,345723.1717656023,343326.78936747904,0.0,13449.07371917734,52.0,7861.015625,151.377,61.0,1980.0,422.1,4604.73046875,85,1871.9628660678864,99.0,40.3203125,3,3681.545675754547,11.2,25.4453125,14,27106.350041389465,7.7,201.71484375,147,27108.509239196777,7.7,108.6875,37,27074.800223112106
2026-02-13T23:57:29,gaming_1,25.4,43.1,341439.31625343167,344995.45894295064,0.0,29312.822905327,52.0,7861.015625,155.568,61.0,1980.0,417.8,4604.73046875,85,1873.8291609287262,99.8,40.328125,3,3683.424535751343,16.1,201.7109375,147,27110.349163770676,10.2,4.8203125,384,1771016247.8627958,9.3,108.6953125,37,27076.64653301239
2026-02-13T23:57:31,gaming_1,24.9,43.2,345645.10756681784,340695.74846656644,0.0,9726.685887177133,58.0,7861.015625,154.113,62.0,1980.0,400.6,4604.73046875,85,1875.712949514389,98.4,40.328125,3,3685.282019138336,9.9,201.70703125,147,27112.23958492279,9.1,4.8203125,384,1771016249.7583733,9.1,108.69921875,37,27078.537165641785
2026-02-13T23:57:33,gaming_1,25.7,43.2,344536.4401981145,344203.7071929418,35170.95197902727,22806.16417390049,65.0,7861.015625,156.002,61.0,1980.0,497.2,4604.73046875,85,1877.5709900856018,100.1,40.328125,3,3687.1561467647552,10.1,108.70703125,37,27080.400042295456,7.4,331.34375,95,27081.838155269623,5.9,4.8203125,384,1771016251.6211348
2026-02-13T23:57:35,gaming_1,32.2,43.2,339852.6845894987,345392.1273941081,0.0,71442.02598914444,51.0,7861.015625,148.773,60.0,1980.0,507.8,4604.73046875,85,1879.4881932735443,100.0,40.44921875,3,3689.077842235565,19.7,4.8203125,384,1771016253.5287027,17.0,25.4453125,14,27113.893398284912,15.5,42.73828125,33,27116.049545049667
2026-02-13T23:57:37,gaming_1,26.9,43.2,341920.3358885911,344279.7564009417,0.0,7663.03861917951,55.0,7861.015625,143.329,60.0,1980.0,424.2,4604.73046875,85,1881.3518013954163,100.1,40.44921875,3,3690.919906139374,13.3,108.72265625,37,27084.185725450516,8.4,4.8203125,384,1771016255.4058907,2.5,201.703125,147,27117.891665697098
2026-02-13T23:57:39,gaming_1,25.3,43.2,345829.3329629278,345367.6108301554,0.0,28435.113988100376,56.0,7861.015625,153.293,61.0,1980.0,463.9,4604.73046875,85,1883.1782083511353,99.9,40.44921875,3,3692.7975158691406,10.3,108.71484375,37,27086.006110191345,10.2,4.8203125,384,1771016257.2355947,5.9,25.41015625,13,27117.579470157623
2026-02-13T23:57:41,gaming_1,26.3,43.2,339827.443776725,342343.7036806078,8091.541170797933,86478.34626290291,52.0,7861.015625,150.233,60.0,1980.0,460.8,4604.73046875,85,1885.212478876114,99.1,40.33203125,3,3694.8465666770935,13.1,4.8203125,384,1771016259.260352,8.4,108.7109375,37,27088.045746803284,4.9,331.0703125,95,27089.50748848915
2026-02-13T23:57:43,gaming_1,28.4,43.2,345170.2563666578,345844.04247305397,212294.45321528453,498626.5969893995,58.0,7861.015625,144.487,60.0,1980.0,539.6,4604.72265625,85,1887.1473305225372,100.2,40.3359375,3,3696.7656672000885,13.7,108.67578125,37,27089.97981119156,8.9,201.71484375,147,27123.68026447296,8.1,25.4453125,14,27121.567005872726
2026-02-13T23:57:44,gaming_1,32.2,43.2,345757.23965572205,342663.2385081288,0.0,149481.4112846669,56.0,7861.015625,147.47,61.0,1980.0,543.3,4604.7265625,85,1889.056975364685,97.9,40.33984375,3,3698.648967027664,13.1,4.8203125,384,1771016263.1050773,9.8,108.67578125,37,27091.886332273483,9.8,42.73828125,33,27125.62232685089
2026-02-13T23:57:47,gaming_1,24.3,43.2,344579.3583503842,346456.90166923846,0.0,8650.638283494854,45.0,7861.015625,139.077,59.0,1980.0,430.8,4604.7265625,85,1890.9430766105652,98.5,40.34375,3,3700.600913286209,14.0,108.67578125,37,27093.77693605423,6.6,4.8203125,384,1771016264.999437,6.4,331.0703125,95,27095.265607595444
2026-02-13T23:57:48,gaming_1,32.8,43.3,344006.31928158033,344770.26052549615,48170.9301102617,73510.84647034729,54.0,7861.015625,148.207,61.0,1980.0,524.5,4604.73046875,85,1892.986249446869,99.1,40.34375,3,3702.588416337967,13.8,4.8203125,384,1771016267.0407832,10.0,108.67578125,37,27095.818095207214,9.2,25.44921875,14,27127.394620895386
2026-02-13T23:57:50,gaming_1,25.6,43.2,340076.4604209592,343806.68890891835,0.0,49512.32304969784,54.0,7861.015625,142.788,60.0,1980.0,494.3,4604.73046875,85,1894.8825504779816,99.0,40.34375,3,3704.497628211975,13.2,108.67578125,37,27097.71032524109,10.7,4.8203125,384,1771016268.930364,9.8,25.41015625,13,27129.301791906357
2026-02-13T23:57:52,gaming_1,26.4,43.2,342992.66594430956,354298.0519585195,0.0,49307.33361203803,53.0,7861.015625,142.987,60.0,1980.0,425.3,4604.75390625,86,1896.7928652763367,99.7,40.34375,3,3706.396708726883,13.2,4.8203125,384,1771016270.8319063,9.9,108.67578125,37,27099.61374616623,9.0,331.06640625,95,27101.065561771393
2026-02-13T23:57:54,gaming_1,24.5,43.2,332968.3563341081,341632.1340741997,0.0,25975.119691150503,57.0,7861.015625,141.887,60.0,1980.0,403.1,4604.75390625,86,1898.7040798664093,100.3,40.34375,3,3708.514488220215,15.0,26.0390625,9,15.022831201553345,11.5,108.67578125,37,27101.516859531403,11.4,4.8203125,384,1771016272.7465804
2026-02-13T23:57:56,gaming_1,33.1,43.2,341554.4694053356,345922.9448832049,0.0,179335.5412812162,56.0,7861.015625,142.715,59.0,1980.0,541.1,4604.7578125,86,1900.8408048152924,99.6,39.68359375,3,3710.4431099891663,14.5,108.67578125,37,27103.66837835312,11.0,4.8203125,384,1771016274.8796358,10.3,25.41015625,13,27135.253851890564
2026-02-13T23:57:58,gaming_1,28.3,43.2,345333.2300838552,344482.9320875184,1492017.7882819846,174845.83456429507,51.0,7861.015625,138.87,60.0,1980.0,513.9,4604.7578125,86,1902.7263510227203,99.9,39.68359375,3,3712.335852622986,13.3,108.58203125,37,27105.55806684494,6.6,4.8203125,384,1771016276.7729394,5.8,25.44921875,14,27137.133833169937
2026-02-13T23:58:00,gaming_1,27.9,43.2,342699.19399944315,345807.6066543397,0.0,30829.537780969145,56.0,7861.015625,139.777,60.0,1980.0,512.7,4604.7578125,86,1904.620183467865,100.4,40.33984375,3,3714.203729867935,14.0,108.671875,37,27107.453018188477,13.2,4.8203125,384,1771016278.6617024,8.3,331.34375,95,27108.858891010284
2026-02-13T23:58:02,gaming_1,29.2,43.2,348223.91301402013,345775.859006959,0.0,22186.559392665455,58.0,7861.015625,143.056,60.0,1980.0,688.1,4605.171875,86,1906.598625421524,96.2,40.33203125,3,3716.2008028030396,11.7,331.359375,95,27110.860355615616,9.0,108.80078125,37,27109.362839221954,6.7,4.8203125,384,1771016280.5311072
2026-02-13T23:58:04,gaming_1,35.0,43.2,343200.85620370595,344294.98334988777,0.0,7404.557824297193,56.0,7861.015625,140.882,59.0,1980.0,491.7,4604.84375,86,1908.5073862075806,100.7,40.33984375,3,3718.0934863090515,12.0,108.8046875,37,27111.32015967369,9.3,4.8203125,384,1771016282.5355532,9.1,331.34765625,95,27112.745681524277
2026-02-13T23:58:06,gaming_1,27.9,43.2,336204.8605666745,346479.500918861,69364.80351490044,87789.82944854586,51.0,7861.015625,139.159,59.0,1980.0,496.1,4604.84375,86,1910.3788630962372,99.4,40.33984375,3,3719.980663061142,9.9,108.81640625,37,27113.207069158554,9.9,331.36328125,95,27114.639402627945,8.3,4.8203125,384,1771016284.425408
2026-02-13T23:58:08,gaming_1,31.4,43.2,342187.18862851104,342240.7878823152,0.0,608632.7940891417,56.0,7861.015625,143.907,59.0,1980.0,480.4,4604.84375,86,1912.2553355693817,99.1,39.6875,3,3721.8576633930206,15.8,4.8203125,384,1771016286.3097694,15.8,108.81640625,37,27115.09072446823,11.6,201.71484375,147,27148.793213367462
2026-02-13T23:58:10,gaming_1,31.9,43.2,343010.1748301262,345810.91016697837,33567.84766568084,18619.66550205734,62.0,7861.015625,153.148,60.0,1980.0,623.3,4604.84375,86,1914.2058799266815,98.9,39.6875,3,3723.785402536392,13.6,108.8203125,37,27117.03831577301,9.6,25.44140625,14,27148.59682750702,9.6,331.3515625,95,27118.453457832336
2026-02-13T23:58:12,gaming_1,28.6,43.2,343892.8899504056,344593.1079120416,0.0,174777.7956505085,60.0,7861.015625,149.245,60.0,1980.0,489.8,4604.84375,86,1916.1048197746277,99.8,40.34375,3,3725.695641040802,14.7,331.3984375,95,27120.361295223236,12.4,108.8203125,37,27118.934962272644,10.8,4.8203125,384,1771016290.150299
2026-02-13T23:58:13,gaming_1,24.5,43.2,339657.1663132695,342552.1541373276,0.0,15488.052182825128,54.0,7861.015625,147.72,60.0,1980.0,402.6,4604.84375,86,1917.986979007721,98.8,40.33984375,3,3727.5801231861115,12.5,108.71875,37,27120.81652736664,7.5,331.36328125,95,27122.23259162903,5.0,4.8203125,384,1771016292.0327086
2026-02-13T23:58:15,gaming_1,25.7,43.2,343303.0327630868,345320.77394676296,34899.62687078432,83704.57382289675,49.0,7861.015625,144.014,59.0,1980.0,374.4,4604.84375,86,1919.8644030094147,100.7,40.33984375,3,3729.470774412155,13.2,25.44921875,14,27154.271719694138,10.7,331.36328125,95,27124.124121904373,7.4,238.90234375,277,27151.30940055847
2026-02-13T23:58:17,gaming_1,26.9,43.2,344308.94172361883,344591.14372965234,0.0,13872.887021238992,55.0,7861.015625,140.872,59.0,1980.0,559.9,4604.91015625,86,1921.8739001750946,97.5,40.33984375,3,3731.47394490242,14.4,4.8203125,384,1771016295.8727922,13.2,331.36328125,95,27126.138634204865,8.6,201.7109375,147,27158.38769674301
2026-02-13T23:58:19,gaming_1,30.2,43.2,341620.46343573084,342618.59116121044,33510.91117675665,7330.511819915518,58.0,7861.015625,140.207,59.0,1980.0,421.3,4604.98828125,86,1923.7845149040222,99.2,40.33984375,3,3733.3980536460876,11.2,4.8203125,384,1771016297.823215,10.6,331.36328125,95,27128.059165239334,9.0,108.72265625,37,27126.609207868576
2026-02-13T23:58:21,gaming_1,24.7,43.2,380710.86460229935,346756.14018607844,0.0,21769.994604376872,58.0,7861.015625,137.858,59.0,1980.0,518.4,4605.01953125,86,1925.752585887909,99.8,40.3359375,3,3735.368041038513,10.2,331.359375,95,27130.045538902283,9.0,4.8203125,384,1771016299.7274344,6.4,108.7265625,37,27128.57475757599
2026-02-13T23:58:23,gaming_1,32.0,43.2,342032.73669445835,344201.0700691557,1669499.8153081045,9206.800452066753,55.0,7861.015625,140.203,59.0,1980.0,469.1,4605.04296875,86,1927.69424533844,99.3,40.3359375,3,3737.3040387630463,16.4,4.8203125,384,1771016301.7347076,9.8,331.359375,95,27131.955151557922,8.6,201.70703125,147,27164.219676733017
2026-02-13T23:58:25,gaming_1,27.4,43.2,342724.47658855474,342752.95044151664,0.0,58854.39948506487,52.0,7861.015625,142.155,59.0,1980.0,493.8,4605.0546875,86,1929.5864577293396,99.1,40.33203125,3,3739.1802265644073,14.2,331.3515625,95,27133.83243060112,9.1,108.734375,37,27132.412391901016,7.4,25.41015625,13,27163.986910820007
2026-02-13T23:58:27,gaming_1,30.2,43.2,339070.3298678962,345617.11279791576,34890.620972738325,38706.78264163157,59.0,7861.015625,140.151,60.0,1980.0,510.3,4605.08203125,86,1931.452067375183,99.7,40.33203125,3,3741.0468339920044,11.7,42.18359375,35,27168.0165143013,10.0,108.75390625,37,27134.280608415604,9.5,331.3515625,95,27135.80140733719
2026-02-13T23:58:29,gaming_1,31.0,43.2,338594.8135086746,343959.10989860777,0.0,71560.4126738632,56.0,7861.015625,151.677,60.0,1980.0,571.0,4607.32421875,86,1933.4379253387451,98.1,40.3359375,3,3743.0193934440613,9.4,109.61328125,37,27136.26753258705,8.7,4.8203125,384,1771016307.4809868,6.7,331.078125,95,27137.673686027527
2026-02-13T23:58:31,gaming_1,31.8,43.2,341724.46973234246,346466.25485205266,0.0,62573.418313537295,63.0,7861.015625,163.636,62.0,1980.0,500.3,4607.328125,86,1935.3190236091614,99.1,40.33203125,3,3744.9166119098663,10.7,25.4453125,13,27169.731001138687,10.0,4.8203125,384,1771016309.3535647,10.0,42.14453125,35,27171.881208896637
2026-02-13T23:58:33,gaming_1,26.4,43.2,338595.03135053156,344356.4747602842,0.0,8610.370229443304,62.0,7861.015625,168.011,62.0,1980.0,456.5,4607.328125,86,1937.216392993927,100.1,39.68359375,3,3746.8024961948395,11.5,201.67578125,147,27173.74510216713,6.6,4.8203125,384,1771016311.2621527,6.6,110.89453125,37,27140.046877384186
2026-02-13T23:58:35,gaming_1,26.6,43.2,347284.7486734204,344497.2113967139,0.0,9496.70494269588,66.0,7861.015625,166.577,62.0,1980.0,460.8,4607.328125,86,1939.1042039394379,97.3,40.3359375,3,3748.763491868973,10.8,201.71484375,147,27175.63504266739,7.5,4.8203125,384,1771016313.1443717,6.6,25.41015625,13,27173.50639295578
2026-02-13T23:58:36,gaming_1,31.9,43.2,346044.79773238825,339131.65980357514,0.0,88560.21892136174,61.0,7861.015625,172.306,62.0,1980.0,529.7,4607.3671875,86,1941.0507929325104,99.6,40.3359375,3,3750.6298367977142,12.0,201.67578125,147,27177.584495782852,8.9,25.41015625,13,27175.446171045303,8.8,4.8203125,384,1771016315.1012607
2026-02-13T23:58:38,gaming_1,25.5,43.2,336865.7538709812,344370.2784076529,0.0,18497.52398362913,61.0,7861.015625,167.993,62.0,1980.0,445.5,4607.41796875,86,1942.942067861557,99.1,39.66796875,2,3752.540490627289,9.0,331.078125,95,27147.1921710968,6.6,4.8203125,384,1771016316.9795926,5.8,42.18359375,35,27179.50544166565
2026-02-13T23:58:40,gaming_1,28.4,43.2,343276.11368398456,342597.04074905056,0.0,66135.79888052709,64.0,7861.015625,160.944,61.0,1980.0,521.1,4607.48046875,86,1944.8279089927673,97.9,40.3203125,2,3754.4224689006805,11.5,4.8203125,384,1771016318.8807027,9.1,109.25390625,37,27147.65968465805,6.6,201.71484375,147,27181.364281892776
2026-02-13T23:58:42,gaming_1,29.6,43.2,342437.80466294114,345158.14814806276,140794.02222383567,29698.739062840337,62.0,7861.015625,167.721,62.0,1980.0,480.7,4607.546875,86,1946.7010958194733,100.6,40.3203125,2,3756.2848019599915,10.9,4.8203125,384,1771016320.741311,10.9,109.078125,37,27149.53054690361,9.2,201.71484375,147,27183.22341632843
2026-02-13T23:58:44,gaming_1,29.8,43.3,340973.23985649884,342403.4045769727,34119.86717181534,8263.40533067403,64.0,7861.015625,170.268,62.0,1980.0,551.9,4604.00390625,86,1948.617573261261,99.9,40.3203125,2,3758.2088375091553,13.9,109.078125,37,27151.446024417877,13.8,201.71484375,147,27185.14695763588,7.3,4.8203125,384,1771016322.6611571
2026-02-13T23:58:46,gaming_1,29.7,43.2,346939.9911043352,344905.8939856279,69775.75962920683,128921.6183774017,49.0,7861.015625,142.64,61.0,1980.0,451.0,4604.07421875,86,1950.4748048782349,99.5,40.31640625,2,3760.0945992469788,14.2,201.703125,147,27187.01975917816,8.3,4.8203125,384,1771016324.5368705,6.7,108.73828125,37,27153.3088490963
2026-02-13T23:58:48,gaming_1,27.4,43.2,339817.1211704353,343414.4647022652,34700.5454374457,6235.254258291023,58.0,7861.015625,144.389,60.0,1980.0,562.9,4604.4609375,86,1952.4598603248596,100.1,40.31640625,2,3762.0616688728333,10.7,201.71875,147,27188.92963385582,9.1,4.8203125,384,1771016326.4294858,5.6,25.44921875,14,27186.864775419235
2026-02-13T23:58:50,gaming_1,33.9,43.2,340032.87378443935,343530.8949595678,66903.9298798249,37633.46055740151,52.0,7861.015625,136.177,60.0,1980.0,518.2,4604.47265625,86,1954.3440067768097,98.6,40.31640625,2,3763.915459871292,18.3,4.8203125,384,1771016328.3847923,14.9,42.18359375,35,27190.907359600067,9.9,108.75390625,37,27157.173315525055
2026-02-13T23:58:52,gaming_1,28.4,43.2,343869.9106626674,355208.78894507914,105315.29579310311,11244.601894576113,56.0,7861.015625,143.4,59.0,1980.0,482.6,4604.47265625,86,1956.1964383125305,99.5,40.3203125,2,3765.7689521312714,14.2,4.8203125,384,1771016330.2515168,10.1,108.75390625,37,27159.02604818344,3.4,331.359375,95,27160.42643713951
2026-02-13T23:58:53,gaming_1,26.6,43.2,343514.99840934336,342966.55131483,35238.26351571017,11837.854149808885,53.0,7861.015625,141.726,60.0,1980.0,510.3,4604.47265625,86,1958.0671317577362,98.8,40.3203125,2,3767.650773048401,14.9,25.41015625,13,27192.461589574814,8.4,4.8203125,384,1771016332.1109512,8.4,42.18359375,35,27194.63066148758
2026-02-13T23:58:55,gaming_1,28.3,43.2,343114.31599139376,344847.78843767,0.0,143552.00749504787,52.0,7861.015625,136.256,60.0,1980.0,458.5,4604.47265625,86,1959.907414674759,100.0,40.3203125,2,3769.4940705299377,13.5,4.8203125,384,1771016333.9666798,10.2,108.76171875,37,27162.739872932434,8.4,331.36328125,95,27164.15440416336
2026-02-13T23:58:57,gaming_1,29.5,43.2,342392.8005420982,343593.9464322504,0.0,18744.551910147668,55.0,7861.015625,134.702,59.0,1980.0,505.0,4604.47265625,86,1961.7643945217133,99.9,39.66796875,2,3771.3568482398987,12.6,25.44140625,13,27196.164087295532,10.9,108.76171875,37,27164.596130609512,8.4,42.18359375,35,27198.330643177032
2026-02-13T23:58:59,gaming_1,29.1,43.2,339782.4286996248,344007.8093825108,70096.07604951746,13143.014259284524,54.0,7861.015625,140.861,60.0,1980.0,538.3,4604.47265625,86,1963.6373627185822,100.1,40.3203125,2,3773.2289447784424,7.5,4.8203125,384,1771016337.6931882,6.7,108.76171875,37,27166.47173857689,5.0,201.71484375,147,27200.17650294304
2026-02-13T23:59:01,gaming_1,29.0,43.2,343240.2373585796,346706.7020770722,35243.28758782682,70486.57517565363,53.0,7861.015625,142.932,60.0,1980.0,507.3,4604.53515625,86,1965.5032141208649,100.3,39.6640625,2,3775.0829713344574,10.9,331.36328125,95,27169.743717193604,9.3,108.76171875,37,27168.327712774277,6.7,201.69921875,147,27202.034685850143
2026-02-13T23:59:03,gaming_1,27.6,43.2,337659.3233049067,341808.2766133667,0.0,6299.390685975295,64.0,7861.015625,159.495,62.0,1980.0,488.5,4611.45703125,86,1967.3859477043152,98.9,40.31640625,2,3777.0580801963806,13.3,108.76171875,37,27170.204161405563,10.9,4.8203125,384,1771016341.4247,4.8,331.36328125,95,27171.70781326294
2026-02-13T23:59:05,gaming_1,31.3,43.2,344832.6508831067,346048.0880374518,0.0,23019.22506354453,63.0,7861.015625,171.782,62.0,1980.0,579.0,4604.53515625,86,1969.3280341625214,98.8,40.31640625,2,3778.8930172920227,14.4,201.71484375,147,27205.864616155624,10.4,108.76171875,37,27172.16039967537,8.0,4.8203125,384,1771016343.379984
2026-02-13T23:59:07,gaming_1,28.3,43.2,341861.0734028097,342629.7797644626,570450.8435078439,603875.6976196317,68.0,7861.015625,175.246,63.0,1980.0,504.5,4604.5859375,86,1971.152501821518,97.9,40.453125,3,3780.7129216194153,11.2,108.7265625,37,27173.98203587532,10.2,4.8203125,384,1771016345.2171862,6.0,42.1484375,33,27207.711538791656
2026-02-13T23:59:08,gaming_1,27.5,43.2,338454.960411398,343498.5424004677,0.0,11859.725215194607,39.0,7861.015625,189.934,62.0,1980.0,463.0,4604.5859375,86,1972.9778234958649,98.3,40.453125,3,3782.5571110248566,8.6,25.41015625,13,27207.368694782257,8.5,108.7265625,37,27175.81218981743,4.3,4.8203125,384,1771016347.0289938
2026-02-13T23:59:10,gaming_1,28.8,43.2,342435.59902936954,343153.9953909696,0.0,28537.676157354745,65.0,7861.015625,189.088,64.0,1980.0,529.6,4604.5859375,86,1974.9403629302979,98.1,39.68359375,3,3784.53137755394,11.3,4.8203125,384,1771016348.9798517,10.4,108.7265625,37,27177.77315068245,8.0,42.1484375,33,27211.50718688965
2026-02-13T23:59:12,gaming_1,27.7,43.2,340049.89490773843,328008.6116766097,0.0,50829.58708629662,71.0,7861.015625,182.61,64.0,1980.0,521.1,4604.5859375,86,1976.7906651496887,100.2,40.33203125,3,3786.3565673828125,9.3,108.7265625,37,27179.61865735054,5.9,201.703125,147,27213.32478618622,5.1,25.41015625,14,27211.17564892769
2026-02-13T23:59:14,gaming_1,27.4,43.2,344731.08048767206,281924.4649620188,72307.9579985632,8473.588827956624,60.0,7861.015625,174.753,63.0,1980.0,472.4,4604.5859375,86,1978.586663722992,99.8,40.33203125,3,3788.1569559574127,10.4,108.73046875,37,27181.42380809784,9.5,201.68359375,147,27215.135465860367,8.7,25.44921875,14,27212.968863725662
2026-02-13T23:59:16,gaming_1,33.2,43.2,341825.1153523325,344979.06793707923,0.0,80230.88372883889,63.0,7861.015625,174.284,63.0,1980.0,484.7,4604.5859375,86,1980.4019119739532,100.0,40.33203125,3,3789.9538440704346,17.3,4.8203125,384,1771016354.460005,14.7,108.734375,37,27183.229779481888,14.7,42.1484375,33,27216.96203637123
2026-02-13T23:59:18,gaming_1,28.2,43.2,341410.45469133224,343058.5725985437,0.0,68092.16444652512,66.0,7861.015625,161.444,64.0,1980.0,508.5,4604.5859375,86,1982.2333898544312,99.2,40.32421875,3,3791.9386558532715,18.9,201.67578125,147,27218.763122320175,9.4,108.67578125,37,27185.06048130989,8.6,4.8203125,384,1771016356.2804363
2026-02-13T23:59:20,gaming_1,35.6,43.2,343286.3798487718,344483.5142554075,0.0,34660.649897237265,60.0,7861.015625,182.187,64.0,1980.0,629.7,4605.18359375,86,1984.2567558288574,100.2,40.32421875,3,3793.841365814209,15.8,25.41015625,13,27218.648982048035,13.9,108.66796875,37,27187.080434799194,10.9,201.671875,147,27220.778284311295
2026-02-13T23:59:22,gaming_1,24.8,43.2,340909.8247524703,343959.24419079,0.0,12846.853880203902,54.0,7861.015625,164.681,62.0,1980.0,450.5,4605.18359375,86,1986.1226332187653,100.1,40.32421875,3,3795.7603216171265,12.5,4.8203125,384,1771016360.1641657,9.2,201.71875,147,27222.64748764038,8.4,108.66796875,37,27188.944822072983
2026-02-13T23:59:23,gaming_1,28.8,43.2,342468.87390742166,344245.27187075996,0.0,6250.967403637159,54.0,7861.015625,149.208,61.0,1980.0,517.4,4605.18359375,86,1988.0884943008423,99.0,39.796875,3,3797.6865639686584,9.5,108.66796875,37,27190.912926197052,8.8,25.41015625,13,27222.48019170761,7.9,4.8203125,384,1771016362.128855
2026-02-13T23:59:25,gaming_1,28.2,43.2,346566.04309343506,341992.7954327564,0.0,73587.76057224578,53.0,7861.015625,145.14,61.0,1980.0,494.5,4605.19140625,86,1989.971591949463,98.5,40.4453125,3,3799.5748660564423,14.9,4.8203125,384,1771016364.0157363,14.1,108.66796875,37,27192.802317857742,4.2,331.08203125,95,27194.22756266594
2026-02-13T23:59:27,gaming_1,27.7,43.2,340655.44455068867,345939.3066717199,0.0,8952.680946344144,56.0,7861.015625,148.734,61.0,1980.0,533.4,4605.19140625,86,1991.9083483219147,97.4,40.4453125,3,3801.51593875885,15.3,25.41015625,13,27226.322454452515,10.5,108.66796875,37,27194.738736629486,9.1,4.8203125,384,1771016365.901207
2026-02-13T23:59:29,gaming_1,29.3,43.2,341773.4448772522,343449.39790030743,0.0,15949.590107886152,63.0,7861.015625,160.501,63.0,1980.0,451.8,4605.19140625,86,1993.7691061496735,99.9,40.4453125,3,3803.361227273941,15.4,4.8203125,384,1771016367.8269596,10.9,108.59765625,37,27196.596873521805,5.1,331.08203125,95,27198.01141643524
2026-02-13T23:59:31,gaming_1,26.2,43.2,342203.38800955896,344158.8880713558,0.0,20606.806359220904,59.0,7861.015625,169.699,63.0,1980.0,434.5,4605.19140625,86,1995.6281967163086,98.8,40.4453125,3,3805.2162528038025,13.4,4.8203125,384,1771016369.69069,10.0,108.65234375,37,27198.466344594955,5.9,25.41015625,13,27230.021472215652
2026-02-13T23:59:33,gaming_1,26.5,43.2,345126.26269802736,341240.25987061276,0.0,10155.392131679147,59.0,7861.015625,166.073,62.0,1980.0,488.8,4605.19140625,86,1997.5113832950592,99.8,40.4453125,3,3807.1059713363647,13.3,108.66015625,37,27200.345273256302,12.4,25.4453125,14,27231.91847062111,8.4,4.8203125,384,1771016371.5558462
2026-02-13T23:59:35,gaming_1,30.7,43.2,342128.2838074287,344448.0337009786,0.0,59616.98740865543,60.0,7861.015625,165.444,63.0,1980.0,557.4,4605.19140625,86,1999.4484267234802,99.9,40.4453125,3,3809.014419078827,19.1,4.8203125,384,1771016373.4376547,13.2,108.578125,37,27202.240628242493,11.7,201.71875,147,27235.92005252838
2026-02-13T23:59:37,gaming_1,30.2,43.2,344954.1960409973,344165.97662710847,103520.53608941619,102981.36663061715,66.0,7861.015625,173.205,64.0,1980.0,465.2,4605.19140625,86,2001.2899241447449,100.2,40.44921875,3,3810.8862025737762,16.0,25.4453125,14,27235.69188117981,12.5,108.578125,37,27204.116604328156,6.6,4.8203125,384,1771016375.3357673
2026-02-13T23:59:39,gaming_1,29.1,43.2,342927.51827413985,341750.1436993756,174492.13055574213,31899.342617221606,65.0,7861.015625,175.694,64.0,1980.0,453.7,4605.19140625,86,2003.166563987732,98.9,40.44921875,3,3812.766352415085,15.0,4.8203125,384,1771016377.213543,11.6,108.58984375,37,27205.999593257904,8.3,42.1484375,33,27239.731607437134
2026-02-13T23:59:41,gaming_1,30.1,43.2,344932.8683842737,345751.51561760285,0.0,54318.90656116757,49.0,7861.015625,142.547,61.0,1980.0,538.9,4605.19140625,86,2005.0742774009705,99.2,40.44921875,3,3814.767811059952,16.5,108.59375,37,27207.895069360733,7.4,4.8203125,384,1771016379.1087577,6.3,331.36328125,95,27209.419687986374
2026-02-13T23:59:42,gaming_1,33.9,43.2,338174.5351549889,345098.29367769504,0.0,16703.347853255687,47.0,7861.015625,147.093,61.0,1980.0,609.7,4605.23828125,86,2007.0557944774628,99.0,40.44921875,3,3816.631016969681,20.4,4.8203125,384,1771016381.1013217,11.8,108.6015625,37,27209.879014015198,11.7,25.4453125,14,27241.446815252304
2026-02-13T23:59:44,gaming_1,26.7,43.2,342280.8974652913,345167.3269775245,142069.12843688656,18868.556120523997,42.0,7861.015625,127.525,60.0,1980.0,472.1,4605.23828125,86,2008.8654525279999,100.4,40.32421875,3,3818.3903844356537,11.9,108.6015625,37,27211.710211753845,8.5,4.8203125,384,1771016382.9442675,7.2,331.3984375,95,27213.017821073532
2026-02-13T23:59:46,gaming_1,27.1,43.2,338846.3287456605,345772.52311887714,3489884.4013454546,81794.16565653408,37.0,7861.015625,126.065,59.0,1980.0,446.3,4605.16015625,83,2010.5568089485168,100.1,40.32421875,3,3820.06001830101,13.0,25.4453125,14,27244.909329652786,9.4,331.3984375,95,27214.67908501625,9.1,4.8203125,384,1771016384.6538715
2026-02-13T23:59:48,gaming_1,23.7,43.2,342670.8893499346,341560.8038849458,0.0,11018.360415009542,38.0,7861.015625,117.999,59.0,1980.0,390.0,4611.75390625,83,2012.2569670677185,98.6,39.6796875,3,3821.80330657959,12.9,108.61328125,37,27215.090215444565,7.5,4.8203125,384,1771016386.326675,6.5,201.67578125,147,27248.80341553688
2026-02-13T23:59:49,gaming_1,28.1,43.2,343849.61023376114,346450.78874572023,0.0,9075.82003557146,38.0,7861.015625,120.858,59.0,1980.0,503.9,4601.23046875,83,2013.9929506778717,98.6,40.32421875,3,3823.5146882534027,15.6,331.36328125,95,27218.136815309525,11.9,25.4453125,14,27248.36233997345,11.6,108.59765625,37,27216.840879917145
2026-02-13T23:59:51,gaming_1,26.4,43.2,337127.5666061727,345618.1450069105,0.0,89074.0784846053,40.0,7861.015625,107.352,57.0,1860.0,400.2,4601.24609375,84,2015.6796662807465,99.5,40.328125,3,3825.210571050644,25.7,4.8203125,384,1771016389.7743309,11.1,108.59765625,37,27218.529016017914,4.6,201.67578125,147,27252.250697135925
2026-02-13T23:59:53,gaming_1,26.0,43.2,339351.11020773824,344628.7880344245,0.0,46052.80227277311,37.0,7861.015625,101.774,57.0,1875.0,467.9,4601.24609375,84,2017.3490705490112,98.3,39.68359375,3,3826.8328416347504,11.2,108.59765625,37,27220.2003762722,9.6,157.31640625,32,27244.66576218605,8.4,4.8203125,384,1771016391.4556239
2026-02-13T23:59:54,gaming_1,25.9,43.2,346296.74370544875,282277.2615176864,0.0,15222.706151095223,39.0,7861.015625,97.518,56.0,1815.0,390.9,4601.24609375,84,2018.968154668808,100.4,40.33203125,3,3828.435542345047,16.4,25.44921875,14,27253.30447745323,11.6,201.6875,147,27255.541845560074,11.6,42.0703125,33,27255.54683995247
2026-02-13T23:59:56,gaming_1,22.4,43.2,341953.19817278837,112897.04194216517,40736.12295858423,54739.165225597564,38.0,7861.015625,97.787,56.0,1815.0,380.8,4601.24609375,84,2020.5810022354126,99.7,40.33203125,3,3830.065514564514,13.6,108.6015625,37,27223.424103736877,10.6,25.41015625,13,27254.923268318176,5.7,331.34765625,95,27224.68364906311
2026-02-13T23:59:58,gaming_1,23.0,43.2,342256.23345297395,155157.74865209358,0.0,14711.311169720842,47.0,7861.015625,104.212,59.0,1980.0,334.8,4601.27734375,84,2022.2246041297913,96.2,40.33203125,3,3831.7554664611816,17.2,4.8203125,384,1771016396.3129232,17.1,108.60546875,37,27225.066867113113,9.6,201.6953125,147,27258.78978586197
2026-02-13T23:59:59,gaming_1,28.7,43.2,344802.8541667938,109347.10714834709,0.0,21748.96882514233,48.0,7861.015625,145.713,59.0,1980.0,435.1,4601.2578125,84,2023.9450204372406,98.7,40.33203125,3,3833.4971985816956,13.6,25.41015625,13,27258.328563690186,12.4,331.36328125,95,27228.143458366394,10.0,4.8203125,384,1771016398.03317
2026-02-14T00:00:01,gaming_1,24.0,43.1,341785.73120233056,160319.20209629004,0.0,11907.851088752186,54.0,7861.015625,145.854,60.0,1980.0,398.9,4601.2578125,84,2025.7381336688995,100.2,40.32421875,3,3835.2587361335754,15.0,331.36328125,95,27229.91770720482,13.3,4.8203125,384,1771016399.7939556,12.3,108.84765625,37,27228.568597316742
2026-02-14T00:00:03,gaming_1,25.5,43.3,343829.8721661276,105789.47689099888,618631.4962181816,1055211.8417965109,49.0,7861.015625,146.021,59.0,1980.0,457.8,4601.2578125,84,2027.5311996936798,99.5,40.32421875,3,3837.096608400345,15.4,331.36328125,95,27231.746482133865,10.4,201.71875,147,27264.07049560547,9.5,25.41015625,13,27261.921671628952
2026-02-14T00:00:05,gaming_1,27.4,43.3,342749.5829558887,128507.74494367823,45137.99690337321,157982.98916180624,48.0,7861.015625,133.989,59.0,1980.0,425.3,4601.26953125,84,2029.3464243412018,100.5,40.3203125,3,3838.9321863651276,16.3,201.6875,147,27265.888270139694,11.1,331.35546875,95,27233.571597099304,9.5,4.8203125,384,1771016403.4058132
2026-02-14T00:00:06,gaming_1,28.9,43.2,322721.635493535,310973.44991539605,69605.98750239692,169003.33765581975,54.0,7861.015625,144.623,59.0,1980.0,537.2,4601.421875,85,2031.1780273914337,99.4,39.6796875,3,3840.7233078479767,14.0,331.35546875,95,27235.36039376259,13.6,201.6953125,147,27267.726383447647,8.6,25.41015625,13,27265.55895781517
2026-02-14T00:00:08,gaming_1,32.6,43.2,326358.49849125446,314315.7141299872,0.0,51918.557642999076,49.0,7861.015625,144.587,59.0,1980.0,416.2,4601.44921875,85,2032.9729506969452,99.1,39.6796875,3,3842.537302494049,21.1,4.8203125,384,1771016407.0211432,20.0,42.1484375,33,27269.54304790497,20.0,25.41015625,13,27267.35768723488
2026-02-14T00:00:10,gaming_1,25.6,43.2,335968.8152070069,305372.1613752007,36067.6734512321,64809.10073268268,52.0,7861.015625,144.343,59.0,1980.0,411.8,4601.46484375,85,2034.775604724884,99.9,40.32421875,3,3844.3205585479736,9.5,201.7109375,147,27271.319127559662,8.6,4.8203125,384,1771016408.8366964,8.6,331.08203125,95,27238.986810207367
2026-02-14T00:00:12,gaming_1,24.4,43.2,360711.56009868695,36441.452623036246,36026.95789867708,87534.24926944196,51.0,7861.015625,140.925,59.0,1980.0,430.1,4601.47265625,85,2036.6104001998901,100.3,40.32421875,3,3846.173810005188,13.5,25.41015625,13,27270.995746850967,9.4,331.08203125,95,27240.81264948845,8.5,136.05078125,165,27251.26116514206
2026-02-14T00:00:14,gaming_1,30.3,43.2,345608.0480085143,8633.94948374216,0.0,7581.028814993116,50.0,7861.015625,130.871,59.0,1980.0,439.9,4601.47265625,85,2038.408160686493,100.1,39.6796875,3,3847.9708461761475,16.3,4.8203125,384,1771016412.480335,15.4,201.68359375,147,27274.9566385746,11.2,42.1484375,33,27274.972475767136
2026-02-14T00:00:16,gaming_1,23.3,43.2,342915.9832211754,2689.2673732889634,0.0,31837.579936363058,51.0,7861.015625,146.41,60.0,1980.0,428.7,4601.47265625,85,2040.2268533706665,100.1,40.3203125,3,3849.795704603195,13.7,201.671875,147,27276.78033208847,8.6,108.6015625,37,27243.06143784523,6.9,4.8203125,384,1771016414.296358
2026-02-14T00:00:17,gaming_1,28.0,43.2,336816.69968848536,1600.0585792297363,0.0,7549.218361526237,53.0,7861.015625,150.699,60.0,1980.0,398.1,4601.47265625,85,2042.0669915676117,100.0,40.32421875,3,3851.624189853668,13.6,25.41015625,13,27276.452085018158,12.8,4.8203125,384,1771016416.1275046,12.0,201.71484375,147,27278.610309123993
2026-02-14T00:00:19,gaming_1,24.2,43.2,333539.0839070212,1793.569595894216,0.0,10412.927497585053,53.0,7861.015625,151.409,60.0,1980.0,432.6,4601.47265625,85,2043.8951604366302,98.5,40.32421875,3,3853.4312601089478,10.3,201.7109375,147,27280.42802286148,10.3,108.55078125,37,27246.72367811203,6.9,4.8203125,384,1771016417.9480805
2026-02-14T00:00:21,gaming_1,24.5,43.2,344986.81245519966,1746.5047410173504,0.0,65143.05745186153,76.0,7733.015625,156.363,62.0,1980.0,420.9,4601.47265625,85,2045.6656439304352,99.6,40.33203125,3,3855.1876623630524,13.3,25.41015625,13,27280.030079841614,7.9,108.55078125,37,27248.498657226562,3.5,4.8203125,384,1771016419.7306952
2026-02-14T00:00:23,gaming_1,26.3,43.2,235566.0024550525,3287.44073820698,16670.941076383184,63111.41978916492,77.0,7748.015625,194.404,64.0,1980.0,448.5,4601.59765625,86,2047.393544435501,100.2,40.33203125,3,3856.934268951416,11.8,4.8203125,384,1771016421.4534714,9.9,108.5859375,37,27250.233041763306,7.2,201.671875,147,27283.936730623245
2026-02-14T00:00:24,gaming_1,26.6,43.2,3600.119822344896,3552.9860840224255,36773.29374644562,16375.607371464066,69.0,7780.015625,181.588,63.0,1980.0,427.9,4601.6015625,86,2049.1652677059174,98.8,39.6875,3,3858.705458164215,8.9,108.58984375,37,27251.9955637455,8.8,201.703125,147,27285.715178012848,8.0,25.44921875,13,27283.53207373619
2026-02-14T00:00:26,gaming_1,23.8,43.2,7950.890158525272,7377.741441532018,0.0,62841.42160699311,66.0,7780.015625,171.407,62.0,1980.0,417.5,4601.6015625,86,2050.953877210617,99.1,40.33203125,3,3860.534001350403,14.9,201.71875,147,27287.4933052063,12.3,4.8203125,384,1771016425.0115771,8.7,108.58984375,37,27253.78888821602
2026-02-14T00:00:28,gaming_1,25.1,43.2,24871.835492104918,22581.689276511897,36069.94049149342,27334.25177870986,65.0,7844.015625,178.405,63.0,1980.0,397.5,4601.796875,87,2052.7662904262543,99.9,40.328125,3,3862.3019037246704,14.8,25.41015625,13,27287.13865685463,12.0,201.6875,147,27289.310819864273,6.1,108.59375,37,27255.596657037735
2026-02-14T00:00:30,gaming_1,28.6,43.2,30286.246021850853,7524.487652240113,0.0,10968.489680226541,80.0,7861.015625,194.115,65.0,1980.0,411.2,4601.8046875,87,2054.5405802726746,98.1,40.328125,3,3864.0860328674316,21.1,4.8203125,384,1771016428.601697,10.6,201.6796875,147,27291.0864007473,7.0,108.60546875,37,27257.379524707794
2026-02-14T00:00:32,gaming_1,24.3,43.2,27188.138650476412,6618.601614094438,0.0,13523.820093535584,73.0,7861.015625,191.755,65.0,1980.0,409.6,4601.80859375,87,2056.2965593338013,100.1,40.328125,3,3865.864503145218,7.0,4.8203125,384,1771016430.3787382,6.2,201.6953125,147,27292.856382608414,6.1,331.36328125,95,27260.508524656296
2026-02-14T00:00:33,gaming_1,26.7,43.1,25678.693176863904,11348.01996558977,36536.66600171413,21122.76003224098,63.0,7861.015625,166.249,63.0,1980.0,456.0,4601.80859375,87,2058.1257631778717,99.8,40.32421875,3,3867.68154668808,16.2,25.41015625,13,27292.514604330063,14.6,42.1484375,33,27294.690485954285,12.9,108.62109375,37,27260.95540356636
2026-02-14T00:00:35,gaming_1,24.4,43.1,10892.630817764017,5249.0857883420595,0.0,16782.85176695988,29.0,7861.078125,99.261,59.0,1980.0,385.0,4601.8125,87,2059.8949103355408,99.7,39.67578125,3,3869.310975790024,13.1,201.69140625,147,27296.45311522484,10.5,108.62109375,37,27262.747725248337,7.8,4.8203125,384,1771016433.9738822
2026-02-14T00:00:37,gaming_1,19.1,43.2,72965.60117293548,39760.53844637949,2090089.769808818,69167.02343627048,59.0,7861.078125,145.543,61.0,1980.0,300.0,4602.84375,87,2061.447219133377,99.3,40.44140625,3,3871.011621952057,17.2,25.41015625,13,27295.828129053116,12.2,108.65625,37,27264.280642986298,8.1,42.1484375,33,27298.017454385757
2026-02-14T00:00:39,gaming_1,25.3,43.2,68276.65495088503,30704.98905628488,148642.29009936555,78966.21661528795,55.0,7861.078125,157.81,61.0,1980.0,440.2,4602.9375,87,2063.2401711940765,99.3,40.44140625,3,3872.7895760536194,10.6,4.8203125,384,1771016437.2985263,9.7,201.6796875,147,27299.781408309937,7.0,108.64453125,37,27266.076769828796
2026-02-14T00:00:40,gaming_1,28.3,43.1,74715.9814113513,24575.48112739058,329189.6663975205,21431.618906088577,54.0,7861.078125,138.479,60.0,1980.0,509.5,4602.984375,87,2065.031261444092,100.2,40.44140625,3,3874.567334651947,13.1,201.70703125,147,27301.573145389557,10.6,25.44921875,14,27299.39511704445,8.7,4.8203125,384,1771016439.0917635
2026-02-14T00:00:42,gaming_1,28.2,43.2,105366.38733312458,24268.300081109326,73910.696104077,19921.242309302,60.0,7861.078125,148.352,61.0,1980.0,477.8,4603.171875,87,2066.7980077266693,98.9,40.44140625,3,3876.337126493454,9.7,108.6484375,37,27269.630121707916,5.3,4.8203125,384,1771016440.8627553,5.3,201.67578125,147,27303.342719316483
2026-02-14T00:00:44,gaming_1,25.1,43.1,101861.51396303516,63709.90969172369,779824.661567748,67016.18185347834,52.0,7861.078125,144.765,60.0,1980.0,444.2,4603.84375,87,2068.56694149971,99.2,40.44140625,3,3878.197000026703,8.0,4.8203125,384,1771016442.6304674,6.2,108.6484375,37,27271.40302157402,5.8,331.34765625,95,27272.852874994278
2026-02-14T00:00:46,gaming_1,29.8,43.2,131367.76969693185,104669.24751965626,0.0,99218.6134899382,52.0,7861.078125,140.698,60.0,1980.0,539.6,4603.8515625,87,2070.4990124702454,99.8,40.44140625,3,3880.107759952545,10.6,4.8203125,384,1771016444.5403013,10.5,108.66015625,37,27273.3330078125,6.5,201.70703125,147,27307.025255918503
2026-02-14T00:00:48,gaming_1,29.6,43.1,157745.47425424706,118436.16730039932,0.0,8898.789462085475,51.0,7861.078125,138.575,60.0,1980.0,459.7,4603.98828125,87,2072.381999731064,99.5,40.31640625,3,3881.9289004802704,16.1,25.44921875,14,27306.7591445446,10.0,108.6484375,37,27275.21072244644,8.2,4.8203125,384,1771016446.440709
2026-02-14T00:00:50,gaming_1,25.0,43.1,166684.6189253337,119006.51929448832,0.0,20636.634932466663,48.0,7861.078125,137.828,60.0,1980.0,438.3,4604.625,87,2074.236419200897,99.4,40.32421875,3,3883.846900701523,12.8,4.8203125,384,1771016448.274382,8.5,108.65234375,37,27277.05912256241,4.1,331.35546875,95,27278.505961418152
2026-02-14T00:00:52,gaming_1,26.3,43.1,159473.68320925251,111307.74728335161,77067.16994606702,15788.06606534012,53.0,7861.078125,135.471,60.0,1980.0,449.3,4604.6328125,87,2076.149331331253,99.0,40.33203125,3,3885.835638523102,13.1,4.8203125,384,1771016450.1882842,9.7,108.625,37,27278.982677936554,8.2,201.70703125,147,27312.674451589584
2026-02-14T00:00:54,gaming_1,33.3,43.2,146848.81186703558,212578.90788218082,0.0,23969.398827165656,48.0,7861.078125,132.177,59.0,1980.0,579.2,4604.83203125,87,2078.132520198822,100.2,40.31640625,2,3887.7247145175934,19.7,4.8203125,384,1771016452.1744225,13.0,25.41015625,13,27312.53595018387,11.8,108.62109375,37,27280.965996980667
2026-02-14T00:00:55,gaming_1,27.0,43.2,188201.79853682985,167056.7384571603,0.0,69024.91060128201,46.0,7861.078125,132.506,59.0,1980.0,475.1,4604.84375,87,2079.9972364902496,99.8,40.31640625,2,3889.5686869621277,12.6,108.62109375,37,27282.823098659515,11.7,4.8203125,384,1771016454.0485542,5.1,331.08203125,95,27284.213454008102
2026-02-14T00:00:57,gaming_1,28.8,43.2,149548.3236505936,177450.58425588478,179331.02061709182,100033.08493797154,50.0,7861.078125,120.259,59.0,1980.0,496.9,4605.1796875,87,2081.834349632263,99.5,40.31640625,2,3891.5469925403595,11.0,108.62109375,37,27284.661108970642,9.6,25.4453125,14,27316.348740577698,9.4,4.8203125,384,1771016455.8782525
2026-02-14T00:00:59,gaming_1,32.5,43.1,243351.49951397,196914.58481669403,1046039.898723098,28602.653480709712,50.0,7861.078125,124.387,58.0,1980.0,605.6,4605.1953125,87,2083.836801290512,99.3,40.3125,2,3893.404824256897,12.5,4.8203125,384,1771016457.882546,10.1,108.62109375,37,27286.666474103928,3.9,201.71484375,147,27320.370543956757
2026-02-14T00:01:01,gaming_1,30.6,43.2,167076.0449384234,297224.74652060657,185930.42211082988,614787.7945390833,49.0,7863.078125,131.289,58.0,1980.0,479.6,4605.41015625,87,2085.682897090912,97.5,40.3125,2,3895.2627811431885,16.2,108.62890625,37,27288.500316143036,15.3,25.4453125,14,27320.07394886017,12.8,42.1484375,33,27322.230372428894
2026-02-14T00:01:03,gaming_1,28.2,43.2,185525.9685249022,224389.41803895723,70549.839407036,10747.82709716564,39.0,7863.078125,144.367,58.0,1980.0,501.6,4616.06640625,87,2087.530157804489,99.7,40.30859375,2,3897.127754211426,16.0,4.8203125,384,1771016461.5903652,13.4,108.62890625,37,27290.365046977997,10.1,201.70703125,147,27324.073563814163
2026-02-14T00:01:05,gaming_1,33.3,43.2,204768.3417878966,270633.96563126106,33486.95937409317,19621.265258257714,64.0,7863.078125,155.462,60.0,1980.0,635.0,4616.3828125,87,2089.4843707084656,97.2,40.3125,2,3899.0391454696655,17.0,25.41015625,13,27323.865571022034,11.2,201.671875,147,27326.033937454224,9.6,4.8203125,384,1771016463.5457892
2026-02-14T00:01:07,gaming_1,29.4,43.2,252192.5260688086,272292.5176386005,109629.62639203393,71087.96086358449,61.0,7863.078125,158.558,61.0,1980.0,485.9,4616.3828125,87,2091.2783210277557,98.1,40.3125,3,3900.855810403824,14.8,4.8203125,384,1771016465.340531,10.5,108.62890625,37,27294.11217880249,5.2,201.671875,147,27327.823584079742
2026-02-14T00:01:09,gaming_1,27.0,43.2,194622.3795014291,345181.56554517755,177693.05937054238,41091.51997943792,43.0,7863.078125,135.513,58.0,1980.0,481.7,4616.3828125,87,2093.1438813209534,100.1,40.32421875,3,3902.7296903133392,15.8,25.44921875,14,27327.539803266525,11.8,108.62890625,37,27295.965442419052,6.5,164.1328125,23,27221.180269241333
2026-02-14T00:01:11,gaming_1,30.7,43.2,204569.81114981123,340086.2974575163,196962.61501772556,36674.02857751921,51.0,7863.078125,132.567,59.0,1980.0,470.2,4616.5546875,87,2095.1477155685425,100.3,40.32421875,3,3904.7703351974487,18.0,4.8203125,384,1771016469.1837046,14.8,161.640625,23,27223.180321455002,6.2,108.62890625,37,27297.976821660995
2026-02-14T00:01:13,gaming_1,26.5,43.2,227924.06558461033,276839.67115967756,8541.242038792101,146268.76991431473,53.0,7863.078125,131.053,58.0,1980.0,514.3,4616.5625,87,2097.0529992580414,97.9,40.32421875,3,3906.7505209445953,14.8,108.640625,37,27299.882954597473,11.9,25.41015625,13,27331.542047023773,9.5,161.0078125,23,27225.16326403618
2026-02-14T00:01:14,gaming_1,34.2,43.2,219215.64576607588,278860.4462006952,98853.0850805435,117130.6086240815,52.0,7863.078125,135.862,59.0,1980.0,606.5,4616.56640625,87,2099.045308113098,98.3,40.3203125,3,3908.627021074295,13.4,4.8203125,384,1771016473.089021,7.8,108.640625,37,27301.873918056488,5.5,42.1484375,33,27335.609494686127
2026-02-14T00:01:16,gaming_1,26.5,43.2,201581.8346497125,274892.0562893727,70151.90855682174,75906.55730562353,50.0,7863.078125,134.713,58.0,1980.0,501.9,4616.625,87,2100.9222509860992,98.0,40.32421875,3,3910.5236814022064,14.1,25.41015625,13,27335.333579301834,13.4,108.63671875,37,27303.743406772614,5.0,4.8203125,384,1771016474.9597964
2026-02-14T00:01:18,gaming_1,29.7,43.2,217559.51740991874,329632.20168803155,0.0,15564.937177933123,46.0,7863.078125,124.277,58.0,1980.0,478.8,4617.09375,87,2102.808245420456,95.8,40.3203125,3,3912.46538066864,14.8,108.63671875,37,27305.642874240875,12.3,4.8203125,384,1771016476.8644204,10.7,201.70703125,147,27339.347106218338
2026-02-14T00:01:20,gaming_1,32.7,43.2,211622.45653669225,254726.39713679082,102109.51929036909,7445.485781589414,47.0,7863.078125,134.602,59.0,1980.0,594.3,4617.09375,87,2104.739347934723,99.6,40.32421875,3,3914.3336935043335,11.4,108.64453125,37,27307.565838098526,7.5,331.3359375,95,27308.98417043686,4.2,20.21484375,4,10737.042625665665
2026-02-14T00:01:22,gaming_1,26.1,43.2,207956.83490219773,344385.1027719773,0.0,17458.180958014815,45.0,7863.078125,123.76,57.0,1980.0,469.9,4617.203125,87,2106.617399454117,99.3,40.328125,3,3916.2059421539307,12.4,108.6484375,37,27309.450305461884,9.0,331.3515625,95,27310.890683412552,7.5,42.1484375,33,27343.183047533035
2026-02-14T00:01:24,gaming_1,27.2,43.2,207773.7324946369,327221.31433055963,69431.12844477686,23866.950402892042,48.0,7863.078125,120.609,58.0,1980.0,450.2,4619.60546875,87,2108.519546031952,100.0,40.328125,3,3918.1277163028717,11.5,108.6171875,37,27311.346039772034,9.1,4.8203125,384,1771016482.5565705,5.5,331.34375,95,27312.878791809082
2026-02-14T00:01:26,gaming_1,32.6,43.2,231498.3388971587,322831.0923876033,65462.71485481244,61115.58144648505,46.0,7863.078125,129.459,58.0,1980.0,574.8,4619.60546875,87,2110.5181930065155,99.5,40.328125,3,3920.136922121048,13.3,4.8203125,384,1771016484.5573611,13.1,25.4453125,14,27344.9457321167,12.5,108.62109375,37,27313.348838567734
2026-02-14T00:01:28,gaming_1,26.2,43.2,207089.90287522957,344360.76022735925,0.0,61709.82223166539,51.0,7863.078125,131.017,58.0,1980.0,478.8,4619.61328125,87,2112.42346739769,100.5,40.328125,3,3922.033771753311,13.1,108.62109375,37,27315.254328250885,9.8,4.8203125,384,1771016486.4735165,5.8,249.92578125,71,27346.831757068634
2026-02-14T00:01:30,gaming_1,28.9,43.2,239120.1182880382,342386.4553720653,1960196.001051407,12896.026322706624,47.0,7863.078125,127.498,57.0,1980.0,501.6,4619.609375,87,2114.3272726535797,99.6,40.328125,3,3923.9322547912598,14.0,108.62109375,37,27317.154016256332,11.5,331.3515625,95,27318.59102153778,7.4,4.8203125,384,1771016488.3794632
2026-02-14T00:01:32,gaming_1,28.6,43.3,232053.99722758683,344263.357910815,34473.67818360659,54942.42460512301,52.0,7863.078125,132.155,58.0,1980.0,576.5,4619.65625,87,2116.270349740982,98.4,40.44921875,3,3925.8701474666595,9.6,108.62890625,37,27319.100093126297,7.4,4.8203125,384,1771016490.2881994,5.7,331.3515625,95,27320.52502679825
2026-02-14T00:01:34,gaming_1,30.7,43.2,198504.3816774098,315575.12260343233,0.0,22030.6975214759,51.0,7863.078125,132.225,58.0,1980.0,495.9,4619.65625,87,2118.186437368393,98.8,40.44921875,3,3927.782953977585,13.8,4.8203125,384,1771016492.214988,12.2,108.6328125,37,27321.01326084137,12.2,25.41015625,13,27352.596716165543
2026-02-14T00:01:35,gaming_1,30.6,43.2,217626.659664916,305622.6329118631,103598.32038788359,62051.077315659444,51.0,7863.078125,133.325,58.0,1980.0,550.6,4619.6640625,87,2120.0795052051544,100.0,40.44921875,3,3929.6587784290314,11.5,4.8203125,384,1771016494.107931,10.8,108.64453125,37,27322.889438152313,8.3,331.3515625,95,27324.304987430573
2026-02-14T00:01:37,gaming_1,31.1,43.2,235367.79153409606,270789.4556875127,35029.337286227725,59112.00667050928,56.0,7863.078125,131.079,58.0,1980.0,550.9,4619.703125,87,2121.9317190647125,97.9,40.4453125,3,3931.6225616931915,15.9,4.8203125,384,1771016495.9791274,13.4,108.6484375,37,27324.75502371788,9.6,25.44921875,14,27356.42338347435
2026-02-14T00:01:39,gaming_1,34.4,43.2,204881.87842239247,318493.1642214324,33288.30839101126,17684.413832724735,56.0,7864.078125,138.127,58.0,1980.0,617.5,4619.6796875,87,2123.909780740738,100.1,40.44921875,3,3933.480981349945,16.0,331.34375,95,27328.131056308746,11.0,108.671875,37,27326.737498521805,7.9,4.8203125,384,1771016497.9468322
2026-02-14T00:01:41,gaming_1,30.8,43.4,190437.12994354032,263254.05076175823,140343.34137891905,83328.8589437332,46.0,7864.078125,134.497,58.0,1980.0,542.2,4684.19921875,87,2125.778688430786,98.2,40.328125,3,3935.373782634735,10.9,108.67578125,37,27328.604792118073,10.0,4.8203125,384,1771016499.813432,9.0,331.34375,95,27330.03122663498
2026-02-14T00:01:43,gaming_1,28.2,43.4,243931.51086069975,297127.692717025,481699.3963711048,35213.516140968044,54.0,7864.078125,132.066,58.0,1980.0,487.2,4684.65234375,87,2127.670028924942,99.1,40.328125,3,3937.298534154892,12.2,331.07421875,95,27331.95724797249,11.6,108.65625,37,27330.497982740402,5.7,4.8203125,384,1771016501.7189882
2026-02-14T00:01:45,gaming_1,31.6,43.5,202726.11380545897,280872.4967588212,0.0,52619.408846409635,58.0,7864.078125,128.921,58.0,1980.0,526.4,4684.65234375,87,2129.6300933361053,100.6,40.328125,3,3939.2413523197174,15.3,331.0703125,95,27333.896973133087,14.6,4.8203125,384,1771016503.6449485,12.1,25.4453125,13,27364.04719185829
2026-02-14T00:01:47,gaming_1,28.2,43.4,210257.4759823446,343451.6099824025,0.0,88032.26459016939,54.0,7864.078125,129.717,57.0,1980.0,486.7,4684.65234375,87,2131.5331678390503,100.0,40.328125,3,3941.2088129520416,13.4,135.44921875,167,27346.315793275833,11.1,331.0703125,95,27335.86699604988,10.5,4.8203125,384,1771016505.5865676
2026-02-14T00:01:49,gaming_1,32.6,43.4,221476.23617824467,342008.1020468704,33309.61930964416,97847.00672207972,54.0,7864.078125,128.122,58.0,1980.0,535.4,4684.65234375,87,2133.517357110977,98.3,40.328125,3,3943.2121703624725,15.9,4.8203125,384,1771016507.5482364,11.9,201.6875,147,27370.033211946487,11.7,331.0703125,95,27337.867927789688
2026-02-14T00:01:51,gaming_1,34.4,43.5,189693.01436193672,266516.4051547022,65108.34030357279,45270.64286732796,55.0,7864.078125,130.265,57.0,1980.0,620.1,4684.6484375,87,2135.5236115455627,99.8,39.6796875,3,3945.123608827591,14.0,4.8203125,384,1771016509.56539,11.4,331.0703125,95,27339.782653570175,10.1,201.6875,147,27372.0498650074
2026-02-14T00:01:53,gaming_1,30.9,43.5,248135.72851562622,329613.99008134415,0.0,45373.48681438546,52.0,7864.078125,128.267,58.0,1980.0,515.6,4684.6484375,87,2137.4186475276947,99.8,40.328125,3,3947.06525850296,13.2,4.8203125,384,1771016511.4581802,9.0,108.66796875,37,27340.248773813248,4.9,42.03125,33,27373.981151103973
2026-02-14T00:01:55,gaming_1,27.6,43.5,203449.85337305383,348764.3614434607,8405.233782251906,43602.15024543176,56.0,7864.078125,130.128,58.0,1980.0,486.9,4684.89453125,87,2139.3629212379456,99.8,40.328125,3,3949.0074741840363,10.4,4.8203125,384,1771016513.4077184,8.1,331.0703125,95,27343.655859947205,6.4,108.61328125,37,27342.19286084175
2026-02-14T00:01:57,gaming_1,33.1,43.5,223403.6307599183,273934.28267729696,33928.6996850265,18819.82560653814,50.0,7864.078125,131.109,58.0,1980.0,598.5,4684.89453125,87,2141.29265832901,99.4,40.328125,3,3950.908984184265,17.8,4.8203125,384,1771016515.3390355,9.7,108.62109375,37,27344.126614570618,5.7,42.3125,33,27377.860136270523
2026-02-14T00:01:59,gaming_1,25.7,43.4,206549.95448878,346118.9618099998,34455.48585625881,61373.83418146101,52.0,7864.078125,131.449,57.0,1980.0,417.5,4684.89453125,87,2143.1974005699158,100.6,40.328125,3,3952.8038761615753,9.1,108.62109375,37,27346.019798517227,9.0,4.8203125,384,1771016517.2425797,5.7,201.68359375,147,27379.72534608841
2026-02-14T00:02:01,gaming_1,30.6,43.5,191298.84617841977,344688.92455028923,67006.20349462146,530291.2823441527,58.0,7864.078125,143.259,58.0,1980.0,576.3,4688.359375,85,2145.163779258728,99.5,40.328125,3,3954.751565217972,15.9,25.45703125,14,27379.56678366661,10.4,4.8203125,384,1771016519.1997678,7.1,108.64453125,37,27347.98947572708
2026-02-14T00:02:02,gaming_1,27.3,43.5,251593.83934088226,325352.0654943453,98869.97741613988,206528.39726926998,51.0,7864.078125,136.307,57.0,1980.0,450.0,4688.359375,85,2147.0033717155457,98.4,40.328125,3,3956.594117641449,10.9,4.8203125,384,1771016521.0605733,10.1,201.6796875,147,27383.540539503098,8.4,108.6953125,37,27349.839874744415
2026-02-14T00:02:04,gaming_1,29.3,43.5,244538.70296204387,345341.1661695696,0.0,8788.33341594839,50.0,7864.078125,130.79,58.0,1980.0,569.0,4688.3984375,85,2148.9453485012054,99.4,40.328125,3,3958.5287511348724,14.6,108.69140625,37,27351.772446393967,10.0,201.6875,147,27385.42540025711,9.6,25.41015625,14,27383.34720516205
2026-02-14T00:02:06,gaming_1,30.1,43.5,184326.43696731035,338079.60231898277,0.0,18414.3526544738,51.0,7864.078125,132.722,58.0,1980.0,483.0,4688.390625,85,2150.828491449356,99.8,40.328125,3,3960.407254934311,12.0,4.8203125,384,1771016524.8732927,9.9,108.69140625,37,27353.65847969055,8.3,331.3515625,95,27355.080971956253
2026-02-14T00:02:08,gaming_1,31.1,43.5,214400.34359285294,343007.2224567468,0.0,60422.68396220434,55.0,7864.078125,138.888,58.0,1980.0,624.0,4688.71484375,85,2152.80731344223,98.0,39.6796875,3,3962.4163608551025,14.9,25.44921875,13,27387.221347808838,6.3,108.6953125,37,27355.627870559692,5.5,331.3359375,95,27357.0810046196
2026-02-14T00:02:10,gaming_1,32.7,43.5,268066.7283637632,337446.09571228904,205211.91589741266,28056.31662659939,57.0,7864.078125,137.923,58.0,1980.0,506.1,4688.71484375,85,2154.720854282379,99.9,40.328125,3,3964.3252263069153,11.4,4.8203125,384,1771016528.7660575,10.6,108.6953125,37,27357.55405640602,8.1,201.6796875,147,27391.25182914734
2026-02-14T00:02:12,gaming_1,29.4,43.5,191200.90062358294,335009.97724992194,1270435.148603006,62502.40490382188,56.0,7864.078125,146.41,58.0,1980.0,491.5,4688.71484375,85,2156.6417343616486,98.8,40.328125,3,3966.2544026374817,12.3,108.69921875,37,27359.452721834183,12.1,25.41015625,13,27391.070322036743,6.5,4.8203125,384,1771016530.671543
2026-02-14T00:02:14,gaming_1,25.3,43.5,147781.268369251,344343.0826225885,0.0,6986.643858763985,61.0,7864.078125,146.963,59.0,1980.0,497.8,4701.05078125,85,2158.582808494568,97.8,40.328125,3,3968.203030347824,13.1,4.8203125,384,1771016532.577638,12.3,108.703125,37,27361.363508701324,9.0,201.67578125,147,27395.062829494476
2026-02-14T00:02:16,gaming_1,33.2,43.5,190686.7800211039,170160.84384279544,67390.79972855186,18953.662423655212,59.0,7864.078125,148.809,59.0,1980.0,501.0,4689.50390625,85,2160.487231492996,98.8,40.328125,3,3970.103000640869,19.1,25.41015625,13,27394.90819978714,11.2,4.8203125,384,1771016534.5291722,10.4,108.70703125,37,27363.316088676453
2026-02-14T00:02:18,gaming_1,26.2,43.5,185346.33267979874,233734.05559823455,0.0,73030.65897838578,65.0,7864.078125,145.897,59.0,1980.0,462.4,4689.50390625,85,2162.3873512744904,99.9,40.328125,3,3971.9944562911987,9.8,4.8203125,384,1771016536.440143,7.4,201.71484375,147,27398.922099113464,5.7,108.7109375,37,27365.2187063694
2026-02-14T00:02:20,gaming_1,31.0,43.5,204082.69154369846,344244.1993575115,0.0,17032.41282726043,67.0,7864.078125,143.059,59.0,1980.0,527.3,4689.50390625,85,2164.2865273952484,97.7,39.6796875,3,3973.9294426441193,15.7,4.8203125,384,1771016538.3301194,14.1,108.70703125,37,27367.108758687973,10.7,42.1484375,33,27400.846874952316
2026-02-14T00:02:22,gaming_1,30.4,43.5,206980.947205329,346454.063000229,32922.75871822561,54528.319127061164,58.0,7864.078125,141.848,59.0,1980.0,567.4,4689.56640625,85,2166.2916975021362,99.5,40.328125,3,3975.9087042808533,10.9,108.7109375,37,27369.114181995392,8.6,4.8203125,384,1771016540.3204415,3.9,201.7109375,147,27402.805375814438
2026-02-14T00:02:24,gaming_1,28.4,43.5,227064.99146831516,344161.14372592367,0.0,17476.682568820008,58.0,7864.078125,144.855,59.0,1980.0,487.9,4689.56640625,85,2168.2256379127502,98.9,40.328125,3,3977.836613893509,11.3,4.8203125,384,1771016542.2563305,11.3,25.4453125,14,27402.63579440117,9.7,108.71484375,37,27371.046535491943
2026-02-14T00:02:26,gaming_1,30.7,43.5,187722.21688407866,344365.326253437,102671.65994982915,16042.446867160805,61.0,7864.078125,140.989,59.0,1980.0,530.6,4689.56640625,85,2170.1299409866333,99.8,40.32421875,3,3979.730328321457,13.9,4.8203125,384,1771016544.1695597,9.9,108.72265625,37,27372.948394298553,6.6,331.34375,95,27374.380803346634
2026-02-14T00:02:27,gaming_1,27.3,43.5,210235.1850068709,312712.9921675252,0.0,21425.511697564103,59.0,7864.078125,133.334,58.0,1980.0,514.4,4689.56640625,85,2172.0145416259766,98.7,40.328125,3,3981.6619234085083,12.4,25.41015625,13,27406.414427042007,8.3,108.6640625,37,27374.836349725723,7.4,201.71875,147,27408.542026758194
2026-02-14T00:02:29,gaming_1,35.6,43.5,202551.14703264387,291884.66209979414,0.0,22630.574665228898,62.0,7864.078125,140.23,58.0,1980.0,641.5,4689.69140625,85,2173.959178686142,99.7,39.80078125,3,3983.543275117874,15.3,4.8203125,384,1771016548.002621,14.4,108.6640625,37,27376.789518356323,9.6,201.71875,147,27410.488633155823
2026-02-14T00:02:31,gaming_1,25.6,43.5,188005.0258038894,317049.26275421254,0.0,16701.100648236745,59.0,7864.078125,134.677,58.0,1980.0,434.3,4689.69140625,85,2175.8398456573486,98.0,40.44921875,3,3985.4586987495422,11.6,25.4453125,14,27410.23635840416,10.8,108.5703125,37,27378.67162680626,7.5,42.1484375,33,27412.408911705017
2026-02-14T00:02:33,gaming_1,31.5,43.4,196367.05643844078,241918.2347064635,34012.87506805597,130205.53736990174,60.0,7864.078125,137.073,58.0,1980.0,559.7,4685.73046875,85,2177.7651693820953,99.6,40.44921875,3,3987.3707225322723,17.0,4.8203125,384,1771016551.8006175,11.4,108.640625,37,27380.59164428711,4.1,331.0703125,95,27382.03088951111
2026-02-14T00:02:35,gaming_1,27.9,43.4,235027.33226005302,310025.95212531445,685457.8172510858,31059.807344189823,56.0,7864.078125,131.985,58.0,1980.0,498.1,4685.73046875,85,2179.6554329395294,98.0,40.44921875,3,3989.2208108901978,13.4,25.41015625,13,27414.045568943024,9.8,4.8203125,384,1771016553.7125716,9.1,108.65234375,37,27382.485572338104
2026-02-14T00:02:37,gaming_1,27.8,43.4,217872.64721067998,342556.61412568204,0.0,14107.887527178136,52.0,7864.078125,130.001,58.0,1980.0,529.1,4685.73046875,85,2181.548917531967,98.0,40.45703125,3,3991.2781257629395,9.1,108.65234375,37,27384.380100488663,8.3,4.8203125,384,1771016555.6003685,7.6,331.08984375,96,27385.97744321823
2026-02-14T00:02:39,gaming_1,36.0,43.6,227096.3243363972,288266.6659538007,14886.885075599934,756439.8479039216,61.0,7864.078125,134.054,58.0,1980.0,589.9,4685.74609375,86,2183.88810133934,99.1,40.4609375,3,3993.501311779022,63.1,309.99609375,244,27416.45020365715,18.5,4.8203125,384,1771016557.8084524,8.1,108.65625,37,27386.70370697975
2026-02-14T00:02:41,gaming_1,31.0,43.5,231107.6364232956,289620.79618235945,41391.7229994049,143885.5132836456,58.0,7864.078125,141.264,58.0,1980.0,522.1,4685.74609375,86,2185.830030441284,99.3,40.45703125,3,3995.419544696808,11.3,25.44921875,14,27420.233104467392,8.8,108.65625,37,27388.658235788345,6.8,4.8203125,384,1771016559.8787951
2026-02-14T00:02:43,gaming_1,29.7,43.6,188697.06529408373,313781.0857445001,619943.005689971,132921.80764359623,51.0,7864.078125,132.364,57.0,1980.0,494.7,4685.7578125,86,2187.7448794841766,100.0,40.4609375,3,3997.3730430603027,12.3,108.66015625,37,27390.564631938934,10.7,4.8203125,385,1771016561.7837117,6.2,331.08984375,96,27392.118175268173
2026-02-14T00:02:45,gaming_1,31.1,43.6,245008.06760528087,326264.85889497836,340682.8803525476,613616.32427135,62.0,7864.078125,138.493,59.0,1980.0,480.9,4685.7578125,86,2189.8569996356964,98.5,40.4609375,3,3999.513703107834,22.3,19.28515625,20,27426.47480916977,19.2,13.0703125,10,27426.45063853264,11.8,69.4765625,11,27423.003123760223
2026-02-14T00:02:48,gaming_1,28.9,43.6,244328.76544806638,346599.5074550794,97903.60235524163,57110.43470722428,62.0,7864.078125,132.18,58.0,1980.0,493.6,4685.71875,86,2192.028671979904,98.8,40.4609375,3,4001.903899908066,41.1,19.39453125,20,27428.681871414185,15.0,108.63671875,37,27394.772599220276,14.3,13.1328125,10,27428.64164996147
2026-02-14T00:02:50,gaming_1,38.6,43.6,236759.23077960638,341935.7799826537,323810.6950471771,1679346.3520480553,43.0,7864.078125,135.884,58.0,1980.0,516.3,4685.7578125,86,2194.319440126419,100.0,40.4609375,3,4003.934641122818,50.1,310.953125,245,27426.88132762909,17.4,4.8203125,385,1771016568.3340878,13.2,108.63671875,37,27397.132828235626
2026-02-14T00:02:52,gaming_1,30.2,43.6,205327.57704529242,349281.4388956342,32465.536633139476,56053.77809315488,60.0,7864.078125,145.472,58.0,1980.0,570.3,4685.765625,86,2196.324960708618,98.3,40.4609375,3,4005.9384293556213,16.3,4.8203125,385,1771016570.3538928,14.7,108.6484375,37,27399.147135972977,10.1,25.4453125,14,27430.73944544792
2026-02-14T00:02:54,gaming_1,30.7,43.6,194663.94916550873,338001.375154174,100583.14380727857,119704.41854147476,58.0,7864.078125,141.387,59.0,1980.0,486.8,4685.765625,86,2198.303364753723,98.9,40.4609375,3,4007.912276029587,16.0,4.8203125,385,1771016572.309384,12.7,108.65625,37,27401.112760066986,11.9,43.21484375,36,27434.856709241867
2026-02-14T00:02:56,gaming_1,24.5,43.6,230140.85927237727,346205.25004379946,133586.7458778081,73837.9864910541,38.0,7864.078125,134.651,57.0,1980.0,459.7,4685.765625,86,2200.2472281455994,98.8,40.4609375,3,4009.8732211589813,9.6,108.66015625,37,27403.061902046204,9.2,331.375,96,27404.611243009567,8.0,25.41015625,13,27434.67439556122
2026-02-14T00:02:58,gaming_1,32.4,43.6,239893.15286442838,331863.1937975321,64551.9920596312,13112.123387112588,57.0,7864.078125,141.762,59.0,1980.0,528.3,4685.765625,86,2202.2710762023926,97.9,40.4609375,3,4011.8836076259613,19.2,4.8203125,385,1771016576.3008287,8.5,108.671875,37,27405.08408141136,4.6,43.21484375,36,27438.820428609848
2026-02-14T00:03:00,gaming_1,28.2,43.6,253706.8390881271,249657.20879900327,33079.46785840946,42383.068193587125,51.0,7864.078125,122.942,58.0,1980.0,507.7,4685.828125,86,2204.237268447876,99.4,40.4609375,3,4013.9286353588104,15.7,108.6796875,37,27407.070038080215,12.6,4.8203125,385,1771016578.2808962,12.6,201.765625,149,27440.766452789307
2026-02-14T00:03:02,gaming_1,31.2,43.6,186846.68691906598,255944.64988545995,1471538.5932480725,520836.689593917,50.0,7864.078125,129.358,58.0,1980.0,573.7,4685.828125,86,2206.2801694869995,100.1,40.4609375,3,4015.895106315613,15.3,4.8203125,385,1771016580.3296235,13.0,108.671875,37,27409.109658241272,7.6,201.765625,149,27442.812014341354
2026-02-14T00:03:04,gaming_1,30.7,43.6,228719.71815054127,301757.3919401624,1894536.763604191,94259.43601813614,62.0,7864.078125,132.114,58.0,1980.0,500.3,4685.828125,86,2208.2727744579315,98.9,40.4609375,3,4017.901393890381,15.5,25.4453125,14,27442.707370996475,11.8,108.671875,37,27411.095572710037,10.2,43.21484375,36,27444.835924386978
2026-02-14T00:03:06,gaming_1,26.8,43.6,280624.84583695343,271480.1992837991,0.0,13812.921172635432,52.0,7864.078125,136.056,58.0,1980.0,468.4,4678.58203125,86,2210.2444825172424,99.8,39.80078125,3,4019.8591434955597,12.7,108.671875,37,27413.06324696541,8.8,201.76953125,149,27446.75375843048,6.4,331.375,96,27414.545838594437
2026-02-14T00:03:08,gaming_1,29.5,43.5,222630.00873870755,345891.11901266064,33329.78550262119,97645.85596471051,53.0,7864.078125,132.489,58.0,1980.0,504.5,4653.828125,86,2212.208191871643,99.0,40.44921875,2,4021.831285238266,12.7,108.68359375,37,27415.031048297882,11.9,25.41015625,13,27446.628549337387,7.2,201.765625,149,27448.72000002861
2026-02-14T00:03:10,gaming_1,30.1,43.5,247230.37851583093,345183.80450894654,11254527.134679195,51506.94278537538,55.0,7864.078125,136.747,58.0,1980.0,493.2,4653.8359375,86,2214.2106852531433,99.7,40.44921875,2,4023.8844859600067,17.5,4.8203125,385,1771016588.2033577,12.7,108.68359375,37,27417.00375699997,10.6,331.37109375,96,27418.562265872955
2026-02-14T00:03:12,gaming_1,34.2,43.5,211744.61485347667,268687.9622458391,5377519.182862456,23118.95728578996,68.0,7864.078125,132.562,59.0,1980.0,573.1,4653.8203125,86,2216.1953794956207,99.1,40.328125,2,4025.7432584762573,14.4,4.8203125,385,1771016590.2636752,13.9,108.72265625,37,27419.02559709549,12.6,25.41015625,13,27450.548040628433
2026-02-14T00:03:13,gaming_1,22.6,43.5,230376.62456759662,225750.91419034445,19259564.98088865,15074.450790932096,63.0,7864.078125,141.578,59.0,1980.0,364.6,4654.42578125,86,2218.050986289978,100.2,40.328125,2,4027.66136097908,11.8,108.73046875,37,27420.880963802338,10.2,4.8203125,385,1771016592.0952947,4.8,331.375,96,27422.344183921814
2026-02-14T00:03:15,gaming_1,26.5,43.9,229964.90599376074,256574.5115042462,19541540.86435652,11151.422775855623,71.0,7864.078125,146.348,59.0,1980.0,474.8,4782.42578125,86,2219.9960458278656,98.5,40.328125,2,4029.6608095169067,15.4,4.8203125,385,1771016594.022814,15.4,108.7421875,37,27422.810348510742,10.4,25.4453125,14,27454.407968521118
2026-02-14T00:03:17,gaming_1,30.6,43.9,207834.03267752053,235747.4477209863,32927.148123343104,14920.113993389843,73.0,7864.078125,152.267,60.0,1980.0,516.3,4782.42578125,86,2221.964454650879,100.2,39.66796875,2,4031.5790565013885,16.5,108.734375,37,27424.795041799545,13.0,331.375,96,27426.244005441666,5.5,4.8203125,385,1771016596.0120418
2026-02-14T00:03:19,gaming_1,27.2,43.9,218708.37771983544,314326.44422348164,33961.237210571155,55982.97696430089,61.0,7864.078125,146.613,59.0,1980.0,478.8,4782.42578125,86,2223.9049260616302,98.6,40.328125,2,4033.481252670288,11.3,108.74609375,37,27426.726767539978,9.9,331.375,96,27428.145061969757,8.9,25.44921875,14,27458.304669618607
2026-02-14T00:03:21,gaming_1,24.9,43.9,268696.1683366693,210491.58006255605,43538.5095321678,61226.029029610974,54.0,7864.078125,124.204,58.0,1980.0,421.5,4782.42578125,86,2225.781200170517,98.2,40.328125,2,4035.581558942795,11.3,331.09375,96,27430.222602128983,10.0,108.7421875,37,27428.60970067978,8.3,4.8203125,385,1771016599.8235736
2026-02-14T00:03:23,gaming_1,31.6,43.9,262808.1921026861,129776.84362343416,477722.63005272695,56231.934579123066,60.0,7864.078125,132.955,59.0,1980.0,476.4,4782.42578125,86,2227.8215939998627,99.5,40.328125,2,4037.3710396289825,39.5,4.8203125,385,1771016601.8806956,13.0,108.74609375,37,27430.65621805191,12.1,331.09375,96,27432.03753733635
2026-02-14T00:03:25,gaming_1,26.1,43.9,226031.6388971017,88439.28487552742,106981.8737398262,69928.25601223015,82.0,7864.078125,138.72,59.0,1980.0,576.8,4782.42578125,86,2229.7072887420654,97.6,40.328125,2,4039.3239550590515,20.1,201.765625,149,27466.228222608566,14.3,331.09375,96,27434.000198841095,10.8,108.74609375,37,27432.54440355301
2026-02-14T00:03:27,gaming_1,31.1,43.9,238947.6018283848,170504.03775257952,0.0,76115.83963143878,64.0,7864.078125,137.942,59.0,1980.0,479.1,4782.4375,86,2231.644360303879,100.2,40.328125,2,4041.258094072342,13.8,331.09375,96,27435.920120716095,11.3,201.74609375,149,27468.163734912872,9.7,108.75,37,27434.468727350235
2026-02-14T00:03:29,gaming_1,28.2,43.9,209325.3560312132,179453.72139626276,136506.05403546488,57055.26477263571,64.0,7864.078125,146.534,59.0,1980.0,428.4,4782.4375,86,2233.5602061748505,100.3,40.328125,2,4043.1582050323486,13.9,331.09375,96,27437.829557180405,8.9,201.73046875,149,27470.083527326584,8.1,4.8203125,385,1771016607.5985265
2026-02-14T00:03:31,gaming_1,27.6,43.9,229883.55264427612,135614.96087842865,34279.297711008905,48740.876432840785,65.0,7864.078125,135.984,59.0,1980.0,500.9,4782.4375,86,2235.4876766204834,100.2,40.328125,2,4045.1079683303833,15.5,201.76171875,149,27471.99930000305,12.1,331.09375,96,27439.76439666748,8.9,108.75,37,27438.307551145554
2026-02-14T00:03:33,gaming_1,30.8,43.9,253791.9869202403,231434.38809864517,203909.76430468896,6903.195145731658,67.0,7864.078125,140.931,59.0,1980.0,501.4,4782.4375,86,2237.4010100364685,99.8,40.3125,2,4047.0185890197754,13.8,331.09375,96,27441.68249440193,10.6,25.4453125,14,27471.816103458405,10.5,201.73046875,149,27473.92706179619
2026-02-14T00:03:35,gaming_1,26.0,43.9,226211.38178963817,149909.50999692417,169095.28103446154,22986.389765622116,67.0,7864.078125,142.743,59.0,1980.0,452.3,4782.4375,86,2239.3369104862213,99.6,40.3203125,2,4048.947769880295,8.1,201.7734375,149,27475.86766767502,8.1,108.69140625,37,27442.165273666382,5.6,4.8203125,385,1771016613.382068
2026-02-14T00:03:37,gaming_1,28.0,43.9,200663.38087235068,163990.1868004198,34086.15014463287,10918.219968202717,67.0,7864.078125,144.881,59.0,1980.0,404.6,4782.4375,86,2241.2515618801117,100.6,40.33203125,3,4050.8432850837708,18.7,4.8203125,385,1771016615.3010914,13.9,108.69140625,37,27444.08046555519,11.5,25.41015625,14,27475.649509191513
2026-02-14T00:03:39,gaming_1,26.6,43.9,253810.50423112584,193211.9530004469,103841.58105148713,63008.04266926172,68.0,7864.078125,143.805,59.0,1980.0,471.0,4782.4375,86,2243.156886816025,99.6,39.67578125,3,4052.7585701942444,14.7,25.41015625,14,27477.56255722046,9.9,201.7734375,149,27479.68213248253,9.8,108.703125,37,27445.983414173126
2026-02-14T00:03:40,gaming_1,28.4,43.9,209013.78943922778,171983.24643299152,127905.809464556,139364.03822908914,58.0,7864.078125,131.805,58.0,1980.0,454.4,4782.44921875,86,2245.0785806179047,99.1,40.33203125,3,4054.6655621528625,14.6,4.8203125,385,1771016619.1129754,9.7,108.71484375,37,27447.909630060196,7.3,42.30859375,36,27481.645397901535
2026-02-14T00:03:42,gaming_1,25.6,43.9,233636.54207264495,253773.6530352199,69385.15794128872,24664.255361942476,77.0,7864.078125,141.908,59.0,1980.0,439.1,4782.44921875,86,2246.9546484947205,99.2,40.33203125,3,4056.571422100067,10.9,108.72265625,37,27449.778160333633,9.1,25.4453125,13,27481.374284505844,9.0,331.375,96,27451.244159460068
2026-02-14T00:03:44,gaming_1,28.8,43.9,252526.41261227528,178770.9248540318,678462.6980130601,234811.69939045754,80.0,7864.078125,150.338,60.0,1980.0,481.7,4782.44921875,86,2248.880203485489,99.0,40.3359375,3,4058.4971158504486,12.1,42.30859375,36,27485.448188066483,11.3,4.8203125,385,1771016622.9340813,10.5,201.76171875,149,27485.420379638672
2026-02-14T00:03:46,gaming_1,29.5,43.9,280102.057221216,154168.6485441049,306395.52046417433,9308.891680769186,63.0,7864.078125,130.91,59.0,1980.0,483.1,4778.01953125,86,2250.8276691436768,100.0,40.3359375,3,4060.46777844429,8.1,4.8203125,385,1771016624.857174,6.5,108.734375,37,27453.646387815475,6.4,136.421875,165,27465.585514307022
2026-02-14T00:03:48,gaming_1,32.2,43.8,204992.52325275948,248212.6177587432,497973.2970365943,15821.02662460013,65.0,7864.078125,139.743,59.0,1980.0,599.7,4754.44921875,86,2252.7802844047546,99.5,40.33984375,3,4062.383669614792,16.7,201.74609375,149,27489.31787776947,12.7,4.8203125,385,1771016626.832903,10.3,108.7421875,37,27455.613988876343
2026-02-14T00:03:50,gaming_1,31.2,43.8,242721.78492657398,125592.49913399092,242657.25292484576,14082.787000102655,64.0,7864.078125,141.667,59.0,1980.0,515.3,4808.96875,86,2254.6871309280396,99.8,40.3359375,3,4064.309760570526,12.1,25.41015625,13,27489.11460709572,9.9,201.75390625,149,27491.209227323532,9.1,108.75,37,27457.499237060547
2026-02-14T00:03:52,gaming_1,30.5,43.8,243581.9607119072,124611.00958202456,14562.067171527588,8061.144327095629,63.0,7864.078125,133.115,58.0,1980.0,455.7,4754.46484375,86,2256.6564893722534,100.3,40.33984375,3,4066.273698568344,14.3,4.8203125,385,1771016630.6940002,13.4,108.74609375,37,27459.47960639,6.3,201.7578125,149,27493.18058013916
2026-02-14T00:03:54,gaming_1,29.3,43.8,275939.99052846455,187392.38623192662,33694.61922007787,55280.23465794026,69.0,7864.078125,146.28,59.0,1980.0,485.2,4754.46484375,86,2258.5973947048187,100.2,40.33984375,3,4068.207606077194,14.5,201.7421875,149,27495.126192569733,13.7,4.8203125,385,1771016632.6387103,11.3,108.75,37,27461.42250442505
2026-02-14T00:03:56,gaming_1,27.0,43.8,281577.23996773624,224650.8738683087,67596.03070567174,60994.85583207098,68.0,7864.078125,145.386,60.0,1980.0,469.1,4754.46484375,86,2260.549632549286,97.8,40.33984375,3,4070.1395921707153,12.0,108.75390625,37,27463.37252998352,8.1,4.8203125,385,1771016634.5771978,8.1,201.76953125,149,27497.06125330925
2026-02-14T00:03:58,gaming_1,24.9,43.8,263714.28526386,185210.74609781321,137133.62545492462,16873.864069648927,61.0,7864.078125,130.83,59.0,1980.0,412.1,4754.46484375,86,2262.4461228847504,100.1,40.33984375,3,4072.0607783794403,16.3,4.8203125,385,1771016636.4930403,14.8,108.7578125,37,27465.27654528618,9.0,201.75390625,149,27498.976609945297
2026-02-14T00:04:00,gaming_1,24.7,43.8,269093.16992220137,166115.8264655152,68663.087175657,10728.607371196405,67.0,7864.078125,137.584,60.0,1980.0,426.6,4741.72265625,86,2264.3466832637787,100.3,40.33984375,3,4073.9776980876923,16.5,108.640625,37,27467.17417407036,9.0,4.8203125,385,1771016638.39552,9.0,201.7265625,149,27500.876037597656
2026-02-14T00:04:02,gaming_1,28.9,43.7,264785.63211913686,143344.0784262423,50411.036767741774,678711.0939823567,81.0,7864.078125,160.084,60.0,1980.0,542.2,4715.3125,86,2266.3854246139526,100.0,39.68359375,3,4076.0098447799683,15.2,4.8203125,385,1771016640.347288,15.2,201.765625,149,27502.83384370804,11.5,108.69921875,37,27469.204713106155
2026-02-14T00:04:04,gaming_1,29.7,43.6,192966.75850170833,294640.575783184,0.0,220960.17125500875,61.0,7864.078125,136.199,59.0,1980.0,490.7,4692.4765625,86,2268.317368030548,98.9,40.33984375,3,4077.9360530376434,14.8,4.8203125,385,1771016642.3615122,7.2,108.71875,37,27471.145333766937,4.7,201.75390625,149,27504.84748482704
2026-02-14T00:04:06,gaming_1,27.9,43.6,226037.4611982706,256512.30916526177,67720.04734723763,12962.040312557203,65.0,7864.078125,141.777,60.0,1980.0,461.7,4692.4765625,86,2270.273400783539,99.6,40.33984375,3,4079.8974487781525,16.2,201.7734375,149,27506.777465343475,15.2,108.69921875,37,27473.098408937454,14.4,25.41015625,13,27504.68942952156
2026-02-14T00:04:08,gaming_1,28.2,43.6,207276.36149990957,223675.93882333091,0.0,24727.988127323883,56.0,7864.078125,133.88,59.0,1980.0,491.2,4692.8671875,86,2272.253133535385,99.0,40.33984375,3,4081.871203184128,19.1,201.76171875,149,27508.73922228813,14.4,108.69921875,37,27475.051928520203,12.7,4.8203125,385,1771016646.2599685
2026-02-14T00:04:10,gaming_1,32.3,43.7,178371.22902131063,123120.79577748393,3110645.15376832,119660.51754900212,72.0,7864.078125,140.27,60.0,1980.0,533.8,4694.140625,86,2274.157984972,98.7,40.33984375,3,4083.75306391716,11.3,201.75,149,27510.68429660797,10.9,25.4453125,14,27508.568066358566,10.5,4.8203125,385,1771016648.2004883
2026-02-14T00:04:12,gaming_1,26.0,43.7,188239.67033481572,191914.7049297331,69458.41880677827,103373.66236477546,82.0,7864.078125,156.253,60.0,1980.0,534.2,4702.70703125,86,2276.088086128235,99.2,39.67578125,3,4085.75612449646,11.1,25.44140625,14,27510.539979219437,10.8,108.69921875,37,27478.871730089188,5.8,4.8203125,385,1771016650.083367
2026-02-14T00:04:14,gaming_1,32.2,43.7,170192.72039161055,223443.9033105484,32363.95062481927,9102.36111323042,76.0,7864.078125,150.838,61.0,1980.0,505.0,4694.140625,86,2278.081731557846,100.2,40.3359375,3,4087.6904377937317,17.0,4.8203125,385,1771016652.1127622,10.0,108.703125,37,27480.905740976334,6.9,201.76953125,149,27514.6023042202
2026-02-14T00:04:15,gaming_1,26.5,43.7,223165.03492968532,190262.82443897548,34083.28881244228,72693.26442028706,66.0,7864.078125,142.47,59.0,1980.0,431.7,4694.140625,86,2279.983221054077,98.7,40.3359375,3,4089.6207859516144,9.8,4.8203125,385,1771016654.0348132,8.1,25.41015625,13,27514.402992248535,6.5,108.7109375,37,27482.816190719604
2026-02-14T00:04:17,gaming_1,25.5,43.6,240712.8573431634,246249.41063604833,14032055.091757294,78265.58845494212,54.0,7864.078125,125.788,58.0,1980.0,425.0,4694.140625,86,2281.887382745743,99.0,40.3359375,3,4091.467223882675,10.6,201.734375,149,27518.425537109375,9.8,4.8203125,385,1771016655.944215,9.1,108.7109375,37,27484.714320659637
2026-02-14T00:04:19,gaming_1,26.3,43.6,236906.2031243341,51253.95313147884,34454.95463513419,40915.258629221855,60.0,7864.078125,130.053,59.0,1980.0,486.8,4694.140625,86,2283.7899153232574,97.9,40.3359375,3,4093.399214029312,17.1,25.41015625,13,27518.200869321823,12.3,201.7421875,149,27520.326813936234,11.5,108.7109375,37,27486.618613004684
2026-02-14T00:04:21,gaming_1,30.4,43.7,240837.13796794496,141239.55436495575,0.0,28814.548316661996,76.0,7864.078125,151.098,60.0,1980.0,460.4,4694.40234375,86,2285.7961609363556,99.4,40.3359375,3,4095.441850423813,24.6,4.8203125,385,1771016659.820067,12.5,108.71875,37,27488.612483739853,10.3,201.73828125,149,27522.30535531044
2026-02-14T00:04:23,gaming_1,30.6,43.7,215325.02095402274,228858.93612257706,1070461.760891284,9883.524780956459,77.0,7864.078125,150.684,60.0,1980.0,531.3,4694.40234375,86,2287.8139097690582,97.8,40.3359375,3,4097.487491130829,12.3,25.4453125,14,27522.25602698326,10.8,4.8203125,385,1771016661.843837,9.3,108.71875,37,27490.637439727783
2026-02-14T00:04:25,gaming_1,26.0,43.7,190660.89620411737,220331.89554806575,32521.928266879662,101122.87070482895,71.0,7864.078125,145.146,59.0,1980.0,467.4,4694.4453125,85,2289.839739084244,99.4,40.33984375,3,4099.487946987152,10.9,108.73046875,37,27492.64830136299,7.0,4.8203125,385,1771016663.8562243,5.4,331.48046875,95,27494.167124271393
2026-02-14T00:04:27,gaming_1,29.9,43.7,225543.16408318008,246040.52141506123,32647.5188378497,44890.33840204334,65.0,7864.078125,143.08,59.0,1980.0,518.2,4694.4453125,85,2291.849189519882,100.2,40.33984375,3,4101.479272603989,13.9,108.734375,37,27494.664873361588,12.5,4.8203125,385,1771016665.8658547,8.5,201.7578125,149,27528.35661125183
2026-02-14T00:04:29,gaming_1,27.6,43.7,201763.58942637502,282979.7233808188,33482.509183337505,43422.62909714082,60.0,7864.078125,142.447,60.0,1980.0,476.9,4694.4453125,85,2293.7914066314697,99.0,40.33984375,3,4103.406252622604,16.9,108.7421875,37,27496.612840890884,13.8,25.4453125,14,27528.208908081055,13.6,4.8203125,385,1771016667.8191345
2026-02-14T00:04:31,gaming_1,28.5,43.7,192895.52822872525,329358.738814654,0.0,8715.224661737133,59.0,7864.078125,144.603,59.0,1980.0,478.2,4694.44921875,85,2295.7034437656403,100.0,40.33984375,3,4105.296731472015,15.3,201.77734375,149,27532.23919415474,13.8,108.74609375,37,27498.531955718994,10.5,4.8203125,385,1771016669.7573814
2026-02-14T00:04:33,gaming_1,29.6,43.7,204471.61433376223,218234.30078502846,0.0,8717.538653736397,81.0,7849.078125,145.255,60.0,1980.0,632.8,4694.46875,85,2297.68603682518,99.8,40.33984375,3,4107.3319392204285,11.4,108.75,37,27500.45336675644,10.1,25.44921875,13,27532.12516117096,10.0,201.73828125,149,27534.123517751694
2026-02-14T00:04:35,gaming_1,31.3,43.7,223810.56518886684,245823.8814028458,31895.485207033304,64289.3373704265,73.0,7864.078125,146.61,60.0,1980.0,445.7,4694.46875,85,2299.6700031757355,98.5,40.33984375,3,4109.330813407898,19.8,4.8203125,385,1771016673.6935186,10.7,108.75,37,27502.488351345062,5.5,331.47265625,95,27503.99613571167
2026-02-14T00:04:37,gaming_1,28.6,43.7,253195.58420253455,202888.1106121622,0.0,7497.318785015193,75.0,7864.078125,152.423,60.0,1980.0,483.1,4694.46875,85,2301.672502756119,99.7,39.8046875,3,4111.29018497467,17.4,201.76953125,149,27538.15916800499,9.5,25.44921875,14,27536.09123635292,9.3,108.73828125,37,27504.498569965363
2026-02-14T00:04:39,gaming_1,28.1,43.7,240800.20476296375,276992.0909448067,98174.84179472367,24543.71044868092,66.0,7864.078125,142.918,60.0,1980.0,493.3,4694.5390625,85,2303.6691377162933,98.9,39.8046875,3,4113.296962022781,12.4,201.75390625,148,27540.166439056396,10.9,4.8203125,385,1771016677.6770291,10.3,108.73828125,37,27506.47830224037
2026-02-14T00:04:41,gaming_1,32.9,43.7,250542.58882561815,183647.47554765292,32441.19451068338,15206.809926882835,59.0,7864.078125,148.016,59.0,1980.0,514.9,4694.5390625,85,2305.656113386154,99.8,40.3359375,3,4115.287459373474,15.8,25.41015625,13,27540.079987049103,11.7,108.73828125,37,27508.486403226852,10.8,4.8203125,385,1771016679.700075
2026-02-14T00:04:43,gaming_1,28.3,44.5,214691.53541690772,115249.48820109236,3897056.2797918706,21157.217620692096,72.0,7864.078125,139.059,60.0,1980.0,487.1,4951.48828125,85,2307.6386394500732,99.4,40.33203125,3,4117.238176107407,15.0,201.7421875,148,27544.164978981018,15.0,108.73828125,37,27510.46148943901,11.8,4.8203125,385,1771016681.680035
2026-02-14T00:04:45,gaming_1,27.2,44.5,209840.64186729677,307974.17575030576,34296.863642726974,91904.87679261994,67.0,7864.078125,139.359,59.0,1980.0,454.0,5079.93359375,85,2309.5555992126465,99.4,40.33203125,3,4119.1704359054565,20.4,201.73046875,148,27546.076633691788,13.1,4.8203125,385,1771016683.5895796,12.2,108.73828125,37,27512.37998366356
2026-02-14T00:04:47,gaming_1,26.7,44.9,258186.41137948376,254950.9167610566,42065.02446303024,15248.571367848463,75.0,7864.078125,149.158,61.0,1980.0,447.4,5080.0625,85,2311.494502067566,99.7,39.68359375,3,4121.09938955307,16.1,108.74609375,37,27514.31569623947,8.9,25.41015625,13,27545.904060602188,8.8,201.7421875,148,27548.020624160767
2026-02-14T00:04:49,gaming_1,28.2,44.9,209426.21659036184,229310.39615261997,34406.06182949569,46501.94294142776,75.0,7864.078125,147.95,60.0,1980.0,482.9,5080.0625,85,2313.404906988144,98.7,39.68359375,3,4123.032104969025,9.8,108.75,37,27516.23412489891,8.9,25.41015625,13,27547.831193447113,8.2,4.8203125,385,1771016687.4426093
2026-02-14T00:04:51,gaming_1,29.1,44.9,229295.33456194823,221311.1472437488,33615.03919346772,8666.377292065896,78.0,7864.078125,144.999,60.0,1980.0,471.7,5080.0625,85,2315.363725423813,97.4,40.33203125,3,4124.972488164902,18.4,4.8203125,385,1771016689.3949363,15.2,108.76953125,37,27518.191661834717,8.8,201.73828125,148,27551.884261608124
2026-02-14T00:04:53,gaming_1,26.9,44.9,208970.21935174018,268602.72629133554,0.0,82954.0440915884,80.0,7864.078125,146.463,61.0,1980.0,497.9,5080.0625,85,2317.297449827194,100.0,40.33203125,3,4126.9110741615295,13.8,108.76953125,37,27520.123539209366,10.5,25.41015625,13,27551.71575498581,6.5,201.74609375,148,27553.815190076828
2026-02-14T00:04:55,gaming_1,27.9,44.9,235205.80948081444,180720.1250361609,34393.891502261744,21764.884466275013,72.0,7864.078125,152.245,60.0,1980.0,413.4,5080.0625,85,2319.1942603588104,100.2,40.33203125,3,4128.812431812286,18.0,4.8203125,385,1771016693.237116,9.1,108.78515625,37,27522.019949674606,6.5,201.75,148,27555.723939418793
2026-02-14T00:04:57,gaming_1,27.9,44.9,233619.61918350245,234566.38156286083,0.0,33135.63943809472,80.0,7864.078125,148.972,61.0,1980.0,467.6,5080.14453125,85,2321.1336376667023,100.0,40.32421875,3,4130.749111413956,14.7,201.7578125,148,27557.637541294098,14.6,108.76953125,37,27523.94521331787,12.2,4.8203125,385,1771016695.1513352
2026-02-14T00:04:58,gaming_1,28.0,44.9,213634.90788930195,198215.12539372122,0.0,14713.658270543487,72.0,7864.078125,142.759,60.0,1980.0,428.5,5080.14453125,85,2323.077565908432,99.6,40.328125,3,4132.694724321365,17.8,331.19921875,95,27527.346294164658,12.8,108.76953125,37,27525.902236700058,12.0,4.8203125,385,1771016697.1010294
2026-02-14T00:05:00,gaming_1,26.0,44.9,239021.63067208612,244645.87172615435,34214.26359597287,59073.06448992191,73.0,7864.078125,144.138,60.0,1980.0,435.0,5080.14453125,85,2324.9516203403473,99.2,40.4296875,3,4134.521732568741,10.0,108.765625,37,27527.785219192505,9.0,4.8203125,385,1771016699.0141683,8.5,331.19921875,95,27529.192370414734
2026-02-14T00:05:02,gaming_1,27.2,44.9,241623.68307303247,264521.7501562625,0.0,53911.42875762612,63.0,7864.078125,153.191,61.0,1980.0,442.3,5080.1640625,85,2326.8355000019073,99.0,40.4296875,3,4136.414820432663,20.8,201.75,148,27563.36948466301,16.6,108.765625,37,27529.66737651825,10.0,25.41015625,14,27561.222674369812
2026-02-14T00:05:04,gaming_1,25.8,44.8,223511.09092011748,145437.44235812267,4323.205392824582,680094.2483587171,71.0,7864.078125,141.268,60.0,1980.0,494.9,5208.6640625,85,2328.7613739967346,100.0,40.4296875,3,4138.369207143784,11.1,331.19921875,95,27533.026344060898,9.1,201.71484375,148,27565.260133743286,6.6,4.8203125,385,1771016702.7735178
2026-02-14T00:05:06,gaming_1,30.4,45.2,236858.43416744933,270865.85483443236,0.0,26207.02976504786,66.0,7864.078125,142.227,60.0,1980.0,504.4,5208.6640625,85,2330.7699098587036,99.8,40.4296875,3,4140.372637748718,21.5,4.8203125,385,1771016704.8039954,17.0,201.74609375,148,27567.28744649887,15.7,331.19921875,95,27535.022741794586
2026-02-14T00:05:08,gaming_1,26.1,45.2,220562.0378013189,245200.78060865484,0.0,139750.39698005535,75.0,7864.078125,158.985,62.0,1980.0,436.4,5208.66796875,85,2332.6492908000946,99.3,40.4296875,3,4142.245450496674,11.5,201.7421875,148,27569.18435359001,10.8,108.77734375,37,27535.47685623169,8.3,331.51171875,95,27536.9068236351
2026-02-14T00:05:10,gaming_1,30.7,45.2,264479.78607632255,218849.3450474044,34852.35461780098,75694.9576855365,72.0,7864.078125,156.023,61.0,1980.0,480.6,5208.66796875,85,2334.5413353443146,99.5,40.4296875,3,4144.130176782608,19.9,201.74609375,148,27571.071643829346,18.4,331.48046875,95,27538.77774643898,15.8,4.8203125,385,1771016708.58377
2026-02-14T00:05:12,gaming_1,24.4,45.2,254141.6761463948,93197.45973265593,0.0,41356.18887559819,67.0,7864.078125,150.002,61.0,1980.0,383.0,5208.66796875,85,2336.3979580402374,98.6,39.7734375,3,4145.93666934967,11.2,331.484375,95,27540.58340740204,6.8,25.4453125,14,27570.768876791,5.9,108.87890625,37,27539.231266260147
2026-02-14T00:05:14,gaming_1,28.0,45.2,255454.33405027064,225979.4291822566,144886.82446175016,11885.247319127942,68.0,7864.078125,145.974,60.0,1980.0,483.8,5209.140625,85,2338.2168560028076,100.4,40.42578125,3,4147.8199734687805,14.1,331.484375,95,27542.47181248665,12.1,4.8203125,385,1771016712.261117,8.6,201.74609375,148,27574.74528503418
2026-02-14T00:05:15,gaming_1,28.8,45.2,280086.88519274915,281918.486819978,0.0,51117.032829962685,69.0,7864.078125,149.464,61.0,1980.0,478.9,5209.1640625,86,2340.0828177928925,99.0,40.41796875,3,4149.6661858558655,10.0,201.71484375,148,27576.62223792076,9.2,108.875,37,27542.92386484146,7.6,331.484375,95,27544.315834999084
2026-02-14T00:05:17,gaming_1,26.8,45.2,321335.05461269227,272113.2500912584,70936.46287736412,85622.52745744342,72.0,7864.078125,145.103,60.0,1980.0,431.6,5209.1796875,86,2341.9654970169067,99.6,40.42578125,3,4151.580129861832,13.5,4.8203125,385,1771016715.9900854,11.8,201.71875,148,27578.472026109695,6.7,108.875,37,27544.781358480453
2026-02-14T00:05:19,gaming_1,23.0,45.2,262824.9337245016,227205.35429555015,68506.66933105674,71717.91945595002,70.0,7864.078125,147.452,61.0,1980.0,366.4,5209.1796875,86,2343.854658842087,100.1,40.32421875,3,4153.472103595734,13.1,201.75,148,27580.38584280014,12.3,4.8203125,385,1771016717.9040964,11.6,25.41015625,13,27578.27513718605
2026-02-14T00:05:21,gaming_1,27.7,45.2,295031.94829369284,291605.1325496912,0.0,15430.283598767699,76.0,7864.078125,152.971,61.0,1980.0,450.4,5209.1796875,86,2345.7904279232025,99.0,40.3125,2,4155.394541025162,11.4,4.8203125,385,1771016719.8322327,8.1,201.7578125,148,27582.320667028427,6.4,108.87890625,37,27548.62012529373
2026-02-14T00:05:23,gaming_1,27.3,45.3,327835.1326698937,223011.68550153833,172172.3057434633,9953.711425793972,67.0,7864.078125,147.19,60.0,1980.0,474.3,5209.1796875,86,2347.691502571106,99.2,40.3125,2,4157.284723997116,10.7,25.4453125,14,27582.092097997665,9.1,201.75,148,27584.21709728241,9.0,4.8203125,385,1771016721.7326324
2026-02-14T00:05:25,gaming_1,22.3,45.2,270517.1194893654,159780.63854843326,0.0,93963.5779883185,62.0,7864.078125,144.884,60.0,1980.0,317.6,5209.1796875,86,2349.56175160408,98.3,40.3125,2,4159.161820650101,9.2,108.89453125,37,27552.392622470856,6.6,201.7109375,148,27586.10085105896,5.8,4.8203125,385,1771016723.613626
2026-02-14T00:05:27,gaming_1,24.3,45.2,251043.92651410995,199006.47416486547,70174.2145182947,10142.36694209728,73.0,7864.078125,132.312,60.0,1980.0,414.4,5209.33203125,86,2351.4397678375244,100.4,40.3125,2,4161.043088436127,12.3,25.4453125,14,27585.873735666275,10.8,201.73828125,148,27587.97143959999,10.0,108.8984375,37,27554.267369508743
2026-02-14T00:05:29,gaming_1,30.2,45.6,315526.4178489498,292388.77866525337,1655439.7487672789,6736.001581898107,70.0,7864.078125,148.728,61.0,1980.0,479.6,5337.984375,86,2353.3392775058746,98.7,40.31640625,2,4162.9593687057495,18.1,42.26953125,34,27589.905639648438,14.0,4.8203125,385,1771016727.3803275,11.6,201.71875,148,27589.863591194153
2026-02-14T00:05:31,gaming_1,29.2,45.6,234746.6185342495,266013.7209446796,41081.357678101536,61081.49233717729,65.0,7864.078125,143.418,60.0,1980.0,533.6,5393.19921875,86,2355.250266313553,99.0,40.31640625,2,4164.86899638176,14.9,201.75390625,148,27591.757202863693,7.4,4.8203125,385,1771016729.2750607,7.3,25.41015625,13,27589.683367967606
2026-02-14T00:05:33,gaming_1,29.7,45.6,275100.00928930705,260634.5739119148,0.0,10030.275872359789,86.0,7864.078125,143.112,61.0,1980.0,504.1,5338.00390625,86,2357.1767938137054,99.9,40.31640625,2,4166.778381586075,12.9,4.8203125,385,1771016731.2166924,10.4,201.73828125,148,27593.70510840416,8.8,108.91015625,37,27560.005533218384
2026-02-14T00:05:34,gaming_1,27.2,45.6,201762.5274970588,286375.856509564,34250.044039452645,95793.0919228441,75.0,7864.078125,144.535,60.0,1980.0,491.4,5338.00390625,86,2359.0754024982452,98.6,40.3046875,2,4168.647825241089,10.7,108.91015625,37,27561.904283046722,7.5,25.41015625,13,27593.46593785286,6.8,331.46875,95,27563.292568683624
2026-02-14T00:05:36,gaming_1,29.0,45.6,257672.87878439826,314494.2317889324,425687.60155907,7205.649505557174,79.0,7864.078125,141.182,60.0,1980.0,487.8,5338.00390625,86,2360.936959505081,98.9,39.78125,3,4170.527978897095,11.8,108.89453125,37,27563.756494522095,8.5,4.8203125,385,1771016734.9755297,4.2,201.7421875,148,27597.459304094315
2026-02-14T00:05:38,gaming_1,26.9,45.6,249424.3134668535,157476.71879954563,34210.53340288001,16303.457324810006,66.0,7864.078125,133.32,59.0,1980.0,448.6,5338.0078125,86,2362.841912984848,98.6,40.43359375,3,4172.413360118866,13.1,4.8203125,385,1771016736.8922849,9.0,108.90625,37,27565.6723613739,7.3,201.7421875,148,27599.37629675865
2026-02-14T00:05:40,gaming_1,25.1,45.6,284296.3083410097,92762.02620583875,0.0,112176.52884460859,78.0,7864.078125,148.137,61.0,1980.0,433.4,5338.0078125,86,2364.6954503059387,99.4,40.4296875,3,4174.28469824791,12.5,25.41015625,13,27599.104306459427,11.8,108.91015625,37,27567.523936748505,5.9,201.75,148,27601.225409030914
2026-02-14T00:05:42,gaming_1,26.7,45.6,254379.8491029524,119588.89897913471,0.0,84819.82485619157,60.0,7864.078125,130.704,59.0,1980.0,479.5,5338.01171875,86,2366.5788912773132,98.2,40.4296875,3,4176.17809677124,16.7,4.8203125,385,1771016740.6112833,14.2,201.7421875,148,27603.094301700592,12.4,108.765625,37,27569.406441926956
2026-02-14T00:05:44,gaming_1,28.0,45.6,240189.17847424393,256222.57944919457,34289.41934128586,22770.31753132264,74.0,7864.078125,137.979,60.0,1980.0,526.7,5338.01171875,86,2368.4873735904694,97.2,40.43359375,3,4178.1404185295105,8.2,108.765625,37,27571.315611362457,7.4,4.8203125,385,1771016742.523767,6.5,201.74609375,148,27605.011098623276
2026-02-14T00:05:46,gaming_1,29.9,45.7,242697.02339546496,254532.82927227038,33705.79124591841,14746.283670089304,69.0,7864.078125,134.344,59.0,1980.0,484.8,5338.01171875,86,2370.4310069084167,99.7,40.4296875,3,4180.036928653717,16.0,201.75,148,27606.96176314354,14.5,4.8203125,385,1771016744.467263,8.8,108.765625,37,27573.261367321014
2026-02-14T00:05:48,gaming_1,24.3,45.6,253451.7333309348,159157.78348060529,34338.62869600913,8584.657174002283,61.0,7864.078125,133.259,60.0,1980.0,419.2,5338.01171875,86,2372.331432580948,100.0,40.4296875,3,4181.942940235138,18.1,25.4453125,13,27606.758429050446,13.9,4.8203125,385,1771016746.3782098,10.7,108.765625,37,27575.15946650505
2026-02-14T00:05:50,gaming_1,34.2,45.6,217662.2907152068,162154.7295327488,0.0,128041.87760678785,59.0,7864.078125,131.946,59.0,1980.0,601.2,5338.01171875,86,2374.235105037689,100.6,40.421875,3,4183.837995052338,14.1,4.8203125,385,1771016748.2655134,10.7,108.76953125,37,27577.05143070221,6.6,201.71875,148,27610.749076128006
2026-02-14T00:05:52,gaming_1,25.9,45.6,224706.5259995452,63113.905495748695,33934.14480736227,36320.13936412992,63.0,7864.078125,136.242,59.0,1980.0,507.7,5338.015625,86,2376.1523761749268,99.2,40.42578125,3,4185.743556261063,10.6,25.41015625,13,27610.553299188614,8.1,4.8203125,385,1771016750.194097,7.3,108.76953125,37,27578.98006916046
2026-02-14T00:05:53,gaming_1,31.6,45.6,255020.1252999677,81129.87539077616,70140.46110508556,10137.488519094399,63.0,7864.078125,137.079,60.0,1980.0,535.4,5338.015625,86,2378.0145151615143,99.6,40.4296875,3,4187.595561265945,8.4,108.76953125,37,27580.841541290283,6.7,201.72265625,148,27614.543159008026,5.9,4.8203125,385,1771016752.0623982
2026-02-14T00:05:55,gaming_1,26.6,45.6,287801.521738171,97048.82168788227,0.0,78979.63269472952,58.0,7864.078125,135.696,59.0,1980.0,414.7,5338.015625,86,2379.8645856380463,99.0,40.33203125,3,4189.4574608802795,12.7,4.8203125,385,1771016753.9101567,10.2,108.78125,37,27582.6861846447,7.6,25.41015625,13,27614.274594783783
2026-02-14T00:05:57,gaming_1,26.5,45.2,258223.07405323305,79200.04167626314,167436.27196059714,120069.43186648084,62.0,7864.078125,135.548,59.0,1980.0,531.1,5210.02734375,86,2381.720834493637,98.7,40.33203125,3,4191.293616771698,10.1,4.8203125,385,1771016755.770655,8.4,108.77734375,37,27584.55538225174,7.5,42.1953125,34,27618.286813497543
2026-02-14T00:05:59,gaming_1,27.1,45.2,291974.9879835455,66112.94343524246,0.0,17962.530309321468,62.0,7849.078125,135.409,59.0,1980.0,471.6,5210.02734375,86,2383.5329678058624,99.6,40.328125,3,4193.113686084747,13.0,108.77734375,37,27586.36490893364,7.7,4.8203125,385,1771016757.5928059,6.0,25.41015625,13,27617.93208670616
2026-02-14T00:06:01,gaming_1,26.6,45.2,307282.6910978083,63906.00147998844,35804.97484840279,31329.352992352437,60.0,7864.078125,135.274,59.0,1980.0,438.3,5210.02734375,86,2385.365841627121,100.5,40.33203125,3,4194.933398246765,13.6,108.765625,37,27588.205785274506,12.8,4.8203125,385,1771016759.4238935,6.8,42.1953125,34,27621.93792104721
2026-02-14T00:06:03,gaming_1,30.9,45.2,291664.1716890296,82332.86156437057,0.0,11231.52092426053,61.0,7864.078125,134.072,59.0,1980.0,524.8,5210.03125,86,2387.201454639435,99.8,40.33203125,3,4196.763881921768,10.3,108.77734375,37,27590.0177795887,5.1,4.8203125,385,1771016761.2470994,5.1,331.4765625,95,27591.415795326233
2026-02-14T00:06:04,gaming_1,27.9,45.2,247528.90999766148,46157.21774854509,35890.93071318491,63369.92454046711,61.0,7864.078125,136.966,59.0,1980.0,543.4,5210.03125,86,2389.020983695984,99.2,40.33203125,3,4198.592031002045,18.0,4.8203125,385,1771016763.0744267,8.6,25.41015625,13,27623.410672426224,8.5,108.77734375,37,27591.860429525375
2026-02-14T00:06:06,gaming_1,26.7,45.2,259622.3354381719,77942.1602966873,0.0,63287.46335066791,64.0,7864.078125,132.089,59.0,1980.0,557.4,5210.03125,86,2390.8482463359833,98.5,40.33203125,3,4200.431856393814,13.7,4.8203125,385,1771016764.9028008,10.3,42.1171875,34,27627.416383504868,9.4,108.796875,37,27593.681698799133
2026-02-14T00:06:08,gaming_1,31.4,45.2,233385.43889237658,185533.42560021474,283530.95264644787,754236.6357509024,63.0,7864.078125,135.405,59.0,1980.0,470.4,5210.0390625,86,2392.7056913375854,100.0,40.33203125,3,4202.292319536209,13.5,108.8125,37,27595.533642292023,10.1,4.8203125,385,1771016766.7491071,9.3,331.4921875,95,27596.938583612442
2026-02-14T00:06:10,gaming_1,27.3,45.2,214930.78394375215,304805.66902409913,0.0,178551.3375905177,62.0,7864.078125,129.637,59.0,1980.0,459.4,5210.0390625,86,2394.505054473877,99.9,40.33203125,3,4204.186710834503,18.9,161.90234375,23,27522.585896492004,14.7,25.41015625,13,27628.904980421066,12.0,108.8125,37,27597.35943722725
2026-02-14T00:06:12,gaming_1,27.4,45.2,253529.442272675,320354.9686253007,34146.90921956178,122181.90955124448,60.0,7864.078125,129.945,58.0,1980.0,460.4,5210.04296875,86,2396.4503180980682,98.5,40.33203125,3,4205.9925365448,12.1,108.82421875,37,27599.291893720627,11.4,4.8203125,385,1771016770.5257292,9.0,201.73046875,148,27633.0060236454
2026-02-14T00:06:14,gaming_1,25.9,45.2,239884.72199158926,348722.5791776128,0.0,10244.154865950984,61.0,7864.078125,132.152,58.0,1980.0,412.7,5210.04296875,86,2398.199486017227,99.4,40.328125,3,4207.784195899963,11.3,164.578125,23,27526.15748143196,8.9,4.8203125,385,1771016772.2727466,8.9,108.79296875,37,27601.041159152985
2026-02-14T00:06:15,gaming_1,23.5,45.2,286501.01577616524,345713.47293933766,0.0,201494.0520487953,64.0,7864.078125,135.832,59.0,1980.0,410.2,5210.04296875,86,2400.022905111313,100.1,40.33203125,3,4209.578608512878,9.5,201.734375,148,27636.561772346497,7.8,4.8203125,385,1771016774.0817242,6.0,108.79296875,37,27602.850483894348
2026-02-14T00:06:17,gaming_1,26.1,45.2,207916.481241023,342621.70054294757,72642.63293071439,6526.486552368871,48.0,7864.078125,128.368,58.0,1980.0,411.3,5210.04296875,86,2401.8283381462097,98.6,40.32421875,3,4211.385754108429,13.8,108.79296875,37,27604.658277511597,13.8,25.41015625,13,27636.208468198776,9.5,201.734375,148,27638.367272377014
2026-02-14T00:06:19,gaming_1,27.8,45.2,304587.096941528,343108.38354065316,0.0,18362.9131409013,55.0,7864.078125,125.394,58.0,1980.0,451.2,5209.82421875,86,2403.6261587142944,99.6,40.33203125,3,4213.172466039658,15.5,4.8203125,385,1771016777.6954992,13.0,108.79296875,37,27606.460099697113,6.9,201.73046875,148,27640.176166534424
2026-02-14T00:06:21,gaming_1,24.2,45.2,251133.57245762573,308618.5938593816,0.0,56811.8600393109,61.0,7864.078125,129.924,58.0,1980.0,419.1,5209.82421875,86,2405.388989210129,98.1,40.33203125,3,4214.940160274506,8.0,108.79296875,37,27608.22429084778,7.1,25.41015625,13,27639.74691104889,5.3,4.8203125,385,1771016779.4546223
2026-02-14T00:06:23,gaming_1,28.5,45.2,310768.1641972195,246093.19702522477,36223.730010972096,111218.17104931278,59.0,7864.078125,135.315,59.0,1980.0,466.8,5209.86328125,86,2407.2042829990387,99.2,40.328125,3,4216.7998831272125,15.5,4.8203125,385,1771016781.2645915,11.8,25.4453125,14,27641.609097242355,10.4,42.1171875,34,27643.765047073364
2026-02-14T00:06:24,gaming_1,24.3,45.2,283060.7311076204,236411.46935297604,0.0,101642.79584313529,62.0,7864.078125,135.12,59.0,1980.0,423.8,5211.17578125,86,2409.0847849845886,99.9,40.33203125,3,4218.6615035533905,10.8,4.8203125,385,1771016783.1405356,10.0,201.73046875,148,27645.62579846382,9.9,108.8046875,37,27611.921531677246
2026-02-14T00:06:26,gaming_1,25.1,45.2,261713.16383275003,292112.13035964256,0.0,42952.57015296718,59.0,7864.078125,135.479,59.0,1980.0,399.4,5211.2109375,86,2410.912397623062,98.2,40.33203125,3,4220.508820056915,10.3,108.8203125,37,27613.747299432755,10.2,25.41015625,14,27645.321627140045,9.4,4.8203125,385,1771016784.9681013
2026-02-14T00:06:28,gaming_1,27.6,45.2,297876.0758875121,203051.7831120945,34778.15874310818,5977.496033971718,64.0,7864.078125,138.021,59.0,1980.0,492.8,5211.203125,85,2412.802087545395,99.8,40.33203125,3,4222.386659383774,10.8,108.8125,37,27615.62527656555,10.0,331.1953125,95,27617.04876947403,9.1,201.72265625,148,27649.331530094147
2026-02-14T00:06:30,gaming_1,27.5,45.3,217101.1885477485,111421.28976703182,141029.90992471942,44071.846851474824,60.0,7864.078125,136.577,59.0,1980.0,458.8,5211.203125,85,2414.656957626343,100.1,40.33203125,3,4224.229143381119,15.2,25.4453125,14,27649.049444675446,12.6,108.81640625,37,27617.487323999405,10.1,42.1953125,34,27651.21883392334
2026-02-14T00:06:32,gaming_1,27.2,45.3,275629.70038987644,81786.29062314148,35476.832881781535,16906.928170224015,62.0,7864.078125,137.909,59.0,1980.0,477.1,5211.203125,85,2416.510832309723,99.8,40.453125,3,4226.093413114548,13.5,4.8203125,385,1771016790.5557961,10.9,108.81640625,37,27619.34325313568,6.7,331.1953125,95,27620.73867082596
2026-02-14T00:06:34,gaming_1,25.7,45.3,266109.46520670137,65119.76535541111,35514.35442324265,8878.588605810663,61.0,7864.140625,136.935,59.0,1980.0,409.3,5211.203125,85,2418.3410019874573,97.9,40.44140625,3,4227.928931951523,13.6,25.41015625,13,27652.735459804535,8.5,4.8203125,385,1771016792.3998067,8.5,108.81640625,37,27621.172910690308
2026-02-14T00:06:36,gaming_1,26.2,45.3,317047.44358678756,83410.95016096852,70845.71607837315,74443.35009797804,66.0,7864.140625,137.137,59.0,1980.0,453.5,5211.203125,85,2420.193451166153,98.0,40.44921875,3,4229.762478590012,16.9,108.81640625,37,27623.026027917862,10.3,331.1953125,95,27624.40304517746,7.6,4.8203125,385,1771016794.2495344
2026-02-14T00:06:37,gaming_1,25.1,45.3,309257.78785068175,78915.08868797135,0.0,22995.34550330971,62.0,7864.140625,136.811,59.0,1980.0,469.9,5211.203125,85,2422.0005037784576,100.4,40.44921875,3,4231.583129167557,15.6,108.8203125,37,27624.829488515854,12.9,25.4453125,14,27656.39549779892,7.7,331.1953125,95,27626.240740060806
2026-02-14T00:06:39,gaming_1,27.9,45.3,264782.91521852545,81938.94472938,0.0,62597.42628677265,63.0,7864.140625,136.753,59.0,1980.0,456.3,5211.203125,85,2423.8553833961487,99.0,39.80078125,3,4233.4286687374115,12.7,108.82421875,37,27626.680079221725,7.6,4.8203125,385,1771016797.9025633,7.6,42.1953125,34,27660.412984132767
2026-02-14T00:06:41,gaming_1,24.8,45.3,266489.595432709,47730.48662931669,35653.15459718814,28689.647839924834,65.0,7864.140625,135.545,59.0,1980.0,440.4,5211.203125,85,2425.678709745407,100.2,40.44921875,3,4235.254712820053,13.6,25.4453125,13,27660.07730436325,12.8,108.83984375,37,27628.50983929634,7.7,331.46484375,95,27629.906479120255
2026-02-14T00:06:43,gaming_1,30.5,45.3,260239.55553679267,87574.11410222533,0.0,19866.666224696837,65.0,7864.140625,136.571,59.0,1980.0,481.5,5211.203125,85,2427.526333808899,99.7,40.328125,3,4237.071752548218,17.7,108.828125,37,27630.36332845688,13.7,4.8203125,385,1771016801.5712209,6.7,42.1953125,34,27664.096405267715
2026-02-14T00:06:45,gaming_1,24.4,45.2,275085.0984931489,47754.991232485314,0.0,61166.033428877694,61.0,7864.140625,135.93,59.0,1980.0,474.5,5211.203125,85,2429.3272426128387,99.9,40.328125,3,4238.921633243561,11.8,331.46484375,95,27633.576704502106,9.6,108.828125,37,27632.15980696678,9.5,4.8203125,385,1771016803.3775632
2026-02-14T00:06:47,gaming_1,32.0,45.3,280983.8165846704,64527.66336361548,35040.103293626526,72817.71465706761,63.0,7864.140625,134.41,59.0,1980.0,542.2,5211.203125,85,2431.2236666679382,99.1,40.33203125,3,4240.810844659805,12.5,4.8203125,385,1771016805.2511415,12.5,331.47265625,95,27635.453238010406,11.6,108.81640625,37,27634.04031443596
2026-02-14T00:06:48,gaming_1,26.6,45.3,297755.8165947627,126683.18954590967,0.0,17038.8796006413,61.0,7864.140625,135.382,59.0,1980.0,459.2,5211.22265625,85,2433.0606713294983,100.7,40.32421875,3,4242.64214515686,13.5,201.70703125,148,27669.593824625015,10.2,331.46484375,95,27637.293932914734,10.1,4.8203125,385,1771016807.1134453
2026-02-14T00:06:50,gaming_1,27.9,45.3,288464.7990701536,97790.68946624029,0.0,55498.023295542866,61.0,7864.140625,132.491,59.0,1980.0,420.6,5211.22265625,85,2434.919654607773,100.1,40.3359375,3,4244.516418457031,16.6,331.48046875,95,27639.179970026016,15.9,4.8203125,385,1771016808.9762838,12.5,25.4453125,14,27669.332490444183
2026-02-14T00:06:52,gaming_1,26.7,45.2,298790.53430695244,179470.23446699034,34946.68542302237,19930.531530317447,62.0,7864.140625,136.34,59.0,1980.0,458.9,5211.22265625,85,2436.802492618561,98.8,40.32421875,3,4246.383398771286,20.8,4.8203125,385,1771016810.8512795,15.0,201.73046875,148,27673.33766055107,14.4,331.48046875,95,27641.028290987015
2026-02-14T00:06:54,gaming_1,29.5,45.2,240812.9846697265,41058.77534656331,71255.67092424788,12525.41090465295,59.0,7864.140625,120.0,58.0,1980.0,450.3,5211.23046875,85,2438.6091225147247,99.3,40.328125,3,4248.130211114883,14.4,4.8203125,385,1771016812.6886008,10.7,25.41015625,13,27672.960654497147,10.7,331.47265625,95,27642.77648949623
2026-02-14T00:06:56,gaming_1,25.3,45.2,217385.95715159096,270051.12313781725,37696.6144024435,187599.55761216022,59.0,7864.140625,122.967,57.0,1980.0,450.0,5211.23046875,85,2440.3570902347565,99.3,40.328125,3,4249.909150123596,7.2,4.8203125,385,1771016814.428789,7.2,201.69921875,147,27676.910346508026,7.2,108.82421875,37,27643.195029258728
2026-02-14T00:06:57,gaming_1,25.6,45.2,291318.0810307872,324475.7432100909,0.0,35175.1979469649,60.0,7864.140625,129.1,58.0,1980.0,436.1,5211.61328125,85,2442.126268386841,100.1,40.33203125,3,4251.689683198929,17.0,201.69140625,147,27678.65659379959,7.2,4.8203125,385,1771016816.174482,5.2,20.3046875,4,11074.372130155563
2026-02-14T00:06:59,gaming_1,29.4,45.2,272604.64504441305,331819.65990979417,71898.38284794101,16570.330421986404,57.0,7864.140625,129.445,58.0,1980.0,478.6,5211.61328125,85,2443.928297519684,97.9,40.33203125,3,4253.476813793182,18.9,4.8203125,385,1771016817.9969187,17.2,201.67578125,147,27680.479258537292,11.4,331.48046875,95,27648.11242723465
2026-02-14T00:07:01,gaming_1,27.8,45.3,219026.9746384613,347730.8930478374,36922.248570239244,53652.6424536289,59.0,7864.140625,129.158,58.0,1980.0,487.3,5211.61328125,85,2445.7123432159424,99.3,39.8046875,3,4255.270715713501,8.8,4.8203125,385,1771016819.7735586,7.1,108.8515625,37,27648.540905475616,6.9,331.46484375,95,27649.913286447525
2026-02-14T00:07:03,gaming_1,27.9,45.3,217790.9301147363,344777.02339052566,0.0,17095.08440339293,58.0,7864.140625,130.334,59.0,1980.0,520.8,5211.61328125,85,2447.51526594162,98.8,40.44140625,3,4257.089753866196,12.1,108.8515625,37,27650.342052459717,11.2,25.41015625,13,27681.915533304214,6.9,201.6953125,147,27684.0562415123
2026-02-14T00:07:05,gaming_1,32.0,45.3,225652.44707669638,342622.4259238462,72210.36971817435,19462.951213101678,57.0,7864.140625,129.655,58.0,1980.0,460.4,5211.61328125,85,2449.3271341323853,99.3,40.453125,3,4258.867477416992,14.6,4.8203125,385,1771016823.385061,12.9,108.86328125,37,27652.153793811798,11.2,201.6796875,147,27685.867525339127
2026-02-14T00:07:06,gaming_1,23.1,45.3,213446.05802070838,347993.79611917934,0.0,5791.158964681212,60.0,7864.140625,128.563,58.0,1980.0,414.0,5211.61328125,85,2451.0867738723755,99.7,40.44921875,3,4260.640608549118,8.8,108.8671875,37,27653.92675638199,8.8,25.44921875,14,27685.468037605286,7.1,331.47265625,95,27655.275333881378
2026-02-14T00:07:08,gaming_1,27.0,45.2,224745.70001055475,345015.76759843103,0.0,18409.05070403368,61.0,7864.140625,130.007,58.0,1980.0,449.0,5211.61328125,85,2452.8820929527283,98.3,40.453125,3,4262.451198577881,14.9,4.8203125,385,1771016826.934335,8.8,201.6875,147,27689.41648030281,7.0,42.1953125,34,27689.44726538658
2026-02-14T00:07:10,gaming_1,23.7,45.3,267469.54931197537,345658.0143986462,0.0,91925.65337888125,61.0,7864.140625,130.375,58.0,1980.0,407.6,5211.61328125,85,2454.6810114383698,99.0,40.453125,3,4264.250075817108,8.7,108.86328125,37,27657.51219177246,7.8,331.19921875,95,27658.89866423607,6.9,4.8203125,385,1771016828.7473648
2026-02-14T00:07:12,gaming_1,27.2,45.3,244338.47482168156,343830.06961904117,0.0,119272.22252718291,61.0,7864.140625,129.699,58.0,1980.0,430.6,5211.61328125,85,2456.5199196338654,100.9,40.453125,3,4266.078444242477,13.5,25.44921875,14,27690.90591096878,10.4,4.8203125,385,1771016830.5632415,10.2,108.85546875,37,27659.348833322525
2026-02-14T00:07:14,gaming_1,26.6,45.2,248087.93072433994,344512.8126897058,13550.263883013587,11291.886569177988,57.0,7864.140625,126.02,57.0,1980.0,461.0,5211.625,85,2458.316695690155,99.4,40.44921875,3,4267.9039759635925,10.3,4.8203125,385,1771016832.3758023,8.4,331.19921875,95,27662.57254433632,7.0,108.859375,37,27661.14373755455
2026-02-14T00:07:16,gaming_1,27.3,45.2,284351.34499111696,288722.53197448776,70637.43315058379,21246.41543982403,58.0,7864.140625,126.021,57.0,1980.0,435.8,5211.625,85,2460.16685461998,99.0,40.44921875,3,4269.7336547374725,18.5,4.8203125,385,1771016834.2295682,16.9,201.69921875,147,27696.71085715294,6.8,25.44921875,14,27694.557849407196
2026-02-14T00:07:17,gaming_1,26.4,45.2,278859.690028009,57724.942235269285,109320.19575972705,7117.200244773897,57.0,7864.140625,125.673,56.0,1980.0,456.1,5211.625,85,2461.958779335022,99.6,40.44921875,3,4271.521890163422,13.1,25.4453125,14,27696.345000982285,12.1,201.6953125,147,27698.511208057404,9.6,4.8203125,385,1771016836.028094
2026-02-14T00:07:19,gaming_1,24.9,45.2,261254.28533206345,90384.61943411444,0.0,15664.750838038035,53.0,7864.140625,121.036,57.0,1980.0,406.1,5211.625,85,2463.6956560611725,100.2,40.44140625,3,4273.236975669861,9.9,4.8203125,385,1771016837.7608473,9.9,42.359375,34,27700.262682914734,8.2,108.80078125,37,27666.52179288864
2026-02-14T00:07:21,gaming_1,29.3,45.2,264461.27338073775,285836.1835772137,0.0,73665.16408969802,53.0,7864.140625,123.071,57.0,1980.0,470.5,5211.625,85,2465.447604417801,98.5,40.453125,3,4274.981771230698,13.3,108.80078125,37,27668.28425884247,10.7,4.8203125,385,1771016839.511413,10.7,201.671875,147,27701.995625972748
2026-02-14T00:07:23,gaming_1,24.7,45.2,310228.9399678465,291997.9478241349,0.0,13423.463499818523,57.0,7864.140625,126.768,58.0,1980.0,465.0,5211.625,85,2467.191571712494,98.7,40.453125,3,4276.755603551865,5.4,201.69921875,147,27703.744931936264,5.4,108.80078125,37,27670.029493808746,5.3,4.8203125,385,1771016841.2655308
2026-02-14T00:07:24,gaming_1,27.7,45.2,274861.00223640195,64693.95288494258,0.0,34227.128780253784,56.0,7864.140625,119.299,57.0,1980.0,441.3,5211.6171875,85,2469.012799024582,98.5,40.453125,3,4278.533056259155,12.9,25.44921875,14,27703.393683195114,11.2,108.81640625,37,27671.845113515854,7.8,201.6875,147,27705.542759895325
2026-02-14T00:07:26,gaming_1,23.2,45.2,273606.02271528513,176444.82848423184,0.0,29891.91512343698,47.0,7864.140625,122.073,57.0,1980.0,392.8,5211.6171875,85,2470.778208732605,99.5,40.44921875,3,4280.3550136089325,10.6,201.6875,147,27707.311589241028,8.9,108.8359375,37,27673.60558271408,8.0,4.8203125,385,1771016844.8261027
2026-02-14T00:07:28,gaming_1,27.9,45.2,277394.23484229634,281158.17176691553,36280.83104748366,64908.67429588874,52.0,7864.140625,123.605,57.0,1980.0,446.8,5211.6171875,85,2472.5623569488525,99.7,40.453125,3,4282.110001087189,17.3,4.8203125,385,1771016846.6305323,11.3,108.8359375,37,27675.40185236931,10.6,25.41015625,13,27706.93608236313
2026-02-14T00:07:30,gaming_1,25.9,45.2,296963.7387771874,121365.68809966472,0.0,12806.031866106083,53.0,7864.140625,124.637,57.0,1980.0,459.1,5211.6171875,85,2474.308890581131,99.2,39.8046875,3,4283.842293977737,14.2,201.6953125,147,27710.868560552597,10.7,108.83984375,37,27677.150958299637,6.2,4.8203125,385,1771016848.3906808
2026-02-14T00:07:31,gaming_1,26.1,45.2,282800.690045302,81061.48330144149,0.0,70848.8260489175,56.0,7864.140625,111.727,57.0,1980.0,463.2,5211.6171875,85,2476.044618844986,99.9,40.453125,3,4285.548898696899,18.3,25.41015625,13,27710.381202459335,9.9,108.84375,37,27678.889625787735,9.1,331.48046875,95,27680.191618442535
2026-02-14T00:07:33,gaming_1,27.3,45.2,297420.49916236685,209646.31028168136,38212.07431003868,20001.632646660873,59.0,7864.140625,126.004,58.0,1980.0,353.1,5211.6171875,85,2477.7675330638885,100.6,39.796875,3,4287.317853689194,22.8,4.8203125,385,1771016851.8329203,13.6,201.6796875,147,27714.318056821823,6.4,42.1171875,34,27714.333634614944
2026-02-14T00:07:35,gaming_1,25.5,45.2,292732.1223771475,278195.9932028644,0.0,20263.733088297642,63.0,7864.140625,135.412,58.0,1980.0,474.3,5211.62109375,85,2479.5696170330048,97.7,40.4375,2,4289.141781568527,12.2,201.6953125,147,27716.11070418358,11.3,108.86328125,37,27682.39955997467,7.0,4.8203125,385,1771016853.6278446
2026-02-14T00:07:37,gaming_1,26.4,45.2,267391.03740231454,60038.60481950822,0.0,9285.323133670889,58.0,7864.140625,126.99,57.0,1980.0,446.2,5211.62109375,85,2481.3948686122894,100.6,40.44921875,3,4290.942894220352,11.2,25.41015625,13,27715.779470682144,9.4,4.8203125,385,1771016855.4526813,9.4,201.69140625,147,27717.936552286148
2026-02-14T00:07:38,gaming_1,24.7,45.2,312723.73319135315,111105.41759929908,0.0,29235.679054843222,52.0,7864.140625,126.584,57.0,1980.0,428.1,5211.6171875,85,2483.1696536540985,99.3,40.453125,3,4292.705816268921,10.6,4.8203125,385,1771016857.2149725,9.8,108.890625,37,27685.983016967773,7.0,331.47265625,95,27687.338213682175
2026-02-14T00:07:40,gaming_1,26.2,45.2,304315.54935736075,317198.88303798396,69556.41663774084,67527.68781914006,54.0,7864.140625,126.514,57.0,1980.0,442.9,5211.6171875,85,2484.9176354408264,98.5,40.44921875,3,4294.453022956848,15.0,4.8203125,385,1771016858.9832838,12.6,25.4453125,14,27719.278304576874,12.3,108.89453125,37,27687.757363557816
2026-02-14T00:07:42,gaming_1,26.7,45.2,317044.5529617561,292377.1533683805,0.0,10822.372400864026,64.0,7864.140625,139.564,58.0,1980.0,459.8,5211.6171875,85,2486.675447702408,98.2,40.453125,3,4296.2499232292175,12.5,4.8203125,385,1771016860.7343006,6.3,108.89453125,37,27689.505233049393,6.2,201.6875,147,27723.217135429382
2026-02-14T00:07:44,gaming_1,27.6,45.2,306604.14213352883,68106.8612200676,0.0,11145.699131303563,54.0,7864.140625,126.244,57.0,1980.0,486.7,5211.6171875,85,2488.523866176605,99.5,40.453125,3,4298.039775133133,17.0,25.44921875,14,27722.901386260986,12.7,108.890625,37,27691.35742664337,9.4,201.69140625,147,27725.052351236343
2026-02-14T00:07:46,gaming_1,28.6,45.2,279906.5738727356,198810.543400061,477409.79463756917,43035.738699300106,57.0,7864.140625,121.869,57.0,1980.0,457.9,5211.6171875,85,2490.2880623340607,99.9,39.68359375,3,4299.838627576828,13.1,4.8203125,385,1771016864.3547351,10.6,108.8984375,37,27693.11955022812,7.9,201.6796875,147,27726.8328268528
2026-02-14T00:07:47,gaming_1,26.6,45.2,288843.4420614126,324375.56812545104,120190.69124918143,607756.7029203891,59.0,7864.140625,129.857,57.0,1980.0,470.2,5211.6171875,85,2492.1027562618256,99.1,40.33203125,3,4301.652747869492,13.2,100.8671875,44,27702.501308918,11.2,108.8984375,37,27694.937913417816,10.4,201.671875,147,27728.63920354843
2026-02-14T00:07:49,gaming_1,26.5,45.2,340061.3513418615,150861.09563283194,147241.06740623442,8627.406293334048,56.0,7864.140625,117.845,58.0,1995.0,403.8,5213.34765625,85,2493.8630397319794,99.9,40.33203125,3,4303.328038930893,14.0,4.8203125,385,1771016867.940687,12.4,108.8671875,37,27696.705973148346,4.4,201.7109375,147,27730.41983819008
2026-02-14T00:07:51,gaming_1,22.8,45.2,315670.0035033738,134192.39420030933,3003839.3006410617,117036.60736672406,60.0,7864.140625,126.984,58.0,1995.0,416.0,5215.37890625,85,2495.5804085731506,98.7,40.33203125,3,4305.132056236267,12.8,108.8671875,37,27698.412927627563,8.6,25.4453125,14,27729.960506677628,6.4,4.8203125,385,1771016869.6427588
2026-02-14T00:07:53,gaming_1,28.8,45.2,324838.5254381215,39809.725330115434,36454.423195205185,173158.51017722464,71.0,7864.140625,141.087,58.0,1980.0,486.4,5215.37890625,85,2497.4019181728363,98.5,40.33203125,3,4306.955969333649,22.6,4.8203125,385,1771016871.4489503,9.4,108.87109375,37,27700.233971357346,6.9,331.46484375,95,27701.598656892776
2026-02-14T00:07:54,gaming_1,25.9,45.3,310140.196499664,81546.88559001588,72305.18104552383,10732.800311444944,69.0,7864.140625,141.147,58.0,1980.0,448.8,5215.37890625,85,2499.184966802597,99.8,40.328125,3,4308.725608348846,11.4,25.41015625,13,27733.56222295761,10.3,4.8203125,385,1771016873.2540562,7.0,108.87890625,37,27702.021485567093
2026-02-14T00:07:56,gaming_1,25.9,45.3,332761.2535475044,83224.66620331399,148849.33408747727,68028.79721966735,69.0,7864.140625,135.739,58.0,1980.0,436.6,5215.37890625,85,2500.9571166038513,98.7,40.33203125,3,4310.514116287231,14.1,108.8671875,37,27703.79501080513,11.5,4.8203125,385,1771016875.0150282,7.9,331.203125,95,27705.15505862236
2026-02-14T00:07:58,gaming_1,27.0,45.3,305743.53775589325,136696.34963315315,0.0,18756.747837965133,67.0,7864.140625,137.764,58.0,1980.0,470.0,5215.51953125,85,2502.74506855011,100.1,40.33203125,3,4312.2782464027405,10.5,108.8671875,37,27705.5858771801,8.7,4.8203125,385,1771016876.8171883,6.2,25.41015625,13,27737.107538700104
2026-02-14T00:08:00,gaming_1,22.4,45.3,279828.8222046345,87423.20856424031,46765.15420709254,175077.0460628027,64.0,7864.140625,137.594,59.0,1980.0,376.6,5215.62109375,85,2504.5040624141693,98.6,40.328125,3,4314.036728620529,12.5,4.8203125,385,1771016878.570889,8.0,108.8671875,37,27707.338757514954,7.9,25.41015625,13,27738.87728381157
2026-02-14T00:08:02,gaming_1,24.8,45.3,318818.1603537194,44124.95604567665,37231.0530237729,123327.86314124774,68.0,7864.140625,142.296,59.0,1980.0,431.3,5215.62109375,85,2506.253923892975,98.7,40.328125,3,4315.794360399246,17.8,108.8671875,37,27709.092372894287,7.1,4.8203125,385,1771016880.3281326,6.2,42.1796875,33,27742.823144435883
2026-02-14T00:08:03,gaming_1,29.2,45.2,240543.36839542253,60169.392044907654,218960.5906521777,20812.660309386683,67.0,7864.140625,142.374,59.0,1980.0,469.7,5215.62109375,85,2508.053694963455,99.5,40.31640625,3,4317.59890794754,15.7,4.8203125,385,1771016882.1240566,9.6,201.69921875,147,27744.604618549347,7.8,108.8671875,37,27710.894111156464
2026-02-14T00:08:05,gaming_1,25.3,45.2,243567.31868239766,66915.95217106918,110916.1778917292,93874.36930940622,70.0,7864.140625,145.094,59.0,1980.0,468.5,5215.62109375,85,2509.831354379654,99.4,40.32421875,3,4319.375468254089,10.6,108.8671875,37,27712.663202762604,8.8,4.8203125,385,1771016883.8948426,5.2,331.203125,95,27714.037178754807
2026-02-14T00:08:07,gaming_1,26.2,45.2,248356.4473745415,96936.5800262363,0.0,33125.57097438005,57.0,7864.140625,133.564,58.0,1980.0,493.4,5215.62109375,85,2511.626872062683,100.2,40.44921875,3,4321.184224128723,10.4,201.68359375,147,27748.17520594597,9.5,25.4453125,14,27746.01612663269,8.8,331.203125,95,27715.820038318634
2026-02-14T00:08:09,gaming_1,30.6,45.2,316525.5421763406,42461.9009246509,0.0,30014.486801778086,60.0,7864.140625,129.482,58.0,1980.0,503.2,5215.6875,85,2513.4130051136017,100.0,40.44921875,3,4322.934515237808,16.6,4.8203125,385,1771016887.4810696,12.3,108.875,37,27716.24323773384,9.7,42.17578125,33,27749.974566221237
2026-02-14T00:08:10,gaming_1,26.2,45.2,313165.9902272884,40146.303878949,75305.63200557564,100015.29250740515,58.0,7864.140625,128.373,58.0,1980.0,475.8,5215.6875,85,2515.157223701477,98.3,40.44921875,3,4324.714540243149,10.7,108.875,37,27717.997955799103,9.0,4.8203125,385,1771016889.2211363,7.0,160.3515625,32,27742.54759144783
2026-02-14T00:08:12,gaming_1,30.9,45.2,256586.29839110203,123338.96016417338,36482.69367496656,20521.515192168692,57.0,7864.140625,129.986,58.0,1980.0,505.6,5215.6875,85,2516.955897331238,98.0,40.44921875,3,4326.517110347748,15.7,108.875,37,27719.79150557518,13.0,4.8203125,385,1771016891.017529,10.3,25.44921875,14,27751.340056180954
2026-02-14T00:08:14,gaming_1,26.3,45.3,299580.26186368795,40980.88067679366,2279.776816908376,47305.3689508488,63.0,7864.140625,132.326,58.0,1980.0,440.9,5215.6875,85,2518.763295650482,99.0,40.44921875,3,4328.31609749794,19.1,108.890625,37,27721.595307826996,13.1,201.6953125,147,27755.29223203659,11.3,4.8203125,385,1771016892.812789
2026-02-14T00:08:16,gaming_1,27.2,45.3,245764.6235925108,49488.33549511725,72666.05175618673,13341.032939612407,58.0,7864.140625,132.383,58.0,1980.0,468.9,5215.6875,85,2520.5533578395844,99.7,40.44921875,3,4330.118739366531,14.8,108.8984375,37,27723.389041900635,8.7,201.69921875,147,27757.097815275192,7.8,25.41015625,13,27754.940136432648
2026-02-14T00:08:18,gaming_1,27.5,45.2,295224.7873322342,49356.610893097895,36514.88814560263,69321.2329639175,62.0,7864.140625,131.466,58.0,1980.0,484.1,5215.6875,85,2522.353381872177,98.7,40.31640625,3,4331.90856218338,16.4,108.90625,37,27725.195246458054,6.1,331.484375,95,27726.552520036697,5.2,4.8203125,385,1771016896.4137623
2026-02-14T00:08:19,gaming_1,28.1,45.2,268622.8926091084,40191.91409281758,0.0,19986.100411890307,63.0,7864.140625,131.567,58.0,1980.0,484.0,5215.6875,85,2524.158933401108,98.2,40.328125,3,4333.7064735889435,18.3,151.7734375,32,27751.539575576782,15.7,25.41015625,13,27758.52668571472,13.1,4.8203125,385,1771016898.2080612
2026-02-14T00:08:21,gaming_1,27.9,45.2,297670.21393662546,79892.78639411039,36746.958599733436,67465.1193041981,65.0,7864.140625,134.019,58.0,1980.0,448.3,5215.6875,85,2525.9309661388397,99.1,40.32421875,3,4335.503873825073,12.2,108.90625,37,27728.766337633133,11.4,4.8203125,385,1771016899.988817,3.5,331.46875,95,27730.14316034317
2026-02-14T00:08:23,gaming_1,25.7,45.2,289980.8001913771,37773.600009819565,0.0,8692.928407775322,64.0,7864.140625,134.474,58.0,1980.0,462.8,5215.6875,85,2527.750368118286,98.7,40.328125,3,4337.307474374771,9.5,108.90625,37,27730.58188724518,8.6,331.484375,95,27731.951113700867,8.5,201.6953125,147,27764.29921388626
2026-02-14T00:08:25,gaming_1,29.6,45.2,255476.73359600073,34771.34038547291,0.0,38441.331031720736,65.0,7864.140625,133.741,58.0,1980.0,477.4,5215.6875,85,2529.5362305641174,98.8,40.32421875,3,4339.094651937485,15.7,108.90234375,37,27732.374910593033,14.9,4.8203125,385,1771016903.5975482,11.3,331.46875,95,27733.7415163517
2026-02-14T00:08:27,gaming_1,26.5,45.2,296448.1534438236,177861.33777529924,0.0,15357.42922265641,62.0,7864.140625,132.616,58.0,1980.0,464.1,5215.6875,85,2531.342745065689,100.5,40.328125,3,4340.89822602272,13.8,25.44921875,14,27765.723259925842,10.4,4.8203125,385,1771016905.4016504,8.7,109.01171875,37,27734.171825170517
2026-02-14T00:08:29,gaming_1,26.3,45.2,293288.882645852,138412.23750288537,0.0,79053.77306079843,59.0,7864.140625,131.432,58.0,1980.0,411.4,5215.6875,85,2533.2902002334595,98.8,40.3359375,3,4342.876087427139,13.7,4.8203125,385,1771016907.2635958,13.3,331.46875,95,27737.528992652893,10.4,109.0,37,27736.123512983322
2026-02-14T00:08:31,gaming_1,27.3,45.3,265300.59701948584,136062.6108233976,0.0,131233.0006701664,64.0,7864.140625,130.025,58.0,1980.0,470.5,5215.6953125,85,2535.170532464981,98.9,40.3359375,3,4344.771271944046,12.4,331.4765625,95,27739.420907974243,11.8,4.8203125,385,1771016909.2069948,6.6,25.4453125,14,27769.578634262085
2026-02-14T00:08:32,gaming_1,27.8,45.3,228157.82020497374,191301.67925914348,0.0,27681.064008327445,64.0,7864.140625,131.856,58.0,1980.0,437.6,5215.6953125,85,2537.05553483963,99.8,40.3359375,3,4346.618307590485,15.3,331.484375,95,27741.262622356415,12.4,4.8203125,385,1771016911.09093,9.1,109.015625,37,27739.879078149796
2026-02-14T00:08:34,gaming_1,26.6,45.3,327252.3548741892,68735.65492484257,17804.979767409022,340520.23805169755,60.0,7864.140625,130.836,58.0,1980.0,457.7,5215.6953125,85,2538.8818237781525,97.8,39.7734375,3,4348.47362947464,16.9,331.48046875,95,27743.117111682892,9.4,25.41015625,14,27773.276562929153,7.7,109.02734375,37,27741.712896585464
2026-02-14T00:08:36,gaming_1,29.2,45.3,306656.1742648457,67316.00927280363,0.0,37517.29466324112,59.0,7864.140625,130.162,58.0,1980.0,480.3,5215.6953125,85,2540.736405849457,100.1,40.4296875,3,4350.300064563751,16.3,331.48046875,95,27744.942481040955,13.5,109.03515625,37,27743.571448087692,7.5,4.8203125,385,1771016914.7982051
2026-02-14T00:08:38,gaming_1,27.8,45.3,241372.87987973512,45533.622782150414,18300.573424819144,55759.559653745826,59.0,7864.140625,129.495,58.0,1980.0,520.7,5215.6953125,85,2542.5219786167145,100.0,40.4296875,3,4352.0815715789795,8.8,25.41015625,13,27776.900572776794,7.9,331.48046875,95,27746.714124679565,6.1,4.8203125,385,1771016916.588569
2026-02-14T00:08:40,gaming_1,29.0,45.3,225568.9459094717,56521.90616864498,0.0,32294.370365218383,61.0,7864.140625,130.048,58.0,1980.0,501.5,5215.6953125,85,2544.3012080192566,99.2,40.4296875,3,4353.846841573715,12.3,4.8203125,385,1771016918.3645976,10.5,331.48046875,95,27748.496523857117,8.8,42.1796875,33,27780.86945414543
2026-02-14T00:08:41,gaming_1,25.4,45.3,301886.660332666,98725.44399710334,0.0,172505.06131703622,61.0,7864.140625,131.374,58.0,1980.0,443.8,5215.6953125,85,2546.1012048721313,99.2,40.4296875,3,4355.689331769943,7.0,4.8203125,385,1771016920.1522229,5.9,331.48046875,95,27750.339045524597,5.2,109.03125,37,27748.93364572525
2026-02-14T00:08:43,gaming_1,31.3,45.2,295302.8830964699,107436.90494009314,0.0,6640.233622564907,62.0,7864.140625,132.858,58.0,1980.0,518.5,5215.6953125,85,2547.945152282715,100.0,40.4296875,3,4357.50288772583,12.7,4.8203125,385,1771016922.0005949,12.7,201.67578125,147,27784.483006238937,11.0,109.03515625,37,27750.774416446686
2026-02-14T00:08:45,gaming_1,26.3,45.2,259700.86437962818,149654.32141578948,0.0,35203.9805144689,62.0,7864.140625,131.597,58.0,1980.0,430.8,5215.6953125,85,2549.767061471939,98.3,40.4296875,3,4359.346303462982,12.8,109.01953125,37,27752.602552175522,7.7,4.8203125,385,1771016923.818649,3.4,201.68359375,147,27786.30144047737
2026-02-14T00:08:47,gaming_1,27.6,45.3,259048.47523465852,138770.92529788526,0.0,15178.474210694054,63.0,7864.140625,131.177,58.0,1980.0,434.0,5215.6953125,85,2551.6051411628723,98.5,40.4296875,3,4361.171637058258,12.0,25.41015625,13,27785.989396333694,11.8,201.69921875,147,27788.15233564377,8.4,4.8203125,385,1771016925.6731577
2026-02-14T00:08:49,gaming_1,25.6,45.2,301965.8177581059,130320.97652972996,0.0,5443.446930107357,68.0,7864.140625,130.669,58.0,1980.0,441.4,5215.6953125,85,2553.3966336250305,99.1,40.4296875,3,4362.9856379032135,9.6,4.8203125,385,1771016927.4629316,8.7,109.01953125,37,27756.237615823746,3.4,331.19921875,95,27757.64071893692
2026-02-14T00:08:51,gaming_1,27.1,45.3,226749.60724662626,205803.97095571636,274255.541497765,1157292.0329734317,73.0,7864.140625,137.276,59.0,1980.0,488.5,5215.6953125,85,2555.293984413147,100.1,40.421875,3,4364.921065092087,11.0,4.8203125,385,1771016929.3179543,10.0,109.01953125,37,27758.10441851616,8.9,25.41015625,13,27789.715995311737
2026-02-14T00:08:53,gaming_1,27.6,45.2,266185.2552125866,205014.04037300663,103444.34779061392,44718.12951365081,72.0,7864.140625,139.987,59.0,1980.0,430.7,5216.078125,85,2557.1146562099457,99.7,40.3359375,3,4366.67769408226,15.6,4.8203125,385,1771016931.2085032,8.5,109.0234375,37,27759.943773508072,6.2,331.19921875,95,27761.32190847397
2026-02-14T00:08:54,gaming_1,28.6,45.3,280090.41695047426,149181.15836849678,36073.72268140773,136121.9379306245,69.0,7864.140625,143.098,59.0,1980.0,527.6,5216.08203125,85,2558.9630353450775,99.6,40.33203125,3,4368.513269662857,10.2,201.671875,147,27795.51086449623,7.7,4.8203125,385,1771016933.0300672,6.7,108.88671875,37,27761.798388004303
2026-02-14T00:08:56,gaming_1,23.6,45.3,268892.74388094473,343218.10397063836,0.0,41885.52075376016,67.0,7864.140625,142.64,59.0,1980.0,399.4,5216.08203125,85,2560.751445531845,98.9,40.33203125,3,4370.31441950798,11.5,4.8203125,385,1771016934.8043041,7.0,108.88671875,37,27763.579038619995,6.1,331.19921875,95,27764.947692632675
2026-02-14T00:08:58,gaming_1,24.4,45.3,254484.26691188366,297202.88906485477,0.0,19427.498156615326,62.0,7864.140625,137.886,59.0,1980.0,417.3,5212.08203125,85,2562.532295227051,99.2,40.453125,3,4372.095097541809,12.2,108.89453125,37,27765.371233701706,8.8,25.4453125,14,27796.91201043129,7.0,201.69140625,147,27799.08406996727
2026-02-14T00:09:00,gaming_1,26.4,45.3,283290.49545294227,231955.69651987142,0.0,28158.06131783154,68.0,7864.140625,139.509,59.0,1980.0,418.6,5212.078125,85,2564.3586101531982,100.3,39.8046875,3,4373.918747186661,16.5,4.8203125,385,1771016938.3959348,13.9,201.69140625,147,27800.880173444748,10.4,108.9140625,37,27767.173180818558
2026-02-14T00:09:02,gaming_1,24.5,45.3,233847.66526422792,308071.17612639756,0.0,65771.68845570674,57.0,7864.140625,132.37,58.0,1980.0,401.0,5212.328125,85,2566.186586380005,98.4,40.453125,3,4375.745678186417,10.2,4.8203125,385,1771016940.2388732,10.2,108.921875,37,27769.018927812576,6.9,25.41015625,13,27800.566247940063
2026-02-14T00:09:03,gaming_1,28.6,45.3,285918.7034488469,330457.79146542144,0.0,14439.908447732138,57.0,7864.140625,129.847,58.0,1980.0,479.5,5212.328125,85,2567.976133584976,100.8,40.453125,3,4377.528257369995,11.3,108.92578125,37,27770.812062740326,10.4,201.69921875,147,27804.525327920914,9.5,4.8203125,385,1771016942.0464685
2026-02-14T00:09:05,gaming_1,25.9,45.3,238005.314152521,286257.53955386067,0.0,46608.58498047863,57.0,7864.140625,131.22,58.0,1980.0,449.7,5212.44921875,85,2569.757421731949,99.8,40.4453125,3,4379.328788995743,7.9,4.8203125,385,1771016943.8270185,7.9,108.9296875,37,27772.601009845734,7.0,201.6875,147,27806.306969165802
2026-02-14T00:09:07,gaming_1,25.2,45.2,285741.7527936398,303140.0734339825,0.0,101782.41217596024,63.0,7864.140625,129.834,58.0,1980.0,425.0,5212.45703125,85,2571.5847012996674,99.6,40.453125,3,4381.148022890091,12.1,4.8203125,385,1771016945.6473832,9.4,25.4453125,14,27805.981279611588,8.5,108.9375,37,27774.42876648903
2026-02-14T00:09:09,gaming_1,25.6,45.2,272516.3974549423,240990.04800038165,0.0,23310.466661547496,65.0,7864.140625,131.759,59.0,1980.0,457.0,5210.45703125,85,2573.3358855247498,99.1,40.328125,3,4382.882364749908,10.5,4.8203125,385,1771016947.4169924,7.1,108.9375,37,27776.180126667023,6.2,331.4765625,95,27777.530616283417
2026-02-14T00:09:10,gaming_1,26.0,45.2,287463.6730468456,292081.9642661217,0.0,23677.41342655838,66.0,7864.140625,139.245,59.0,1980.0,443.5,5210.45703125,85,2575.1254115104675,99.8,40.33203125,3,4384.682468414307,13.2,4.8203125,385,1771016949.1907763,13.0,25.4453125,14,27809.50739121437,11.4,108.953125,37,27777.965600013733
2026-02-14T00:09:12,gaming_1,27.6,45.3,278642.23024686874,322825.6305799556,0.0,64814.291740558176,69.0,7864.140625,138.848,59.0,1980.0,474.1,5210.45703125,85,2576.919687986374,99.9,40.33203125,3,4386.497012615204,13.1,4.8203125,385,1771016950.985838,12.2,201.6875,147,27813.47086071968,9.6,108.96484375,37,27779.75896525383
2026-02-14T00:09:14,gaming_1,27.8,45.3,235271.26063850606,202202.8448230782,0.0,18212.03545272787,63.0,7864.140625,130.449,58.0,1980.0,463.3,5210.45703125,85,2578.7470586299896,99.6,40.33203125,3,4388.3173496723175,14.6,108.96484375,37,27781.578359603882,11.2,201.671875,147,27815.289653778076,7.7,4.8203125,385,1771016952.8114524
2026-02-14T00:09:16,gaming_1,24.9,45.2,313119.1737652703,296890.7479476616,0.0,14515.694000253412,65.0,7864.140625,132.83,59.0,1980.0,421.0,5210.45703125,85,2580.5210041999817,100.1,40.33203125,3,4390.035372972488,18.2,4.8203125,385,1771016954.6091485,13.1,108.96484375,37,27783.371350049973,12.1,201.703125,147,27817.091369867325
2026-02-14T00:09:18,gaming_1,22.7,45.2,311154.94049401203,266856.58972858574,0.0,11987.714372039245,64.0,7864.140625,135.193,59.0,1980.0,390.2,5210.45703125,85,2582.23983836174,100.1,40.33203125,3,4391.784000635147,11.9,108.96875,37,27785.079442501068,10.8,25.453125,14,27816.611183404922,9.1,4.8203125,385,1771016956.3180377
2026-02-14T00:09:19,gaming_1,25.5,45.2,324096.4402018382,288170.7595368351,0.0,39068.32988617087,73.0,7864.140625,140.468,59.0,1980.0,450.9,5210.45703125,85,2584.0244669914246,99.8,40.33203125,3,4393.614558935165,10.6,201.671875,147,27820.566630363464,7.9,4.8203125,385,1771016958.0869951,7.0,108.9765625,37,27786.86012840271
2026-02-14T00:09:21,gaming_1,27.1,45.2,312504.2277963869,183899.9395529492,0.0,53595.578853645835,69.0,7864.140625,142.973,59.0,1980.0,494.5,5210.45703125,85,2585.86385345459,99.3,40.32421875,3,4395.4238538742065,9.5,25.41015625,13,27820.24136185646,8.5,108.9765625,37,27788.691640138626,6.0,201.67578125,147,27822.398468494415
2026-02-14T00:09:23,gaming_1,28.2,45.2,327097.20549312973,144688.20973221835,0.0,57830.97230052966,32.0,7864.140625,139.054,59.0,1980.0,458.0,5210.45703125,85,2587.693187236786,99.9,40.33203125,3,4397.268890619278,11.9,108.98046875,37,27790.525561332703,9.3,201.69921875,147,27824.235285282135,8.5,4.8203125,385,1771016961.7539513
2026-02-14T00:09:25,gaming_1,22.0,45.2,282585.70570287073,166904.5413797665,0.0,17646.633636674942,62.0,7864.140625,132.398,58.0,1980.0,360.6,5210.45703125,85,2589.473586320877,99.3,40.33203125,3,4399.000032901764,12.5,25.44921875,14,27823.835278511047,8.0,201.6796875,147,27826.00173163414,7.1,4.8203125,385,1771016963.5219781
2026-02-14T00:09:27,gaming_1,24.4,45.3,287485.0867604498,274924.7241848968,0.0,58316.98606831218,73.0,7864.140625,136.814,58.0,1980.0,383.8,5212.078125,85,2591.1837825775146,100.0,40.33203125,3,4400.782076120377,11.7,108.95703125,37,27794.03869009018,9.8,4.8203125,385,1771016965.2775915,7.0,331.50390625,95,27795.423615455627
2026-02-14T00:09:28,gaming_1,19.7,45.3,273393.4608174743,157279.82696856195,419933.2024551616,10441.887426640444,70.0,7864.140625,137.627,59.0,1980.0,316.6,5212.5390625,85,2593.0451374053955,99.6,40.33203125,3,4402.617669343948,11.1,108.95703125,37,27795.87356853485,6.9,4.8203125,385,1771016967.0925126,4.3,37.06640625,58,27797.617166757584
2026-02-14T00:09:30,gaming_1,24.7,45.3,303499.7039416221,167055.1852387183,0.0,82052.87570858112,77.0,7864.140625,142.167,60.0,1980.0,448.0,5212.5390625,85,2594.876200199127,98.2,40.33203125,3,4404.494832515717,10.9,25.44921875,14,27829.305419445038,7.7,4.8203125,385,1771016968.9170778,6.8,201.69140625,147,27831.402348279953
2026-02-14T00:09:32,gaming_1,30.3,45.2,207491.21487768253,282465.2224540012,0.0,53643.94691003542,74.0,7864.140625,145.926,60.0,1980.0,459.1,5212.5390625,85,2596.776010990143,99.8,40.33203125,3,4406.3424463272095,18.1,4.8203125,385,1771016970.8160722,14.8,108.94921875,37,27799.60746526718,3.4,331.22265625,95,27800.987109661102
2026-02-14T00:09:34,gaming_1,24.4,45.2,291345.09139985294,253192.38884021295,0.0,22561.94040429759,65.0,7864.140625,138.973,59.0,1980.0,417.9,5212.5390625,85,2598.577837705612,99.0,40.33203125,3,4408.15787935257,11.2,108.94921875,37,27801.417059898376,10.2,4.8203125,385,1771016972.652387,6.8,201.6953125,147,27835.1317756176
2026-02-14T00:09:36,gaming_1,27.2,45.2,219586.1807775622,272898.0885918602,1020825.7923710177,88866.53103229842,73.0,7864.140625,136.675,58.0,1980.0,480.7,5212.5390625,85,2600.3887391090393,98.8,40.33203125,3,4409.913415670395,8.6,108.94921875,37,27803.229463100433,7.0,4.8203125,385,1771016974.4518032,6.1,201.68359375,147,27836.935433149338
2026-02-14T00:09:38,gaming_1,25.9,45.2,229927.81873715975,248838.52694821393,37213.82978469345,19479.114027925476,78.0,7864.140625,148.506,60.0,1980.0,476.4,5212.5390625,85,2602.1727890968323,98.9,39.68359375,3,4411.763169527054,10.6,108.94921875,37,27805.00135064125,10.4,25.41015625,13,27836.56061220169,9.8,4.8203125,385,1771016976.217887
2026-02-14T00:09:39,gaming_1,28.7,45.2,219202.2412356554,199949.2502814144,105351.85208826658,79562.59662915966,79.0,7864.140625,148.634,60.0,1980.0,478.2,5212.5390625,85,2604.0288038253784,100.5,40.33203125,3,4413.612713336945,10.9,108.94921875,37,27806.865606546402,8.5,331.2109375,95,27808.25989842415,7.5,4.8203125,385,1771016978.0804508
2026-02-14T00:09:41,gaming_1,26.9,45.3,274599.18644538417,235703.403123115,35466.85852360078,80077.51651031738,80.0,7864.140625,147.726,60.0,1980.0,471.4,5212.5390625,85,2605.885785341263,99.3,40.328125,3,4415.4690816402435,13.4,25.4453125,14,27840.29177236557,12.7,4.8203125,385,1771016979.9254131,10.2,42.2265625,35,27842.439023971558
2026-02-14T00:09:43,gaming_1,28.4,45.3,228255.86104053975,261497.33838971748,0.0,7672.304014905283,62.0,7864.140625,138.973,59.0,1980.0,529.1,5212.5390625,85,2607.7399015426636,98.6,40.33203125,3,4417.307025194168,11.7,108.953125,37,27810.572578191757,10.0,4.8203125,385,1771016981.796544,7.8,331.2109375,95,27811.937385559082
2026-02-14T00:09:45,gaming_1,29.2,45.3,271820.9144049553,254146.6348043439,0.0,6879.146930167318,78.0,7864.140625,140.574,60.0,1980.0,437.1,5212.56640625,85,2609.5097484588623,99.8,40.33203125,3,4419.045555830002,15.2,25.41015625,14,27843.872886657715,14.1,42.2265625,35,27846.08266401291,11.4,4.8203125,385,1771016983.5806346
2026-02-14T00:09:47,gaming_1,23.9,45.3,286411.0134842268,295742.5943593226,0.0,29996.758421738446,74.0,7864.140625,146.578,60.0,1980.0,418.8,5212.56640625,85,2611.3460369110107,98.6,40.33203125,3,4420.931765079498,13.8,108.95703125,37,27814.15712594986,7.8,4.8203125,385,1771016985.3763962,6.6,331.5234375,95,27815.59361720085
2026-02-14T00:09:49,gaming_1,31.3,45.3,296685.7705720947,279736.8355136402,0.0,24770.79233612906,81.0,7864.140625,149.688,60.0,1980.0,535.5,5212.56640625,85,2613.237766265869,100.5,40.31640625,2,4422.84456205368,14.0,4.8203125,385,1771016987.2742066,11.4,25.41015625,13,27847.64531326294,9.9,201.671875,147,27849.757954597473
2026-02-14T00:09:50,gaming_1,27.6,45.2,234217.3226027529,220457.96437328085,315083.26700858516,7384.764070513715,62.0,7864.140625,140.932,59.0,1980.0,480.1,5212.56640625,85,2615.0660750865936,99.9,39.66796875,2,4424.613662242889,13.6,108.9765625,37,27817.904104948044,12.6,201.68359375,147,27851.623904943466,10.0,4.8203125,385,1771016989.145267
2026-02-14T00:09:52,gaming_1,26.5,45.2,244171.65293254273,231257.78114405178,184577.22706327794,89404.59435877526,62.0,7864.140625,135.998,59.0,1980.0,435.6,5212.56640625,85,2616.8627650737762,98.8,40.30859375,2,4426.417852640152,21.1,4.8203125,385,1771016990.922075,15.7,108.98046875,37,27819.69718146324,13.2,331.50390625,95,27821.049644470215
2026-02-14T00:09:54,gaming_1,23.7,45.2,253479.4813888923,301568.351779547,36508.8355353955,14261.263881013867,65.0,7864.140625,136.19,60.0,1980.0,364.5,5212.56640625,85,2618.642836332321,99.6,40.31640625,2,4428.171992778778,11.4,108.98828125,37,27821.481736421585,11.3,4.8203125,385,1771016992.71632,8.7,201.6796875,147,27855.193227291107
2026-02-14T00:09:56,gaming_1,21.0,45.2,331383.0059542283,213671.68791982986,0.0,36224.35369517484,61.0,7864.140625,134.124,59.0,1980.0,367.4,5212.56640625,85,2620.3771522045135,97.9,40.31640625,2,4429.911494255066,11.7,108.9921875,37,27823.220129966736,11.7,25.41015625,14,27854.753165245056,8.1,331.49609375,95,27824.539155960083
2026-02-14T00:09:57,gaming_1,24.0,45.2,282713.653561907,252591.37455268583,0.0,16974.754588034135,71.0,7864.140625,136.603,60.0,1980.0,353.5,5212.56640625,85,2622.1064414978027,99.7,40.3125,2,4431.635719299316,18.2,4.8203125,385,1771016996.1736896,14.6,108.9921875,37,27824.93882417679,5.4,42.2265625,35,27858.673845291138
2026-02-14T00:09:59,gaming_1,23.6,45.2,267932.2731484781,236087.60693496917,0.0,19241.40758657681,72.0,7864.140625,149.548,60.0,1980.0,432.8,5212.56640625,85,2623.8711450099945,99.9,40.31640625,2,4433.4189529418945,15.8,25.41015625,13,27858.2499935627,12.4,108.97265625,37,27826.702034950256,8.7,331.50390625,95,27828.068542718887
2026-02-14T00:10:01,gaming_1,27.7,45.3,269031.8135967678,283480.7462262758,0.0,62205.20189675124,68.0,7864.140625,146.581,61.0,1980.0,412.1,5212.56640625,85,2625.6874692440033,99.8,40.3125,2,4435.235362529755,14.8,4.8203125,385,1771016999.725948,6.9,108.97265625,37,27828.518454551697,6.1,201.6875,147,27862.21410536766
2026-02-14T00:10:03,gaming_1,25.3,45.2,295938.4950124137,251624.3745435252,110126.02822695397,5735.730636820519,60.0,7864.140625,142.125,59.0,1980.0,445.9,5212.56640625,85,2627.4749274253845,99.5,40.3125,2,4437.024893283844,15.7,108.94140625,37,27830.311417341232,9.6,25.41015625,13,27861.856503725052,8.8,201.69140625,147,27863.992419719696
2026-02-14T00:10:05,gaming_1,26.8,45.2,259195.15708257846,297620.5923636491,434861.9521803248,23781.51300986151,63.0,7864.140625,134.666,59.0,1980.0,406.3,5212.5703125,85,2629.2396354675293,99.4,40.3125,2,4438.7701716423035,15.6,4.8203125,385,1771017003.317832,12.3,108.9453125,37,27832.08517885208,10.4,201.671875,147,27865.800535202026
2026-02-14T00:10:06,gaming_1,22.5,45.2,291805.9309195154,264944.3590844073,0.0,19852.19235245493,71.0,7864.140625,146.917,60.0,1980.0,408.4,5212.5703125,85,2630.973025083542,98.9,40.328125,3,4440.522370100021,16.2,25.4453125,14,27865.33889913559,15.4,108.98046875,37,27833.809674263,11.5,331.50390625,95,27835.169563531876
2026-02-14T00:10:08,gaming_1,33.0,45.2,216345.03422347014,289930.20204609167,36820.956993711,43724.88643003181,61.0,7864.140625,141.087,60.0,1980.0,458.1,5212.5703125,85,2632.7680974006653,98.8,40.32421875,3,4442.341391324997,20.2,4.8203125,385,1771017006.8274205,11.3,42.1484375,35,27869.33358693123,10.5,201.69140625,147,27869.309489250183
2026-02-14T00:10:10,gaming_1,24.6,45.2,245737.74127288224,263872.28779668425,0.0,39965.69699696011,64.0,7864.140625,133.858,60.0,1980.0,416.8,5212.5703125,85,2634.5447492599487,100.1,40.32421875,3,4444.0888657569885,11.4,201.6875,147,27871.098652601242,9.9,331.50390625,95,27838.717449903488,9.6,109.0,37,27837.38281917572
2026-02-14T00:10:12,gaming_1,22.3,45.2,273171.6052545087,293037.1462549155,150762.32933850522,168429.7898078613,63.0,7864.140625,135.874,59.0,1980.0,391.9,5212.5703125,85,2636.2756304740906,99.2,40.32421875,3,4445.791313171387,9.9,25.44921875,14,27870.638005018234,9.0,109.0078125,37,27839.11960864067,8.1,4.8203125,385,1771017010.3574255
2026-02-14T00:10:13,gaming_1,23.6,45.2,290741.0946491182,281388.6441750486,38682.37262660911,15110.301807269183,65.0,7864.140625,135.895,60.0,1980.0,373.0,5212.5703125,85,2637.967719078064,100.0,40.3203125,3,4447.4949469566345,14.6,331.50390625,95,27842.12803053856,12.0,4.8203125,385,1771017012.0506377,8.3,109.015625,37,27840.809585809708
2026-02-14T00:10:15,gaming_1,21.2,45.2,260878.36110924723,250994.93888393207,0.0,8616.07874597693,70.0,7864.140625,148.447,60.0,1980.0,371.5,5212.57421875,85,2639.7096812725067,99.4,39.6875,3,4449.256592035294,6.3,4.8203125,385,1771017013.772324,5.3,331.50390625,95,27843.902361631393,4.5,109.015625,37,27842.544139623642
2026-02-14T00:10:17,gaming_1,30.2,45.2,204956.9682703787,299407.782388698,184176.92358676568,60720.829495011814,70.0,7864.140625,145.249,60.0,1980.0,466.3,5212.57421875,85,2641.491647720337,99.5,40.3359375,3,4451.046001195908,21.1,4.8203125,385,1771017015.5560324,14.9,331.5,95,27845.680273532867,14.8,25.4453125,14,27875.876957416534
2026-02-14T00:10:19,gaming_1,25.8,45.2,253944.12638874206,275202.88559974584,0.0,26284.04917628406,67.0,7864.140625,142.793,60.0,1980.0,421.2,5212.57421875,85,2643.243636369705,98.4,40.33203125,3,4452.793320178986,9.0,331.21875,95,27847.423045873642,8.9,109.02734375,37,27846.082328796387,7.9,4.8203125,385,1771017017.3248897
2026-02-14T00:10:20,gaming_1,26.9,45.2,257470.5572397684,285922.103644034,112512.85547096288,14064.10693387036,72.0,7864.140625,144.225,60.0,1980.0,421.5,5212.57421875,85,2645.015793800354,99.4,40.33203125,3,4454.55317401886,14.1,25.4453125,14,27879.39604640007,11.5,331.21875,95,27849.187503814697,8.9,4.8203125,385,1771017019.074115
2026-02-14T00:10:22,gaming_1,26.3,45.2,247554.7246164893,301878.0176474594,0.0,21428.432341045238,71.0,7864.140625,144.11,60.0,1980.0,480.2,5212.57421875,85,2646.796003341675,99.7,40.328125,3,4456.355120182037,9.7,109.02734375,37,27849.61878633499,8.0,4.8203125,385,1771017020.8490279,6.9,331.21875,95,27850.992427110672
2026-02-14T00:10:24,gaming_1,30.7,45.2,210327.53068796333,294261.6531354981,72613.23435513393,12480.399654788645,64.0,7864.140625,136.513,60.0,1980.0,499.5,5212.59375,85,2648.5722336769104,100.1,39.6875,3,4458.103469133377,13.9,201.69921875,147,27885.126308441162,12.6,331.21875,95,27852.73607993126,12.4,25.44921875,13,27882.940423727036
2026-02-14T00:10:26,gaming_1,23.6,45.2,271560.01429397333,283156.4161055071,38063.797912485,10705.443162886406,72.0,7864.140625,135.775,60.0,1980.0,340.9,5212.59375,85,2650.299962282181,99.3,40.33203125,3,4459.818486690521,10.9,4.8203125,385,1771017024.3699734,7.2,201.671875,147,27886.85981798172,7.2,331.21875,95,27854.468860149384
2026-02-14T00:10:27,gaming_1,24.1,45.2,253359.93485075256,283580.2187159563,0.0,86701.20569464684,65.0,7864.140625,135.972,59.0,1980.0,395.0,5212.8359375,85,2652.033968448639,98.3,40.453125,3,4461.535957098007,11.8,25.4453125,14,27886.38373732567,9.9,4.8203125,385,1771017026.1118603,4.6,29.484375,9,27872.13685131073
2026-02-14T00:10:29,gaming_1,26.8,45.2,272601.2079779883,289458.9871100049,0.0,64025.45623278909,65.0,7864.140625,138.13,60.0,1980.0,406.4,5212.8671875,85,2653.6976363658905,98.4,40.4296875,3,4463.2038016319275,14.1,42.1875,33,27890.271412849426,12.2,4.8203125,385,1771017027.7823765,7.5,108.9765625,37,27856.53996515274
2026-02-14T00:10:31,gaming_1,21.3,45.2,235242.09220548687,291700.52775310574,0.0,24387.167232936838,62.0,7864.140625,134.14,60.0,1980.0,345.9,5212.8671875,85,2655.3874292373657,100.1,40.44140625,3,4464.90524148941,6.5,4.8203125,385,1771017029.462062,6.5,108.9765625,37,27858.23269724846,6.4,331.21875,95,27859.529818058014
2026-02-14T00:10:32,gaming_1,24.4,45.2,219911.38411007202,345121.0669972783,0.0,52445.56238608071,61.0,7864.140625,135.135,59.0,1980.0,405.5,5212.8671875,85,2657.094915866852,98.6,40.44140625,3,4466.633054256439,11.8,25.41015625,13,27891.464637041092,7.3,108.98046875,37,27859.935391426086,4.6,4.8203125,385,1771017031.1715715
2026-02-14T00:10:34,gaming_1,23.6,45.2,239290.25560640948,347708.91150037106,113914.85286604459,34115.12520727898,70.0,7864.140625,138.058,60.0,1980.0,426.0,5212.8671875,85,2658.8334312438965,100.2,40.44140625,3,4468.36426782608,10.8,109.00390625,37,27861.66451072693,9.1,4.8203125,385,1771017032.8963642,7.2,331.4921875,95,27863.000896453857
2026-02-14T00:10:36,gaming_1,25.2,45.2,221968.16056592012,346373.77106697933,74989.84648734769,122444.3587176224,66.0,7864.140625,137.091,60.0,1980.0,364.1,5212.8671875,85,2660.5714275836945,99.4,40.43359375,3,4470.109981060028,20.6,25.41015625,13,27894.93433880806,12.5,109.00390625,37,27863.41417336464,10.7,42.1875,33,27897.145689725876
2026-02-14T00:10:38,gaming_1,25.8,45.2,235405.31771424835,346649.1616658129,0.0,9069.654974877658,77.0,7864.140625,146.09,61.0,1980.0,412.8,5212.8671875,85,2662.3283224105835,99.6,39.796875,3,4471.898950338364,14.3,4.8203125,385,1771017036.3999908,8.9,201.6796875,147,27898.879200696945,8.0,109.00390625,37,27865.16671514511
2026-02-14T00:10:40,gaming_1,24.7,45.2,211876.26181863065,317499.64902505686,70100.40208170809,679097.6451665472,76.0,7864.140625,152.246,60.0,1980.0,449.3,5212.8828125,86,2664.2171030044556,98.9,39.796875,3,4473.842269420624,10.5,25.41015625,13,27898.639852523804,8.4,4.8203125,385,1771017038.267662,7.5,109.0078125,37,27867.048862218857
2026-02-14T00:10:42,gaming_1,29.5,45.2,262927.16150430887,344976.326567583,2077101.8704677853,44957.763333639305,71.0,7864.140625,141.002,60.0,1980.0,523.7,5212.8828125,86,2666.1513471603394,98.6,40.44140625,3,4475.760446548462,19.5,4.8203125,385,1771017040.190015,8.9,201.71875,147,27902.675445079803,8.9,109.015625,37,27868.97805070877
2026-02-14T00:10:44,gaming_1,29.6,45.2,253484.05013194671,341554.7163802976,68146.44182499881,10647.881535156064,68.0,7864.140625,139.424,60.0,1980.0,460.4,5212.8828125,86,2668.0781297683716,97.5,40.4453125,3,4477.667932510376,13.8,4.8203125,385,1771017042.1165276,12.2,109.02734375,37,27870.905392169952,11.4,25.41015625,13,27902.482008695602
2026-02-14T00:10:45,gaming_1,30.8,45.2,228900.3634733062,344953.64930632064,199230.77760898054,169657.45905764747,74.0,7864.140625,143.618,60.0,1980.0,577.9,5212.88671875,86,2670.0447125434875,99.4,40.4375,3,4479.649120807648,15.1,109.0390625,37,27872.877722978592,9.5,4.8203125,385,1771017044.087414,6.3,331.52734375,95,27874.31662583351
2026-02-14T00:10:47,gaming_1,29.1,45.2,238304.6719558802,343536.0828453859,103312.89596055077,73449.01197195407,71.0,7864.140625,148.814,61.0,1980.0,506.9,5212.88671875,86,2671.952558040619,98.6,40.30078125,3,4481.566595077515,15.6,4.8203125,385,1771017045.9946518,12.3,109.01171875,37,27874.783667564392,11.5,25.4453125,14,27906.35991168022
2026-02-14T00:10:49,gaming_1,28.7,45.2,254613.33563159013,346036.9451196686,99483.13600969745,7253.9786673737735,63.0,7864.140625,137.737,60.0,1980.0,545.4,5212.88671875,86,2673.9325630664825,100.6,40.30078125,3,4483.538481235504,8.7,109.03515625,37,27876.762209177017,5.6,201.70703125,147,27910.454636335373,4.7,4.8203125,385,1771017047.9673328
2026-02-14T00:10:51,gaming_1,30.7,45.2,210706.88449623872,345796.8184241146,136346.02081242023,51396.05862655685,65.0,7864.140625,141.495,60.0,1980.0,419.6,5212.89453125,86,2675.861261844635,100.0,40.3046875,3,4485.444221496582,18.7,4.8203125,385,1771017049.8899584,17.9,25.44921875,14,27910.256170511246,17.1,42.1875,33,27912.42458128929
2026-02-14T00:10:53,gaming_1,28.6,45.3,233952.98536850663,346238.46915079706,190241.31150930695,7836.644934332247,63.0,7864.140625,137.061,60.0,1980.0,523.5,5212.89453125,86,2677.7698135375977,99.9,40.3046875,3,4487.367377758026,18.1,4.8203125,385,1771017051.8036156,14.7,109.05078125,37,27880.58464026451,3.2,331.48828125,95,27882.033222436905
2026-02-14T00:10:55,gaming_1,29.7,45.3,215805.42232937537,344705.86791351764,101998.11161941789,31077.54963404139,59.0,7864.140625,143.535,60.0,1980.0,552.9,5212.89453125,86,2679.690694332123,98.1,39.65625,3,4489.311246871948,12.2,4.8203125,385,1771017053.7136528,11.3,25.44921875,14,27914.109813690186,9.7,109.0546875,37,27882.507965564728
2026-02-14T00:10:57,gaming_1,26.1,45.3,210230.03545199762,346542.61807216186,101673.21435020638,94524.31646620749,76.0,7864.140625,141.62,60.0,1980.0,461.2,5212.89453125,86,2681.6296911239624,98.9,40.3046875,3,4491.317629337311,11.3,109.0546875,37,27884.444151878357,10.5,4.8203125,385,1771017055.65053,7.6,331.48828125,95,27886.04650735855
2026-02-14T00:10:59,gaming_1,34.9,45.3,315065.2297104898,305235.22003087815,63270.4296172683,43745.57047756441,49.0,7864.140625,133.015,58.0,1980.0,594.7,5212.90234375,86,2683.6837792396545,99.9,40.3125,3,4493.303087472916,12.1,4.8203125,385,1771017057.719168,11.3,109.0625,37,27886.512363433838,8.3,42.1875,33,27920.246770858765
2026-02-14T00:11:01,gaming_1,27.3,45.3,263401.4175466837,346637.65204204386,34524.68869943372,77141.10131279721,58.0,7864.140625,134.729,59.0,1980.0,483.4,5212.8984375,86,2685.568764925003,99.3,40.3125,3,4495.206891536713,9.9,4.8203125,385,1771017059.6156926,8.3,109.04296875,37,27888.402741909027,7.4,201.71484375,147,27922.100390434265
2026-02-14T00:11:03,gaming_1,32.6,45.3,213673.84598965984,194301.63678622953,73797.36696034459,14093.247162565807,62.0,7864.140625,142.741,60.0,1980.0,604.8,5212.8984375,86,2687.576833486557,99.1,40.40625,3,4497.179362535477,14.9,4.8203125,385,1771017061.6183667,10.2,109.19921875,37,27890.395439624786,9.4,201.68359375,147,27924.105229139328
2026-02-14T00:11:05,gaming_1,33.6,45.3,305671.83733197534,159630.6029082569,43118.79565626277,97017.29022659124,63.0,7864.140625,148.56,60.0,1980.0,574.2,5212.90234375,86,2689.4593963623047,99.7,40.41796875,3,4499.075437545776,14.8,4.8203125,385,1771017063.5132947,11.5,109.19140625,37,27892.2948513031,10.7,25.41015625,13,27923.87537932396
2026-02-14T00:11:07,gaming_1,24.4,45.3,262701.3013326498,210347.10430004194,35019.644165193386,48152.0107271409,63.0,7864.140625,145.512,60.0,1980.0,462.3,5212.90234375,86,2691.362498998642,99.2,40.41796875,3,4500.980179071426,10.7,109.09765625,37,27894.194724321365,6.7,4.8203125,385,1771017065.384085,3.3,20.30859375,4,11323.678417921066
2026-02-14T00:11:09,gaming_1,27.3,45.3,214903.30769004356,229991.3907431326,1474151.172610041,37496.577791679825,64.0,7864.140625,138.633,60.0,1980.0,433.1,5212.90234375,86,2693.2459168434143,99.0,40.41796875,3,4502.82726764679,12.3,4.8203125,385,1771017067.2969115,9.2,109.09765625,37,27896.068969249725,5.7,201.6953125,147,27929.778742551804
2026-02-14T00:11:11,gaming_1,28.7,45.3,285814.8706564687,229375.50173770892,0.0,9408.813519414016,69.0,7864.140625,139.229,60.0,1980.0,517.5,5213.16015625,86,2695.096687555313,98.4,39.76953125,3,4504.828436136246,20.1,162.5,23,27823.235998153687,11.0,109.09765625,37,27897.921772956848,6.8,4.8203125,385,1771017069.1472957
2026-02-14T00:11:13,gaming_1,28.9,45.4,264866.4603786761,309329.47351687046,130228.51015730182,108099.83753291656,64.0,7864.140625,142.005,60.0,1980.0,445.5,5213.16015625,86,2697.124198913574,99.5,40.41796875,3,4506.74641418457,14.8,4.8203125,385,1771017071.1554854,10.9,201.7109375,147,27933.643762350082,10.1,25.41015625,13,27931.52904009819
2026-02-14T00:11:14,gaming_1,25.8,45.3,240988.6190044061,346888.9652400873,0.0,95837.34191114132,69.0,7864.140625,144.866,60.0,1980.0,461.6,5213.4140625,86,2699.054323911667,99.7,40.41796875,3,4508.672937870026,11.4,201.703125,147,27935.554293870926,11.3,25.41015625,13,27933.46054291725,9.7,109.09765625,37,27901.888187408447
2026-02-14T00:11:16,gaming_1,29.9,45.4,270214.99866555806,315453.63488414395,101759.37062712356,111829.30834543266,65.0,7864.140625,135.836,60.0,1980.0,527.5,5213.4140625,86,2700.967658996582,99.1,40.41796875,3,4510.6592609882355,14.0,109.09765625,37,27903.790613889694,8.9,4.8203125,385,1771017075.0087302,3.3,42.1875,33,27937.53175163269
2026-02-14T00:11:18,gaming_1,33.0,45.4,278104.4982362437,277277.0550574775,32608.12757884707,154633.85500281386,67.0,7864.140625,139.6,60.0,1980.0,635.1,5213.41796875,86,2702.963021993637,99.2,40.4296875,3,4512.550119161606,15.6,25.41015625,13,27937.360849380493,10.9,4.8203125,385,1771017077.0191305,10.1,201.70703125,147,27939.50221014023
2026-02-14T00:11:20,gaming_1,30.5,45.3,257299.76436673172,347170.8128036075,35162.07989277326,7966.408725706442,71.0,7864.140625,148.898,61.0,1980.0,428.1,5213.41796875,86,2704.8548769950867,100.2,40.4296875,3,4514.469485759735,22.6,4.8203125,385,1771017078.8898187,18.3,42.109375,33,27941.406581163406,14.2,109.109375,37,27907.669508218765
2026-02-14T00:11:22,gaming_1,25.8,45.4,299268.65131560585,345041.24136373977,0.0,65869.6738876339,77.0,7864.140625,149.803,61.0,1980.0,463.8,5213.43359375,86,2706.7200815677643,98.6,40.42578125,3,4516.3392424583435,13.4,25.4453125,14,27941.12794804573,13.3,109.109375,37,27909.551050186157,12.4,4.8203125,385,1771017080.7771387
2026-02-14T00:11:24,gaming_1,30.6,45.3,316296.7454430043,343754.50327873183,34435.03487613603,15334.351468279327,72.0,7864.140625,147.402,60.0,1980.0,570.3,5213.43359375,86,2708.6631655693054,99.4,40.4296875,3,4518.273058176041,14.6,109.1171875,37,27911.478951931,8.2,4.8203125,385,1771017082.6835487,4.0,331.53125,95,27912.937990427017
2026-02-14T00:11:26,gaming_1,27.8,45.3,241114.06008390136,282875.3561022532,67519.4783667914,18989.85329066008,61.0,7864.140625,139.745,60.0,1980.0,476.0,5213.43359375,86,2710.613418340683,100.0,39.6640625,3,4520.258639335632,12.1,4.8203125,385,1771017084.6236737,8.9,109.12890625,37,27913.41201853752,8.9,42.3515625,33,27947.15703845024
2026-02-14T00:11:28,gaming_1,30.7,45.3,273840.1828488641,348439.44568539027,873476.1090287002,46793.36298368037,78.0,7864.140625,161.525,61.0,1980.0,636.2,5213.68359375,86,2712.6158225536346,97.9,39.6640625,3,4522.254874944687,11.1,4.8203125,385,1771017086.600607,10.0,109.13671875,37,27915.44401884079,7.8,201.68359375,147,27949.111040830612
2026-02-14T00:11:30,gaming_1,34.5,45.3,293724.2790011721,353728.92181068385,0.0,13589.43404505851,77.0,7864.140625,165.988,62.0,1980.0,564.1,5213.69921875,86,2714.557051181793,100.0,40.3125,3,4524.193325042725,14.5,109.14453125,37,27917.38194179535,11.2,25.44921875,14,27948.978636980057,11.0,4.8203125,385,1771017088.5912595
2026-02-14T00:11:32,gaming_1,27.1,45.3,239792.25764579093,343644.36737034767,0.0,65500.59744805076,68.0,7864.140625,151.985,61.0,1980.0,490.9,5213.69921875,86,2716.4918744564056,99.2,40.3125,3,4526.128741025925,13.7,109.1484375,37,27919.321573019028,12.8,4.8203125,385,1771017090.5404587,7.3,331.49609375,95,27920.784061431885
2026-02-14T00:11:34,gaming_1,31.8,45.3,247921.43967086697,333286.63189052534,68146.5769816375,47649.36437387934,66.0,7864.140625,153.127,61.0,1980.0,460.2,5213.69921875,86,2718.420466899872,97.4,40.2890625,3,4528.055847167969,17.1,4.8203125,385,1771017092.4602048,16.2,109.0859375,37,27921.245488405228,14.5,25.41015625,13,27952.849472999573
2026-02-14T00:11:36,gaming_1,27.2,45.3,289148.638320219,206854.34089422578,33813.835133417924,21661.988132345858,70.0,7864.140625,134.55,60.0,1980.0,474.2,5213.69921875,86,2720.3681876659393,99.4,40.4140625,3,4530.00513958931,16.1,109.0859375,37,27923.19093966484,8.1,4.8203125,385,1771017094.3994498,5.5,20.30859375,4,11352.78047657013
2026-02-14T00:11:38,gaming_1,30.0,45.3,256534.6594611256,348478.70283326646,424937.3863854278,23238.763317953082,63.0,7849.140625,132.939,60.0,1980.0,526.7,5213.69921875,86,2722.3742604255676,99.0,40.40625,3,4531.991799592972,10.1,109.08984375,37,27925.200560331345,9.4,4.8203125,385,1771017096.4086745,8.6,41.5546875,33,27958.93678832054
2026-02-14T00:11:40,gaming_1,27.9,45.4,280332.044645667,314201.811667262,605339.5874233751,614668.4509281873,71.0,7864.140625,143.516,61.0,1980.0,503.2,5213.83203125,86,2724.3242127895355,100.3,40.4140625,3,4533.924646854401,15.2,109.08984375,37,27927.1575756073,11.1,4.8203125,385,1771017098.3777235,6.5,25.44921875,14,27958.719039678574
2026-02-14T00:11:42,gaming_1,25.7,45.4,280535.03724437155,340744.21678008005,0.0,54621.66099186315,75.0,7864.140625,146.794,61.0,1980.0,443.7,5213.83203125,86,2726.225516796112,100.3,40.4140625,3,4535.824681043625,16.5,109.08984375,37,27929.054491758347,13.3,4.8203125,385,1771017100.2545311,4.1,20.30859375,4,11358.538256645203
2026-02-14T00:11:44,gaming_1,34.3,45.4,237025.12760543314,348570.04320366605,40902.938362053035,42248.42975554162,68.0,7864.140625,146.678,61.0,1980.0,624.4,5213.83984375,86,2728.1148705482483,99.4,40.3046875,3,4537.711303472519,13.3,109.22265625,37,27930.940590381622,13.2,25.41015625,13,27962.512829065323,12.4,42.1875,33,27964.676259994507
2026-02-14T00:11:45,gaming_1,22.7,45.4,256984.5258309673,352645.9574691418,211259.4415305531,200432.39515211227,68.0,7864.140625,146.501,61.0,1980.0,350.9,5213.83984375,86,2730.0528044700623,100.5,40.30078125,3,4539.6715223789215,13.7,109.2265625,37,27932.884636878967,9.7,4.8203125,385,1771017104.0970902,8.9,19.33203125,9,27966.792276620865
2026-02-14T00:11:47,gaming_1,27.5,45.4,313579.58643089316,349467.76638580835,103204.76369903988,59665.25401350743,65.0,7864.140625,146.795,61.0,1980.0,441.9,5213.83984375,86,2731.9509897232056,99.7,40.3046875,3,4541.550841331482,12.4,109.234375,37,27934.780895471573,11.5,4.8203125,385,1771017106.0009403,6.6,331.20703125,95,27936.21572947502
2026-02-14T00:11:49,gaming_1,27.7,45.4,240813.76282742256,346023.56601419277,139795.5215272655,25665.5840303964,60.0,7864.140625,140.919,60.0,1980.0,527.6,5213.83984375,86,2733.8124644756317,100.2,40.31640625,3,4543.408231019974,16.0,331.20703125,95,27938.07321548462,15.2,25.41015625,13,27968.210256576538,12.6,109.234375,37,27936.64301133156
2026-02-14T00:11:51,gaming_1,32.6,45.4,252231.49170047935,346593.0635784635,217523.80541423152,780094.7471667879,53.0,7864.140625,135.766,60.0,1980.0,447.5,5213.9609375,86,2735.7115631103516,99.0,40.31640625,3,4545.3015031814575,11.6,4.8203125,385,1771017109.756735,9.1,201.71875,147,27972.242784261703,6.6,109.23046875,37,27938.544682502747
2026-02-14T00:11:53,gaming_1,25.8,45.4,267419.8515840617,340886.0013851619,176895.74368661825,44776.73512067525,51.0,7864.140625,135.881,60.0,1980.0,466.6,5213.9609375,86,2737.5465071201324,100.4,40.31640625,3,4547.107281446457,14.5,25.41015625,13,27971.92137527466,12.7,4.8203125,385,1771017111.6137354,11.0,109.23046875,37,27940.384415388107
2026-02-14T00:11:55,gaming_1,25.2,45.4,248746.60350832372,290699.90882845304,36883.115131262915,14695.616185112569,75.0,7864.140625,147.055,61.0,1980.0,423.6,5213.9609375,86,2739.361048221588,98.9,40.31640625,3,4549.002955198288,17.1,331.20703125,95,27943.668252706528,11.4,4.8203125,385,1771017113.3932846,6.1,109.23046875,37,27942.17443037033
2026-02-14T00:11:57,gaming_1,28.8,45.5,298977.7916566781,216505.3615823632,33415.434885843504,18796.182123286973,67.0,7864.140625,145.701,60.0,1980.0,556.7,5213.9609375,86,2741.300542116165,98.6,40.31640625,3,4550.905410766602,11.5,331.20703125,95,27945.569969415665,11.2,109.23046875,37,27944.128664970398,8.0,4.8203125,385,1771017115.3494492
2026-02-14T00:11:59,gaming_1,33.6,45.4,281329.1461109397,343843.9123399452,138696.89967785322,37924.933505662986,72.0,7864.140625,147.382,61.0,1980.0,553.3,5213.9609375,86,2743.2013993263245,99.8,40.31640625,3,4552.814905405045,17.3,331.20703125,95,27947.468533992767,12.4,4.8203125,385,1771017117.2391393,9.9,109.23046875,37,27946.032091379166
2026-02-14T00:12:01,gaming_1,25.4,45.4,258095.10135978926,328404.79014504666,34237.97955321388,17386.473991866424,73.0,7864.140625,147.745,61.0,1980.0,412.9,5213.9609375,86,2745.1205191612244,99.3,40.31640625,3,4554.720353603363,19.6,331.20703125,95,27949.381366968155,10.6,25.44921875,13,27979.52611732483,9.0,201.69921875,147,27981.636068820953
2026-02-14T00:12:02,gaming_1,28.0,45.4,304449.3426788329,178133.91881502667,241863.92971391947,57496.67079136702,74.0,7864.140625,149.999,61.0,1980.0,449.9,5213.9609375,86,2747.008243083954,100.0,40.30078125,2,4556.610525608063,14.8,109.234375,37,27949.83388853073,11.5,4.8203125,385,1771017121.0496893,11.5,201.6875,147,27983.535742282867
2026-02-14T00:12:04,gaming_1,30.0,45.4,259982.12214731594,228808.25997447286,103809.73720089988,8380.473576114313,17.0,7864.140625,143.58,57.0,1980.0,502.4,5213.9609375,86,2748.8932013511658,99.3,40.30078125,2,4558.513904809952,13.9,25.41015625,13,27983.310762405396,10.9,331.20703125,95,27953.143679618835,10.8,42.109375,33,27985.456150770187
2026-02-14T00:12:06,gaming_1,25.1,45.3,206282.90624396957,148947.78261810847,73468.59705236014,96427.53363122269,0.0,7864.140625,63.08,54.0,1980.0,290.1,5185.8984375,81,2750.557353258133,98.2,40.30078125,2,4559.913131713867,11.4,4.8203125,385,1771017124.7225738,10.9,109.234375,37,27953.43306851387,7.1,201.6796875,147,27987.188363075256
2026-02-14T00:12:07,gaming_1,6.8,45.3,4285.869511350395,2103.5218726228427,0.0,78026.99834151598,9.0,1404.82421875,53.455,53.0,1815.0,100.4,40.31640625,3,4561.314844608307,38.7,5185.90234375,81,2751.8894152641296,4.7,4.8203125,385,1771017126.0548034,3.9,331.54296875,95,27956.08836197853,3.8,324.953125,35,27953.656707525253
2026-02-14T00:12:09,gaming_1,19.4,29.8,5212.407388657238,4515.5042390929275,136149.07254350008,2937877.7624058225,3.0,1404.82421875,55.454,52.0,1815.0,99.9,40.3203125,3,4563.082399129868,59.0,4.8203125,385,1771017127.8562646,39.6,324.4453125,248,27986.128120422363,39.4,202.0390625,151,27990.344149827957,32.7,44.28125,30,27986.528163909912
2026-02-14T00:12:11,gaming_1,9.1,29.7,5847.071410764037,9956.637279818917,0.0,564710.7871091656,13.0,1425.26953125,55.418,52.0,1815.0,99.4,40.3203125,3,4564.559615850449,79.1,134.24609375,50,27965.530306100845,28.4,338.671875,35,27883.984129190445,25.7,359.25,26,27955.482125282288,23.8,324.859375,252,27987.574139118195
2026-02-14T00:12:13,gaming_1,20.5,28.1,22850.791987087407,127497.74017445128,62645.494846657755,11374911.660259424,1.0,1438.64453125,52.535,51.0,1815.0,105.2,163.87890625,50,27967.6091067791,100.0,40.3203125,3,4566.778728246689,31.6,358.49609375,36,27886.062435865402,27.7,263.14453125,78,27991.588800907135,27.1,171.703125,151,27993.54597234726
2026-02-14T00:12:14,gaming_1,19.2,28.0,16670.67682681607,539600.2396951629,16044.430882636032,617459.8947489461,0.0,1432.11328125,52.6,50.0,1815.0,95.2,40.3203125,3,4568.58389043808,94.4,358.48828125,36,27887.850565433502,28.0,109.609375,37,27961.8948636055,22.8,331.49609375,95,27963.17442560196,19.5,126.8984375,99,27888.195132017136
2026-02-14T00:12:16,gaming_1,11.1,27.8,781.9296797307543,56279.37387811915,0.0,234927.48212368548,1.0,1431.73828125,52.199,50.0,1815.0,98.7,40.3203125,3,4570.1352961063385,23.8,331.49609375,95,27964.74887895584,19.4,109.61328125,37,27963.50912809372,9.9,343.41015625,36,27889.42406487465,6.0,25.41015625,13,27994.965173244476
2026-02-14T00:12:18,gaming_1,10.3,27.6,1746.539138622601,864.1566446945219,51484.88169700017,1139103.007546129,1.0,1451.73828125,51.906,50.0,1815.0,92.4,40.3203125,3,4571.759233951569,24.3,110.703125,37,27965.113701820374,22.8,345.8125,36,27891.072071790695,20.8,331.49609375,95,27966.40071105957,12.2,124.53515625,99,27891.42806482315
2026-02-14T00:12:19,gaming_1,9.5,27.6,3657.560985347134,57.741465974893096,0.0,203865.86920202256,1.0,1451.73828125,51.929,49.0,1815.0,99.5,40.32421875,3,4573.37596988678,15.0,171.64453125,151,28000.519216299057,12.9,110.4609375,37,27966.8051841259,4.0,136.45703125,49,27893.389001369476,3.8,4.8203125,401,1771017138.0407617
2026-02-14T00:12:20,gaming_1,7.0,27.6,755.9747572408795,180.9618673013727,0.0,40955.07999678604,1.0,1451.73828125,51.59,49.0,1815.0,98.3,40.3203125,3,4574.838976621628,3.2,11.41796875,4,27988.609726667404,3.2,331.5390625,95,27969.425468683243,3.1,171.64453125,151,28002.032574653625,2.1,43.10546875,37,28002.013630867004
2026-02-14T00:12:22,gaming_1,7.1,27.6,2916.054288608975,500.01308774920074,0.0,122361.3295067135,0.0,1451.66796875,51.475,49.0,1815.0,84.3,40.3203125,3,4576.303598642349,3.2,4.8203125,401,1771017141.014435,2.1,25.41015625,13,28001.180670022964,1.1,43.12109375,37,28003.46840929985,1.1,21.95703125,5,28000.157661914825
2026-02-14T00:12:23,gaming_1,6.0,27.6,2236.404814623108,0.0,0.0,47433.85319885356,0.0,1451.66796875,51.455,48.0,1815.0,92.4,40.3203125,3,4577.741259336472,3.2,43.12109375,37,28004.930408239365,2.2,25.44921875,14,28002.629413366318,2.2,136.38671875,164,27982.787204027176,1.1,144.95703125,59,9958.453972578049
2026-02-14T00:12:25,gaming_1,6.5,27.6,1937.8305403013796,138.51540674062755,0.0,37232.94133188069,0.0,1451.66796875,51.36,48.0,1815.0,93.2,40.3203125,3,4579.183319330215,4.3,25.41015625,14,28004.071999311447,2.2,62.6171875,116,27960.92143559456,1.1,112.1796875,33,27958.367923736572,1.1,11.41796875,4,27992.960973978043
2026-02-14T00:12:26,gaming_1,5.8,27.6,34.771754979196494,37.55349537753221,0.0,34894.151556723264,0.0,1451.66796875,52.006,48.0,1815.0,100.7,40.3203125,3,4580.64197063446,4.3,11.41796875,4,27994.411605596542,3.2,43.12109375,37,28007.820615053177,2.2,25.41015625,13,28005.520322799683,2.2,199.48046875,49,27987.05383348465
2026-02-14T00:12:28,gaming_1,5.5,27.6,363.30250276997356,536.6968790920064,0.0,42979.786994362934,0.0,1451.66796875,51.866,48.0,1815.0,98.3,40.3203125,3,4582.088634490967,5.4,25.4453125,14,28006.96583199501,3.3,43.12109375,37,28009.258144140244,3.2,29.51171875,9,27992.655420780182,2.2,109.96484375,37,27975.538599967957
2026-02-14T00:12:29,gaming_1,5.4,27.6,99.32600379359103,157.95593658841906,0.0,9535.296364184738,0.0,1451.66796875,51.856,48.0,1815.0,98.9,40.3203125,3,4583.5425708293915,5.4,25.41015625,13,28008.417151927948,2.2,43.12109375,37,28010.710112810135,1.1,4.8203125,401,1771017148.2676184,1.1,258.98828125,78,28008.41332268715
2026-02-14T00:12:31,gaming_1,5.2,27.6,190.54943189939993,888.7769930736297,0.0,12543.596888463357,0.0,1433.04296875,51.886,47.0,1815.0,100.3,40.3203125,3,4585.131767034531,19.1,96.01171875,56,28008.570635318756,5.1,25.41015625,13,28009.942311286926,4.3,43.12109375,37,28012.17339158058,3.0,245.75390625,278,28006.976219654083
2026-02-14T00:12:32,gaming_1,6.4,27.7,1055.296335779033,1688.8446333268898,213721.8989872163,28137.942322281433,1.0,1439.55078125,51.891,47.0,1815.0,100.0,40.3203125,3,4586.6784908771515,4.9,25.41015625,13,28011.546584367752,4.8,171.640625,151,28013.827297449112,3.0,11.41796875,4,28000.454831838608,1.9,43.12109375,37,28013.825659275055
2026-02-14T00:12:34,gaming_1,5.0,27.7,4696.479105766749,2051.672374765857,0.0,275395.41036701365,4.0,1438.23828125,51.731,47.0,1815.0,98.7,40.31640625,3,4588.198362588882,30.5,342.9609375,36,27907.53232550621,3.1,25.44921875,14,28013.05125951767,2.9,136.73828125,49,27908.281237602234,2.9,121.6875,99,27907.88504576683
