ts,scenario,cpu,ram,net_in_bps,net_out_bps,disk_read_bps,disk_write_bps,gpu_util,gpu_mem_used_mb,gpu_power_w,gpu_temp_c,gpu_clock_mhz,p1_cpu,p1_rss_mb,p1_threads,p1_age_s,p2_cpu,p2_rss_mb,p2_threads,p2_age_s,p3_cpu,p3_rss_mb,p3_threads,p3_age_s,p4_cpu,p4_rss_mb,p4_threads,p4_age_s,p5_cpu,p5_rss_mb,p5_threads,p5_age_s
2026-02-13T21:05:58,gaming,6.3,30.7,0.0,0.0,0.0,0.0,0.0,1565.5859375,50.712,48.0,1815.0,96.6,38.44921875,4,0.744504451751709,9.5,4.78125,404,1771005956.7100365,6.2,366.796875,238,16815.168840169907,4.3,135.17578125,148,16819.18404197693,3.2,307.546875,85,16817.026748418808
2026-02-13T21:05:59,gaming,5.1,30.7,1254.2957998566358,734.480674841423,1663967.5289226468,15016.604043656758,0.0,1565.4609375,51.053,48.0,1815.0,99.3,38.98046875,4,2.3180785179138184,9.1,148.38671875,99,16713.123052358627,6.7,30.3515625,14,16818.437062501907,4.5,170.86328125,49,16713.531274795532,1.1,22.61328125,5,16817.39808154106
2026-02-13T21:06:01,gaming,7.6,30.7,213.2643083790506,1766.0514948774974,39965.45261336038,72080.54846338212,3.0,1565.4609375,53.005,49.0,1815.0,98.8,38.40625,4,3.7571194171905518,19.0,152.3203125,23,16713.203691244125,11.2,366.8046875,238,16817.96826982498,6.5,4.78125,405,1771005959.7492392,4.5,309.5234375,85,16819.833350419998
2026-02-13T21:06:02,gaming,9.1,30.7,18556.241395084853,5409.4478583539485,0.0,48137.467037632465,3.0,1565.4609375,52.864,49.0,1815.0,100.0,39.015625,4,5.084316968917847,16.8,493.6171875,12,1585.6171803474426,15.8,366.2109375,238,16819.25129723549,10.6,4.78125,405,1771005961.0779562,10.6,151.43359375,23,16714.533896446228
2026-02-13T21:06:03,gaming,13.6,30.9,5415.818549892995,732.2923464392851,0.0,522913.64151136065,4.0,1562.0234375,52.737,49.0,1815.0,135.9,557.91796875,11,1586.9604070186615,100.6,39.015625,4,6.436249017715454,9.4,4.78125,405,1771005962.4150171,7.0,135.3125,148,16824.885707378387,6.9,59.12890625,33,16824.849978208542
2026-02-13T21:06:04,gaming,6.8,30.9,1346.8704349159586,2665.1912471466662,0.0,84265.05105030315,3.0,1557.671875,52.948,49.0,1815.0,99.4,38.41796875,4,7.614264249801636,20.6,366.2109375,238,16821.83704686165,13.4,470.59375,25,16789.46965622902,7.3,150.8671875,23,16717.037962198257,6.4,309.72265625,85,16823.702637434006
2026-02-13T21:06:06,gaming,8.3,31.1,3750.5692169244744,2355.2957304636825,8096833.779696864,241024.2341213687,3.0,1536.53125,53.721,49.0,1815.0,99.1,38.4296875,4,8.90778923034668,24.9,366.4609375,241,16823.152815818787,7.4,265.0078125,97,16791.723395109177,7.2,135.3984375,148,16827.360277414322,4.9,179.3359375,35,16792.166546344757
2026-02-13T21:06:07,gaming,8.7,31.1,5817.802759720645,4899.244000869964,1519156.8196031996,308128.9519344627,3.0,1528.78125,52.99,49.0,1815.0,99.2,39.046875,4,10.167933702468872,13.2,308.3515625,85,16826.208789348602,9.9,135.33203125,148,16828.62177491188,4.9,4.78125,405,1771005966.1636522,3.7,59.12890625,33,16828.567583322525
2026-02-13T21:06:08,gaming,5.2,31.1,1196.014616685704,741.9720307216867,3042170.512185175,679527.1194243014,3.0,1527.59375,53.39,49.0,1815.0,101.1,38.44921875,4,11.342643022537231,20.8,326.91015625,85,16827.411103248596,16.3,129.73046875,48,16803.260470867157,6.3,473.32421875,25,16793.15129184723,2.7,4.78125,405,1771005967.337044
2026-02-13T21:06:10,gaming,10.0,31.2,1478.207959882005,1680.328635894086,44015954.36226822,919873.6543838708,3.0,1540.65625,53.034,50.0,1815.0,98.8,38.45703125,4,12.592462539672852,47.0,321.67578125,90,16828.721908569336,10.0,135.36328125,148,16831.04458117485,7.5,130.0625,48,16804.724635124207,3.8,4.78125,405,1771005968.586094
2026-02-13T21:06:11,gaming,17.2,32.0,20016.9207917659,7334.8839332039315,29506457.557141997,1743423.5285848794,4.0,1535.65625,53.119,50.0,1815.0,99.8,39.078125,4,14.18933653831482,43.5,122.109375,18,3.6521403789520264,35.7,374.98828125,278,16827.3308801651,17.7,319.02734375,90,16830.299046993256,14.7,113.109375,57,16828.924119710922
2026-02-13T21:06:13,gaming,22.8,32.6,11057.938601926151,3785.1231756668076,48329173.43040262,1339697.7792209578,3.0,1533.15625,53.196,50.0,1815.0,99.8,38.46875,4,15.708052635192871,46.4,141.9296875,17,5.065836429595947,34.3,325.21875,90,16831.80229663849,17.6,4.78125,405,1771005971.6923244,11.8,115.6640625,64,16830.385297060013
2026-02-13T21:06:14,gaming,11.8,35.0,38257.678791710176,11253.21429534917,5734040.039414169,2049249.0254953096,4.0,1530.65625,52.954,50.0,1815.0,99.6,39.1171875,4,17.05707335472107,47.3,62.19140625,6,4.252612113952637,29.1,109.65234375,62,16831.725420236588,22.0,321.03515625,90,16833.150938510895,10.6,959.5703125,20,6.398748159408569
2026-02-13T21:06:15,gaming,10.6,35.0,17385.056141384048,5161.981258583347,9790139.295844844,329930.6407715809,4.0,1525.65625,52.904,50.0,1815.0,100.7,39.12890625,4,18.37559199333191,49.2,38.55859375,6,6.303475379943848,14.4,323.63671875,90,16834.450532197952,7.1,4.78125,405,1771005974.3659005,6.0,61.5625,5,4.801068067550659
2026-02-13T21:06:16,gaming,10.7,34.8,11176.659800472326,3174.312976931172,5092838.498032464,341203.6313860524,4.0,1525.65625,52.864,50.0,1815.0,99.7,39.125,4,19.67607283592224,20.8,53.5390625,6,6.079625606536865,20.4,4.78125,405,1771005975.665239,14.5,321.6796875,90,16835.74202466011,7.3,30.390625,14,16835.745023489
2026-02-13T21:06:18,gaming,9.1,34.8,18749.40656603164,3498.9732368303203,7215060.807627922,289385.8525689776,10.0,1380.41015625,53.206,50.0,1815.0,100.3,39.1328125,4,20.95309567451477,47.6,1111.9609375,19,10.305834531784058,16.7,326.31640625,90,16837.053463220596,6.1,4.78125,405,1771005976.9462597,6.1,114.49609375,37,16805.64931535721
2026-02-13T21:06:20,gaming,24.0,35.8,24664.98053952689,7982.577245532904,67123636.94771998,2819015.367740384,0.0,1739.7421875,52.522,50.0,1815.0,99.2,39.16015625,4,22.733181476593018,74.7,1462.828125,30,12.1685471534729,38.4,387.66796875,254,16837.018223047256,37.0,135.5859375,150,16841.17929840088,35.8,54.99609375,31,16837.41955804825
2026-02-13T21:06:22,gaming,25.0,36.6,38249.774445261035,12346.36386245306,221955500.67378443,1606278.0881690488,0.0,1760.72265625,51.549,50.0,1815.0,99.3,39.16796875,4,24.69905185699463,53.7,47.6875,51,3.44116473197937,50.2,37.9296875,23,3.6581246852874756,42.3,4.78125,406,1771005980.5627737,40.3,1534.484375,42,14.41755485534668
2026-02-13T21:06:24,gaming,24.2,37.1,161351.8997193018,49757.991034651066,282701706.488569,2048568.856176003,9.0,1851.26171875,51.473,51.0,1815.0,100.4,39.18359375,4,26.520591497421265,55.8,347.47265625,91,16842.67804121971,43.0,38.578125,6,12.295994997024536,27.5,4.78515625,407,1771005982.4895442,13.3,33.97265625,8,16844.882259130478
2026-02-13T21:06:26,gaming,18.9,37.5,52061.145852390764,26975.714550607165,117490305.67057736,1727033.675256789,0.0,2535.70703125,51.467,51.0,1815.0,100.0,39.21484375,4,28.443222284317017,53.1,1791.28515625,73,18.101866960525513,33.7,338.44921875,91,16844.766497612,29.2,69.921875,6,13.865238904953003,19.4,4.78515625,410,1771005984.3474357
2026-02-13T21:06:27,gaming,16.8,37.9,29112.663213212447,6372.932244875054,86803587.26325384,2296279.459610071,0.0,2535.70703125,51.391,51.0,1815.0,112.7,1824.00390625,73,19.68252158164978,98.8,39.203125,6,30.18558382987976,12.9,4.78515625,410,1771005986.1588533,9.6,136.296875,150,16848.625640153885,6.5,115.40625,37,16814.8968770504
2026-02-13T21:06:29,gaming,11.4,38.0,495.2439777010575,384.48247112010114,118102585.72278576,311578.48361605656,6.0,2581.33984375,51.383,51.0,1815.0,110.7,1847.06640625,74,21.249876260757446,100.7,39.19921875,6,31.750447750091553,10.0,115.41015625,37,16816.46359729767,7.0,4.78515625,410,1771005987.730119,6.0,136.30078125,150,16850.195073843002
2026-02-13T21:06:31,gaming,13.3,38.4,2278.2437835933683,32.17185259258417,106808644.12722583,381601.0675515051,7.0,2681.5625,49.723,51.0,1815.0,99.3,39.19921875,6,33.4505352973938,68.6,550.7890625,26,16815.77200269699,24.1,1893.3203125,81,23.198191165924072,19.5,4.78515625,411,1771005989.4104662,12.0,384.453125,279,16846.872142076492
2026-02-13T21:06:32,gaming,12.6,39.0,12453.286353159918,4480.353163008573,27086253.718886375,243606.78181588755,8.0,2681.5625,51.021,51.0,1815.0,100.5,39.19921875,6,35.284515619277954,43.8,2053.5546875,82,24.839237689971924,9.4,30.38671875,13,16851.491405010223,8.7,114.453125,37,16820.000397205353,8.5,31.859375,9,3.738344192504883
2026-02-13T21:06:34,gaming,9.7,39.4,6178.440341562009,1787.7165734461921,27658603.177440226,470961.17913792207,8.0,2681.5625,51.525,51.0,1815.0,99.5,39.1953125,6,36.93329930305481,45.1,2056.7578125,82,26.43106746673584,9.5,136.26953125,150,16855.378682613373,6.9,23.91796875,12,250.88060212135315,5.7,114.4609375,37,16821.649428367615
2026-02-13T21:06:36,gaming,8.0,39.3,11282.818922409871,9561.527735362784,17627324.010386586,313843.4608823262,12.0,2740.1953125,52.774,52.0,1815.0,99.2,38.4921875,6,38.50793480873108,47.4,2058.609375,82,28.14374327659607,10.1,330.11328125,92,16854.8270676136,10.1,30.3515625,13,16854.832594394684,9.1,388.015625,255,16852.979281663895
2026-02-13T21:06:37,gaming,13.5,39.5,27526.73727025337,19257.089466862733,19502344.27372892,459384.2950676605,7.0,2740.0078125,51.5,52.0,1815.0,100.4,39.19921875,6,40.28193926811218,43.0,2059.765625,82,29.77910614013672,16.0,4.78515625,411,1771005996.2549582,10.6,114.46875,37,16824.996712446213,8.8,136.2734375,150,16858.724979639053
2026-02-13T21:06:39,gaming,8.5,39.5,4439.264719376051,8007.839730845695,19383983.312433094,4080771.073252791,8.0,2740.0078125,51.016,52.0,1815.0,98.5,39.19921875,6,41.86788296699524,44.9,2068.87890625,82,31.41556406021118,41.5,513.04296875,26,16824.015201568604,11.5,30.3515625,13,16858.10249352455,6.6,23.88671875,10,255.894296169281
2026-02-13T21:06:41,gaming,13.1,39.3,0.0,0.0,18276017.866447072,315465.65091725625,7.0,2740.0078125,51.138,52.0,1815.0,99.9,39.19921875,6,43.52573084831238,54.2,2082.671875,81,33.02815103530884,10.3,114.46875,37,16828.241531848907,8.5,4.78515625,411,1771005999.506006,7.5,136.2734375,150,16861.970888853073
2026-02-13T21:06:42,gaming,8.2,39.4,6715.073026907617,1746.7577357086523,16167740.51876825,423908.68270997726,7.0,2740.0078125,51.314,52.0,1815.0,100.3,39.19921875,6,45.09908652305603,40.6,2087.765625,81,34.6073579788208,10.0,30.390625,14,16861.287249565125,7.0,114.47265625,37,16829.811214208603,6.0,136.2734375,150,16863.5441031456
2026-02-13T21:06:44,gaming,10.6,39.4,2361.4595870190615,5138.6514380300605,17303210.74397595,172402.85307843037,7.0,2874.6328125,53.098,52.0,1815.0,98.9,39.19921875,6,46.69546842575073,51.0,2092.43359375,81,36.20040774345398,12.7,4.78515625,411,1771006002.6747985,8.8,114.48046875,37,16831.40620470047,7.8,136.2734375,150,16865.140619277954
2026-02-13T21:06:45,gaming,8.8,39.3,4644.174527170315,1711.7729266022473,15225114.635909148,314573.8061854087,7.0,2874.6328125,51.406,52.0,1815.0,100.3,39.19921875,6,48.28399348258972,46.5,2094.8984375,81,37.78076672554016,8.8,114.48828125,37,16832.99696278572,6.9,135.734375,150,16866.729626893997,6.0,23.88671875,10,262.2290337085724
2026-02-13T21:06:47,gaming,9.8,39.5,947.9607149359006,516.8960839992536,15208468.810277866,46875.41756592493,2.0,2874.6328125,51.474,52.0,1815.0,100.3,39.20703125,6,49.856866121292114,45.1,2096.14453125,81,39.339019775390625,10.0,114.48046875,37,16834.56686782837,7.0,135.734375,150,16868.30193543434,5.0,4.78515625,411,1771006005.837288
2026-02-13T21:06:48,gaming,8.2,39.4,7198.358330761414,3675.6077589414344,11445373.117095314,56323.07668060179,8.0,3002.7578125,51.527,52.0,1815.0,99.8,39.20703125,6,51.42229652404785,66.0,2099.7734375,81,40.924636363983154,8.0,4.78515625,411,1771006007.4008577,7.0,114.484375,37,16836.135678052902,6.9,23.88671875,10,265.37919783592224
2026-02-13T21:06:50,gaming,10.6,39.5,1132.3725110357716,1514.2410372949132,17055765.774500974,83239.77697149765,8.0,3130.7578125,51.561,51.0,1815.0,98.4,39.20703125,6,53.01029896736145,70.6,2104.6171875,81,42.517756938934326,13.8,30.38671875,14,16869.20561981201,9.8,114.47265625,37,16837.732164621353,8.9,135.71875,149,16871.45442700386
2026-02-13T21:06:52,gaming,11.3,39.4,2040.8334734412945,4298.3092694478955,13776050.439091215,209624.36721171284,0.0,3130.7578125,50.163,51.0,1815.0,99.9,39.20703125,6,54.605950593948364,66.8,2122.41796875,81,44.10938048362732,8.8,4.78515625,411,1771006010.580446,6.9,135.7109375,149,16873.04766511917,6.9,114.46484375,37,16839.31914973259
2026-02-13T21:06:54,gaming,10.1,39.4,113.69582382008772,212.8638479298309,13795012.439807039,835669.3582253702,0.0,3258.7578125,49.752,51.0,1815.0,103.2,2136.17578125,81,45.9554557800293,99.4,39.203125,6,56.19427490234375,14.5,30.3515625,13,16872.519855737686,10.9,114.46484375,37,16840.901731967926,6.9,135.7109375,149,16874.629476070404
2026-02-13T21:06:56,gaming,17.4,39.4,176.22957763963294,390.00807096952855,20920437.45379055,688769.2728984635,0.0,3258.7578125,50.171,50.0,1815.0,103.3,4.78515625,411,1771006014.1667717,98.3,39.33203125,6,58.212730169296265,88.6,2158.140625,81,48.03665351867676,11.4,114.46484375,37,16842.949818134308,8.3,61.125,38,16876.689413547516
2026-02-13T21:06:57,gaming,14.5,39.5,10359.449619388237,2398.5657499435833,15329555.067282418,498225.72949550464,0.0,3258.7578125,49.783,50.0,1815.0,109.0,4.78515625,411,1771006016.266986,105.3,2177.73828125,91,49.89123463630676,100.5,39.27734375,3,60.31169557571411,7.4,114.46484375,37,16845.06009221077,6.5,30.3515625,13,16876.59544658661
2026-02-13T21:06:59,gaming,13.0,39.6,13349.656778056564,11019.134628694716,17059230.7146717,238890.48397565397,13.0,3258.7578125,55.489,50.0,1815.0,99.6,39.27734375,3,61.95826983451843,62.0,2183.69921875,91,51.42888832092285,22.4,4.78515625,411,1771006017.9392412,8.8,114.46484375,37,16846.664922475815,7.5,135.7109375,149,16880.403191804886
2026-02-13T21:07:01,gaming,8.4,39.6,64085.2625801609,7438.797886495043,471994.7946057754,366501.39282228344,9.0,3258.7578125,54.849,50.0,1815.0,99.4,39.28125,3,63.56075930595398,49.9,2185.859375,91,53.088895320892334,25.4,340.58203125,36,16774.19318675995,11.3,344.90234375,95,16849.519827842712,9.4,30.3515625,13,16879.789024829865
2026-02-13T21:07:02,gaming,12.2,39.6,203197.63665838458,7241.7715594624915,170487.5913705422,553448.5242252676,9.0,3258.7578125,54.869,50.0,1815.0,100.1,38.578125,3,65.16884469985962,57.8,2185.8984375,91,54.663899660110474,11.7,344.8984375,95,16851.120176315308,7.7,135.734375,149,16883.614657878876,6.8,23.87890625,10,279.1334755420685
2026-02-13T21:07:04,gaming,9.2,39.6,100.10614026045937,870.9234202659966,906561.2061987201,207580.09244408857,9.0,3258.7578125,54.889,50.0,1815.0,99.0,38.578125,3,66.76287460327148,47.2,2185.921875,91,56.24609732627869,12.1,344.8984375,95,16852.6726872921,7.8,135.71484375,149,16885.208565235138,6.0,23.87890625,10,280.68922233581543
2026-02-13T21:07:05,gaming,10.2,39.5,226.2050674457724,1060.3362536520583,210576.3536949736,211563.43035291877,9.0,3258.7578125,54.845,50.0,1815.0,99.3,39.28125,3,68.32050037384033,48.4,2185.99609375,91,57.795324087142944,12.1,344.8984375,95,16854.2245593071,9.0,30.38671875,14,16884.49865412712,7.0,135.71484375,149,16886.76615691185
2026-02-13T21:07:07,gaming,8.0,39.5,0.0,375.66105446540087,295600.78912197525,132294.54959588402,9.0,3258.7578125,54.729,49.0,1815.0,98.7,39.28125,3,69.87153553962708,46.8,2186.03125,91,59.429505825042725,15.3,344.8984375,95,16855.863773822784,6.0,135.71484375,149,16888.31772994995,5.7,58.85546875,15,16878.230234622955
2026-02-13T21:07:09,gaming,12.2,39.5,0.0,396.2362328418172,796174.7407467357,276019.7471846752,8.0,3258.7578125,54.745,49.0,1815.0,99.9,39.28515625,3,71.51401591300964,49.3,2186.01171875,89,60.981998682022095,36.2,4.78515625,411,1771006027.4904447,7.6,135.71484375,149,16889.959994077682,7.0,336.51953125,92,16887.68376970291
2026-02-13T21:07:10,gaming,8.4,39.5,254.39421752596158,409.3551622118265,10578.667157221711,455213.27110919676,0.0,3324.0078125,51.665,49.0,1815.0,98.9,39.28515625,3,73.0626130104065,52.2,2186.71484375,89,62.538248777389526,11.1,345.16796875,95,16858.964265346527,6.0,135.71875,149,16891.509113311768,3.0,23.87890625,10,286.973219871521
2026-02-13T21:07:12,gaming,9.3,39.5,0.0,0.0,10609919.112176688,47010.99956094264,0.0,3329.5078125,49.411,48.0,1815.0,109.3,2195.5,90,64.09891486167908,99.1,39.28515625,3,74.60820770263672,11.0,345.18359375,95,16860.526596307755,10.0,30.3515625,13,16890.796199798584,7.1,114.47265625,37,16859.319811344147
2026-02-13T21:07:13,gaming,11.4,39.5,269.2901676039654,602.6970417803035,14241992.693431389,270500.6910240518,0.0,3330.3203125,51.715,48.0,1815.0,98.2,39.28515625,3,76.16713190078735,76.4,2242.8046875,90,65.65181469917297,10.1,124.33203125,61,16890.95240998268,9.1,345.18359375,95,16862.078632116318,5.0,135.71875,149,16894.612441778183
2026-02-13T21:07:15,gaming,9.7,39.8,311.4147233445783,388.6249853308374,20833181.73018037,555419.7406243533,2.0,3498.6328125,49.667,48.0,1815.0,100.5,39.28515625,3,77.72218298912048,97.8,2288.015625,90,67.20124530792236,8.1,30.3515625,13,16893.900616168976,7.1,111.76171875,61,16892.501061677933,7.0,135.71875,149,16896.166771173477
2026-02-13T21:07:16,gaming,12.1,39.8,31.99791517489934,34.55774838889129,22380396.524608765,744112.7973088912,2.0,3726.0703125,50.501,48.0,1815.0,132.7,2316.34375,90,68.76738905906677,99.9,39.28515625,3,79.28602147102356,6.0,61.2265625,38,16897.720963716507,5.0,4.78515625,411,1771006035.2620428,5.0,135.71875,149,16897.72863459587
2026-02-13T21:07:18,gaming,11.0,40.0,99.52933531445427,81.66509564262914,29579750.96252542,533763.0651202241,0.0,3777.3828125,50.449,48.0,1815.0,109.8,2360.3203125,91,70.34670233726501,99.6,39.28515625,3,80.8551242351532,4.0,4.78515625,411,1771006036.8286836,4.0,114.59765625,37,16865.568872451782,2.0,107.19921875,40,16854.321065187454
2026-02-13T21:07:19,gaming,11.5,40.0,11715.326003645763,2404.134655482381,15768710.969801553,92764.75517038103,12.0,3777.3828125,55.493,48.0,1815.0,155.6,2367.28125,90,71.90343427658081,100.1,39.28125,3,82.431401014328,9.0,30.3515625,13,16898.605430603027,7.0,336.8828125,92,16898.600377321243,6.9,61.234375,38,16900.86623263359
2026-02-13T21:07:21,gaming,13.0,40.1,1147.677037319952,42.770572819377094,10235241.738334212,322173.87603483273,8.0,3777.5078125,54.808,48.0,1815.0,118.3,2370.12109375,90,73.44892764091492,100.1,38.578125,3,83.97657370567322,3.0,4.78515625,411,1771006039.9508393,3.0,114.61328125,37,16868.686041116714,3.0,332.35546875,92,16900.149477481842
2026-02-13T21:07:23,gaming,10.9,40.1,709.0994274204756,256.75388072816867,21715032.7298213,223772.15641666533,6.0,3906.3203125,55.162,48.0,1815.0,143.6,2388.06640625,90,75.02689123153687,98.8,39.28125,3,85.54258728027344,10.9,30.38671875,14,16901.72624564171,6.9,345.18359375,95,16871.462430238724,4.0,114.53125,37,16870.260593891144
2026-02-13T21:07:24,gaming,13.7,40.2,776.985809375701,199.03084772185446,13968658.535988959,241368.28138084174,6.0,3906.5078125,55.115,48.0,1815.0,126.5,2410.18359375,90,76.5956540107727,99.5,39.28125,3,87.11311030387878,7.7,113.80859375,49,60.6163444519043,7.0,114.53125,37,16871.824010372162,7.0,61.25390625,38,16905.54787158966
2026-02-13T21:07:26,gaming,11.4,40.3,6602.614667290966,5064.832825167013,35654044.8844743,600893.0545720276,7.0,4162.5078125,54.451,48.0,1815.0,122.6,2437.93359375,90,78.20202493667603,99.8,39.28125,3,88.72489142417908,3.9,4.78515625,411,1771006044.7026272,1.9,114.51171875,37,16873.435044527054,1.9,332.4296875,92,16904.901479005814
2026-02-13T21:07:27,gaming,12.3,40.3,5563.468867183693,2765.3429308635755,35281199.033135876,205039.05781384005,7.0,4162.5078125,54.237,48.0,1815.0,136.3,2445.70703125,90,79.76161193847656,99.5,39.28125,3,90.27929830551147,10.0,30.38671875,14,16906.46161866188,8.0,61.07421875,38,16908.709992170334,4.0,384.765625,278,16903.438853740692
2026-02-13T21:07:29,gaming,11.5,40.4,0.0,418.95592757047103,16668625.722169193,222107.32244007173,3.0,4162.5078125,54.283,48.0,1815.0,131.6,2513.87890625,90,81.32834458351135,99.6,39.28125,3,91.83288669586182,6.0,114.51171875,37,16876.545039892197,3.0,4.78515625,411,1771006047.808508,1.0,135.71484375,149,16910.27887415886
2026-02-13T21:07:30,gaming,10.4,40.6,446.0851906541375,907.9665991076424,19319810.600514058,170164.44031933014,6.0,4292.0078125,54.957,49.0,1815.0,125.6,2538.03515625,90,82.89557695388794,100.4,39.28125,3,93.4202048778534,8.9,30.38671875,14,16909.598638534546,3.9,61.08203125,38,16911.852598667145,3.0,114.51171875,37,16878.129519224167
2026-02-13T21:07:32,gaming,13.5,40.7,26.763241601466746,26.763241601466746,25100882.357034,222507.041794442,9.0,4430.6953125,56.066,49.0,1815.0,142.0,2570.48828125,90,84.46044445037842,98.9,39.28125,3,94.98383283615112,5.0,4.78515625,411,1771006050.9597187,5.0,345.17578125,95,16880.889461040497,4.0,114.515625,37,16879.692363739014
2026-02-13T21:07:34,gaming,11.4,40.8,2111.9112998426676,155.3914668780558,26303599.036254127,473417.4409084834,12.0,4430.6953125,54.804,49.0,1815.0,119.5,2597.8359375,90,86.02662515640259,98.5,39.28125,3,96.53865194320679,5.0,114.515625,37,16881.249351739883,5.0,30.38671875,14,16912.726702213287,2.0,385.50390625,252,16910.872679948807
2026-02-13T21:07:35,gaming,12.4,40.9,2321.5599401537293,788.1878923164996,30990705.822859753,174500.17806178454,8.0,4430.7578125,54.166,49.0,1815.0,125.9,2612.94921875,90,87.56535911560059,100.2,39.28125,3,98.0980658531189,6.0,4.78515625,411,1771006054.074914,6.0,114.52734375,37,16882.806403398514,6.0,61.2578125,38,16916.52912211418
2026-02-13T21:07:37,gaming,10.4,40.9,462.2257235509626,0.0,24390479.08274244,362261.01846657787,6.0,4686.7578125,55.353,49.0,1815.0,131.7,2620.37109375,90,89.11911654472351,99.8,39.28125,3,99.64752888679504,6.0,114.54296875,37,16884.360485315323,4.0,4.78515625,411,1771006055.6256511,1.0,20.0,16,16918.275314331055
2026-02-13T21:07:38,gaming,9.3,41.0,4921.23909466471,2634.3866194496336,17897323.733944755,65730.63695134778,6.0,4767.0078125,53.769,49.0,1815.0,100.5,39.27734375,3,101.18680095672607,96.8,2645.15234375,89,90.66931867599487,10.1,30.3515625,13,16917.36741232872,4.1,4.78515625,411,1771006057.1652668,4.1,114.53125,37,16885.897655010223
2026-02-13T21:07:40,gaming,11.8,41.1,638.7325319183326,1204.2100249647438,24870152.5261756,67117.03772012675,17.0,4895.1328125,53.906,50.0,1815.0,104.1,2801.484375,89,92.23042106628418,98.4,39.27734375,3,102.74256181716919,8.0,4.78515625,411,1771006058.7220647,3.0,114.5625,37,16887.455057144165,2.0,61.26953125,38,16921.17898583412
2026-02-13T21:07:41,gaming,10.1,41.6,434.5958216316851,399.59908636119803,44677234.39060729,125428.29920942572,20.0,5023.5078125,54.675,50.0,1815.0,120.8,2818.375,89,93.79551935195923,100.2,39.27734375,3,104.31801962852478,7.0,344.90234375,95,16890.22049498558,6.0,30.3515625,13,16920.499987840652,5.0,114.5625,37,16889.03001856804
2026-02-13T21:07:43,gaming,11.7,41.7,1503.0515420193235,702.5412439112619,20386143.299575597,69630.21620387289,7.0,5024.3203125,55.97,50.0,1815.0,111.5,2838.9609375,89,95.33674836158752,99.0,39.27734375,3,105.86551833152771,8.1,61.10546875,38,16924.2973177433,5.1,114.5546875,37,16890.575127840042,4.1,384.89453125,278,16919.01477909088
2026-02-13T21:07:44,gaming,9.9,41.8,701.8951433980752,432.98726378452693,26138689.735269774,284362.59494165285,25.0,5281.2578125,55.571,50.0,1815.0,145.8,2851.91015625,89,96.90149736404419,98.5,39.27734375,3,107.40343952178955,5.1,114.5546875,37,16892.116721630096,5.0,30.38671875,14,16923.59916996956,3.1,4.78515625,411,1771006063.3805504
2026-02-13T21:07:46,gaming,13.0,41.8,1254.3878514217286,1055.8562372781369,50208320.92733239,71578.62646524966,7.0,5411.1953125,57.019,50.0,1815.0,145.0,2864.4375,89,98.46407175064087,100.6,39.27734375,3,108.97172164916992,6.0,4.78515625,411,1771006064.947589,6.0,114.5546875,37,16893.682475328445,5.0,61.28515625,38,16927.407974481583
2026-02-13T21:07:48,gaming,11.1,41.8,97.2337688562384,1425.2423487611786,32212667.400585294,182758.54491547294,7.0,5539.1953125,54.162,50.0,1815.0,124.4,2905.890625,89,100.03399419784546,100.0,38.578125,3,110.53373599052429,7.0,114.5546875,37,16895.253489732742,3.0,248.48828125,47,16908.289640665054,2.0,4.78515625,411,1771006066.509345
2026-02-13T21:07:49,gaming,13.4,42.0,266.3448483832533,1040.764585270106,27842453.398082856,67214.83642991219,5.0,5667.1953125,57.101,50.0,1815.0,127.9,3012.16796875,89,101.61000418663025,98.4,39.2734375,3,112.12085509300232,7.9,4.78515625,411,1771006068.0959754,7.9,30.3515625,13,16928.311670541763,5.9,61.3046875,38,16930.559396743774
2026-02-13T21:07:51,gaming,10.6,42.3,569.3017477550165,590.8566023470773,11841070.614864964,49337.79422860402,7.0,5795.1953125,55.186,51.0,1815.0,115.6,3018.75,89,103.19205141067505,99.9,39.27734375,3,113.7012255191803,6.9,114.5546875,37,16898.411945581436,5.0,135.71484375,149,16932.14431643486,4.0,344.90625,95,16899.613431215286
2026-02-13T21:07:52,gaming,12.2,42.3,52364.0855999881,3880.6363105240907,32428895.987015113,72996.9521373441,8.0,5795.1953125,55.798,51.0,1815.0,127.3,3022.5078125,89,104.776123046875,100.4,39.28125,3,115.27269077301025,7.0,114.5546875,37,16899.984941720963,6.9,30.3828125,14,16931.478014469147,5.0,61.12890625,38,16933.707629680634
2026-02-13T21:07:54,gaming,11.9,42.3,251.41409038709895,332.2708832754122,25356690.24977503,1667913.9237001254,0.0,5795.3203125,51.079,50.0,1815.0,115.7,3036.93359375,89,106.34203696250916,99.9,39.28515625,3,116.85182285308838,7.9,4.78515625,411,1771006072.826706,5.9,135.71484375,149,16935.296986341476,4.0,114.5546875,37,16901.562980413437
2026-02-13T21:07:55,gaming,10.3,42.3,6922.830086173195,1592.942946522266,24497786.275055453,23949.250027842405,8.0,5923.3828125,54.991,51.0,1815.0,155.4,3061.09375,89,107.90045976638794,100.3,39.28515625,3,118.41019654273987,7.0,30.3515625,13,16934.606288194656,6.0,114.5546875,37,16903.122096776962,4.0,344.90625,95,16904.31898546219
2026-02-13T21:07:57,gaming,13.6,42.4,141.58293101067605,434.99914097850245,24732039.525253154,180406.12385794742,9.0,5963.8828125,55.738,51.0,1815.0,137.0,3061.17578125,89,109.4516019821167,100.1,39.28515625,3,119.97176146507263,6.0,135.71484375,149,16938.41728591919,5.0,114.5390625,37,16904.68118572235,5.0,61.13671875,38,16938.404591560364
2026-02-13T21:07:59,gaming,10.6,42.5,158.8920819969115,148.5576376393888,18241534.424350463,42329.88408841297,14.0,5964.2578125,55.648,52.0,1815.0,139.4,3079.6484375,89,111.01022410392761,99.6,39.28515625,3,121.52449917793274,7.0,345.1953125,95,16907.424648046494,5.0,135.71875,149,16939.96661233902,5.0,114.54296875,37,16906.239251613617
2026-02-13T21:08:00,gaming,13.1,42.5,600.8988197780551,665.2348818527934,6664433.7044280525,101784.79708720188,9.0,5964.2578125,64.599,52.0,1815.0,288.0,2990.578125,89,112.60468769073486,97.8,39.28515625,3,123.07526779174805,9.9,30.390625,14,16939.290994405746,6.1,114.5546875,37,16907.78756260872,6.1,61.73828125,38,16941.509362220764
2026-02-13T21:08:02,gaming,18.5,42.3,25245.92241518691,4980.556250071846,7140381.919338607,57707.82801189607,0.0,6068.7578125,54.602,51.0,1815.0,121.5,3013.7109375,90,114.17333245277405,99.6,39.28515625,3,124.67549514770508,4.9,135.71484375,149,16943.11702823639,4.9,114.5546875,37,16909.391513347626,4.0,345.18359375,95,16910.589726924896
2026-02-13T21:08:04,gaming,10.8,42.4,5214.025424459839,4119.155723989972,11868533.787848977,94881.14350738523,31.0,7177.1328125,72.783,53.0,1815.0,583.8,3072.64453125,91,115.99758696556091,99.5,39.28515625,3,126.26148200035095,6.9,135.71484375,149,16944.706926822662,6.9,114.5546875,37,16910.980112075806,4.8,31.07421875,9,16928.529252767563
2026-02-13T21:08:05,gaming,44.9,42.6,36923.04481542077,32492.907965077313,17506250.9478514,379127.7922414969,26.0,7257.1328125,67.554,53.0,1815.0,524.1,3086.421875,91,117.86806344985962,99.6,39.28515625,3,128.31736755371094,10.7,4.78515625,411,1771006084.2743807,10.7,114.5546875,37,16913.0314347744,9.2,135.71484375,149,16946.75784945488
2026-02-13T21:08:07,gaming,15.1,42.7,22052.521973513514,9189.80256613599,23431452.599608526,80598.68423875424,0.0,7343.4453125,50.061,51.0,1815.0,217.7,3171.30859375,92,119.47573709487915,99.9,39.28515625,3,129.9592306613922,9.4,4.78515625,411,1771006085.9355993,7.6,135.71484375,149,16948.404453516006,6.7,114.5546875,37,16914.671715974808
2026-02-13T21:08:09,gaming,18.3,42.8,1963.7029601380514,2642.0958729315926,8508155.62797428,157296.87057453202,0.0,7343.4453125,49.806,51.0,1815.0,362.0,3160.7421875,92,121.09015965461731,99.4,39.28515625,3,131.56349778175354,12.5,30.3515625,13,16947.7781291008,7.7,61.94921875,38,16950.011660337448,6.8,135.71484375,149,16950.003893375397
2026-02-13T21:08:10,gaming,22.9,42.9,9830.14588540965,5119.281720272112,548443.636193165,1003288.7294515376,0.0,7349.4453125,49.807,51.0,1815.0,352.7,3180.20703125,92,122.71161341667175,99.8,39.28515625,3,133.1922640800476,8.6,135.71484375,149,16951.635013103485,6.7,114.5546875,37,16917.90772509575,5.8,345.1796875,95,16919.143938302994
2026-02-13T21:08:12,gaming,17.4,43.1,1295.5651777935816,576.9849732590577,562089.4044358942,791715.7009071487,0.0,7580.7578125,50.503,50.0,1815.0,216.2,3236.06640625,92,124.33012771606445,100.3,39.28515625,2,134.79644799232483,9.7,30.3515625,13,16951.018023490906,8.7,114.5546875,37,16919.516365766525,7.8,135.6875,148,16953.239315986633
2026-02-13T21:08:13,gaming,17.5,43.3,12313.224697841359,6589.750170738563,1159133.656661986,743756.3391955047,25.0,7596.9453125,56.919,51.0,1815.0,147.8,3287.91796875,92,125.92611789703369,98.4,39.28125,2,136.41680693626404,8.7,114.5546875,37,16921.140932798386,6.8,4.78515625,411,1771006092.3877685,6.8,135.6796875,148,16954.85751104355
2026-02-13T21:08:15,gaming,11.6,43.4,20385.403036431802,21508.19305657351,22249102.303579267,526350.9941840097,98.0,7618.3203125,131.111,57.0,1995.0,236.1,3295.33984375,92,127.64034247398376,98.4,39.28125,2,138.021075963974,11.1,30.390625,14,16954.315655469894,7.8,135.6796875,148,16956.463693141937,7.7,114.5625,37,16922.757583856583
2026-02-13T21:08:17,gaming,21.2,43.4,8704.47448104489,3919.986957904768,37710461.751726784,172538.89497650115,94.0,7618.3203125,223.562,63.0,1980.0,364.1,3319.5234375,92,129.67969298362732,100.3,39.27734375,2,139.86087346076965,11.2,4.78515625,411,1771006095.8091602,11.1,135.6796875,148,16958.288902044296,10.9,114.56640625,37,16924.61828136444
2026-02-13T21:08:19,gaming,23.6,43.5,10523.234492319396,4585.19877301943,19987972.618874036,116585.07703391874,0.0,7618.3203125,63.466,53.0,1995.0,373.6,3329.5234375,92,131.50200366973877,98.7,39.27734375,2,141.96650004386902,14.1,135.6875,148,16960.39018535614,11.2,114.5703125,37,16926.701673269272,9.0,30.3515625,13,16958.20169854164
2026-02-13T21:08:21,gaming,19.2,43.5,30856.67554532849,4128.684362686028,6658617.35345799,298864.10347698437,21.0,7618.3828125,134.961,55.0,1995.0,299.5,3346.90234375,92,133.27057099342346,99.3,39.27734375,2,143.60237216949463,13.3,135.6796875,148,16962.0302464962,10.6,114.5703125,37,16928.31906890869,5.8,61.1484375,35,16962.053374052048
2026-02-13T21:08:22,gaming,19.0,43.6,92717.07167412742,33470.70720692205,33759617.13955276,519757.0149323347,25.0,7618.3828125,68.428,51.0,1815.0,188.1,3356.5703125,92,134.87394070625305,98.4,39.27734375,2,145.37982988357544,14.0,114.578125,37,16930.106152296066,13.0,135.703125,148,16963.82089447975,10.6,30.3515625,13,16961.578789711
2026-02-13T21:08:24,gaming,16.1,43.6,86678.88202542195,10090.784749253979,14236845.538687402,463029.1441414869,18.0,7701.0703125,65.945,51.0,1815.0,209.0,3380.29296875,92,136.48133993148804,98.6,39.27734375,2,146.94807958602905,10.9,4.78515625,411,1771006102.925457,8.0,114.5859375,37,16931.660125255585,8.0,61.14453125,35,16965.393934249878
2026-02-13T21:08:26,gaming,16.7,43.7,88438.04223252577,15219.01120763023,23981797.380262528,188469.75309045793,65.0,7781.0703125,128.633,58.0,1995.0,235.0,3468.04296875,92,138.37086391448975,99.6,39.2734375,2,148.7832052707672,9.4,135.70703125,148,16967.229671001434,9.4,30.3515625,13,16964.99631667137,6.8,114.58984375,37,16933.494346618652
2026-02-13T21:08:28,gaming,22.3,43.9,124625.37549605129,26519.85628687207,16161314.01082321,125317.01932752124,34.0,7781.1328125,94.303,53.0,1995.0,347.8,3482.2265625,92,140.36847186088562,99.6,39.2890625,3,150.72949981689453,15.9,114.58984375,37,16935.458009004593,13.0,135.70703125,148,16969.15171790123,6.3,61.1484375,35,16969.189720392227
2026-02-13T21:08:30,gaming,18.4,44.1,135066.09309706223,34525.047016633966,19878017.62150829,344440.36463762546,23.0,7781.1328125,66.797,52.0,1815.0,251.3,3490.37890625,92,142.10344338417053,100.2,39.2890625,3,152.53934979438782,9.4,135.7109375,148,16970.976512670517,8.6,114.58203125,37,16937.264714717865,7.9,30.390625,14,16968.787509441376
2026-02-13T21:08:32,gaming,17.7,44.2,134291.1507102663,33115.538199644325,18390159.86716261,245374.32407028764,55.0,7781.5703125,145.902,56.0,1995.0,306.1,3496.5859375,92,143.93764853477478,98.5,39.29296875,3,154.23644161224365,14.7,114.58203125,37,16938.96596121788,13.7,4.78515625,411,1771006110.204031,11.0,135.7265625,148,16972.677158117294
2026-02-13T21:08:34,gaming,22.8,44.1,196308.74127075245,81090.70324343348,6037751.193630183,181938.8258573091,15.0,7781.5703125,71.151,51.0,1995.0,556.3,3509.3125,92,145.95544481277466,99.2,39.29296875,3,156.22154188156128,14.3,135.7109375,148,16974.650362491608,12.1,344.921875,95,16942.382400751114,11.7,114.5625,37,16940.973918914795
2026-02-13T21:08:36,gaming,30.5,44.2,198879.56956884617,120211.55918386717,4332170.733683294,219535.67907178856,57.0,7781.5703125,152.04,58.0,1995.0,461.1,3522.546875,92,147.7728304862976,100.1,39.2890625,3,158.07797527313232,11.7,135.7109375,148,16976.523060560226,10.3,114.5625,37,16942.793050527573,6.6,4.78515625,411,1771006114.0514846
2026-02-13T21:08:38,gaming,28.3,44.3,207576.8570117099,130294.13640585306,6468240.74833907,318386.2495878211,41.0,7781.5703125,150.058,56.0,1995.0,462.3,3525.32421875,92,149.9119279384613,98.4,39.2890625,3,160.09474277496338,15.7,135.70703125,148,16978.522063970566,13.1,344.9140625,95,16946.43377351761,10.3,4.78515625,411,1771006116.0297294
2026-02-13T21:08:40,gaming,27.7,44.3,253412.4573209897,111496.72125021237,24348114.177907526,267603.7042633894,66.0,7781.5703125,164.716,59.0,1995.0,445.4,3528.1171875,91,152.05916047096252,99.6,39.2890625,3,162.22849583625793,24.8,4.78515625,411,1771006118.1716614,14.6,135.68359375,148,16980.65790629387,13.9,345.0390625,95,16948.566880464554
2026-02-13T21:08:42,gaming,27.8,44.3,242144.36722568632,135021.09764457587,16383771.212739874,101341.92442214215,68.0,7909.5703125,167.908,59.0,1995.0,448.5,3531.97265625,91,154.2078719139099,99.4,39.2890625,3,164.36684441566467,14.6,135.69140625,148,16982.793746471405,11.7,345.3046875,95,16950.695348978043,10.2,114.57421875,37,16949.127415657043
2026-02-13T21:08:44,gaming,28.1,44.3,255248.4329842649,129976.76056307564,9094127.41474739,104266.03840594077,62.0,7909.5703125,168.568,61.0,1995.0,488.1,3532.07421875,90,156.29512882232666,100.0,39.2890625,3,166.47646927833557,18.5,135.703125,148,16984.9036591053,11.5,345.3125,95,16952.86302781105,10.5,30.3515625,13,16982.899990320206
2026-02-13T21:08:46,gaming,29.7,44.4,245009.71435320997,83817.0350859522,1391912.9624427177,33568.55310238891,25.0,7909.5703125,184.198,59.0,1980.0,430.7,3537.23046875,90,158.4609191417694,99.9,39.2890625,3,168.64902758598328,14.4,135.703125,148,16987.07488512993,13.4,345.3046875,95,16954.965849161148,10.1,4.78515625,411,1771006124.5867636
2026-02-13T21:08:48,gaming,24.9,44.4,260080.52575013047,86687.0500402648,8168393.315999546,77874.52942749142,54.0,7909.6328125,151.789,59.0,1995.0,427.8,3540.515625,90,160.4371054172516,99.5,39.2890625,3,170.7072238922119,14.4,135.68359375,148,16989.136216402054,13.8,345.3125,95,16957.000992059708,11.0,30.390625,14,16987.03188252449
2026-02-13T21:08:50,gaming,29.2,44.4,252181.04036060022,200915.8057497901,18970262.41660387,151154.5318487171,57.0,7909.6328125,154.02,60.0,1995.0,490.7,3544.20703125,90,162.6470308303833,99.4,39.2890625,3,172.79741430282593,19.4,135.6875,148,16991.226749181747,8.7,345.3046875,95,16959.160479784012,7.5,114.5859375,37,16957.547120571136
2026-02-13T21:08:52,gaming,27.7,44.4,287351.2674066207,197353.23920684372,7589743.070662018,64275.63662966897,47.0,7909.6328125,152.185,59.0,1995.0,475.2,3546.91796875,90,164.74156260490417,98.8,39.2890625,3,174.93196725845337,17.5,135.70703125,148,16993.366772651672,11.6,4.78515625,411,1771006130.8917823,8.8,114.59375,37,16959.67880344391
2026-02-13T21:08:55,gaming,26.2,44.4,332546.40184944816,195793.30193723945,4554682.913477146,108610.14351605998,51.0,7909.6328125,157.716,60.0,1995.0,477.3,3547.4296875,90,166.8785080909729,100.4,39.2890625,3,177.01896739006042,12.8,135.703125,148,16995.44314432144,8.1,30.3515625,13,16993.46837592125,5.1,345.3046875,95,16963.389361143112
2026-02-13T21:08:57,gaming,31.2,44.5,328611.8126564396,259456.09939784155,14083796.655724905,1238782.4766133016,57.0,7866.0078125,149.671,60.0,1995.0,512.7,3546.6015625,90,169.0040283203125,100.0,39.2890625,3,179.17405700683594,20.9,4.78515625,411,1771006135.1238854,12.3,135.7109375,148,16997.60893201828,8.8,114.6015625,37,16963.916199445724
2026-02-13T21:08:59,gaming,32.3,44.7,299899.29962850304,207284.38457026688,7298687.2939001955,157972.5605926842,60.0,7866.0078125,159.46,60.0,1995.0,471.7,3547.27734375,90,171.34194898605347,98.9,39.29296875,3,181.5120964050293,15.9,114.58984375,37,16966.271653413773,12.7,135.6875,148,16999.93859386444,8.8,4.78515625,411,1771006137.4324214
2026-02-13T21:09:01,gaming,25.4,44.7,339066.9261260502,165479.62061880648,10738512.876418341,41711.65684528718,58.0,7866.0078125,155.135,60.0,1995.0,532.2,3547.51171875,90,173.56244230270386,99.5,39.296875,3,183.67860221862793,13.3,30.390625,14,17000.165108919144,12.3,135.71484375,148,17002.104706525803,10.1,4.78515625,411,1771006139.603726
2026-02-13T21:09:03,gaming,31.8,44.7,340100.16088792065,195922.1250541088,3515308.187085051,68368.66529470531,65.0,7871.3828125,148.946,61.0,1995.0,425.3,3546.87890625,90,175.66679859161377,99.8,39.296875,3,185.88599276542664,12.0,4.78515625,411,1771006141.814017,11.3,114.59375,37,16970.636596679688,10.6,135.69921875,148,17004.31118607521
2026-02-13T21:09:06,gaming,28.6,44.7,334102.03306632413,186855.85378024518,2962803.0814807154,61116.335753752435,60.0,7972.1953125,141.44,61.0,1995.0,459.4,3548.7578125,90,177.80297684669495,99.8,39.296875,3,187.98290419578552,16.4,135.69921875,148,17006.40813779831,10.8,30.38671875,14,17004.443586349487,8.9,4.78515625,411,1771006143.9155197
2026-02-13T21:09:08,gaming,28.0,44.8,328220.1984254681,192694.21710873544,12580453.768639654,92949.67350171035,22.0,7972.1953125,133.698,56.0,1980.0,510.6,3549.64453125,90,179.9498360157013,98.8,39.296875,3,190.1338996887207,12.4,135.6875,148,17008.562554359436,8.7,4.78515625,411,1771006146.0711555,7.5,114.59375,37,16974.89829969406
2026-02-13T21:09:10,gaming,24.8,44.8,327442.4595765544,181888.3464518945,20361463.402347904,211863.1735815889,64.0,7972.1953125,171.256,61.0,1980.0,404.5,3549.71875,90,181.95925903320312,98.8,39.30078125,3,192.14242219924927,10.9,114.59765625,37,16976.8973839283,9.4,4.78515625,411,1771006148.0683026,9.3,135.6875,148,17010.567784309387
2026-02-13T21:09:12,gaming,25.7,44.8,341831.138650151,233729.29835650025,377541.6951994272,137244.11113754686,60.0,7972.1953125,169.27,61.0,1980.0,460.7,3549.72265625,90,184.2044916152954,97.9,39.30078125,3,194.265362739563,12.5,135.6796875,148,17012.691914319992,10.3,4.78515625,411,1771006150.1951776,8.8,114.60546875,37,16979.025165319443
2026-02-13T21:09:14,gaming,32.3,44.9,317571.31032197515,212883.28884261145,542499.8988768815,124616.45404395896,65.0,7972.1953125,171.194,62.0,1980.0,465.1,3551.2578125,90,186.45880460739136,98.5,39.30078125,3,196.58031964302063,17.5,27.5,11,15.910351991653442,15.6,112.7890625,59,17011.70779633522,11.4,4.78515625,411,1771006152.5193746
2026-02-13T21:09:16,gaming,24.7,44.8,319453.6363715261,213005.52251741683,417701.8957330222,399673.2825203301,66.0,7972.1953125,173.157,63.0,1980.0,426.4,3551.265625,90,188.58389902114868,99.9,39.30078125,3,198.76859259605408,15.0,135.68359375,148,17017.196232557297,10.9,30.390625,14,17015.19116783142,10.0,114.609375,37,16983.51845216751
2026-02-13T21:09:18,gaming,29.4,44.8,341844.7270435298,219638.56406825868,926820.5004760915,47789.18205579847,63.0,7972.1953125,171.333,62.0,1980.0,453.7,3551.26953125,90,190.70839548110962,100.0,39.30078125,3,200.87874913215637,15.5,4.78515625,411,1771006156.8270276,12.6,135.69921875,148,17019.307218313217,8.1,114.609375,37,16985.63405585289
2026-02-13T21:09:21,gaming,26.1,44.8,316815.15910304856,244125.27976662168,592825.8838758182,95547.90170185013,67.0,7972.1953125,175.491,63.0,1980.0,512.6,3551.27734375,90,192.85774183273315,99.2,39.30078125,3,203.03518533706665,12.3,135.6875,148,17021.460437059402,8.7,30.3515625,13,17019.457452058792,7.3,114.48046875,37,16987.788846969604
2026-02-13T21:09:23,gaming,27.1,44.8,322163.0481985631,219093.6151270367,926892.2771000091,16172.339209817867,68.0,7972.1953125,174.054,63.0,1980.0,449.2,3551.28515625,90,194.98965525627136,99.8,38.6171875,3,205.16479086875916,13.2,135.68359375,148,17023.592547416687,8.8,114.56640625,37,16989.919749736786,3.7,4.78515625,411,1771006161.1037617
2026-02-13T21:09:25,gaming,25.7,44.8,341021.84932180285,234193.9304260429,214543.4709962818,31367.404799679593,63.0,7972.1953125,171.997,63.0,1980.0,423.3,3551.29296875,90,197.09780406951904,100.4,39.296875,3,207.2961778640747,11.0,135.6796875,148,17025.723798513412,10.2,4.78515625,411,1771006163.2382774,8.8,114.5703125,37,16992.044984340668
2026-02-13T21:09:27,gaming,26.1,44.8,323640.7856777368,188013.95883580513,968712.7785421156,11230.037251244283,65.0,7972.1953125,169.171,63.0,1980.0,428.9,3550.16015625,90,199.1818232536316,99.4,39.296875,3,209.38588309288025,13.5,135.6796875,148,17027.809420108795,9.0,114.57421875,37,16994.13255262375,8.2,30.390625,14,17025.80492258072
2026-02-13T21:09:29,gaming,27.7,44.8,343748.11064021225,188807.84414424183,383117.04007770534,178120.10345449438,67.0,7972.1953125,174.935,64.0,1980.0,493.5,3550.1640625,90,201.32740187644958,98.6,39.296875,3,211.49414086341858,16.4,4.78515625,411,1771006167.4349368,14.1,135.6796875,148,17029.921455860138,10.4,114.5859375,37,16996.24120736122
2026-02-13T21:09:31,gaming,25.8,44.8,278957.76404080936,180602.27429376557,588061.4330157938,151549.92287541763,65.0,7972.1953125,169.853,63.0,1980.0,493.0,3550.94921875,88,203.41021513938904,99.6,39.296875,3,213.62672996520996,13.2,135.6796875,148,17032.05593085289,10.5,30.3515625,13,17030.008728265762,6.8,385.37109375,277,17027.07943701744
2026-02-13T21:09:33,gaming,30.0,44.8,314560.9699792024,172861.69783647955,250599.51288619437,54084.46518344625,64.0,7972.1953125,158.66,63.0,1980.0,488.7,3551.05078125,88,205.60369992256165,100.1,39.296875,3,215.73528695106506,15.7,135.68359375,148,17034.153404951096,8.8,114.578125,37,17000.493921279907,8.2,4.78515625,411,1771006171.666929
2026-02-13T21:09:36,gaming,29.5,44.8,339136.00379923894,158881.22111055555,3316827.5425998177,45578.615087344035,64.0,8006.3828125,164.741,64.0,1980.0,500.6,3551.48046875,88,207.8161220550537,100.0,39.296875,3,217.93830132484436,15.5,135.70703125,148,17036.36712861061,11.2,30.38671875,14,17034.405442476273,10.7,114.61328125,37,17002.69485759735
2026-02-13T21:09:38,gaming,27.2,44.5,347860.97558171145,165692.06784662828,2027676.7426906957,22078.36174532552,61.0,8006.3828125,169.928,64.0,1980.0,423.9,3551.890625,88,210.00966215133667,98.7,39.296875,3,220.2489151954651,28.0,103.51171875,86,17038.77646303177,18.9,163.57421875,148,17038.681926727295,12.8,4.78515625,411,1771006176.199424
2026-02-13T21:09:40,gaming,27.7,44.6,342640.55368135124,208144.09625266067,1151559.9629316938,79969.4418702565,66.0,8006.3828125,172.579,63.0,1980.0,449.6,3551.9609375,88,212.1266746520996,98.4,39.296875,3,222.29810333251953,21.4,4.78515625,411,1771006178.2484577,13.0,163.5703125,148,17040.729843378067,10.4,30.3515625,14,17038.72834944725
2026-02-13T21:09:42,gaming,27.7,44.5,340616.39793957525,187559.92540595858,522647.32680503867,10087.862006347254,68.0,8006.3828125,164.985,63.0,1980.0,489.9,3552.00390625,88,214.26048803329468,100.1,39.296875,3,224.4364984035492,16.9,163.58203125,148,17042.86386346817,8.8,4.78515625,411,1771006180.3778455,8.7,114.6171875,37,17009.187423229218
2026-02-13T21:09:44,gaming,30.0,44.5,346966.43459653907,244495.840729141,796250.1884880604,74169.93943248158,67.0,8006.3828125,165.235,63.0,1980.0,490.1,3552.12890625,88,216.42132425308228,99.7,39.29296875,3,226.58191514015198,19.7,163.58984375,148,17045.00950884819,14.6,4.78515625,411,1771006182.520992,12.3,114.625,37,17011.34063744545
2026-02-13T21:09:46,gaming,27.8,44.5,346713.58728833724,177163.68638670433,530933.4470615034,36200.007754193415,58.0,8006.3828125,158.367,63.0,1980.0,575.4,3552.59765625,88,218.56721138954163,98.2,39.29296875,3,228.69916415214539,17.7,163.57421875,148,17047.126739263535,11.9,114.62109375,37,17013.449366807938,8.9,30.3515625,13,17045.122025489807
2026-02-13T21:09:48,gaming,32.2,44.5,342048.15570412116,243773.47298559354,490146.84982050426,17471.05470551602,64.0,8006.3828125,168.364,64.0,1980.0,435.0,3552.28125,88,220.65778303146362,99.2,39.29296875,3,230.8411784172058,14.6,163.56640625,148,17049.27094244957,10.9,114.62890625,37,17015.591821670532,8.8,4.78515625,411,1771006186.781895
2026-02-13T21:09:50,gaming,26.5,44.5,346194.30993278616,158800.4437763692,1227761.8465770253,116391.823055502,64.0,8006.3828125,171.152,64.0,1980.0,519.4,3552.96484375,88,222.75729966163635,100.0,39.29296875,3,232.91859436035156,18.0,163.5703125,148,17051.35129094124,12.1,114.63671875,37,17017.66442155838,10.5,4.78515625,411,1771006188.8692927
2026-02-13T21:09:53,gaming,29.7,44.5,339128.4387458387,272629.0363836548,3333461.802908165,75060.62951121156,68.0,8006.3828125,174.263,64.0,1980.0,490.5,3553.8828125,88,224.83407378196716,99.3,39.29296875,3,235.0438735485077,19.1,163.578125,148,17053.476011276245,11.4,345.31640625,95,17021.33193254471,11.3,30.3515625,13,17051.444905757904
2026-02-13T21:09:55,gaming,33.2,44.5,336536.2454549037,294050.43934731453,1182314.1354849113,44935.925757450175,64.0,8006.3828125,159.372,64.0,1980.0,474.1,3555.140625,88,226.84745693206787,99.5,39.29296875,3,237.1005403995514,22.1,4.78515625,411,1771006193.0494144,19.0,163.58203125,148,17055.53138899803,12.8,114.640625,37,17021.85213661194
2026-02-13T21:09:56,gaming,23.3,44.5,310671.49826653604,184147.40867249193,683187.7896418707,37107.67012191709,64.0,8006.3828125,170.048,64.0,1980.0,408.3,3555.203125,88,228.864173412323,99.3,39.29296875,3,239.1138985157013,19.4,163.57421875,148,17057.54400062561,12.5,30.3515625,13,17055.473885536194,9.4,114.64453125,37,17023.854388713837
2026-02-13T21:09:59,gaming,27.2,44.6,299947.5748146375,114899.66894011074,311686.331050314,91449.63532552616,58.0,8006.3828125,163.765,63.0,1980.0,540.5,3561.96875,88,230.85006666183472,99.7,39.30078125,3,241.01324701309204,14.0,163.578125,148,17059.435322523117,11.9,114.64453125,37,17025.822330236435,3.3,4.78515625,411,1771006196.9529746
2026-02-13T21:10:01,gaming,31.6,44.6,293552.6201964081,220079.1679330019,1222334.266228593,278577.3755636423,49.0,8006.3828125,168.089,62.0,1980.0,533.8,3562.26171875,88,232.9084198474884,97.9,39.30078125,3,243.11885237693787,16.3,163.57421875,148,17061.545846939087,16.1,114.64453125,37,17027.86622095108,9.1,30.3515625,13,17059.525978565216
2026-02-13T21:10:03,gaming,34.7,44.6,338365.6432549315,195095.4854904719,876216.1810145543,60008.1237554511,61.0,8006.3828125,165.953,64.0,1980.0,596.3,3563.40234375,88,235.00548648834229,97.7,39.30078125,3,245.23028779029846,16.3,163.58984375,148,17063.65753507614,13.4,4.78515625,411,1771006201.157617,13.3,114.58984375,37,17029.974351644516
2026-02-13T21:10:05,gaming,27.2,44.6,314114.7107348124,140411.24294846188,393653.9822000474,117995.7727257795,58.0,8006.3828125,163.425,64.0,1980.0,432.1,3563.53125,88,237.00866603851318,99.3,39.30078125,3,247.24321055412292,18.5,163.56640625,148,17065.67554807663,12.4,114.58984375,37,17031.98389816284,9.3,30.3828125,14,17063.629552841187
2026-02-13T21:10:07,gaming,26.9,44.6,361163.62632233725,114892.32831359713,360210.75391395396,16629.04758835725,63.0,8006.3828125,164.349,64.0,1980.0,388.0,3563.56640625,88,238.97800135612488,99.1,39.30078125,3,249.2461290359497,19.5,114.58984375,37,17033.98790717125,15.6,163.5703125,148,17067.673291921616,7.8,4.78515625,411,1771006205.1945245
2026-02-13T21:10:09,gaming,24.0,44.6,341219.77809381724,102920.50852550159,499010.9873732267,76151.15588560178,51.0,8006.3828125,166.573,62.0,1980.0,417.0,3561.015625,88,240.93791389465332,98.6,39.30078125,3,251.21052241325378,15.1,163.578125,148,17069.64370584488,12.8,114.58984375,37,17035.93806362152,11.9,4.78515625,411,1771006207.1647916
2026-02-13T21:10:11,gaming,30.8,44.6,335112.88083566946,120214.69360043084,355000.1915368168,102869.37368396398,58.0,8006.3828125,166.258,63.0,1980.0,480.7,3562.02734375,88,242.99923396110535,99.2,39.30078125,3,253.24182224273682,18.5,163.5703125,148,17071.674823999405,13.7,114.58984375,37,17037.990753412247,9.2,4.78515625,411,1771006209.1938732
2026-02-13T21:10:13,gaming,26.3,44.6,335016.6518407828,107531.15156665623,338868.6553189932,50013.74732117671,61.0,8006.3828125,159.573,64.0,1980.0,426.2,3565.16015625,88,245.01196551322937,99.5,39.3046875,3,255.25198984146118,19.5,163.57421875,148,17073.682600975037,13.2,345.03515625,95,17041.49520254135,10.8,30.390625,14,17071.648007631302
2026-02-13T21:10:15,gaming,25.5,44.6,341895.25534172467,91576.46523035882,878202.707105085,630438.7424253209,47.0,8006.3828125,151.366,62.0,1980.0,419.7,3561.92578125,88,246.97751212120056,98.7,39.3046875,3,257.245103597641,18.0,163.57421875,148,17075.678292036057,11.1,345.03125,95,17043.474547624588,10.4,30.3515625,13,17073.603140830994
2026-02-13T21:10:17,gaming,29.2,44.6,343708.3920016788,73590.71763048235,611598.6046706839,82485.33812992775,59.0,8009.0703125,164.895,63.0,1980.0,525.9,3562.94140625,88,249.0624918937683,99.7,39.3046875,3,259.2828416824341,21.5,163.59375,148,17077.71640920639,13.0,4.78515625,411,1771006215.2359114,12.7,345.34375,95,17045.565348625183
2026-02-13T21:10:19,gaming,28.0,44.6,339783.86000857665,166427.29063584202,424303.86078119633,58291.745024775206,58.0,8009.0703125,165.111,63.0,1980.0,475.4,3563.0,88,251.10771989822388,99.9,39.3046875,3,261.33195424079895,15.3,163.59765625,148,17079.764491319656,15.3,345.31640625,95,17047.6115128994,7.6,114.6171875,37,17046.081121444702
2026-02-13T21:10:21,gaming,28.7,44.6,348428.8762657803,179734.9449944491,928328.2775344808,40264.238330563414,58.0,8009.0703125,169.149,63.0,1980.0,439.9,3563.23828125,88,253.1528720855713,99.9,39.3046875,3,263.3813211917877,18.3,163.59375,148,17081.808113336563,11.6,345.31640625,95,17049.639407157898,9.2,4.78515625,411,1771006219.3274314
2026-02-13T21:10:23,gaming,26.1,44.6,339158.18581845454,81138.87746802294,653109.2409887619,32655.462049438094,57.0,8009.0703125,153.341,63.0,1980.0,526.7,3564.76953125,88,255.21414470672607,100.0,39.3046875,3,265.381142616272,19.5,163.57421875,148,17083.81725859642,13.6,345.31640625,95,17051.700410604477,9.8,30.3515625,13,17081.851893424988
2026-02-13T21:10:25,gaming,30.4,44.6,342823.430840847,106641.21034765753,696159.3216981262,106549.95300138224,58.0,8009.0703125,160.913,63.0,1980.0,416.9,3564.7890625,88,257.21673607826233,100.2,38.62890625,3,267.4559063911438,14.3,163.578125,148,17085.88599872589,9.5,30.3515625,13,17083.835838079453,9.3,345.31640625,95,17053.707852840424
2026-02-13T21:10:27,gaming,28.0,44.6,351255.5847341006,112808.46148425173,684616.9400745692,8659.589271776546,61.0,8009.0703125,165.624,63.0,1980.0,511.5,3564.7890625,88,259.2599904537201,99.0,39.28515625,2,269.476731300354,20.9,163.54296875,147,17087.905908107758,10.1,4.78515625,411,1771006225.417659,7.6,345.31640625,95,17055.75453519821
2026-02-13T21:10:29,gaming,28.2,44.5,340633.7629142715,158129.93619325716,739149.9378618475,21089.875944427713,60.0,8007.25390625,170.299,64.0,1980.0,532.9,3629.2890625,88,261.33569741249084,99.7,39.296875,3,271.4978201389313,14.7,163.546875,147,17089.931262493134,10.7,4.78515625,411,1771006227.453123,7.5,30.3828125,14,17087.953688383102
2026-02-13T21:10:31,gaming,29.7,44.9,325441.1157921977,120246.45438753256,651181.2650196665,26405.78790444332,70.0,8007.25390625,179.992,65.0,1980.0,474.0,3629.2890625,88,263.4165053367615,98.3,39.296875,3,273.6279797554016,15.4,163.54296875,147,17092.056587457657,11.8,4.78515625,411,1771006229.5706723,8.1,114.79296875,37,17058.377237796783
2026-02-13T21:10:33,gaming,27.9,44.9,341081.83426373114,180603.78532582647,103048.7245717642,191234.6523302932,62.0,8007.25390625,165.712,65.0,1980.0,573.3,3627.9921875,88,265.4683802127838,99.2,39.29296875,3,275.68998622894287,11.4,163.55078125,147,17094.121730804443,11.2,30.38671875,14,17092.12463450432,7.6,114.796875,37,17060.432659626007
2026-02-13T21:10:35,gaming,32.8,44.9,341052.7381531158,133170.99035284042,158576.8918398095,118932.66887985713,65.0,8007.25390625,176.378,66.0,1980.0,407.6,3628.25390625,88,267.4461131095886,98.0,39.29296875,3,277.73096990585327,13.0,4.78515625,411,1771006233.6786728,12.2,163.5390625,147,17096.16208434105,7.1,179.25390625,164,17074.383082151413
2026-02-13T21:10:37,gaming,28.9,44.9,342851.03126313805,115946.33960934848,873466.4869362164,53291.85411366796,68.0,8007.25390625,181.396,66.0,1965.0,510.8,3628.6171875,88,269.5019853115082,99.9,39.296875,3,279.7021517753601,13.8,30.3515625,13,17096.131586790085,11.9,163.5625,147,17098.129305124283,11.8,61.984375,36,17098.188673257828
2026-02-13T21:10:39,gaming,28.8,44.9,346982.6202039637,98152.17437568087,222758.47102541037,15414.09062899045,69.0,8007.25390625,182.784,66.0,1965.0,515.9,3628.64453125,88,271.52450728416443,98.9,39.296875,3,281.7556791305542,12.1,163.5390625,147,17100.187151908875,11.4,114.671875,37,17066.498331785202,7.0,30.38671875,14,17098.150522232056
2026-02-13T21:10:41,gaming,28.4,44.8,337835.14680282224,130878.34483596978,137608.89235942316,135332.2746549474,65.0,8007.25390625,172.432,65.0,1965.0,521.7,3628.8203125,88,273.60104870796204,98.0,39.296875,3,283.78036165237427,19.3,4.78515625,411,1771006239.729569,13.9,163.546875,147,17102.209934949875,7.7,114.6796875,37,17068.53031873703
2026-02-13T21:10:43,gaming,31.6,44.9,341386.1765733778,184872.19294928733,1356235.0667377003,10595.586458888283,65.0,8007.25390625,179.341,66.0,1965.0,459.9,3629.4453125,88,275.5775649547577,100.2,39.296875,3,285.85223174095154,17.3,163.53125,147,17104.28782057762,11.4,114.66796875,37,17070.583540678024,6.2,30.3515625,13,17102.211441516876
2026-02-13T21:10:45,gaming,25.6,44.9,342440.4703385608,147571.15669740128,1891377.9351482817,104490.18726544637,67.0,8007.25390625,178.685,66.0,1965.0,410.2,3629.44921875,88,277.5316216945648,100.5,38.62890625,3,287.79648780822754,11.3,4.78515625,411,1771006243.7456665,9.7,163.53125,147,17106.229768276215,7.9,345.30859375,95,17074.03268790245
2026-02-13T21:10:47,gaming,25.1,44.9,345430.0939060708,136964.9912585896,165574.73745891923,49413.710710396204,71.0,8007.25390625,179.111,66.0,1965.0,394.5,3757.953125,88,279.5598647594452,98.6,38.62890625,3,289.7812931537628,13.3,114.671875,37,17074.53832602501,10.3,163.53515625,147,17108.205360651016,8.5,30.3515625,13,17106.161192178726
2026-02-13T21:10:49,gaming,24.9,45.3,335367.63425467414,153331.9989459414,95812.64071333928,89574.83858356459,67.0,8007.25390625,177.2,65.0,1965.0,538.8,3758.5859375,88,281.7283751964569,99.2,39.296875,3,291.8575019836426,15.9,163.5546875,147,17110.27204155922,12.5,114.66796875,37,17076.671570539474,12.2,4.78515625,411,1771006247.7788022
2026-02-13T21:10:52,gaming,33.8,45.3,337471.5570676923,158852.17551329505,2169602.481633283,101935.53326250125,53.0,8007.25390625,177.539,65.0,1965.0,500.7,3758.5859375,88,283.8355233669281,97.4,39.296875,3,294.0055115222931,19.4,4.78515625,411,1771006249.9533765,15.9,163.53515625,147,17112.436121225357,12.0,114.671875,37,17078.758021116257
2026-02-13T21:10:54,gaming,29.5,45.3,342317.1929741603,142566.41771992412,183241.9614558763,29347.345389417686,65.0,8007.25390625,178.178,66.0,1965.0,545.4,3758.734375,88,285.94106245040894,99.3,39.30078125,3,296.1606459617615,10.9,163.53125,147,17114.589856386185,8.0,4.78515625,411,1771006252.1016178,7.3,114.6796875,37,17080.90638232231
2026-02-13T21:10:56,gaming,29.8,45.3,339664.3551215173,146792.83210222042,412148.64036324865,53252.37841231879,69.0,8007.25390625,180.827,66.0,1965.0,531.0,3630.734375,88,287.983371257782,98.5,39.3046875,3,298.22218775749207,13.6,4.78515625,411,1771006254.1675208,9.9,163.53515625,147,17116.65457034111,9.1,61.19921875,36,17116.705692768097
2026-02-13T21:10:58,gaming,28.5,44.9,344227.628561579,182711.25988384293,1889442.4082381562,62797.94021024592,70.0,8007.25390625,180.008,66.0,1965.0,479.5,3630.734375,88,290.0194194316864,99.6,38.72265625,3,300.2607636451721,13.0,163.546875,147,17118.693259239197,10.7,114.59375,37,17085.006172657013,5.4,30.38671875,14,17116.635656118393
2026-02-13T21:11:00,gaming,29.1,44.9,339390.18628113973,190330.4062999437,482404.2103706463,22612.697361124046,70.0,8007.25390625,164.927,66.0,1965.0,571.8,3631.56640625,88,292.20278239250183,100.2,39.39453125,3,302.3039450645447,13.8,4.78515625,411,1771006258.255918,12.3,61.80078125,36,17120.78279566765,12.2,30.38671875,14,17118.817348003387
2026-02-13T21:11:02,gaming,31.2,44.9,342810.8057207346,174883.5673830339,248980.0302924936,93367.5113596851,66.0,8007.25390625,175.502,66.0,1965.0,449.1,3631.56640625,88,294.3324704170227,98.8,39.39453125,3,304.4704096317291,16.8,151.3046875,23,17014.618457078934,11.5,4.78515625,411,1771006260.42303,11.5,163.53125,147,17122.903108358383
2026-02-13T21:11:04,gaming,28.4,44.9,346032.51934412797,136895.05874286377,191225.90523003493,74100.03827663854,68.0,7991.25390625,182.445,67.0,1965.0,475.2,3631.80859375,88,296.4029543399811,99.9,39.39453125,3,306.61329197883606,13.6,114.65234375,37,17091.39562535286,13.1,163.53515625,147,17125.045786380768,8.8,4.78515625,411,1771006262.5646915
2026-02-13T21:11:06,gaming,26.8,44.9,342285.01361437567,111254.83555078821,206744.1124234056,144869.97300822774,68.0,7991.25390625,182.414,66.0,1965.0,413.8,3631.80859375,88,298.51398730278015,99.9,39.39453125,3,308.67776012420654,13.6,163.53515625,147,17127.107498645782,9.9,4.78515625,411,1771006264.625809,8.2,151.4140625,23,17018.78423309326
2026-02-13T21:11:08,gaming,28.0,44.9,342237.13194539235,144636.08335251786,217780.6196463573,95279.02109528134,68.0,7991.25390625,185.931,67.0,1965.0,457.7,3631.8203125,88,300.57244849205017,99.3,39.39453125,3,310.78738379478455,13.3,163.53515625,147,17129.215374708176,11.3,114.6328125,37,17095.539677858353,11.1,4.78515625,411,1771006266.7317934
2026-02-13T21:11:10,gaming,28.6,44.9,334034.8879113001,239211.5279367232,0.0,107375.96786644027,72.0,7991.25390625,186.464,67.0,1965.0,592.7,3568.18359375,88,302.72633242607117,98.5,39.39453125,3,312.90098547935486,12.3,114.6328125,37,17097.690766096115,12.1,4.78515625,411,1771006268.8013742,11.7,30.390625,13,17129.324261426926
2026-02-13T21:11:12,gaming,31.6,44.7,342337.55700449395,198054.8212231637,98993.24968604509,44975.298535246446,72.0,7991.25390625,187.216,68.0,1965.0,497.0,3568.19140625,88,304.78545904159546,99.6,38.72265625,3,314.9993748664856,14.4,114.6328125,37,17099.745674848557,13.9,163.53515625,147,17133.4306371212,9.4,4.78515625,411,1771006270.9466567
2026-02-13T21:11:15,gaming,29.2,44.7,341867.7795474478,278179.6552774675,491673.61654372734,326625.92066765757,54.0,7991.25390625,186.464,67.0,1965.0,445.6,3568.20703125,88,306.86600041389465,98.7,39.39453125,3,317.07433557510376,15.1,163.53125,147,17135.49707388878,12.0,114.6328125,37,17101.821739912033,11.3,4.78515625,411,1771006273.0123935
2026-02-13T21:11:17,gaming,29.8,44.7,342850.5311083644,257191.61907352656,0.0,31642.943401572895,75.0,7991.25390625,196.138,69.0,1965.0,583.9,3568.21875,88,308.9420282840729,97.4,39.39453125,3,319.17479181289673,13.5,30.3515625,13,17135.554055452347,12.6,163.53125,147,17137.605501890182,9.7,114.640625,37,17103.919658899307
2026-02-13T21:11:19,gaming,31.9,44.7,342059.0951879991,226476.46939015845,127068.76072413751,13401.783357623877,79.0,7935.18359375,182.993,68.0,1965.0,626.4,3568.296875,88,311.1222496032715,99.3,39.39453125,3,321.23552536964417,13.6,163.53515625,147,17139.666137695312,13.6,114.64453125,37,17105.98192358017,9.1,4.78515625,411,1771006277.1812284
2026-02-13T21:11:21,gaming,31.3,44.3,337507.92877975083,195621.09562033694,3629977.7481845166,241728.9303779267,76.0,7935.18359375,193.565,69.0,1965.0,456.5,3568.3046875,88,313.2679295539856,99.6,39.38671875,3,323.5094356536865,13.0,114.66015625,37,17108.262448072433,11.7,163.11328125,148,17141.94175887108,7.6,30.3515625,13,17139.890229940414
2026-02-13T21:11:23,gaming,30.1,44.3,342810.7807183297,180945.8560149515,499459.4540703332,255675.67291695628,74.0,7935.18359375,177.966,68.0,1965.0,528.7,3569.87109375,88,315.28402757644653,100.0,39.39453125,3,325.5714485645294,11.3,4.78515625,411,1771006281.5252368,10.7,114.67578125,37,17110.31453537941,3.8,62.3828125,36,17144.056398391724
2026-02-13T21:11:25,gaming,25.4,44.3,342481.1132800309,220145.49077497222,400245.6516840353,124555.61295896412,68.0,7935.18359375,182.122,67.0,1965.0,465.2,3569.96484375,88,317.28541254997253,99.9,39.39453125,3,327.5442419052124,11.9,114.6796875,37,17112.28883600235,11.9,30.38671875,14,17143.90872311592,11.1,4.78515625,411,1771006283.491141
2026-02-13T21:11:27,gaming,29.8,44.3,340723.9233540862,129101.74771668564,926497.956852043,28696.839371523456,55.0,7935.18359375,184.737,67.0,1965.0,564.4,3569.96875,88,319.2566695213318,98.9,39.39453125,3,329.53341007232666,11.8,163.125,148,17147.966964006424,11.7,4.78515625,411,1771006285.486995,8.6,114.6796875,37,17114.2764377594
2026-02-13T21:11:29,gaming,33.1,44.3,342794.4798740483,258097.36775764,356666.91591956484,59782.23874788161,71.0,7935.18359375,185.906,68.0,1965.0,579.5,3570.59375,88,321.33002614974976,98.8,39.39453125,3,331.55758333206177,12.3,114.72265625,37,17116.30976653099,11.6,4.78515625,411,1771006287.5108662,11.4,30.38671875,13,17147.948971033096
2026-02-13T21:11:31,gaming,27.9,44.3,341448.7512615403,264738.3036663057,321001.1872323048,68212.75228686476,75.0,7935.18359375,183.808,68.0,1965.0,497.6,3570.59765625,88,323.3990681171417,99.2,39.39453125,3,333.6060378551483,11.5,114.7265625,37,17118.35393691063,8.3,30.3515625,13,17150.017092227936,7.6,163.12890625,148,17152.037179470062
2026-02-13T21:11:33,gaming,30.1,44.3,341763.3737154704,279373.41526444175,512018.57300419355,21500.779921074532,64.0,7935.18359375,178.919,65.0,1965.0,426.3,3570.59765625,88,325.38599967956543,100.1,39.39453125,3,335.6518998146057,14.5,163.12109375,148,17154.08165884018,14.5,114.734375,37,17120.3954205513,9.2,4.78515625,411,1771006291.600654
2026-02-13T21:11:35,gaming,25.5,44.3,340745.72909868375,257106.98360396575,1902423.3123483683,73270.41540157504,72.0,7935.18359375,184.124,68.0,1965.0,543.0,3570.9765625,88,327.4286768436432,100.5,39.39453125,3,337.6268491744995,11.1,114.72265625,37,17122.365008354187,10.8,30.3515625,13,17154.039083719254,8.0,4.78515625,411,1771006293.5640724
2026-02-13T21:11:37,gaming,29.7,44.3,343772.1054722092,209431.20083914004,633336.2486130976,58138.28844690544,75.0,7935.18359375,189.417,68.0,1965.0,538.4,3570.984375,88,329.460520029068,98.0,39.39453125,3,339.68380975723267,10.6,4.78515625,411,1771006295.6330268,9.1,114.73046875,37,17124.424479722977,3.9,345.04296875,95,17125.965436697006
2026-02-13T21:11:39,gaming,30.3,44.3,338262.2395748617,261625.9606101084,225516.02509133355,69466.989871884,69.0,7935.18359375,182.485,67.0,1965.0,480.4,3570.984375,88,331.480815410614,99.7,39.39453125,3,341.72058153152466,14.7,30.3515625,14,17158.090421676636,11.5,114.71484375,37,17126.461273908615,10.7,61.1953125,34,17160.20015859604
2026-02-13T21:11:41,gaming,30.3,44.3,289185.2203110543,221946.72864349576,424960.0764758908,45458.46971917582,62.0,7935.18359375,181.354,67.0,1965.0,503.1,3570.98828125,88,333.50544571876526,99.0,39.39453125,3,343.7268793582916,15.6,4.78515625,411,1771006299.6731203,12.4,114.71875,37,17128.476011276245,9.2,345.04296875,95,17130.004112958908
2026-02-13T21:11:43,gaming,29.0,44.3,316190.56027291523,192889.60029130027,161644.06992852865,10607.892089059693,69.0,7935.30859375,179.449,67.0,1965.0,449.5,3570.99609375,88,335.4829454421997,98.9,38.7265625,3,345.74771666526794,15.6,30.3515625,13,17162.107864141464,13.1,114.71875,37,17130.49754858017,9.5,389.953125,276,17159.15322828293
2026-02-13T21:11:45,gaming,29.0,44.3,311568.3089337775,192643.9511551629,786924.026390841,113478.95302446047,71.0,7935.30859375,188.536,68.0,1965.0,547.4,3571.0234375,88,337.56298995018005,99.8,39.39453125,3,347.76731848716736,12.8,114.71875,37,17132.569041252136,10.9,4.78515625,411,1771006303.7007067,8.5,20.20703125,13,17166.42771744728
2026-02-13T21:11:47,gaming,29.9,44.3,323931.7439425649,189182.3180712154,824174.8456371753,66122.20065658828,67.0,7935.30859375,178.647,67.0,1965.0,472.5,3571.0234375,88,339.5875234603882,98.3,39.39453125,3,349.81775403022766,17.9,114.71875,37,17134.572994470596,11.7,30.3515625,13,17166.19808125496,9.8,4.78515625,411,1771006305.7654717
2026-02-13T21:11:49,gaming,32.5,44.3,331196.258360998,204999.03204770974,1002434.6073563517,14684.100693696559,49.0,7935.30859375,164.825,65.0,1965.0,563.4,3571.06640625,88,341.6534671783447,98.7,39.39453125,3,351.90688490867615,14.3,114.70703125,37,17136.645368099213,12.0,163.12109375,148,17170.339383125305,8.2,4.78515625,411,1771006307.8578637
2026-02-13T21:11:51,gaming,30.2,44.3,340587.647731794,198144.07079794444,259007.54347688332,52357.97021456528,69.0,7935.30859375,171.98,66.0,1965.0,517.5,3571.10546875,88,343.670930147171,99.7,39.390625,3,353.9279067516327,19.3,4.78515625,411,1771006309.8819547,13.9,114.7109375,37,17138.67326450348,13.1,30.3515625,13,17170.291474342346
2026-02-13T21:11:53,gaming,27.5,44.3,301872.61934681685,189909.66650068935,403820.73585331056,55370.82793907001,71.0,7935.30859375,175.387,67.0,1965.0,472.4,3571.16796875,88,345.65561985969543,99.7,39.390625,3,355.91819286346436,12.6,163.125,148,17174.350449323654,11.7,114.71484375,37,17140.668781757355,8.6,345.04296875,95,17142.150990009308
2026-02-13T21:11:55,gaming,28.3,44.3,311710.27289670944,235510.41968092122,2286841.1249560597,95199.04953844608,67.0,7935.30859375,180.321,66.0,1965.0,472.9,3571.171875,88,347.6504592895508,99.2,39.390625,3,357.9039044380188,13.4,114.71484375,37,17142.650131702423,12.6,4.78515625,411,1771006313.8536425,10.3,30.3515625,13,17174.27016186714
2026-02-13T21:11:57,gaming,28.6,44.3,251882.12924524926,256634.33073550317,130651.40088737446,114319.97577645264,71.0,7935.30859375,172.098,66.0,1965.0,600.2,3607.34375,88,349.7207305431366,99.9,39.390625,3,359.9215455055237,17.1,163.12109375,148,17178.344421625137,13.2,114.7265625,37,17144.66547513008,7.8,4.78515625,411,1771006315.8601317
2026-02-13T21:11:59,gaming,31.6,44.3,256581.82912655297,226627.73374724595,222714.76764097018,14665.36974421567,65.0,7935.30859375,178.955,66.0,1965.0,452.9,3571.19921875,88,351.6863007545471,98.3,39.390625,3,361.9717309474945,15.3,114.73046875,37,17146.71310734749,11.4,4.78515625,411,1771006317.9208448,11.4,163.1015625,148,17180.4020819664
2026-02-13T21:12:01,gaming,26.2,44.3,320299.90172569396,217689.4302019143,301179.988833251,29542.828765761602,67.0,7935.30859375,177.336,67.0,1965.0,489.9,3571.21484375,88,353.65798449516296,100.1,39.390625,3,363.9219467639923,13.6,114.7265625,37,17148.670664072037,12.7,345.31640625,95,17150.156938791275,10.3,30.3515625,13,17180.28707242012
2026-02-13T21:12:03,gaming,29.8,44.3,292274.69844329724,195717.07282577656,66972.89071894075,39503.541010000205,64.0,7935.30859375,173.809,66.0,1965.0,425.5,3571.21484375,88,355.6037826538086,98.1,39.390625,3,365.88170051574707,13.6,114.734375,37,17150.62064743042,9.7,345.31640625,95,17152.098989248276,8.8,61.109375,34,17184.356474876404
2026-02-13T21:12:05,gaming,26.9,44.4,335461.1101917073,152104.7765133003,196112.61075046036,99843.7901086328,70.0,7935.30859375,174.36,66.0,1965.0,555.0,3571.31640625,88,357.63083934783936,99.5,39.390625,3,367.9080834388733,12.4,345.31640625,95,17154.123483181,10.8,163.09375,148,17186.33899331093,9.3,114.73828125,37,17152.64498925209
2026-02-13T21:12:07,gaming,29.4,44.3,332179.19010075834,187218.6370565479,99307.6591702044,17585.731311390362,66.0,7935.30859375,179.608,67.0,1965.0,473.5,3571.32421875,88,359.6567180156708,99.2,39.390625,3,369.8773639202118,16.1,345.32421875,95,17156.1515686512,10.3,163.09375,148,17188.304353237152,9.5,114.74609375,37,17154.628171920776
2026-02-13T21:12:09,gaming,31.0,44.3,285552.0348766715,216310.5156673555,381724.32579589344,13350.462171618035,60.0,7935.30859375,180.634,67.0,1965.0,524.3,3571.3671875,88,361.66865491867065,99.0,39.41015625,3,371.94469594955444,15.4,345.32421875,95,17158.181447029114,15.1,163.09375,148,17190.37362766266,9.1,114.7265625,37,17156.691225528717
2026-02-13T21:12:11,gaming,29.9,44.3,283035.10594615643,213498.8387268771,171752.31871394723,164084.80448564602,71.0,7935.30859375,178.421,66.0,1965.0,467.2,3571.390625,88,363.6847221851349,99.2,39.41015625,3,373.9446699619293,17.3,345.32421875,95,17160.170484304428,9.4,4.78515625,411,1771006329.8950844,7.8,114.73046875,37,17158.69566988945
2026-02-13T21:12:13,gaming,24.3,44.3,270277.21145692474,189526.15071854004,132007.17186671775,8250.44824166986,72.0,7935.30859375,179.135,66.0,1965.0,466.1,3571.390625,88,365.68941950798035,100.5,39.4140625,3,375.9357078075409,10.8,345.32421875,95,17162.187888860703,9.4,30.3515625,13,17192.31657767296,6.3,4.78515625,411,1771006331.8819997
2026-02-13T21:12:15,gaming,26.5,44.3,295772.73490470863,248437.86797415285,1626294.965793313,466505.9107061705,72.0,7935.30859375,185.327,67.0,1965.0,417.3,3571.39453125,88,367.70102763175964,98.1,39.4140625,3,377.95812463760376,19.4,96.125,58,17192.9657933712,14.8,345.35546875,95,17164.19082760811,7.7,4.78515625,411,1771006333.9036598
2026-02-13T21:12:17,gaming,28.2,44.3,263686.39139435487,264037.5560840336,363204.046098513,10060.339345058243,69.0,7935.30859375,188.447,67.0,1965.0,403.5,3571.39453125,88,369.6526765823364,98.5,39.4140625,3,379.9251527786255,15.2,30.3515625,13,17196.289219379425,9.5,163.12109375,148,17198.36123895645,8.0,61.1015625,34,17198.405182123184
2026-02-13T21:12:19,gaming,26.0,44.3,312150.4513261976,254848.92217474553,774576.0372059653,82614.42788134277,72.0,7935.30859375,187.095,67.0,1965.0,464.0,3571.41015625,88,371.59853863716125,99.5,39.4140625,3,381.87304186820984,9.6,4.78515625,411,1771006337.826685,8.0,163.11328125,148,17200.306890010834,8.0,345.3125,95,17168.0912733078
2026-02-13T21:12:21,gaming,26.9,44.3,309091.00407907984,194854.5579876279,167891.84852482728,17051.51586580277,73.0,7935.30859375,187.328,68.0,1965.0,591.7,3571.45703125,88,373.63497829437256,100.3,39.4140625,3,383.83555340766907,16.0,163.125,148,17202.262966156006,11.5,30.390625,14,17200.26704263687,8.7,114.59765625,37,17168.578536510468
2026-02-13T21:12:23,gaming,31.2,44.3,303488.2661212239,182566.0343965094,364410.6588503856,18319.55757807645,72.0,7935.30859375,191.002,68.0,1965.0,443.4,3571.4609375,88,375.62956190109253,99.2,39.4140625,3,385.8989806175232,9.1,4.78515625,411,1771006341.8482287,7.6,114.671875,37,17170.64150428772,5.5,345.3125,95,17172.125982522964
2026-02-13T21:12:25,gaming,27.2,44.3,268888.91722288216,224337.92490380871,265662.1853572756,27240.751428236268,76.0,7935.30859375,192.677,69.0,1965.0,570.8,3571.4609375,88,377.67726969718933,99.1,39.4140625,3,387.8708152770996,10.7,345.3125,95,17174.165707588196,10.3,114.7265625,37,17172.616345882416,8.5,30.3515625,13,17204.294208288193
2026-02-13T21:12:27,gaming,30.3,44.3,340564.92099868995,141094.33850868477,160560.7630526123,238583.25884849112,72.0,7935.30859375,193.827,69.0,1965.0,487.6,3571.46875,88,379.69553089141846,99.5,39.4140625,3,389.9125258922577,7.7,30.3515625,13,17206.328609466553,7.6,163.1015625,148,17208.34357738495,6.9,114.71875,37,17174.6584815979
2026-02-13T21:12:29,gaming,30.0,44.3,342126.632844976,256714.58372877934,324920.2757729829,9899.914652458074,75.0,7935.30859375,195.191,68.0,1965.0,447.1,3571.46875,88,381.65636253356934,99.2,39.4140625,3,391.9286148548126,17.8,4.78515625,411,1771006347.8790464,9.3,114.71484375,37,17176.674919605255,7.8,61.23828125,36,17210.413174152374
2026-02-13T21:12:31,gaming,24.7,44.3,317291.2673636537,168534.9635872274,66960.13272862183,20140.352422280783,74.0,7935.30859375,185.696,67.0,1965.0,519.2,3571.6640625,88,383.70272946357727,99.3,39.4140625,3,393.89611291885376,8.5,114.75,37,17178.710139751434,8.4,111.76953125,32,17203.369311332703,7.6,30.390625,14,17210.33362674713
2026-02-13T21:12:33,gaming,32.0,44.3,298263.1238225569,114778.43860686422,186096.65275143686,29077.60199241201,68.0,7935.30859375,186.973,68.0,1965.0,532.4,3573.859375,88,385.74476146698,96.9,39.4140625,3,396.0073482990265,12.6,4.78515625,411,1771006351.954658,10.3,163.09765625,148,17214.4410135746,9.9,114.75390625,37,17180.753487586975
2026-02-13T21:12:35,gaming,30.9,44.3,339811.09868687164,182598.83486540397,164086.07214780085,9486.226046044736,70.0,7935.30859375,195.26,68.0,1965.0,453.2,3573.86328125,88,387.74868750572205,98.3,39.4140625,3,397.99548077583313,10.1,30.38671875,14,17214.380506038666,9.4,114.76171875,37,17182.75382590294,8.6,61.14453125,36,17216.492244005203
2026-02-13T21:12:37,gaming,23.6,44.3,336291.366882545,263215.3734319063,132470.54628082784,93143.35285370708,73.0,7935.30859375,188.004,68.0,1965.0,403.8,3573.84375,87,389.71422505378723,100.0,39.4140625,3,399.9789626598358,10.3,114.76171875,37,17184.72019648552,8.7,163.125,148,17218.41095161438,4.7,4.78515625,411,1771006355.926223
2026-02-13T21:12:39,gaming,25.2,44.3,320774.3996522854,169170.40868444307,199566.52342687157,7795.567321362171,68.0,7935.30859375,178.141,67.0,1965.0,433.4,3574.28515625,87,391.6463487148285,100.3,39.4140625,3,401.94223856925964,11.3,30.3515625,13,17218.285198926926,9.5,114.76171875,37,17186.68412923813,8.0,61.14453125,36,17220.41877555847
2026-02-13T21:12:41,gaming,24.6,44.3,306839.56225101656,196041.02192402884,67710.04689316089,24597.79047290611,74.0,7935.30859375,192.865,68.0,1965.0,428.8,3574.47265625,87,393.5846014022827,98.2,39.390625,2,403.88371562957764,14.5,4.78515625,411,1771006359.8313427,6.5,114.71875,37,17188.618082523346,6.4,163.10546875,148,17222.315633058548
2026-02-13T21:12:43,gaming,27.7,44.3,333823.30474520894,174479.3577913991,131894.72570337713,48945.3083664876,75.0,7935.30859375,190.651,68.0,1965.0,519.4,3574.91015625,87,395.61492681503296,99.2,39.390625,2,405.86859917640686,10.1,114.71875,37,17190.621838331223,10.0,30.38671875,14,17222.24196410179,7.9,4.78515625,411,1771006361.8185542
2026-02-13T21:12:45,gaming,30.5,44.3,312738.00826426886,201708.34276003955,215025.8049461655,109838.90276697157,75.0,7935.30859375,191.405,68.0,1965.0,519.4,3574.91015625,87,397.5650427341461,100.3,39.390625,2,407.8456470966339,11.0,4.78515625,411,1771006363.79952,10.3,114.7265625,37,17192.594020605087,7.1,61.22265625,36,17226.33000612259
2026-02-13T21:12:47,gaming,31.2,44.3,343448.3602275294,245501.12209722257,164954.4433165217,85312.37615276357,73.0,7935.30859375,186.567,68.0,1965.0,467.8,3574.921875,87,399.52504086494446,99.8,38.73046875,2,409.8353326320648,11.2,30.3515625,13,17226.16047644615,9.5,114.7421875,37,17194.57652902603,7.9,163.12890625,148,17228.269329309464
2026-02-13T21:12:49,gaming,24.8,44.3,292161.6483619131,254163.1902611534,1660245.731859506,16676.575431624504,68.0,7935.30859375,186.942,67.0,1965.0,456.8,3574.921875,87,401.49535965919495,98.8,38.73046875,2,411.7653043270111,7.3,4.78515625,411,1771006367.7206829,6.5,114.73828125,37,17196.503086328506,4.9,163.12890625,148,17230.19991016388
2026-02-13T21:12:51,gaming,25.5,44.3,317768.78708356334,215308.49615342525,200544.68316451725,24806.959506027524,73.0,7935.30859375,186.925,69.0,1965.0,443.9,3574.84765625,85,403.4313163757324,99.5,39.390625,2,413.7279145717621,14.3,114.74609375,37,17198.467433929443,12.9,30.3515625,13,17230.066177845,6.4,61.14453125,36,17232.203912496567
2026-02-13T21:12:53,gaming,28.5,44.3,354197.6437416276,205460.72055553802,510241.67787036335,13287.543694540711,74.0,7935.30859375,189.493,67.0,1965.0,480.4,3574.84765625,85,405.35320472717285,100.3,39.390625,2,415.65908002853394,13.8,4.78515625,411,1771006371.608154,8.9,114.73828125,37,17200.395584106445,7.3,163.125,148,17234.091295719147
2026-02-13T21:12:55,gaming,26.3,44.3,295717.84702961234,221750.2652154169,171968.35297326097,110800.20246171106,74.0,7935.30859375,192.719,68.0,1965.0,556.9,3575.109375,85,407.36966586112976,99.3,38.73046875,2,417.56262826919556,8.6,30.3515625,14,17233.99596643448,8.2,114.75,37,17202.301835536957,4.6,345.3203125,95,17203.85459136963
2026-02-13T21:12:57,gaming,32.8,44.3,284509.8013483428,151901.15110986057,226621.43083286154,97882.24746910426,71.0,7935.30859375,187.619,68.0,1965.0,526.9,3575.14453125,85,409.30471539497375,100.0,39.38671875,2,419.5929605960846,12.3,4.78515625,410,1771006375.5413594,10.7,114.7578125,37,17204.341451644897,3.2,345.3203125,95,17205.78644323349
2026-02-13T21:12:59,gaming,27.6,44.3,335227.5350219877,230133.26476828242,101735.48016504507,32852.082136629135,72.0,7935.30859375,187.61,68.0,1965.0,401.5,3575.14453125,85,411.2003767490387,100.0,39.40234375,3,421.5152564048767,9.8,30.390625,14,17237.842525959015,8.2,114.765625,37,17206.254900217056,7.3,4.78515625,410,1771006377.4711866
2026-02-13T21:13:01,gaming,23.1,44.3,265801.9867361238,211240.29250329614,43136.26967856204,191147.59501312804,73.0,7935.30859375,188.607,69.0,1965.0,470.1,3575.14453125,85,413.12482476234436,99.6,39.40234375,3,423.41349959373474,6.6,114.765625,37,17208.155183553696,5.8,4.78515625,410,1771006379.371764,4.1,163.125,148,17241.849142313004
2026-02-13T21:13:03,gaming,29.4,44.3,295544.9765744149,217571.14699321333,67069.50814969781,63401.6444227612,78.0,7935.30859375,199.055,69.0,1965.0,564.4,3575.2265625,85,415.12332224845886,100.3,39.40234375,3,425.3761122226715,14.0,30.390625,13,17241.774047851562,12.7,114.76953125,37,17210.120271921158,10.4,4.78515625,410,1771006381.3261242
2026-02-13T21:13:05,gaming,28.7,44.3,302706.59137839696,180774.11534338855,99788.12780780281,9355.136981981514,76.0,7935.30859375,196.508,69.0,1965.0,439.4,3575.2265625,85,417.02268290519714,99.5,39.40234375,3,427.33888697624207,8.0,114.77734375,37,17212.07724070549,7.1,4.78515625,410,1771006383.296161,6.6,30.390625,14,17243.667987823486
2026-02-13T21:13:07,gaming,27.1,44.3,344353.32994549215,214409.3843214509,34596.39500805258,21352.462544032453,75.0,7935.30859375,194.642,69.0,1965.0,451.5,3575.2265625,85,418.9009852409363,99.2,39.40234375,3,429.22950506210327,10.7,4.78515625,410,1771006385.1896284,9.1,114.78125,37,17213.964072465897,8.3,61.14453125,36,17247.698911190033
2026-02-13T21:13:08,gaming,24.7,44.3,338072.9967697381,165947.75870262677,0.0,26859.723101592568,59.0,7935.30859375,178.82,67.0,1965.0,659.1,3577.09765625,85,420.8723158836365,99.1,39.40234375,3,431.10557675361633,11.6,114.78515625,37,17215.84570980072,7.6,30.390625,14,17247.404148340225,4.2,163.1015625,148,17249.53730916977
2026-02-13T21:13:10,gaming,36.5,44.3,341703.8405331444,145662.22877961822,66822.43784248036,141475.6301196264,80.0,7935.30859375,202.015,70.0,1965.0,523.9,3575.26171875,85,422.72012662887573,98.9,39.40234375,3,433.0651614665985,11.9,4.78515625,410,1771006389.0203831,10.4,114.796875,37,17217.801875829697,6.4,30.390625,14,17249.35958147049
2026-02-13T21:13:12,gaming,27.4,44.3,323758.7801178394,201355.53734106812,106157.39473063244,101181.26685263404,78.0,7935.30859375,203.446,70.0,1965.0,442.9,3575.24609375,84,424.5837564468384,99.6,39.40234375,3,434.91624116897583,8.3,30.38671875,14,17251.237721681595,7.6,4.78515625,410,1771006390.872818,7.6,114.8046875,37,17219.650945186615
2026-02-13T21:13:14,gaming,28.5,44.3,299351.41421997134,227474.80347890191,368883.797078114,411700.66638182366,77.0,7935.30859375,192.958,70.0,1965.0,512.1,3576.3359375,84,426.5051736831665,100.4,39.3984375,3,436.78347539901733,10.9,114.80078125,37,17221.51638865471,8.4,61.14453125,36,17255.252551794052,6.7,4.78515625,410,1771006392.738546
2026-02-13T21:13:16,gaming,27.0,44.3,305616.97183526884,189293.94862336453,0.0,19473.22381729395,76.0,7935.30859375,196.828,70.0,1965.0,414.1,3576.3359375,84,428.36503553390503,100.2,39.40234375,3,438.70275950431824,11.4,114.8046875,37,17223.43808031082,10.9,30.38671875,14,17255.002909898758,4.2,390.12109375,277,17252.039577007294
2026-02-13T21:13:18,gaming,27.5,44.3,341623.3643626305,174825.9871510478,140076.6671528212,134878.50958269698,71.0,7935.30859375,179.9,68.0,1965.0,520.2,3572.7734375,84,430.27808833122253,99.8,38.74609375,3,440.5661585330963,13.1,114.796875,37,17225.342137098312,10.9,163.125,148,17259.002794981003,9.8,61.13671875,36,17259.080986976624
2026-02-13T21:13:20,gaming,26.9,44.3,341117.3744780139,169163.68240909535,133464.28690961644,8080.845496480683,76.0,7935.30859375,184.154,69.0,1965.0,498.3,3572.7734375,84,432.2822256088257,98.8,39.3984375,3,442.5428147315979,14.0,30.3515625,13,17258.932079553604,11.9,163.12890625,148,17260.973995923996,6.4,114.8046875,37,17227.280037879944
2026-02-13T21:13:22,gaming,29.2,44.3,341219.65568129264,191652.80119050364,333649.21526534465,118601.86948885299,81.0,7935.30859375,204.731,70.0,1965.0,471.1,3572.80859375,84,434.20642280578613,99.0,39.40234375,3,444.4993965625763,11.9,163.109375,148,17262.93579173088,10.4,114.8046875,37,17229.241500854492,10.3,4.78515625,410,1771006400.4576995
2026-02-13T21:13:24,gaming,28.4,44.3,340028.26357259887,194903.0912672671,171057.92549364976,11760.23237768842,73.0,7935.30859375,201.934,70.0,1965.0,493.2,3572.8125,84,436.07835841178894,98.5,39.40234375,3,446.41783618927,11.4,114.8046875,37,17231.151906251907,8.3,30.3515625,13,17262.72403025627,5.7,4.78515625,410,1771006402.372878
2026-02-13T21:13:26,gaming,26.5,44.3,340722.71457998373,257129.49282101338,5312231.052952393,80538.15643399359,79.0,7935.30859375,201.924,70.0,1965.0,410.8,3572.8125,84,437.9317228794098,99.2,39.40234375,3,448.29285979270935,10.8,114.8046875,37,17233.026779174805,8.4,4.78515625,410,1771006404.2458131,8.3,61.13671875,36,17266.759905815125
2026-02-13T21:13:27,gaming,23.2,44.3,340722.7626334409,153444.3343589986,0.0,23424.986093069805,75.0,7935.30859375,188.359,70.0,1965.0,490.7,3572.8125,84,439.8222780227661,100.6,39.40234375,3,450.12489199638367,12.7,30.3515625,13,17266.418444156647,9.4,114.8046875,37,17234.85871243477,6.0,163.11328125,148,17268.556834697723
2026-02-13T21:13:29,gaming,28.6,44.3,341983.2399689431,100841.12340301575,844944.2518271704,42084.30560193169,77.0,7935.30859375,196.725,70.0,1965.0,372.0,3572.8125,84,441.6494834423065,97.4,39.40234375,3,452.0017669200897,12.4,114.8046875,37,17236.74378848076,8.3,4.78515625,410,1771006407.9627054,6.6,61.14453125,36,17270.47412753105
2026-02-13T21:13:31,gaming,22.5,44.3,341317.96529278305,146460.8150760318,107132.79881267519,72537.8325294155,78.0,7935.30859375,194.606,71.0,1965.0,490.7,3572.8125,84,443.51761841773987,99.8,39.40234375,3,453.8330805301666,12.9,114.80859375,37,17238.56374502182,12.5,30.38671875,14,17270.176212072372,7.7,163.10546875,148,17272.271822452545
2026-02-13T21:13:33,gaming,28.8,44.3,335479.69329335395,188573.11543131218,1095599.559825156,86145.93313141348,75.0,7935.30859375,199.084,70.0,1965.0,443.4,3572.8125,84,445.3220727443695,98.1,39.40234375,3,455.696341753006,9.2,114.8125,37,17240.42573618889,8.4,4.78515625,410,1771006411.6526892,7.6,61.3125,36,17274.156526327133
2026-02-13T21:13:35,gaming,24.4,44.3,339513.607546827,172809.8519784873,216522.2117425019,9303.68878581063,71.0,7935.30859375,190.198,69.0,1965.0,406.2,3572.81640625,84,447.15571188926697,100.6,39.40234375,3,457.51397705078125,8.6,114.81640625,37,17242.242254257202,8.5,30.3515625,14,17273.810549020767,4.2,345.4375,95,17243.632530927658
2026-02-13T21:13:37,gaming,24.8,44.3,342431.32066429476,190605.55886746713,3429402.1556119607,37955.62281601779,68.0,7935.30859375,186.948,69.0,1965.0,438.8,3572.81640625,84,448.98299407958984,98.7,39.40234375,3,459.34958148002625,11.0,114.83203125,37,17244.08358645439,7.7,4.78515625,410,1771006415.306278,6.8,345.4375,95,17245.46963238716
2026-02-13T21:13:39,gaming,23.2,44.3,342339.3480470831,120630.54415190095,106468.05331551278,32716.745550079446,74.0,7935.30859375,174.345,69.0,1965.0,543.6,3571.5,84,450.9148244857788,100.1,39.40234375,3,461.2081308364868,9.1,114.83203125,37,17245.976488113403,8.7,30.38671875,13,17277.606135606766,4.9,345.4296875,95,17247.37690424919
2026-02-13T21:13:40,gaming,31.9,44.3,339128.65727312706,109733.03700480393,907710.4277132222,78407.76984669048,74.0,7935.30859375,194.242,69.0,1965.0,438.9,3571.5,84,452.75884079933167,99.4,39.40234375,3,463.1087348461151,13.1,4.78515625,410,1771006419.064104,10.9,114.8359375,37,17247.84416103363,5.1,61.12890625,35,17281.57537126541
2026-02-13T21:13:42,gaming,26.3,44.3,342870.52822002,227128.25080597852,1166727.7316355554,89217.1063726999,74.0,7935.30859375,196.043,70.0,1965.0,484.0,3571.5,84,454.59566259384155,98.9,39.40234375,3,464.95835638046265,17.8,114.83984375,37,17249.691690683365,11.9,30.390625,14,17281.250348329544,9.3,4.78515625,410,1771006420.9158487
2026-02-13T21:13:44,gaming,27.5,44.3,344886.67209780467,189180.43636052083,144483.49932785332,57285.44992881684,75.0,7935.30859375,191.508,70.0,1965.0,511.6,3571.5078125,84,456.46155619621277,99.0,39.3984375,3,466.7730700969696,15.5,4.78515625,410,1771006422.7347474,11.2,114.84765625,37,17251.50404381752,6.7,345.4375,95,17252.93237233162
2026-02-13T21:13:46,gaming,27.8,44.3,340990.14293662616,155954.2271119534,1016777.8839350698,35061.306342588614,73.0,7935.30859375,197.884,70.0,1965.0,399.0,3571.5078125,84,458.25547528266907,99.4,39.40234375,3,468.6425976753235,12.7,30.3515625,13,17284.907851219177,10.0,114.93359375,37,17253.37192964554,7.9,345.4375,95,17254.722718000412
2026-02-13T21:13:48,gaming,25.7,44.3,343383.6359286483,158648.344456415,36465.9718795441,16238.753102609484,72.0,7935.30859375,188.718,70.0,1965.0,483.0,3571.515625,84,460.1324300765991,98.6,39.3984375,3,470.43298840522766,19.1,4.78515625,410,1771006426.3963704,12.1,114.93359375,37,17255.174690485,11.3,163.078125,147,17288.87122106552
2026-02-13T21:13:50,gaming,27.4,44.2,340722.3089215786,149795.20370092322,8714.552695546312,51742.65662980623,59.0,7935.30859375,192.217,68.0,1965.0,432.0,3571.515625,84,461.95782566070557,98.7,39.3984375,3,472.3166422843933,14.5,30.390625,14,17288.615123033524,14.2,114.93359375,37,17257.046791553497,10.8,163.10546875,147,17290.752328157425
2026-02-13T21:13:51,gaming,31.8,44.2,340257.0037021764,245799.6252101858,105117.91129486944,71173.58577256785,73.0,7935.30859375,199.945,70.0,1965.0,531.1,3571.53125,84,463.82597732543945,99.0,39.3984375,3,474.1940927505493,11.6,163.1015625,147,17292.63066983223,10.8,115.17578125,37,17258.926229715347,7.6,345.4453125,95,17260.296337366104
2026-02-13T21:13:53,gaming,24.3,44.2,340077.620994778,182995.90810294516,107792.87631841858,22456.84923300387,73.0,7935.30859375,195.149,70.0,1965.0,444.2,3571.53125,84,465.62401247024536,99.8,39.3984375,3,476.01087975502014,12.1,30.3515625,13,17292.289696455002,10.3,163.1171875,147,17294.44878602028,8.6,115.17578125,37,17260.74278497696
2026-02-13T21:13:55,gaming,28.3,44.2,345338.6498060575,179622.41104467085,0.0,9960.77253643189,72.0,7935.30859375,192.374,70.0,1965.0,457.5,3571.53515625,84,467.45064640045166,100.4,39.3984375,3,477.8168725967407,13.8,114.96875,37,17262.550480127335,7.8,4.78515625,410,1771006433.7709348,7.8,163.1171875,147,17296.252587795258
2026-02-13T21:13:57,gaming,26.8,44.2,343695.621650486,184545.75300229748,1052854.2118512248,85941.49412470935,71.0,7935.30859375,186.2,69.0,1965.0,524.9,3571.54296875,84,469.30917954444885,100.3,39.3984375,3,479.62467861175537,12.9,30.38671875,14,17295.911262750626,10.0,345.4375,95,17265.77839398384,9.5,4.78515625,410,1771006435.579246
2026-02-13T21:13:59,gaming,32.8,44.2,342889.98509788694,147807.73782805112,34903.9830872864,40085.04307680547,72.0,7935.30859375,193.075,69.0,1965.0,405.8,3571.54296875,84,471.137282371521,98.7,39.3984375,3,481.4918735027313,18.3,4.78515625,410,1771006437.452074,13.7,345.43359375,95,17267.60028576851,12.6,61.0859375,33,17299.954028129578
2026-02-13T21:14:01,gaming,23.0,44.2,336040.42678995687,153151.8336043396,35981.46811267333,8714.26180853807,73.0,7935.30859375,192.383,69.0,1965.0,492.4,3571.546875,84,472.95893454551697,100.2,39.3984375,3,483.3160705566406,11.9,114.96484375,37,17268.05621623993,10.2,30.390625,14,17299.613913297653,4.3,4.78515625,410,1771006439.274477
2026-02-13T21:14:02,gaming,29.0,44.3,334725.2695626645,208405.7644768071,217910.99675723325,70650.83097988422,72.0,7935.30859375,195.883,70.0,1965.0,467.2,3571.546875,84,474.7518427371979,100.3,38.74609375,3,485.123658657074,7.8,163.1171875,147,17303.55776810646,6.9,114.96875,37,17269.862600326538,6.0,345.4296875,95,17271.22360420227
2026-02-13T21:14:04,gaming,34.3,44.3,341406.5563045881,161469.03666343814,34473.098844412496,21007.044608313863,67.0,7935.30859375,190.39,69.0,1965.0,631.4,3571.56640625,84,476.7112412452698,96.7,39.3984375,3,487.0471363067627,16.2,114.984375,37,17271.791214466095,10.7,4.78515625,410,1771006442.9887657,8.9,163.1015625,147,17305.47912502289
2026-02-13T21:14:06,gaming,25.4,44.2,338219.47836592846,79418.09496341333,0.0,75084.95327142636,72.0,7935.30859375,188.394,69.0,1965.0,388.7,3571.5703125,84,478.52899289131165,100.0,39.3984375,3,488.8924539089203,9.4,114.98046875,37,17273.626511096954,8.4,4.78515625,410,1771006444.8491344,4.3,345.1640625,95,17275.003185272217
2026-02-13T21:14:08,gaming,24.4,44.2,342351.7111337838,101124.39180141296,35904.49797702581,31977.44351078861,69.0,7935.30859375,192.873,69.0,1965.0,445.6,3571.5703125,84,480.35553193092346,99.4,39.3984375,3,490.7155876159668,12.0,114.98828125,37,17275.44742822647,11.1,30.3515625,13,17307.007614135742,8.6,163.11328125,147,17309.151732206345
2026-02-13T21:14:10,gaming,26.0,44.2,341786.9550587441,177827.96295611045,35992.43154688368,9841.680501101007,74.0,7935.30859375,191.891,70.0,1965.0,438.6,3571.57421875,84,482.2327814102173,98.7,39.3984375,3,492.5366668701172,11.7,345.1640625,95,17278.69013094902,11.1,114.9921875,37,17277.277423620224,8.6,4.78515625,410,1771006448.495106
2026-02-13T21:14:12,gaming,28.0,44.2,341792.7881046348,181991.94701660314,105415.79574767052,78512.80620790044,74.0,7935.30859375,191.832,69.0,1965.0,482.1,3571.578125,84,484.08317375183105,99.1,38.74609375,3,494.3980414867401,13.4,4.78515625,410,1771006450.3573782,11.0,114.98828125,37,17279.130539894104,10.0,30.3515625,13,17310.70140147209
2026-02-13T21:14:14,gaming,26.3,44.2,342235.29747894645,161673.57703957104,316550.55670415994,20333.976732732495,70.0,7935.30859375,190.788,69.0,1965.0,448.9,3571.58203125,84,485.9176824092865,99.3,39.3984375,3,496.27001452445984,8.4,114.9921875,37,17281.00071787834,7.7,345.1640625,95,17282.38491487503,5.9,4.78515625,410,1771006452.2236838
2026-02-13T21:14:15,gaming,26.2,44.2,343575.8570159572,133751.82446782538,214187.68391491854,403275.2486210576,46.0,7935.30859375,183.769,66.0,1965.0,381.7,3571.58203125,84,487.7509124279022,99.1,39.3984375,3,498.0996253490448,11.9,114.99609375,37,17282.836468696594,9.4,163.125,147,17316.5341463089,8.3,345.1640625,95,17284.271000623703
2026-02-13T21:14:17,gaming,28.7,44.2,339422.6037008002,92128.21359383069,69377.4875163488,32791.70308389924,70.0,7935.30859375,192.282,69.0,1965.0,479.1,3571.5859375,84,489.6097207069397,99.5,39.3984375,3,499.98353910446167,19.7,345.1640625,95,17286.09505558014,14.1,163.1171875,147,17318.42245030403,9.9,4.78515625,410,1771006455.9473577
2026-02-13T21:14:19,gaming,26.7,44.2,342523.6842573845,162558.16447890966,181063.46013273433,16691.787730986445,47.0,7935.30859375,182.605,67.0,1965.0,480.4,3571.59375,84,491.45143365859985,100.0,39.3984375,3,501.7960364818573,12.0,345.1640625,95,17287.920046567917,8.6,4.78515625,410,1771006457.7583246,7.6,30.38671875,14,17318.105340003967
2026-02-13T21:14:21,gaming,27.6,44.2,335586.173645957,166095.74156555763,689522.5091606126,80264.72958197756,68.0,7935.30859375,185.106,69.0,1965.0,481.8,3571.59765625,84,493.36037969589233,100.0,38.74609375,3,503.7034375667572,7.4,163.1015625,147,17322.137799978256,7.4,114.8203125,37,17288.434186697006,7.3,345.1640625,95,17289.83613061905
2026-02-13T21:14:23,gaming,27.7,44.2,343134.3846468832,154239.34691213505,70969.31032734225,67088.17616881571,68.0,7935.30859375,172.81,68.0,1965.0,514.6,3571.60546875,84,495.23708844184875,99.1,38.74609375,3,505.5475869178772,15.2,4.78515625,410,1771006461.5059931,10.8,345.4765625,95,17291.7214615345,9.3,163.12890625,147,17323.983291864395
2026-02-13T21:14:25,gaming,29.6,44.2,342396.2398765579,101921.54719636477,138529.89370113314,37879.26780890359,65.0,7935.30859375,176.92,67.0,1965.0,431.7,3571.60546875,84,497.0901851654053,96.8,38.74609375,3,507.43645548820496,10.2,345.48046875,95,17293.55923652649,9.1,163.12109375,147,17325.87454724312,9.1,114.83984375,37,17292.17049241066
2026-02-13T21:14:26,gaming,27.9,44.2,305192.35236722487,113406.09724774073,35943.50348316489,71044.5811034431,68.0,7935.30859375,177.965,68.0,1965.0,443.1,3571.73046875,84,498.86766958236694,98.7,39.3984375,3,509.2560589313507,14.0,345.4296875,95,17295.34958767891,8.6,4.78515625,410,1771006465.22061,8.6,61.0859375,33,17327.71545267105
2026-02-13T21:14:28,gaming,25.0,44.2,310286.46078085183,103743.96360336461,182449.06477150417,9122.453238575208,66.0,7935.30859375,181.842,68.0,1965.0,418.3,3571.265625,84,500.6748926639557,99.9,39.3984375,3,511.0390074253082,7.8,163.08203125,147,17329.48915362358,7.0,345.4375,95,17297.139486789703,6.9,30.390625,14,17327.327832221985
2026-02-13T21:14:30,gaming,26.5,44.2,276555.50479042745,188886.47258369517,293172.1417620966,22331.4717357847,78.0,7935.30859375,191.496,69.0,1965.0,592.6,3571.2734375,84,502.5819048881531,99.8,38.74609375,3,512.8564300537109,13.1,345.48046875,95,17299.047310352325,12.2,4.78515625,410,1771006468.810657,6.9,117.09375,37,17297.587638139725
2026-02-13T21:14:32,gaming,30.3,44.2,252973.5159673778,167479.32764719898,136581.46091501034,64022.55980391109,75.0,7935.30859375,200.344,69.0,1965.0,436.7,3571.2734375,84,504.4247577190399,99.5,39.3984375,3,514.7713606357574,8.5,345.4453125,95,17300.895369768143,6.5,4.78515625,410,1771006470.7268567,6.5,115.359375,37,17299.50283050537
2026-02-13T21:14:34,gaming,27.9,44.2,306862.727836064,197063.47189894214,35716.858444493504,20648.808788222806,68.0,7935.30859375,181.599,68.0,1965.0,511.0,3571.28515625,84,506.2525956630707,100.1,39.3984375,3,516.5981750488281,10.3,115.359375,37,17301.3282122612,10.2,4.78515625,410,1771006472.559697,10.2,345.4453125,95,17302.72987985611
2026-02-13T21:14:36,gaming,27.2,44.2,307768.39263291727,172858.17887124582,397740.72354018176,41983.74304035252,71.0,7935.30859375,181.206,68.0,1965.0,400.9,3571.28515625,84,508.09297275543213,99.2,39.3984375,3,518.4563908576965,11.0,4.78515625,410,1771006474.4132206,7.6,115.359375,37,17303.183022260666,6.8,345.4453125,95,17304.572764635086
2026-02-13T21:14:38,gaming,26.3,44.2,346731.0327068948,106776.27221544561,142405.30280603477,107082.11246156911,71.0,7935.30859375,186.832,68.0,1965.0,431.7,3571.28515625,84,509.91703057289124,99.6,39.3984375,3,520.2917532920837,8.5,163.11328125,147,17338.727546215057,7.6,115.359375,37,17305.02363038063,7.6,30.3515625,13,17336.57474923134
2026-02-13T21:14:39,gaming,24.3,44.2,337919.417592129,193871.81108381052,36256.70742904115,54101.80561677233,75.0,7935.30859375,189.498,69.0,1965.0,399.0,3571.28515625,84,511.73501801490784,100.6,39.3984375,3,522.1089792251587,10.3,115.359375,37,17306.837250709534,6.9,163.10546875,147,17340.54327917099,6.9,30.3515625,14,17338.378425598145
2026-02-13T21:14:41,gaming,29.9,44.2,332207.67323187966,192848.86358578198,177880.37747580334,134244.09737627034,72.0,7935.30859375,192.904,68.0,1965.0,515.4,3571.2890625,84,513.556432723999,98.8,39.3984375,3,523.9428036212921,13.6,4.78515625,410,1771006479.9041495,12.8,115.34765625,37,17308.66691493988,6.0,61.25390625,33,17342.398928403854
2026-02-13T21:14:43,gaming,24.0,44.2,264571.4787917978,222646.38293084592,0.0,8828.560910472293,73.0,7935.30859375,191.208,68.0,1965.0,403.3,3571.2890625,84,515.3379864692688,100.1,39.3984375,3,525.7374491691589,8.7,30.3515625,13,17342.01024913788,7.8,115.3515625,37,17310.465032100677,5.3,390.44921875,277,17339.01229453087
2026-02-13T21:14:45,gaming,25.1,44.2,311705.32383466465,163498.51316499722,73910.835218964,95853.11442459394,73.0,7935.30859375,190.623,68.0,1965.0,390.2,3571.2890625,84,517.135906457901,99.1,39.40234375,3,527.5182809829712,13.2,4.78515625,410,1771006483.4757435,7.0,115.26953125,37,17312.2538125515,7.0,61.078125,33,17345.98505949974
2026-02-13T21:14:47,gaming,23.4,44.2,341347.7930861359,179215.33989528887,36998.71321135205,73997.4264227041,77.0,7935.30859375,190.241,69.0,1965.0,524.8,3571.29296875,84,518.949038028717,99.0,39.40234375,3,529.2851691246033,10.6,30.390625,14,17345.565505743027,8.0,115.28125,37,17314.013981103897,6.0,130.6484375,43,17321.634915828705
2026-02-13T21:14:48,gaming,31.6,44.2,322018.0959099771,218139.19058781053,179276.44689742685,7283.105655207965,84.0,7935.30859375,213.151,71.0,1965.0,399.0,3571.29296875,84,520.7619671821594,98.8,39.40234375,3,531.1210215091705,11.9,115.0859375,37,17315.851663589478,11.1,4.78515625,410,1771006487.0748143,7.6,61.078125,33,17349.58545899391
2026-02-13T21:14:50,gaming,24.5,44.2,317114.1257929493,223227.62057591812,180838.15844722206,8194.22905463975,69.0,7935.30859375,203.185,70.0,1965.0,396.1,3571.30078125,84,522.5411415100098,99.6,39.40234375,3,532.9238059520721,13.0,115.09375,37,17317.661617279053,12.1,30.390625,14,17349.208977222443,4.4,130.6484375,43,17325.220279216766
2026-02-13T21:14:52,gaming,27.1,44.2,323233.09767694696,81855.9496130799,443387.7562461766,29155.05428441656,69.0,7935.30859375,190.217,69.0,1965.0,391.7,3571.31640625,84,524.3047153949738,100.0,39.40234375,3,534.7066285610199,10.6,4.78515625,410,1771006490.660922,10.5,115.12109375,37,17319.44205570221,5.3,163.11328125,147,17353.138854026794
2026-02-13T21:14:54,gaming,22.8,44.2,316050.9613911101,141839.83629140997,110561.18040511252,12956.388328724124,64.0,7935.30859375,186.925,68.0,1965.0,412.4,3571.31640625,84,526.0701351165771,99.8,39.3828125,2,536.4744863510132,12.4,30.390625,14,17352.73463487625,9.7,114.95703125,37,17321.20460128784,7.9,163.08984375,147,17354.913377285004
2026-02-13T21:14:56,gaming,29.4,44.2,344068.1634466486,150315.81732848744,371162.8813973595,80343.1846927211,71.0,7935.30859375,188.245,69.0,1965.0,548.4,3571.3359375,84,527.8875570297241,99.2,38.73046875,2,538.286527633667,11.2,4.78515625,410,1771006494.246241,9.5,114.94921875,37,17323.018293380737,7.8,61.1640625,33,17356.74680685997
2026-02-13T21:14:57,gaming,27.6,44.2,304711.6778727366,78438.5385532872,589073.2897070108,88303.46676760366,69.0,7935.30859375,189.934,68.0,1965.0,442.0,3571.3984375,84,529.71626496315,99.7,39.37890625,2,540.072101354599,9.4,30.38671875,14,17356.369656562805,7.0,114.94921875,37,17324.81645989418,4.4,163.10546875,147,17358.507308721542
2026-02-13T21:14:59,gaming,26.4,44.2,250517.0518720052,176768.1935018597,72525.25918341172,26808.94794717554,69.0,7935.30859375,181.512,68.0,1965.0,541.6,3571.40234375,84,531.5705831050873,98.0,39.39453125,3,541.88844871521,12.9,163.109375,147,17360.321487903595,12.0,114.94921875,37,17326.636135339737,5.9,61.1640625,33,17360.402676820755
2026-02-13T21:15:01,gaming,31.1,44.2,331041.3333746905,198688.51072496644,701738.5622138428,14254.06454496868,66.0,7935.30859375,171.895,67.0,1965.0,467.2,3571.40234375,84,533.4002797603607,97.4,39.39453125,3,543.7504703998566,15.4,30.3515625,13,17360.062242746353,10.9,163.09765625,147,17362.187450408936,9.3,114.94921875,37,17328.483702659607
2026-02-13T21:15:03,gaming,27.8,44.2,341431.9637811039,171717.3176157855,7652150.614401088,66865.6525843697,64.0,7935.30859375,170.95,67.0,1965.0,456.0,3571.40234375,84,535.1849358081818,99.9,39.39453125,3,545.5478050708771,13.9,163.078125,147,17363.986089468002,13.8,4.78515625,410,1771006501.5171745,10.5,61.078125,33,17364.005504846573
2026-02-13T21:15:05,gaming,24.8,44.2,337594.033325358,70056.42862722396,545335.7584982202,8236.842185650201,66.0,7935.30859375,176.748,67.0,1965.0,402.4,3571.40234375,84,536.9907560348511,99.1,39.39453125,3,547.3614778518677,9.5,163.10546875,147,17365.79991698265,8.6,114.984375,37,17332.093856096268,6.1,30.3515625,13,17363.652498960495
2026-02-13T21:15:06,gaming,28.4,44.2,276226.2331076117,130704.52951478984,217726.08080222152,100925.1103718631,67.0,7935.30859375,181.084,68.0,1965.0,356.5,3571.52734375,84,538.7830395698547,100.2,39.39453125,3,549.170725107193,19.9,163.140625,147,17367.606372117996,17.3,4.78515625,410,1771006505.1253872,13.9,61.0859375,33,17367.62729907036
2026-02-13T21:15:08,gaming,23.2,44.2,299248.8285789703,150330.3529419335,257945.6540724786,30803.77788588751,65.0,7935.30859375,184.313,68.0,1965.0,395.2,3571.52734375,84,540.558034658432,99.7,39.39453125,3,550.9420435428619,15.8,163.1171875,147,17369.380836486816,7.0,114.7578125,37,17335.680817127228,6.1,4.78515625,410,1771006506.9042125
2026-02-13T21:15:10,gaming,25.1,44.2,285094.09797802055,135869.58678895535,110727.6589405303,11534.131139638572,66.0,7935.30859375,181.424,68.0,1965.0,407.8,3571.52734375,84,542.3053076267242,99.5,39.39453125,3,552.7167680263519,13.2,4.78515625,410,1771006508.678192,8.9,114.75390625,37,17337.44264626503,8.9,61.2421875,33,17371.172116994858
2026-02-13T21:15:12,gaming,21.7,44.2,333323.2419566105,101750.14773852588,112621.13970937395,56603.85407268014,69.0,7935.30859375,183.72,67.0,1965.0,408.1,3571.52734375,84,544.0856921672821,100.2,39.39453125,3,554.4631474018097,8.9,114.7578125,37,17339.19850063324,6.3,4.78515625,410,1771006510.425951,6.2,23.8671875,6,768.566025018692
2026-02-13T21:15:13,gaming,26.1,44.2,309862.303865418,81398.27376480385,149038.00378426464,48903.09499171184,66.0,7950.30859375,180.73,67.0,1965.0,410.3,3571.52734375,84,545.8450329303741,98.7,39.39453125,3,556.220764875412,16.1,30.3515625,14,17372.495342969894,13.3,163.125,147,17374.660209417343,8.9,114.765625,37,17340.952815532684
2026-02-13T21:15:15,gaming,24.3,44.2,305221.28771426476,66452.75391499152,305032.28991685313,406998.57622428605,67.0,7950.30859375,181.686,67.0,1965.0,393.3,3571.52734375,84,547.5934271812439,99.8,39.39453125,3,557.9895286560059,15.9,4.78515625,410,1771006513.9568865,8.8,163.078125,147,17376.42953801155,8.0,114.765625,37,17342.7205452919
2026-02-13T21:15:17,gaming,24.9,44.2,335984.07942676026,91083.9461516266,525256.5000653791,76502.20229746873,65.0,7950.30859375,175.272,66.0,1965.0,432.6,3571.52734375,84,549.3632326126099,99.9,39.39453125,3,559.742326259613,12.5,163.125,147,17378.181642770767,11.5,30.38671875,14,17376.026179790497,7.1,114.7734375,37,17344.47630405426
2026-02-13T21:15:19,gaming,25.4,44.2,333295.59574142494,65414.70967107078,254491.50164540665,9373.012895422342,58.0,7950.30859375,169.476,65.0,1965.0,439.5,3571.52734375,84,551.1585214138031,98.9,39.39453125,3,561.5431735515594,10.4,114.7734375,37,17346.274975538254,7.8,163.08203125,147,17379.983738422394,6.1,23.8671875,6,775.6647706031799
2026-02-13T21:15:21,gaming,28.3,44.2,344027.1523124693,80799.13980324598,1511675.6799028448,19011.165181704986,64.0,7950.30859375,168.939,66.0,1965.0,437.8,3583.10546875,84,552.936265707016,100.2,38.74609375,3,563.3225228786469,19.3,4.78515625,410,1771006519.2825453,14.9,163.125,147,17381.76091647148,11.5,30.3515625,13,17379.583760499954
2026-02-13T21:15:22,gaming,24.0,44.2,309167.3617255252,272434.53424619726,9665032.711864047,19090.71909477863,63.0,7950.30859375,166.736,66.0,1965.0,469.1,3584.2421875,84,554.7614538669586,99.8,39.39453125,3,565.1224386692047,10.4,114.62890625,37,17349.853353500366,6.8,23.8671875,6,779.2828891277313,6.1,163.11328125,147,17383.559829950333
2026-02-13T21:15:24,gaming,27.2,44.2,277084.8981616088,286601.6003875264,72052.5181466886,66704.87031548905,69.0,7950.30859375,169.013,66.0,1965.0,498.4,3584.390625,84,556.5799374580383,99.6,39.39453125,3,566.9426076412201,12.0,30.3515625,13,17383.230155944824,10.3,114.73046875,37,17351.678733587265,7.7,61.171875,33,17385.41125011444
2026-02-13T21:15:26,gaming,27.0,44.2,295566.9500807097,145151.534013078,35759.69465400983,187738.39693355162,71.0,7950.30859375,183.318,67.0,1965.0,411.7,3584.8984375,84,558.4053478240967,99.7,38.74609375,3,568.776496887207,12.8,163.12109375,147,17387.215040683746,8.5,114.76953125,37,17353.50674009323,6.0,23.86328125,6,782.9370613098145
2026-02-13T21:15:28,gaming,27.4,44.2,289805.9977316402,218174.2237610232,179730.7724885853,109242.61015321825,66.0,7950.30859375,182.019,67.0,1965.0,414.3,3584.8984375,84,560.2077605724335,98.8,39.3984375,3,570.5940887928009,15.4,30.3515625,13,17386.87139606476,13.8,163.12890625,147,17389.02958393097,11.1,60.98828125,33,17389.06401205063
2026-02-13T21:15:30,gaming,24.9,44.2,340873.51727756805,53734.527657355306,222247.3312294456,12732.920018353656,66.0,7950.30859375,181.195,67.0,1965.0,430.2,3584.8984375,84,561.9629888534546,99.3,39.3984375,3,572.356039762497,12.4,163.109375,147,17390.79695868492,10.7,114.77734375,37,17357.08218216896,9.7,4.78515625,411,1771006528.323987
2026-02-13T21:15:31,gaming,24.8,44.2,332821.0613011558,99348.62583620849,149481.11470212447,21020.781754986252,73.0,7950.30859375,185.112,67.0,1965.0,429.7,3584.8984375,84,563.736620426178,100.2,39.39453125,3,574.1185481548309,9.7,30.3515625,13,17390.39811563492,8.0,114.77734375,37,17358.84754395485,7.0,23.86328125,6,788.2396967411041
2026-02-13T21:15:33,gaming,24.4,44.2,343465.297225352,55840.247488671754,36791.93351916828,119286.3469566784,68.0,7950.30859375,189.323,68.0,1965.0,408.9,3584.8984375,84,565.4901700019836,99.1,39.3984375,3,575.8988597393036,10.5,114.78125,37,17360.62562608719,6.2,23.86328125,6,789.9925608634949,6.1,4.78515625,411,1771006531.8616815
2026-02-13T21:15:35,gaming,24.8,44.2,339857.0291247288,79146.95309026579,187002.9172786079,7596.993514443446,63.0,7950.30859375,176.954,66.0,1965.0,405.1,3584.90234375,84,567.3147809505463,100.6,39.3984375,3,577.6538710594177,11.2,30.390625,14,17393.96138882637,9.8,4.78515625,411,1771006533.6137326,8.9,114.78125,37,17362.38557600975
2026-02-13T21:15:37,gaming,25.7,44.2,341341.7139991879,159575.54211290606,105589.56747462132,27222.31036455081,64.0,7950.30859375,175.348,66.0,1965.0,458.9,3584.90234375,84,569.1806316375732,99.6,39.3984375,3,579.5209066867828,10.0,163.11328125,147,17397.95699453354,10.0,114.80078125,37,17364.25155544281,6.7,4.78515625,411,1771006535.4765332
2026-02-13T21:15:39,gaming,29.6,44.2,335754.9099365703,82913.97505196433,0.0,16333.318280564592,61.0,7950.30859375,175.393,66.0,1965.0,457.0,3584.90234375,84,571.0206587314606,99.8,39.3984375,3,581.3679466247559,15.2,4.78515625,411,1771006537.3242354,13.6,30.3828125,13,17397.668012857437,10.9,114.79296875,37,17366.11172580719
2026-02-13T21:15:40,gaming,26.5,44.2,340633.779342773,93111.03161397239,107148.80716160305,8650.03391148358,60.0,7950.30859375,178.046,66.0,1965.0,377.0,3584.90234375,84,572.786413192749,100.1,39.3984375,3,583.1942474842072,16.2,4.78515625,410,1771006539.1583197,8.6,114.796875,37,17367.922908306122,7.7,163.125,147,17401.634629011154
2026-02-13T21:15:42,gaming,24.5,44.2,343459.9760656696,110287.80731592372,37505.236957457266,125408.13607649773,67.0,7950.30859375,181.963,66.0,1965.0,373.8,3584.90625,84,574.528431892395,99.2,39.3984375,3,584.9432935714722,13.4,30.390625,13,17401.196159362793,11.6,114.8046875,37,17369.672197580338,8.9,4.78515625,410,1771006540.9055047
2026-02-13T21:15:44,gaming,22.4,44.2,323220.03105261124,60135.04762557905,112209.17035447722,89708.89400735548,68.0,7950.30859375,189.727,67.0,1965.0,425.8,3584.90625,84,576.3488986492157,100.3,38.74609375,3,586.7045168876648,12.5,4.78515625,410,1771006542.6582208,10.6,114.8125,37,17371.436188459396,6.0,23.86328125,6,800.8495206832886
2026-02-13T21:15:46,gaming,24.6,44.2,321278.4131813853,101390.80039381939,231331.48719730545,9355.317496949854,70.0,7950.30859375,192.816,67.0,1965.0,433.7,3585.05859375,84,578.1293394565582,100.0,38.74609375,3,588.5018708705902,10.4,61.078125,33,17406.971737146378,10.4,30.3515625,13,17404.7958445549,8.7,114.8046875,37,17373.238797187805
2026-02-13T21:15:48,gaming,28.0,44.2,312234.39699247683,69310.86666676306,36133.32928600508,23430.20570889392,66.0,7950.30859375,174.258,67.0,1965.0,433.2,3585.0625,84,579.9574193954468,99.6,39.40234375,3,590.3212795257568,8.6,114.80078125,37,17375.06124854088,6.9,163.09765625,147,17408.75793671608,6.0,23.86328125,6,804.4691560268402
2026-02-13T21:15:49,gaming,24.3,44.2,340073.05529031774,79159.39095339445,507186.15808172646,7641.755730026012,65.0,7950.30859375,181.569,66.0,1965.0,465.8,3585.0625,84,581.7423887252808,100.3,39.40234375,3,592.1281816959381,11.2,4.78515625,410,1771006548.0851815,9.7,30.3515625,13,17408.399054050446,9.5,163.08984375,147,17410.562371253967
2026-02-13T21:15:51,gaming,26.7,44.2,339474.219829285,61537.87881806077,1294555.2378821224,19071.57270094198,66.0,7950.30859375,183.699,67.0,1965.0,420.6,3585.0625,84,583.4767472743988,99.6,39.40234375,3,593.899542093277,15.9,114.8046875,37,17378.625212192535,5.4,23.86328125,6,807.9704768657684,5.3,4.78515625,410,1771006549.8584347
2026-02-13T21:15:53,gaming,24.4,44.2,345101.486313992,61801.49187880335,37963.955643376416,85715.4936010608,69.0,7950.30859375,186.968,67.0,1965.0,370.0,3585.0625,84,585.221227645874,98.9,39.40234375,3,595.6224687099457,11.7,30.3828125,13,17411.886034727097,10.9,4.78515625,410,1771006551.5845852,8.1,114.8046875,37,17380.355499505997
2026-02-13T21:15:55,gaming,23.6,44.2,336931.6645402873,94867.31734111105,74759.50253438493,77095.73698858445,66.0,7950.30859375,185.899,67.0,1965.0,431.0,3585.0625,84,586.9905815124512,97.7,39.40234375,3,597.3811898231506,12.5,114.7265625,37,17382.110263586044,7.0,23.86328125,6,811.5062248706818,4.5,4.78515625,410,1771006553.3386202
2026-02-13T21:15:57,gaming,26.0,44.2,338351.72598261037,49246.75744912878,36735.516028343016,66583.12280137172,66.0,7950.30859375,177.337,67.0,1965.0,395.8,3585.0625,84,588.9251918792725,98.4,39.40234375,3,599.1592655181885,19.1,322.6875,72,17415.527747154236,11.4,114.73046875,37,17383.890754938126,9.6,4.78515625,410,1771006555.1226544
2026-02-13T21:15:58,gaming,24.4,44.3,339186.1661795366,55366.52269307377,12127613.921069743,116535.78948926069,69.0,7950.30859375,188.819,68.0,1965.0,382.6,3585.0625,84,590.7459132671356,99.2,38.76171875,4,601.1134898662567,11.2,114.7421875,37,17385.844646453857,6.9,23.86328125,6,815.2674288749695,6.7,315.98828125,72,17417.391906023026
2026-02-13T21:16:00,gaming,23.4,44.3,338298.28534628276,84887.0264206215,288663.34996799007,127135.909019105,69.0,7950.30859375,189.5,68.0,1965.0,379.7,3585.06640625,84,592.606586933136,98.2,39.41796875,4,602.9263710975647,10.3,114.7421875,37,17387.66797041893,9.3,30.3515625,13,17419.253062963486,8.6,4.78515625,410,1771006558.8847742
2026-02-13T21:16:02,gaming,23.5,44.3,345428.5018929471,75734.14898625028,35426.67923828451,83031.27946472932,69.0,7950.30859375,173.041,67.0,1965.0,499.6,3585.09765625,84,594.485732793808,99.7,39.421875,4,604.7743580341339,14.2,153.234375,23,17314.785883426666,11.9,114.7421875,37,17389.505463838577,6.3,23.86328125,6,819.0991976261139
2026-02-13T21:16:04,gaming,31.8,44.2,346155.62350688566,86701.89545186769,65987.2419878712,83257.34047688436,72.0,7950.30859375,192.732,68.0,1965.0,475.3,3585.1015625,84,596.439192533493,99.0,39.421875,4,606.7641742229462,11.8,4.78515625,410,1771006562.7214787,11.7,30.38671875,13,17423.08856010437,9.4,114.7421875,37,17391.498980760574
2026-02-13T21:16:06,gaming,24.3,44.2,339651.33522603795,110614.13790103198,0.0,53839.97888493819,71.0,7950.30859375,189.088,67.0,1965.0,393.8,3585.1171875,85,598.2877624034882,99.2,39.421875,4,608.6240303516388,16.8,114.64453125,37,17393.364267110825,10.2,345.4453125,95,17394.754126548767,6.7,30.3515625,13,17424.94049859047
2026-02-13T21:16:08,gaming,25.3,44.2,344971.76171644207,143056.24469183697,35701.14183272365,50204.73070226764,69.0,7950.30859375,173.94,67.0,1965.0,422.8,3585.1171875,85,600.0690381526947,99.8,39.421875,4,610.4543807506561,15.5,114.71875,37,17395.182623147964,8.5,4.78515625,410,1771006566.4206984,5.2,61.1640625,33,17428.91075372696
2026-02-13T21:16:09,gaming,26.0,44.2,341684.38299084123,164596.01071411336,109325.1233910137,67758.80043505537,69.0,7950.30859375,184.075,67.0,1965.0,376.6,3585.45703125,86,601.8781542778015,99.4,39.421875,4,612.2623279094696,13.8,114.7265625,37,17396.997360229492,8.6,30.3515625,13,17428.540215969086,4.4,23.86328125,6,826.391942024231
2026-02-13T21:16:11,gaming,23.5,44.2,339169.83255831065,89036.79076039657,109907.11200710756,114486.5750074037,66.0,7950.30859375,177.069,67.0,1965.0,405.6,3585.45703125,86,603.6729545593262,99.9,39.421875,4,614.0454745292664,12.3,114.7109375,37,17398.77388525009,7.9,4.78515625,410,1771006570.0082273,6.2,60.625,33,17432.505264043808
2026-02-13T21:16:13,gaming,24.2,44.2,305623.94936524326,74545.04733618734,72594.3834379597,65221.516370041914,61.0,7950.30859375,172.671,66.0,1965.0,385.1,3585.4765625,86,605.4909167289734,99.9,39.43359375,4,615.8607740402222,12.9,30.390625,14,17432.147256612778,12.0,114.71875,37,17400.591570854187,10.4,163.1015625,147,17434.294210910797
2026-02-13T21:16:15,gaming,26.3,44.2,338559.4637246248,61334.808111511935,94238.03182222995,512138.8277005711,57.0,7950.30859375,160.774,65.0,1965.0,468.3,3585.4765625,86,607.2888629436493,99.5,38.78125,4,617.6833908557892,14.6,114.7265625,37,17402.410202503204,9.4,163.12109375,147,17436.11765050888,6.0,61.1640625,33,17436.141483306885
2026-02-13T21:16:17,gaming,25.3,44.2,314311.7810803484,82903.72428940523,73091.43157949878,11991.562993511518,62.0,7950.30859375,175.211,65.0,1965.0,419.2,3585.53125,86,609.1461882591248,99.7,39.43359375,4,619.4847905635834,13.0,114.73046875,37,17404.214533805847,12.8,30.390625,14,17435.78852891922,9.5,163.140625,147,17437.918457746506
2026-02-13T21:16:19,gaming,27.6,44.2,335451.46356143174,131966.36647783633,106438.42510512075,236714.62249940916,57.0,7950.30859375,168.291,65.0,1965.0,402.2,3585.53125,86,611.0073502063751,98.7,39.4296875,4,621.3215599060059,15.2,4.78515625,410,1771006577.2798593,13.6,114.73046875,37,17406.055937051773,11.0,61.1640625,33,17439.79483962059
2026-02-13T21:16:20,gaming,24.0,44.2,332197.62963390595,95468.95124833162,172487.8887605288,24795.13400932601,66.0,7950.30859375,164.782,65.0,1965.0,393.8,3585.53125,86,612.8838770389557,98.3,39.42578125,4,623.2292664051056,9.0,114.734375,37,17407.96358036995,6.7,30.38671875,14,17439.526386499405,6.6,163.09375,147,17441.664447307587
2026-02-13T21:16:22,gaming,26.7,44.2,341663.8200112371,105525.00473477553,53563.46978048709,51331.65853963346,61.0,7950.30859375,172.541,65.0,1965.0,435.4,3585.53125,86,614.6926872730255,98.3,39.4296875,4,625.0579807758331,12.1,345.4453125,95,17411.160690307617,12.0,114.7265625,37,17409.788028478622,10.2,163.078125,147,17443.49378967285
2026-02-13T21:16:24,gaming,24.1,44.2,342381.87388894986,112591.63557397194,36071.94746221524,92997.98955102367,65.0,7950.30859375,182.024,66.0,1965.0,428.0,3585.6640625,86,616.5353815555573,100.5,39.42578125,4,626.8767564296722,14.3,345.4375,95,17413.016884088516,12.9,163.1015625,147,17445.309200286865,12.8,114.73046875,37,17411.615259170532
2026-02-13T21:16:26,gaming,27.7,44.2,340179.404055927,200137.05653935493,35548.677207974666,91648.93342680969,73.0,7950.30859375,173.799,66.0,1965.0,521.7,3585.671875,86,618.3987834453583,100.1,39.42578125,4,628.7185800075531,16.1,345.4453125,95,17414.865813732147,11.9,4.78515625,410,1771006584.6745503,10.2,114.734375,37,17413.449235200882
2026-02-13T21:16:28,gaming,28.8,44.2,342589.8779073406,103195.01868830364,141571.7514327631,64426.20719498789,69.0,7950.30859375,184.915,67.0,1965.0,463.7,3585.671875,86,620.185111284256,99.0,39.4296875,4,630.564789056778,14.0,345.4453125,95,17416.657543182373,10.1,114.72265625,37,17415.299417734146,9.5,30.3515625,13,17446.851279735565
2026-02-13T21:16:30,gaming,28.6,44.2,340155.23161089135,51955.35938123988,0.0,30925.23657246085,61.0,7950.30859375,177.919,66.0,1965.0,342.2,3585.671875,86,622.0064210891724,98.8,39.4296875,4,632.3533537387848,16.4,345.1640625,95,17418.470116376877,12.2,4.78515625,410,1771006588.3146455,11.4,114.71484375,37,17417.08637547493
2026-02-13T21:16:31,gaming,22.7,44.2,345272.4232313141,94659.99496279862,71682.30346452327,15960.51288077276,58.0,7950.30859375,173.38,65.0,1965.0,431.4,3585.671875,86,623.8134098052979,99.6,38.76953125,4,634.1893246173859,15.6,345.1640625,95,17420.279567718506,9.4,4.78515625,410,1771006590.143278,9.4,114.71484375,37,17418.91960000992
2026-02-13T21:16:33,gaming,28.7,44.2,337295.1764223766,85093.89159519106,36525.49960428636,37381.56600126182,58.0,7950.30859375,172.793,65.0,1965.0,374.8,3585.671875,86,625.6314551830292,100.1,39.4296875,4,635.9836137294769,13.6,345.1640625,95,17422.108597755432,13.1,4.78515625,410,1771006591.9370468,12.2,61.078125,33,17454.4553899765
2026-02-13T21:16:35,gaming,24.6,44.2,341833.65038701176,99097.5810215406,142802.84243824412,12272.119272036603,67.0,7950.30859375,170.01,65.0,1965.0,468.5,3585.8828125,86,627.479043006897,98.8,38.76953125,4,637.8179049491882,11.8,345.1640625,95,17423.960676431656,10.2,163.10546875,147,17456.252727746964,8.5,114.71484375,37,17422.549421072006
2026-02-13T21:16:37,gaming,29.1,44.2,343181.44084587705,139070.63753957514,1895852.0735626123,21394.16402457809,67.0,7950.30859375,173.264,65.0,1965.0,505.3,3586.015625,86,629.3341038227081,99.8,39.42578125,4,639.6818089485168,15.1,345.1640625,95,17425.820776939392,12.6,163.109375,147,17458.116623401642,8.4,114.71484375,37,17424.41529774666
2026-02-13T21:16:39,gaming,29.6,44.2,342364.1277147607,240608.7862440281,0.0,17820.57683820831,66.0,7950.30859375,168.188,65.0,1965.0,480.0,3586.16015625,86,631.2032601833344,99.7,39.4296875,4,641.5303492546082,11.8,163.0859375,147,17459.964455604553,9.2,345.16015625,95,17427.679544210434,8.4,114.71484375,37,17426.267190933228
2026-02-13T21:16:41,gaming,27.4,44.2,341201.09979521146,219789.69714301982,539093.9272177673,410570.0221905476,57.0,7950.30859375,167.882,64.0,1965.0,390.5,3586.1640625,86,633.0797755718231,99.8,39.4296875,4,643.4085998535156,15.8,4.78515625,410,1771006599.3659892,12.5,163.08984375,147,17461.841582775116,5.8,114.71484375,37,17428.15021586418
2026-02-13T21:16:43,gaming,25.5,44.2,342007.2460946856,164438.2800415272,104277.4938552643,85268.57570456508,64.0,7950.30859375,182.176,66.0,1965.0,506.9,3588.34765625,86,634.9750077724457,99.5,39.42578125,4,645.2927227020264,14.8,30.3515625,13,17461.629148960114,11.6,163.12109375,147,17463.727727651596,7.4,345.42578125,95,17431.450511693954
2026-02-13T21:16:44,gaming,31.0,44.2,340030.13407575357,215385.60317761195,70458.1279224114,29724.522717267308,58.0,7950.30859375,168.289,65.0,1965.0,420.2,3588.37890625,86,636.8309671878815,98.3,39.4296875,4,647.1534996032715,20.2,163.125,147,17465.58510541916,15.1,4.78515625,410,1771006603.1089427,7.6,61.171875,33,17465.62304711342
2026-02-13T21:16:46,gaming,26.8,44.2,347040.504711674,83017.95382243517,246279.03391679737,245999.8059871865,66.0,7950.30859375,175.203,65.0,1965.0,428.4,3588.44140625,86,638.6149048805237,100.0,39.42578125,4,648.9812586307526,12.8,163.109375,147,17467.41805934906,10.5,30.3515625,13,17465.272647857666,9.4,114.73046875,37,17433.71619963646
2026-02-13T21:16:48,gaming,24.5,44.2,340249.26069556567,99097.60621583427,0.0,44424.81017276358,66.0,7950.30859375,180.064,66.0,1965.0,355.8,3588.44140625,86,640.4149248600006,100.5,39.42578125,4,650.7850258350372,20.9,4.78515625,410,1771006606.739747,7.8,114.7265625,37,17435.51485157013,5.2,345.44921875,95,17436.87132167816
2026-02-13T21:16:50,gaming,22.3,44.2,342330.5599248371,114404.17722762823,255917.96834145498,57124.546504789054,68.0,7950.30859375,185.725,66.0,1965.0,402.0,3588.4453125,86,642.206752538681,99.6,39.4296875,4,652.572381734848,12.3,30.3515625,13,17468.857840299606,9.6,163.109375,147,17471.007399320602,7.8,4.78515625,410,1771006608.5327766
2026-02-13T21:16:52,gaming,26.0,44.2,336797.35332262877,69793.09927647973,474000.6632685289,21364.21258722336,67.0,7950.30859375,177.833,66.0,1965.0,384.7,3588.4453125,86,643.9936258792877,99.9,39.43359375,4,654.370965719223,13.9,4.78515625,410,1771006610.3301208,8.7,114.73828125,37,17439.099185705185,7.8,163.08984375,147,17472.80714416504
2026-02-13T21:16:53,gaming,24.2,44.2,302925.40447652957,37103.71434922363,145824.8290009427,97691.24286586592,63.0,7950.30859375,172.053,66.0,1965.0,405.9,3588.0703125,86,645.7992684841156,99.3,39.4296875,4,656.1808125972748,10.4,30.3515625,13,17472.449435949326,9.6,4.78515625,410,1771006612.1286907,7.8,163.12109375,147,17474.611901283264
2026-02-13T21:16:55,gaming,25.3,44.2,336931.64547415444,64915.14441165614,73284.56463936844,10019.374071788654,61.0,7950.30859375,177.253,65.0,1965.0,440.3,3588.0703125,86,647.5696506500244,98.7,39.4296875,4,657.9535644054413,11.4,4.78515625,410,1771006613.9160256,6.2,114.7421875,37,17442.675204992294,4.4,345.44921875,95,17444.029420614243
2026-02-13T21:16:57,gaming,24.5,44.2,317998.23340981675,45062.16977483946,110994.52612242091,154351.76288899156,59.0,7950.30859375,162.427,65.0,1965.0,461.8,3588.078125,86,649.3731729984283,99.8,39.42578125,4,659.7232203483582,15.8,114.75,37,17444.457891464233,9.7,163.09375,147,17478.16255068779,8.6,30.3515625,14,17476.044454813004
2026-02-13T21:16:59,gaming,27.4,44.2,338347.08300055243,75517.16626676731,289780.751428463,18111.296964278936,58.0,7950.30859375,166.918,64.0,1965.0,403.2,3588.08203125,86,651.1408581733704,97.1,39.42578125,4,661.5416595935822,10.4,163.11328125,147,17479.97572660446,8.6,114.734375,37,17446.266026496887,7.8,4.78515625,410,1771006617.497053
2026-02-13T21:17:01,gaming,25.3,44.2,344056.24066741695,51448.76462847015,73278.91852630088,65550.2825879801,60.0,7950.30859375,164.013,64.0,1965.0,460.2,3588.08984375,86,652.9605038166046,99.9,39.4296875,4,663.3247776031494,10.3,30.3515625,13,17479.618309020996,7.8,61.25,33,17481.795115232468,7.0,163.1015625,147,17481.76130437851
2026-02-13T21:17:02,gaming,27.0,44.2,342357.7484646667,82462.42802886997,36838.33678681969,83174.05727649132,61.0,7950.30859375,168.777,65.0,1965.0,382.9,3588.08984375,86,654.6947159767151,100.3,38.7734375,4,665.1015644073486,9.7,163.08203125,147,17483.535567998886,8.8,4.78515625,410,1771006621.0634046,7.0,114.73828125,37,17449.834318876266
2026-02-13T21:17:04,gaming,22.6,44.2,342874.6103048334,66421.29476364677,0.0,25241.263594571366,65.0,7950.30859375,162.64,65.0,1965.0,379.1,3589.43359375,86,656.3760521411896,98.7,39.42578125,4,666.8259861469269,11.1,30.3515625,13,17483.05429124832,9.3,345.44921875,95,17452.833632469177,9.1,114.73828125,37,17451.547258377075
2026-02-13T21:17:06,gaming,24.3,44.2,335603.9119989725,101194.67787823458,498336.04417539237,185079.13179110124,61.0,7950.30859375,172.374,64.0,1965.0,405.0,3589.4375,86,658.163179397583,99.5,38.7734375,4,668.5383269786835,10.9,114.73828125,37,17453.273500919342,10.1,4.78515625,410,1771006624.4980772,8.1,61.0859375,33,17487.008363485336
2026-02-13T21:17:08,gaming,28.8,44.2,341533.51602921414,81441.70835681408,35471.517713762754,50990.30671353396,62.0,7950.30859375,172.902,65.0,1965.0,528.7,3589.4375,86,660.0162160396576,99.8,39.390625,2,670.4007284641266,10.1,163.08984375,147,17488.837712287903,8.5,30.3515625,13,17486.66710114479,7.6,4.78515625,410,1771006626.3467638
2026-02-13T21:17:09,gaming,27.9,44.2,346307.34982221766,77204.2124154704,256450.33817273477,23183.568517847674,63.0,7950.30859375,168.759,65.0,1965.0,477.3,3589.4375,86,661.8162677288055,99.4,38.734375,2,672.1774077415466,12.3,163.109375,147,17490.61580014229,11.4,4.78515625,410,1771006628.1354792,7.0,114.74609375,37,17456.908764839172
2026-02-13T21:17:11,gaming,25.3,44.2,338630.59980480094,110318.30714180008,108381.19612304009,5644.853964741671,59.0,7950.30859375,165.811,65.0,1965.0,423.8,3589.4375,86,663.6240019798279,99.8,39.38671875,2,673.9929385185242,9.5,30.390625,13,17490.280621290207,8.6,114.75390625,37,17458.72717666626,7.8,163.109375,147,17492.430052518845
2026-02-13T21:17:13,gaming,27.3,44.2,340683.77228135173,81753.98753780624,179794.1371176206,103100.70050338555,57.0,7950.30859375,163.222,64.0,1965.0,441.6,3589.44140625,86,665.4317491054535,99.5,39.38671875,2,675.8144495487213,13.7,114.76171875,37,17460.551471233368,8.6,4.78515625,410,1771006631.771633,8.6,163.08203125,147,17494.251943826675
2026-02-13T21:17:15,gaming,24.2,44.2,346729.5478553552,97643.61499189778,740276.4772288112,437514.96486218413,58.0,7950.30859375,153.435,64.0,1965.0,387.7,3589.234375,86,667.1478035449982,98.5,39.38671875,2,677.5756342411041,10.7,114.7265625,37,17462.30277657509,7.1,163.0859375,147,17496.015662670135,5.5,345.16796875,95,17463.593149662018
2026-02-13T21:17:16,gaming,25.1,44.2,338909.40916141134,66606.58625944772,619975.214096266,52976.39768888992,55.0,7950.30859375,163.591,64.0,1965.0,448.1,3589.234375,86,668.8630628585815,100.6,39.38671875,2,679.2682530879974,13.6,30.38671875,13,17495.524412870407,11.1,4.78515625,410,1771006635.2322261,10.1,114.7265625,37,17464.000026226044
2026-02-13T21:17:18,gaming,24.8,44.2,342717.1433713727,87560.7322147914,37915.88850922441,119375.80522826123,59.0,7950.30859375,160.29,63.0,1965.0,384.3,3589.19140625,84,670.5998277664185,99.4,39.38671875,2,680.9974024295807,13.5,163.1171875,147,17499.435478925705,7.2,114.7265625,37,17465.73056292534,6.3,4.78515625,410,1771006636.9618785
2026-02-13T21:17:20,gaming,26.2,44.2,337407.3719043974,68419.01461242276,262767.8740841545,14663.385830588977,59.0,7950.30859375,162.564,63.0,1965.0,414.5,3589.1953125,84,672.3558678627014,100.1,39.38671875,2,682.7461514472961,10.8,114.7265625,37,17467.471421957016,10.7,4.78515625,410,1771006638.708358,8.9,30.3515625,13,17499.01465654373
2026-02-13T21:17:22,gaming,23.0,44.2,340293.02699935937,68733.90555080811,2137450.287603912,30468.04138031892,58.0,7958.30859375,163.859,64.0,1965.0,428.2,3606.21484375,84,674.0819244384766,99.6,39.38671875,2,684.4876930713654,11.6,114.7265625,37,17469.22122979164,2.7,184.43359375,105,17475.537317037582,1.8,345.16796875,95,17470.548014879227
2026-02-13T21:17:23,gaming,25.6,44.2,304596.3281983237,75850.38226042314,639852.809694194,105951.57533326617,63.0,7958.30859375,166.388,64.0,1965.0,414.5,3606.27734375,84,675.8159523010254,99.7,39.38671875,2,686.2279987335205,13.5,4.78515625,410,1771006642.1871102,12.6,30.38671875,14,17502.484779834747,9.9,114.73046875,37,17470.955355644226
2026-02-13T21:17:25,gaming,22.9,44.2,340762.04152030905,62778.680519275666,150552.5923836119,16760.73782395679,59.0,7958.30859375,166.496,64.0,1965.0,420.4,3606.27734375,84,677.5629529953003,99.2,39.38671875,2,687.9612190723419,11.7,114.73046875,37,17472.68975353241,6.3,4.78515625,410,1771006643.9254286,3.6,12.09765625,4,17493.191964626312
2026-02-13T21:17:27,gaming,27.2,44.2,302524.1316616303,81614.15843816265,83281.9896241442,440122.1812775954,53.0,7958.30859375,160.559,63.0,1965.0,487.3,3606.375,84,679.3873388767242,99.2,39.38671875,2,689.7418234348297,13.2,4.7890625,410,1771006645.698795,8.8,163.12109375,147,17508.17718076706,8.6,30.3515625,13,17506.03781747818
2026-02-13T21:17:29,gaming,24.6,44.2,325113.8957531446,127133.5303644802,1467930.8389429054,247923.4336764258,57.0,7958.30859375,160.596,64.0,1965.0,409.3,3606.38671875,84,681.2011921405792,100.1,39.3984375,3,691.5684239864349,8.5,114.73046875,37,17476.303468227386,5.1,163.109375,147,17510.003529071808,3.5,345.16796875,95,17477.675216674805
2026-02-13T21:17:31,gaming,27.6,44.2,322097.97825868364,157724.8761148757,36130.536614321594,9597.173788179172,68.0,7958.30859375,168.972,64.0,1965.0,444.0,3606.4453125,84,683.0516872406006,97.4,39.3984375,3,693.3960092067719,11.9,30.3515625,13,17509.701879262924,10.2,114.7109375,37,17478.133294820786,9.4,61.1640625,33,17511.866594076157
2026-02-13T21:17:32,gaming,25.8,44.2,341837.9062745052,192009.84768599464,1647828.8520160017,22460.433155803214,61.0,7958.30859375,170.708,64.0,1965.0,487.1,3606.53515625,84,684.8611972332001,100.3,39.3984375,3,695.2491126060486,13.5,114.7265625,37,17479.980130195618,5.9,163.09375,147,17513.68443608284,5.0,4.7890625,410,1771006651.2073607
2026-02-13T21:17:34,gaming,27.8,44.2,342130.12427763065,103100.891880121,37271.398667613284,30574.194219526522,64.0,7958.30859375,173.292,65.0,1965.0,440.3,3606.53515625,84,686.621675491333,99.5,39.39453125,3,697.008428812027,13.3,163.12109375,147,17515.446653842926,9.7,114.734375,37,17481.743324279785,8.0,4.7890625,410,1771006652.9685178
2026-02-13T21:17:36,gaming,24.7,44.2,318825.3964505856,98625.51210791536,73912.74313311158,16168.412560368157,62.0,7958.30859375,172.835,64.0,1965.0,436.7,3606.53515625,84,688.3850629329681,100.6,39.39453125,3,698.7802255153656,9.7,163.12109375,147,17517.218044519424,5.3,114.73046875,37,17483.509346961975,3.5,345.44921875,95,17484.853024959564
2026-02-13T21:17:38,gaming,27.8,44.2,315577.3639213153,42475.294343991314,37054.70881258489,136639.2387464068,64.0,7958.30859375,171.359,64.0,1965.0,394.0,3606.53515625,84,690.1976590156555,99.6,39.3984375,3,700.5525515079498,14.1,4.7890625,410,1771006656.508765,13.0,30.3515625,13,17516.849774599075,10.6,114.73046875,37,17485.286249876022
2026-02-13T21:17:40,gaming,24.5,44.2,336198.3730205645,187394.54295494777,288481.46687562,12959.128394803243,63.0,7958.30859375,173.069,64.0,1965.0,429.6,3606.53515625,84,691.9980852603912,100.1,39.3984375,3,702.3634390830994,9.5,114.73046875,37,17487.100159168243,6.0,163.09765625,147,17520.801537036896,3.5,345.44921875,95,17488.46486377716
2026-02-13T21:17:41,gaming,26.2,44.2,340944.2905554141,193460.8985652208,36435.529702910586,60061.693494641666,64.0,7958.30859375,172.397,64.0,1965.0,462.7,3606.53515625,84,693.7874639034271,100.1,39.3984375,3,704.1735603809357,13.9,4.7890625,410,1771006660.1241663,12.3,30.3515625,13,17520.4343149662,10.4,114.6171875,37,17488.8998067379
2026-02-13T21:17:43,gaming,25.1,44.2,345751.0509424072,118995.8021275768,110242.894875546,43063.63081076015,69.0,7958.30859375,170.571,64.0,1965.0,358.0,3606.53515625,84,695.560524225235,98.8,39.3984375,3,705.9432232379913,9.7,114.6875,37,17490.67187023163,7.0,4.7890625,410,1771006661.906806,7.0,163.11328125,147,17524.381401777267
2026-02-13T21:17:45,gaming,24.9,44.2,328416.6465532267,110648.3919491176,108804.43655262636,51002.079634043606,68.0,7958.30859375,169.55,64.0,1965.0,467.9,3606.5546875,84,697.4201257228851,99.3,39.3984375,3,707.7694761753082,11.8,30.38671875,13,17524.071743249893,11.0,114.6875,37,17492.511148929596,8.6,4.7890625,410,1771006663.7161822
2026-02-13T21:17:47,gaming,25.9,44.2,336662.2707797687,212755.65673559156,467753.4524112896,10681.869706507816,59.0,7958.30859375,170.239,64.0,1965.0,441.2,3606.609375,84,699.2335562705994,98.6,39.3984375,3,709.5756795406342,14.8,114.6953125,37,17494.310987472534,11.2,4.7890625,410,1771006665.535802,10.3,163.09765625,147,17528.012261867523
2026-02-13T21:17:49,gaming,26.4,44.2,342845.1261988496,142745.47396211833,107725.65136435372,72097.63645999716,39.0,7958.30859375,160.204,63.0,1965.0,437.1,3606.6171875,84,701.0813937187195,100.5,39.3984375,3,711.4104681015015,17.1,163.08984375,147,17529.843968629837,13.6,114.71875,37,17496.15190720558,12.7,30.3515625,13,17527.732006311417
2026-02-13T21:17:51,gaming,25.3,44.2,341689.7551830566,129695.52868499655,179971.41893826006,16591.11518337085,67.0,7958.30859375,171.25,65.0,1980.0,430.1,3607.43359375,84,702.9056231975555,98.7,39.3984375,3,713.2308392524719,13.7,4.7890625,410,1771006669.1847694,9.5,114.71484375,37,17497.969750881195,7.7,163.109375,147,17531.66400885582
2026-02-13T21:17:52,gaming,25.9,44.2,342740.6227490242,182273.8576219444,70730.72251334767,12433.134816799395,58.0,7958.30859375,173.803,64.0,1980.0,414.6,3607.43359375,84,704.6729304790497,99.3,39.3984375,3,715.0714917182922,16.2,114.71875,37,17499.801509141922,9.3,163.12109375,147,17533.51037287712,8.8,30.3515625,13,17531.33005142212
2026-02-13T21:17:54,gaming,23.8,44.2,381743.70083844,85543.88561547046,75235.40857533629,63185.98767069259,41.0,7958.30859375,171.886,62.0,1965.0,382.1,3607.4375,84,706.4470779895782,99.3,39.3984375,3,716.8182919025421,12.5,114.7265625,37,17501.546811580658,11.7,163.1015625,147,17535.25268483162,7.9,345.4453125,95,17502.908585071564
2026-02-13T21:17:56,gaming,27.6,44.2,341151.0046032437,85829.7357273116,71127.91230147307,25005.906668486627,65.0,7958.30859375,172.827,65.0,1965.0,466.8,3607.4375,84,708.3190689086914,98.9,39.3984375,3,718.6731595993042,10.1,114.73046875,37,17503.403648614883,10.0,30.3515625,13,17534.962668418884,8.5,163.10546875,147,17537.098394870758
2026-02-13T21:17:58,gaming,23.0,44.2,344727.5241787953,134396.10164034215,885126.0307733049,72193.09188494769,66.0,7958.30859375,170.21,64.0,1965.0,447.4,3607.4375,84,710.1515920162201,100.1,39.3984375,3,720.5080556869507,10.2,114.7421875,37,17505.24899840355,6.8,163.08203125,147,17538.946194410324,6.0,345.4453125,95,17506.617782115936
2026-02-13T21:18:00,gaming,25.6,44.2,338109.095675006,141306.96340674174,72610.10783929925,34035.98804967153,64.0,7958.30859375,173.179,64.0,1965.0,373.5,3607.44921875,84,711.9470345973969,98.4,39.3984375,3,722.3189973831177,13.0,114.734375,37,17507.052107572556,9.5,4.7890625,404,1771006678.280067,7.8,61.1640625,33,17540.78476667404
2026-02-13T21:18:01,gaming,21.5,44.2,341448.3761443997,69900.4231487427,833250.5458682466,45002.32228024837,62.0,7958.30859375,172.404,65.0,1965.0,411.5,3607.44921875,84,713.7769944667816,99.5,38.75,3,724.1235184669495,12.1,114.78125,37,17508.85416007042,6.9,345.4453125,95,17510.23957633972,4.3,4.7890625,404,1771006680.0855014
2026-02-13T21:18:03,gaming,27.5,44.2,343031.51408108935,134635.91322569788,71992.7155388691,32340.477683476358,62.0,7958.30859375,174.011,64.0,1965.0,439.5,3607.44921875,84,715.5966312885284,99.6,39.3984375,3,725.9428896903992,12.8,30.3515625,13,17542.247700691223,11.1,114.7734375,37,17510.676791906357,10.2,345.1640625,95,17512.078340291977
2026-02-13T21:18:05,gaming,24.5,44.2,341555.74848569947,141461.739610681,143549.1780673798,26354.73191080801,59.0,7958.30859375,166.514,64.0,1965.0,406.4,3607.44921875,84,717.4157061576843,98.8,39.3984375,3,727.7776663303375,14.5,114.765625,37,17512.51456785202,10.2,163.0859375,147,17546.212362527847,6.0,4.7890625,404,1771006683.7327993
2026-02-13T21:18:07,gaming,23.8,44.2,343124.5575096131,121126.81778256081,80756.32338447931,66175.32055117055,57.0,7958.30859375,156.342,63.0,1965.0,431.9,3607.44921875,84,719.1953120231628,98.8,39.3984375,3,729.5968754291534,13.1,30.3515625,13,17545.865422964096,10.3,114.765625,37,17514.329091072083,9.4,163.1171875,147,17548.03088402748
2026-02-13T21:18:09,gaming,24.0,44.2,340356.98957239836,65816.92098817271,37572.32220589265,88060.13017006089,63.0,7958.30859375,174.185,65.0,1965.0,450.4,3607.44921875,84,721.0130884647369,99.6,39.3984375,3,731.3373878002167,14.3,114.765625,37,17516.07236433029,5.4,163.1015625,147,17549.77534675598,4.3,345.1640625,95,17517.492918014526
2026-02-13T21:18:10,gaming,28.9,44.2,329561.8269659741,100333.82205604411,353343.6164855694,77017.86640583895,63.0,7958.30859375,174.672,64.0,1965.0,427.9,3607.44921875,84,722.8431949615479,99.8,39.3984375,3,733.2000470161438,13.4,163.08203125,147,17551.637343883514,12.7,30.3515625,13,17549.490522146225,11.7,114.765625,37,17517.93433380127
2026-02-13T21:18:12,gaming,24.0,44.2,344488.95641084114,70699.1304465334,0.0,24088.704656210673,61.0,7958.30859375,174.779,65.0,1965.0,462.3,3607.44921875,84,724.6372992992401,98.3,39.3984375,3,735.012547492981,14.7,114.765625,37,17519.746003627777,9.5,163.09765625,147,17553.447845220566,8.8,345.1640625,95,17521.102974653244
2026-02-13T21:18:14,gaming,28.5,44.2,342582.94635831297,104124.29185245173,181807.48957846506,24714.455614572595,62.0,7958.30859375,176.468,65.0,1965.0,420.9,3607.44921875,84,726.4409368038177,100.3,39.3984375,3,736.8045747280121,13.1,114.765625,37,17521.539923667908,11.2,345.1640625,95,17522.914563179016,10.4,4.7890625,404,1771006692.7652683
2026-02-13T21:18:16,gaming,24.2,44.2,342300.6875727805,106753.9157575605,253609.79131467897,6227.026126030064,68.0,7958.30859375,169.695,66.0,1965.0,370.0,3607.44921875,84,728.2828683853149,99.7,39.3984375,3,738.6219236850739,12.9,163.109375,147,17557.056248426437,12.1,114.76953125,37,17523.353067159653,9.3,345.1640625,95,17524.754665851593
2026-02-13T21:18:18,gaming,23.8,44.2,343511.0850849182,101099.08117815413,35639.291391933155,83529.58919984332,67.0,7958.30859375,184.699,66.0,1965.0,314.2,3607.44921875,84,730.0768051147461,99.6,39.3984375,3,740.4573698043823,17.9,163.12109375,147,17558.892967939377,14.5,114.78125,37,17525.18846845627,12.2,345.48046875,95,17526.5457777977
2026-02-13T21:18:19,gaming,22.0,44.2,333729.3189786246,119976.12484456596,0.0,93494.7567093217,64.0,7958.30859375,174.224,65.0,1965.0,429.3,3607.44921875,84,731.8784387111664,100.0,38.75,3,742.2394082546234,21.0,163.08203125,147,17560.67709851265,12.2,345.4453125,95,17528.3465423584,9.6,114.76953125,37,17526.98069858551
2026-02-13T21:18:21,gaming,24.4,44.2,342577.0558799657,80734.02847766173,109492.06982828134,8554.06795533448,63.0,7958.30859375,176.619,65.0,1965.0,360.5,3607.44921875,84,733.6297426223755,99.4,39.3984375,3,744.0306253433228,17.9,345.4453125,95,17530.093828201294,11.5,30.3515625,13,17560.30238342285,11.4,114.77734375,37,17528.76033449173
2026-02-13T21:18:23,gaming,22.2,44.2,342570.206592171,114349.9414851011,37508.63517689424,31061.838505865544,66.0,7958.30859375,178.311,66.0,1965.0,401.8,3607.44921875,84,735.3995456695557,98.8,39.3984375,3,745.786782503128,13.3,345.4296875,95,17531.85799574852,8.9,114.7890625,37,17530.514109373093,6.3,4.7890625,404,1771006701.7423012
2026-02-13T21:18:25,gaming,26.9,44.2,342077.8320143917,69276.4139685866,37038.14736492622,15336.107893289762,68.0,7958.30859375,185.278,66.0,1965.0,391.5,3607.44921875,84,737.191136598587,99.0,39.3984375,3,747.5540246963501,15.6,345.4375,95,17533.666308164597,13.1,30.3515625,13,17563.8439412117,12.3,61.0859375,33,17566.022770166397
2026-02-13T21:18:27,gaming,24.8,44.2,339267.3854922146,83933.08159803179,425205.4342243323,617735.2884176635,65.0,7958.30859375,183.528,66.0,1965.0,409.4,3607.44921875,84,739.0201282501221,99.3,39.3984375,3,749.3667623996735,12.9,345.4296875,95,17535.480380773544,11.2,4.7890625,404,1771006705.3228347,6.9,114.79296875,37,17534.101087331772
2026-02-13T21:18:28,gaming,26.3,44.2,337574.39551131113,164242.37595896336,0.0,88315.1402753374,67.0,7958.30859375,182.572,66.0,1965.0,429.3,3607.44921875,84,740.7703812122345,100.3,39.3984375,3,751.1708874702454,16.4,163.11328125,147,17569.61004447937,13.4,345.4375,95,17537.22413277626,12.4,30.38671875,14,17567.438200950623
2026-02-13T21:18:30,gaming,23.8,44.2,340715.02812489204,58703.68767213996,189128.04546703657,8569.864560225094,65.0,7958.30859375,182.719,66.0,1965.0,379.9,3607.44921875,84,742.4815142154694,98.5,39.3984375,3,752.9006149768829,12.7,345.4765625,95,17538.943419456482,9.9,4.7890625,404,1771006708.8687716,9.9,163.078125,147,17571.341190814972
2026-02-13T21:18:32,gaming,23.7,44.2,338291.19419959857,60645.553751396284,38080.91493308844,10412.750177016369,63.0,7958.30859375,174.34,66.0,1965.0,361.5,3607.44921875,84,744.2148447036743,99.6,39.3984375,3,754.6263158321381,10.8,30.3515625,13,17570.87752056122,9.9,114.796875,37,17539.3524787426,9.0,345.4375,95,17540.673751354218
2026-02-13T21:18:34,gaming,26.4,44.2,317139.25258866325,96267.1580314484,75780.17102883365,17760.977584882887,64.0,7958.30859375,178.69,66.0,1965.0,496.3,3607.44921875,84,745.9877746105194,98.9,39.3984375,3,756.3650505542755,12.6,163.12109375,147,17574.802255630493,10.4,345.4453125,95,17542.46978187561,8.1,114.796875,37,17541.090620040894
2026-02-13T21:18:35,gaming,26.7,44.2,337416.67527822766,127769.03197952897,81585.92094252455,118412.89914574743,67.0,7958.30859375,183.306,66.0,1965.0,440.0,3607.44921875,84,747.7986421585083,98.0,39.40234375,3,758.1660118103027,12.1,30.38671875,14,17574.448417663574,11.2,163.12109375,147,17576.60316681862,9.6,345.4453125,95,17544.262057304382
2026-02-13T21:18:37,gaming,28.3,44.2,344308.72518399457,174584.55598063802,0.0,26351.710262093275,62.0,7958.30859375,177.14,66.0,1965.0,464.2,3607.44921875,84,749.5932130813599,99.5,39.40234375,3,759.9556059837341,13.1,4.7890625,404,1771006715.9146366,7.9,163.08203125,147,17578.390768766403,7.0,114.76171875,37,17544.690848827362
2026-02-13T21:18:39,gaming,27.1,44.2,341149.99262873206,177447.4878669205,36345.67514430353,70703.69617915296,63.0,7958.30859375,174.581,65.0,1965.0,473.1,3607.44921875,84,751.3728623390198,99.6,39.40234375,3,761.7603378295898,13.1,30.3515625,13,17578.0346159935,9.5,114.76171875,37,17546.49552321434,6.1,61.078125,33,17580.226126909256
2026-02-13T21:18:41,gaming,25.6,44.2,342644.47525045904,156103.29975990372,0.0,19494.574713730075,67.0,7958.30859375,177.017,66.0,1965.0,387.7,3607.44921875,84,753.1187763214111,99.0,39.40234375,3,763.543112039566,7.9,4.7890625,404,1771006719.5038292,7.9,163.09375,147,17581.98161292076,6.2,114.76171875,37,17548.26616358757
2026-02-13T21:18:43,gaming,24.5,44.2,313701.95187377767,118565.73953808169,376786.8409593224,10008.400462982001,67.0,7958.30859375,177.784,66.0,1965.0,420.1,3607.44921875,84,754.9190907478333,100.2,39.40234375,3,765.2898147106171,11.4,30.3515625,14,17581.576338529587,10.8,4.7890625,404,1771006721.245116,9.8,114.76953125,37,17550.025544404984
2026-02-13T21:18:44,gaming,28.3,44.2,285244.3996979815,65382.25105733581,0.0,15042.330219180187,67.0,7958.30859375,182.787,66.0,1965.0,430.0,3607.44921875,84,756.6956257820129,99.9,38.75390625,3,767.0887095928192,11.3,4.7890625,404,1771006723.0467281,5.2,114.77734375,37,17551.816696166992,4.3,163.08984375,147,17585.52601337433
2026-02-13T21:18:46,gaming,24.4,44.2,291881.94430987514,132855.09507350746,2329.6137224242757,20675.321786515447,67.0,7958.30859375,181.123,66.0,1965.0,440.6,3607.44921875,84,758.4831986427307,100.4,39.40234375,3,768.8481814861298,9.8,4.7890625,404,1771006724.8051226,9.8,114.78515625,37,17553.577394485474,9.7,30.390625,14,17585.13216972351
2026-02-13T21:18:48,gaming,27.1,44.2,312601.21139889193,146052.1935965895,36291.12960354464,18996.1381518554,64.0,7958.30859375,177.707,66.0,1965.0,428.4,3607.44921875,84,760.2809298038483,100.3,39.3984375,3,770.6540207862854,9.5,4.7890625,404,1771006726.6115785,9.5,114.7890625,37,17555.38379406929,6.9,61.16015625,33,17589.122579097748
2026-02-13T21:18:50,gaming,21.5,44.2,332604.54382938484,65365.45651359777,0.0,88340.05545206123,64.0,7958.30859375,177.317,66.0,1965.0,392.9,3607.44921875,84,762.0634605884552,99.7,39.40234375,3,772.4409627914429,7.0,30.390625,14,17588.71366763115,6.1,114.78125,37,17557.165877103806,3.5,345.1640625,95,17558.524830818176
2026-02-13T21:18:51,gaming,26.5,44.2,288320.7813789834,108989.0839886952,73538.37276491191,38492.74199413358,64.0,7958.30859375,176.939,66.0,1965.0,456.3,3607.44921875,84,763.843544960022,96.9,39.40234375,3,774.2159140110016,9.7,114.78515625,37,17558.943608760834,9.6,4.7890625,404,1771006730.1787202,6.2,61.078125,33,17592.674634218216
2026-02-13T21:18:53,gaming,25.9,44.2,333035.2919910756,96728.11990318485,0.0,31775.47505151819,63.0,7958.30859375,178.66,66.0,1965.0,420.9,3607.4765625,84,765.6403152942657,99.4,39.5234375,3,776.0077900886536,7.0,114.78125,37,17560.743303775787,7.0,345.1640625,95,17562.10379934311,5.2,4.7890625,404,1771006731.9677532
2026-02-13T21:18:55,gaming,25.8,44.2,334444.2837477349,152171.8296954162,72809.88125764347,37258.18142480974,66.0,7958.30859375,178.371,66.0,1965.0,389.5,3607.484375,84,767.4218807220459,99.8,39.5234375,3,777.8078308105469,11.3,4.7890625,404,1771006733.7673223,9.6,30.3828125,14,17594.081761598587,7.8,114.78125,37,17562.539004087448
2026-02-13T21:18:57,gaming,22.5,44.2,290200.8123028226,71748.05441579306,36942.80715111105,85141.62585607624,61.0,7958.30859375,177.521,66.0,1965.0,368.4,3607.484375,84,769.1939480304718,99.3,39.5234375,3,779.5849347114563,7.0,163.13671875,147,17598.01917743683,7.0,114.78125,37,17564.319386720657,4.4,4.7890625,404,1771006735.540991
2026-02-13T21:18:59,gaming,24.6,44.2,342211.7424277601,90251.48622412697,37232.75756451917,85518.99003100496,57.0,7958.30859375,168.065,66.0,1965.0,414.0,3607.484375,84,770.9683067798615,99.1,39.5234375,3,781.334388256073,12.5,163.1171875,147,17599.774453163147,10.7,4.7890625,404,1771006737.301004,9.9,114.78125,37,17566.06399011612
2026-02-13T21:19:00,gaming,24.0,44.2,334923.9498103052,71132.68487381031,111107.83983340164,10416.359984381405,53.0,7958.30859375,161.423,64.0,1965.0,393.5,3607.484375,84,772.7191114425659,100.4,39.5234375,3,783.1095113754272,13.2,114.78125,37,17567.842883110046,8.8,4.7890625,404,1771006739.070859,7.1,163.1015625,147,17601.54426908493
2026-02-13T21:19:02,gaming,23.2,44.2,341207.6726589488,99190.82476162013,0.0,14204.412368256118,62.0,7958.30859375,171.546,66.0,1965.0,403.6,3607.484375,84,774.5121128559113,98.6,38.87890625,3,784.88401222229,12.2,30.3515625,13,17601.163846492767,10.6,114.78125,37,17569.615690231323,6.2,163.09375,147,17603.319625139236
2026-02-13T21:19:04,gaming,23.7,44.2,343590.2509605919,114779.83656790301,110015.1329102162,55294.06419706179,57.0,7958.30859375,165.938,65.0,1965.0,437.9,3607.50390625,85,776.2959008216858,100.0,39.5234375,3,786.6644973754883,7.9,163.13671875,147,17605.10343503952,4.4,4.7890625,404,1771006742.6235447,4.4,114.74609375,37,17571.39357805252
2026-02-13T21:19:06,gaming,26.1,44.2,338766.64824204636,51830.40148988208,72964.59325380287,14535.915062281043,60.0,7958.30859375,162.578,64.0,1965.0,364.5,3607.51171875,85,778.0787897109985,100.0,39.5234375,3,788.4615159034729,15.6,114.76171875,37,17573.1958899498,10.5,30.3515625,13,17604.732886314392,7.8,4.7890625,404,1771006744.420918
2026-02-13T21:19:07,gaming,21.6,44.2,341539.1265874668,64063.766318331785,36927.59566769156,74143.68817653696,63.0,7958.30859375,165.184,65.0,1965.0,437.7,3607.51171875,85,779.8680884838104,100.5,39.5234375,3,790.2341902256012,8.8,163.1171875,147,17608.669813871384,8.8,114.890625,37,17574.966881513596,6.9,345.4453125,95,17576.348418951035
2026-02-13T21:19:09,gaming,26.4,44.2,346106.20756763883,120645.25442232494,0.0,156900.50721617398,65.0,7958.30859375,170.748,65.0,1965.0,458.7,3607.51171875,85,781.6558051109314,99.4,38.87890625,3,792.041915178299,10.5,30.390625,13,17608.304503917694,8.6,4.7890625,404,1771006748.00319,8.6,163.1171875,147,17610.47876906395
2026-02-13T21:19:11,gaming,24.2,44.2,340940.9701591672,48457.08547352934,0.0,54604.36508259179,60.0,7958.30859375,167.812,65.0,1965.0,432.4,3607.51171875,85,783.4231648445129,98.1,39.5234375,3,793.8101997375488,10.6,163.1328125,147,17612.246587514877,6.2,114.81640625,37,17578.53550028801,6.2,345.4296875,95,17579.885343790054
2026-02-13T21:19:13,gaming,27.1,44.2,342022.91206719057,81372.26170497769,299048.0954485062,9929.331294188683,60.0,7958.30859375,168.53,65.0,1965.0,372.4,3607.51171875,85,785.1858131885529,99.3,39.5234375,3,795.57279753685,11.6,30.3515625,13,17611.833857536316,10.7,4.7890625,404,1771006751.5287852,8.9,61.25,33,17614.03144288063
2026-02-13T21:19:15,gaming,22.6,44.2,340298.85642011825,143813.65369970075,36836.58424704071,12374.790020490238,60.0,7958.30859375,167.352,64.0,1965.0,355.9,3607.51171875,85,786.958738565445,99.6,38.87890625,3,797.345468044281,7.1,114.828125,37,17582.071777820587,2.6,4.7890625,404,1771006753.3071556,1.8,228.64453125,36,17580.974849700928
2026-02-13T21:19:16,gaming,23.2,44.2,342975.5551617098,133582.1282828325,0.0,21740.27949522888,59.0,7958.30859375,164.298,64.0,1965.0,399.8,3607.51171875,85,788.7254509925842,97.8,39.5234375,3,799.1183009147644,13.3,30.38671875,14,17615.379018068314,10.6,4.7890625,404,1771006755.0737314,10.6,61.25,33,17617.58033680916
2026-02-13T21:19:18,gaming,25.2,44.2,340919.325500002,47502.037249053865,0.0,40302.63095266706,69.0,7958.30859375,179.146,65.0,1965.0,442.2,3607.51171875,85,790.4886455535889,100.1,39.5234375,3,800.883269071579,9.8,114.84765625,37,17585.60952425003,7.1,4.7890625,404,1771006756.8421173,2.7,163.1171875,147,17619.320462465286
2026-02-13T21:19:20,gaming,23.7,44.2,341170.7612949096,123259.88981056405,0.0,71460.99471767494,65.0,7958.30859375,174.158,65.0,1965.0,415.0,3607.51171875,85,792.2616758346558,99.4,39.3984375,3,802.6427373886108,14.2,30.390625,14,17618.91155576706,8.0,114.859375,37,17587.374115228653,5.3,4.7890625,404,1771006758.604845
2026-02-13T21:19:22,gaming,27.4,44.2,341159.2915140586,156178.02309456895,0.0,86070.7017116493,64.0,7958.30859375,174.975,65.0,1965.0,447.6,3607.87109375,85,793.9962446689606,100.0,39.3828125,2,804.4078571796417,10.6,4.7890625,404,1771006760.3733504,9.8,114.85546875,37,17589.13409924507,4.4,61.1796875,33,17622.867559194565
2026-02-13T21:19:23,gaming,24.2,44.2,344221.44452322373,186244.31072413246,1231097.545776173,46462.094876648836,55.0,7958.30859375,174.323,65.0,1965.0,420.1,3607.87109375,85,795.7372932434082,99.0,38.734375,2,806.1439394950867,8.0,30.390625,14,17622.41365337372,7.2,4.7890625,404,1771006762.1042387,5.4,114.85546875,37,17590.871154546738
2026-02-13T21:19:25,gaming,24.5,44.2,336020.20721397066,77455.36040639355,94696.56181615939,457206.8375186446,61.0,7958.30859375,170.769,65.0,1965.0,343.0,3607.93359375,85,797.4302704334259,97.8,39.37890625,2,807.8692750930786,7.3,61.078125,33,17626.322407245636,7.2,114.86328125,37,17592.595041036606,6.3,163.09375,147,17626.309727668762
2026-02-13T21:19:27,gaming,20.4,44.2,342050.2065417854,79220.44133812936,1653669.2785389202,10816.150804397006,56.0,7958.30859375,163.633,64.0,1965.0,426.3,3607.93359375,85,799.165342092514,98.9,39.37890625,2,809.5759708881378,6.4,114.87109375,37,17594.30877661705,5.5,4.7890625,404,1771006765.538718,5.5,163.1328125,147,17628.013456106186
2026-02-13T21:19:28,gaming,26.7,44.1,342897.28007405216,89670.71148891063,0.0,16921.430842546655,57.0,7958.30859375,160.423,64.0,1965.0,458.8,3607.93359375,85,800.874383687973,100.6,39.390625,3,811.2992873191833,14.6,114.875,37,17596.02337360382,8.2,163.125,147,17629.7408285141,6.4,61.0859375,33,17629.75570511818
2026-02-13T21:19:30,gaming,24.1,44.1,341795.6500550525,88929.15494236344,38603.84509808328,98319.16798418084,57.0,7958.30859375,164.524,64.0,1965.0,449.7,3607.93359375,85,802.608805179596,99.3,39.390625,3,812.9976105690002,11.0,114.86328125,37,17597.725269317627,7.4,163.1015625,147,17631.436195611954,7.3,30.390625,14,17629.272020101547
2026-02-13T21:19:32,gaming,26.5,44.1,344181.66053031967,94911.9610469496,185479.0216716829,8984.14011222214,57.0,7958.30859375,165.771,64.0,1965.0,382.7,3607.93359375,85,804.3687541484833,99.7,39.390625,3,814.7679297924042,11.5,114.87890625,37,17599.49821329117,8.0,4.7890625,404,1771006770.725757,8.0,61.0859375,33,17633.2267973423
2026-02-13T21:19:34,gaming,22.7,44.1,339080.6668782698,69411.52815780167,0.0,42692.097306252275,54.0,7958.30859375,162.423,64.0,1965.0,411.0,3607.93359375,85,806.1252565383911,98.1,39.390625,3,816.5198538303375,12.4,30.390625,14,17632.78521132469,10.7,114.8828125,37,17601.248551130295,7.2,345.1640625,95,17602.58642911911
2026-02-13T21:19:35,gaming,25.6,44.1,343306.1418773923,76075.69550403349,112858.1479035465,14107.268487943313,58.0,7958.30859375,164.56,64.0,1965.0,423.0,3608.2109375,85,807.8533861637115,100.1,39.390625,3,818.2679116725922,9.9,4.7890625,404,1771006774.233106,9.0,61.16015625,33,17636.721822738647,7.2,114.875,37,17602.991171598434
2026-02-13T21:19:37,gaming,25.2,44.1,340616.34435184125,78656.4220751758,190392.07222652508,19039.20722265251,55.0,7958.30859375,163.983,64.0,1965.0,436.1,3608.2109375,85,809.5763401985168,99.7,39.390625,3,819.991260766983,13.5,30.38671875,14,17636.250504493713,6.3,114.79296875,37,17604.72024154663,4.5,345.1640625,95,17606.04919719696
2026-02-13T21:19:39,gaming,25.4,44.1,328922.76056606404,117586.54583568712,113206.45204153845,86084.07290658653,58.0,7958.30859375,165.656,64.0,1965.0,383.3,3608.2109375,85,811.3374032974243,100.5,39.390625,3,821.7326064109802,13.4,114.79296875,37,17606.46313238144,9.0,163.09375,147,17640.167863845825,7.2,61.23828125,33,17640.19256734848
2026-02-13T21:19:41,gaming,21.1,44.1,266635.0164701538,52354.57434034832,46782.58156311108,106430.3730560777,58.0,7958.30859375,168.412,64.0,1965.0,379.2,3608.265625,85,813.0928678512573,99.1,39.390625,3,823.4829471111298,8.9,114.79296875,37,17608.211153507233,7.1,4.7890625,404,1771006779.4419823,3.5,345.1640625,95,17609.564185142517
2026-02-13T21:19:42,gaming,26.4,44.1,336922.8221549719,132100.14914345616,0.0,10989.517777823266,58.0,7958.30859375,168.046,64.0,1965.0,499.9,3608.265625,85,814.8586132526398,98.2,39.390625,3,825.2491195201874,15.9,4.7890625,404,1771006781.212447,11.5,30.3515625,13,17641.517344236374,8.0,114.79296875,37,17609.978467464447
2026-02-13T21:19:44,gaming,25.4,44.1,342375.1402863527,83227.1091050962,0.0,70207.68863021473,56.0,7958.30859375,163.802,64.0,1965.0,384.3,3608.265625,85,816.6029422283173,99.5,39.390625,3,827.0086240768433,9.8,163.09375,147,17645.447483778,8.9,114.796875,37,17611.73717069626,5.3,4.7890625,404,1771006782.9711723
2026-02-13T21:19:46,gaming,23.5,44.2,306548.3141755838,72576.15406672937,75927.89031363722,9194.392967667007,54.0,7958.30859375,163.974,63.0,1965.0,385.2,3608.26953125,85,818.3309135437012,97.9,39.390625,3,828.7309083938599,16.3,114.796875,37,17613.45950818062,14.5,30.3515625,13,17644.997044801712,9.1,4.7890625,404,1771006784.6963181
2026-02-13T21:19:48,gaming,22.6,44.2,298535.0550378673,71886.0655763775,0.0,28117.391577620536,58.0,7958.30859375,167.403,64.0,1965.0,410.0,3608.26953125,85,820.0848188400269,99.8,38.74609375,3,830.4844720363617,11.6,114.796875,37,17615.215088129044,8.0,4.7890625,404,1771006786.4451208,7.1,163.1171875,147,17648.922793865204
2026-02-13T21:19:49,gaming,23.9,44.2,316159.5440931039,49511.88625369886,0.0,15171.655498221558,60.0,7958.30859375,174.151,65.0,1965.0,424.4,3607.33203125,85,821.8188652992249,99.2,39.39453125,3,832.2339119911194,10.8,345.1640625,95,17618.28221797943,9.0,114.796875,37,17616.9532930851,8.1,30.38671875,14,17648.4784886837
2026-02-13T21:19:51,gaming,25.2,44.2,341621.0753248271,52037.10391435491,151547.16061596276,11247.640826965984,62.0,7958.30859375,172.834,65.0,1965.0,463.6,3607.33203125,85,823.5613451004028,98.4,39.39453125,3,833.9640905857086,6.2,114.80078125,37,17618.70408153534,1.8,4.7890625,404,1771006789.928745,1.8,163.1015625,147,17652.404108285904
2026-02-13T21:19:53,gaming,25.8,44.2,334365.24355875654,84911.72709100669,0.0,67274.81098189256,58.0,7958.30859375,167.867,64.0,1965.0,373.5,3607.33984375,85,825.2843272686005,100.3,39.39453125,3,835.709216594696,13.5,114.81640625,37,17620.43637919426,12.7,30.3515625,13,17651.958582639694,12.6,4.7890625,404,1771006791.6724036
2026-02-13T21:19:55,gaming,22.4,44.1,313263.66122398234,48644.648298818516,0.0,118622.93684996582,62.0,7958.30859375,175.234,65.0,1965.0,376.3,3607.33984375,85,827.0000216960907,100.0,39.39453125,3,837.4270362854004,12.7,114.81640625,37,17622.15256857872,7.3,4.7890625,404,1771006793.393676,4.6,345.43359375,95,17623.450914382935
2026-02-13T21:19:56,gaming,23.7,44.1,292113.7588517703,46608.61686782925,116462.60240649407,127077.68335500265,60.0,7958.30859375,171.861,65.0,1965.0,415.2,3607.33984375,85,828.6857872009277,99.1,39.39453125,3,839.1155540943146,11.1,30.3515625,13,17655.356253147125,10.2,114.8125,37,17623.839102506638,6.5,345.43359375,95,17625.135356664658
2026-02-13T21:19:58,gaming,24.0,44.2,341142.2554103861,69173.94261930445,116458.58924393702,8491.772132370408,71.0,7958.30859375,170.027,65.0,1965.0,411.3,3607.33984375,85,830.3646364212036,100.1,39.3984375,3,840.8008358478546,12.1,114.81640625,37,17625.519479751587,5.6,4.7890625,404,1771006796.769633,4.6,163.109375,147,17659.24335193634
2026-02-13T21:20:00,gaming,25.5,44.2,321045.8432890064,159807.63274171192,535957.8844153744,52638.720790795705,67.0,7958.30859375,173.892,65.0,1965.0,531.9,3607.36328125,85,832.1749742031097,99.6,39.3984375,3,842.5265231132507,13.8,30.3828125,14,17658.839715719223,9.0,114.8203125,37,17627.25857758522,6.0,345.43359375,95,17628.64522433281
2026-02-13T21:20:02,gaming,30.6,44.2,330812.18882804835,236969.3495482604,0.0,10381.739833310772,58.0,7958.30859375,157.077,64.0,1965.0,485.8,3618.0625,85,833.9891564846039,99.2,39.3984375,3,844.3532657623291,17.1,114.82421875,37,17629.08764386177,10.3,4.7890625,404,1771006800.3081787,8.6,163.12109375,147,17662.78735613823
2026-02-13T21:20:03,gaming,27.8,44.2,318190.68691821594,41645.17329856988,0.0,13814.36325996643,56.0,7958.30859375,159.605,63.0,1965.0,452.6,3607.39453125,85,835.7558863162994,100.4,39.3984375,3,846.1595070362091,15.6,114.82421875,37,17630.889227628708,6.0,4.7890625,404,1771006802.124012,5.2,30.390625,14,17662.424553632736
2026-02-13T21:20:06,gaming,24.2,44.2,342599.9375847754,50849.02765763486,37619.428971368754,89933.94738467842,53.0,7958.30859375,156.707,63.0,1980.0,395.7,3607.39453125,85,838.7134418487549,98.7,39.3984375,3,847.9015159606934,15.2,114.8359375,37,17632.635314941406,9.9,163.1015625,147,17666.339649677277,5.4,4.7890625,404,1771006803.8650599
2026-02-13T21:20:08,gaming,25.2,44.2,309096.01819472277,60639.82210351197,0.0,21164.355386480333,54.0,7958.30859375,161.747,63.0,1980.0,461.7,3607.39453125,85,840.4228694438934,100.2,39.3984375,3,850.8491201400757,17.5,115.80859375,37,17635.573798894882,12.2,4.7890625,405,1771006806.8165588,12.2,163.125,147,17669.291055202484
2026-02-13T21:20:10,gaming,26.7,44.2,291943.49071996013,62270.40632681415,0.0,16137.110612375762,58.0,7958.30859375,163.727,63.0,1980.0,373.7,3607.39453125,85,842.2373127937317,99.1,39.3984375,3,852.5669047832489,12.7,115.80859375,37,17637.291838645935,6.4,4.7890625,405,1771006808.5298083,6.0,387.67578125,277,17665.90950536728
2026-02-13T21:20:12,gaming,26.5,44.2,311536.7657060903,72333.06947577554,34132.225750730286,21599.29910788401,60.0,7958.30859375,158.191,63.0,1980.0,383.2,3607.39453125,85,844.1255145072937,99.0,39.40234375,3,854.4936821460724,13.4,345.44140625,95,17640.654644966125,12.8,115.8046875,37,17639.238471984863,11.4,4.7890625,405,1771006810.451379
2026-02-13T21:20:14,gaming,25.6,44.2,334636.6849884807,137625.50978925682,105103.13359609316,109482.43082926371,60.0,7958.30859375,164.958,64.0,1980.0,507.8,3607.3984375,85,845.9925982952118,100.5,39.40234375,3,856.3596515655518,13.7,345.44140625,95,17642.474508285522,9.3,115.8046875,37,17641.093585968018,8.4,30.3515625,13,17672.637943029404
2026-02-13T21:20:15,gaming,27.5,44.2,344093.3240337409,181187.84832117357,148152.98205995728,191925.45403221739,59.0,7958.30859375,161.67,63.0,1980.0,466.5,3607.3984375,85,847.8119645118713,99.3,39.40234375,3,858.1843974590302,12.9,115.8046875,37,17642.91667985916,9.4,163.12109375,147,17676.621473312378,6.9,61.0859375,33,17676.649089336395
2026-02-13T21:20:17,gaming,26.8,44.2,342229.91591527767,181437.47467746446,0.0,16746.1982799867,61.0,7958.30859375,163.6,64.0,1980.0,485.7,3607.3984375,85,849.6296589374542,99.5,38.75,3,859.9900164604187,10.4,30.3515625,13,17676.267375946045,10.0,345.44140625,95,17646.147185325623,6.9,115.81640625,37,17644.722279310226
2026-02-13T21:20:19,gaming,27.2,44.2,339651.8510509405,156264.7213719298,17662.25631285255,60989.97883031896,59.0,7958.30859375,162.421,64.0,1980.0,445.2,3607.3984375,85,851.5172114372253,99.1,39.40625,3,861.8510518074036,15.2,4.7890625,405,1771006817.8079712,10.9,114.8359375,37,17646.582810878754,10.3,345.42578125,95,17647.974896669388
2026-02-13T21:20:21,gaming,25.3,44.2,341874.68261344667,110616.79381906861,0.0,46276.11812454771,60.0,7958.30859375,164.998,63.0,1980.0,387.9,3607.3984375,85,853.3299040794373,100.5,39.40625,3,863.6697473526001,18.8,345.44140625,95,17649.806111097336,9.5,30.3515625,13,17679.9863550663,7.7,114.8359375,37,17648.406632900238
2026-02-13T21:20:23,gaming,24.9,44.2,343625.78756758134,165523.0651478375,8906.875745156169,113005.98601666889,60.0,7958.30859375,167.566,63.0,1980.0,414.7,3607.3984375,85,855.1309449672699,99.4,39.40625,3,865.5082705020905,14.0,345.16015625,95,17651.595904111862,6.8,114.8359375,37,17650.235863685608,5.9,163.1171875,147,17683.944624900818
2026-02-13T21:20:25,gaming,23.8,44.2,341390.3908785237,74838.53703661877,367362.3773102823,115661.7484812842,55.0,7958.30859375,159.778,63.0,1980.0,406.9,3607.40234375,85,856.9752688407898,98.1,39.40625,3,867.2932226657867,17.9,345.16015625,95,17653.51769042015,13.7,25.53515625,9,15.436691284179688,7.8,114.8359375,37,17652.029192447662
2026-02-13T21:20:27,gaming,28.4,44.2,343647.64151516196,49094.5831224078,642174.3725058273,699473.6483420791,55.0,7958.30859375,161.741,64.0,1980.0,418.4,3607.40234375,85,858.9232139587402,98.3,39.40234375,3,869.2313714027405,14.1,345.16015625,95,17655.400860786438,12.1,163.10546875,147,17687.669595718384,7.3,4.7890625,402,1771006825.1921134
2026-02-13T21:20:28,gaming,27.2,44.2,343093.0631550284,89999.93371059994,44321.243707941416,285595.0141430475,49.0,7958.30859375,156.402,63.0,1980.0,400.4,3607.40234375,85,860.7106232643127,99.0,38.75,3,871.0786752700806,13.5,163.0859375,147,17689.51592731476,13.0,30.3515625,13,17687.36069059372,7.6,4.7890625,402,1771006827.039971
2026-02-13T21:20:30,gaming,31.6,44.2,331440.5537832577,66058.02042579639,0.0,25290.815313940024,52.0,7958.30859375,158.243,63.0,1980.0,596.7,3607.40625,85,862.5957834720612,99.3,39.40234375,3,872.96599817276,19.0,163.12890625,147,17691.40481519699,12.4,4.7890625,402,1771006828.9250185,8.3,345.16015625,95,17659.05796813965
2026-02-13T21:20:32,gaming,26.6,44.2,317166.86510178185,57930.32943977567,109748.2748002526,12289.520355236618,54.0,7958.30859375,158.349,63.0,1980.0,402.9,3607.40625,85,864.3646688461304,99.3,39.40234375,3,874.7608096599579,11.4,30.3515625,13,17691.016536712646,7.9,163.10546875,147,17693.192061662674,6.1,61.16015625,33,17693.215929746628
2026-02-13T21:20:34,gaming,25.0,44.2,324652.63396108727,64025.41766226907,75066.09964603584,61870.88681763111,59.0,7958.30859375,163.676,64.0,1980.0,416.7,3607.40625,85,866.1003773212433,99.0,39.40234375,3,876.4970433712006,9.8,163.09375,147,17694.937011241913,7.2,114.8515625,37,17661.225871562958,5.4,4.7890625,402,1771006832.4615817
2026-02-13T21:20:35,gaming,24.4,44.2,298256.3462981883,72549.1194727767,0.0,71806.10035399887,57.0,7958.30859375,164.195,64.0,1980.0,385.3,3607.40625,85,867.8441913127899,99.2,39.40234375,3,878.2459845542908,10.7,30.390625,14,17694.49618935585,8.1,4.7890625,402,1771006834.2065892,8.1,61.078125,33,17696.695175409317
2026-02-13T21:20:37,gaming,22.8,44.2,331020.2125577784,65294.83029440896,37703.19657234075,26804.6163131485,61.0,7958.30859375,174.615,64.0,1980.0,357.8,3607.40625,85,869.5826563835144,99.9,39.40234375,3,879.9810378551483,9.9,115.36328125,37,17664.709424972534,6.2,345.47265625,95,17666.04628610611,5.4,4.7890625,402,1771006835.946572
2026-02-13T21:20:39,gaming,22.4,44.2,337278.03662352276,102535.01696825755,37348.25213305688,29470.105198740195,66.0,7958.30859375,179.734,65.0,1980.0,345.7,3607.40625,85,871.3454194068909,100.6,39.40234375,3,881.7357261180878,11.4,30.390625,14,17698.006479740143,7.1,61.0859375,33,17700.204231977463,6.2,114.9375,37,17666.47167468071
2026-02-13T21:20:41,gaming,22.1,44.2,342639.5753954579,63328.53303730137,75326.44387009542,22362.53802393458,59.0,7958.30859375,163.73,64.0,1980.0,475.0,3607.37890625,84,873.1212906837463,99.5,39.40234375,3,883.4791460037231,10.8,114.97265625,37,17668.20294570923,9.9,4.7890625,402,1771006839.4409854,2.7,163.09765625,147,17701.916031837463
2026-02-13T21:20:42,gaming,29.6,44.2,329329.09521803155,52414.84866517373,55273.431486604146,12091.063137694657,55.0,7958.30859375,159.089,63.0,1980.0,489.3,3607.61328125,84,874.8625102043152,98.8,39.40234375,3,885.2509417533875,12.3,4.7890625,402,1771006841.2193272,10.6,30.3515625,13,17701.505072832108,9.9,345.4375,95,17671.31009411812
2026-02-13T21:20:44,gaming,29.7,44.2,317343.0174001008,85733.85735146367,37899.091926541274,87049.47676877449,53.0,7958.30859375,163.16,63.0,1980.0,375.4,3607.3828125,84,876.5309767723083,95.8,39.40234375,3,886.9802961349487,13.6,4.7890625,402,1771006842.9480994,7.3,114.921875,37,17671.702340841293,6.3,163.10546875,147,17705.421185016632
2026-02-13T21:20:46,gaming,25.8,44.2,330853.04040903255,74953.0759135303,0.0,55859.79061465746,62.0,7958.30859375,164.388,64.0,1980.0,486.3,3607.38671875,84,878.2818911075592,99.3,39.40234375,3,888.6942949295044,11.6,30.3515625,13,17704.951372623444,8.2,114.921875,37,17673.421179771423,6.4,4.7890625,402,1771006844.662988
2026-02-13T21:20:48,gaming,26.0,44.2,344753.00351987453,58736.29413972904,0.0,14245.020516965751,60.0,7958.30859375,171.013,64.0,1980.0,465.2,3607.45703125,86,880.0864698886871,99.0,39.40234375,3,890.4631638526917,13.3,163.1328125,147,17708.901530504227,7.9,114.921875,37,17675.194571971893,6.9,345.4296875,95,17676.55720257759
2026-02-13T21:20:49,gaming,27.5,44.2,347076.03199774306,159642.0368040848,73157.82479541643,11430.910124283817,63.0,7958.30859375,171.271,65.0,1980.0,487.9,3607.4609375,86,881.8859457969666,99.5,39.40234375,3,892.2525045871735,12.2,30.3515625,13,17708.542060375214,6.1,61.0859375,33,17710.712849378586,5.3,114.92578125,37,17676.980198144913
2026-02-13T21:20:51,gaming,25.7,44.2,331790.8935836968,186680.88520412418,0.0,7735.469992631686,61.0,7958.30859375,168.658,64.0,1980.0,482.9,3607.4765625,86,883.7238516807556,99.7,39.40234375,3,894.039627790451,7.8,114.92578125,37,17678.78951239586,6.1,4.7890625,402,1771006850.0028486,2.6,345.4296875,95,17680.169822454453
2026-02-13T21:20:53,gaming,29.0,44.2,339899.4273092219,69253.27706220336,108371.12620698565,20319.586163809807,61.0,7958.30859375,167.529,64.0,1980.0,440.8,3607.4765625,86,885.4891467094421,98.5,39.40234375,3,895.8635036945343,8.6,4.7890625,402,1771006851.8183365,7.1,30.3515625,14,17712.136883735657,6.1,114.9296875,37,17680.591338157654
2026-02-13T21:20:55,gaming,25.6,44.2,318224.8222294077,176741.33742317106,3694157.587017238,86293.21238423079,64.0,7958.30859375,171.316,64.0,1980.0,428.5,3607.484375,86,887.2615902423859,99.0,39.40234375,3,897.6318230628967,11.4,4.7890625,402,1771006853.5908208,9.7,114.93359375,37,17682.36443424225,4.4,345.4296875,95,17683.726134300232
2026-02-13T21:20:57,gaming,26.5,44.2,258101.69981597405,217197.36327179542,1577465.5152465282,56704.414294447095,63.0,7958.30859375,178.162,65.0,1980.0,404.1,3607.484375,86,889.0741047859192,100.4,39.3984375,3,899.4375965595245,9.5,114.94921875,37,17684.174510478973,9.5,30.38671875,14,17715.733694076538,6.1,61.078125,33,17717.90577673912
2026-02-13T21:20:58,gaming,23.9,44.2,310297.343557259,93849.23073720872,0.0,34669.931679377194,53.0,7958.30859375,165.383,64.0,1980.0,412.5,3607.484375,86,890.7948050498962,98.7,39.42578125,3,901.2104575634003,9.6,4.7890625,402,1771006857.174583,8.8,114.953125,37,17685.941907644272,8.1,345.4375,95,17687.25306248665
2026-02-13T21:21:00,gaming,24.8,44.2,341895.28315662465,79081.37837801516,0.0,15173.80630332382,51.0,7958.30859375,165.643,63.0,1980.0,431.7,3607.484375,86,892.5065689086914,99.7,38.77734375,3,902.9334976673126,10.9,163.09765625,147,17721.372599601746,10.9,30.3515625,14,17719.184609651566,7.2,61.0859375,33,17721.39858174324
2026-02-13T21:21:02,gaming,25.3,44.2,327886.37394236354,65890.4093845163,0.0,57388.34495689705,55.0,7958.30859375,166.198,64.0,1980.0,422.7,3607.484375,86,894.1745345592499,100.0,38.77734375,3,904.6212728023529,8.3,4.7890625,402,1771006860.5894802,8.3,163.12109375,147,17723.06219792366,5.6,114.953125,37,17689.34512901306
2026-02-13T21:21:03,gaming,23.5,44.2,349775.1252146552,80222.72930998434,137401.1092807581,16255.041946161115,56.0,7958.30859375,159.184,63.0,1980.0,409.2,3607.484375,86,895.9152615070343,99.8,39.42578125,3,906.29647397995,17.9,151.86328125,23,17616.088251829147,10.8,30.38671875,14,17722.588261127472,7.5,114.953125,37,17691.01668357849
2026-02-13T21:21:05,gaming,27.2,44.2,352897.81417630764,74961.26599566508,0.0,167542.70868608018,55.0,7958.30859375,164.293,63.0,1980.0,442.8,3607.484375,86,897.6306810379028,98.2,39.42578125,3,908.0459871292114,11.6,114.9609375,37,17692.772143125534,8.9,4.7890625,402,1771006864.008285,3.6,345.4453125,95,17694.079008102417
2026-02-13T21:21:07,gaming,23.5,44.2,350968.5996611363,122097.04909092243,47589.59282472007,63056.2104927541,60.0,7958.30859375,162.128,64.0,1980.0,440.8,3607.484375,86,899.4635031223297,99.0,39.4296875,3,909.7659730911255,15.2,154.234375,23,17619.66249895096,12.7,30.3515625,13,17726.144008159637,9.1,114.9609375,37,17694.489739894867
2026-02-13T21:21:09,gaming,28.8,44.2,296337.7776290818,67155.25374237957,0.0,113501.41292240558,54.0,7958.30859375,152.459,63.0,1980.0,583.8,3611.07421875,86,901.2829656600952,98.9,39.4296875,3,911.6301708221436,10.1,4.7890625,402,1771006867.588248,10.0,115.0546875,37,17696.36139202118,7.5,61.0859375,33,17730.0941696167
2026-02-13T21:21:11,gaming,28.6,44.3,280783.8946493083,92669.19637288168,54991.323571694455,46112.516120014625,54.0,7958.37109375,149.822,62.0,1980.0,375.7,3608.02734375,86,903.0210447311401,99.0,39.4296875,3,913.4454293251038,13.8,114.95703125,37,17698.17534470558,12.0,30.3515625,13,17729.72605252266,7.0,4.7890625,402,1771006869.3768427
2026-02-13T21:21:12,gaming,25.7,44.3,325449.7515041423,89400.879441482,1291217.64872675,167632.80595832114,53.0,7958.37109375,155.466,63.0,1980.0,480.9,3608.046875,86,904.7072992324829,99.5,38.78125,3,915.1414906978607,10.1,114.99609375,37,17699.87982225418,10.0,4.7890625,402,1771006871.1016097,5.5,61.078125,33,17733.60569047928
2026-02-13T21:21:14,gaming,24.3,44.3,342478.15453968546,106367.21296717343,0.0,75744.10714769512,57.0,7958.37109375,156.951,63.0,1980.0,396.7,3608.046875,86,906.4368860721588,99.6,39.4296875,3,916.8354268074036,9.3,115.0234375,37,17701.565603256226,4.5,177.93359375,164,17713.33656668663,3.7,4.7890625,402,1771006872.7975626
2026-02-13T21:21:16,gaming,25.8,44.2,281336.1613659647,89661.79683455553,1606362.90796868,42902.49772372746,58.0,7958.37109375,161.134,64.0,1980.0,439.3,3608.046875,86,908.185932636261,99.9,39.4375,3,918.5873866081238,8.9,30.38671875,14,17734.86511158943,8.0,4.7890625,402,1771006874.5519793,6.3,114.87890625,37,17703.314701795578
2026-02-13T21:21:17,gaming,23.4,44.2,343340.9041118403,121083.94013569184,0.0,289428.7260024207,57.0,7958.37109375,160.719,63.0,1980.0,445.8,3608.0390625,86,909.8822617530823,100.5,39.4375,3,920.3131499290466,9.0,114.87890625,37,17705.0425696373,5.5,345.1640625,95,17706.323050260544,3.7,172.64453125,165,17716.772901535034
2026-02-13T21:21:19,gaming,29.1,44.2,340333.9984495851,61579.1322528137,0.0,24201.27668200506,61.0,7958.37109375,157.018,63.0,1980.0,468.7,3610.23046875,86,911.613210439682,99.1,39.4375,3,921.99937748909,14.8,4.7890625,402,1771006877.965228,13.9,114.9140625,37,17706.725778341293,13.7,30.38671875,14,17738.27344584465
2026-02-13T21:21:21,gaming,27.4,44.3,345207.30699092883,115446.84921613251,18465.454929853175,14137.613930668836,55.0,7958.37109375,155.832,63.0,1980.0,479.2,3616.8515625,86,913.3966596126556,99.3,38.7890625,3,923.777604341507,11.5,163.125,147,17742.21288919449,8.7,114.9140625,37,17708.52120780945,4.4,4.7890625,402,1771006879.7361195
2026-02-13T21:21:23,gaming,27.0,44.3,354826.9184237039,270893.7863771346,37196.65770762755,33128.27327085579,54.0,7958.37109375,154.491,62.0,1980.0,452.4,3616.89453125,86,915.1612553596497,100.7,39.4375,3,925.5470716953278,14.3,30.3515625,13,17741.829233169556,9.8,4.7890625,402,1771006881.499889,9.8,114.9140625,37,17710.274445056915
2026-02-13T21:21:24,gaming,25.7,44.2,340855.5605550029,168195.6046480401,776651.5239792553,115862.07630791719,58.0,7958.37109375,158.393,64.0,1980.0,488.5,3617.0,86,916.8990926742554,99.3,39.4375,3,927.3080978393555,11.5,114.9140625,37,17712.03770852089,7.9,4.7890625,402,1771006883.273098,5.3,163.12109375,147,17745.747604608536
2026-02-13T21:21:26,gaming,28.0,44.2,342861.43778127915,116354.7251712262,112875.58867933981,671962.4888566948,64.0,7958.37109375,163.879,63.0,1980.0,433.5,3617.0,86,918.6752140522003,100.3,38.7890625,3,929.0534920692444,12.6,163.109375,147,17747.4900662899,11.6,114.93359375,37,17713.788041114807,11.5,30.3515625,13,17745.33598089218
2026-02-13T21:21:28,gaming,23.7,44.2,341712.7661979095,95665.55892432753,701447.535205273,29419.263400879045,54.0,7958.37109375,161.621,63.0,1980.0,380.5,3617.0,86,920.3921735286713,99.0,39.4375,3,930.820520401001,8.8,4.7890625,402,1771006886.7875803,8.0,114.9296875,37,17715.544007778168,7.9,163.0859375,147,17749.26159620285
2026-02-13T21:21:30,gaming,26.5,44.2,343893.2715868186,83896.24242901565,0.0,67535.41991442144,54.0,7958.37109375,158.383,64.0,1980.0,490.0,3617.0,86,922.1102294921875,100.2,39.4375,3,932.5669779777527,12.5,114.9296875,37,17717.29744029045,10.7,163.1328125,147,17751.005972862244,9.9,4.7890625,402,1771006888.5315335
2026-02-13T21:21:31,gaming,26.5,44.2,343343.6507443966,78887.39784831843,0.0,12456.029843486931,54.0,7958.37109375,167.33,63.0,1980.0,415.8,3617.48046875,86,923.8243842124939,98.8,39.4375,3,934.2594304084778,16.7,4.7890625,402,1771006890.2182426,12.0,163.1015625,147,17752.693684339523,9.3,114.9375,37,17718.97994041443
2026-02-13T21:21:33,gaming,22.8,44.2,341414.1017547859,136126.02302781516,38445.134627388594,13816.220256717776,50.0,7958.37109375,157.618,63.0,1980.0,424.9,3617.48046875,86,925.5122032165527,100.3,39.4375,3,935.9575390815735,11.1,30.3515625,13,17752.19614624977,11.0,114.9375,37,17720.68236541748,10.1,163.12890625,147,17754.395170211792
2026-02-13T21:21:35,gaming,30.9,44.2,340706.1834557424,103651.81213001662,9744.437246097836,218031.78338143905,60.0,7958.37109375,163.098,64.0,1980.0,471.6,3617.48046875,86,927.2586057186127,98.0,39.4375,3,937.6504926681519,19.5,4.7890625,402,1771006893.6031802,11.0,60.5,33,17756.117909669876,10.2,163.11328125,147,17756.084817647934
2026-02-13T21:21:37,gaming,25.0,44.2,336219.2543043064,111862.7564733185,0.0,25649.16967894863,57.0,7958.37109375,167.237,64.0,1980.0,411.0,3617.48046875,86,929.0228245258331,99.7,39.421875,2,939.4187471866608,11.5,114.93359375,37,17724.147795438766,10.6,163.109375,147,17757.856957435608,5.4,345.45703125,95,17725.46843600273
2026-02-13T21:21:38,gaming,24.5,44.2,349605.82316248986,69891.82587404425,37700.87988280379,18555.90181731749,57.0,7958.37109375,159.982,63.0,1980.0,376.2,3617.48046875,86,930.7546186447144,100.2,39.421875,2,941.16508436203,11.6,30.3515625,13,17757.433434963226,10.8,114.94140625,37,17725.89362359047,8.9,61.0859375,33,17759.630685329437
2026-02-13T21:21:40,gaming,22.5,44.2,343426.61642303155,85831.38378112302,38071.63207520645,14574.29665378997,57.0,7958.37109375,160.963,63.0,1980.0,396.1,3617.48046875,86,932.4905650615692,98.6,39.421875,2,942.8804216384888,9.0,114.94921875,37,17727.62003350258,5.4,345.45703125,95,17728.943895101547,3.6,4.7890625,402,1771006898.8391654
2026-02-13T21:21:42,gaming,24.9,44.2,351226.7923421149,64487.31192092501,37120.476355705134,88451.13506632864,52.0,7958.37109375,161.985,63.0,1980.0,366.2,3617.48046875,86,934.2141628265381,98.9,39.421875,2,944.6456990242004,11.8,30.3515625,13,17760.890326976776,9.7,163.109375,147,17763.08103108406,8.0,4.7890625,402,1771006900.6055536
2026-02-13T21:21:44,gaming,22.2,44.2,347570.46793614863,47118.38091358098,0.0,19336.100186245792,61.0,7958.37109375,165.108,64.0,1980.0,422.2,3617.48046875,86,935.9725708961487,98.2,39.421875,2,946.3642294406891,10.9,4.7890625,402,1771006902.326005,7.2,114.85546875,37,17731.09491586685,6.4,163.0859375,147,17764.802444696426
2026-02-13T21:21:45,gaming,28.0,44.2,346827.23491942097,85780.25037408108,36997.97617914113,143945.25107197094,59.0,7958.37109375,162.188,64.0,1980.0,408.5,3617.48046875,86,937.6694693565369,99.9,39.421875,2,948.1305768489838,12.5,114.90234375,37,17732.851437330246,9.1,30.3515625,13,17764.358648777008,8.8,4.7890625,402,1771006904.097631
2026-02-13T21:21:47,gaming,21.5,44.2,340304.4864689438,66780.03531187281,0.0,9898.888071561785,56.0,7958.37109375,164.165,64.0,1980.0,416.5,3617.48046875,86,939.3402881622314,99.6,38.77734375,2,949.7939569950104,11.3,114.90234375,37,17734.51447200775,7.6,4.7890625,402,1771006905.7520132,3.7,127.03515625,33,17720.361255645752
2026-02-13T21:21:49,gaming,24.1,44.2,347564.31095475034,69702.66383423306,39513.47043898983,8026.17368291981,55.0,7958.37109375,155.065,63.0,1980.0,478.0,3619.62890625,86,941.075879573822,99.0,39.421875,2,951.4513077735901,16.4,30.3515625,13,17767.746720790863,12.2,114.875,37,17736.177441120148,8.9,345.44921875,95,17737.52587199211
2026-02-13T21:21:50,gaming,29.3,44.2,347162.0529507313,190121.58327499422,37099.21388207872,81444.36797550095,55.0,7958.37109375,153.409,62.0,1980.0,432.6,3619.62890625,86,942.7990095615387,100.1,39.421875,2,953.2142868041992,11.5,4.7890625,402,1771006909.1769743,10.6,114.88671875,37,17737.940326929092,8.2,345.45703125,95,17739.24356341362
2026-02-13T21:21:52,gaming,23.0,44.2,350519.61416426965,114218.10777965578,38270.07940656422,9567.519851641055,53.0,7958.37109375,148.313,62.0,1980.0,494.1,3619.62890625,86,944.5533800125122,99.6,39.421875,2,954.9573438167572,7.1,30.38671875,14,17771.2333381176,7.1,345.45703125,95,17741.002650260925,6.2,114.921875,37,17739.701694965363
2026-02-13T21:21:54,gaming,28.1,44.2,341924.1458581951,56191.8042442538,0.0,78119.47694958377,52.0,7958.37109375,152.116,62.0,1980.0,398.0,3619.62890625,86,946.257657289505,100.0,39.421875,2,956.6752524375916,11.9,114.94921875,37,17741.40532875061,7.1,4.7890625,402,1771006912.6387775,6.3,163.125,147,17775.113149881363
2026-02-13T21:21:56,gaming,25.0,44.2,343079.26733789593,54258.6601434811,0.0,93352.79881253224,57.0,7958.37109375,156.735,63.0,1980.0,423.7,3619.6953125,86,947.9981410503387,100.0,39.421875,2,958.4089920520782,10.8,4.7890625,402,1771006914.3728766,10.8,163.1328125,147,17776.847029209137,9.9,114.953125,37,17743.1354868412
2026-02-13T21:21:57,gaming,25.9,44.2,342237.7350684905,72882.59527278646,52577.36524798326,28081.09280290015,56.0,7958.37109375,161.305,63.0,1980.0,430.7,3619.6953125,86,949.7215189933777,99.5,39.421875,2,960.1206161975861,9.1,114.94921875,37,17744.850269317627,8.2,4.7890625,402,1771006916.0833483,5.5,163.10546875,147,17778.555978775024
2026-02-13T21:21:59,gaming,24.4,44.2,342291.92867941014,58349.438439378275,0.0,16920.913892651963,45.0,7958.37109375,160.006,62.0,1980.0,474.8,3619.703125,86,951.4062604904175,100.6,38.79296875,3,961.8446397781372,12.7,114.94921875,37,17746.576174020767,12.7,30.3515625,13,17778.096048355103,7.3,61.0859375,33,17780.30371594429
2026-02-13T21:22:01,gaming,26.7,44.2,346996.32835875417,55176.7787092184,0.0,14898.775446195015,57.0,7958.37109375,164.48,63.0,1980.0,408.2,3620.14453125,86,953.1059694290161,97.6,39.44140625,3,963.5417606830597,14.8,114.94921875,37,17748.268970012665,12.1,4.7890625,402,1771006919.495594,4.6,345.16796875,95,17749.545972585678
2026-02-13T21:22:02,gaming,23.9,44.2,342815.07990245975,109488.63499895424,0.0,31413.26585426266,56.0,7958.37109375,164.351,63.0,1980.0,378.5,3620.14453125,86,954.7692370414734,100.4,39.44140625,3,965.2216637134552,15.9,114.953125,37,17749.943581581116,11.3,30.3515625,14,17781.44973540306,9.3,163.09375,147,17783.663118362427
2026-02-13T21:22:04,gaming,23.8,44.2,345077.86253883515,115222.42940061346,39659.753850833,87995.07885653572,55.0,7958.37109375,149.207,63.0,1980.0,550.2,3620.14453125,86,956.4929945468903,100.0,39.44140625,3,966.8770678043365,14.2,114.94921875,37,17751.598217964172,8.1,345.16796875,95,17752.93322777748,6.6,4.7890625,402,1771006922.8427038
2026-02-13T21:22:06,gaming,30.5,44.2,346949.9486907993,115242.19070059288,0.0,56726.62085988875,54.0,7958.37109375,162.913,63.0,1980.0,426.7,3620.14453125,86,958.1666555404663,99.8,39.44140625,3,968.600150346756,12.6,114.94921875,37,17753.328247070312,9.0,30.38671875,14,17784.851717233658,8.4,345.16796875,95,17754.604125738144
2026-02-13T21:22:08,gaming,24.3,44.2,340988.33582212863,123243.6327217206,9738.566908517145,66952.64749605538,53.0,7958.37109375,154.896,63.0,1980.0,404.1,3620.38671875,86,959.9847991466522,100.3,39.44140625,3,970.2818238735199,13.9,114.94921875,37,17755.012556791306,13.6,345.16796875,95,17756.445286750793,9.3,163.10546875,147,17788.72139286995
2026-02-13T21:22:09,gaming,26.2,44.3,346716.45013363595,127952.82516863217,0.0,112018.37239217643,59.0,7958.37109375,155.947,63.0,1980.0,429.2,3620.38671875,86,961.7496328353882,99.8,39.44921875,3,972.1288001537323,13.4,30.3515625,13,17788.409418582916,11.0,114.953125,37,17756.867927074432,10.2,163.1171875,147,17790.567319869995
2026-02-13T21:22:11,gaming,26.5,44.3,339079.0287799485,225818.62176655847,0.0,101898.27284279064,59.0,7958.37109375,160.348,63.0,1980.0,402.5,3620.65625,86,963.5088839530945,99.4,39.44921875,3,973.9054205417633,13.2,114.953125,37,17758.63830423355,10.7,345.16796875,95,17759.95562171936,7.9,163.125,147,17792.344480514526
2026-02-13T21:22:13,gaming,23.3,44.3,333151.1243041001,191015.84004809297,172131.40061571065,81644.51707286276,61.0,7958.37109375,165.049,64.0,1980.0,431.8,3620.6640625,86,965.248485326767,99.7,39.44921875,3,975.6449205875397,16.9,30.3515625,13,17791.925325632095,13.4,345.16796875,95,17761.699150323868,10.8,114.94921875,37,17760.378134727478
2026-02-13T21:22:15,gaming,28.2,44.3,341847.2586208948,91617.16260323279,0.0,77540.1744116023,57.0,7958.37109375,163.798,63.0,1980.0,405.9,3620.66796875,86,967.0075707435608,99.2,39.44921875,3,977.393149137497,18.7,345.48046875,95,17763.450104236603,9.9,4.7890625,402,1771006933.3509073,9.9,61.25,33,17795.849190235138
2026-02-13T21:22:16,gaming,23.5,44.3,345608.13461162924,119906.89127503398,0.0,46498.040808255886,55.0,7958.37109375,159.08,63.0,1980.0,443.1,3620.671875,86,968.724933385849,97.7,39.4453125,3,979.136566400528,15.4,345.4453125,95,17765.169682502747,8.2,30.3515625,13,17795.391619205475,6.3,163.09375,147,17797.575614452362
2026-02-13T21:22:18,gaming,26.8,44.3,342581.2786888076,90423.47554309764,38271.96567526558,40962.96326180769,53.0,7958.37109375,154.431,63.0,1980.0,372.0,3620.671875,86,970.4052119255066,100.5,38.79296875,3,980.8477306365967,13.9,345.4453125,95,17766.855301380157,11.0,4.7890625,402,1771006936.8130934,10.0,114.9609375,37,17765.57678747177
2026-02-13T21:22:20,gaming,22.8,44.2,340188.19647275715,69695.33752025582,0.0,13037.969468815447,49.0,7958.37109375,155.825,62.0,1980.0,419.0,3620.671875,86,972.1358041763306,99.8,39.4453125,3,982.5538527965546,13.6,345.4453125,95,17768.57793903351,11.8,30.38671875,14,17798.814207792282,4.6,114.84375,37,17767.28488588333
2026-02-13T21:22:21,gaming,26.6,44.2,345428.7450934039,64442.6870076435,0.0,23557.515170579372,62.0,7958.37109375,128.256,63.0,1980.0,367.8,3620.91015625,86,973.7837233543396,99.4,39.4453125,3,984.281946182251,10.0,61.25390625,33,17802.739265441895,8.6,345.4453125,95,17770.214818239212,7.2,4.7890625,402,1771006940.2407327
2026-02-13T21:22:23,gaming,21.5,44.3,344244.60005898005,103330.26029717401,13948770.550771197,85673.46923057364,57.0,7958.37109375,156.498,62.0,1980.0,397.6,3620.9296875,86,975.5213479995728,99.9,39.4453125,3,985.9094195365906,13.2,345.453125,95,17771.98951268196,9.5,114.94140625,37,17770.64388179779,8.6,163.109375,147,17804.347883939743
2026-02-13T21:22:25,gaming,25.7,44.3,339398.14366287465,82041.96384302924,0.0,84667.57667190117,59.0,7958.37109375,167.263,64.0,1980.0,465.0,3620.9609375,86,977.2649223804474,97.7,39.4453125,3,987.6833119392395,7.9,4.7890625,402,1771006943.6483536,7.9,163.11328125,147,17806.123505830765,6.2,114.94921875,37,17772.408049345016
2026-02-13T21:22:27,gaming,24.7,44.3,341353.2224976086,100373.10625813839,0.0,84185.43787562405,57.0,7958.37109375,158.327,63.0,1980.0,427.3,3621.01171875,86,979.0541903972626,99.4,39.4453125,3,989.3969173431396,13.7,163.12109375,147,17807.83787369728,4.6,4.7890625,402,1771006945.364137,4.5,114.94921875,37,17774.125963449478
2026-02-13T21:22:28,gaming,27.0,44.3,345915.5021358532,95955.44156850026,18091.299823455793,461610.82205786416,57.0,7958.43359375,158.03,62.0,1980.0,389.3,3621.01171875,86,980.823680639267,98.9,39.4453125,3,991.2169938087463,15.1,30.3515625,13,17807.4864859581,14.7,4.7890625,402,1771006947.175531,9.4,114.953125,37,17775.945410728455
2026-02-13T21:22:30,gaming,23.3,44.3,340576.1502633966,102282.27617141315,0.0,13672.636590723629,52.0,7958.43359375,155.37,62.0,1980.0,439.8,3621.00390625,86,982.5574007034302,100.4,39.4453125,3,992.9714324474335,8.9,114.9609375,37,17777.70120573044,6.3,345.453125,95,17779.0071413517,5.3,4.7890625,402,1771006948.9354658
2026-02-13T21:22:32,gaming,26.6,44.3,342807.20705859293,80992.03555780154,75989.34928620528,13060.669408566531,66.0,7958.43359375,179.152,64.0,1980.0,420.4,3621.00390625,86,984.296629190445,99.7,39.4453125,3,994.6960945129395,10.9,61.078125,33,17813.162026405334,9.9,30.390625,14,17810.968269586563,5.4,4.7890625,402,1771006950.6619418
2026-02-13T21:22:34,gaming,26.8,44.3,334369.70989848755,115076.59385325677,37179.42100996838,14813.675558659275,62.0,7958.43359375,173.556,64.0,1980.0,476.9,3621.0078125,86,986.0955739021301,99.8,39.4453125,3,996.4650497436523,7.9,345.453125,95,17782.55236196518,6.2,4.7890625,402,1771006952.425429,6.2,163.11328125,147,17814.902876138687
2026-02-13T21:22:35,gaming,23.8,44.3,342765.498824179,203268.68725859342,45891.86342552245,185575.22272695642,62.0,7958.43359375,170.725,64.0,1980.0,383.5,3621.0078125,86,987.8597428798676,100.1,39.4453125,3,998.24489569664,9.6,30.3515625,13,17814.53033399582,7.9,114.984375,37,17782.97399830818,6.1,4.7890625,402,1771006954.2087078
2026-02-13T21:22:37,gaming,23.9,44.3,343870.8381098208,144657.76425304398,0.0,25324.734234201034,63.0,7958.43359375,166.327,64.0,1980.0,453.2,3625.08203125,86,989.6736109256744,100.4,38.79296875,3,1000.0346403121948,12.3,4.7890625,402,1771006955.9894567,7.8,114.98828125,37,17784.766838550568,3.5,163.08984375,147,17818.471505880356
2026-02-13T21:22:39,gaming,28.0,44.3,341658.23436109826,335137.2312817323,180595.1900816955,17777.3390236669,69.0,7958.43359375,176.015,65.0,1980.0,492.7,3625.08203125,86,991.5003340244293,100.1,39.4453125,3,1001.8458833694458,9.5,114.9921875,37,17786.581687927246,8.6,30.38671875,13,17818.151671886444,7.7,125.94140625,43,17794.18304657936
2026-02-13T21:22:41,gaming,27.9,44.3,347507.38189152157,321618.50140088255,322775.91626174544,146538.02448341396,62.0,7958.43359375,164.747,64.0,1980.0,553.9,3625.08203125,86,993.3699293136597,98.8,39.4453125,3,1003.7127985954285,10.0,114.99609375,37,17788.459854841232,7.7,4.7890625,402,1771006959.6363387,5.0,345.4453125,95,17789.83687186241
2026-02-13T21:22:43,gaming,30.6,44.3,333225.80618289835,273639.1299409141,34811.70306029469,13870.287938086165,65.0,7958.43359375,170.53,64.0,1980.0,477.8,3625.08203125,86,995.1943807601929,98.6,39.4453125,3,1005.5662939548492,15.8,4.7890625,402,1771006961.5128176,9.4,30.390625,14,17821.85239648819,6.9,345.4453125,95,17791.650097608566
2026-02-13T21:22:45,gaming,28.1,44.3,343661.3029454977,324247.53288660455,72316.52795518909,71469.06864321421,65.0,7958.43359375,172.638,65.0,1980.0,520.7,3625.0859375,86,997.0314583778381,99.8,39.4453125,3,1007.3675091266632,11.3,114.99609375,37,17792.103049755096,8.6,4.7890625,402,1771006963.324657,7.6,345.4453125,95,17793.49412894249
2026-02-13T21:22:46,gaming,26.4,44.3,341210.46783860686,294767.99733297515,0.0,32236.203415989956,70.0,7958.43359375,182.189,66.0,1980.0,408.1,3625.0859375,86,998.8046753406525,98.1,39.4453125,3,1009.1989254951477,11.6,30.3515625,13,17825.466997623444,6.0,115.0,37,17793.92746567726,6.0,61.0859375,33,17827.657638788223
2026-02-13T21:22:48,gaming,27.8,44.3,342268.28472462296,343908.1929077784,111795.79336817488,6404.96732838502,79.0,7958.43359375,192.741,67.0,1980.0,555.5,3625.0859375,86,1000.6154382228851,99.9,39.4453125,3,1010.9517841339111,11.6,114.98828125,37,17795.678446531296,10.7,4.7890625,402,1771006966.9114082,7.1,163.078125,147,17829.38949084282
2026-02-13T21:22:50,gaming,28.2,44.3,344341.62191528745,345265.9173675451,0.0,22961.905483776914,83.0,7958.43359375,207.846,68.0,1980.0,414.9,3625.0859375,86,1002.4314663410187,98.8,39.4453125,3,1012.7860748767853,9.5,30.3828125,14,17829.089124441147,6.8,114.98828125,37,17797.5179374218,5.1,345.171875,95,17798.900959014893
2026-02-13T21:22:52,gaming,25.2,44.3,330834.1324700787,316798.91373999324,107312.60340999637,48626.023420154605,74.0,7958.43359375,203.139,68.0,1980.0,465.9,3625.0859375,86,1004.265665769577,98.3,39.4453125,3,1014.6155214309692,6.8,114.94140625,37,17799.348556518555,3.4,4.7890625,402,1771006970.5714073,2.6,163.109375,147,17833.048978328705
2026-02-13T21:22:54,gaming,27.8,44.3,340611.111354068,298893.85114231217,107279.502651436,12292.443012143709,69.0,7958.43359375,176.931,66.0,1980.0,498.5,3625.0859375,86,1006.1114826202393,97.9,39.4453125,3,1016.4504919052124,12.9,30.3515625,13,17832.751639842987,8.5,114.84375,37,17801.184275627136,7.7,4.7890625,402,1771006972.404511
2026-02-13T21:22:56,gaming,30.6,44.3,388616.08875199564,332094.0861335516,427592.3013277653,184284.00244607,70.0,7958.43359375,179.202,66.0,1980.0,592.5,3625.20703125,86,1008.0183556079865,96.4,39.44140625,3,1018.36274766922,9.8,4.7890625,402,1771006974.3205764,5.7,114.9375,37,17803.09902405739,4.1,163.12109375,147,17836.79807806015
2026-02-13T21:22:57,gaming,30.8,44.3,342969.1332045859,318973.6267662555,35858.38581558359,14007.181959212341,72.0,7958.43359375,191.798,67.0,1980.0,450.6,3625.26953125,86,1009.7966628074646,99.1,39.44140625,3,1020.1911821365356,15.4,4.7890625,384,1771006976.1487613,13.7,163.1171875,147,17838.6285507679,13.7,114.9453125,37,17804.920702934265
2026-02-13T21:22:59,gaming,23.6,44.3,343652.1514744976,302006.7024502717,3093276.531370943,17760.718035921265,72.0,7958.43359375,188.924,68.0,1980.0,465.4,3625.26953125,86,1011.5531647205353,99.9,38.79296875,3,1021.9437370300293,7.1,4.7890625,384,1771006977.9060385,6.2,114.9453125,37,17806.679376125336,4.5,184.421875,105,17812.99834918976
2026-02-13T21:23:01,gaming,26.8,44.3,341353.6080916769,308136.0128257809,8573744.659489458,6115.782535641258,63.0,7958.43359375,167.653,66.0,1980.0,603.3,3625.27734375,86,1013.4410603046417,99.0,39.44140625,3,1023.7332060337067,10.1,114.9453125,37,17808.540811777115,10.0,30.38671875,14,17840.097842931747,8.9,4.7890625,384,1771006979.6641223
2026-02-13T21:23:03,gaming,32.9,44.3,342602.2263425581,309024.30628762994,172074.89355351508,21240.494673012017,66.0,7958.43359375,166.386,65.0,1980.0,444.0,3625.296875,86,1015.2334067821503,99.4,39.44140625,3,1025.6148641109467,9.0,163.11328125,147,17844.050758838654,6.9,114.953125,37,17810.343675613403,5.7,4.7890625,384,1771006981.570154
2026-02-13T21:23:05,gaming,26.6,44.3,340430.697663786,242698.7656921277,110370.08346640509,82777.56259980382,64.0,7958.43359375,163.64,65.0,1980.0,445.2,3625.31640625,86,1016.9975082874298,97.6,38.79296875,3,1027.390862941742,8.8,61.1796875,33,17845.85364675522,7.9,114.9765625,37,17812.120742559433,7.0,4.7890625,384,1771006983.3497744
2026-02-13T21:23:06,gaming,22.9,44.3,344887.2718162648,282137.26311704103,37458.869872771334,46823.587340964164,62.0,7958.43359375,165.056,64.0,1980.0,435.0,3625.41796875,86,1018.7574915885925,98.4,39.44140625,3,1029.152586221695,11.5,114.98046875,37,17813.8861849308,5.4,4.7890625,384,1771006985.1086335,4.4,345.48046875,95,17815.21627140045
2026-02-13T21:23:08,gaming,25.6,44.3,340979.16275954095,287799.3096979824,0.0,25729.418418299294,55.0,7958.43359375,158.161,64.0,1980.0,405.4,3625.53515625,86,1020.5113613605499,99.3,38.79296875,3,1030.91463637352,10.7,114.9765625,37,17815.645095348358,9.7,4.7890625,384,1771006986.8724108,8.9,61.2578125,33,17849.37452149391
2026-02-13T21:23:10,gaming,28.2,44.3,342703.92865812604,274964.00472935726,107083.67609902043,14779.778211583549,68.0,7958.43359375,167.995,65.0,1980.0,550.1,3625.73828125,86,1022.3726062774658,98.5,39.44140625,3,1032.7545418739319,8.5,114.98046875,37,17817.487364053726,6.0,4.7890625,384,1771006988.7072988,4.3,163.12109375,147,17851.18786048889
2026-02-13T21:23:12,gaming,26.0,44.3,340946.5097576566,335181.1868679044,0.0,11167.132356443206,63.0,7958.43359375,166.717,65.0,1980.0,419.2,3625.7421875,86,1024.1320037841797,99.2,39.44140625,3,1034.5336680412292,12.3,114.98046875,37,17819.267263650894,9.8,30.3515625,13,17850.79701924324,8.8,61.0859375,33,17852.996042490005
2026-02-13T21:23:13,gaming,23.8,44.3,342265.37184799864,216633.37443168764,37616.47393833714,99918.75889870804,62.0,7958.43359375,166.139,65.0,1980.0,453.8,3625.74609375,86,1025.8869013786316,98.4,39.44140625,3,1036.2799172401428,10.7,114.9921875,37,17821.020268440247,9.0,4.7890625,384,1771006992.2379682,2.7,175.50390625,164,17832.79045510292
2026-02-13T21:23:15,gaming,27.6,44.3,339327.36699029285,301404.07367700426,74276.86228776262,84431.90205366765,60.0,7958.43359375,161.642,64.0,1980.0,623.6,3625.80078125,86,1027.7542402744293,97.8,39.44140625,3,1038.0546741485596,12.4,4.7890625,384,1771006994.0033255,8.4,30.38671875,14,17854.427169799805,7.6,61.0859375,33,17856.61304450035
2026-02-13T21:23:17,gaming,34.3,44.3,342991.508302849,204078.22142975449,70258.27344090265,9605.62332199841,56.0,7958.43359375,160.075,64.0,1980.0,419.9,3625.8046875,86,1029.5259020328522,98.7,39.44140625,3,1039.906261920929,13.4,4.7890625,384,1771006995.8674164,11.5,115.01171875,37,17824.63970398903,1.8,12.1015625,4,17845.148020744324
2026-02-13T21:23:19,gaming,25.3,44.3,340724.4231095042,322281.931421355,0.0,25019.55800020294,61.0,7958.43359375,162.609,64.0,1980.0,459.4,3625.89453125,86,1031.26007938385,99.4,39.44140625,3,1041.6662664413452,12.6,30.3515625,13,17857.923033714294,9.8,115.01953125,37,17826.394765853882,8.9,4.7890625,384,1771006997.6268492
2026-02-13T21:23:21,gaming,23.6,44.3,343017.5261505875,294743.25334679434,0.0,17122.364019653167,63.0,7958.43359375,165.14,64.0,1980.0,435.4,3625.90234375,86,1033.0217862129211,100.1,39.44140625,3,1043.398466348648,8.1,4.7890625,384,1771006999.362093,8.1,115.0234375,37,17828.139366149902,5.3,345.44140625,95,17829.478059768677
2026-02-13T21:23:22,gaming,28.0,44.3,340845.00438939105,248610.9682138725,0.0,13589.00795023436,62.0,7958.43359375,166.448,65.0,1980.0,490.1,3625.92578125,86,1034.7821407318115,99.2,39.44140625,3,1045.1786613464355,10.7,30.3515625,13,17861.44397187233,10.6,4.7890625,384,1771007001.134298,10.6,115.0234375,37,17829.908143520355
2026-02-13T21:23:24,gaming,25.7,44.3,340481.9896267425,234718.37572270096,0.0,23188.883375225716,57.0,7958.43359375,159.495,64.0,1980.0,460.3,3627.48046875,86,1036.570953130722,100.3,39.44140625,3,1046.9379332065582,8.9,115.0078125,37,17831.66478919983,8.0,4.7890625,384,1771007002.8995874,0.9,163.1015625,147,17865.377155065536
2026-02-13T21:23:26,gaming,27.5,44.3,341789.271732938,267125.262977825,17779.160227363867,510595.2577796061,63.0,7958.43359375,166.654,65.0,1980.0,464.3,3625.9609375,86,1038.4052031040192,98.9,39.5703125,3,1048.7868399620056,11.8,30.3515625,13,17865.07003712654,10.9,115.0078125,37,17833.526671886444,7.1,345.4453125,95,17834.857284784317
2026-02-13T21:23:28,gaming,27.5,44.3,341516.0277670182,312472.7929166438,0.0,6915.0023220577505,60.0,7958.43359375,163.453,64.0,1980.0,478.0,3628.3515625,86,1040.1733856201172,99.4,38.796875,3,1050.5629215240479,14.9,4.7890625,384,1771007006.5200393,8.8,114.94140625,37,17835.29883480072,8.8,345.4453125,95,17836.62824034691
2026-02-13T21:23:30,gaming,28.3,44.3,342661.1037720299,247713.12396154104,9039.932249454041,79381.90506551831,66.0,7958.43359375,165.009,64.0,1980.0,473.0,3630.671875,86,1041.9740951061249,100.0,39.4375,3,1052.3744518756866,10.4,115.00390625,37,17837.101432323456,10.4,30.390625,14,17868.650138139725,7.8,345.4453125,95,17838.435356140137
2026-02-13T21:23:31,gaming,27.4,44.3,347594.5530943155,275801.3107498814,2836926.0960415043,22163.485125324252,65.0,7958.43359375,164.763,65.0,1980.0,582.8,3631.4375,86,1043.788281917572,99.0,39.4375,3,1054.1264264583588,8.0,115.015625,37,17838.854101657867,7.1,61.2421875,33,17872.59011530876,6.2,4.7890625,384,1771007010.0870068
2026-02-13T21:23:33,gaming,29.2,44.3,342116.19803440076,334751.20806911896,0.0,13023.518557122641,65.0,7958.43359375,163.568,64.0,1980.0,458.5,3631.46875,86,1045.5541944503784,98.2,39.4375,3,1055.9395315647125,12.1,115.03125,37,17840.667969226837,11.5,30.390625,14,17872.219289064407,7.8,4.7890625,384,1771007011.8975809
2026-02-13T21:23:35,gaming,28.0,44.3,337532.15424080926,211087.50490266347,50539.9458021947,91603.6517664779,62.0,7958.43359375,163.417,63.0,1980.0,457.6,3631.484375,86,1047.3159198760986,98.6,39.4375,3,1057.7152736186981,16.7,115.03515625,37,17842.446070432663,8.8,61.25,33,17876.178341150284,7.1,345.16796875,95,17843.778031349182
2026-02-13T21:23:37,gaming,27.5,44.3,337937.08533928264,221378.64919042817,37336.2545893395,35877.807144443424,60.0,7958.43359375,156.408,63.0,1980.0,553.6,3631.484375,86,1049.0995829105377,100.3,39.44140625,3,1059.4759142398834,10.6,30.3515625,13,17875.758586645126,9.8,115.02734375,37,17844.208216190338,6.1,12.1015625,4,17864.737778663635
2026-02-13T21:23:39,gaming,33.6,44.7,343183.9453153742,241383.2458019827,140697.84983149066,20610.036596409765,63.0,7958.43359375,160.227,64.0,1980.0,555.3,3760.83203125,86,1050.9481189250946,96.6,39.44140625,3,1061.3361701965332,15.2,115.03125,37,17846.060459136963,14.3,4.7890625,384,1771007017.2970178,9.2,163.125,147,17879.77294278145
2026-02-13T21:23:40,gaming,27.6,44.7,343335.8830573666,232618.09384545754,0.0,14515.383571340122,66.0,7958.43359375,156.31,64.0,1980.0,553.7,3760.9765625,86,1052.7969632148743,99.9,39.44140625,3,1063.1045739650726,13.2,30.390625,14,17879.399144887924,7.9,115.03125,37,17847.834678173065,6.8,345.1640625,95,17849.254685163498
2026-02-13T21:23:42,gaming,30.4,44.7,341413.2662614343,333956.5428240029,35504.49194968781,14423.699854560673,66.0,7960.43359375,160.78,64.0,1980.0,550.0,3760.98046875,86,1054.6236672401428,100.0,39.44140625,3,1064.9487082958221,13.5,4.7890625,384,1771007020.9051416,8.5,115.03515625,37,17849.683716773987,7.7,345.1640625,95,17851.0847055912
2026-02-13T21:23:44,gaming,29.9,44.7,343978.23610012094,314536.8113069931,2396105.898228839,7543.710267278295,61.0,7960.43359375,162.785,64.0,1980.0,463.4,3761.0,86,1056.3931612968445,99.8,39.4375,3,1066.7803246974945,12.0,115.01953125,37,17851.50886654854,10.3,30.38671875,13,17883.057228565216,9.4,4.7890625,384,1771007022.7402775
2026-02-13T21:23:46,gaming,26.7,44.7,339536.92691183556,316436.9734889793,111325.51334839033,104367.66876411594,60.0,7960.43359375,161.548,64.0,1980.0,476.4,3761.00390625,86,1058.1646728515625,99.9,38.79296875,3,1068.547476530075,15.9,115.02734375,37,17853.28165102005,7.1,4.7890625,384,1771007024.5054333,6.2,23.8671875,6,1282.6551384925842
2026-02-13T21:23:48,gaming,27.4,44.7,340231.73032317223,297371.17936363886,0.0,16785.405215745075,62.0,7960.43359375,162.287,63.0,1980.0,468.6,3761.01953125,86,1059.9245791435242,98.7,39.4375,3,1070.3199985027313,12.4,115.0234375,37,17855.051196813583,9.7,4.7890625,384,1771007026.275295,9.7,30.3515625,13,17886.597291469574
2026-02-13T21:23:49,gaming,25.0,44.7,344471.2182370195,324078.5977447442,0.0,8455.685136957278,51.0,7960.43359375,160.009,63.0,1980.0,461.9,3761.265625,86,1061.6976613998413,99.7,38.79296875,3,1072.075979232788,8.9,115.06640625,37,17856.807394504547,6.2,345.48828125,95,17858.14976286888,4.3,23.8671875,6,1286.2518904209137
2026-02-13T21:23:51,gaming,32.8,44.7,341430.0564380457,341230.06042117195,994564.4740690392,38850.17476832184,59.0,7960.43359375,155.369,63.0,1980.0,565.9,3761.296875,86,1063.5424933433533,99.9,39.5546875,2,1073.921281337738,13.5,115.08984375,37,17858.653424024582,11.9,30.38671875,14,17890.208690166473,11.0,163.1171875,147,17892.355520009995
2026-02-13T21:23:53,gaming,25.8,44.7,349429.1027855376,343219.9122324921,0.0,25630.98062516319,60.0,7960.43359375,154.568,62.0,1980.0,431.4,3761.375,86,1065.2961242198944,98.9,38.91015625,2,1075.6915700435638,9.7,115.0859375,37,17860.421974658966,8.8,4.7890625,384,1771007031.6528518,8.7,345.4453125,95,17861.796096086502
2026-02-13T21:23:55,gaming,30.8,44.7,338632.09141380846,309103.6502965114,0.0,79877.67602414708,61.0,7960.43359375,155.741,63.0,1980.0,532.9,3761.39453125,86,1067.107813835144,99.3,39.55078125,2,1077.5014402866364,16.3,115.0859375,37,17862.240842103958,14.8,4.7890625,384,1771007033.45184,12.1,30.3515625,14,17893.777135372162
2026-02-13T21:23:57,gaming,25.5,44.7,344324.81932683225,345797.9214668947,0.0,72915.45999813723,61.0,7960.43359375,153.703,63.0,1980.0,535.9,3761.59375,86,1068.9393110275269,99.2,39.55078125,2,1079.2654538154602,13.3,115.07421875,37,17863.998028039932,6.8,345.4453125,95,17865.40108203888,5.3,4.7890625,384,1771007035.2251432
2026-02-13T21:23:58,gaming,30.3,44.7,350902.34672139917,326934.83603234915,0.0,18164.896170244,57.0,7960.43359375,157.466,63.0,1980.0,478.3,3761.68359375,86,1070.7920565605164,99.4,39.5703125,3,1081.1458656787872,9.9,115.07421875,37,17865.888330698013,9.3,30.3515625,13,17897.456552505493,8.4,345.44921875,95,17867.258350372314
2026-02-13T21:24:00,gaming,28.7,44.7,344379.9008916624,319145.88722592115,5844075.457984797,229492.3689593804,61.0,7960.43359375,157.727,63.0,1980.0,439.4,3761.69140625,86,1072.5695419311523,98.7,39.5703125,3,1082.9572687149048,17.7,345.44921875,95,17869.020101308823,11.3,114.921875,37,17867.69166469574,10.9,4.7890625,399,1771007038.9171834
2026-02-13T21:24:02,gaming,24.1,44.7,340939.13426146965,272224.7486458004,0.0,216864.53826690878,61.0,7960.43359375,154.579,63.0,1980.0,549.5,3761.80859375,86,1074.4331011772156,97.8,39.56640625,3,1084.7307562828064,11.7,345.44921875,95,17870.892117977142,11.3,30.3828125,14,17901.02576303482,7.9,114.98046875,37,17869.464188575745
2026-02-13T21:24:04,gaming,32.3,44.7,343191.6675772143,249211.2375872434,1405265.1421322152,21408.336149670467,58.0,7960.43359375,159.059,62.0,1980.0,464.6,3761.859375,86,1076.200739622116,98.4,39.56640625,3,1086.588972568512,13.2,345.44921875,95,17872.664999961853,12.6,4.7890625,399,1771007042.544278,10.9,114.984375,37,17871.327103853226
2026-02-13T21:24:06,gaming,26.9,44.7,344328.50952457945,345677.56781949464,36700.657706749524,73401.31541349905,46.0,7960.43359375,153.189,63.0,1980.0,479.5,3761.921875,86,1077.983939409256,100.1,38.92578125,3,1088.3681280612946,12.4,30.3515625,13,17904.63645720482,10.6,115.0078125,37,17873.09703230858,9.3,345.44921875,95,17874.512236833572
2026-02-13T21:24:07,gaming,31.4,44.7,345261.66053923714,347446.4445069309,2031203.1159995722,69599.88747257306,55.0,7960.43359375,153.579,63.0,1980.0,608.1,3763.2421875,86,1079.8728754520416,99.1,39.56640625,3,1090.212631225586,12.8,345.44921875,95,17876.34233522415,8.4,115.02734375,37,17874.950461149216,6.8,23.87109375,6,1304.3867692947388
2026-02-13T21:24:09,gaming,28.7,44.7,347794.90860003396,344347.33721253666,0.0,23188.982855822538,63.0,7960.43359375,159.246,63.0,1980.0,407.3,3762.078125,86,1081.6637063026428,99.0,39.4453125,3,1092.0451200008392,12.8,30.38671875,14,17908.323889493942,10.5,345.44921875,95,17878.120399713516,9.4,163.11328125,147,17910.480230808258
2026-02-13T21:24:11,gaming,26.6,44.7,341983.9524593617,344414.11053064506,0.0,12364.770071036459,60.0,7960.43359375,163.599,63.0,1980.0,391.2,3762.15234375,86,1083.45277094841,100.2,39.4453125,3,1093.8235068321228,17.4,345.44921875,95,17879.91390800476,8.8,4.7890625,399,1771007049.7817056,8.8,61.0859375,33,17912.290426254272
2026-02-13T21:24:13,gaming,24.6,44.7,341439.90340200614,347165.0579004944,109516.5572717229,10837.575980014244,63.0,7960.43359375,166.424,64.0,1980.0,428.3,3762.16015625,86,1085.238144159317,100.2,39.4453125,3,1095.6156957149506,17.4,163.12109375,147,17914.0531771183,13.1,345.44921875,95,17881.70269560814,12.2,115.046875,37,17880.344549655914
2026-02-13T21:24:15,gaming,25.9,44.7,340352.3258878572,332868.66893639596,4883194.286729884,62531.50578636717,70.0,7960.43359375,183.712,65.0,1980.0,428.8,3762.16015625,86,1087.0438606739044,100.3,39.4453125,3,1097.4069101810455,13.1,345.44921875,95,17883.49592733383,9.6,163.125,147,17915.84175658226,7.0,4.7890625,399,1771007053.3626242
2026-02-13T21:24:16,gaming,26.7,44.7,341470.5938246637,319128.9452165207,4104225.0404576375,77584.053150392,77.0,7960.43359375,179.323,65.0,1980.0,434.6,3762.16015625,86,1088.7987484931946,98.9,39.4453125,3,1099.1916146278381,10.7,30.3515625,13,17915.460201263428,10.6,115.05078125,37,17883.91762971878,8.9,345.44140625,95,17885.24702978134
2026-02-13T21:24:18,gaming,27.4,44.7,341494.13491456734,343550.8703759648,833773.2243977399,57087.70321543513,62.0,7960.43359375,164.772,64.0,1980.0,564.1,3762.80078125,86,1090.6606750488281,99.7,39.4453125,3,1100.9465453624725,17.9,4.7890625,399,1771007056.9006598,9.2,345.44140625,95,17887.11677646637,8.8,115.05859375,37,17885.690353393555
2026-02-13T21:24:20,gaming,33.5,44.7,342376.19507632306,347735.9440178765,34484.243729987116,87288.2419415299,62.0,7960.43359375,163.006,64.0,1980.0,485.9,3762.80078125,86,1092.470495223999,98.9,39.57421875,3,1102.841724872589,14.3,30.38671875,14,17919.13339138031,11.5,163.125,147,17921.280514240265,10.0,115.0625,37,17887.57354235649
2026-02-13T21:24:22,gaming,27.3,44.7,341840.6984913568,341674.1930424422,218971.9284294319,7983.351557323038,64.0,7960.43359375,168.099,64.0,1980.0,495.3,3762.796875,86,1094.2815127372742,100.5,39.57421875,3,1104.645426750183,12.2,163.1171875,147,17923.079413175583,10.4,4.7890625,399,1771007060.5974154,7.8,115.0625,37,17889.383303642273
2026-02-13T21:24:24,gaming,27.7,44.7,343908.011135927,346630.17076464475,1964431.1755898956,14210.294962311165,60.0,7960.43359375,162.073,64.0,1980.0,460.6,3762.8046875,86,1096.0592784881592,98.5,39.57421875,3,1106.4384546279907,16.6,30.38671875,14,17922.728807926178,8.8,114.94921875,37,17891.168419599533,7.8,163.12109375,147,17924.874138593674
2026-02-13T21:24:26,gaming,29.2,44.8,341360.3589794846,340849.3513704157,0.0,84823.90489551325,62.0,7960.43359375,160.97,63.0,1980.0,466.3,3762.8125,86,1097.8817267417908,98.6,39.57421875,3,1108.2608902454376,8.5,115.09765625,37,17892.997728586197,6.6,23.87109375,6,1322.4403336048126,5.2,4.7890625,399,1771007064.188723
2026-02-13T21:24:27,gaming,27.1,44.7,339268.7629342881,346884.3175707201,166399.36099548786,452945.6290255467,57.0,7960.43359375,160.039,63.0,1980.0,497.1,3762.81640625,86,1099.730298757553,99.3,39.57421875,3,1110.102478981018,10.2,115.09765625,37,17894.83547616005,10.2,30.3515625,13,17926.385279417038,6.1,23.87109375,6,1324.2456815242767
2026-02-13T21:24:29,gaming,29.0,44.7,340046.67490747053,342874.1305760949,0.0,9072.666211269572,60.0,7960.43359375,160.525,63.0,1980.0,523.6,3762.8203125,86,1101.5411214828491,99.7,39.453125,3,1111.9039900302887,13.9,115.1015625,37,17896.63720011711,13.8,4.7890625,399,1771007067.8608673,6.1,23.87109375,6,1326.0391166210175
2026-02-13T21:24:31,gaming,26.9,44.7,341772.628909061,342664.96234398196,3728097.704424804,89090.57014250451,63.0,7960.43359375,161.596,64.0,1980.0,400.6,3762.82421875,86,1103.3236396312714,100.1,39.453125,3,1113.6992061138153,12.2,30.3515625,13,17929.989833831787,7.0,61.0859375,33,17932.169371128082,6.1,115.1015625,37,17898.43099141121
2026-02-13T21:24:33,gaming,26.1,44.7,345126.1056322257,347795.82484965905,0.0,23201.71739006619,62.0,7960.43359375,163.971,64.0,1980.0,477.7,3762.82421875,86,1105.1000130176544,99.7,39.453125,3,1115.484670162201,8.7,115.1015625,37,17900.220618486404,7.9,4.7890625,399,1771007071.441396,7.1,23.87109375,6,1329.5960721969604
2026-02-13T21:24:34,gaming,28.7,44.7,343391.3245038589,331707.3277928572,629371.0266251281,76068.28125110694,62.0,7960.43359375,159.828,63.0,1980.0,466.9,3762.82421875,86,1106.8669216632843,96.7,39.453125,3,1117.2470469474792,7.1,30.38671875,14,17933.53509926796,6.2,115.1015625,37,17901.97757434845,6.2,23.87109375,6,1331.364909172058
2026-02-13T21:24:36,gaming,26.7,44.7,343409.6576140927,345382.8180556007,2853856.201630663,23743.527651553813,63.0,7960.43359375,165.328,64.0,1980.0,482.7,3890.82421875,86,1108.6581947803497,99.4,39.453125,3,1119.0226044654846,13.2,115.109375,37,17903.758195400238,6.1,23.87109375,6,1333.1725871562958,5.3,4.7890625,399,1771007074.9793568
2026-02-13T21:24:38,gaming,26.6,45.1,339817.6747036821,340936.18894427584,0.0,27742.249399916294,66.0,7960.43359375,165.838,64.0,1980.0,631.8,3891.5390625,86,1110.6086537837982,99.2,39.453125,3,1120.8332214355469,15.8,30.3515625,13,17937.2890291214,6.6,115.11328125,37,17905.63983297348,6.1,163.1171875,147,17939.26513195038
2026-02-13T21:24:40,gaming,36.7,45.1,344797.614679051,344666.390807844,33462.59775649883,94374.9827351256,70.0,7960.43359375,184.567,66.0,1980.0,465.6,3891.5390625,86,1112.4275653362274,96.0,39.453125,3,1122.7859916687012,18.3,4.7890625,399,1771007078.7463229,7.5,115.1328125,37,17907.519574403763,6.4,163.078125,147,17941.22404026985
2026-02-13T21:24:42,gaming,26.4,45.1,342625.74024971254,343598.0809856377,0.0,5082.865696135021,70.0,7960.43359375,185.651,66.0,1980.0,462.7,3891.5390625,86,1114.2309243679047,99.1,39.453125,3,1124.5990719795227,9.4,30.38671875,14,17940.902900457382,7.8,4.7890625,399,1771007080.5603645,7.8,389.4765625,277,17937.914298295975
2026-02-13T21:24:44,gaming,29.9,45.1,339665.7569358492,344495.4171227559,0.0,45006.65481849161,71.0,7960.43359375,185.541,66.0,1980.0,509.3,3891.5390625,86,1115.9819848537445,99.7,39.453125,3,1126.3850197792053,9.6,4.7890625,399,1771007082.3464985,7.9,115.1328125,37,17911.11266565323,6.1,163.08984375,147,17944.821697950363
2026-02-13T21:24:45,gaming,26.8,44.7,341885.73639858165,342504.7283944131,0.0,41692.8408158156,67.0,7960.43359375,183.84,66.0,1980.0,431.9,3763.5390625,86,1117.7730448246002,99.4,39.453125,3,1128.145700931549,9.8,115.13671875,37,17912.87469649315,7.0,30.3515625,13,17944.431651353836,6.2,4.7890625,399,1771007084.101394
2026-02-13T21:24:47,gaming,25.8,44.7,344637.90803187253,345914.6239669083,145324.9770186741,5960.594760531555,60.0,7960.43359375,167.628,65.0,1980.0,473.1,3763.5390625,86,1119.6128840446472,99.7,39.453125,3,1129.947695016861,13.0,115.140625,37,17914.685458660126,12.1,4.7890625,399,1771007085.906651,6.0,61.078125,33,17948.427552223206
2026-02-13T21:24:49,gaming,25.7,44.7,340541.55615560076,340498.46074430266,0.0,20685.79742309352,61.0,7960.43359375,157.275,64.0,1980.0,420.6,3763.5390625,86,1121.4556946754456,99.3,39.453125,3,1131.8044798374176,11.8,115.12890625,37,17916.540326833725,6.8,345.453125,95,17917.922707796097,5.1,163.12109375,147,17950.243051290512
2026-02-13T21:24:51,gaming,26.8,44.7,343803.1730211939,347325.8877257031,72258.10043027124,104435.5357781264,62.0,7960.43359375,166.063,65.0,1980.0,471.5,3763.5390625,86,1123.2648930549622,100.4,39.453125,3,1133.6250772476196,16.4,4.7890625,399,1771007089.5760307,12.1,115.140625,37,17918.354934453964,9.5,30.390625,14,17949.926005601883
2026-02-13T21:24:53,gaming,27.3,44.8,343432.90945449617,344219.48883655755,0.0,11926.536966572636,65.0,7960.43359375,180.221,66.0,1980.0,515.2,3763.54296875,86,1125.1209771633148,99.2,39.45703125,3,1135.4841849803925,10.0,115.1484375,37,17920.222388744354,6.7,345.453125,95,17921.58178472519,5.1,163.12890625,147,17953.91418838501
2026-02-13T21:24:55,gaming,30.5,44.7,342235.9668902497,343979.4625063819,35920.065607934885,23572.543055207265,69.0,7960.43359375,177.956,65.0,1980.0,598.2,3763.546875,86,1126.9783403873444,99.8,39.58203125,3,1137.2834849357605,13.0,30.3515625,13,17953.578946113586,11.3,115.1484375,37,17922.0156519413,8.6,163.1171875,147,17955.722839593887
2026-02-13T21:24:56,gaming,29.6,44.7,339901.8086525666,343231.9873188753,35138.71986398471,136437.06072187814,67.0,7960.43359375,187.318,66.0,1980.0,480.2,3763.546875,86,1128.8299582004547,98.7,39.5859375,3,1139.1668956279755,6.7,4.7890625,399,1771007095.1154397,6.6,115.07421875,37,17923.900864124298,5.8,163.1171875,147,17957.602623701096
2026-02-13T21:24:58,gaming,28.9,44.7,343701.2562242012,342902.38058150455,35398.99534805135,20188.489534435535,66.0,7960.43359375,169.548,65.0,1980.0,561.1,3763.546875,86,1130.682088136673,99.4,39.5859375,3,1141.0071251392365,11.9,163.078125,147,17959.441654920578,11.0,4.7890625,399,1771007096.9621015,10.8,30.390625,14,17957.343673944473
2026-02-13T21:25:00,gaming,28.7,44.7,340531.73825523496,344384.38027898874,35406.920161089314,15213.911006718066,64.0,7960.43359375,171.195,65.0,1980.0,466.7,3763.546875,86,1132.472293138504,98.0,39.5859375,3,1142.8559556007385,12.7,115.03515625,37,17927.58530163765,11.0,4.7890625,399,1771007098.814568,3.5,345.453125,95,17928.94349384308
2026-02-13T21:25:02,gaming,28.3,44.7,337071.69733354903,344555.4873600625,0.0,5455.399728581686,66.0,7960.43359375,177.352,66.0,1980.0,483.6,3763.5546875,86,1134.2884449958801,100.7,39.5859375,3,1144.6406044960022,14.8,115.03515625,37,17929.38320851326,12.0,30.3515625,13,17960.947710752487,10.5,4.7890625,399,1771007100.5975084
2026-02-13T21:25:04,gaming,27.3,44.7,341947.60439393186,345326.77203281183,0.0,83981.57002419347,71.0,7960.43359375,178.765,66.0,1980.0,554.1,3763.55859375,86,1136.1045022010803,98.0,39.5859375,3,1146.44122672081,13.0,4.7890625,399,1771007102.4007797,9.6,115.03515625,37,17931.16707468033,6.1,163.109375,147,17964.875956773758
2026-02-13T21:25:06,gaming,33.6,44.7,337724.8604104868,344207.87157572637,0.0,80108.47567378804,71.0,7960.43359375,193.53,67.0,1980.0,456.0,3763.59375,86,1137.8901555538177,99.9,39.45703125,3,1148.270921945572,12.7,115.0390625,37,17933.005849838257,12.0,4.7890625,399,1771007104.2254434,10.5,30.3515625,13,17964.544742822647
2026-02-13T21:25:07,gaming,25.0,44.7,333688.2161797003,343745.71103905945,0.0,61678.418549110895,66.0,7960.43359375,167.366,65.0,1980.0,479.9,3763.63671875,86,1139.7238717079163,100.1,39.45703125,3,1150.066248178482,8.7,163.12109375,147,17968.50146651268,7.8,4.7890625,399,1771007106.024742,6.1,115.05078125,37,17934.799564361572
2026-02-13T21:25:09,gaming,33.5,44.7,340667.5096158791,342527.6009273414,34730.183529342794,39342.786029333634,70.0,7960.43359375,187.58,67.0,1980.0,588.7,3763.61328125,86,1141.588389158249,98.3,39.45703125,3,1151.9571797847748,14.9,4.7890625,399,1771007107.9124987,10.7,115.05859375,37,17936.69075036049,7.5,30.3515625,13,17968.247064352036
2026-02-13T21:25:11,gaming,27.0,44.7,341607.9569262755,343041.9326146444,436257.0091122988,86342.5330534758,65.0,7960.43359375,179.377,66.0,1980.0,438.8,3763.61328125,86,1143.3582758903503,99.3,38.8125,3,1153.7511529922485,8.7,163.09765625,147,17972.190505743027,7.0,115.05078125,37,17938.478856801987,6.1,4.7890625,399,1771007109.7148056
2026-02-13T21:25:13,gaming,26.5,44.7,345941.0547989327,331820.2260100611,111317.87917090875,10146.160861931787,67.0,7960.43359375,175.63,66.0,1980.0,436.0,3763.62109375,86,1145.142529964447,98.6,39.45703125,3,1155.525502204895,9.7,4.7890625,399,1771007111.4788733,9.6,30.390625,14,17971.80529165268,6.2,115.0546875,37,17940.254694461823
2026-02-13T21:25:14,gaming,23.8,44.7,342189.5372768554,259203.59328412477,0.0,8347.731775158629,64.0,7960.43359375,175.27,66.0,1980.0,407.4,3763.62109375,86,1146.8883817195892,99.8,39.45703125,3,1157.2947947978973,10.6,115.05859375,37,17942.020222187042,8.8,163.109375,147,17975.733237028122,7.9,4.7890625,399,1771007113.2571373
2026-02-13T21:25:17,gaming,28.3,44.7,342201.3510000932,249244.9627171467,74570.83583263375,93796.12944573464,62.0,7960.43359375,164.831,65.0,1980.0,524.0,3763.62109375,86,1148.9071259498596,99.7,39.45703125,3,1159.0668551921844,10.6,163.1328125,147,17977.497267484665,10.5,115.05859375,37,17943.8057513237,9.0,30.3515625,13,17975.46897125244
2026-02-13T21:25:19,gaming,31.4,44.3,343695.52202799724,325883.3583642521,0.0,7163.481105834192,66.0,7960.43359375,179.661,67.0,1980.0,577.7,3763.69921875,86,1151.1112411022186,111.7,132.171875,82,17979.943417787552,97.8,39.45703125,3,1161.2740638256073,14.4,115.06640625,37,17946.08699774742,8.7,4.7890625,399,1771007117.1616883
2026-02-13T21:25:21,gaming,34.6,43.9,324162.5855778375,303608.91423276794,125032.40946515465,42734954.21713607,68.0,7960.43359375,182.567,66.0,1980.0,491.2,3763.69921875,86,1152.9437079429626,97.9,39.45703125,3,1163.298725605011,14.2,4.7890625,399,1771007119.2577872,8.0,115.06640625,37,17948.033999681473,7.3,61.32421875,33,17981.767138004303
2026-02-13T21:25:22,gaming,27.2,43.9,343215.1073115279,340673.31230516575,0.0,23041.16338881967,59.0,7960.43359375,172.768,65.0,1980.0,542.8,3764.8984375,86,1154.7829530239105,99.1,38.8125,3,1165.0962402820587,17.7,30.3515625,13,17981.441925048828,12.7,115.06640625,37,17949.878675699234,9.3,389.95703125,278,17978.465236902237
2026-02-13T21:25:24,gaming,33.8,43.9,346170.42543344625,272255.101040312,79345.81166618622,99733.27716374795,50.0,7960.43359375,156.522,64.0,1980.0,541.4,3764.8984375,86,1156.6187658309937,99.0,39.45703125,3,1166.958996295929,21.9,4.7890625,399,1771007122.9150627,9.5,115.0703125,37,17951.691700220108,8.4,163.10546875,147,17985.39600419998
2026-02-13T21:25:26,gaming,29.7,43.9,341446.505208054,333057.43190871924,3318449.1658356255,621088.1209030191,58.0,7960.43359375,162.645,65.0,1980.0,523.9,3769.359375,86,1158.4799237251282,99.0,39.58203125,3,1168.7890961170197,8.5,115.0859375,37,17953.522900104523,6.9,30.3515625,13,17985.072532892227,5.9,345.4453125,95,17954.94189429283
2026-02-13T21:25:28,gaming,30.8,43.9,337628.423580511,343051.9366517606,2785068.8012304697,9327.456584105197,60.0,7960.43359375,165.562,65.0,1980.0,541.5,3769.37109375,86,1160.309007883072,100.3,39.4609375,3,1170.6579461097717,13.3,13.0546875,30,17989.1207010746,12.5,115.046875,37,17955.39869260788,10.9,4.7890625,399,1771007126.6131277
2026-02-13T21:25:30,gaming,29.3,43.9,344021.4168850702,335334.97111162613,35628.671311079765,156710.4839698274,59.0,7960.43359375,161.865,64.0,1980.0,568.9,3769.37109375,86,1162.1514420509338,98.9,38.8125,3,1172.5063400268555,13.6,115.0625,37,17957.241479873657,9.3,30.3515625,13,17988.809876203537,9.3,345.453125,95,17958.621832847595
2026-02-13T21:25:32,gaming,32.7,43.9,341827.5621402531,304595.98862098914,71067.8608984951,116318.10045495877,57.0,7960.43359375,165.629,65.0,1980.0,491.9,3769.43359375,86,1164.0133543014526,99.1,39.4609375,3,1174.334849357605,12.7,4.7890625,399,1771007130.2936614,12.7,115.06640625,37,17959.081858873367,10.2,61.078125,33,17992.82026576996
2026-02-13T21:25:33,gaming,26.2,43.9,342872.81085339125,343639.7658713736,0.0,63070.2674005607,64.0,7960.43359375,167.11,65.0,1980.0,469.5,3769.43359375,86,1165.8597388267517,99.4,38.8125,3,1176.2060101032257,10.2,30.3515625,13,17992.505399227142,10.1,115.06640625,37,17960.945771217346,8.5,345.453125,95,17962.323033809662
2026-02-13T21:25:35,gaming,29.5,43.9,342353.9210330366,344946.6243529791,0.0,148332.47240059148,65.0,7960.43359375,175.267,66.0,1980.0,447.2,3769.453125,86,1167.7007811069489,99.3,39.4609375,3,1178.0460987091064,12.8,4.7890625,399,1771007133.9970798,11.0,115.06640625,37,17962.78671145439,10.2,61.0859375,33,17996.519658088684
2026-02-13T21:25:37,gaming,25.4,43.9,345706.51913459145,344399.58373429254,35334.702307751046,43616.27316113019,61.0,7960.43359375,170.805,66.0,1980.0,520.5,3769.453125,86,1169.5479719638824,97.2,39.4609375,3,1179.8955073356628,12.7,115.0703125,37,17964.628042936325,6.7,345.4453125,95,17966.026970148087,5.1,30.38671875,13,17996.20291209221
2026-02-13T21:25:39,gaming,30.7,43.9,342740.24285563815,342166.0838482192,0.0,30679.91963741507,61.0,7960.43359375,167.273,65.0,1980.0,456.2,3769.453125,86,1171.4141330718994,99.8,39.4609375,3,1181.7463159561157,15.1,115.0703125,37,17966.486401557922,13.6,4.7890625,399,1771007137.6940122,11.8,61.078125,33,18000.21791768074
2026-02-13T21:25:41,gaming,26.9,43.9,338851.0357796964,306870.2322655802,0.0,92492.43666859802,62.0,7960.43359375,167.115,65.0,1980.0,444.1,3769.453125,86,1173.2642786502838,99.2,38.8125,3,1183.6012580394745,14.3,115.08203125,37,17968.33972978592,12.6,163.08984375,147,18002.037754535675,3.4,30.38671875,13,17999.9212372303
2026-02-13T21:25:43,gaming,27.0,43.9,345095.60813210165,296319.53762987774,0.0,7181.646800486712,60.0,7960.43359375,163.585,64.0,1980.0,508.3,3769.453125,86,1175.096455335617,99.5,39.4609375,3,1185.4536492824554,23.6,4.7890625,399,1771007141.4111166,13.5,115.08984375,37,17970.19023180008,10.1,61.16796875,33,18003.923388957977
2026-02-13T21:25:45,gaming,27.3,43.9,342932.63541024766,332186.5140867816,35856.51479327299,10364.773807430474,63.0,7960.43359375,164.212,65.0,1980.0,501.5,3769.45703125,86,1177.0095911026,99.9,39.4609375,3,1187.2836503982544,11.9,115.08984375,37,17972.02270436287,9.0,30.390625,14,18003.66089105606,7.4,35.38671875,16,18001.165802001953
2026-02-13T21:25:47,gaming,29.3,44.0,343994.91304396215,342247.31893926044,1696353.7224529004,194421.41761214184,58.0,7960.43359375,158.308,64.0,1980.0,514.2,3772.62890625,86,1178.8662452697754,98.2,38.8125,3,1189.1928374767303,13.9,115.09765625,37,17973.931151628494,10.7,4.7890625,399,1771007145.147778,6.5,61.16796875,33,18007.67189693451
2026-02-13T21:25:48,gaming,32.1,44.0,347025.9699225919,347380.4835258706,0.0,28467.187297525736,62.0,7960.43359375,161.995,65.0,1980.0,652.6,3774.9140625,86,1180.8297801017761,98.8,39.46484375,3,1191.153772354126,15.2,30.3515625,13,18007.46940803528,12.8,115.10546875,37,17975.890055179596,11.4,345.4453125,95,17977.29517364502
2026-02-13T21:25:50,gaming,34.2,44.0,342928.9093507242,248631.31296682352,220711.5210878103,55729.659074672105,58.0,7960.43359375,158.764,63.0,1980.0,454.2,3774.921875,86,1182.6905057430267,99.9,39.46484375,3,1193.0152633190155,21.0,4.7890625,399,1771007148.962195,10.1,163.1015625,147,18011.44371342659,8.4,115.109375,37,17977.753422498703
2026-02-13T21:25:52,gaming,27.6,44.0,339927.11091169657,304787.5705143213,53889.18913154056,67092.040468768,56.0,7960.43359375,154.219,63.0,1980.0,502.2,3775.0234375,86,1184.5822772979736,98.6,39.46484375,3,1194.9013957977295,13.1,115.1171875,37,17979.6565489769,11.5,30.3828125,14,18011.229963064194,10.7,163.10546875,147,18013.338044166565
2026-02-13T21:25:54,gaming,26.1,44.1,340930.8865719743,340352.0955315403,453997.63803522656,30996.89582818498,66.0,7960.43359375,164.245,64.0,1980.0,440.4,3775.15234375,86,1186.5829408168793,99.3,39.59375,3,1196.836680173874,64.5,17.69921875,5,18011.745184898376,15.4,115.125,37,17981.58638381958,13.9,4.7890625,399,1771007152.7832572
2026-02-13T21:25:56,gaming,31.5,44.0,342411.4948177673,291913.4270747465,2992960.9669344705,238028.67240542753,59.0,7960.43359375,165.13,64.0,1980.0,457.1,3775.25,86,1188.4494223594666,98.6,38.9453125,3,1198.7692744731903,15.5,115.1015625,37,17983.50436449051,14.2,345.171875,95,17984.918787002563,10.9,30.3515625,13,18015.07908630371
2026-02-13T21:25:58,gaming,28.3,44.0,342221.3060212594,313976.5502188526,0.0,88429.03334864572,61.0,7960.43359375,156.122,64.0,1980.0,591.5,3775.265625,86,1190.3649551868439,98.3,39.59765625,3,1200.6454050540924,8.2,345.171875,95,17986.82946205139,6.7,163.11328125,147,18019.068672657013,6.6,115.1015625,37,17985.38451743126
2026-02-13T21:26:00,gaming,31.2,44.0,344047.947380072,345408.4028529594,3730.583331927038,168409.1904127063,59.0,7960.43359375,161.703,64.0,1980.0,479.2,3775.265625,86,1192.229508638382,98.3,39.59765625,3,1202.5527033805847,9.8,30.3515625,13,18018.8689494133,8.2,115.10546875,37,17987.293672323227,7.5,345.171875,95,17988.70795917511
2026-02-13T21:26:02,gaming,27.6,44.0,341581.21103822894,319757.4751688822,35056.62909783588,74769.21674772809,62.0,7960.43359375,157.194,64.0,1980.0,556.8,3775.28515625,86,1194.1769671440125,100.1,39.59765625,3,1204.425357580185,11.7,115.08203125,37,17989.162953853607,9.7,345.171875,95,17990.6483130455,6.7,4.7890625,399,1771007160.3773715
2026-02-13T21:26:04,gaming,31.3,44.0,344130.45507903304,300524.30531100725,1383582.4275738422,51146.149190039134,59.0,7960.43359375,158.314,63.0,1980.0,476.5,3775.3125,86,1196.0301988124847,99.1,39.58203125,2,1206.364748954773,14.3,30.38671875,14,18022.674293756485,9.7,115.0859375,37,17991.09873151779,9.3,345.171875,95,17992.49728369713
2026-02-13T21:26:06,gaming,26.0,44.0,340992.47428266756,327502.33705998684,35374.90529071719,102531.95205356312,66.0,7960.43359375,166.276,65.0,1980.0,466.3,3775.390625,86,1197.919242143631,98.9,39.58203125,2,1208.2131292819977,9.9,345.171875,95,17994.39977288246,8.5,115.0859375,37,17992.94631934166,7.6,4.7890625,399,1771007164.17211
2026-02-13T21:26:07,gaming,29.3,44.0,344435.0079618392,283683.39893305604,0.0,164473.07199831455,61.0,7960.43359375,167.213,65.0,1980.0,438.0,3775.46875,86,1199.871017217636,99.5,39.58203125,2,1210.1136441230774,21.6,153.56640625,25,17920.094410181046,14.8,4.7890625,399,1771007166.070053,13.6,345.171875,95,17996.357179164886
2026-02-13T21:26:09,gaming,26.9,44.0,341375.57513822,344651.27933351725,33548.45290561009,179798.73979100405,61.0,7960.43359375,165.939,64.0,1980.0,508.8,3775.46875,86,1201.8205637931824,99.5,39.58203125,2,1212.076218366623,15.3,345.49609375,95,17998.296392917633,12.0,163.08203125,147,18030.509200572968,7.0,115.11328125,37,17996.863466978073
2026-02-13T21:26:12,gaming,32.5,44.0,348934.0475698146,297092.96299313,2483399.1860739626,423567.9798638356,62.0,7960.43359375,157.185,63.0,1980.0,588.6,3775.50390625,86,1203.8943810462952,99.6,39.453125,2,1214.053739309311,22.6,157.546875,25,17924.105626821518,15.1,323.4140625,35,17925.032627105713,11.3,345.4375,95,18000.36399126053
2026-02-13T21:26:13,gaming,33.6,44.0,343116.296143221,306175.8536464932,31966.208565050765,236499.99618049277,52.0,7960.43359375,155.232,63.0,1980.0,480.9,3775.515625,86,1205.7262723445892,99.6,39.45703125,2,1216.0769789218903,8.5,345.45703125,95,18002.209851264954,8.5,160.33203125,25,17925.9532725811,8.0,115.109375,37,18000.813702106476
2026-02-13T21:26:15,gaming,26.2,44.0,345538.24319822894,328876.0356431992,35495.20330016996,65166.97480890579,58.0,7960.43359375,159.04,64.0,1980.0,392.8,3775.4921875,85,1207.604444026947,98.1,39.45703125,2,1217.9249060153961,14.4,4.7890625,399,1771007173.880275,13.3,345.45703125,95,18004.091987848282,11.8,163.078125,147,18036.3603181839
2026-02-13T21:26:17,gaming,26.1,44.0,342324.3577914456,320869.94946625666,0.0,28464.68389837505,60.0,7960.43359375,156.581,63.0,1980.0,562.1,3775.4921875,85,1209.5106167793274,98.6,39.45703125,2,1219.8110702037811,10.8,163.11328125,147,18038.246066570282,7.5,115.125,37,18004.548138856888,5.8,4.7890625,399,1771007175.768044
2026-02-13T21:26:19,gaming,32.8,44.0,335891.25007893314,238952.41073874445,0.0,112598.06802057226,62.0,7960.43359375,164.85,64.0,1980.0,619.6,3772.0078125,85,1211.487800836563,100.6,39.45703125,2,1221.722618818283,15.7,4.7890625,399,1771007177.6559062,9.5,115.1328125,37,18006.53019142151,9.5,345.453125,95,18007.966778039932
2026-02-13T21:26:21,gaming,31.4,44.0,340049.3255116263,223887.15477713657,33147.86086185577,10617.674182313176,72.0,7960.43359375,184.97,66.0,1980.0,448.3,3772.0078125,85,1213.384025335312,96.3,39.45703125,2,1223.6839756965637,11.1,163.10546875,147,18042.11788725853,10.7,115.140625,37,18008.427282333374,9.1,30.3515625,13,18040.010325193405
2026-02-13T21:26:23,gaming,27.6,44.0,343633.8839896247,254631.67441944007,0.0,75254.89444772339,60.0,7960.43359375,177.508,64.0,1980.0,441.3,3772.0078125,85,1215.2815976142883,100.3,39.45703125,2,1225.5842905044556,11.5,4.7890625,399,1771007181.5320644,7.5,61.0859375,33,18044.05560898781,6.6,163.09375,147,18044.020233631134
2026-02-13T21:26:26,gaming,26.6,44.0,342425.3665848433,321397.2779840923,6452787.086211383,19471.455741295922,57.0,7953.40234375,141.623,63.0,1980.0,543.2,3774.70703125,85,1217.8875796794891,100.3,39.45703125,2,1227.5006942749023,27.4,301.9453125,85,18044.465782165527,9.8,115.15234375,37,18012.24101448059,7.3,163.11328125,147,18045.934052228928
2026-02-13T21:26:27,gaming,38.6,43.9,394447.26844013593,337289.5894786587,6003298.7534739,21705094.803088814,57.0,7953.40234375,153.26,63.0,1980.0,455.8,3778.984375,85,1219.8173785209656,96.4,38.81640625,2,1230.1105496883392,31.8,4.7890625,423,1771007186.0580423,11.9,39.16796875,5,18044.85317826271,9.0,35.27734375,12,18049.456889152527
2026-02-13T21:26:29,gaming,31.6,43.8,343716.11027268093,308072.43461792765,17765.584349470828,183308.52942408534,58.0,7953.40234375,154.234,63.0,1980.0,529.9,3779.04296875,85,1221.7137191295624,97.9,39.4921875,3,1232.0100932121277,14.0,30.38671875,14,18048.343628168106,9.1,61.375,33,18050.488990068436,8.2,115.15625,37,18016.753576040268
2026-02-13T21:26:31,gaming,27.2,43.8,340957.9803125685,286389.9768601597,17383.33239805301,346036.96054874273,48.0,7953.40234375,156.782,62.0,1980.0,425.7,3779.1328125,85,1223.6147694587708,100.2,39.48828125,3,1233.8962681293488,9.9,115.1640625,37,18018.642908096313,8.3,163.08984375,148,18052.328227758408,7.4,30.3515625,13,18050.236822605133
2026-02-13T21:26:33,gaming,31.8,43.8,343386.70851733134,286339.8483524368,0.0,195767.49995864535,59.0,7953.40234375,157.161,63.0,1980.0,565.1,3779.19921875,85,1225.5693764686584,97.3,39.48828125,3,1235.8712787628174,13.5,4.7890625,423,1771007191.8200746,11.1,163.0859375,148,18054.302877426147,9.5,115.13671875,37,18020.61380505562
2026-02-13T21:26:35,gaming,25.2,43.8,341363.165923398,294528.99922376213,104100.16445436563,54489.92983158201,62.0,7953.40234375,152.452,63.0,1980.0,450.6,3779.73046875,85,1227.4454727172852,100.0,39.48828125,3,1237.7457654476166,11.7,30.3515625,13,18054.07559990883,10.0,163.0859375,148,18056.18117570877,6.6,4.7890625,423,1771007193.7046797
2026-02-13T21:26:37,gaming,30.6,43.8,343040.388741142,340251.3601468801,113539.90411869978,408306.9628884011,62.0,7953.40234375,156.465,63.0,1980.0,488.8,3779.78125,85,1229.3154215812683,100.1,39.48828125,3,1239.6353604793549,10.8,4.79296875,423,1771007195.5847664,9.1,61.14453125,33,18058.10542654991,7.5,115.140625,37,18024.371060609818
2026-02-13T21:26:39,gaming,26.9,43.8,342737.8224455165,345970.4270988437,105714.56015990628,68824.58343743898,62.0,7953.40234375,159.282,63.0,1980.0,657.0,3781.9765625,85,1231.3202888965607,98.1,39.48828125,3,1241.497360944748,12.5,30.38671875,14,18057.94409251213,8.3,115.140625,37,18026.25600194931,6.6,61.15234375,33,18060.00895023346
2026-02-13T21:26:41,gaming,39.2,43.8,345208.4073726026,251862.21034931755,0.0,284447.36651911214,58.0,7953.40234375,153.156,62.0,1980.0,460.2,3781.9765625,85,1233.1709790229797,96.2,38.83203125,3,1243.511626958847,10.1,4.79296875,423,1771007199.4609547,8.5,163.06640625,148,18061.946336507797,7.8,115.13671875,37,18028.246006965637
2026-02-13T21:26:43,gaming,26.3,43.8,344972.97186324897,289421.4098123693,388982.3402545911,6354.114933136076,55.0,7953.40234375,152.233,63.0,1980.0,462.4,3781.9765625,85,1235.0432102680206,99.4,39.48828125,3,1245.3654747009277,13.5,4.79296875,423,1771007201.3138757,13.4,30.390625,14,18061.673388004303,8.4,115.13671875,37,18030.09985089302
2026-02-13T21:26:45,gaming,24.6,43.8,341771.4419866336,343873.92214932427,0.0,9348.652534385672,63.0,7953.40234375,154.149,63.0,1980.0,444.8,3781.9765625,85,1236.923014163971,100.3,39.48828125,3,1247.2205157279968,9.3,115.13671875,37,18031.9514772892,8.4,4.79296875,423,1771007203.176804,4.2,184.453125,106,18038.37618780136
2026-02-13T21:26:46,gaming,28.9,43.8,344204.2931413504,265105.4094571763,35961.690581825205,182828.13685111134,60.0,7953.40234375,143.13,62.0,1980.0,636.0,3782.23828125,85,1238.885306596756,99.5,39.48828125,3,1249.0878355503082,11.7,115.140625,37,18033.822264432907,10.1,4.79296875,423,1771007205.040453,9.6,30.390625,13,18065.51002597809
2026-02-13T21:26:48,gaming,32.9,43.8,342711.81143244857,200493.39967593044,33328.18116856128,35150.81607621697,57.0,7953.40234375,152.522,62.0,1980.0,470.1,3782.2890625,85,1240.7669053077698,98.1,39.48828125,3,1251.0634591579437,11.9,4.79296875,423,1771007207.0094092,8.7,163.05078125,148,18069.49436187744,7.9,115.14453125,37,18035.80162882805
2026-02-13T21:26:50,gaming,26.7,43.8,348247.98867702327,226664.18944807028,17285.166094556516,135580.52155417766,64.0,7953.40234375,164.903,63.0,1980.0,405.0,3782.296875,85,1242.6307289600372,98.4,39.48828125,3,1252.9535040855408,10.7,4.79296875,423,1771007208.906065,8.3,30.390625,14,18069.27041554451,7.4,163.09765625,148,18071.388100147247
2026-02-13T21:26:52,gaming,24.5,43.8,338716.9536590891,174487.14741050493,0.0,119974.45885399767,61.0,7953.40234375,152.908,63.0,1980.0,565.4,3782.3125,85,1244.5370099544525,99.9,39.48828125,3,1254.8153295516968,6.7,115.1484375,37,18039.548455238342,5.0,163.08203125,148,18073.25244164467,3.3,345.171875,95,18041.01156616211
2026-02-13T21:26:54,gaming,31.6,43.8,337913.9646690962,151141.1890289527,137921.66204896363,29900.985327021408,54.0,7953.40234375,157.702,63.0,1980.0,431.8,3782.3125,85,1246.3971536159515,98.4,39.48828125,3,1256.7201733589172,12.3,163.08203125,148,18075.15626502037,11.0,30.3515625,13,18073.021857738495,10.7,115.1484375,37,18041.45206475258
2026-02-13T21:26:56,gaming,24.6,43.8,365229.6282208,227250.72233415465,625159.8533478214,116165.97018637432,60.0,7953.40234375,162.932,63.0,1980.0,442.7,3782.34375,86,1248.310382604599,98.4,39.484375,3,1258.6419415473938,7.3,163.0859375,148,18077.0723156929,6.5,4.79296875,423,1771007214.590564,6.5,115.1484375,37,18043.38166451454
2026-02-13T21:26:58,gaming,28.9,43.8,344045.451232164,202691.78158698906,287579.2394769539,73018.16627344534,60.0,7953.40234375,152.804,62.0,1980.0,532.7,3782.9453125,86,1250.1083672046661,99.1,39.484375,3,1260.4539971351624,12.1,115.140625,37,18045.190829515457,10.4,61.06640625,33,18078.922965049744,10.4,30.390625,14,18076.747927427292
2026-02-13T21:27:00,gaming,25.9,43.8,340984.6490872362,225029.42106497067,36553.09300644165,123652.2599358534,61.0,7953.40234375,161.537,64.0,1980.0,425.0,3782.33984375,86,1251.9098901748657,99.5,39.484375,3,1262.2601990699768,6.1,115.15234375,37,18046.992126464844,4.3,390.65625,277,18075.593704223633,2.6,4.79296875,423,1771007218.2058787
2026-02-13T21:27:01,gaming,25.8,43.8,346456.19741471263,181296.48532312165,11242.001421292958,171721.57171024993,68.0,7953.40234375,166.254,64.0,1980.0,483.2,3782.33984375,86,1253.8077824115753,98.2,39.484375,3,1264.0906755924225,17.7,56.359375,24,18080.24502301216,11.9,115.15234375,37,18048.83672428131,10.1,61.15234375,33,18082.57456755638
2026-02-13T21:27:03,gaming,29.4,43.8,349880.68340940133,183851.97451540362,3029537.4680588427,1832051.3742653136,61.0,7953.40234375,169.774,64.0,1980.0,493.0,3782.33984375,86,1255.6113831996918,99.4,39.484375,3,1265.9756090641022,12.3,4.79296875,423,1771007221.9276078,7.4,163.08984375,148,18084.409023046494,7.0,345.453125,95,18052.069375038147
2026-02-13T21:27:05,gaming,29.3,43.8,344489.92758647,142946.62415221767,4668482.976528728,16811.553687450865,61.0,7953.40234375,156.672,63.0,1980.0,495.4,3782.26171875,86,1257.4882078170776,99.9,39.484375,3,1267.7740037441254,8.7,115.15234375,37,18052.508723974228,8.6,30.3515625,13,18084.081760644913,7.8,4.79296875,423,1771007223.724778
2026-02-13T21:27:07,gaming,28.7,43.8,341777.98055035,164449.94736956662,795422.8540259668,193181.84124611627,59.0,7953.40234375,166.502,63.0,1980.0,543.9,3782.26171875,86,1259.346425294876,97.7,39.484375,3,1269.6767935752869,13.1,115.15234375,37,18054.411814689636,7.4,163.0859375,148,18088.11121749878,4.9,4.79296875,423,1771007225.6228552
2026-02-13T21:27:09,gaming,29.8,43.8,342615.33075251174,154321.83927590796,0.0,9441.059427987566,60.0,7953.40234375,162.068,63.0,1980.0,587.0,3782.2734375,86,1261.2235186100006,97.4,39.484375,3,1271.5385375022888,11.0,163.08984375,148,18089.95923423767,9.3,4.79296875,423,1771007227.4671457,9.2,30.3515625,13,18087.860575199127
2026-02-13T21:27:11,gaming,31.1,43.8,340867.24862094404,186732.67045635873,209032.65534811854,114042.55545685113,41.0,7953.33984375,170.282,62.0,1980.0,451.5,3782.27734375,86,1263.0403337478638,99.6,39.484375,3,1273.389183998108,13.8,115.15234375,37,18058.11864900589,10.8,4.79296875,423,1771007229.34423,3.4,345.453125,95,18059.49193096161
2026-02-13T21:27:12,gaming,27.5,44.0,349030.6841138521,170975.54964434638,0.0,8361.918342531704,63.0,7953.33984375,159.897,63.0,1980.0,461.4,3977.52734375,86,1264.8617391586304,98.7,39.48046875,3,1275.1778440475464,13.9,30.38671875,14,18091.48747587204,11.3,115.16015625,37,18059.913121938705,7.9,61.06640625,33,18093.644233703613
2026-02-13T21:27:14,gaming,24.5,44.4,363052.4566199652,214905.93357626296,2789164.93911254,6635.602551417621,58.0,7953.33984375,165.523,63.0,1980.0,398.2,3977.52734375,86,1266.635344028473,99.4,39.48046875,3,1277.0155296325684,7.7,115.16015625,37,18061.746846675873,5.9,4.79296875,423,1771007232.9754076,4.4,176.1171875,164,18073.549624681473
2026-02-13T21:27:16,gaming,29.2,44.4,343985.4955899564,189745.4932453122,71419.64830699874,95412.18641013112,67.0,7953.33984375,166.665,64.0,1980.0,497.9,3977.56640625,86,1268.505798816681,98.0,38.83203125,3,1278.8508019447327,20.0,111.44140625,56,18093.786667346954,12.8,115.1640625,37,18063.578511714935,12.5,30.3515625,13,18095.15618443489
2026-02-13T21:27:18,gaming,24.5,44.5,342268.5497487411,227046.3804717953,226300.3799674425,14354.874848681055,69.0,7953.33984375,164.52,63.0,1980.0,454.5,3977.75390625,86,1270.328339099884,99.6,38.83203125,3,1280.6689958572388,14.6,115.171875,37,18065.40191411972,6.9,4.79296875,423,1771007236.6261916,3.4,345.4453125,95,18066.793824911118
2026-02-13T21:27:20,gaming,28.0,44.5,344046.7282547888,172121.63962231026,471704.65832384006,5386.050786149616,68.0,7953.33984375,165.625,64.0,1980.0,519.0,3978.2734375,86,1272.1769518852234,99.5,39.48046875,3,1282.4743268489838,12.1,175.1484375,148,18100.91148042679,11.7,30.38671875,14,18098.82783651352,11.2,4.79296875,423,1771007238.4325655
2026-02-13T21:27:22,gaming,29.5,44.5,340943.30500506423,117896.3282644676,0.0,106537.86019745002,61.0,7953.33984375,149.753,63.0,1980.0,519.1,3978.2734375,86,1274.0311505794525,98.0,39.48046875,3,1284.3391246795654,13.6,115.1875,37,18069.07087826729,7.6,4.79296875,423,1771007240.2926404,2.5,345.4375,95,18070.47888994217
2026-02-13T21:27:23,gaming,29.7,44.5,344495.7642651646,107671.21282852153,2228.29181506386,930033.2963122787,63.0,7953.33984375,154.171,63.0,1980.0,428.1,3978.2734375,86,1275.7901175022125,99.5,39.48046875,3,1286.1754157543182,13.2,30.38671875,14,18102.443033218384,12.8,115.19921875,37,18070.90299320221,11.9,4.79296875,423,1771007242.1304202
2026-02-13T21:27:25,gaming,22.1,44.5,346907.02799881325,117425.36675376103,0.0,29499.676994763428,62.0,7953.33984375,150.573,63.0,1980.0,339.5,3978.265625,86,1277.594076871872,98.6,38.83203125,3,1287.9502992630005,10.6,115.19921875,37,18072.674507141113,7.1,4.79296875,423,1771007243.901035,3.5,175.14453125,148,18106.382833003998
2026-02-13T21:27:27,gaming,23.9,44.5,352808.4295107357,127091.26163737634,66529.4999507922,722074.4865348913,62.0,7953.33984375,154.899,62.0,1980.0,479.0,3978.27734375,86,1279.381385564804,100.2,39.4765625,3,1289.727551460266,10.5,30.3515625,13,18106.029698371887,9.6,4.79296875,423,1771007245.6855137,8.8,175.1328125,148,18108.163253068924
2026-02-13T21:27:29,gaming,27.2,44.1,353611.60465307505,216117.6163839903,0.0,101669.01572545907,66.0,7953.33984375,158.111,63.0,1980.0,440.6,3850.2890625,86,1281.1870636940002,100.2,39.48046875,3,1291.5512788295746,14.7,115.21875,37,18076.27571082115,8.6,175.15625,148,18109.98831129074,7.7,4.79296875,423,1771007247.5063994
2026-02-13T21:27:31,gaming,28.2,44.1,352318.989043821,148853.22800501608,434680.52121155255,58014.00185440643,58.0,7953.33984375,157.723,63.0,1980.0,459.2,3850.57421875,86,1283.0074467658997,98.2,39.48046875,3,1293.3813917636871,11.9,30.3828125,14,18109.659919261932,10.3,175.15234375,148,18111.811912059784,10.2,115.2109375,37,18078.108196496964
2026-02-13T21:27:32,gaming,24.8,44.1,347508.9255929461,111103.25421829092,36712.681670792335,53634.93337842318,56.0,7953.33984375,156.751,62.0,1980.0,443.3,3850.57421875,86,1284.7513718605042,99.5,39.48046875,3,1295.1411547660828,10.7,115.1953125,37,18079.865550518036,4.5,345.1640625,95,18081.193281173706,3.6,12.125,5,18100.36825609207
2026-02-13T21:27:34,gaming,29.2,44.1,340213.2773808585,95435.39991471922,0.0,10236.135666447813,63.0,7953.33984375,153.493,63.0,1980.0,556.2,3850.578125,86,1286.558108329773,97.4,39.484375,3,1296.8886239528656,15.2,115.19921875,37,18081.613676071167,14.3,175.14453125,148,18115.32639861107,12.2,30.390625,13,18113.19804739952
2026-02-13T21:27:36,gaming,28.9,44.1,344396.76348552096,55251.551490698665,0.0,185279.22280086394,42.0,7953.33984375,152.597,61.0,1980.0,384.5,3850.578125,86,1288.321918964386,99.3,39.48046875,3,1298.6993749141693,9.5,4.79296875,423,1771007254.655701,9.5,115.20703125,37,18083.425330638885,6.9,345.1640625,95,18084.83335518837
2026-02-13T21:27:38,gaming,27.8,44.1,343748.09576957393,153210.80907256666,71673.83643701556,45076.12369671682,66.0,7953.33984375,151.039,62.0,1980.0,496.0,3850.58203125,86,1290.129201412201,99.3,39.48046875,3,1300.52335190773,12.9,30.3515625,13,18116.78251838684,8.6,115.5390625,37,18085.25200533867,7.1,345.1640625,95,18086.582030057907
2026-02-13T21:27:39,gaming,23.4,44.1,338226.9367787342,59636.45531015786,0.0,246862.38541742007,63.0,7953.33984375,150.494,62.0,1980.0,427.8,3850.58203125,86,1291.8935191631317,100.3,39.48046875,3,1302.2678368091583,14.3,115.5390625,37,18086.99519276619,4.4,345.1640625,95,18088.340079545975,1.8,158.765625,25,18012.06750845909
2026-02-13T21:27:41,gaming,26.7,44.1,344003.6570471685,34482.05098857324,0.0,120486.9250632947,63.0,7953.33984375,143.627,61.0,1980.0,422.3,3850.58203125,86,1293.6519479751587,100.0,39.48046875,3,1304.0330634117126,13.4,30.38671875,14,18120.28386259079,12.4,115.3359375,37,18088.75595164299,9.7,4.79296875,423,1771007259.991748
2026-02-13T21:27:43,gaming,23.3,44.1,344307.82622052776,41053.53525582862,487866.6203108761,10580.23995854912,61.0,7953.33984375,141.54,61.0,1980.0,420.6,3850.58203125,86,1295.3526895046234,97.7,39.48046875,3,1305.7617819309235,17.1,115.3359375,37,18090.49629855156,17.0,4.79296875,423,1771007261.7272534,5.4,175.15625,148,18124.20249438286
2026-02-13T21:27:45,gaming,25.7,44.1,351490.3040159692,67882.46526103182,38188.94906429555,48929.59098862867,72.0,7953.33984375,127.033,61.0,1980.0,378.5,3851.1796875,86,1297.1149985790253,99.1,38.8359375,3,1307.4976780414581,11.8,115.1796875,37,18092.219492673874,9.9,30.3515625,13,18123.763543128967,8.6,345.4453125,95,18093.63301062584
2026-02-13T21:27:47,gaming,27.6,44.1,343484.99600742484,119533.48687132292,0.0,74723.65421766123,76.0,7953.33984375,146.494,61.0,1980.0,539.8,3851.1796875,86,1299.0672817230225,100.4,39.48046875,3,1309.365077495575,13.3,115.23828125,37,18094.102471113205,10.9,175.140625,148,18127.797827720642,5.7,345.4453125,95,18095.54138112068
2026-02-13T21:27:49,gaming,27.1,44.1,343894.4222433552,241998.37259053052,1071188.7072663882,53721.40946220041,81.0,7953.33984375,151.516,62.0,1980.0,517.8,3979.71484375,86,1300.9371378421783,99.9,39.48046875,3,1311.2547752857208,10.8,115.2421875,37,18095.985910654068,8.4,345.4453125,95,18097.40620470047,8.2,4.79296875,423,1771007267.2070153
2026-02-13T21:27:51,gaming,31.7,44.5,345383.70784898754,190888.43345229674,0.0,50262.824443428166,71.0,7953.33984375,146.378,61.0,1980.0,581.4,4107.74609375,86,1302.9100041389465,97.2,39.48046875,3,1313.199411869049,14.1,345.4453125,95,18099.4019446373,12.0,115.2421875,37,18097.933747053146,8.8,4.79296875,423,1771007269.151988
2026-02-13T21:27:52,gaming,30.4,44.9,341205.13026719115,230504.62916369454,68521.338719924,35331.31527746081,64.0,7953.33984375,143.636,61.0,1980.0,460.7,4107.76171875,86,1304.8032848834991,100.2,39.48046875,3,1315.1348354816437,17.2,4.79296875,423,1771007271.06738,11.3,115.24609375,37,18099.86233973503,10.8,345.4453125,95,18101.27325153351
2026-02-13T21:27:54,gaming,29.8,44.9,341521.7723593582,249711.83479585592,2537094.213760875,21160.308581831625,72.0,7953.33984375,144.303,61.0,1980.0,559.4,4107.80078125,86,1306.68274974823,99.3,38.8359375,3,1317.0214278697968,14.9,115.25,37,18101.750728607178,13.3,345.4453125,95,18103.153901815414,11.6,30.3515625,13,18133.30535173416
2026-02-13T21:27:56,gaming,28.8,44.9,383326.815186891,165718.17037305897,671969.0970418554,245633.44048939535,72.0,7953.33984375,148.911,61.0,1980.0,478.7,3979.8125,86,1308.5649604797363,99.5,39.48046875,3,1318.8749527931213,14.1,345.4375,95,18105.03738641739,8.4,175.1484375,148,18137.31182909012,7.6,115.2890625,37,18103.606434345245
2026-02-13T21:27:58,gaming,27.4,44.5,336861.46257980884,236994.8922179772,105725.89098011432,26706.800586122627,75.0,7953.33984375,150.841,62.0,1980.0,553.6,3979.89453125,86,1310.4673075675964,99.8,39.48046875,3,1320.7699851989746,14.1,30.3515625,13,18137.07819724083,12.4,117.515625,37,18105.504177093506,10.7,345.4375,95,18106.930354356766
2026-02-13T21:28:00,gaming,34.2,44.5,349475.48709905904,323949.3222687358,7146135.0852413885,50997.80897670762,75.0,7953.33984375,154.179,62.0,1980.0,485.6,3979.8984375,86,1312.3015761375427,99.1,38.8359375,3,1322.6444489955902,16.0,345.4375,95,18108.78253698349,11.5,4.79296875,423,1771007278.597246,10.0,117.515625,37,18107.372614622116
2026-02-13T21:28:02,gaming,26.1,44.5,342274.51155889523,189767.0938798615,213051.14060296485,29405.495968638377,74.0,7953.33984375,141.083,61.0,1980.0,509.0,3980.40234375,86,1314.1398103237152,98.9,39.48046875,3,1324.4939177036285,14.6,345.4375,95,18110.60179424286,12.6,30.3515625,14,18140.807480096817,9.3,115.8046875,37,18109.227098464966
2026-02-13T21:28:04,gaming,30.3,44.5,341281.3750307449,148038.09251497607,108405.11789422402,15809.07969290767,73.0,7953.33984375,151.741,62.0,1980.0,481.9,3980.40234375,86,1315.9331963062286,100.1,38.8359375,3,1326.3034181594849,15.5,4.79296875,423,1771007282.259127,10.3,175.16015625,148,18144.739598751068,9.7,345.4296875,95,18112.38239622116
2026-02-13T21:28:05,gaming,27.2,44.5,345302.41580631107,176643.1890391426,0.0,72851.67950347885,76.0,7953.33984375,155.656,62.0,1980.0,478.1,3980.5,86,1317.7248513698578,99.3,39.48046875,3,1328.067063331604,16.5,345.4375,95,18114.1821539402,14.8,30.3515625,13,18144.37350821495,8.9,115.8125,37,18112.794836759567
2026-02-13T21:28:07,gaming,28.6,44.5,336940.8178951611,49448.63733127802,1197974.3760175088,131312.05873487372,73.0,7953.33984375,158.166,62.0,1980.0,422.4,3980.52734375,86,1319.5292901992798,99.4,39.48046875,3,1329.875309228897,12.0,345.4453125,95,18116.004491090775,11.2,175.1484375,148,18148.31243610382,10.4,4.79296875,423,1771007285.8330038
2026-02-13T21:28:09,gaming,25.8,44.5,341888.5030829841,165083.81135686222,0.0,11150.816647114727,66.0,7953.33984375,152.961,62.0,1980.0,505.5,3980.53515625,86,1321.448609828949,97.8,39.48046875,3,1331.727445602417,14.6,30.3515625,13,18148.095165252686,12.7,175.1484375,148,18150.15799498558,11.9,4.79296875,423,1771007287.6700022
2026-02-13T21:28:11,gaming,29.4,44.5,342556.3323411214,216470.72943251423,138515.5657064534,161240.77570516843,64.0,7953.33984375,158.194,62.0,1980.0,454.8,3980.53515625,86,1323.242163658142,99.2,38.8359375,3,1333.6020050048828,12.5,175.12890625,148,18152.038340091705,11.8,115.25,37,18118.330654144287,10.7,4.79296875,423,1771007289.560139
2026-02-13T21:28:13,gaming,26.2,44.5,340034.9294928261,126780.38460132443,297735.42791426287,66874.16837918013,68.0,7953.33984375,155.137,62.0,1980.0,439.1,3980.53515625,86,1325.0066769123077,100.2,39.48046875,3,1335.363186597824,10.6,30.38671875,14,18151.63839173317,6.1,345.4453125,95,18121.462561368942,5.3,391.23046875,277,18148.690158605576
2026-02-13T21:28:14,gaming,27.4,44.5,345881.4774264039,92496.11468204932,733952.6914758522,16915.31593635753,60.0,7953.33984375,160.955,62.0,1980.0,466.3,3980.53515625,86,1326.7929499149323,100.3,39.48046875,3,1337.155335187912,13.1,4.79296875,423,1771007293.1076167,7.8,115.25390625,37,18121.88813018799,7.0,61.06640625,33,18155.617847681046
2026-02-13T21:28:16,gaming,32.9,44.5,340375.6863242892,77900.23949537349,34396.99030850411,97278.98821623818,62.0,7953.33984375,156.779,62.0,1980.0,682.0,3980.5390625,86,1328.7426147460938,98.2,39.48046875,3,1339.0659005641937,10.7,4.79296875,423,1771007295.0119116,8.0,30.3515625,13,18155.379559755325,5.7,175.15234375,148,18157.497534036636
2026-02-13T21:28:18,gaming,30.9,44.5,345386.7200990605,152572.62580488587,180131.44047277767,10983.624419071808,70.0,7953.33984375,154.111,62.0,1980.0,507.4,3980.5390625,86,1330.6179022789001,99.2,39.4609375,2,1340.9242832660675,12.6,115.2421875,37,18125.658932685852,11.7,175.11328125,147,18159.361369132996,5.9,4.79296875,423,1771007296.878395
2026-02-13T21:28:20,gaming,27.1,44.5,342890.80032264255,169776.80744800897,460731.6793956435,180527.07630165838,65.0,7953.33984375,150.515,61.0,1980.0,442.9,3980.5390625,86,1332.4139544963837,97.4,39.4609375,2,1342.7692131996155,11.9,115.2421875,37,18127.495257616043,10.4,30.390625,14,18159.06027030945,6.9,31.92578125,9,18144.84334039688
2026-02-13T21:28:22,gaming,33.9,44.5,342376.25094203727,138086.10307623405,2101931.142155108,59739.691674936395,65.0,7953.33984375,144.761,61.0,1980.0,493.2,3980.5390625,86,1334.2699415683746,100.1,39.4609375,2,1344.5800852775574,17.2,61.15234375,33,18163.041399002075,16.4,4.79296875,423,1771007300.5354474,12.1,115.234375,37,18129.311050891876
2026-02-13T21:28:24,gaming,28.1,44.5,341572.8359452378,250830.96076103122,71334.77916011015,52665.129926800066,72.0,7953.33984375,141.911,62.0,1980.0,660.3,3980.55078125,86,1336.1135187149048,99.5,39.45703125,2,1346.4168961048126,9.4,115.23828125,37,18131.14762187004,7.7,345.15625,95,18132.560403823853,5.1,4.79296875,423,1771007302.373105
2026-02-13T21:28:26,gaming,36.3,44.5,318967.30525650305,213526.44427902804,964866.5555884122,76915.60343839541,69.0,7953.33984375,157.858,63.0,1980.0,551.3,3980.84765625,86,1338.044293642044,97.5,39.58203125,2,1348.3085191249847,17.5,4.79296875,423,1771007304.2521589,12.8,30.38671875,14,18164.683341503143,8.8,115.09765625,37,18133.091284036636
2026-02-13T21:28:27,gaming,27.6,44.5,342355.9466269007,186801.30705924635,34135.951603276815,568310.2567701789,76.0,7953.33984375,162.874,63.0,1980.0,498.0,3980.8515625,86,1339.863280057907,99.1,39.59765625,3,1350.2153389453888,9.3,115.1015625,37,18134.94163274765,9.0,175.1328125,147,18168.64854812622,7.3,4.79296875,423,1771007306.1647673
2026-02-13T21:28:29,gaming,32.9,44.5,345919.66524824046,261473.15064045895,0.0,109537.37529676083,62.0,7953.33984375,153.637,62.0,1980.0,488.0,3980.8515625,86,1341.664044380188,100.5,39.59765625,3,1352.0194926261902,10.4,115.11328125,37,18136.751616954803,8.6,61.4296875,33,18170.485218524933,7.8,4.79296875,423,1771007307.96478
2026-02-13T21:28:31,gaming,26.2,44.5,339037.86857505003,132148.108514176,108674.12587944887,97636.90996981735,64.0,7953.33984375,150.985,62.0,1980.0,510.2,3980.86328125,86,1343.4450464248657,98.3,39.59765625,3,1353.8152375221252,8.8,30.3828125,14,18170.08359193802,6.9,4.79296875,423,1771007309.775143,6.9,175.125,147,18172.253199338913
2026-02-13T21:28:33,gaming,31.0,44.5,343713.5278790181,147516.87783834373,17929432.42570716,14461.049052869832,71.0,7953.33984375,141.131,62.0,1980.0,604.8,3980.8671875,86,1345.3368809223175,100.3,39.59765625,3,1355.6226930618286,13.0,175.140625,147,18174.06268286705,10.4,4.79296875,423,1771007311.5808842,7.8,115.11328125,37,18140.34789609909
2026-02-13T21:28:35,gaming,31.9,44.5,308310.69108900055,175760.69541705848,11647828.401175288,8744.615916798266,72.0,7953.33984375,156.373,62.0,1980.0,419.0,3980.8671875,86,1347.1612386703491,99.2,39.59765625,3,1357.5138127803802,10.8,175.12109375,147,18175.94571876526,10.0,4.79296875,423,1771007313.4575386,9.1,115.1171875,37,18142.243619680405
2026-02-13T21:28:36,gaming,27.3,44.5,312102.96196921787,124900.29783763531,1096424.3890761985,105074.00395313569,76.0,7953.33984375,170.051,63.0,1980.0,464.4,3981.296875,86,1348.8902142047882,99.2,39.59765625,3,1359.2934129238129,14.1,115.12109375,37,18144.012988328934,10.6,61.0625,33,18177.7433013916,10.5,4.79296875,423,1771007315.2472284
2026-02-13T21:28:38,gaming,25.3,44.5,343539.0619928779,101209.17037019318,5214886.357540466,11218.618749237869,64.0,7953.33984375,164.095,62.0,1980.0,413.0,3981.30078125,86,1350.612084388733,100.8,39.59765625,3,1361.0298807621002,7.2,175.1328125,147,18179.464117527008,6.3,115.125,37,18145.75154352188,4.5,345.44140625,95,18147.051053524017
2026-02-13T21:28:40,gaming,28.6,44.5,340547.7663199015,92959.64611706667,486660.5041389283,12868.426792135124,76.0,7953.33984375,161.321,63.0,1980.0,501.0,3981.30078125,86,1352.356044769287,98.4,39.47265625,3,1362.7759463787079,14.3,30.3828125,14,18179.0193836689,10.7,4.79296875,423,1771007318.7335196,7.2,61.1015625,33,18181.22607254982
2026-02-13T21:28:42,gaming,24.5,44.5,342040.43645052705,51778.159409567736,38654.608423500686,69457.4995109778,66.0,7953.33984375,157.563,62.0,1980.0,464.5,3981.30078125,86,1354.0374784469604,98.7,39.47265625,3,1364.4704566001892,8.3,4.79296875,423,1771007320.4289546,5.5,115.12890625,37,18149.187918901443,2.8,345.44921875,95,18150.478123664856
2026-02-13T21:28:43,gaming,25.2,44.5,344968.5211612759,64545.58449468813,0.0,15727.322694951557,73.0,7953.33984375,145.751,61.0,1980.0,446.3,3981.30078125,86,1355.8018419742584,99.0,38.8359375,3,1366.1596286296844,9.9,30.3515625,13,18182.44475865364,9.2,115.1328125,37,18150.886432886124,7.2,345.44921875,95,18152.225935697556
2026-02-13T21:28:45,gaming,28.5,44.5,338258.53563410783,218649.16721990588,296306.69609023473,8680.860237018596,81.0,7953.33984375,168.867,64.0,1980.0,512.3,3981.20703125,86,1357.5705149173737,99.9,39.47265625,3,1367.9420750141144,11.4,175.10546875,147,18186.375314950943,11.3,115.1328125,37,18152.677891254425,7.1,4.79296875,423,1771007323.8918703
2026-02-13T21:28:47,gaming,28.7,44.5,339677.9149769456,227301.1969645697,7016783.639563235,103323.0575197466,70.0,7953.33984375,137.492,61.0,1980.0,663.7,3981.5546875,86,1359.5038092136383,99.7,39.46875,3,1369.7279343605042,12.3,4.79296875,423,1771007325.6759088,12.3,175.13671875,147,18188.16071343422,11.3,30.39453125,13,18186.152364492416
2026-02-13T21:28:49,gaming,38.9,44.5,345970.9661582965,201751.05328397566,608946.6457479968,299980.2269635314,70.0,7953.33984375,151.054,62.0,1980.0,565.2,3981.5546875,86,1361.275463104248,99.1,39.46875,3,1371.6672594547272,12.9,4.79296875,423,1771007327.612913,8.8,115.1328125,37,18156.397815942764,4.0,175.12890625,147,18190.100927591324
2026-02-13T21:28:51,gaming,26.5,44.5,343016.5772304876,125081.91136316574,74650.81020400266,7290.118183984634,66.0,7953.33984375,147.726,62.0,1980.0,441.4,3981.5546875,86,1362.9918484687805,100.6,39.47265625,3,1373.4065470695496,20.9,30.390625,14,18189.65401864052,7.2,115.1328125,37,18158.129135370255,6.3,175.11328125,147,18191.84714627266
2026-02-13T21:28:52,gaming,28.1,44.5,343966.0632194221,118990.8895026914,0.0,81932.99656706631,67.0,7953.33984375,147.131,62.0,1980.0,486.3,3981.5546875,86,1364.7265729904175,97.7,39.4765625,3,1375.1187326908112,10.0,115.13671875,37,18159.843615293503,8.2,61.0625,33,18193.57314991951,5.3,345.44140625,95,18161.19226193428
2026-02-13T21:28:54,gaming,26.3,44.5,337798.46639767906,141182.10416800005,37193.77878220027,20921.50056498765,73.0,7953.33984375,143.489,61.0,1980.0,549.8,3981.5546875,86,1366.5401866436005,99.3,39.47265625,3,1376.8802206516266,8.0,175.109375,147,18195.317194461823,7.1,115.14453125,37,18161.603987455368,5.3,30.3515625,13,18193.136274814606
2026-02-13T21:28:56,gaming,29.9,44.5,342109.62906146754,122319.61085111643,109023.30179710544,110442.87603925525,78.0,7953.33984375,150.739,62.0,1980.0,480.6,3981.5546875,86,1368.3652279376984,98.3,38.83984375,3,1378.6946334838867,15.3,115.16015625,37,18163.44000339508,10.4,4.79296875,423,1771007334.639384,8.5,61.0625,33,18197.17693209648
2026-02-13T21:28:58,gaming,29.7,44.6,342951.86075664,161613.10982125305,3300312.9796103337,8777.428137261526,79.0,7953.33984375,152.846,62.0,1980.0,524.9,3981.5625,86,1370.192664384842,97.3,39.4765625,3,1380.5568714141846,14.3,115.15234375,37,18165.291747808456,10.3,30.390625,14,18196.831380844116,10.2,61.0703125,33,18199.023102521896
2026-02-13T21:29:00,gaming,28.7,44.6,345449.4604824944,237551.7299623996,36674.18180168627,42118.00566287407,72.0,7953.33984375,157.249,62.0,1980.0,504.6,3981.5625,86,1371.972599029541,99.3,39.47265625,3,1382.3499891757965,10.5,4.79296875,423,1771007338.2943473,10.5,115.14453125,37,18167.081844091415,7.0,175.12109375,147,18200.78338623047
2026-02-13T21:29:01,gaming,28.3,44.7,341230.73109887005,168124.7281236031,0.0,107282.60003425274,69.0,7953.33984375,153.077,62.0,1980.0,627.7,3981.609375,86,1373.8314390182495,99.2,39.4765625,3,1384.1926510334015,14.1,30.3515625,13,18200.493683815002,5.1,115.14453125,37,18168.927270412445,4.2,175.12890625,147,18202.624296188354
2026-02-13T21:29:03,gaming,35.0,44.6,341853.7416314113,204523.96957318325,153332.5586642861,244373.76537120598,83.0,7953.33984375,172.195,63.0,1980.0,467.0,3981.734375,86,1375.619215965271,99.4,39.4765625,3,1385.983600616455,13.8,4.79296875,423,1771007341.9365845,10.4,115.14453125,37,18170.721534729004,8.7,175.1328125,147,18204.420475006104
2026-02-13T21:29:05,gaming,24.1,44.6,339704.0786880664,174094.29512789246,36378.21067072307,90661.32190594266,70.0,7953.33984375,162.32,63.0,1980.0,486.0,3981.734375,86,1377.3997967243195,98.8,39.47265625,3,1387.787235736847,9.6,115.14453125,37,18172.51683831215,5.2,175.10546875,147,18206.220880270004,3.5,30.3515625,14,18204.04860806465
2026-02-13T21:29:07,gaming,27.4,44.6,339983.93191192806,56964.09615610776,224490.3088267962,31568.94967876821,77.0,7953.33984375,132.52,62.0,1980.0,535.0,3981.734375,86,1379.1436672210693,98.8,39.47265625,3,1389.525973558426,9.9,115.14453125,37,18174.248856782913,8.1,61.26953125,33,18207.975333452225,7.1,4.79296875,423,1771007345.4887729
2026-02-13T21:29:08,gaming,29.0,44.6,344148.5652981945,131037.44566962759,74861.24281938825,64041.45381814854,72.0,7953.33984375,145.152,61.0,1980.0,468.3,3981.796875,86,1380.9056208133698,98.8,39.4765625,3,1391.2822456359863,12.5,115.09375,37,18176.003938913345,6.2,175.13671875,147,18209.721647024155,6.1,30.3515625,13,18207.551998853683
2026-02-13T21:29:10,gaming,26.8,44.6,343369.758728008,106289.71182054433,37378.60759329459,12264.855616549787,76.0,7953.33984375,147.226,62.0,1980.0,399.2,3981.796875,86,1382.6151959896088,99.0,39.4765625,3,1393.0342512130737,9.8,115.09375,37,18177.763010025024,8.0,61.22265625,33,18211.49299144745,6.4,30.3515625,13,18209.270728111267
2026-02-13T21:29:12,gaming,22.8,44.6,342820.9962487222,83949.40004008658,38366.698845361265,101312.06413853208,63.0,7953.33984375,146.926,61.0,1980.0,468.8,3981.796875,86,1384.3651249408722,99.9,39.4765625,3,1394.738493680954,6.3,345.16796875,95,18180.811210155487,5.5,115.09375,37,18179.462851285934,4.5,30.3515625,13,18211.007801771164
2026-02-13T21:29:14,gaming,29.7,44.6,337387.04877295735,99887.43746369475,112656.78828876336,64542.95162377068,61.0,7953.33984375,141.404,61.0,1980.0,422.7,3981.796875,86,1386.069179058075,99.2,39.4765625,3,1396.4858911037445,14.3,175.13671875,147,18214.924618005753,11.6,61.23046875,33,18214.942444086075,10.8,30.3515625,13,18212.73826432228
2026-02-13T21:29:15,gaming,22.4,44.6,348165.7521727344,89176.81402478399,38629.218226530444,21427.144485028606,72.0,7953.33984375,150.349,62.0,1980.0,397.8,3981.796875,86,1387.779377937317,98.5,39.4765625,3,1398.1837310791016,9.2,115.1015625,37,18182.909641504288,3.7,4.79296875,423,1771007354.1448069,3.6,345.48828125,95,18184.22322535515
2026-02-13T21:29:17,gaming,27.2,44.6,328797.22429855197,77803.86310142564,113268.1371095527,13568.578924581834,67.0,7953.33984375,146.93,61.0,1980.0,452.5,3981.921875,86,1389.5327863693237,99.3,39.4765625,3,1399.9308183193207,22.2,112.5546875,56,18214.81432390213,12.6,175.09765625,147,18218.364639043808,12.5,115.1015625,37,18184.65958881378
2026-02-13T21:29:19,gaming,26.6,44.6,344382.8346613331,100925.03565290204,150018.10264458857,25491.357285310947,72.0,7953.33984375,152.517,62.0,1980.0,551.4,3982.046875,86,1391.289621591568,100.0,39.4765625,3,1401.6807720661163,9.9,115.1015625,37,18186.403019189835,8.0,175.12890625,147,18220.115301847458,7.2,4.79296875,423,1771007357.631189
2026-02-13T21:29:21,gaming,28.6,44.6,343217.155509318,66323.14326541255,73212.5101827903,38894.14603460734,73.0,7953.33984375,152.167,62.0,1980.0,473.7,3982.046875,86,1393.113180398941,99.0,39.4765625,3,1403.4657609462738,13.1,115.1015625,37,18188.194550275803,8.7,30.390625,14,18219.750459194183,6.1,175.140625,147,18221.89936733246
2026-02-13T21:29:22,gaming,27.6,44.6,327194.83995202376,66704.46272870357,146025.9937831701,84706.48467500297,63.0,7953.33984375,139.144,60.0,1980.0,361.0,3982.046875,86,1394.8797380924225,99.3,39.4765625,3,1405.2591121196747,12.2,115.1015625,37,18189.985807657242,7.8,175.109375,147,18223.696073532104,5.2,4.79296875,423,1771007361.216768
2026-02-13T21:29:24,gaming,23.6,44.6,345290.9186296872,77377.54642358264,112161.64446675072,32421.725353670132,54.0,7953.33984375,134.149,60.0,1980.0,527.7,3982.046875,86,1396.6293606758118,100.2,38.83984375,3,1407.004816532135,16.1,115.10546875,37,18191.732305288315,12.4,30.3515625,13,18223.289492607117,5.3,4.79296875,423,1771007362.9666755
2026-02-13T21:29:26,gaming,27.4,44.6,339891.75651096343,47811.12794000902,57025.29872621508,573817.0684325392,50.0,7953.33984375,128.888,60.0,1980.0,366.3,3982.046875,86,1398.2754352092743,98.9,39.4765625,3,1408.7261638641357,12.8,115.11328125,37,18193.446048498154,6.3,4.79296875,423,1771007364.689934,5.4,175.1171875,147,18227.166632413864
2026-02-13T21:29:27,gaming,21.3,44.6,348995.07733088493,57345.94446544911,78941.84354330038,12026.296477299667,53.0,7953.33984375,138.383,60.0,1980.0,369.0,3982.0546875,86,1399.9562747478485,99.0,39.4765625,3,1410.3838412761688,11.1,30.3515625,13,18226.62899017334,10.4,115.16015625,37,18195.105225801468,9.4,175.1328125,147,18228.825315237045
2026-02-13T21:29:29,gaming,25.1,44.6,342008.4762965418,44119.16620348971,78817.85703258602,10160.114383106791,66.0,7953.33984375,137.374,60.0,1980.0,419.7,3982.0546875,86,1401.6097328662872,100.6,39.47265625,3,1412.0453515052795,15.0,115.16015625,37,18196.7716152668,12.2,4.79296875,423,1771007368.011377,11.3,61.0703125,33,18230.499841928482
2026-02-13T21:29:31,gaming,26.4,44.5,353863.1731158158,105031.28803717511,114793.3936385741,1343258.4097452536,73.0,7953.33984375,150.861,61.0,1980.0,488.8,3982.0546875,86,1403.4641981124878,99.4,39.47265625,3,1413.8068866729736,14.2,115.16015625,37,18198.53616452217,10.7,175.125,147,18232.24374437332,10.3,30.390625,14,18230.10134768486
2026-02-13T21:29:33,gaming,30.1,44.6,329208.7033430747,199214.84330425298,10552695.25210293,9881.858246564709,52.0,7953.33984375,150.021,60.0,1980.0,481.8,3982.95703125,86,1405.227890253067,99.2,39.47265625,3,1415.6185793876648,16.6,115.12109375,37,18200.32753586769,9.5,175.109375,147,18234.054604768753,6.1,61.0703125,33,18234.061150074005
2026-02-13T21:29:35,gaming,31.2,44.6,364986.27393907355,50266.99169249794,5210045.3088139845,11275.963770131619,74.0,7953.33984375,147.23,61.0,1980.0,585.3,3982.95703125,86,1407.085482597351,97.6,39.47265625,3,1417.474886417389,12.5,115.12109375,37,18202.20477604866,11.0,30.38671875,14,18233.74212193489,8.8,345.4453125,95,18203.53484749794
2026-02-13T21:29:36,gaming,27.4,44.6,345336.3778232661,58267.45761840596,111788.36733191085,173795.97733633014,63.0,7953.33984375,144.328,60.0,1980.0,436.2,3984.96484375,86,1408.8491678237915,98.4,39.47265625,3,1419.237663269043,12.4,61.23046875,33,18237.695694208145,10.7,4.79296875,423,1771007375.1961713,10.6,115.12109375,37,18203.965980768204
2026-02-13T21:29:38,gaming,27.6,44.6,343611.83227108716,89728.06580656325,184923.47356848375,26004.86347056803,67.0,7953.33984375,149.463,61.0,1980.0,492.9,3984.96484375,86,1410.5848104953766,100.2,39.47265625,3,1421.0152547359467,10.6,175.1328125,147,18239.449141025543,7.3,345.4375,95,18207.034355163574,7.0,115.12109375,37,18205.743643522263
2026-02-13T21:29:40,gaming,26.5,44.6,341516.4158858634,71512.38188022783,114482.23214731204,12223.363328228628,64.0,7953.33984375,150.656,61.0,1980.0,438.1,3984.96875,86,1412.3253474235535,99.3,38.83984375,3,1422.7310400009155,14.6,115.125,37,18207.45549416542,13.5,30.3515625,13,18238.98672103882,8.2,4.79296875,423,1771007378.685046
2026-02-13T21:29:42,gaming,25.3,44.6,338349.5933692777,42123.31963561055,37931.18723312182,109941.17549600152,56.0,7953.33984375,151.216,61.0,1980.0,489.0,3984.96875,86,1414.0131406784058,98.9,39.47265625,3,1424.4519605636597,11.1,345.4375,95,18210.455896139145,7.3,115.13671875,37,18209.177886247635,5.6,392.078125,278,18237.691762924194
2026-02-13T21:29:43,gaming,28.3,44.6,344188.00694632117,83540.70920823576,77826.29099151274,22192.653290548555,84.0,7953.33984375,149.187,62.0,1980.0,648.0,3984.97265625,86,1415.8598062992096,99.9,39.47265625,3,1426.1407613754272,14.7,115.14453125,37,18210.882051229477,13.9,4.79296875,423,1771007382.0964463,12.8,61.0625,33,18244.613981962204
2026-02-13T21:29:45,gaming,33.3,44.6,346224.14005727426,71827.87841200239,35158.8417068796,49991.47805196943,72.0,7953.33984375,144.744,61.0,1980.0,420.2,3984.9765625,86,1417.6192064285278,97.2,39.47265625,3,1428.0048198699951,10.9,115.13671875,37,18212.73571705818,10.7,345.1640625,95,18214.077536582947,7.5,4.79296875,423,1771007383.9640336
2026-02-13T21:29:47,gaming,29.8,44.6,350709.70309772366,81512.45729044439,0.0,15094.017602837648,64.0,7953.33984375,141.816,61.0,1980.0,380.0,3984.98046875,86,1419.3287825584412,100.2,38.83984375,3,1429.76797413826,13.9,345.1640625,95,18215.758083105087,13.4,61.0703125,33,18248.223550081253,12.6,30.3515625,13,18246.010988235474
2026-02-13T21:29:48,gaming,21.9,44.6,342530.84181693103,65799.23113182171,0.0,16285.07265457684,61.0,7953.33984375,140.439,60.0,1980.0,377.6,3984.98046875,86,1420.9509980678558,100.0,39.47265625,3,1431.422428369522,15.4,345.1640625,95,18217.375891685486,6.6,175.1171875,147,18249.865183591843,6.6,115.11328125,37,18216.14165043831
2026-02-13T21:29:50,gaming,24.3,44.6,345068.19038826466,37541.15135466388,40668.75322631665,16521.68099819114,48.0,7953.33984375,122.348,59.0,1980.0,383.8,3985.296875,86,1422.559213399887,97.9,39.47265625,3,1433.0338611602783,15.5,30.38671875,14,18249.243537425995,13.6,345.1640625,95,18218.98784852028,11.6,4.79296875,423,1771007389.0043435
2026-02-13T21:29:52,gaming,25.1,44.6,339386.50764556,78219.18744752993,204326.04445760642,109825.24889596345,47.0,7953.33984375,124.127,59.0,1980.0,425.5,3985.296875,86,1424.1775045394897,100.1,39.47265625,3,1434.6419591903687,17.3,345.1640625,95,18220.61461162567,8.8,4.79296875,423,1771007390.6073842,8.8,175.10546875,147,18253.081322669983
2026-02-13T21:29:53,gaming,23.8,44.6,358837.8397927219,47347.08538289365,0.0,76181.91647657393,76.0,7953.33984375,142.469,60.0,1980.0,432.6,3985.359375,86,1425.9019753932953,99.9,39.47265625,3,1436.2836894989014,11.7,345.1640625,95,18222.354395866394,11.4,175.15625,147,18254.72374534607,10.2,30.3515625,13,18252.5453414917
2026-02-13T21:29:55,gaming,29.4,44.6,348198.80530491564,109138.76559356097,0.0,85577.70140403816,72.0,7953.33984375,150.504,61.0,1980.0,490.9,3987.44140625,86,1427.6963832378387,99.6,38.83984375,3,1438.0717051029205,16.5,345.1640625,95,18224.15552830696,11.4,175.109375,147,18256.505142450333,7.1,4.79296875,423,1771007394.0196242
2026-02-13T21:29:57,gaming,28.0,44.6,339934.5142257449,123172.11760815821,184211.1870171942,20723.758539434348,66.0,7953.33984375,139.676,61.0,1980.0,598.6,3987.43359375,86,1429.5299611091614,100.0,39.59765625,3,1439.8373754024506,15.0,30.3515625,13,18256.122988700867,9.8,115.11328125,37,18224.563787937164,8.5,345.1640625,95,18225.985257864
2026-02-13T21:29:59,gaming,35.2,44.6,344094.7498443947,75357.59044785527,35503.18500970959,14423.168910194521,66.0,7953.33984375,145.581,61.0,1980.0,503.3,3987.43359375,86,1431.2829415798187,98.2,39.47265625,3,1441.6839632987976,13.5,175.14453125,147,18260.123269081116,11.8,4.79296875,423,1771007397.645435,9.8,345.48046875,95,18227.73044037819
2026-02-13T21:30:01,gaming,25.6,44.6,344316.9175539072,104546.67862971028,75752.75030738274,22785.006928392464,67.0,7953.33984375,152.705,61.0,1980.0,454.4,3987.43359375,86,1433.0102980136871,100.2,39.47265625,3,1443.4139997959137,15.3,30.3828125,14,18259.67554783821,11.7,345.4375,95,18229.473778486252,7.2,115.06640625,37,18228.14163327217
2026-02-13T21:30:02,gaming,29.9,44.6,339394.5843124247,119426.63459087655,37490.330964892375,108956.27436671845,66.0,7953.33984375,152.971,61.0,1980.0,454.7,3987.43359375,86,1434.7418377399445,99.3,39.47265625,3,1445.1649508476257,15.2,115.0703125,37,18229.890588521957,9.8,4.79296875,423,1771007401.120694,7.2,175.125,147,18263.59914779663
2026-02-13T21:30:04,gaming,23.8,44.6,344373.8794572749,61431.77087259132,0.0,15821.61516529017,63.0,7953.33984375,148.778,61.0,1980.0,385.7,3987.43359375,86,1436.3783040046692,97.9,39.4765625,3,1446.8375811576843,15.2,30.390625,14,18263.05452156067,4.7,115.078125,37,18231.56053161621,3.8,392.2734375,278,18260.062153816223
2026-02-13T21:30:06,gaming,24.9,44.6,342151.3195960587,145001.95691626836,0.0,14316.738168727634,56.0,7953.33984375,144.637,61.0,1980.0,438.1,3987.43359375,86,1438.069298505783,98.0,39.4765625,3,1448.4968314170837,10.4,4.79296875,423,1771007404.4482894,10.4,61.328125,33,18266.94692325592,9.4,115.08203125,37,18233.218098163605
2026-02-13T21:30:07,gaming,26.5,44.6,350713.4966326168,84046.08186386779,38639.11176372273,24451.31291298079,66.0,7953.33984375,145.372,61.0,1980.0,447.7,3987.43359375,86,1439.7690460681915,100.1,39.4765625,3,1450.1811246871948,6.5,4.79296875,423,1771007406.1431274,6.5,115.0859375,37,18234.90802550316,6.4,30.3515625,13,18266.431206703186
2026-02-13T21:30:09,gaming,25.6,44.6,340413.54894907237,62934.240647757935,4404631.243307038,57152.4842032367,57.0,7953.33984375,139.643,60.0,1980.0,479.2,3987.43359375,86,1441.5107033252716,100.1,39.4765625,3,1451.8976247310638,11.9,4.79296875,423,1771007407.8554645,8.2,115.12109375,37,18236.618423223495,7.1,30.38671875,14,18268.189457416534
2026-02-13T21:30:11,gaming,24.5,44.6,338050.3509279288,55915.39780032329,340652.2087711396,10053.971439425995,73.0,7953.33984375,142.965,61.0,1980.0,324.2,3987.9921875,86,1443.167237520218,100.5,39.4765625,3,1453.6230499744415,8.1,115.12109375,37,18238.346190452576,7.6,345.4453125,95,18239.60262465477,5.4,175.12890625,147,18272.063670635223
2026-02-13T21:30:12,gaming,23.9,44.6,338652.1721635834,95706.6843630841,0.0,91080.8744853086,59.0,7953.33984375,136.758,60.0,1980.0,435.9,3988.0234375,86,1444.8598592281342,99.0,39.4765625,3,1455.2641334533691,17.8,30.38671875,14,18271.524021863937,9.5,4.79296875,423,1771007411.2291565,9.5,61.328125,33,18273.71922683716
2026-02-13T21:30:14,gaming,26.7,44.6,342837.3448392411,80609.83040254033,270639.5752078556,28695.04424636862,70.0,7953.33984375,143.315,60.0,1980.0,480.2,3987.59765625,86,1446.5381791591644,99.4,39.4765625,3,1456.9615995883942,8.3,115.1171875,37,18241.68196773529,4.6,4.79296875,423,1771007412.9212117,4.6,175.12890625,147,18275.396896362305
2026-02-13T21:30:16,gaming,25.7,44.6,343156.35371016915,98892.94451371378,0.0,23004.35357260148,67.0,7953.33984375,140.901,60.0,1980.0,410.3,3987.59765625,86,1448.2033116817474,100.0,39.48046875,3,1458.6498386859894,10.2,115.12890625,37,18243.371903181076,4.7,30.3515625,13,18274.876408100128,4.6,4.79296875,423,1771007414.6130586
2026-02-13T21:30:17,gaming,24.5,44.6,338823.9211831693,27281.64030112308,0.0,44267.82004979893,64.0,7953.33984375,148.453,61.0,1980.0,483.8,3987.59765625,86,1449.8818259239197,100.2,39.48046875,3,1460.3018698692322,9.4,115.13671875,37,18245.025677204132,4.7,4.79296875,423,1771007416.2681143,3.7,112.65625,56,18275.175154447556
2026-02-13T21:30:19,gaming,31.5,44.6,330179.34830447496,49444.45767901403,0.0,18613.94256021704,61.0,7953.33984375,143.708,60.0,1980.0,442.9,3987.59765625,86,1451.6000485420227,98.9,39.4765625,3,1462.0077676773071,19.2,30.3515625,13,18278.260464429855,11.0,115.13671875,37,18246.73462677002,11.0,61.0703125,33,18280.462222099304
2026-02-13T21:30:21,gaming,25.3,44.6,336971.8791921326,86151.10419760243,0.0,114540.18519308178,57.0,7953.33984375,137.085,60.0,1980.0,429.8,3987.61328125,86,1453.2797622680664,99.6,39.47265625,3,1463.717612028122,14.6,175.13671875,147,18282.15705013275,8.3,115.1328125,37,18248.436955690384,4.6,4.79296875,423,1771007419.681152
2026-02-13T21:30:22,gaming,25.2,44.6,338828.5580721494,82323.40195657568,39150.58575977754,13763.877806171791,58.0,7953.33984375,139.595,60.0,1980.0,445.3,3987.61328125,86,1454.9529712200165,97.8,39.46875,3,1465.3956518173218,11.2,30.38671875,14,18281.632519483566,8.4,115.1328125,37,18250.119393587112,5.6,4.79296875,423,1771007421.3563073
2026-02-13T21:30:24,gaming,25.1,44.6,348920.8889407769,61791.04954792354,0.0,27345.070320191317,59.0,7953.33984375,139.906,60.0,1980.0,388.8,3987.61328125,86,1456.6131501197815,99.3,39.46875,3,1467.0645809173584,10.3,175.13671875,147,18285.502731323242,7.5,4.79296875,423,1771007423.0224693,7.5,115.13671875,37,18251.795639276505
2026-02-13T21:30:26,gaming,23.4,44.6,345050.1319856975,79394.90017352153,313875.0361726092,50882.08594204407,59.0,7953.33984375,132.881,60.0,1980.0,428.2,3987.61328125,86,1458.2841336727142,100.2,39.46875,3,1468.7328157424927,12.2,30.38671875,13,18284.96407008171,11.2,175.140625,147,18287.170181512833,9.4,115.13671875,37,18253.457403421402
2026-02-13T21:30:28,gaming,28.8,44.6,338803.11440728605,80080.21785110918,4933044.989552485,650685.174903989,55.0,7953.33984375,139.872,60.0,1980.0,460.9,3987.61328125,86,1459.9724423885345,99.0,39.46875,3,1470.4206540584564,8.4,4.79296875,422,1771007426.375875,6.5,115.140625,37,18255.144834518433,5.6,175.15234375,147,18288.857402563095
2026-02-13T21:30:29,gaming,24.9,44.6,339336.0699592825,85788.57226002167,0.0,139726.04879127347,54.0,7953.33984375,138.81,60.0,1980.0,430.6,3987.61328125,86,1461.6161978244781,99.6,39.46875,3,1472.0693769454956,10.4,30.3515625,13,18288.301034212112,8.5,175.1171875,147,18290.508223056793,8.5,115.14453125,37,18256.793489456177
2026-02-13T21:30:31,gaming,26.0,44.6,342533.4550527226,81070.30897439811,0.0,68978.16044358209,55.0,7953.33984375,137.759,60.0,1980.0,480.1,3987.61328125,86,1463.2305145263672,100.3,39.46875,3,1473.7037427425385,15.2,4.79296875,422,1771007429.6709952,10.6,115.13671875,37,18258.421219587326,10.5,175.1015625,147,18292.14540886879
2026-02-13T21:30:32,gaming,25.6,44.6,345077.22479460563,65369.8000468291,0.0,113571.52347238523,55.0,7953.33984375,139.566,60.0,1980.0,339.2,3987.61328125,86,1464.8573019504547,99.3,39.45703125,2,1475.3246011734009,9.6,30.390625,14,18291.535802841187,8.7,115.1171875,37,18260.040750026703,4.8,4.79296875,422,1771007431.2866464
2026-02-13T21:30:34,gaming,22.8,44.6,341685.71913550363,73568.06541799904,0.0,16934.55892662424,63.0,7953.33984375,136.052,60.0,1980.0,412.8,3987.61328125,86,1466.5335595607758,100.5,39.45703125,2,1476.9559257030487,9.6,4.79296875,422,1771007432.923075,9.6,115.12109375,37,18261.674048900604,8.6,61.23046875,33,18295.40163040161
2026-02-13T21:30:36,gaming,23.7,44.7,343273.08918400836,73246.87192726071,11685133.469162742,27810.230731658015,62.0,7953.33984375,136.305,60.0,1980.0,454.0,3987.61328125,86,1468.2484638690948,99.9,38.82421875,2,1478.660382270813,14.6,115.12109375,37,18263.38862156868,8.2,30.3515625,13,18294.9009745121,4.6,4.79296875,422,1771007434.614143
2026-02-13T21:30:38,gaming,26.2,44.7,335390.76058610715,81266.30841887982,0.0,51966.14805735239,63.0,7953.33984375,139.295,60.0,1980.0,439.9,3987.61328125,86,1469.9782388210297,100.3,39.45703125,2,1480.3903675079346,10.8,115.12109375,37,18265.120992183685,4.5,175.13671875,147,18298.828799962997,3.6,4.79296875,422,1771007436.3475542
2026-02-13T21:30:39,gaming,25.0,44.6,335082.2716346674,48377.93483467556,0.0,23385.840411034354,63.0,7953.33984375,144.877,60.0,1980.0,430.9,3987.61328125,86,1471.6566789150238,99.0,39.45703125,2,1482.0943748950958,13.0,30.38671875,14,18298.326795101166,9.2,115.125,37,18266.815801858902,5.5,4.79296875,422,1771007438.0546932
2026-02-13T21:30:41,gaming,25.7,44.6,346253.99666391907,50937.524875584815,0.0,91398.67821493302,54.0,7953.33984375,134.413,59.0,1980.0,436.8,3987.61328125,86,1473.3422267436981,99.3,39.45703125,2,1483.7627449035645,12.2,4.79296875,422,1771007439.7191298,7.5,115.12109375,37,18268.48236823082,7.5,61.0703125,33,18302.21168398857
2026-02-13T21:30:43,gaming,26.2,44.6,341330.1248454172,89542.58181778422,0.0,181221.7915112428,59.0,7953.33984375,131.254,60.0,1980.0,404.0,3987.61328125,86,1474.9891848564148,100.7,39.45703125,2,1485.455979347229,10.4,30.38671875,13,18301.67103409767,10.1,115.125,37,18270.176216840744,5.7,174.50390625,164,18281.88214826584
2026-02-13T21:30:44,gaming,25.6,44.6,359775.983961782,53287.443959257886,39920.96305757867,11851.535907718668,56.0,7953.33984375,139.998,60.0,1980.0,411.9,3987.61328125,86,1476.608633518219,97.0,38.82421875,2,1487.0973513126373,12.4,4.79296875,422,1771007443.0598986,12.4,175.12109375,147,18305.535435199738,11.4,115.125,37,18271.81754899025
2026-02-13T21:30:46,gaming,23.4,44.6,342285.3033098805,86782.79249604547,0.0,15690.9012809593,60.0,7953.33984375,141.718,60.0,1980.0,448.9,3987.61328125,86,1478.2829747200012,99.5,39.45703125,2,1488.698091506958,12.7,175.12109375,147,18307.137490987778,12.6,115.12109375,37,18273.42548441887,5.9,4.79296875,422,1771007444.6588256
2026-02-13T21:30:48,gaming,27.6,44.6,339386.73266592994,88134.60349205852,0.0,75175.01496669647,61.0,7953.33984375,142.73,60.0,1980.0,427.3,3987.61328125,86,1480.0012810230255,99.2,39.58203125,2,1490.430754184723,10.8,115.13671875,37,18275.155319929123,10.0,30.3515625,13,18306.671460151672,9.0,175.1171875,147,18308.86888742447
2026-02-13T21:30:49,gaming,25.9,44.6,331609.9895879414,55937.73403841125,38359.04255502641,34163.5222755704,61.0,7953.33984375,138.468,60.0,1980.0,479.8,3987.61328125,86,1481.7014384269714,98.2,39.58203125,2,1492.1333785057068,6.4,4.79296875,422,1771007448.0923536,5.5,115.13671875,37,18276.86113023758,4.6,175.125,147,18310.573815584183
2026-02-13T21:30:51,gaming,27.2,44.6,349919.25356588565,31146.500375907406,38889.21369904488,8507.015496666068,72.0,7953.33984375,146.864,60.0,1980.0,463.7,4116.1171875,86,1483.382652759552,100.0,39.58203125,2,1493.8216133117676,15.8,30.38671875,14,18310.054228782654,10.2,115.140625,37,18278.54396700859,10.2,61.0703125,33,18312.271072626114
2026-02-13T21:30:53,gaming,26.1,45.0,341364.12042597804,29271.773882911966,0.0,28958.022284557486,69.0,7953.33984375,147.797,60.0,1980.0,437.1,4116.1171875,86,1485.0373253822327,99.8,39.58203125,2,1495.4962680339813,14.0,115.140625,37,18280.214736700058,13.0,4.79296875,422,1771007451.457645,7.4,175.125,147,18313.93622970581
2026-02-13T21:30:54,gaming,26.4,45.0,345614.89846056,69755.55679324732,0.0,16303.710300703326,76.0,7953.33984375,153.335,61.0,1980.0,457.5,4116.1171875,86,1486.6772060394287,99.6,39.58203125,2,1497.128398180008,14.4,30.3515625,13,18313.351987838745,10.5,4.79296875,422,1771007453.0894072,9.6,115.140625,37,18281.847957611084
2026-02-13T21:30:56,gaming,24.4,45.0,343806.2700171122,39714.05896256479,0.0,98007.31037030328,63.0,7953.33984375,146.754,60.0,1980.0,385.5,4116.1171875,86,1488.334732055664,96.8,39.58203125,2,1498.7904527187347,9.4,175.11328125,147,18317.23303461075,8.4,115.14453125,37,18283.513847589493,2.8,4.79296875,422,1771007454.7552752
2026-02-13T21:30:58,gaming,22.9,45.0,343571.621783881,58096.6751172532,0.0,87949.79684196106,62.0,7953.33984375,139.493,60.0,1980.0,408.6,4116.1171875,86,1489.986632347107,99.7,39.59765625,3,1500.436196565628,12.3,30.3515625,13,18316.664755821228,7.6,115.14453125,37,18285.157353401184,7.6,61.32421875,33,18318.887099266052
2026-02-13T21:30:59,gaming,24.6,45.0,344147.837564327,45874.36575777658,0.0,140552.0716463285,58.0,7953.33984375,138.037,59.0,1980.0,417.1,4116.1171875,86,1491.5938687324524,98.7,39.59765625,3,1502.0830025672913,11.4,115.1484375,37,18286.801901102066,11.3,4.79296875,422,1771007458.0456402,7.6,175.125,147,18320.521382570267
2026-02-13T21:31:01,gaming,24.6,45.0,342946.3214071406,50648.27411431188,81776.9445880226,30666.354220508474,63.0,7953.33984375,142.213,60.0,1980.0,400.3,4116.1171875,86,1493.190092086792,98.8,39.59765625,3,1503.6797692775726,13.7,30.3515625,13,18319.874886751175,6.9,115.15234375,37,18288.39484000206,4.9,4.79296875,422,1771007459.6469455
2026-02-13T21:31:02,gaming,23.3,45.0,343829.0902736528,46931.7439328399,81454.41658852213,16863.60968434247,58.0,7953.33984375,136.074,59.0,1980.0,469.7,4116.1171875,86,1494.863216638565,97.8,39.59765625,3,1505.2941598892212,13.5,115.15625,37,18290.019573688507,9.7,4.79296875,422,1771007461.2560606,6.8,175.1328125,147,18323.731989860535
2026-02-13T21:31:04,gaming,25.8,45.0,337484.15952269343,54524.67724282641,39332.620587853155,14749.732720444934,57.0,7953.33984375,133.1,60.0,1980.0,524.3,4116.1171875,86,1496.5505497455597,100.8,39.59765625,3,1506.953356742859,12.9,30.38671875,14,18323.2259683609,9.5,115.171875,37,18291.671891212463,4.6,345.4296875,95,18292.985582351685
2026-02-13T21:31:06,gaming,29.1,45.0,343550.2851685404,50189.75072358936,9738.957492216357,41999.25418518304,51.0,7953.33984375,132.078,60.0,1980.0,389.9,4116.1171875,86,1498.20898604393,97.8,39.59765625,3,1508.6499602794647,14.9,4.79296875,422,1771007464.6059225,12.9,61.234375,33,18327.100898504257,11.0,115.15625,37,18293.369002103806
2026-02-13T21:31:07,gaming,24.8,45.0,338824.7545925481,97753.45357242411,0.0,124826.19051162829,55.0,7953.33984375,135.477,59.0,1980.0,430.4,4116.1171875,86,1499.8654935359955,100.5,38.96484375,3,1510.311116695404,12.2,115.16015625,37,18295.028277873993,6.6,175.13671875,147,18328.752570152283,3.8,345.4453125,95,18296.296973228455
2026-02-13T21:31:09,gaming,24.5,44.6,346335.5407529912,54073.00853505032,39779.18490602299,22686.566391716235,53.0,7953.33984375,133.265,59.0,1980.0,395.5,3988.1171875,86,1501.4882357120514,99.9,39.59765625,3,1511.9530365467072,14.3,115.15625,37,18296.66951274872,13.3,4.79296875,422,1771007467.9189985,12.5,30.38671875,14,18328.16505432129
2026-02-13T21:31:11,gaming,23.4,44.6,342406.9856798727,54490.17797088373,321884.607206421,61925.06603482904,48.0,7953.33984375,122.398,58.0,1980.0,329.4,3988.1171875,86,1503.0815694332123,99.8,39.59765625,3,1513.5809650421143,25.6,157.43359375,23,18223.2886095047,14.4,115.15625,37,18298.298771858215,13.4,175.1328125,147,18332.023284196854
2026-02-13T21:31:12,gaming,25.8,44.6,342010.4909157253,69161.00359031746,39865.04068968438,123021.02400332289,57.0,7953.33984375,135.623,59.0,1980.0,432.8,3988.1171875,86,1504.7790458202362,99.2,39.59765625,3,1515.235582113266,13.1,30.3515625,13,18331.453381061554,9.4,115.16015625,37,18299.952778816223,7.6,175.140625,147,18333.676316976547
2026-02-13T21:31:14,gaming,26.1,44.6,334650.9321364408,68528.49660192203,49300.99009940768,13249.641089215815,62.0,7953.33984375,136.998,59.0,1980.0,397.0,3988.1171875,86,1506.4480423927307,99.1,39.59765625,3,1516.892566204071,12.2,115.16015625,37,18301.61380124092,11.2,155.9375,23,18226.61714720726,8.5,4.79296875,422,1771007472.8552802
2026-02-13T21:31:16,gaming,23.8,44.6,335674.90932877833,35397.5539515865,915.7469366485923,213369.036239122,71.0,7953.33984375,143.698,59.0,1980.0,391.6,3988.1171875,86,1508.1271073818207,98.6,39.4765625,3,1518.57017827034,13.9,30.3984375,14,18334.795091867447,8.4,115.16796875,37,18303.29209303856,6.5,61.234375,33,18337.018322467804
2026-02-13T21:31:17,gaming,23.3,44.6,343461.9234091351,41220.56702927395,78646.5713945238,176033.14612914895,76.0,7953.33984375,145.701,60.0,1980.0,407.2,3988.1171875,86,1509.7770187854767,98.3,39.4765625,3,1520.2392921447754,16.9,4.79296875,422,1771007476.1962483,10.4,345.4375,95,18306.20602083206,10.3,115.16796875,37,18304.958889245987
2026-02-13T21:31:19,gaming,24.3,44.6,342314.82563264825,42922.56030897993,79907.1929213223,33710.84701368285,61.0,7953.33984375,138.256,59.0,1980.0,490.1,3988.80859375,86,1511.4568603038788,99.0,39.4765625,3,1521.8817014694214,13.3,115.1640625,37,18306.60174512863,12.2,30.3515625,14,18338.123082876205,7.4,345.1640625,95,18307.898338079453
2026-02-13T21:31:21,gaming,28.7,44.6,345191.46922891354,48689.030862063584,38801.55073904615,10306.661915059134,52.0,7953.33984375,131.278,59.0,1980.0,375.6,3988.8046875,86,1513.1045315265656,100.1,39.4765625,3,1523.5677247047424,15.7,4.79296875,422,1771007479.5269988,12.0,115.140625,37,18308.2891330719,8.3,61.0625,33,18342.020636558533
2026-02-13T21:31:22,gaming,26.7,44.6,341161.1737384964,77783.83971196793,76873.59330684537,22521.560539114857,52.0,7953.33984375,130.951,59.0,1980.0,528.9,3988.8046875,86,1514.7916204929352,97.7,39.4765625,3,1525.2626512050629,15.7,115.14453125,37,18309.977114915848,11.6,345.1640625,95,18311.218420267105,6.4,4.79296875,422,1771007481.2312374
2026-02-13T21:31:24,gaming,27.4,44.6,353299.1168475764,47159.546231818465,0.0,32726.77523036567,55.0,7953.33984375,131.848,59.0,1980.0,422.3,3988.8046875,86,1516.4091050624847,99.6,39.4765625,3,1526.8767499923706,15.4,115.14453125,37,18311.5945456028,9.7,4.79296875,422,1771007482.8421211,9.6,30.3515625,13,18343.091231822968
2026-02-13T21:31:26,gaming,23.0,44.6,343783.2773657818,70519.72453908497,0.0,9333.037238993487,48.0,7953.33984375,128.419,59.0,1980.0,374.5,3988.83203125,87,1518.082091808319,99.7,39.4765625,3,1528.5235929489136,13.3,115.14453125,37,18313.245238542557,9.3,345.1640625,95,18314.519516944885,3.7,184.4375,105,18319.508655548096
2026-02-13T21:31:27,gaming,24.2,44.6,345402.29944469203,82127.65399929722,29725.3956110298,666344.2849472513,59.0,7953.33984375,130.041,59.0,1980.0,404.5,3988.83203125,87,1519.7276883125305,99.8,39.4765625,3,1530.1828820705414,16.0,115.14453125,37,18314.9086830616,13.4,30.390625,14,18346.404611587524,9.4,4.79296875,422,1771007486.142102
2026-02-13T21:31:29,gaming,24.7,44.6,346720.1225459685,45106.519518998655,39631.8607729973,22292.921684810983,48.0,7953.33984375,129.381,58.0,1980.0,468.6,3988.83203125,87,1521.3750214576721,100.6,39.4765625,3,1531.8297576904297,11.4,115.14453125,37,18316.548280239105,9.5,345.1640625,95,18317.80494570732,6.6,4.79296875,422,1771007487.7935383
2026-02-13T21:31:31,gaming,29.2,44.6,339009.2818938451,67711.66006659658,0.0,61888.16891810247,56.0,7953.33984375,127.014,58.0,1980.0,576.0,3988.85546875,87,1523.0488188266754,98.7,38.84375,3,1533.4599113464355,12.1,345.1640625,95,18319.479459047318,11.5,115.1640625,37,18318.177992343903,10.3,30.38671875,14,18349.73265838623
2026-02-13T21:31:32,gaming,30.1,44.6,343035.31794357084,66503.61115335354,77410.0734522655,156332.06240164553,54.0,7953.33984375,131.093,59.0,1980.0,404.9,3988.85546875,87,1524.7039456367493,97.2,39.4765625,3,1535.1631157398224,10.3,345.4296875,95,18321.140181064606,10.2,4.79296875,422,1771007491.1205893,9.2,115.1640625,37,18319.884898662567
2026-02-13T21:31:34,gaming,26.8,44.6,333715.38352946495,46796.20337481839,311.20073940989226,65974.55675489716,58.0,7953.33984375,134.279,58.0,1980.0,398.0,3988.85546875,87,1526.348934173584,100.3,39.4765625,3,1536.7995491027832,8.6,115.18359375,37,18321.518983364105,8.6,345.4453125,95,18322.78507089615,8.5,4.79296875,422,1771007492.7627244
2026-02-13T21:31:36,gaming,22.4,44.6,342927.8025360612,53008.02870434313,0.0,124048.92559636736,57.0,7953.33984375,134.271,59.0,1980.0,409.5,3988.85546875,87,1528.0205645561218,99.8,39.4765625,3,1538.459553718567,14.9,345.4453125,95,18324.45802640915,10.2,30.3515625,13,18354.69958305359,6.6,115.1875,37,18323.18647003174
2026-02-13T21:31:37,gaming,26.5,44.6,344221.97364836984,85257.59711195072,0.0,91579.95270074428,65.0,7953.33984375,136.87,59.0,1980.0,490.5,3988.85546875,87,1529.6991567611694,100.4,39.4765625,3,1540.1399238109589,9.3,4.79296875,422,1771007496.0965009,9.3,115.171875,37,18324.866069316864,8.3,345.4375,95,18326.152188777924
2026-02-13T21:31:39,gaming,27.3,44.6,342110.7447712968,105344.78133906497,0.0,21488.174280571053,56.0,7953.33984375,134.976,59.0,1980.0,462.8,3988.85546875,87,1531.394180059433,97.8,39.4765625,3,1541.832676410675,13.9,345.4375,95,18327.839039087296,9.3,115.171875,37,18326.551740646362,4.6,30.3515625,13,18358.06810116768
2026-02-13T21:31:41,gaming,26.6,44.6,344627.01771605044,74419.33372323723,0.0,59909.90387782619,58.0,7953.33984375,136.939,58.0,1980.0,438.9,3988.85546875,87,1533.0602674484253,99.3,39.4765625,3,1543.501327753067,13.2,345.4453125,95,18329.491324186325,12.1,4.79296875,422,1771007499.465933,9.3,61.0625,33,18361.950810432434
2026-02-13T21:31:42,gaming,26.0,44.6,331570.8140936793,81655.64257404099,433434.8919384722,48638.2904305956,57.0,7953.33984375,133.079,59.0,1980.0,425.0,3988.88671875,87,1534.7297806739807,99.1,39.4765625,3,1545.1722366809845,11.2,345.4453125,95,18331.17037820816,7.5,171.921875,165,18341.617515087128,4.7,4.79296875,422,1771007501.126881
2026-02-13T21:31:44,gaming,27.0,44.6,357241.45365508035,101302.5781851451,0.0,8213.048154544871,57.0,7953.33984375,133.475,58.0,1980.0,393.5,3988.88671875,87,1536.4406654834747,100.0,39.4765625,3,1546.8436088562012,16.7,4.79296875,422,1771007502.8085628,9.2,30.390625,14,18363.0942466259,9.1,345.4296875,95,18332.882466077805
2026-02-13T21:31:46,gaming,23.9,44.6,345480.4870326636,93474.74241719235,0.0,72442.98384035003,56.0,7953.33984375,136.187,59.0,1980.0,462.3,3988.88671875,87,1538.1250047683716,98.4,39.4765625,3,1548.5579357147217,13.9,345.4453125,95,18334.563883304596,9.1,4.79296875,422,1771007504.521233,9.1,115.1796875,37,18333.28299665451
2026-02-13T21:31:47,gaming,28.3,44.6,341490.514135575,62358.04698808456,0.0,229596.1751887083,61.0,7953.33984375,134.563,59.0,1980.0,438.8,3988.88671875,87,1539.8094410896301,99.5,39.4765625,3,1550.2393267154694,13.0,30.390625,14,18366.484952926636,11.2,4.79296875,422,1771007506.1964374,10.2,61.0625,33,18368.69656777382
2026-02-13T21:31:49,gaming,25.7,44.6,341840.674436424,68009.30484079148,0.0,11154.703644190076,61.0,7953.33984375,137.072,59.0,1980.0,427.3,3988.88671875,87,1541.4994513988495,99.5,38.84375,3,1551.9344770908356,13.9,345.4375,95,18337.93933725357,10.1,4.79296875,422,1771007507.8929164,6.5,115.1796875,37,18336.650832653046
2026-02-13T21:31:51,gaming,27.7,44.6,342762.54078002897,96641.03422215517,0.0,53041.89714059567,63.0,7953.33984375,137.893,59.0,1980.0,461.1,3988.88671875,87,1543.2024965286255,100.8,39.4765625,3,1553.6246812343597,16.6,4.79296875,422,1771007509.5828753,13.8,30.38671875,14,18369.871855974197,12.0,61.22265625,33,18372.080368757248
2026-02-13T21:31:52,gaming,26.1,44.6,339671.67372630135,92712.78389137286,0.0,19744.324240951824,63.0,7953.33984375,136.409,59.0,1980.0,460.8,3988.88671875,87,1544.928461074829,99.5,39.48046875,3,1555.3351848125458,10.0,115.19921875,37,18340.06758093834,5.4,345.4296875,95,18341.37933588028,4.6,4.79296875,422,1771007511.2939959
2026-02-13T21:31:54,gaming,27.6,44.6,343229.18077525357,68037.36296133813,0.0,30035.66799662553,60.0,7953.33984375,137.32,59.0,1980.0,439.2,3988.88671875,87,1546.6513650417328,99.6,39.48046875,3,1557.0618867874146,9.1,30.3515625,13,18373.311052560806,8.2,4.79296875,422,1771007513.0165887,5.4,61.0625,33,18375.52214074135
2026-02-13T21:31:56,gaming,25.3,44.6,341208.3920542209,56947.09518931864,0.0,10477.545183603257,61.0,7953.33984375,140.151,60.0,1980.0,438.0,3988.88671875,87,1548.3422391414642,98.5,38.84375,3,1558.761148929596,9.1,4.79296875,422,1771007514.7249944,7.4,115.19140625,37,18343.478969097137,7.3,345.4296875,95,18344.797382116318
2026-02-13T21:31:58,gaming,27.6,44.6,346734.1937072298,66242.29276852334,38356.74626375404,85403.69285288984,59.0,7953.33984375,143.418,59.0,1980.0,456.5,4116.9375,87,1550.080318927765,100.1,39.48046875,3,1560.4762845039368,15.3,30.38671875,14,18376.737646579742,12.6,61.0625,33,18378.9377784729,10.1,4.79296875,422,1771007516.4340794
2026-02-13T21:31:59,gaming,24.3,45.0,346374.3951520518,86940.16788161827,5939226.618929157,48196.345042721485,64.0,7953.33984375,139.785,59.0,1980.0,420.9,4116.9375,87,1551.7618126869202,99.9,39.48046875,3,1562.18239235878,9.2,345.4453125,95,18348.21489739418,7.4,115.19140625,37,18346.901262283325,5.5,4.79296875,422,1771007518.1444497
2026-02-13T21:32:01,gaming,25.7,45.0,324183.88990153815,75724.77226235424,0.0,21494.710130741714,70.0,7953.33984375,143.123,60.0,1980.0,496.6,4116.9375,87,1553.4639420509338,98.5,39.48046875,3,1563.8947584629059,15.5,30.390625,13,18380.13661313057,7.2,61.0703125,33,18382.356426000595,4.6,70.44921875,22,18339.22024679184
2026-02-13T21:32:03,gaming,28.2,45.0,338695.4388558448,104461.46653958342,0.0,18767.048082178997,70.0,7953.33984375,145.312,60.0,1980.0,429.6,4116.9375,87,1555.1591351032257,96.7,38.84375,3,1565.5922710895538,9.2,115.19140625,37,18350.31629562378,4.6,345.17578125,95,18351.607256174088,1.8,4.79296875,422,1771007521.553264
2026-02-13T21:32:04,gaming,24.7,45.0,335007.26217320753,55968.300763796644,0.0,83999.83372338189,71.0,7953.33984375,143.83,60.0,1980.0,460.9,4116.9375,87,1556.8304405212402,101.0,38.84375,3,1567.2788653373718,9.4,30.3515625,14,18383.498329162598,8.4,115.19140625,37,18351.99420619011,7.5,345.1640625,95,18353.270030260086
2026-02-13T21:32:06,gaming,26.4,45.0,343108.75626973616,75555.28447970556,78255.09480303411,31179.764335583906,67.0,7953.33984375,143.15,60.0,1980.0,419.6,4116.9375,87,1558.5027282238007,99.1,39.48046875,3,1568.9498536586761,7.5,4.79296875,422,1771007524.9132602,6.5,115.19140625,37,18353.666141986847,6.5,61.23046875,33,18387.393592119217
2026-02-13T21:32:08,gaming,24.0,45.0,341926.73627693206,71002.90221917079,792790.840681082,97550.43547443,71.0,7953.33984375,143.469,60.0,1980.0,444.1,4116.9375,87,1560.1594879627228,99.0,39.4765625,3,1570.606196641922,12.2,115.19140625,37,18355.32590532303,4.7,4.79296875,422,1771007526.5691357,2.8,228.67578125,35,18354.14652109146
2026-02-13T21:32:09,gaming,26.4,45.0,341444.5278831511,67602.60058831108,0.0,14738.405621226097,72.0,7953.33984375,145.91,60.0,1980.0,412.4,4116.9375,87,1561.8344876766205,99.5,39.48046875,3,1572.271339416504,15.0,4.79296875,422,1771007528.234566,13.1,30.38671875,14,18388.509080410004,12.2,115.19140625,37,18356.994294404984
2026-02-13T21:32:11,gaming,25.2,45.0,343831.98014992644,60248.67414633004,0.0,8278.772925518533,73.0,7953.33984375,145.045,60.0,1980.0,442.6,4116.9375,87,1563.5115218162537,99.8,39.48046875,3,1573.9464137554169,10.3,115.1640625,37,18358.665234327316,6.5,345.1640625,95,18359.9498898983,4.7,171.84765625,165,18370.39727807045
2026-02-13T21:32:13,gaming,28.0,45.0,342029.1523543631,57869.00153527529,0.0,13712.018134978225,67.0,7953.33984375,142.446,60.0,1980.0,469.9,4116.9375,87,1565.1833856105804,97.9,39.48046875,3,1575.6223437786102,14.9,30.3515625,13,18391.86431121826,12.1,4.79296875,422,1771007531.5843341,7.4,61.02734375,33,18394.07647204399
2026-02-13T21:32:14,gaming,24.7,45.0,337184.7238828524,86938.16317423458,0.0,17831.991253087926,67.0,7953.33984375,140.669,60.0,1980.0,412.0,4116.9375,87,1566.8339886665344,100.4,39.48046875,3,1577.2870874404907,8.5,115.1640625,37,18362.008203983307,6.6,345.1640625,95,18363.273404598236,2.8,4.79296875,422,1771007533.2510164
2026-02-13T21:32:16,gaming,25.7,45.0,341917.5357278592,71209.21582208897,0.0,8375.701518970118,67.0,7953.33984375,141.363,60.0,1980.0,384.7,4116.9375,87,1568.4785599708557,99.4,39.48046875,3,1578.938595533371,13.3,30.38671875,14,18395.1621465683,10.4,4.79296875,422,1771007534.8998673,7.6,115.1640625,37,18363.66022157669
2026-02-13T21:32:18,gaming,22.4,45.0,344023.82235308096,94700.66047161308,0.0,84637.00981189379,73.0,7953.33984375,143.986,60.0,1980.0,418.4,4116.9375,87,1570.1399893760681,99.5,39.48046875,3,1580.5860042572021,8.6,115.1640625,37,18365.30358672142,8.5,4.79296875,422,1771007536.546623,5.6,345.1640625,95,18366.577621936798
2026-02-13T21:32:19,gaming,25.0,45.0,351860.9401803389,41070.97670819301,0.0,11681.386469529036,68.0,7953.33984375,146.19,60.0,1980.0,402.5,4117.0625,87,1571.813648700714,98.6,39.48046875,3,1582.249653339386,12.2,115.1640625,37,18366.970789670944,8.4,4.79296875,422,1771007538.2128098,8.4,30.390625,14,18398.486311912537
2026-02-13T21:32:21,gaming,22.2,45.0,345168.2116266372,67853.80329748122,0.0,37078.61996145419,63.0,7953.33984375,144.788,60.0,1980.0,404.0,4117.140625,87,1573.5031673908234,98.3,39.48046875,3,1583.9337830543518,10.2,115.16796875,37,18368.65809559822,5.5,177.3046875,164,18380.395602226257,4.6,345.4765625,95,18369.948519945145
2026-02-13T21:32:23,gaming,26.5,45.0,342076.8059566088,96653.61076555004,38698.2908233614,44744.898764511614,55.0,7953.33984375,139.748,60.0,1980.0,432.2,4117.14453125,87,1575.2021267414093,99.7,39.60546875,3,1585.6270277500153,14.6,30.38671875,14,18401.8792052269,6.5,4.79296875,422,1771007541.590185,6.4,345.48828125,95,18371.64953303337
2026-02-13T21:32:24,gaming,23.9,45.0,345210.8997865686,100958.10004300231,0.0,56959.28068541838,60.0,7953.33984375,137.97,59.0,1980.0,440.9,4117.14453125,87,1576.8825838565826,100.1,39.609375,3,1587.329297542572,12.0,115.12890625,37,18372.050711393356,6.5,345.4296875,95,18373.320367097855,6.5,23.87109375,6,1801.3464350700378
2026-02-13T21:32:26,gaming,25.7,45.0,342037.9418211524,90009.4207508133,273080.80120282725,812537.2946503765,63.0,7953.33984375,139.249,60.0,1980.0,434.8,4117.14453125,87,1578.5672380924225,99.0,39.609375,3,1589.0018603801727,9.3,115.12890625,37,18373.727811813354,9.3,30.3515625,13,18405.23946237564,6.5,61.0625,33,18407.458795309067
2026-02-13T21:32:28,gaming,25.4,45.0,353375.049489861,64531.5953609811,116887.41801234313,93753.44986406688,58.0,7953.33984375,140.287,60.0,1980.0,426.0,4117.14453125,87,1580.2731857299805,98.6,38.97265625,3,1590.6817138195038,8.3,115.12890625,37,18375.41572880745,7.4,4.79296875,422,1771007546.6416342,5.5,23.87109375,6,1804.7398555278778
2026-02-13T21:32:30,gaming,24.5,45.0,343291.2788161238,102598.60893292015,0.0,26281.52051032543,63.0,7953.33984375,140.286,60.0,1980.0,448.1,4117.14453125,87,1581.9814250469208,100.3,39.609375,3,1592.3951179981232,11.0,30.3515625,13,18408.648912668228,10.0,175.1015625,147,18410.833752393723,9.2,115.12890625,37,18377.116757631302
2026-02-13T21:32:31,gaming,26.1,45.0,337851.55541954905,69280.65187931836,0.0,10512.1783007687,59.0,7953.33984375,139.342,60.0,1980.0,483.8,4117.14453125,87,1583.707109451294,99.4,39.48046875,3,1594.108090877533,10.0,115.1328125,37,18378.832852602005,9.2,4.79296875,422,1771007550.062085,6.4,345.4453125,95,18380.14367723465
2026-02-13T21:32:33,gaming,26.8,45.0,341311.48136200354,61422.62141977931,114732.58992066857,14939.139312587053,61.0,7953.33984375,139.145,59.0,1980.0,438.4,4117.14453125,87,1585.3855335712433,99.9,39.48046875,3,1595.8123080730438,11.0,30.390625,14,18412.06200194359,8.3,115.14453125,37,18380.53647184372,6.5,23.87109375,6,1809.8425335884094
2026-02-13T21:32:35,gaming,25.7,45.0,343793.2063262122,59781.56357280626,77955.42059010956,27710.715912890508,74.0,7953.33984375,144.285,60.0,1980.0,474.8,4117.40625,87,1587.092871427536,98.4,39.48046875,3,1597.4957010746002,8.4,115.15234375,37,18382.219418525696,7.4,4.79296875,422,1771007553.456563,6.5,61.2265625,33,18415.951655626297
2026-02-13T21:32:36,gaming,23.8,45.0,343422.23181927693,76176.43219297088,38302.710339260535,126578.48807427505,70.0,7953.33984375,141.375,60.0,1980.0,374.8,4117.53515625,87,1588.8024909496307,100.6,39.48046875,3,1599.204448223114,9.1,115.16015625,37,18383.92729830742,8.3,30.3828125,14,18415.458194732666,5.4,23.87109375,6,1813.2786886692047
2026-02-13T21:32:38,gaming,25.4,45.0,335441.9788801285,49422.55134517368,0.0,81334.86870915274,68.0,7953.33984375,144.638,60.0,1980.0,479.9,4117.53515625,87,1590.5275421142578,98.5,39.48046875,3,1600.933832168579,9.0,115.1640625,37,18385.655792951584,7.2,175.12109375,147,18419.372305631638,6.4,23.87109375,6,1814.9996349811554
2026-02-13T21:32:40,gaming,25.9,45.0,334952.4508859607,89832.30020641205,76092.1497521962,88873.2530308854,66.0,7953.33984375,144.178,60.0,1980.0,495.7,4117.53515625,87,1592.2548389434814,100.1,39.48046875,3,1602.6647725105286,16.2,115.1796875,37,18387.392930030823,14.5,30.3515625,13,18418.92318534851,6.4,345.4375,95,18388.693098306656
2026-02-13T21:32:42,gaming,28.9,45.0,339348.9885796499,51666.88921082485,76184.97584251585,11903.902475393103,70.0,7953.33984375,145.362,60.0,1980.0,431.4,4117.53515625,87,1593.9502487182617,99.1,39.48046875,3,1604.3827176094055,17.4,115.19140625,37,18389.102374315262,9.1,4.79296875,422,1771007560.3401558,7.3,61.0625,33,18422.830032348633
2026-02-13T21:32:43,gaming,23.8,45.0,344847.55098735366,91812.82987307523,38687.11458527148,26899.634360071577,69.0,7953.33984375,146.03,60.0,1980.0,404.9,4117.53515625,87,1595.6285815238953,100.6,39.48046875,3,1606.0604689121246,9.3,115.1796875,37,18390.78542494774,9.2,30.38671875,14,18422.303946971893,8.3,4.79296875,422,1771007562.0274763
2026-02-13T21:32:45,gaming,26.8,45.0,340152.40450678644,106941.84992667566,195530.0798686137,14664.755990146028,76.0,7953.33984375,135.48,60.0,1980.0,445.7,4117.96484375,87,1597.3005595207214,99.2,39.48046875,3,1607.7460289001465,14.0,4.79296875,422,1771007563.7048306,9.3,115.1796875,37,18392.465764045715,8.4,61.14453125,33,18426.195826768875
2026-02-13T21:32:47,gaming,24.3,45.0,343851.49644240737,81924.83939342447,0.0,12857.614356730915,67.0,7953.33984375,132.941,59.0,1980.0,454.2,4117.96484375,87,1598.992882013321,99.8,38.828125,2,1609.421890258789,12.1,115.1796875,37,18394.141527175903,6.5,4.79296875,422,1771007565.3787167,6.4,23.87109375,6,1823.4594388008118
2026-02-13T21:32:48,gaming,27.1,45.0,334220.2109488134,77650.63508225822,0.0,73992.87201341885,66.0,7953.33984375,133.173,59.0,1980.0,459.8,4117.96484375,87,1600.6749188899994,98.1,39.4609375,2,1611.110068321228,11.1,115.1796875,37,18395.83481693268,10.2,30.38671875,14,18427.34103035927,8.3,61.0625,33,18429.563685417175
2026-02-13T21:32:50,gaming,24.7,45.0,339575.47314469883,65905.26179799032,195239.54169498305,98840.01798308517,66.0,7953.33984375,135.369,59.0,1980.0,460.4,4117.96875,87,1602.361614227295,100.2,39.4609375,2,1612.794224023819,9.3,115.1796875,37,18397.520455121994,5.5,23.87109375,6,1826.8302118778229,4.7,4.79296875,422,1771007568.7511067
2026-02-13T21:32:52,gaming,26.7,45.0,343694.5335911159,41704.22988921946,154792.26981295462,11488.488775180227,57.0,7953.33984375,128.811,59.0,1980.0,390.3,4117.96875,87,1604.02685379982,97.3,39.4609375,2,1614.4802505970001,13.9,115.18359375,37,18399.202290534973,10.2,175.14453125,147,18432.92095351219,8.3,4.79296875,422,1771007570.4432096
2026-02-13T21:32:53,gaming,23.2,45.0,340920.499050915,98503.91998778564,39969.74138182241,65575.3569545524,61.0,7953.33984375,138.158,59.0,1980.0,393.7,4117.96875,87,1605.7135808467865,98.9,39.4609375,2,1616.122968673706,7.6,175.125,147,18434.562294244766,6.5,30.3515625,13,18432.38159942627,5.7,115.1796875,37,18400.854677200317
2026-02-13T21:32:55,gaming,24.1,45.0,342451.5320467957,60850.00864872998,0.0,10209.898318622569,70.0,7953.33984375,136.269,60.0,1980.0,377.7,4117.98046875,87,1607.4053864479065,99.0,38.828125,2,1617.8270916938782,13.8,175.14453125,147,18436.268338680267,11.0,115.1796875,37,18402.55244755745,10.1,4.79296875,422,1771007573.789365
2026-02-13T21:32:57,gaming,23.8,45.0,380129.18228361453,111340.34315804276,38809.46690284598,102784.44750050615,53.0,7953.33984375,140.297,59.0,1980.0,427.0,4117.98046875,87,1609.0666148662567,98.8,39.4609375,2,1619.5190467834473,13.9,115.18359375,37,18404.239567756653,7.4,345.1640625,95,18405.534533262253,6.5,23.87109375,6,1833.5544180870056
2026-02-13T21:32:58,gaming,30.0,45.0,340563.31482165057,88318.7304816302,38801.48501279818,91244.11710040821,59.0,7953.33984375,140.053,60.0,1980.0,494.5,4117.9765625,87,1610.7451450824738,98.8,39.4765625,3,1621.2108526229858,12.0,115.171875,37,18405.926215171814,10.3,30.3515625,13,18437.422702550888,7.4,4.79296875,422,1771007577.170628
2026-02-13T21:33:00,gaming,23.9,45.0,336761.0287606169,127979.62266644137,0.0,12252.996031873174,56.0,7953.33984375,151.216,60.0,1980.0,402.2,4117.9765625,87,1612.3647770881653,100.2,39.4765625,3,1622.832460641861,10.6,115.171875,37,18407.549862384796,6.7,23.87109375,6,1836.8120610713959,5.8,345.1640625,95,18408.795689344406
2026-02-13T21:33:02,gaming,23.7,45.0,342621.7293817019,113868.6810702847,120805.82376167741,12583.93997517473,72.0,7953.33984375,142.105,60.0,1980.0,410.8,4117.9765625,87,1614.011827468872,98.9,39.4765625,3,1624.4612917900085,12.4,30.3515625,13,18440.689455747604,11.5,115.04296875,37,18409.179816007614,8.6,4.79296875,422,1771007580.4234369
2026-02-13T21:33:03,gaming,24.6,45.4,345074.9277770228,97511.28071040394,0.0,18389.644939539972,67.0,7953.33984375,132.75,59.0,1980.0,437.9,4246.171875,87,1615.7208783626556,100.1,39.4765625,3,1626.1624500751495,13.8,115.10546875,37,18410.883532762527,7.4,4.79296875,422,1771007582.122296,7.3,175.1484375,147,18444.601669549942
2026-02-13T21:33:05,gaming,25.3,45.4,345030.5461842907,45474.34000558077,0.0,32407.371555155663,62.0,7953.33984375,133.831,59.0,1980.0,382.7,4246.24609375,87,1617.406756401062,100.4,39.4765625,3,1627.8430218696594,14.9,115.1328125,37,18412.56054496765,12.0,30.3515625,13,18444.080253601074,6.5,23.87109375,6,1841.8624603748322
2026-02-13T21:33:07,gaming,26.3,45.4,337615.68136243394,58633.11140510956,39082.37987230736,26258.473976706508,60.0,7953.33984375,135.073,60.0,1980.0,464.9,4246.24609375,87,1619.0677888393402,98.6,39.4765625,3,1629.5073187351227,19.7,115.1328125,37,18414.228464126587,9.3,4.79296875,422,1771007585.4733272,6.6,23.87109375,6,1843.5274744033813
2026-02-13T21:33:08,gaming,25.8,45.4,339392.137299437,75071.46794521136,0.0,81164.44580685109,66.0,7953.33984375,139.537,60.0,1980.0,455.8,4246.25,87,1620.7329483032227,100.0,39.4765625,3,1631.1791286468506,16.8,30.3515625,13,18447.412380456924,12.2,115.13671875,37,18415.900154352188,10.3,175.13671875,147,18449.620379447937
2026-02-13T21:33:10,gaming,31.7,45.4,338461.1289922347,88013.49355368632,39160.39671630279,37630.69371957221,60.0,7953.33984375,136.496,59.0,1980.0,508.6,4246.3046875,87,1622.4105751514435,99.9,39.4765625,3,1632.8525049686432,12.1,4.79296875,422,1771007588.8109293,12.1,61.23046875,33,18451.303194999695,11.2,115.13671875,37,18417.575756311417
2026-02-13T21:33:12,gaming,28.0,45.4,343547.73503435525,47269.97418238418,78388.7708097706,71652.23581830596,56.0,7953.33984375,124.949,58.0,1980.0,415.5,4246.3046875,87,1624.06866812706,100.6,39.4765625,3,1634.5303540229797,18.6,115.15234375,37,18419.254948616028,7.5,4.79296875,422,1771007590.4850452,6.7,23.87109375,6,1848.5099761486053
2026-02-13T21:33:13,gaming,23.9,45.4,341259.3548024113,68391.55875526117,79882.89108753213,108590.80507211397,55.0,7953.33984375,135.205,59.0,1980.0,396.0,4246.44921875,87,1625.7299392223358,99.4,39.4765625,3,1636.1648094654083,14.1,30.3515625,13,18452.40711402893,11.5,115.15625,37,18420.890659809113,10.5,4.79296875,422,1771007592.1256025
2026-02-13T21:33:15,gaming,23.4,45.4,342228.88596784626,54420.02180459639,39190.26140593852,16839.56544786421,60.0,7953.33984375,140.175,60.0,1980.0,366.4,4246.4921875,87,1627.4054350852966,99.9,39.4765625,3,1637.838036775589,12.2,115.1484375,37,18422.553242206573,10.2,345.4453125,95,18423.84504199028,6.5,23.87109375,6,1851.8585269451141
2026-02-13T21:33:17,gaming,25.5,45.4,341787.3508980677,59836.69010855281,0.0,19287.999801547758,63.0,7953.33984375,135.264,60.0,1980.0,415.0,4246.4921875,87,1629.0596134662628,100.2,39.4765625,3,1639.50563955307,16.7,115.1484375,37,18424.232916355133,13.2,30.3515625,13,18455.739258527756,7.4,61.0703125,33,18457.96911907196
2026-02-13T21:33:18,gaming,24.5,45.4,343871.17382664426,92789.6532965307,39319.92757113488,18738.402983118965,59.0,7953.33984375,133.277,59.0,1980.0,451.6,4246.6328125,87,1630.7506759166718,99.0,39.4765625,3,1641.1785624027252,13.8,345.4375,95,18427.194160938263,12.2,115.1484375,37,18425.904342651367,4.6,23.87109375,6,1855.2255589962006
2026-02-13T21:33:20,gaming,27.6,45.4,343933.95888403844,102203.36646585168,76772.74584307383,16194.251076273387,55.0,7953.33984375,128.405,58.0,1980.0,494.1,4246.6328125,87,1632.445389509201,100.1,39.4765625,3,1642.8808653354645,13.7,4.79296875,422,1771007598.843192,13.7,30.3515625,13,18459.12578177452,11.9,115.15234375,37,18427.609095335007
2026-02-13T21:33:22,gaming,29.6,45.4,343817.284038599,64096.88917849996,38404.22133115902,13501.484061735591,56.0,7953.33984375,128.87,59.0,1980.0,535.8,4246.6328125,87,1634.1517486572266,99.6,39.4765625,3,1644.5895068645477,11.0,115.16796875,37,18429.31729030609,6.6,23.87109375,6,1858.607631444931,6.4,345.4453125,95,18430.590360164642
2026-02-13T21:33:23,gaming,30.8,45.4,342699.1411711427,26884.72598419825,0.0,91030.92790160593,57.0,7953.33984375,143.271,60.0,1980.0,444.3,4246.6328125,87,1635.8079447746277,99.9,39.4765625,3,1646.2632193565369,16.0,115.16796875,37,18430.98209452629,11.4,345.48828125,95,18432.242466688156,8.5,30.390625,14,18462.48913216591
2026-02-13T21:33:25,gaming,25.5,45.4,336921.591295905,65929.6572026285,39685.56614862421,5270.7392541141535,67.0,7953.33984375,140.489,60.0,1980.0,434.5,4246.6796875,87,1637.4657022953033,100.2,38.96484375,3,1647.915653705597,15.1,115.17578125,37,18432.63269138336,14.1,345.4453125,95,18433.909977674484,12.3,4.79296875,422,1771007603.8730173
2026-02-13T21:33:27,gaming,26.0,45.4,341908.07727979595,69248.60848463437,9710.701245429527,754703.562418226,65.0,7953.33984375,150.963,60.0,1980.0,534.3,4246.890625,87,1639.1749243736267,100.3,38.96484375,3,1649.5997512340546,12.7,30.3515625,13,18465.849639892578,11.9,345.4453125,95,18435.61646413803,5.5,61.23828125,33,18468.053510665894
2026-02-13T21:33:28,gaming,30.4,45.8,348251.3638283483,70999.95581571653,0.0,123335.13227661459,72.0,7953.33984375,150.645,60.0,1980.0,422.6,4375.390625,87,1640.8719263076782,99.2,39.59765625,3,1651.3026530742645,14.7,345.4296875,95,18437.313902139664,10.1,115.2109375,37,18436.02419114113,8.3,175.140625,147,18469.741098165512
2026-02-13T21:33:30,gaming,23.9,45.8,341197.23514387105,21131.62331773694,0.0,145318.35110417937,68.0,7953.33984375,143.074,60.0,1980.0,409.4,4375.3984375,87,1642.55859041214,98.7,39.59765625,3,1652.9950528144836,15.8,345.4453125,95,18438.995688915253,12.9,30.3515625,13,18469.242936611176,9.2,115.2109375,37,18437.7276866436
2026-02-13T21:33:32,gaming,27.8,45.8,341937.782075277,54674.394921018895,0.0,9468.54332991175,63.0,7953.33984375,134.222,59.0,1980.0,424.8,4375.3984375,87,1644.2166066169739,100.0,39.4765625,3,1654.6662275791168,13.1,4.79296875,422,1771007610.6255522,11.3,345.4453125,95,18440.653502464294,8.5,115.2109375,37,18439.38719725609
2026-02-13T21:33:33,gaming,24.0,45.8,344025.36428888247,24283.03589889376,0.0,63335.50638506756,64.0,7953.33984375,135.894,60.0,1980.0,477.3,4375.3984375,87,1645.8635573387146,99.2,39.4765625,3,1656.3207457065582,16.1,345.43359375,95,18442.305931329727,7.6,115.21484375,37,18441.0393242836,4.7,175.109375,147,18474.761603593826
2026-02-13T21:33:35,gaming,29.2,45.8,343559.8036778021,62840.86860607304,394836.21734026197,12338.631791883186,63.0,7953.33984375,133.262,59.0,1980.0,547.5,4375.41796875,87,1647.6418206691742,100.3,38.84375,3,1657.9875073432922,16.0,4.79296875,422,1771007613.94278,9.7,30.3515625,13,18474.30583047867,8.3,61.0703125,33,18476.466457605362
2026-02-13T21:33:37,gaming,30.3,45.8,343133.10956735717,57289.72421253216,0.0,10234.591345714049,57.0,7953.33984375,136.514,59.0,1980.0,420.9,4375.41796875,87,1649.3637125492096,99.1,39.4765625,3,1659.7844038009644,10.5,115.21875,37,18444.50271844864,8.7,175.12890625,147,18478.2244515419,7.8,4.79296875,422,1771007615.7430477
2026-02-13T21:33:39,gaming,26.8,45.8,336944.2621302225,41065.281318008114,306870.49902588135,103089.30826650703,59.0,7953.33984375,137.76,60.0,1980.0,410.9,4375.41796875,87,1651.032964706421,100.0,38.84375,3,1661.485904932022,11.2,30.3515625,13,18477.71089029312,9.2,115.22265625,37,18446.205142736435,7.4,61.23046875,33,18479.932502031326
2026-02-13T21:33:40,gaming,23.6,45.8,345100.2782485279,52131.97211193891,39776.9399283755,98510.07779136744,64.0,7953.33984375,143.448,60.0,1980.0,469.2,4375.41796875,87,1652.67205119133,98.4,39.4765625,3,1663.137698173523,9.4,115.22265625,37,18447.85959792137,6.7,345.4296875,95,18449.11491250992,5.7,175.140625,147,18481.579965353012
2026-02-13T21:33:42,gaming,28.3,45.8,343906.3055277584,76463.59713265748,79385.30989300171,121868.85464042841,60.0,7953.33984375,144.99,60.0,1980.0,526.5,4375.41796875,87,1654.343169927597,100.7,39.4765625,3,1664.797924041748,13.1,30.3515625,13,18481.019404888153,9.4,61.0625,33,18483.24578642845,8.5,115.23046875,37,18449.518383979797
2026-02-13T21:33:44,gaming,30.0,45.8,339731.19574466103,84732.33138994477,0.0,42147.339230191086,75.0,7953.33984375,140.291,60.0,1980.0,519.6,4375.421875,87,1656.092478275299,99.8,39.4765625,3,1666.4732029438019,15.7,4.79296875,422,1771007622.439364,9.3,115.22265625,37,18451.194291353226,4.6,175.125,147,18484.914351940155
2026-02-13T21:33:45,gaming,26.7,45.8,335312.45313451986,92695.9943162107,0.0,8563.225596082179,56.0,7953.33984375,139.362,60.0,1980.0,478.1,4375.421875,87,1657.818464756012,98.8,39.4765625,3,1668.2601432800293,10.8,30.38671875,14,18484.506190538406,7.1,175.15625,147,18486.671989917755,5.4,4.79296875,422,1771007624.173716
2026-02-13T21:33:47,gaming,29.6,45.8,340251.8601522429,55609.952186108334,0.0,22290.34064119074,57.0,7953.33984375,131.631,59.0,1980.0,429.1,4375.421875,87,1659.4753518104553,100.6,39.4765625,3,1669.9205586910248,15.1,115.19921875,37,18454.640978336334,9.2,4.79296875,422,1771007625.8750758,8.5,61.0703125,33,18488.368317842484
2026-02-13T21:33:49,gaming,23.5,45.8,345566.59537447034,61647.40840757052,0.0,89617.69097020301,59.0,7953.33984375,129.792,59.0,1980.0,440.3,4375.421875,87,1661.1583621501923,99.5,39.4765625,3,1671.5850446224213,9.4,115.19921875,37,18456.311329603195,6.5,4.79296875,422,1771007627.546346,6.5,30.390625,14,18487.834422826767
2026-02-13T21:33:50,gaming,26.9,45.8,340058.8968424064,31468.01685900805,0.0,10279.512806935862,63.0,7953.33984375,134.402,60.0,1980.0,358.9,4375.421875,87,1662.8069834709167,98.0,39.4765625,3,1673.274025440216,10.2,115.19921875,37,18457.993403434753,7.5,61.0625,33,18491.720336198807,6.7,30.3515625,13,18489.475736379623
2026-02-13T21:33:52,gaming,22.8,45.8,343209.1882653264,77308.44011799134,0.0,15986.996027251049,61.0,7953.33984375,136.868,60.0,1980.0,440.1,4375.421875,87,1664.4729413986206,100.1,39.4765625,3,1674.9136106967926,6.5,172.03515625,165,18471.380607366562,5.7,175.11328125,147,18493.34900522232,4.8,115.203125,37,18459.63785481453
2026-02-13T21:33:54,gaming,26.9,45.8,340908.1759722956,32333.18831855243,77505.04131838522,66303.14081533736,63.0,7953.33984375,136.382,60.0,1980.0,482.3,4375.4296875,87,1666.1895096302032,99.0,39.47265625,3,1676.61923289299,12.0,4.79296875,422,1771007632.566118,11.0,30.3515625,13,18492.863864660263,9.2,115.203125,37,18461.340086460114
2026-02-13T21:33:55,gaming,28.0,45.8,354104.9255532172,30579.0558581973,0.0,102420.48031313706,64.0,7953.33984375,141.281,60.0,1980.0,449.2,4375.4296875,87,1667.8592441082,100.3,39.47265625,3,1678.3009827136993,8.3,175.12890625,147,18496.743367433548,6.5,115.19921875,37,18463.01981472969,5.5,4.79296875,422,1771007634.2642434
2026-02-13T21:33:57,gaming,27.7,45.8,338181.3479449665,20915.201972191742,39434.35301503375,19101.01474165697,67.0,7953.33984375,141.11,60.0,1980.0,482.0,4375.4296875,87,1669.5085883140564,98.8,39.6015625,3,1679.9612174034119,9.4,30.3515625,13,18496.187254190445,8.5,4.79296875,422,1771007635.9258814,8.5,115.19921875,37,18464.678472042084
2026-02-13T21:33:59,gaming,25.4,45.8,342670.07902223,51153.471040582765,316405.35882736434,115562.11347796315,56.0,7953.33984375,142.722,59.0,1980.0,405.3,4375.4296875,87,1671.1592473983765,98.9,39.6015625,3,1681.6210787296295,10.3,115.203125,37,18466.343190431595,5.7,4.79296875,422,1771007637.5842319,5.7,345.16015625,95,18467.594113349915
2026-02-13T21:34:00,gaming,24.8,45.8,342980.8061364646,63946.81579135834,80024.03153939717,9065.222322822336,65.0,7953.33984375,129.404,59.0,1980.0,452.8,4375.4296875,87,1672.805035829544,99.9,39.6015625,3,1683.2625677585602,13.4,30.390625,14,18499.479999303818,12.4,115.21875,37,18467.98562335968,10.5,4.79296875,422,1771007639.2204306
2026-02-13T21:34:02,gaming,25.6,45.8,339932.7601959261,47160.95760650023,79757.9582132201,36763.433863906146,65.0,7953.33984375,141.473,60.0,1980.0,448.0,4375.58203125,87,1674.4684476852417,100.1,38.97265625,3,1684.9016032218933,8.6,115.22265625,37,18469.622619390488,5.7,4.79296875,422,1771007640.8643596,5.6,345.4453125,95,18470.917999982834
2026-02-13T21:34:04,gaming,25.7,45.8,341802.337025231,108252.95657968195,38674.5844003818,15409.404722027122,64.0,7953.33984375,143.305,60.0,1980.0,425.4,4375.58203125,87,1676.166077375412,99.2,39.6015625,3,1686.6021778583527,12.8,30.3515625,13,18502.83502483368,6.5,394.17578125,277,18499.850136756897,6.4,115.21875,37,18471.324026107788
2026-02-13T21:34:05,gaming,25.6,45.8,338346.85692350776,61688.52444170292,0.0,14616.966772522786,70.0,7953.33984375,148.741,60.0,1980.0,416.5,4375.58203125,87,1677.8650181293488,99.3,39.6015625,3,1688.2852041721344,10.2,175.1015625,147,18506.72175002098,8.4,115.21875,37,18473.006853818893,7.4,4.79296875,422,1771007644.2441225
2026-02-13T21:34:07,gaming,23.3,45.8,342222.08250406926,57055.59921297691,38667.20181611192,17521.07582292571,72.0,7953.33984375,146.296,60.0,1980.0,386.9,4375.69140625,87,1679.5533351898193,99.9,39.6015625,3,1689.9740498065948,13.0,30.3515625,13,18506.21844935417,10.2,175.10546875,147,18508.414588689804,7.4,394.19140625,277,18503.23810172081
2026-02-13T21:34:09,gaming,28.6,45.8,358880.9348110097,78835.52296056665,152684.16164381127,101690.03734480399,72.0,7953.33984375,145.386,61.0,1980.0,481.5,4375.69140625,87,1681.2376823425293,100.3,39.6015625,3,1691.6868600845337,15.5,4.79296875,422,1771007647.6508198,8.2,115.2265625,37,18476.40765285492,6.4,61.23046875,33,18510.136439323425
2026-02-13T21:34:10,gaming,25.5,45.8,343648.9822008006,87342.02186648324,0.0,99317.73100142009,65.0,7953.33984375,143.437,60.0,1980.0,401.1,4375.69140625,87,1682.9056193828583,99.3,39.6015625,3,1693.3575818538666,8.4,115.2265625,37,18478.083430051804,8.4,30.38671875,14,18509.591147899628,6.5,61.23046875,33,18511.816590309143
2026-02-13T21:34:12,gaming,24.5,45.8,338187.45270090655,53406.565621345595,118687.42784118182,21635.72903354877,71.0,7953.33984375,146.525,61.0,1980.0,424.5,4375.69140625,87,1684.553538799286,99.8,39.47265625,3,1695.0150966644287,14.2,115.2265625,37,18479.73564839363,11.3,4.79296875,422,1771007650.9754407,2.9,184.4453125,105,18485.975779533386
2026-02-13T21:34:14,gaming,23.4,45.8,337352.7359765216,39659.32551583196,52447.4046948911,52759.591627598784,72.0,7953.33984375,145.948,61.0,1980.0,378.3,4375.69140625,87,1686.2057843208313,99.9,39.47265625,3,1696.657033920288,15.2,30.3515625,13,18512.885808229446,6.7,115.234375,37,18481.377942085266,5.7,345.4453125,95,18482.638253688812
2026-02-13T21:34:15,gaming,24.2,45.8,338654.66642897465,62201.35856159584,39677.901406419674,44017.671872746825,70.0,7953.33984375,143.497,60.0,1980.0,418.6,4375.69140625,87,1687.837021112442,99.8,39.47265625,3,1698.3011593818665,16.1,115.25,37,18483.024813890457,6.6,4.79296875,422,1771007654.2656374,2.8,61.0625,33,18516.751422405243
2026-02-13T21:34:17,gaming,22.9,45.8,343598.83023909444,87437.5281345719,0.0,22583.49473931435,70.0,7953.33984375,141.628,60.0,1980.0,476.2,4375.69140625,87,1689.4746136665344,98.7,39.47265625,3,1699.9323542118073,11.4,30.3515625,13,18516.15607905388,8.6,115.25390625,37,18484.652965784073,3.8,112.65625,56,18514.777433395386
2026-02-13T21:34:19,gaming,28.7,45.8,343910.06463852606,58706.86241048841,0.0,85111.03689635659,71.0,7953.33984375,140.672,60.0,1980.0,434.8,4375.69140625,87,1691.1167311668396,100.6,39.47265625,3,1701.5783092975616,12.4,61.0625,33,18520.02423787117,11.4,4.79296875,422,1771007657.543542,8.6,115.265625,37,18486.295777082443
2026-02-13T21:34:20,gaming,23.8,45.8,340882.0028190091,46202.69038867222,0.0,9632.843393350744,69.0,7953.33984375,141.624,61.0,1980.0,427.9,4375.69140625,87,1692.7557842731476,99.9,39.59375,3,1703.2201285362244,8.5,115.26171875,37,18487.940631866455,4.8,345.4296875,95,18489.18759918213,2.9,31.92578125,9,18505.16286945343
2026-02-13T21:34:22,gaming,28.2,45.8,342404.2468234303,57531.630266228254,40086.25536778267,13466.476412614491,67.0,7953.33984375,141.601,60.0,1980.0,493.2,4375.69140625,87,1694.4066152572632,97.9,39.59375,3,1704.8641293048859,18.0,30.3515625,13,18521.0837829113,12.4,4.79296875,422,1771007660.8237615,11.4,61.0703125,33,18523.310829162598
2026-02-13T21:34:24,gaming,25.2,45.8,343411.20821183646,46151.92027181327,0.0,16164.556012849524,70.0,7953.33984375,140.535,60.0,1980.0,422.4,4375.68359375,87,1696.044928073883,99.2,39.59375,3,1706.5024898052216,10.5,115.2734375,37,18491.21988606453,1.9,4.79296875,422,1771007662.4693966,1.9,127.51171875,33,18477.060232162476
2026-02-13T21:34:25,gaming,24.3,45.8,343945.1870247652,74686.37867068143,0.0,97604.44518946661,63.0,7953.33984375,140.307,61.0,1980.0,448.5,4375.6875,87,1697.686784029007,99.4,39.59375,3,1708.1517760753632,13.3,30.3828125,14,18524.367428779602,11.3,115.28125,37,18492.87752509117,6.7,4.79296875,422,1771007664.1105294
2026-02-13T21:34:27,gaming,29.9,45.8,348326.7503719159,39982.29073101346,250788.5986956266,904406.3840461035,68.0,7953.33984375,143.062,60.0,1980.0,483.4,4375.7421875,87,1699.3450193405151,99.9,39.59375,3,1709.7776038646698,9.6,4.79296875,422,1771007665.7461581,9.6,175.125,147,18528.219096183777,9.6,115.28125,37,18494.497762441635
2026-02-13T21:34:29,gaming,26.0,45.8,342604.2250661461,46596.69119543954,0.0,129092.79723114867,67.0,7953.33984375,141.334,61.0,1980.0,571.0,4375.7421875,87,1701.1052181720734,100.5,39.59375,3,1711.4716651439667,14.7,115.2734375,37,18496.195670366287,10.2,175.12890625,147,18529.908571958542,9.8,30.38671875,14,18527.769292593002
2026-02-13T21:34:30,gaming,32.9,45.8,343760.30054106517,62045.435249210845,0.0,166507.4475060703,65.0,7953.33984375,145.419,60.0,1980.0,438.4,4375.7421875,87,1702.7968475818634,97.9,39.59375,3,1713.244040966034,10.5,4.79296875,422,1771007669.2074034,8.0,115.27734375,37,18497.96048426628,7.9,175.1484375,147,18531.683215379715
2026-02-13T21:34:32,gaming,23.6,45.8,341056.2949385829,57852.98398993859,0.0,119023.14059565222,87.0,7953.33984375,159.931,62.0,1980.0,410.0,4375.78125,87,1704.473134279251,100.4,39.47265625,3,1714.908739566803,12.0,30.3515625,14,18531.15297460556,10.4,4.79296875,422,1771007670.8690097,5.6,61.14453125,33,18533.367713451385
2026-02-13T21:34:34,gaming,26.6,45.8,339496.26926642586,65105.560087314414,38663.57955962737,50141.82974139174,77.0,7953.33984375,146.164,61.0,1980.0,434.0,4375.7890625,87,1706.1511073112488,99.5,38.84375,3,1716.6044487953186,16.6,175.12890625,147,18535.04317355156,12.0,4.79296875,422,1771007672.5659273,9.3,115.2734375,37,18501.325984954834
2026-02-13T21:34:35,gaming,25.9,45.8,339977.2104027067,54616.193333936775,0.0,13796.867469397883,75.0,7953.33984375,144.086,61.0,1980.0,443.2,4375.7890625,87,1707.8082349300385,98.7,39.47265625,3,1718.2671627998352,17.9,30.390625,14,18534.490779399872,11.3,115.22265625,37,18502.98427414894,7.5,4.79296875,422,1771007674.231849
2026-02-13T21:34:37,gaming,25.7,45.8,342221.84146307793,59140.31633057768,40154.780993356326,15685.461325529815,79.0,7953.33984375,145.055,61.0,1980.0,403.7,4375.7890625,87,1709.4180436134338,98.7,39.47265625,3,1719.8981969356537,10.5,115.22265625,37,18504.616072416306,9.6,4.79296875,422,1771007675.8649738,8.6,61.0625,33,18538.340730667114
2026-02-13T21:34:39,gaming,22.6,45.8,342116.24019697926,59580.65545494073,0.0,113246.019719718,74.0,7953.33984375,140.712,61.0,1980.0,463.8,4375.7890625,87,1711.1068370342255,100.4,39.47265625,3,1721.546201467514,13.9,30.3515625,13,18537.77969431877,10.4,115.22265625,37,18506.273183345795,5.7,175.1328125,147,18539.98535513878
2026-02-13T21:34:40,gaming,27.8,45.8,342690.84295102407,51166.546992314434,78669.56383507885,21818.51184488515,74.0,7953.33984375,139.469,60.0,1980.0,386.7,4375.7890625,87,1712.734423160553,99.9,39.47265625,3,1723.2047662734985,14.2,115.2265625,37,18507.92660689354,12.2,4.79296875,422,1771007679.1712592,6.6,61.0703125,33,18541.653095960617
2026-02-13T21:34:42,gaming,22.3,45.8,342164.03400212387,48932.50315049005,0.0,11651.298889930662,71.0,7953.33984375,138.424,60.0,1980.0,414.8,4375.7890625,87,1714.3803539276123,98.8,38.84375,3,1724.8331987857819,11.5,30.3515625,13,18541.05689573288,7.7,115.23046875,37,18509.5580163002,7.6,394.5234375,278,18538.063417196274
2026-02-13T21:34:44,gaming,27.4,45.8,342578.3524754695,33865.05466469839,0.0,44675.91300872981,70.0,7953.33984375,137.499,60.0,1980.0,398.6,4375.7890625,87,1716.0263938903809,98.5,39.47265625,3,1726.4832623004913,14.3,115.23046875,37,18511.201882839203,13.3,4.79296875,422,1771007682.4480727,10.5,61.0625,33,18544.931824684143
2026-02-13T21:34:45,gaming,24.6,45.8,339590.3978718152,17509.876820930724,0.0,10952.458816401222,73.0,7953.33984375,138.008,60.0,1980.0,448.0,4375.7890625,87,1717.6632056236267,97.4,39.47265625,3,1728.120453119278,10.4,345.1640625,95,18514.099809885025,9.6,30.390625,14,18544.340111732483,7.6,115.23046875,37,18512.84056162834
2026-02-13T21:34:47,gaming,26.5,45.8,345286.14853847394,23560.7693961641,0.0,13437.139575316656,74.0,7953.33984375,136.729,60.0,1980.0,456.9,4375.7890625,87,1719.2934083938599,100.2,39.47265625,3,1729.7585186958313,12.4,115.328125,37,18514.47860622406,9.5,4.79296875,422,1771007685.7228947,8.6,345.1640625,95,18515.733617544174
2026-02-13T21:34:48,gaming,25.4,45.8,340331.139949412,41827.754226484714,49950.86775465214,246944.60246206154,70.0,7953.33984375,136.432,60.0,1980.0,450.3,4376.421875,87,1720.9348282814026,99.9,39.4765625,3,1731.4011375904083,11.4,345.42578125,95,18517.373414754868,8.6,4.79296875,422,1771007687.3634117,7.6,115.33203125,37,18516.12349486351
2026-02-13T21:34:50,gaming,27.6,45.8,336765.1488052559,40041.247027631936,39985.72485719119,32488.401446467844,65.0,7953.33984375,141.91,60.0,1980.0,379.1,4376.42578125,87,1722.6130237579346,99.3,39.4765625,3,1733.0430903434753,13.3,4.79296875,422,1771007689.0004575,12.3,115.3515625,37,18517.77371573448,12.3,61.0625,33,18551.50306081772
2026-02-13T21:34:52,gaming,25.4,45.8,340980.7772858059,59358.21352843991,0.0,12453.253296977859,66.0,7953.33984375,132.921,60.0,1980.0,509.3,4376.42578125,87,1724.2905340194702,100.1,39.4765625,3,1734.724333524704,20.6,115.3515625,37,18519.44567847252,8.3,175.1328125,147,18553.164956092834,6.5,345.4375,95,18520.73531961441
2026-02-13T21:34:54,gaming,28.0,45.8,341973.0859130346,31452.589867634422,0.0,19695.596861379476,63.0,7953.33984375,132.875,59.0,1980.0,445.3,4376.42578125,87,1725.9959285259247,99.5,39.4765625,3,1736.4208841323853,15.6,115.34765625,37,18521.151280879974,14.5,30.38671875,14,18552.671424627304,9.2,4.79296875,422,1771007692.3768594
2026-02-13T21:34:55,gaming,26.3,45.8,343831.6883859154,50347.932008569835,0.0,98473.37465852709,68.0,7953.33984375,136.363,59.0,1980.0,496.8,4376.42578125,87,1727.7013421058655,99.3,39.60546875,3,1738.104244709015,6.5,115.3515625,37,18522.838673591614,3.7,4.79296875,422,1771007694.062643,3.7,175.12890625,147,18556.542052268982
2026-02-13T21:34:57,gaming,27.7,45.8,344100.78834248567,86970.09179017002,0.0,8559.973504049825,66.0,7953.33984375,140.529,60.0,1980.0,434.1,4376.42578125,87,1729.4211065769196,100.1,39.60546875,3,1739.8374693393707,11.8,115.3515625,37,18524.560831546783,11.0,30.3515625,13,18556.084436178207,10.1,345.4375,95,18525.85165119171
2026-02-13T21:34:59,gaming,23.0,45.8,334429.6239250743,50379.322540055364,0.0,91897.22850205292,64.0,7953.33984375,145.459,60.0,1980.0,450.6,4376.42578125,87,1731.0783159732819,99.6,39.60546875,3,1741.5165083408356,12.1,115.35546875,37,18526.239150762558,7.4,4.79296875,422,1771007697.4788074,2.8,175.10546875,147,18559.957191705704
2026-02-13T21:35:00,gaming,26.1,45.8,326319.61439317605,37681.37442261934,7131016.117810814,5509.8853932260745,66.0,7953.33984375,147.291,61.0,1980.0,441.5,4376.42578125,87,1732.7380938529968,99.0,39.58984375,2,1743.1894056797028,19.6,115.35546875,37,18527.910731077194,10.3,30.3515625,13,18559.408346891403,7.5,345.4296875,95,18529.177785634995
2026-02-13T21:35:02,gaming,24.9,45.8,342168.81009510194,31571.511717880363,0.0,10562.061612085354,64.0,7953.33984375,142.096,61.0,1980.0,370.8,4376.42578125,87,1734.3731606006622,99.8,39.58984375,2,1744.8335766792297,12.5,345.4453125,95,18530.80626964569,9.5,115.36328125,37,18529.54849743843,3.8,4.79296875,422,1771007700.7993891
2026-02-13T21:35:04,gaming,24.5,45.8,344042.32383119984,26920.745204276263,0.0,93872.97232603456,61.0,7953.33984375,142.286,61.0,1980.0,509.7,4376.42578125,87,1736.0192193984985,99.9,39.58984375,2,1746.4761846065521,14.3,115.375,37,18531.192641735077,10.5,30.3515625,13,18562.693709373474,7.6,4.79296875,422,1771007702.4414303
2026-02-13T21:35:05,gaming,27.9,45.8,345028.0074372023,46438.70885032013,39925.05671425959,14036.152751106887,67.0,7953.33984375,142.31,60.0,1980.0,433.6,4376.42578125,87,1737.6735000610352,99.9,39.58984375,2,1748.1179356575012,20.9,115.24609375,37,18532.839975357056,12.4,345.4453125,95,18534.100720643997,3.8,4.79296875,422,1771007704.0825896
2026-02-13T21:35:07,gaming,25.4,45.8,339016.14952333487,72800.36335613731,0.0,22388.712634297823,66.0,7953.33984375,145.313,60.0,1980.0,554.4,4376.44140625,87,1739.3757045269012,99.6,39.58984375,2,1749.7821009159088,14.7,115.25,37,18534.540720701218,11.9,30.3828125,14,18566.056799411774,5.5,345.4453125,95,18535.816700220108
2026-02-13T21:35:09,gaming,32.7,45.8,327844.072736977,69229.58592496018,38206.24788993937,110439.935306856,58.0,7953.33984375,139.179,59.0,1980.0,454.9,4376.4765625,88,1741.0831871032715,99.1,39.58984375,2,1751.4857187271118,18.2,4.79296875,422,1771007707.4487007,12.8,345.4296875,95,18537.52638244629,8.4,115.2578125,37,18536.21288371086
2026-02-13T21:35:10,gaming,25.7,45.8,343840.4180476266,95029.90715297745,21429.207150164006,15179.02173136617,76.0,7953.33984375,138.762,61.0,1980.0,525.5,4376.49609375,89,1742.8534388542175,98.7,39.59375,2,1753.2113230228424,11.7,30.390625,14,18569.4942882061,9.1,115.2578125,37,18537.936490774155,8.2,175.125,147,18571.64327645302
2026-02-13T21:35:12,gaming,30.7,45.8,344384.9476290412,194632.39574712372,2404704.798185345,12239.856335460443,75.0,7953.33984375,147.994,60.0,1980.0,477.8,4376.50390625,89,1744.621339559555,98.8,39.46875,2,1755.0155453681946,13.8,115.26171875,37,18539.74759888649,12.2,4.79296875,422,1771007710.9650044,11.6,345.4296875,95,18541.07591342926
2026-02-13T21:35:14,gaming,27.0,45.8,345851.1652500059,82011.71081918929,0.0,18403.980438042352,61.0,7953.33984375,148.365,60.0,1980.0,426.1,4376.50390625,89,1746.3968150615692,100.0,39.46875,2,1756.7632133960724,20.1,345.4453125,95,18542.86384987831,16.1,115.265625,37,18541.4896132946,11.7,30.3515625,13,18573.038039684296
2026-02-13T21:35:16,gaming,29.5,45.8,340005.1317965154,104905.76834850949,36452.204248475224,14239.142284560634,69.0,7953.33984375,145.746,60.0,1980.0,463.5,4376.50390625,89,1748.164308309555,98.5,39.46875,2,1758.5562708377838,19.2,115.2734375,37,18543.278398275375,13.1,175.1484375,147,18576.993795633316,10.6,345.4453125,95,18544.626086950302
2026-02-13T21:35:17,gaming,26.6,45.8,341052.09600641107,106786.75855793295,0.0,9036.196789633266,74.0,7953.33984375,141.21,61.0,1980.0,486.8,4376.50390625,89,1749.8902280330658,100.0,39.46875,2,1760.3051362037659,12.6,30.390625,14,18576.553036928177,8.9,115.2734375,37,18545.027950525284,8.2,345.4375,95,18546.333770036697
2026-02-13T21:35:19,gaming,30.5,45.8,342154.904746778,137741.64109864403,0.0,94206.28244698874,61.0,7953.33984375,144.795,60.0,1980.0,504.9,4376.51171875,89,1751.6041860580444,100.2,39.46875,2,1762.0212354660034,18.0,345.17578125,95,18548.068583726883,14.6,4.79296875,422,1771007717.9824681,10.0,61.328125,36,18580.477213859558
2026-02-13T21:35:21,gaming,26.5,45.8,338641.578560879,130870.79294303828,75390.70607850424,84520.04939269811,60.0,7953.33984375,136.418,60.0,1980.0,458.7,4376.515625,89,1753.3616778850555,99.7,39.46875,2,1763.7613816261292,13.5,345.1640625,95,18549.801926851273,10.7,30.3515625,13,18580.026303052902,9.9,115.28515625,37,18548.486437559128
2026-02-13T21:35:23,gaming,26.8,45.8,344826.65067201393,76010.63321687742,0.0,22230.40956852422,75.0,7953.33984375,138.429,61.0,1980.0,419.7,4376.515625,89,1755.0970451831818,100.4,38.83203125,2,1765.489227771759,9.0,115.2890625,37,18550.214795827866,7.2,4.79296875,422,1771007721.450317,7.2,175.1328125,147,18583.928282022476
2026-02-13T21:35:24,gaming,24.8,45.8,342739.22629032505,106491.91689863527,186860.53885964715,16642.266742187323,54.0,7953.33984375,138.347,60.0,1980.0,448.1,4376.515625,89,1756.8517665863037,100.2,39.46875,2,1767.2512016296387,13.4,30.38671875,14,18583.51189684868,6.2,115.2890625,37,18551.98076081276,6.2,394.9453125,277,18580.536371707916
2026-02-13T21:35:26,gaming,27.6,45.8,342850.82484057435,102140.08111181963,313881.33417579706,789161.8771181263,75.0,7953.33984375,141.989,61.0,1980.0,470.3,4376.515625,89,1758.604645729065,100.0,39.59765625,2,1768.9863233566284,9.1,4.79296875,422,1771007724.9255803,8.1,61.21484375,36,18587.451137304306,7.2,115.2890625,37,18553.721683502197
2026-02-13T21:35:28,gaming,25.7,45.8,337741.66861197056,67664.86939435828,0.0,7538.011978557241,69.0,7953.33984375,141.949,60.0,1980.0,406.3,4376.515625,89,1760.3237736225128,99.4,39.6171875,3,1770.7306969165802,11.7,115.29296875,37,18555.455214500427,8.1,30.3515625,13,18586.992614507675,7.1,4.79296875,423,1771007726.690073
2026-02-13T21:35:30,gaming,25.0,45.8,346524.32635360566,73761.00096635587,37941.70572289452,115603.63462444424,77.0,7953.33984375,143.127,61.0,1980.0,407.6,4376.52734375,89,1762.0375258922577,100.5,39.6171875,3,1772.4555292129517,11.8,4.79296875,423,1771007728.4170465,8.1,115.29296875,37,18557.185930490494,5.4,61.21484375,36,18590.914542913437
2026-02-13T21:35:31,gaming,24.4,45.8,342360.2677515225,86238.1263323891,0.0,9949.669722503644,79.0,7953.33984375,145.265,61.0,1980.0,444.9,4376.52734375,89,1763.7365646362305,98.1,38.9765625,3,1774.160915851593,19.3,30.3515625,13,18590.402248859406,8.3,115.32421875,37,18558.87926006317,7.4,4.79296875,423,1771007730.1165788
2026-02-13T21:35:33,gaming,27.5,45.8,341560.6409085546,66623.19662056549,38379.271425529645,13792.550668549715,63.0,7953.33984375,142.325,60.0,1980.0,476.6,4376.52734375,89,1765.46097946167,98.6,39.48828125,3,1775.8733322620392,9.9,61.21484375,36,18594.337539434433,9.2,4.79296875,423,1771007731.8268716,6.4,175.14453125,147,18594.309903383255
2026-02-13T21:35:35,gaming,26.8,45.8,341496.3464415366,68666.49322371608,0.0,54622.25370904133,67.0,7953.33984375,139.8,61.0,1980.0,484.9,4376.52734375,89,1767.1979191303253,97.0,39.48828125,3,1777.5964827537537,9.0,30.3515625,13,18593.86229658127,8.2,115.34375,37,18562.32289457321,5.4,4.79296875,423,1771007733.557436
2026-02-13T21:35:37,gaming,28.5,45.8,344905.05354334245,108595.7098274383,0.0,89936.44602718308,66.0,7953.33984375,142.254,61.0,1980.0,554.9,4376.53125,89,1769.0064237117767,98.8,39.48828125,3,1779.3514354228973,12.5,115.34375,37,18564.07589364052,8.9,61.1328125,36,18597.811208486557,7.2,4.79296875,423,1771007735.3020184
2026-02-13T21:35:38,gaming,30.5,45.8,340339.6080873159,68637.47418244657,0.0,23044.37460974729,64.0,7953.33984375,147.887,61.0,1980.0,487.6,4376.53125,89,1770.7615871429443,97.3,39.48828125,3,1781.1504228115082,10.3,115.2890625,37,18565.89052081108,7.8,30.3515625,13,18597.429698228836,4.3,4.79296875,423,1771007737.1045618
2026-02-13T21:35:40,gaming,28.9,45.8,345863.0002016649,108677.5534335248,37328.77081022166,93905.18906946384,71.0,7953.33984375,145.577,61.0,1980.0,449.3,4376.53125,89,1772.4830474853516,100.0,39.48828125,3,1782.900473833084,9.0,115.2890625,37,18567.62471961975,8.1,61.1328125,36,18601.35456252098,5.4,30.3515625,13,18599.153995752335
2026-02-13T21:35:42,gaming,24.3,45.8,342086.1752587413,64556.56960951615,0.0,21527.111975066025,82.0,7953.33984375,146.688,61.0,1980.0,449.2,4376.53125,89,1774.2577855587006,100.6,39.48828125,3,1784.639979839325,9.7,345.4453125,95,18570.704268693924,8.1,115.2890625,37,18569.367444753647,7.9,30.38671875,14,18600.92559170723
2026-02-13T21:35:44,gaming,27.7,45.8,338504.81132306176,101282.55418995296,0.0,10831.037926335432,75.0,7953.33984375,149.321,61.0,1980.0,424.1,4376.53125,89,1775.9831376075745,98.7,39.48828125,3,1786.3820827007294,10.7,4.79296875,422,1771007742.3409588,9.9,115.29296875,37,18571.106851816177,6.3,61.2890625,36,18604.834649086
2026-02-13T21:35:45,gaming,25.6,45.8,344031.4113634678,67472.66171587589,224429.05968912976,21040.224345855913,69.0,7953.33984375,146.306,61.0,1980.0,586.2,4376.54296875,89,1777.8694989681244,98.1,39.4921875,3,1788.2295157909393,11.8,115.29296875,37,18572.9637029171,9.8,4.79296875,422,1771007744.095958,9.2,30.390625,14,18604.52073907852
2026-02-13T21:35:47,gaming,32.6,45.9,345185.3925662302,191656.48626192185,4357.316132540523,69717.05812064836,67.0,7953.33984375,146.481,61.0,1980.0,458.2,4376.54296875,89,1779.6760482788086,100.4,38.84765625,3,1790.0187442302704,13.3,4.79296875,422,1771007745.9724278,8.8,61.3203125,36,18608.48269891739,8.7,115.29296875,37,18574.750621318817
2026-02-13T21:35:49,gaming,25.8,45.9,332946.2421153506,136174.77600061303,0.0,27568.121814023558,63.0,7953.33984375,144.864,61.0,1980.0,455.0,4376.54296875,89,1781.4511530399323,98.9,39.4921875,3,1791.8198034763336,9.7,30.38671875,14,18608.096061229706,8.7,115.30859375,37,18576.550589323044,6.9,175.1015625,147,18610.255878686905
2026-02-13T21:35:51,gaming,29.0,45.9,341247.17297705624,71398.7988694589,0.0,12392.12250812001,63.0,7953.33984375,148.573,61.0,1980.0,436.4,4376.54296875,89,1783.2165086269379,100.1,39.4921875,3,1793.5994112491608,11.4,4.79296875,422,1771007749.5530715,8.8,115.1875,37,18578.325618982315,7.9,61.3203125,36,18612.061569690704
2026-02-13T21:35:53,gaming,22.7,45.9,343713.10910233815,99863.6825630621,110903.36427615987,94729.95698588656,70.0,7953.33984375,154.031,62.0,1980.0,438.6,4376.54296875,89,1784.9903178215027,98.7,38.84765625,3,1795.3724241256714,9.7,115.2265625,37,18580.09660768509,7.9,345.4375,95,18581.444113492966,3.5,4.79296875,422,1771007751.3255947
2026-02-13T21:35:54,gaming,30.6,45.9,339845.6395781045,174011.6587632651,36737.88744365413,22961.179652283834,73.0,7953.33984375,146.148,61.0,1980.0,502.1,4376.54296875,89,1786.8016645908356,100.0,39.4921875,3,1797.1540031433105,14.7,30.390625,14,18613.454834461212,12.3,175.109375,147,18615.59290289879,12.2,61.42578125,36,18615.62355184555
2026-02-13T21:35:56,gaming,26.0,45.9,333536.91788188624,225644.92661078204,0.0,49356.24390028052,65.0,7953.33984375,143.102,61.0,1980.0,543.6,4376.546875,89,1788.6594777107239,99.6,39.4921875,3,1798.9735052585602,8.7,175.14453125,147,18617.39890050888,8.6,115.2578125,37,18583.71116423607,5.0,345.4375,95,18585.12249994278
2026-02-13T21:35:58,gaming,31.3,45.9,340198.96930383507,153089.83159111117,316793.8112991063,34924.317738703554,72.0,7953.33984375,144.829,61.0,1980.0,441.1,4376.546875,89,1790.4347777366638,98.4,39.4921875,3,1800.8161103725433,11.4,30.3515625,13,18617.098241090775,11.1,115.2734375,37,18585.544208049774,10.2,61.42578125,36,18619.274265766144
2026-02-13T21:36:00,gaming,24.9,45.9,340761.24854106526,86753.52601081929,74696.88993674032,18382.437757869688,69.0,7953.33984375,143.585,60.0,1980.0,503.4,4376.546875,89,1792.1909956932068,100.1,38.84765625,3,1802.5801310539246,10.7,345.4453125,95,18588.634547948837,9.8,115.28125,37,18587.305388450623,6.2,175.11328125,147,18621.016867399216
2026-02-13T21:36:02,gaming,26.8,45.9,343679.3352669562,118876.8902332972,0.0,13977.955276440307,75.0,7953.33984375,146.049,61.0,1980.0,437.0,4376.546875,89,1793.9578273296356,99.8,39.4921875,3,1804.332804441452,15.0,30.3515625,13,18620.618856191635,12.4,115.296875,37,18589.069997787476,7.1,61.296875,36,18622.80056285858
2026-02-13T21:36:03,gaming,26.3,45.9,345529.5600878657,68196.40865177121,0.0,14716.167981050938,64.0,7953.33984375,144.231,61.0,1980.0,548.3,4376.546875,89,1795.7189943790436,99.5,39.49609375,3,1806.1071004867554,10.6,115.3515625,37,18590.837055921555,7.9,175.12109375,147,18624.541135072708,6.2,4.79296875,422,1771007762.0614395
2026-02-13T21:36:05,gaming,31.6,45.9,332328.0106344501,69211.71322300797,75604.57771600815,76785.89924282077,63.0,7953.33984375,148.146,61.0,1980.0,588.6,4376.546875,89,1797.4489514827728,99.5,39.49609375,3,1807.8338124752045,12.7,30.3515625,13,18624.11130785942,12.6,115.359375,37,18592.570792913437,10.8,175.10546875,147,18626.27155327797
2026-02-13T21:36:07,gaming,31.8,45.9,342924.1623865239,86748.1266703806,0.0,19914.98784172183,64.0,7953.33984375,148.296,61.0,1980.0,506.4,4376.546875,89,1799.198514699936,97.4,39.49609375,3,1809.6157462596893,11.5,4.79296875,422,1771007765.573045,11.4,175.1171875,147,18628.054921865463,7.9,115.34375,37,18594.338457107544
2026-02-13T21:36:09,gaming,30.0,45.8,344329.82046932273,92515.51095661073,0.0,9555.466727478017,82.0,7953.33984375,142.227,61.0,1980.0,476.4,4376.546875,89,1800.9837317466736,100.0,39.52734375,3,1811.3341920375824,11.4,30.3515625,13,18627.63818669319,10.9,175.140625,147,18629.76868081093,10.8,115.34765625,37,18596.070935726166
2026-02-13T21:36:10,gaming,26.6,45.9,353041.0085151225,134861.20763790613,0.0,65240.589795008855,77.0,7953.33984375,148.097,61.0,1980.0,456.1,4376.5546875,89,1802.777999639511,100.2,39.5234375,3,1813.1437358856201,11.3,115.34765625,37,18597.871726751328,7.8,4.79296875,422,1771007769.0896533,6.1,175.125,147,18631.57322359085
2026-02-13T21:36:12,gaming,27.8,45.9,342054.6736994805,105191.46901209641,73111.48467713858,26274.439805846676,83.0,7953.33984375,145.895,61.0,1980.0,444.4,4376.5546875,89,1804.6379163265228,99.2,39.52734375,3,1814.9238815307617,21.0,157.9609375,23,18524.822865962982,15.0,30.3515625,13,18631.28421974182,11.3,4.79296875,422,1771007770.8809488
2026-02-13T21:36:14,gaming,28.5,45.9,345907.145005547,102171.34236576539,8816.567772813074,171372.03608405415,82.0,7953.33984375,149.173,61.0,1980.0,484.0,4376.5546875,89,1806.4327199459076,100.0,39.52734375,3,1816.7991392612457,7.6,4.79296875,422,1771007772.741195,7.5,115.29296875,37,18601.529869794846,5.0,175.12109375,147,18635.230727910995
2026-02-13T21:36:16,gaming,28.5,45.9,335077.3541937779,63279.54700534823,0.0,72707.35679070138,80.0,7953.33984375,146.718,61.0,1980.0,470.1,4376.5546875,89,1808.2808151245117,99.2,38.88671875,3,1818.609959602356,11.1,115.29296875,37,18603.35883951187,10.3,4.79296875,422,1771007774.5638423,9.5,155.88671875,23,18528.461692094803
2026-02-13T21:36:18,gaming,28.3,45.9,346096.74778375524,175954.3100458849,72281.40498681857,262867.14079190657,65.0,7953.33984375,145.181,61.0,1980.0,525.7,4376.453125,85,1810.0165457725525,100.1,39.53125,3,1820.4195511341095,11.4,115.29296875,37,18605.146630048752,6.0,175.140625,147,18638.859182357788,5.2,4.79296875,422,1771007776.377305
2026-02-13T21:36:19,gaming,31.8,45.9,344665.33510014485,70044.75984111414,0.0,77947.4022812852,71.0,7953.33984375,147.502,61.0,1980.0,627.1,4376.4765625,86,1811.8276162147522,97.0,39.53125,3,1822.225597858429,17.2,115.29296875,37,18606.96056008339,12.1,30.390625,14,18638.49366736412,5.2,4.79296875,422,1771007778.1786118
2026-02-13T21:36:21,gaming,29.6,45.9,345555.2209219723,174834.23822816528,0.0,121245.80018173406,78.0,7953.33984375,153.256,62.0,1980.0,465.5,4376.4765625,86,1813.5909850597382,100.0,38.88671875,3,1823.9761083126068,13.4,4.79296875,422,1771007779.9265256,7.2,115.29296875,37,18608.702558517456,7.0,345.1640625,95,18610.054698705673
2026-02-13T21:36:23,gaming,28.8,45.9,336213.2062831571,156185.69027412133,295172.9274323891,62263.03938026958,68.0,7953.33984375,146.213,61.0,1980.0,488.1,4376.4765625,86,1815.3728051185608,100.2,38.8984375,3,1825.752197265625,15.6,30.3515625,13,18642.04375934601,13.2,175.1328125,147,18644.18651008606,12.2,61.28125,36,18644.224509239197
2026-02-13T21:36:25,gaming,27.9,45.9,341321.76828358177,193654.22555956585,0.0,103582.57115577914,65.0,7953.33984375,143.678,61.0,1980.0,490.7,4376.48046875,86,1817.1850757598877,98.5,39.54296875,3,1827.5292053222656,10.6,115.234375,37,18612.261165380478,4.4,4.79296875,422,1771007783.481326,2.6,345.4453125,95,18613.62826037407
2026-02-13T21:36:27,gaming,28.4,45.9,360241.72912982566,149633.63798125347,129577.99741387204,165098.28179267468,62.0,7953.33984375,145.825,61.0,1980.0,449.7,4376.54296875,86,1818.9362132549286,100.9,39.54296875,3,1829.325088262558,13.1,30.38671875,14,18645.601408958435,13.0,115.26953125,37,18614.059742212296,13.0,61.12109375,36,18647.791020154953
2026-02-13T21:36:28,gaming,25.0,45.9,341953.081053784,134439.76327571232,243596.05153250776,855806.8012374041,61.0,7953.33984375,148.366,61.0,1980.0,436.1,4376.54296875,86,1820.6739165782928,99.8,39.54296875,3,1831.0784468650818,8.1,115.2890625,37,18615.805737495422,6.3,4.79296875,422,1771007787.0337188,3.6,184.44140625,105,18622.10615348816
2026-02-13T21:36:30,gaming,27.4,45.9,344646.67569359194,83564.70846287176,0.0,38885.73899620544,54.0,7953.33984375,143.086,61.0,1980.0,429.7,4376.54296875,86,1822.4236702919006,98.4,39.54296875,3,1832.8254039287567,11.6,30.3515625,13,18649.084848165512,8.1,115.3359375,37,18617.54903793335,7.2,61.2890625,36,18651.276893138885
2026-02-13T21:36:32,gaming,22.9,45.9,338742.92839937995,100162.6850300025,84331.149629344,139966.28306536956,79.0,7953.33984375,147.249,61.0,1980.0,450.1,4376.54296875,86,1824.163073539734,99.4,39.54296875,3,1834.5701258182526,13.4,115.34375,37,18619.29362154007,10.7,4.79296875,422,1771007790.5290382,5.4,345.484375,95,18620.625553131104
2026-02-13T21:36:34,gaming,27.4,45.9,339875.2387941878,134981.87373033498,111126.76542053279,42251.32226926507,79.0,7953.33984375,148.017,62.0,1980.0,621.3,4376.54296875,86,1826.0289046764374,100.0,39.54296875,3,1836.352079629898,18.5,30.3515625,13,18652.683091640472,11.3,115.35546875,37,18621.09890151024,8.8,4.79296875,422,1771007792.3038132
2026-02-13T21:36:35,gaming,33.5,45.9,336270.56255911215,170745.2598173494,0.0,49456.70569973494,70.0,7953.33984375,146.211,62.0,1980.0,415.3,4376.54296875,86,1827.7704808712006,99.9,39.54296875,3,1838.181666135788,14.5,4.79296875,422,1771007794.1332123,11.2,115.36328125,37,18622.90616941452,4.5,345.4921875,95,18624.215287208557
2026-02-13T21:36:37,gaming,24.5,45.9,341211.0162833931,61150.573071291044,0.0,35019.36551095869,76.0,7953.33984375,147.324,62.0,1980.0,429.9,4376.5390625,86,1829.4682085514069,100.2,39.53515625,3,1839.8964354991913,13.7,115.3671875,37,18624.615406274796,13.0,30.3515625,13,18656.123819589615,6.5,345.44921875,95,18625.90813446045
2026-02-13T21:36:39,gaming,27.4,45.9,342912.1859553891,97208.45030649047,0.0,13875.22300575422,72.0,7953.33984375,141.949,61.0,1980.0,428.5,4376.5390625,86,1831.1928746700287,99.1,39.54296875,3,1841.599038362503,12.8,115.36328125,37,18626.319249153137,9.2,4.79296875,422,1771007797.5566165,8.1,345.44921875,95,18627.654566526413
2026-02-13T21:36:41,gaming,25.5,45.9,340915.7520847476,190455.95998154776,336346.9121257906,89926.08414474264,65.0,7953.33984375,143.963,61.0,1980.0,462.1,4376.55859375,86,1832.9572710990906,100.1,39.54296875,3,1843.3474419116974,9.8,115.36328125,37,18628.077685832977,8.0,30.390625,14,18659.615683317184,4.4,345.44921875,95,18629.4144654274
2026-02-13T21:36:42,gaming,25.2,45.9,337588.5053117787,221507.7127715872,0.0,9072.768606352984,53.0,7953.33984375,133.988,60.0,1980.0,547.7,4376.56640625,86,1834.695569038391,98.2,39.54296875,3,1845.0976841449738,13.4,115.36328125,37,18629.82405090332,8.0,4.79296875,422,1771007801.0578089,6.3,345.44921875,95,18631.138709306717
2026-02-13T21:36:44,gaming,29.4,45.9,329382.0471155319,115563.84974251429,37864.93308897997,40823.13098655653,61.0,7953.33984375,135.896,61.0,1980.0,461.2,4376.5703125,86,1836.4536089897156,98.5,39.54296875,3,1846.8270387649536,11.8,115.30859375,37,18631.55002474785,11.7,30.3515625,13,18663.092214107513,8.8,345.44921875,95,18632.90649485588
2026-02-13T21:36:46,gaming,29.4,45.9,348119.0768020563,96499.8584660197,0.0,146160.072260809,65.0,7953.33984375,144.042,61.0,1980.0,462.0,4376.57421875,86,1838.1889197826385,99.4,39.54296875,3,1848.587609052658,19.5,115.31640625,37,18633.317236185074,16.0,4.79296875,422,1771007804.5472858,6.2,50.04296875,53,18663.797380685806
2026-02-13T21:36:48,gaming,26.2,45.9,339644.23704935337,72401.5758922337,0.0,17019.752051800675,72.0,7953.33984375,142.394,61.0,1980.0,477.8,4376.57421875,86,1839.9543454647064,99.2,39.546875,3,1850.3341484069824,17.9,115.32421875,37,18635.063252925873,7.1,175.109375,147,18668.773252010345,5.4,4.79296875,422,1771007806.2939024
2026-02-13T21:36:49,gaming,28.7,45.9,342958.7536500708,84255.90530094414,0.0,15356.193179122838,68.0,7953.33984375,146.517,62.0,1980.0,486.1,4376.57421875,86,1841.726546049118,100.2,39.546875,3,1852.0964398384094,14.1,115.3359375,37,18636.831481456757,10.6,61.28125,36,18670.56379723549,8.8,4.79296875,422,1771007808.0553706
2026-02-13T21:36:51,gaming,27.2,45.9,334028.058358468,71662.34507136754,0.0,9212.36454805246,74.0,7953.33984375,153.545,62.0,1980.0,449.6,4376.57421875,86,1843.4631898403168,99.2,39.546875,3,1853.876142501831,13.3,115.3359375,37,18638.597351312637,8.8,4.79296875,422,1771007809.8373702,8.8,175.140625,147,18672.316223859787
2026-02-13T21:36:53,gaming,28.4,45.9,342606.8478146407,67387.42981047119,37838.02220825799,19214.620652631012,66.0,7953.33984375,145.728,61.0,1980.0,497.8,4376.57421875,86,1845.2493419647217,98.8,39.546875,3,1855.6163659095764,18.9,175.140625,147,18674.0531334877,13.3,115.3515625,37,18640.353943824768,13.2,30.390625,14,18671.911885261536
2026-02-13T21:36:55,gaming,27.7,45.9,341275.16337695165,129193.4383353549,36780.12334762151,32469.952642822114,65.0,7953.33984375,151.544,62.0,1980.0,477.4,4376.57421875,86,1847.0077278614044,98.1,39.546875,3,1857.3995480537415,10.5,175.1171875,147,18675.838045835495,7.1,345.16796875,95,18643.459187746048,6.2,115.3984375,37,18642.125374794006
2026-02-13T21:36:56,gaming,28.4,45.9,346092.63096867525,64019.41646551657,0.0,28922.74396417077,75.0,7953.33984375,154.951,62.0,1980.0,444.1,4376.56640625,86,1848.7413511276245,98.0,39.54296875,3,1859.1530554294586,15.1,115.390625,37,18643.880420446396,9.8,175.14453125,147,18677.590504407883,9.8,61.12109375,36,18677.612487077713
2026-02-13T21:36:58,gaming,25.3,45.9,340243.0860321791,53165.08219386773,0.0,25508.20937705408,73.0,7953.33984375,148.804,62.0,1980.0,408.1,4376.56640625,86,1850.4413268566132,100.0,39.54296875,3,1860.8717060089111,11.1,345.1640625,95,18646.88538312912,10.1,115.39453125,37,18645.59142589569,10.0,175.140625,147,18679.308901548386
2026-02-13T21:37:00,gaming,23.2,45.9,344762.2317894362,72167.44762522941,0.0,44750.17193867027,66.0,7953.33984375,149.241,61.0,1980.0,390.0,4376.57421875,86,1852.1609365940094,100.6,39.54296875,3,1862.5650734901428,13.8,115.3984375,37,18647.284603834152,8.2,30.390625,14,18678.818606615067,6.4,345.1640625,95,18648.6006667614
2026-02-13T21:37:02,gaming,24.8,45.9,347917.30916561687,112053.88450889316,0.0,10638.268103735945,69.0,7953.33984375,135.241,61.0,1980.0,524.9,4376.57421875,86,1853.9313914775848,98.0,39.54296875,3,1864.302953004837,13.4,115.40234375,37,18649.03692340851,8.8,345.1640625,95,18650.382323741913,7.2,4.79296875,422,1771007820.2569625
2026-02-13T21:37:03,gaming,30.7,45.9,341854.37407067255,118794.45964036966,73686.18339871531,60157.86066535742,66.0,7953.33984375,139.958,61.0,1980.0,576.3,4376.57421875,86,1855.690524339676,100.2,39.54296875,3,1866.0817213058472,13.2,115.40625,37,18650.805517673492,10.6,30.3515625,13,18682.359990358353,10.5,4.79296875,422,1771007822.0370896
2026-02-13T21:37:05,gaming,31.6,45.9,345465.7170522862,107327.65511053805,0.0,28016.510815439422,61.0,7953.33984375,139.062,61.0,1980.0,504.0,4376.57421875,86,1857.4455003738403,99.2,39.54296875,3,1867.8300428390503,12.4,345.1640625,95,18653.901068925858,11.6,115.40625,37,18652.555711746216,5.4,175.12890625,147,18686.267394065857
2026-02-13T21:37:07,gaming,28.6,45.9,341708.00444476726,139288.04631915333,0.0,9930.606143843439,70.0,7953.33984375,147.802,62.0,1980.0,411.9,4376.58203125,86,1859.2250320911407,99.8,39.54296875,3,1869.5992438793182,15.9,345.1640625,95,18655.6663210392,15.0,30.3515625,13,18685.8814098835,11.6,4.79296875,422,1771007825.5438185
2026-02-13T21:37:09,gaming,26.3,45.9,342309.70500266005,102041.08152398893,73913.53812641145,17323.485498377682,70.0,7953.33984375,147.158,61.0,1980.0,456.5,4376.58203125,86,1860.9632694721222,99.5,39.54296875,3,1871.3581893444061,18.8,345.44140625,95,18657.410302639008,10.6,4.79296875,422,1771007827.3166144,9.7,175.1328125,147,18689.79781270027
2026-02-13T21:37:10,gaming,27.2,45.9,339507.52295783727,152178.48588473912,0.0,40594.25875295756,67.0,7953.33984375,144.901,61.0,1980.0,563.6,4376.5859375,86,1862.717090845108,99.0,39.54296875,3,1873.1099982261658,13.3,30.390625,14,18689.383655786514,9.8,115.421875,37,18657.845005989075,8.9,61.28515625,36,18691.579731941223
2026-02-13T21:37:12,gaming,32.0,45.8,335105.03335031547,158962.31897689123,112211.91874697914,487420.52205719065,78.0,7953.33984375,144.695,62.0,1980.0,542.4,4376.74609375,86,1864.4534146785736,99.2,39.54296875,3,1874.8583569526672,15.3,345.44921875,95,18660.90709543228,12.5,4.79296875,422,1771007830.8142269,7.2,119.71484375,32,18684.115998268127
2026-02-13T21:37:14,gaming,30.7,45.8,342122.07353146706,99479.65504891681,1497719.6322691077,9653.271067359483,58.0,7953.33984375,137.941,60.0,1980.0,563.5,4377.125,86,1866.2061922550201,99.4,39.52734375,2,1876.6030442714691,14.3,115.2578125,37,18661.32881975174,11.6,30.390625,14,18692.880620241165,6.3,175.14453125,147,18695.038734912872
2026-02-13T21:37:16,gaming,30.5,45.9,342386.0544262328,72796.86654525569,172382.20560597623,66528.75747605645,63.0,7953.33984375,137.24,61.0,1980.0,410.5,4377.125,86,1868.0892970561981,99.5,39.53125,2,1878.502347946167,9.9,4.79296875,422,1771007834.4605374,9.8,345.44140625,95,18664.534878969193,7.4,115.2578125,37,18663.22311615944
2026-02-13T21:37:17,gaming,27.2,45.9,345400.14184674574,74717.93613352669,76580.56774024593,31110.855644474905,67.0,7953.33984375,143.472,61.0,1980.0,434.6,4377.125,86,1869.7823185920715,98.7,39.52734375,2,1880.2126400470734,11.0,30.3515625,13,18696.460931539536,9.1,115.26171875,37,18664.936661958694,6.4,4.79296875,422,1771007836.1721294
2026-02-13T21:37:19,gaming,24.6,45.9,339383.34688229335,66572.72050219646,0.0,64148.50378923132,72.0,7953.33984375,145.783,61.0,1980.0,455.6,4377.125,86,1871.4944956302643,99.3,38.890625,2,1881.9285507202148,10.0,4.79296875,422,1771007837.886543,8.2,345.44921875,95,18667.950001239777,6.4,115.26171875,37,18666.65905880928
2026-02-13T21:37:21,gaming,24.7,45.9,343177.9661036541,107389.61294493683,0.0,124418.72298792886,62.0,7953.33984375,143.731,61.0,1980.0,514.4,4377.125,86,1873.1923694610596,100.4,39.53125,2,1883.640107870102,9.2,115.32421875,37,18668.358007907867,7.4,30.390625,14,18699.871457338333,4.6,12.09765625,4,18688.808426380157
2026-02-13T21:37:23,gaming,27.5,45.9,342303.13469600014,65661.49843450788,115156.11154017864,28789.02788504466,65.0,7953.33984375,143.198,60.0,1980.0,447.3,4377.125,86,1874.9081161022186,99.9,39.52734375,2,1885.3456938266754,9.1,115.32421875,37,18670.07025718689,2.7,345.44921875,95,18671.38577747345,1.8,4.79296875,422,1771007841.3031197
2026-02-13T21:37:24,gaming,25.3,46.3,340915.9158277156,79222.07093065168,38063.20758134916,27655.299258324,69.0,7953.33984375,140.234,60.0,1980.0,456.8,4505.4375,86,1876.6975922584534,99.1,39.52734375,2,1887.0789346694946,14.1,30.3515625,13,18703.35482954979,6.3,61.06640625,33,18705.54061818123,6.1,395.81640625,276,18700.380656957626
2026-02-13T21:37:26,gaming,31.8,46.2,342193.17989739304,81155.80248044337,258864.33716335715,836686.5183315651,80.0,7953.33984375,145.73,61.0,1980.0,519.4,4505.61328125,86,1878.4138872623444,99.5,39.52734375,2,1888.838187456131,13.2,4.79296875,422,1771007844.7965193,5.3,115.3359375,37,18673.56374812126,5.3,61.07421875,33,18707.29652571678
2026-02-13T21:37:28,gaming,26.6,46.2,342551.2929761411,72421.18609805946,0.0,68365.46963355524,83.0,7953.33984375,148.958,61.0,1980.0,469.0,4505.671875,86,1880.1530458927155,100.7,39.54296875,3,1890.5605642795563,9.0,30.3515625,13,18706.824492931366,8.2,115.3515625,37,18675.285811424255,5.4,175.12890625,147,18708.99734210968
2026-02-13T21:37:29,gaming,30.5,46.2,339563.0162824361,73595.16217008147,37672.18792600473,214554.88279732378,76.0,7953.33984375,149.074,61.0,1980.0,441.7,4505.6640625,86,1881.8757722377777,99.3,39.54296875,3,1892.3068807125092,12.5,115.36328125,37,18677.02920436859,11.7,4.79296875,422,1771007848.2592897,8.1,61.06640625,33,18710.762264966965
2026-02-13T21:37:31,gaming,24.5,46.2,342880.00452928594,86036.17813557634,38712.706371434964,11190.39168549292,74.0,7953.33984375,146.513,61.0,1980.0,475.5,4505.671875,86,1883.5752816200256,100.3,38.90625,3,1893.989065170288,12.9,30.390625,13,18710.24804830551,7.4,115.359375,37,18678.719796657562,4.6,345.44921875,95,18680.02018547058
2026-02-13T21:37:33,gaming,30.4,46.2,345954.7019700562,53725.457193234324,38643.36504396475,8755.137392773264,69.0,7953.33984375,144.934,61.0,1980.0,480.4,4505.671875,86,1885.2465031147003,99.4,39.54296875,3,1895.686862230301,15.7,4.79296875,422,1771007851.6471393,8.3,115.36328125,37,18680.411114692688,8.3,61.07421875,33,18714.1429374218
2026-02-13T21:37:34,gaming,22.6,46.2,340643.4959900943,68537.12544339515,39143.934508600185,20183.591230996968,75.0,7953.33984375,147.371,62.0,1980.0,414.8,4505.671875,86,1886.911233663559,99.7,39.54296875,3,1897.3641154766083,6.5,4.79296875,422,1771007853.3214989,6.5,115.3671875,37,18682.092461824417,4.7,174.2421875,164,18693.805316209793
2026-02-13T21:37:36,gaming,27.4,46.2,340280.0186424169,62589.87435942149,77750.63036220874,33104.76058390919,71.0,7953.33984375,147.079,61.0,1980.0,468.0,4505.6953125,86,1888.653907775879,99.2,39.54296875,3,1899.0494894981384,13.9,4.79296875,422,1771007855.00862,10.2,175.12890625,147,18717.489482164383,10.2,115.37109375,37,18683.780178546906
2026-02-13T21:37:38,gaming,29.1,46.2,332775.2679097146,122600.15899350084,781663.9770209234,7851.535483469096,71.0,7953.33984375,144.189,61.0,1980.0,546.7,4505.72265625,86,1890.409039735794,100.1,39.54296875,3,1900.8131773471832,8.0,115.38671875,37,18685.53692293167,8.0,30.390625,14,18717.08957386017,7.1,175.140625,147,18719.245247125626
2026-02-13T21:37:40,gaming,30.1,46.2,343078.9777139866,137465.07251964448,0.0,50988.292658771825,69.0,7953.33984375,145.22,61.0,1980.0,561.8,4505.72265625,86,1892.220490694046,97.1,39.54296875,3,1902.5528304576874,11.7,115.359375,37,18687.27965760231,9.9,61.328125,33,18721.00979924202,9.0,4.79296875,422,1771007858.5081716
2026-02-13T21:37:42,gaming,28.7,46.2,339948.2077714743,126189.5506897966,36076.64862391763,28748.579372184362,64.0,7953.33984375,144.696,62.0,1980.0,450.3,4505.72265625,86,1893.9446535110474,96.7,39.54296875,3,1904.3627588748932,13.0,115.3515625,37,18689.088446378708,12.7,30.390625,14,18720.61922621727,6.3,396.05859375,276,18717.628235816956
2026-02-13T21:37:43,gaming,32.7,46.2,343970.3127066271,69206.89908515099,37776.676537492756,9149.038848924027,68.0,7953.33984375,146.505,61.0,1980.0,492.2,4505.72265625,86,1895.7295038700104,98.5,39.54296875,3,1906.1075716018677,19.8,4.79296875,422,1771007862.0577474,12.6,175.109375,147,18724.543976068497,10.7,61.3359375,33,18724.574729681015
2026-02-13T21:37:45,gaming,27.0,46.3,346045.3911055445,99925.40720268767,74046.94127584057,46857.83002611785,64.0,7953.33984375,145.592,61.0,1980.0,528.7,4505.72265625,86,1897.448026418686,100.2,39.54296875,3,1907.869644165039,11.5,4.79296875,422,1771007863.8268487,8.0,115.38671875,37,18692.59814929962,6.2,175.13671875,147,18726.305021762848
2026-02-13T21:37:47,gaming,26.4,46.2,341870.32768148155,131290.5299366154,0.0,22801.238528113732,63.0,7953.33984375,143.112,61.0,1980.0,452.2,4505.72265625,86,1899.139126777649,100.0,38.90625,3,1909.5724022388458,13.0,30.3515625,13,18725.817739248276,11.9,4.79296875,422,1771007865.532873,10.1,61.06640625,33,18728.027371883392
2026-02-13T21:37:48,gaming,27.2,46.2,337556.4142524053,77745.39889681785,0.0,23760.433815233235,73.0,7953.33984375,148.516,62.0,1980.0,521.9,4505.72265625,86,1900.8865151405334,100.3,39.54296875,3,1911.2863419055939,11.0,4.79296875,422,1771007867.2368362,9.1,115.33203125,37,18696.00897216797,6.4,175.109375,147,18729.721352815628
2026-02-13T21:37:50,gaming,29.3,46.2,342628.43070068065,143793.45334640334,74464.33502704324,31705.517648233254,79.0,7953.33984375,150.952,62.0,1980.0,441.9,4505.72265625,86,1902.6488959789276,98.7,39.54296875,3,1913.043773651123,17.7,4.79296875,422,1771007868.995519,10.6,30.390625,13,18729.321847200394,9.7,115.796875,37,18697.77624964714
2026-02-13T21:37:52,gaming,24.8,46.2,341584.01238002174,89126.50437577684,0.0,9027.369466138682,75.0,7953.33984375,146.622,61.0,1980.0,439.6,4505.796875,86,1904.3927490711212,99.9,39.54296875,3,1914.7952179908752,8.0,175.1171875,147,18733.23196744919,8.0,115.375,37,18699.52482032776,5.3,4.79296875,422,1771007870.7540286
2026-02-13T21:37:54,gaming,27.4,46.2,344620.05000421515,80811.90888241427,47099.45911698808,57108.094179348045,78.0,7953.33984375,151.119,62.0,1980.0,441.9,4505.796875,86,1906.1539187431335,98.8,39.66796875,3,1916.535475730896,15.3,4.79296875,422,1771007872.493122,13.4,30.38671875,14,18732.819653987885,11.6,115.2109375,37,18701.27463197708
2026-02-13T21:37:56,gaming,25.1,46.2,339765.25945278426,95053.23519231168,184764.4940164832,97867.44292435594,75.0,7953.33984375,153.773,62.0,1980.0,488.0,4505.796875,86,1907.9224581718445,99.0,39.66796875,3,1918.31849360466,12.3,175.1484375,147,18736.754541635513,11.5,30.3515625,13,18734.588976860046,9.7,115.26953125,37,18703.046413898468
2026-02-13T21:37:57,gaming,29.5,46.2,346941.46172285645,84542.33824650644,36903.89768756816,10090.90952394442,77.0,7953.33984375,153.404,63.0,1980.0,506.0,4505.8046875,86,1909.6671967506409,99.9,39.6640625,3,1920.085057258606,12.4,115.328125,37,18704.80933690071,9.8,61.06640625,33,18738.537925481796,9.7,175.14453125,147,18738.52443909645
2026-02-13T21:37:59,gaming,26.6,46.2,386789.6351674882,59163.10763281136,0.0,43204.57998189317,69.0,7953.33984375,148.917,62.0,1980.0,399.8,4505.8046875,86,1911.354663848877,99.3,39.6640625,3,1921.7857072353363,15.6,115.43359375,37,18706.508368492126,9.2,175.1171875,147,18740.224657297134,7.3,4.79296875,398,1771007877.7485254
2026-02-13T21:38:01,gaming,27.9,46.3,342093.65435496176,80501.61491220912,0.0,183877.50390942965,66.0,7953.33984375,144.674,61.0,1980.0,562.9,4505.8046875,86,1913.1281831264496,99.0,39.6640625,3,1923.520495891571,11.8,4.79296875,398,1771007879.4746213,9.9,115.4375,37,18708.24087190628,8.1,175.10546875,147,18741.9567964077
2026-02-13T21:38:02,gaming,28.2,46.2,340869.09049559664,169867.42300963652,37148.3488257597,15091.516710464879,64.0,7953.33984375,141.193,61.0,1980.0,476.8,4505.8046875,86,1914.8748667240143,99.8,39.6640625,3,1925.289065361023,13.2,115.56640625,37,18710.01440024376,7.2,345.4375,95,18711.323002576828,6.2,175.140625,147,18743.727172136307
2026-02-13T21:38:04,gaming,30.1,46.2,343942.7787198099,171416.92632966852,0.0,67542.52609783065,62.0,7953.33984375,143.115,61.0,1980.0,445.0,4505.8046875,86,1916.586583852768,97.9,39.6640625,3,1927.0117964744568,12.8,30.38671875,14,18743.26099729538,10.9,61.06640625,33,18745.47008371353,10.0,175.109375,147,18745.44906783104
2026-02-13T21:38:06,gaming,22.5,46.2,342246.34742791,127370.61307126694,38463.376807951994,15325.251696918373,81.0,7953.33984375,152.815,62.0,1980.0,442.1,4505.8046875,86,1918.2927553653717,100.6,39.6640625,3,1928.720707654953,15.6,115.58203125,37,18713.442071676254,6.4,175.109375,147,18747.159768104553,2.8,30.3515625,13,18744.96382546425
2026-02-13T21:38:08,gaming,27.5,46.2,337097.7717430515,132750.8769683905,0.0,26507.477692163775,82.0,7953.33984375,161.324,63.0,1980.0,567.6,4505.8046875,86,1920.0576484203339,99.9,39.6640625,3,1930.440076828003,12.7,115.58203125,37,18715.16742873192,9.1,4.79296875,398,1771007886.3935022,8.9,30.38671875,14,18746.721532583237
2026-02-13T21:38:09,gaming,27.1,46.2,340063.1894013443,99890.31393106292,0.0,10035.062763595552,68.0,7953.33984375,146.198,61.0,1980.0,440.7,4505.8046875,86,1921.8365807533264,98.9,39.6640625,3,1932.2246239185333,17.5,175.14453125,147,18750.661660671234,7.9,115.58984375,37,18716.957733154297,6.2,30.3515625,14,18748.485246658325
2026-02-13T21:38:11,gaming,29.6,46.2,341884.1698324819,148923.34512870782,36845.575802159416,43178.409143155564,71.0,7953.33984375,145.821,61.0,1980.0,537.3,4505.8046875,86,1923.5959572792053,98.4,39.5390625,3,1934.0029878616333,14.1,115.59765625,37,18718.728099822998,10.6,61.06640625,33,18752.459191083908,9.6,30.3515625,13,18750.26721215248
2026-02-13T21:38:13,gaming,29.1,46.2,341443.6239894767,149971.53229816645,36442.065311444945,19929.254467196457,81.0,7953.33984375,154.846,62.0,1980.0,481.3,4505.8046875,86,1925.3682913780212,98.4,38.90625,3,1935.7962653636932,9.6,115.59765625,37,18720.520653247833,5.2,4.79296875,398,1771007891.7566712,3.5,175.09765625,147,18754.23671412468
2026-02-13T21:38:15,gaming,25.5,46.2,343653.4939330334,93034.95152306449,0.0,14499.505159685667,85.0,7953.33984375,154.919,62.0,1980.0,409.5,4505.8046875,86,1927.1128685474396,100.0,39.5390625,3,1937.498901605606,13.7,115.60546875,37,18722.23197722435,12.6,30.390625,13,18753.779564857483,10.0,61.234375,33,18755.963371515274
2026-02-13T21:38:16,gaming,25.1,46.2,340456.18236596754,166838.0928694477,37282.58591641221,10194.457086518963,80.0,7953.33984375,153.809,62.0,1980.0,517.2,4505.8046875,86,1928.852770805359,98.9,39.5390625,3,1939.2529082298279,7.2,115.609375,37,18723.97650527954,5.3,4.79296875,398,1771007895.2095199,4.5,345.4296875,95,18725.310024023056
2026-02-13T21:38:18,gaming,25.3,46.2,345873.0224386457,96997.06253962318,0.0,38630.775654426434,80.0,7953.33984375,156.552,62.0,1980.0,496.4,4505.8046875,86,1930.6024503707886,100.0,38.90625,3,1941.0037882328033,12.5,30.390625,14,18757.27761411667,10.7,115.609375,37,18725.732135295868,5.3,61.2421875,33,18759.46217775345
2026-02-13T21:38:20,gaming,30.8,46.2,341274.89355135,56581.424409840954,0.0,83092.18803044001,77.0,7953.33984375,151.406,62.0,1980.0,434.9,4505.8046875,86,1932.298804283142,100.3,39.5390625,3,1942.7170810699463,12.8,115.4375,37,18727.443425178528,9.1,175.10546875,147,18761.157835245132,7.3,4.79296875,398,1771007898.6787815
2026-02-13T21:38:22,gaming,24.3,46.2,344079.00905942125,71672.51585991165,2409.0218110681512,1143683.1048046048,79.0,7953.33984375,152.161,62.0,1980.0,507.1,4505.8046875,86,1933.9805743694305,100.0,39.5390625,3,1944.4201049804688,13.9,30.390625,14,18760.667640447617,11.9,115.4375,37,18729.149571180344,4.6,345.4453125,95,18730.422748804092
2026-02-13T21:38:23,gaming,28.6,46.2,342183.29100460425,62885.81852378737,0.0,11185.999494034064,81.0,7953.33984375,154.358,63.0,1980.0,438.9,4505.8046875,86,1935.682184457779,98.5,39.5390625,3,1946.1179342269897,12.9,115.4375,37,18730.840981960297,12.0,4.79296875,398,1771007902.071091,10.2,61.07421875,33,18764.56755709648
2026-02-13T21:38:25,gaming,26.9,46.2,340380.0171302547,78587.37082110724,0.0,67749.25441776526,82.0,7953.33984375,153.391,63.0,1980.0,464.1,4505.8046875,86,1937.385544538498,99.5,39.5390625,3,1947.814125776291,16.6,30.38671875,14,18764.055362462997,10.1,115.4453125,37,18732.534596920013,9.2,61.07421875,33,18766.263733148575
2026-02-13T21:38:27,gaming,30.3,46.2,337176.13321712665,96155.12041576003,125459.57172537435,680075.3226940364,78.0,7953.33984375,153.483,63.0,1980.0,453.3,4505.8046875,86,1939.1124649047852,99.5,39.53515625,3,1949.5086662769318,15.7,115.4453125,37,18734.231449604034,9.2,4.79296875,398,1771007905.4710875,5.4,345.4765625,95,18735.565281152725
2026-02-13T21:38:28,gaming,24.2,46.2,334785.04810950364,76647.56522946326,0.0,9721.626145670145,78.0,7953.33984375,148.17,62.0,1980.0,496.7,4505.8046875,86,1940.8635861873627,99.8,39.5390625,3,1951.2471325397491,12.5,30.38671875,14,18767.526880025864,9.9,115.4609375,37,18735.974050045013,5.4,396.44140625,277,18764.543417453766
2026-02-13T21:38:30,gaming,28.8,46.2,342329.18425578135,121631.93742672613,0.0,67785.68442146464,82.0,7953.33984375,151.692,62.0,1980.0,471.4,4505.8125,86,1942.586644411087,100.4,39.53515625,3,1953.0054969787598,17.8,175.1484375,147,18771.443686962128,17.8,115.45703125,37,18737.729337453842,8.0,4.79296875,398,1771007908.9675763
2026-02-13T21:38:32,gaming,27.1,46.2,344919.4064136935,159165.59397385246,0.0,5312.225407734099,83.0,7953.33984375,148.146,62.0,1980.0,473.9,4505.7578125,84,1944.343206167221,100.3,39.5390625,3,1954.7520070075989,11.6,115.45703125,37,18739.480808496475,10.8,175.125,147,18773.18412566185,10.7,30.390625,14,18771.019285440445
2026-02-13T21:38:34,gaming,29.0,46.2,341762.4115235767,199526.67544942704,0.0,109868.93779960557,83.0,7953.33984375,160.548,63.0,1980.0,524.4,4570.0,84,1946.1008429527283,100.1,38.91015625,3,1956.5002181529999,10.8,115.46875,37,18741.222553014755,9.8,175.12890625,147,18774.938635110855,8.9,4.79296875,398,1771007912.4571137
2026-02-13T21:38:35,gaming,29.2,46.6,328753.6249861227,123145.35898253336,0.0,24429.706626652496,82.0,7953.33984375,156.868,63.0,1980.0,492.7,4634.19140625,84,1947.8570673465729,99.8,39.5390625,3,1958.2376732826233,11.6,115.46875,37,18742.968998670578,9.0,175.14453125,147,18776.670293807983,8.9,30.3515625,13,18774.52000761032
2026-02-13T21:38:37,gaming,26.4,46.6,338419.49864130677,113341.70894828958,188442.7828593092,13249.883169795177,78.0,7953.33984375,150.995,63.0,1980.0,378.5,4634.19140625,84,1949.5182847976685,98.1,38.91015625,3,1959.9733753204346,13.6,115.47265625,37,18744.695712804794,13.5,175.12109375,147,18778.410043478012,7.2,4.79296875,398,1771007915.931957
2026-02-13T21:38:39,gaming,20.9,46.6,330306.9186814813,70103.48705571199,0.0,37235.640509911085,78.0,7953.33984375,147.543,62.0,1980.0,445.3,4634.19140625,84,1951.1808557510376,100.4,39.5390625,3,1961.6231722831726,16.1,115.47265625,37,18746.34477329254,13.2,30.3515625,13,18777.86077594757,8.5,345.1640625,95,18747.610240221024
2026-02-13T21:38:40,gaming,30.1,46.6,342313.33594236366,59890.78386447426,0.0,14021.349319841926,75.0,7953.33984375,146.709,61.0,1980.0,548.6,4634.20703125,84,1952.872525691986,99.6,38.91015625,3,1963.301577091217,14.9,115.47265625,37,18748.0188536644,14.6,345.1640625,95,18749.321543693542,14.0,4.79296875,398,1771007919.262305
2026-02-13T21:38:42,gaming,28.3,46.6,343432.6187819446,110755.42634127836,154257.42883378267,9641.089302111417,75.0,7953.33984375,144.141,61.0,1980.0,373.6,4634.20703125,84,1954.5925056934357,97.3,39.5390625,3,1965.00461935997,11.0,175.10546875,147,18783.441990613937,10.0,115.4765625,37,18749.737692832947,8.1,345.1640625,95,18751.046993017197
2026-02-13T21:38:44,gaming,26.2,46.6,342635.3732894405,229903.12271809668,0.0,19981.952037117073,75.0,7953.33984375,143.764,62.0,1980.0,535.0,4634.20703125,84,1956.289095878601,98.1,38.91015625,3,1966.7237074375153,13.7,115.47265625,37,18751.450250148773,10.9,4.79296875,398,1771007922.6805398,9.3,345.1640625,95,18752.73205256462
2026-02-13T21:38:46,gaming,29.2,46.6,340294.91849427536,88364.07901492024,38627.19887355215,31082.8240935615,76.0,7953.33984375,145.203,62.0,1980.0,465.7,4634.20703125,84,1957.9799439907074,99.6,39.5390625,3,1968.419512271881,10.1,115.47265625,37,18753.145583868027,9.2,4.79296875,398,1771007924.3754568,9.2,30.390625,14,18784.665287733078
2026-02-13T21:38:47,gaming,27.3,46.6,342541.27220390737,70871.598155917,110259.06489161198,17151.410094250754,77.0,7953.33984375,142.376,62.0,1980.0,456.1,4634.20703125,84,1959.6444041728973,100.4,39.5390625,3,1970.0841610431671,13.1,115.484375,37,18754.81352996826,11.3,345.4921875,95,18756.08155822754,10.3,4.79296875,398,1771007926.046446
2026-02-13T21:38:49,gaming,25.7,46.6,347101.45671530353,54435.37929760059,39406.57260187289,24629.107876170554,72.0,7953.33984375,144.03,61.0,1980.0,495.2,4634.20703125,84,1961.3004214763641,98.8,39.5390625,3,1971.7433788776398,14.2,115.453125,37,18756.465748548508,10.4,345.48046875,95,18757.740291833878,6.6,175.109375,147,18790.18317937851
2026-02-13T21:38:51,gaming,35.0,46.2,335817.2808742629,111737.17834070278,0.0,45438.68197558361,62.0,7953.33984375,139.211,62.0,1980.0,484.4,4506.20703125,84,1963.0004229545593,99.7,39.5390625,3,1973.4369513988495,18.4,30.390625,14,18789.678670167923,14.9,4.79296875,398,1771007929.389525,12.9,115.45703125,37,18758.162665367126
2026-02-13T21:38:52,gaming,27.1,46.2,336297.80183491047,120678.6114743978,77468.83614052438,8473.153952869854,64.0,7953.33984375,142.807,61.0,1980.0,505.6,4506.20703125,84,1964.6664233207703,99.1,39.5390625,3,1975.1225891113281,13.9,115.43359375,37,18759.845161914825,6.6,345.4921875,95,18761.10069179535,5.5,175.1328125,147,18793.562705755234
2026-02-13T21:38:54,gaming,25.3,46.2,343083.8839064164,157279.6937796173,39639.130462445144,33135.83562095024,62.0,7953.33984375,142.485,62.0,1980.0,420.0,4506.20703125,84,1966.328819990158,100.4,39.5390625,3,1976.7724087238312,16.0,345.44921875,95,18762.7561814785,13.2,115.44140625,37,18761.498747587204,8.4,30.3515625,13,18793.014184713364
2026-02-13T21:38:56,gaming,27.3,46.2,338768.1781127838,108459.66655467635,158610.54703196572,125463.42099208225,74.0,7953.33984375,146.285,62.0,1980.0,494.2,4506.20703125,84,1967.9933342933655,98.3,39.5390625,3,1978.425237417221,11.3,4.79296875,398,1771007934.387319,10.1,345.44921875,95,18764.45618748665,9.5,115.44140625,37,18763.150316476822
2026-02-13T21:38:57,gaming,26.7,46.2,343221.1116224745,120193.08782952031,0.0,9496.325636902626,78.0,7953.33984375,150.078,62.0,1980.0,424.5,4506.20703125,84,1969.7486929893494,99.4,39.5390625,3,1980.1551899909973,11.6,345.44921875,95,18766.20353412628,9.9,175.12109375,147,18798.592599630356,9.8,30.3515625,13,18796.416277885437
2026-02-13T21:38:59,gaming,28.6,46.2,342475.97172277817,233341.88704000958,75513.771710306,7669.367439327953,70.0,7953.33984375,147.694,61.0,1980.0,531.5,4506.20703125,84,1971.517851114273,100.0,38.91015625,3,1981.8885078430176,14.4,4.79296875,398,1771007937.848324,11.5,345.44921875,95,18767.97118449211,9.9,115.44921875,37,18766.61784863472
2026-02-13T21:39:01,gaming,28.7,46.2,340377.3014476715,159984.6384951888,0.0,27302.97995998896,72.0,7953.33984375,150.037,62.0,1980.0,433.6,4506.20703125,84,1973.2186889648438,98.9,39.5390625,3,1983.6586270332336,11.5,4.79296875,398,1771007939.6136694,10.0,30.38671875,14,18799.907606363297,9.7,115.46484375,37,18768.3840777874
2026-02-13T21:39:02,gaming,27.1,46.2,338262.1556646234,216695.44301996264,77299.94450042196,14795.692502033891,68.0,7953.33984375,148.246,62.0,1980.0,493.9,4506.20703125,84,1974.9172494411469,100.0,38.91015625,3,1985.3464748859406,8.3,4.79296875,398,1771007941.3066235,7.4,345.44140625,95,18771.353616952896,6.5,115.48046875,37,18770.069672822952
2026-02-13T21:39:04,gaming,27.9,46.2,342370.39492462017,252259.436573735,39052.451834966334,17390.544957758444,59.0,7953.33984375,144.297,61.0,1980.0,525.7,4506.20703125,84,1976.59223985672,99.6,39.53125,3,1987.0254876613617,13.0,345.44921875,95,18773.036197900772,8.3,115.5,37,18771.759908676147,6.5,396.73046875,277,18800.27612233162
2026-02-13T21:39:06,gaming,30.2,46.2,341312.487557872,55535.150289940604,77845.54331550682,38922.77165775341,63.0,7953.33984375,142.925,62.0,1980.0,465.1,4506.20703125,84,1978.2618901729584,99.2,39.53125,3,1988.711792230606,17.8,115.5078125,37,18773.429251909256,11.2,61.06640625,33,18807.16016483307,10.3,345.44921875,95,18774.699652910233
2026-02-13T21:39:08,gaming,27.5,46.2,345283.4791248023,125752.47737288768,0.0,65309.722943913315,70.0,7953.33984375,147.025,62.0,1980.0,492.4,4506.20703125,84,1979.9105677604675,98.9,39.53125,3,1990.3699066638947,12.2,175.10546875,147,18808.811906337738,10.4,115.515625,37,18775.088438987732,6.6,345.44921875,95,18776.345994710922
2026-02-13T21:39:09,gaming,31.7,46.2,343024.50462258485,57695.29094186511,38646.72813391598,11775.174978302526,68.0,7953.33984375,148.057,62.0,1980.0,562.9,4506.21484375,84,1981.6119713783264,98.6,39.53125,3,1992.0648958683014,13.8,4.79296875,398,1771007948.0331595,10.1,345.44140625,95,18778.052957057953,9.2,175.125,147,18810.508022785187
2026-02-13T21:39:11,gaming,28.4,46.2,332788.92641719774,80066.43380507495,79604.25395537373,28918.732882225613,44.0,7953.33984375,144.966,61.0,1980.0,396.7,4506.21875,84,1983.270297050476,99.3,39.53125,3,1993.7163286209106,9.5,115.51953125,37,18778.440689325333,6.6,345.44140625,95,18779.714509248734,4.7,4.79296875,398,1771007949.679605
2026-02-13T21:39:13,gaming,28.5,46.2,341431.3434120972,44960.6793811123,96902.22033860064,16771.538135527037,67.0,7953.33984375,139.982,61.0,1980.0,616.2,4506.33203125,85,1985.0020682811737,99.3,39.53125,3,1995.371882200241,14.5,30.38671875,14,18811.679949760437,9.5,61.06640625,33,18813.822129249573,7.6,115.51953125,37,18780.09209728241
2026-02-13T21:39:14,gaming,31.2,46.2,346983.80498163385,80287.46084029811,37187.92164555642,20627.675287769576,51.0,7953.33984375,152.289,61.0,1980.0,451.5,4506.78515625,85,1986.6463091373444,98.7,39.52734375,3,1997.125694513321,7.1,115.52734375,37,18781.84103155136,5.3,175.11328125,147,18815.563408136368,3.8,345.44140625,95,18783.07866168022
2026-02-13T21:39:16,gaming,25.1,46.2,338281.910035336,69944.09095743035,121464.18614987827,15183.023268734783,75.0,7953.33984375,150.463,63.0,1980.0,461.3,4506.80859375,85,1988.3330192565918,99.1,38.90234375,3,1998.749005317688,10.2,345.44140625,95,18784.76658463478,8.6,61.06640625,33,18817.202971696854,7.7,4.79296875,398,1771007954.710121
2026-02-13T21:39:18,gaming,27.9,46.2,343263.94980001677,71836.68405115932,115793.38688013192,16886.535586685906,64.0,7953.33984375,145.896,61.0,1980.0,458.9,4506.828125,85,1990.0080120563507,99.4,39.53125,3,2000.44668507576,8.2,115.5234375,37,18785.176895856857,6.5,345.16796875,95,18786.443860769272,6.5,126.06640625,43,18792.65938425064
2026-02-13T21:39:19,gaming,29.1,46.2,341718.4682841275,54418.37123648056,39233.4779304297,52719.98596901491,75.0,7953.33984375,143.044,62.0,1980.0,551.1,4506.828125,85,1991.7749710083008,100.5,39.53125,3,2002.1258022785187,17.1,30.3515625,13,18818.434697151184,14.9,61.10546875,33,18820.58578824997,7.5,115.51953125,37,18786.848906993866
2026-02-13T21:39:21,gaming,30.5,46.2,345411.15973869007,71311.41362075621,0.0,78455.42657625451,70.0,7953.33984375,156.455,63.0,1980.0,455.0,4506.828125,85,1993.499771118164,99.5,39.6484375,3,2003.9161682128906,10.5,175.125,147,18822.35143685341,9.6,115.4296875,37,18788.636590003967,7.8,4.79296875,398,1771007959.8729513
2026-02-13T21:39:23,gaming,27.3,46.2,337748.21942763065,43623.79068856471,38717.88660029492,44767.556381591006,70.0,7953.33984375,151.72,62.0,1980.0,464.3,4506.828125,85,1995.154491186142,99.4,39.6484375,3,2005.597486257553,13.2,30.3515625,13,18821.824932575226,12.9,4.79296875,398,1771007961.5646799,9.3,61.2265625,33,18824.04455590248
2026-02-13T21:39:24,gaming,27.3,46.2,343569.66057878727,81495.99190391398,0.0,9016.497894175109,70.0,7953.33984375,152.026,62.0,1980.0,467.0,4506.828125,85,1996.8613317012787,100.1,39.6484375,3,2007.3156201839447,6.4,175.12109375,147,18825.754462480545,4.6,4.79296875,398,1771007963.27458,4.6,115.4296875,37,18792.032903671265
2026-02-13T21:39:26,gaming,23.8,46.2,345191.2124511322,35438.24408037913,119538.86511606871,43270.57877899362,65.0,7953.33984375,146.895,62.0,1980.0,451.3,4506.828125,85,1998.5266580581665,99.4,39.6484375,3,2008.9512355327606,13.2,30.390625,13,18825.20182967186,5.7,175.10546875,147,18827.39187526703,5.7,61.2265625,33,18827.404996156693
2026-02-13T21:39:28,gaming,28.3,46.2,343564.0348926789,46936.966740552634,0.0,9121.815490850859,78.0,7953.33984375,144.525,62.0,1980.0,449.2,4506.8359375,85,2000.1577427387238,99.5,39.6328125,2,2010.631728887558,11.1,4.79296875,398,1771007966.5989664,10.2,115.44140625,37,18795.34885120392,6.5,175.12890625,147,18829.072830200195
2026-02-13T21:39:29,gaming,27.4,46.2,337981.90346793114,78826.55873775418,106133.60376280292,17057.186319021897,72.0,7953.33984375,140.106,62.0,1980.0,574.4,4506.8359375,85,2001.8499701023102,98.0,39.6328125,2,2012.2572841644287,11.5,115.44140625,37,18796.981538295746,4.8,4.79296875,398,1771007968.2165904,1.8,345.16796875,95,18798.29147863388
2026-02-13T21:39:31,gaming,29.9,46.2,329809.39718610176,73040.08210764821,38317.94896821083,37719.23101558254,71.0,7953.33984375,150.859,62.0,1980.0,422.4,4506.8359375,85,2003.4879343509674,98.0,39.00390625,2,2013.9649188518524,11.1,115.29296875,37,18798.67788362503,10.1,175.1015625,147,18832.40635895729,7.6,30.390625,14,18830.178838014603
2026-02-13T21:39:33,gaming,25.5,46.2,324498.50004679913,55232.663084349864,80526.07968445536,20446.074919881245,70.0,7953.33984375,149.518,62.0,1980.0,460.4,4506.8359375,85,2005.1338543891907,97.8,39.62890625,2,2015.5934073925018,9.6,115.390625,37,18800.313490867615,5.8,175.109375,147,18834.035207271576,3.8,4.79296875,398,1771007971.5553987
2026-02-13T21:39:34,gaming,27.2,46.2,342931.2778435848,117522.9392413197,79813.71246606592,33983.18226094213,73.0,7953.33984375,145.961,62.0,1980.0,458.9,4506.8359375,85,2006.7484636306763,99.0,39.51171875,2,2017.2353732585907,17.4,30.390625,14,18833.44218802452,13.3,4.79296875,398,1771007973.2011065,12.4,115.3984375,37,18801.95011138916
2026-02-13T21:39:36,gaming,26.1,46.2,339905.1213171639,75449.80553026515,122999.91182314034,12492.17854453769,69.0,7953.33984375,147.501,62.0,1980.0,494.6,4506.8359375,85,2008.3844094276428,98.3,39.51171875,2,2018.8420028686523,6.8,115.41796875,37,18803.564942598343,1.9,228.71484375,36,18802.364950418472,1.0,4.79296875,398,1771007974.8006659
2026-02-13T21:39:38,gaming,26.7,46.2,350617.51232363173,67923.87773777128,39755.82076826452,39445.22841851246,67.0,7953.33984375,146.209,61.0,1980.0,505.9,4506.8359375,85,2010.037467956543,100.8,39.51171875,2,2020.4847309589386,11.3,30.3515625,13,18836.729199409485,9.5,115.42578125,37,18805.208141326904,3.8,173.8125,165,18816.917817354202
2026-02-13T21:39:39,gaming,27.9,46.2,327988.0447808045,49112.105380102075,39835.77284045657,62554.61203852946,66.0,7953.33984375,147.481,61.0,1980.0,392.7,4506.8359375,85,2011.652230501175,98.6,39.51171875,2,2022.1322898864746,9.5,175.10546875,147,18840.56801199913,8.5,4.79296875,398,1771007978.089633,6.7,115.46875,37,18806.849665164948
2026-02-13T21:39:41,gaming,24.0,46.2,344774.2004976401,41278.69251207475,80540.67292291501,23595.900270385257,71.0,7953.33984375,147.163,62.0,1980.0,451.6,4506.8359375,85,2013.2958517074585,99.0,39.51171875,2,2023.7568500041962,12.5,30.38671875,14,18839.96580004692,9.6,115.48046875,37,18808.470619678497,5.7,345.44140625,95,18809.719336748123
2026-02-13T21:39:42,gaming,26.8,46.2,345459.71903617174,45487.26914801556,40140.22124369628,11916.628181722333,68.0,7953.33984375,146.778,62.0,1980.0,394.9,4506.8359375,85,2014.9026551246643,98.6,39.515625,2,2025.3896296024323,15.3,115.4921875,37,18810.105474472046,7.6,61.07421875,33,18843.834060907364,5.8,30.3515625,13,18841.59021806717
2026-02-13T21:39:44,gaming,23.3,46.2,342734.8441175781,57539.61830613845,0.0,7692.649814451098,69.0,7953.33984375,144.614,62.0,1980.0,458.4,4506.8359375,85,2016.5043678283691,98.1,39.515625,2,2026.9824924468994,5.8,345.44140625,95,18812.933388471603,4.9,115.49609375,37,18811.696969270706,3.9,4.79296875,398,1771007982.9472358
2026-02-13T21:39:46,gaming,27.4,46.2,340845.2980312412,79817.47646156674,121946.08902410296,23500.027572353174,68.0,7953.33984375,145.553,62.0,1980.0,509.7,4506.8359375,85,2018.1257753372192,99.7,39.515625,2,2028.59654712677,14.5,4.79296875,398,1771007984.5606196,11.6,30.38671875,14,18844.812633514404,8.7,115.50390625,37,18813.318784713745
2026-02-13T21:39:47,gaming,28.1,46.2,341888.55812703416,56641.09852497221,0.0,14872.243746780412,67.0,7953.33984375,147.418,62.0,1980.0,433.4,4506.86328125,85,2019.7412366867065,98.7,39.515625,2,2030.2118563652039,11.6,4.79296875,398,1771007986.1787446,10.7,115.5078125,37,18814.932722330093,6.8,175.11328125,147,18848.65408873558
2026-02-13T21:39:49,gaming,24.4,46.2,338868.60528443364,72258.87761313563,50287.970147803266,566996.8634164818,65.0,7953.33984375,143.096,61.0,1980.0,515.5,4506.8671875,85,2021.417492866516,99.3,39.515625,2,2031.8497059345245,16.3,115.5078125,37,18816.566690444946,9.6,61.2265625,33,18850.297009706497,8.4,30.390625,14,18848.091734409332
2026-02-13T21:39:51,gaming,29.5,46.2,337692.47237561364,70294.00138115598,0.0,48063.14411346312,72.0,7953.33984375,145.329,62.0,1980.0,449.7,4506.8671875,85,2023.0996782779694,99.6,39.515625,2,2033.5425868034363,12.9,4.79296875,398,1771007989.5005715,8.3,115.51171875,37,18818.262144565582,4.7,345.44921875,95,18819.530997753143
2026-02-13T21:39:52,gaming,29.8,46.2,339841.38223688054,126698.8269971575,0.0,25198.59946492904,80.0,7953.33984375,142.946,62.0,1980.0,546.3,4506.87109375,85,2024.746160030365,100.5,39.515625,2,2035.2066128253937,15.9,115.44921875,37,18819.931176185608,12.4,30.390625,14,18851.426778554916,8.4,61.328125,33,18853.65967774391
2026-02-13T21:39:54,gaming,27.6,46.2,344245.9851361245,30278.27899697211,0.0,11842.279549001696,73.0,7953.33984375,160.744,63.0,1980.0,484.7,4506.87890625,85,2026.4299066066742,99.9,39.515625,2,2036.8491098880768,9.5,115.46484375,37,18821.575759410858,7.6,4.79296875,398,1771007992.8102667,5.7,175.140625,147,18855.289136886597
2026-02-13T21:39:56,gaming,26.0,46.2,341162.8160579899,86888.6437281191,76154.95105674527,68122.98356247916,70.0,7953.33984375,152.815,62.0,1980.0,444.4,4506.91796875,85,2028.1591312885284,100.0,39.515625,2,2038.584154367447,10.8,175.125,147,18857.020897626877,9.9,30.3515625,13,18854.837218761444,7.2,115.46484375,37,18823.317180395126
2026-02-13T21:39:58,gaming,26.3,46.2,340650.8035591812,85765.29330606398,0.0,8547.687792459696,48.0,7953.33984375,144.787,60.0,1980.0,486.6,4506.9140625,85,2029.9288623332977,100.2,39.52734375,3,2040.3157057762146,11.7,4.79296875,398,1771007996.2723904,10.0,115.45703125,37,18825.03948879242,6.3,175.140625,147,18858.75478863716
2026-02-13T21:39:59,gaming,29.9,46.2,338365.18665702746,225112.98038163368,36157.37455894718,23163.318076825533,73.0,7953.33984375,164.67,63.0,1980.0,567.9,4506.94921875,85,2031.722716808319,99.4,39.52734375,3,2042.1242139339447,15.5,115.45703125,37,18826.8539788723,9.5,30.3828125,14,18858.399344205856,8.7,175.109375,147,18860.557720422745
2026-02-13T21:40:01,gaming,32.7,46.2,340313.95760503673,207284.20845823555,37886.27318432774,39662.192239843105,72.0,7953.33984375,152.647,62.0,1980.0,546.1,4506.9609375,85,2033.438726902008,99.2,39.52734375,3,2043.8554468154907,15.3,175.15234375,147,18862.291221380234,11.7,4.79296875,398,1771007999.8104298,9.9,115.46484375,37,18828.587633371353
2026-02-13T21:40:03,gaming,26.2,46.2,345598.1730557821,188628.26511748764,0.0,14811.645467646315,74.0,7953.33984375,148.33,62.0,1980.0,513.9,4506.9609375,85,2035.1933584213257,99.9,39.52734375,3,2045.577065229416,9.1,115.4765625,37,18830.312556028366,8.3,175.1328125,147,18863.992436885834,7.8,345.16796875,95,18831.675253391266
2026-02-13T21:40:05,gaming,36.3,46.2,341279.207048579,248288.81312541498,0.0,28899.999390784305,71.0,7953.33984375,150.576,62.0,1980.0,629.4,4506.96484375,85,2036.961077928543,99.2,39.52734375,3,2047.3872284889221,16.1,4.79296875,398,1771008003.3448718,13.1,61.07421875,33,18865.839859962463,11.9,175.1328125,147,18865.823872327805
2026-02-13T21:40:06,gaming,28.0,46.2,340809.0972250999,206767.5847274811,0.0,35858.4843615047,70.0,7953.33984375,161.358,62.0,1980.0,443.0,4506.97265625,85,2038.686560869217,99.2,39.52734375,3,2049.102991580963,11.8,115.4765625,37,18833.82625889778,6.3,30.3515625,14,18865.36003422737,6.3,345.16796875,95,18835.14724421501
2026-02-13T21:40:08,gaming,30.6,46.2,335826.8684141627,156243.49821828614,0.0,17811.473535003784,79.0,7953.33984375,167.288,63.0,1980.0,466.2,4506.97265625,85,2040.4250240325928,100.5,39.52734375,3,2050.829552412033,21.7,4.79296875,398,1771008006.788743,13.6,61.06640625,33,18869.282478570938,12.7,175.1484375,147,18869.266582250595
2026-02-13T21:40:10,gaming,29.3,46.3,334933.669714069,139071.36599666325,0.0,10624.415773344072,81.0,7953.33984375,150.837,62.0,1980.0,418.1,4506.98046875,85,2042.144235610962,99.9,39.52734375,3,2052.565997838974,13.5,175.1328125,147,18871.002084732056,10.8,115.4765625,37,18837.285836458206,5.5,345.16015625,95,18838.596786737442
2026-02-13T21:40:11,gaming,27.7,46.2,341903.34434956254,181477.39351216052,0.0,50238.27105084406,85.0,7953.33984375,174.137,65.0,1980.0,638.0,4506.98046875,85,2043.8436448574066,98.4,39.52734375,3,2054.2796902656555,10.9,4.79296875,398,1771008010.2425227,10.1,30.3515625,13,18870.525945186615,10.0,175.10546875,147,18872.720514059067
2026-02-13T21:40:13,gaming,29.6,46.2,345188.96484179515,79595.0911896677,31572.87366965707,84396.72000158332,74.0,7953.33984375,161.497,63.0,1980.0,496.9,4506.98046875,85,2045.5415108203888,98.2,39.52734375,3,2055.9668815135956,10.2,115.484375,37,18840.69706583023,5.5,345.16015625,95,18841.991117715836,2.8,4.79296875,398,1771008011.927969
2026-02-13T21:40:15,gaming,31.0,46.2,340669.0670408623,155580.05786372034,0.0,36668.400072443015,69.0,7953.33984375,155.217,63.0,1980.0,434.0,4506.98046875,85,2047.1904458999634,98.2,39.52734375,3,2057.6680557727814,19.4,115.48828125,37,18842.386645317078,17.4,175.1328125,147,18876.109613656998,11.0,4.79296875,398,1771008013.6316292
2026-02-13T21:40:16,gaming,23.0,46.2,342866.0045935355,75428.15820821602,0.0,51666.611644389464,61.0,7953.33984375,146.735,62.0,1980.0,417.5,4506.98046875,85,2048.844376564026,98.9,39.52734375,3,2059.2955849170685,13.4,115.48828125,37,18844.014703273773,5.8,4.79296875,398,1771008015.260555,3.8,175.13671875,147,18877.734650850296
2026-02-13T21:40:18,gaming,24.5,46.2,343174.8956910452,80005.37981830395,0.0,11667.238839297841,60.0,7953.33984375,146.428,62.0,1980.0,396.2,4506.98046875,85,2050.505253791809,99.6,39.52734375,3,2060.957528114319,11.2,4.79296875,398,1771008016.924203,10.3,175.13671875,147,18879.399538517,9.4,115.48828125,37,18845.684039115906
2026-02-13T21:40:20,gaming,24.8,46.2,338047.89975208836,60800.709588652135,0.0,54847.27186484499,73.0,7953.33984375,151.631,62.0,1980.0,458.3,4506.98046875,85,2052.2063806056976,99.0,39.52734375,3,2062.646366596222,13.8,115.5234375,37,18847.384891033173,6.5,175.12109375,147,18881.075838565826,4.6,30.3515625,13,18878.895848751068
2026-02-13T21:40:21,gaming,26.7,46.2,346093.8645880657,157352.90588991283,0.0,11231.447100587433,74.0,7953.33984375,148.466,62.0,1980.0,422.9,4506.98046875,85,2053.8912858963013,100.4,39.52734375,3,2064.326337814331,12.2,115.54296875,37,18849.05000424385,11.1,175.140625,147,18882.75790286064,8.4,61.234375,33,18882.78044104576
2026-02-13T21:40:23,gaming,25.9,46.2,341755.42384419625,107298.960181599,0.0,24697.585220746998,71.0,7953.33984375,142.991,62.0,1980.0,479.1,4506.98046875,85,2055.5873878002167,99.8,39.52734375,3,2066.017404317856,11.9,115.55859375,37,18850.75204730034,11.0,175.125,147,18884.458527326584,5.6,345.4453125,95,18852.025277137756
2026-02-13T21:40:25,gaming,28.0,46.2,341300.2149823469,147422.2980759514,175066.05663988253,579298.4443673891,70.0,7953.33984375,137.312,61.0,1980.0,455.7,4506.98046875,85,2057.2702939510345,99.7,38.90234375,3,2067.709813594818,14.9,115.54296875,37,18852.4352786541,12.0,30.3515625,13,18883.951131105423,9.3,61.06640625,33,18886.161520957947
2026-02-13T21:40:27,gaming,26.5,46.2,334705.8453599673,204156.08318511772,38946.413694030576,17951.862562092218,71.0,7953.33984375,137.125,61.0,1980.0,469.9,4506.98046875,85,2058.9772346019745,99.2,39.65625,3,2069.4110271930695,14.7,115.54296875,37,18854.136331796646,8.3,345.48828125,95,18855.414515972137,5.6,4.79296875,398,1771008025.3538027
2026-02-13T21:40:28,gaming,27.1,46.2,338642.1970691199,185655.77997661152,38181.35293754048,103805.55329893819,64.0,7953.33984375,146.109,61.0,1980.0,401.6,4506.98046875,85,2060.6495509147644,99.3,39.65625,3,2071.1101088523865,11.1,115.54296875,37,18855.832781791687,11.1,30.3515625,13,18887.340152025223,10.9,4.79296875,398,1771008027.0672145
2026-02-13T21:40:30,gaming,23.1,46.2,332184.7210369816,184805.99641320406,0.0,77056.67898291154,64.0,7953.33984375,147.181,61.0,1980.0,481.8,4506.98828125,85,2062.339835882187,99.9,39.65625,3,2072.767355442047,10.4,115.54296875,37,18857.493681669235,7.3,345.4375,95,18858.785734415054,4.7,175.13671875,147,18891.20736002922
2026-02-13T21:40:32,gaming,27.6,46.2,343651.5897516382,102736.14991698314,38795.47747874898,8486.51069847634,78.0,7953.33984375,152.603,63.0,1980.0,479.4,4506.98828125,85,2064.0537827014923,98.6,39.03125,3,2074.4639761447906,16.6,30.390625,14,18890.728543758392,12.0,115.546875,37,18859.18456363678,11.1,345.4765625,95,18860.481385946274
2026-02-13T21:40:33,gaming,27.8,46.2,340377.317975861,73041.75051795524,0.0,33667.01080654695,71.0,7953.33984375,150.197,62.0,1980.0,397.8,4635.15234375,85,2065.671306848526,99.3,39.03125,3,2076.151992559433,19.4,4.79296875,398,1771008032.1040363,11.2,175.109375,147,18894.581790447235,10.2,115.55078125,37,18860.874262332916
2026-02-13T21:40:35,gaming,25.0,46.6,336079.4166318504,69058.09352327648,40112.66112846613,58915.47103243462,68.0,7953.33984375,154.66,62.0,1980.0,495.2,4635.15234375,85,2067.309577703476,99.6,39.65625,3,2077.777190923691,12.5,115.55078125,37,18862.494549512863,6.7,30.38671875,13,18893.998416423798,4.8,345.4453125,95,18863.747133731842
2026-02-13T21:40:36,gaming,28.0,46.6,344087.5948211277,57666.83895123742,39633.10077507755,17339.48158909643,68.0,7953.33984375,153.315,62.0,1980.0,427.4,4635.27734375,85,2068.946691274643,100.2,39.65625,3,2079.4298765659332,13.2,115.5546875,37,18864.15158200264,8.6,345.4296875,95,18865.37700200081,7.5,61.23046875,33,18897.879066467285
2026-02-13T21:40:38,gaming,23.5,46.6,319433.5315115695,81528.83593345631,0.0,11175.851691508607,67.0,7953.33984375,152.682,62.0,1980.0,421.6,4635.27734375,85,2070.5414459705353,99.4,39.52734375,3,2081.0333166122437,9.7,115.5546875,37,18865.75353050232,8.8,30.38671875,14,18897.240280151367,5.9,345.4453125,95,18866.971395254135
2026-02-13T21:40:40,gaming,27.4,46.6,342036.81158060033,44455.93861477501,0.0,11532.241120099263,65.0,7953.33984375,153.951,62.0,1980.0,439.7,4635.27734375,85,2072.121726512909,99.9,38.90234375,3,2082.6290278434753,12.8,115.578125,37,18867.345243692398,11.7,4.79296875,398,1771008038.5936952,8.9,61.06640625,33,18901.069440364838
2026-02-13T21:40:41,gaming,23.0,46.6,345043.41894717206,109726.63860995056,0.0,47151.63836448988,65.0,7953.33984375,141.627,61.0,1980.0,482.2,4635.27734375,85,2073.777473449707,100.4,39.52734375,3,2084.2007145881653,10.9,115.57421875,37,18868.917464256287,8.4,345.4453125,95,18870.218237638474,6.0,4.79296875,398,1771008040.1668475
2026-02-13T21:40:43,gaming,28.6,46.7,339542.87382428395,108074.64347830029,0.0,21601.855389691384,79.0,7953.33984375,161.78,63.0,1980.0,450.7,4635.46875,85,2075.461993932724,98.8,39.52734375,3,2085.8924515247345,13.8,115.578125,37,18870.61079621315,11.1,30.3515625,13,18902.14478778839,9.3,345.4453125,95,18871.90173316002
2026-02-13T21:40:45,gaming,25.6,46.6,343394.2266120984,90193.61963183907,0.0,93072.94465507596,80.0,7953.33984375,156.197,63.0,1980.0,430.0,4635.46875,85,2077.1130192279816,99.1,39.52734375,3,2087.563305616379,14.9,115.5859375,37,18872.288496255875,8.4,345.4296875,95,18873.57067799568,5.6,4.79296875,398,1771008043.527481
2026-02-13T21:40:46,gaming,27.6,46.6,343549.7307809745,154307.94814426094,0.0,27701.634159445028,65.0,7953.33984375,138.222,61.0,1980.0,590.5,4635.44140625,84,2078.800329208374,98.7,39.52734375,3,2089.257420063019,12.1,345.4453125,95,18875.243009328842,11.1,115.58984375,37,18873.980395793915,9.2,30.38671875,14,18905.493317604065
2026-02-13T21:40:48,gaming,30.0,46.6,341160.45188630716,131058.19925423898,0.0,6161.074074892263,63.0,7953.33984375,133.354,61.0,1980.0,385.9,4635.44140625,84,2080.480506181717,99.5,39.52734375,3,2090.9218487739563,15.0,4.79296875,398,1771008046.8739264,14.8,345.4453125,95,18876.92766046524,7.5,115.59375,37,18875.644291877747
2026-02-13T21:40:50,gaming,23.9,46.6,344368.536459173,71667.48673249864,0.0,30079.805560415207,65.0,7953.33984375,134.299,61.0,1980.0,439.8,4635.44140625,84,2082.182424545288,99.6,39.52734375,3,2092.614981651306,17.5,30.3515625,13,18908.85764670372,12.9,115.59375,37,18877.33643770218,9.2,4.79296875,398,1771008048.5750067
2026-02-13T21:40:51,gaming,29.3,46.6,338335.9488115517,82706.73511647583,0.0,57535.94296350612,67.0,7953.33984375,138.89,61.0,1980.0,446.5,4635.44140625,84,2083.9038491249084,99.8,39.52734375,3,2094.30566740036,15.7,4.79296875,398,1771008050.2662203,13.6,345.1640625,95,18880.351037979126,5.5,115.59765625,37,18879.029736042023
2026-02-13T21:40:53,gaming,26.2,46.6,341919.7083246994,122030.35429496494,0.0,36064.34559301646,72.0,7953.33984375,145.836,61.0,1980.0,446.6,4635.453125,84,2085.657193660736,99.8,39.53125,3,2096.02791929245,12.4,345.1640625,95,18882.112607479095,9.1,175.1171875,147,18914.461685419083,9.1,115.578125,37,18880.752448558807
2026-02-13T21:40:55,gaming,28.7,46.6,337379.002520286,202500.3774532169,0.0,18969.25384463737,66.0,7953.33984375,154.945,62.0,1980.0,488.8,4635.453125,84,2087.392334461212,100.8,39.53515625,3,2097.8101086616516,15.8,4.79296875,398,1771008053.765826,12.2,175.13671875,147,18916.249616861343,10.9,345.1640625,95,18883.837726593018
2026-02-13T21:40:57,gaming,30.2,46.6,333532.46343498805,199659.97637709492,0.0,45129.049782523936,63.0,7953.33984375,151.084,62.0,1980.0,512.7,4635.453125,84,2089.0898203849792,98.2,39.53515625,3,2099.527631998062,13.8,345.1640625,95,18885.529863595963,12.7,175.1171875,147,18917.966767549515,10.9,4.79296875,398,1771008055.4894552
2026-02-13T21:40:58,gaming,30.7,46.6,341206.7777885732,104551.59395631556,0.0,20712.333252817065,66.0,7953.33984375,153.398,62.0,1980.0,367.0,4635.4609375,84,2090.75488781929,100.3,39.53515625,3,2101.2105004787445,17.9,30.3515625,13,18917.43613219261,12.1,4.79296875,398,1771008057.1710696,12.1,115.44140625,37,18885.92716550827
2026-02-13T21:41:00,gaming,24.4,46.6,342007.8102324229,62503.510619729765,0.0,59231.1669924511,71.0,7953.33984375,150.876,62.0,1980.0,499.0,4635.4609375,84,2092.4239299297333,98.3,38.90625,3,2102.864588737488,15.1,4.79296875,398,1771008058.8298693,13.8,345.1640625,95,18888.887115478516,7.5,115.44921875,37,18887.584242105484
2026-02-13T21:41:02,gaming,32.6,46.7,341721.4486755264,137941.1163905517,0.0,80324.18818939399,91.0,7953.33984375,153.184,63.0,1980.0,568.6,4635.47265625,84,2094.2208154201508,99.4,39.53515625,3,2104.608783006668,11.4,30.3515625,13,18920.879740953445,10.4,345.1640625,95,18890.686856746674,9.9,4.79296875,398,1771008060.5678174
2026-02-13T21:41:04,gaming,31.0,46.6,338293.5364647159,121059.883234364,333184.1301716479,30079.12286271821,78.0,7953.33984375,157.497,62.0,1980.0,618.4,4635.484375,84,2096.007402420044,98.4,39.53515625,3,2106.389858007431,10.5,175.11328125,147,18924.823123455048,9.4,115.421875,37,18891.155886888504,8.0,345.1640625,95,18892.44493985176
2026-02-13T21:41:05,gaming,33.3,46.6,328020.47851489484,94458.67380486961,0.0,5536.8734372572235,72.0,7953.33984375,152.89,62.0,1980.0,467.8,4635.484375,84,2097.697965860367,97.5,39.53515625,3,2108.137673139572,11.6,4.79296875,398,1771008064.095386,11.6,175.12890625,147,18926.573668956757,11.0,115.42578125,37,18892.8634057045
2026-02-13T21:41:07,gaming,27.1,46.6,340670.7558972196,40760.83889662019,582059.1663243345,40622.87931638584,72.0,7953.33984375,150.934,61.0,1980.0,528.0,4635.484375,84,2099.378791809082,99.7,38.90625,3,2109.8267619609833,8.3,115.42578125,37,18894.56154537201,7.4,175.109375,147,18928.266454696655,6.6,345.1640625,95,18895.814769029617
2026-02-13T21:41:09,gaming,29.3,46.6,338769.9555366203,36881.988634560264,78386.85953380167,19902.913553504328,85.0,7953.33984375,148.961,62.0,1980.0,428.3,4635.484375,84,2101.0531046390533,98.6,39.53515625,3,2111.5070497989655,9.4,30.3515625,13,18927.74260854721,8.4,4.79296875,398,1771008067.463089,8.4,115.4609375,37,18896.22797226906
2026-02-13T21:41:10,gaming,26.7,46.6,340908.7274156886,55770.62830298467,0.0,24183.215840470883,80.0,7953.33984375,150.921,62.0,1980.0,450.2,4635.4921875,84,2102.7504189014435,99.2,39.53515625,3,2113.1773583889008,8.4,4.79296875,398,1771008069.135191,8.4,115.50390625,37,18897.899217128754,7.5,175.1015625,147,18931.61524605751
2026-02-13T21:41:12,gaming,25.2,46.6,345482.3273920136,78406.016707476,0.0,45549.259075279646,75.0,7953.33984375,149.414,62.0,1980.0,478.7,4635.4921875,84,2104.4357562065125,100.4,39.53515625,3,2114.8781893253326,27.4,156.6171875,23,18824.69191646576,14.7,30.390625,14,18931.115963697433,9.2,115.5078125,37,18899.60168528557
2026-02-13T21:41:14,gaming,30.3,46.6,342768.43494926026,54157.367971224594,0.0,54130.51751610748,80.0,7953.33984375,161.065,63.0,1980.0,429.9,4635.5,84,2106.245810508728,99.2,39.53515625,3,2116.669821023941,8.7,4.79296875,398,1771008072.628866,7.8,115.5078125,37,18901.392959356308,7.0,175.1015625,147,18935.111560583115
2026-02-13T21:41:16,gaming,25.6,46.6,344016.6769243495,104830.61747766616,263507.9528619335,57054.17729376685,60.0,7953.33984375,148.609,63.0,1980.0,496.2,4635.50390625,84,2108.008635520935,99.5,39.53515625,3,2118.4134657382965,15.0,30.390625,14,18934.67772269249,11.7,175.1328125,147,18936.851101875305,11.6,155.921875,23,18828.19040107727
2026-02-13T21:41:17,gaming,30.1,46.6,345425.00262065284,105411.43423648876,0.0,183502.74971671574,77.0,7953.33984375,160.765,63.0,1980.0,578.7,4635.5078125,84,2109.8278393745422,100.4,39.53515625,3,2120.1882276535034,10.3,61.2421875,33,18938.685328006744,8.1,4.79296875,398,1771008076.111557,7.7,115.64453125,37,18904.955847024918
2026-02-13T21:41:19,gaming,33.0,46.6,343346.3992869099,66791.27283924204,255376.88984637667,71824.75026929344,73.0,7953.33984375,158.489,63.0,1980.0,494.7,4635.5078125,84,2111.454478263855,99.0,39.53515625,3,2121.939154624939,13.8,115.65234375,37,18906.6547062397,6.8,23.8671875,6,2335.908483505249,6.1,175.109375,147,18940.382291078568
2026-02-13T21:41:21,gaming,27.2,46.6,337898.6495473638,53872.38223292701,0.0,16084.838603025408,81.0,7953.33984375,155.954,63.0,1980.0,474.4,4635.51171875,84,2113.197049856186,98.7,39.53515625,3,2123.5715873241425,8.7,4.79296875,398,1771008079.5319152,8.6,175.12890625,147,18942.01137495041,7.3,30.38671875,14,18939.863570451736
2026-02-13T21:41:23,gaming,28.7,46.6,339905.1786538358,84978.83169841998,0.0,106514.87580438463,85.0,7953.33984375,156.652,63.0,1980.0,444.0,4635.51171875,84,2114.9388942718506,99.5,39.53515625,3,2125.3450224399567,12.4,115.69140625,37,18910.065244674683,10.6,175.125,147,18943.78230571747,6.2,23.8671875,6,2339.4353079795837
2026-02-13T21:41:24,gaming,26.7,46.6,339825.11425724666,45588.69535249369,445936.57632593246,19451.660555883773,74.0,7953.33984375,150.082,63.0,1980.0,659.7,4635.51171875,84,2116.81618976593,98.6,39.53515625,3,2127.119656085968,10.6,4.79296875,398,1771008083.0724387,10.3,30.3515625,13,18943.41332435608,8.8,175.1171875,147,18945.556035518646
2026-02-13T21:41:26,gaming,32.4,46.6,343728.3738615189,80110.44472241962,182251.31600563903,52786.20433090155,72.0,7953.33984375,153.1,62.0,1980.0,390.8,4635.51171875,84,2118.4953353405,97.3,39.53515625,3,2128.9508986473083,8.6,115.6875,37,18913.677886247635,6.8,4.79296875,398,1771008084.9142532,6.8,175.09765625,147,18947.391332149506
2026-02-13T21:41:28,gaming,26.5,46.6,342288.5483474944,62407.689152639236,0.0,7755.970456082707,73.0,7953.33984375,152.848,62.0,1980.0,475.4,4635.515625,84,2120.1386020183563,99.6,39.53515625,3,2130.598226070404,13.4,115.69140625,37,18915.31648492813,9.5,4.79296875,398,1771008086.5616548,8.6,30.390625,14,18946.828083753586
2026-02-13T21:41:29,gaming,27.2,46.6,338408.9415001921,37822.47027615259,39525.66354155403,20071.626017195405,75.0,7953.33984375,150.685,62.0,1980.0,411.8,4635.51953125,84,2121.826788187027,100.2,38.90625,3,2132.2721009254456,13.0,115.5625,37,18916.994626760483,5.5,345.44140625,95,18918.2742664814,5.5,23.8671875,6,2346.292580604553
2026-02-13T21:41:31,gaming,23.7,46.6,341586.0185806378,37711.781959117754,0.0,21754.958767834327,73.0,7953.33984375,147.414,62.0,1980.0,540.3,4635.51953125,84,2123.5733091831207,100.1,39.53515625,3,2133.952474117279,11.1,61.10546875,33,18952.412856817245,9.9,30.3515625,13,18950.25928735733,8.3,4.79296875,398,1771008089.915541
2026-02-13T21:41:33,gaming,28.5,46.6,346677.2364849471,42053.05410133647,0.0,12069.69799966168,78.0,7953.33984375,155.763,62.0,1980.0,396.1,4635.51953125,84,2125.2376194000244,99.7,39.53125,3,2135.69265460968,7.2,115.56640625,37,18920.41373848915,6.6,23.8671875,6,2349.6992976665497,3.8,35.0703125,10,18937.63947892189
2026-02-13T21:41:34,gaming,26.9,46.6,339598.593073538,20776.83542374484,0.0,106911.95715535033,70.0,7953.33984375,154.054,63.0,1980.0,418.8,4635.51953125,84,2126.913685321808,97.7,39.53125,3,2137.3553931713104,15.9,30.3515625,13,18953.60058927536,10.3,61.06640625,33,18955.807425022125,8.4,4.79296875,398,1771008093.320812
2026-02-13T21:41:36,gaming,23.1,46.6,343839.62656957284,16791.182430701516,0.0,67736.83133884359,71.0,7953.33984375,152.044,62.0,1980.0,428.1,4635.51953125,84,2128.5647621154785,100.2,39.53125,3,2139.038465976715,18.6,115.60546875,37,18923.75823354721,5.7,23.8671875,6,2353.026146173477,3.8,345.44921875,95,18925.013640642166
2026-02-13T21:41:38,gaming,25.8,46.6,340616.719248787,55167.12459983011,0.0,6819.381401978494,71.0,7953.33984375,150.892,62.0,1980.0,478.0,4635.51953125,84,2130.252955675125,99.3,39.53125,3,2140.7063813209534,16.6,30.390625,14,18956.946897506714,13.1,115.61328125,37,18925.428213357925,8.4,61.16796875,33,18959.155117034912
2026-02-13T21:41:39,gaming,27.3,46.6,340150.32747510937,88598.37812207466,58569.48295559953,18913.06220441235,74.0,7953.33984375,153.877,62.0,1980.0,412.0,4635.51953125,84,2131.9134254455566,98.8,39.53125,3,2142.3676283359528,10.2,4.79296875,398,1771008098.3295467,8.5,116.4140625,37,18927.08264565468,6.6,23.8671875,6,2356.3703784942627
2026-02-13T21:41:41,gaming,24.0,46.6,328644.62623818795,39057.33522950075,39454.06725959217,18802.328928399394,74.0,7953.33984375,150.525,62.0,1980.0,512.3,4635.51953125,84,2133.5670716762543,97.9,39.53125,3,2144.0256843566895,14.1,116.23828125,37,18928.746006965637,10.4,30.3515625,13,18960.255203962326,6.6,345.16796875,95,18930.00855398178
2026-02-13T21:41:43,gaming,31.0,46.6,343703.4798367323,59810.57104596027,39436.44067114768,35739.27435822759,77.0,7953.33984375,153.541,63.0,1980.0,456.2,4635.51953125,84,2135.238514661789,99.5,39.515625,2,2145.691022872925,12.2,116.23828125,37,18930.41653418541,7.5,4.79296875,398,1771008101.6516461,7.5,61.06640625,33,18964.144924640656
2026-02-13T21:41:44,gaming,23.7,46.6,346330.34175279865,48524.91981891347,0.0,16909.980968475935,68.0,7953.33984375,149.246,62.0,1980.0,441.7,4635.51953125,84,2136.943465232849,99.9,39.515625,2,2147.365397453308,10.1,30.3515625,13,18963.62797141075,8.4,116.09375,37,18932.096656560898,6.4,23.8671875,6,2361.4002051353455
2026-02-13T21:41:46,gaming,28.3,46.6,343864.31312751677,71619.85202684563,38433.71182102908,110496.92148545862,72.0,7953.33984375,149.576,62.0,1980.0,422.0,4635.51953125,84,2138.595367193222,98.5,39.515625,2,2149.061698913574,15.6,4.79296875,398,1771008105.0223033,9.3,61.07421875,33,18967.50890803337,6.5,19.4296875,9,18967.698315143585
2026-02-13T21:41:48,gaming,24.4,46.6,342587.0079733848,99171.21344103423,237983.31409583674,12394.96427582483,75.0,7953.33984375,150.323,62.0,1980.0,408.4,4635.51953125,84,2140.243724822998,99.4,39.515625,2,2150.712127685547,9.5,30.390625,14,18966.93663430214,6.6,23.8671875,6,2364.7056431770325,5.7,4.79296875,398,1771008106.6749716
2026-02-13T21:41:49,gaming,27.6,46.6,345390.61622700555,86813.65185040276,0.0,11446.17465534086,73.0,7953.33984375,154.951,63.0,1980.0,511.2,4635.51953125,84,2141.9228110313416,100.4,39.515625,2,2152.3773005008698,13.1,61.07421875,33,18970.82852911949,11.3,4.79296875,398,1771008108.3304634,8.4,116.109375,37,18937.101674556732
2026-02-13T21:41:51,gaming,27.1,46.6,341327.5429420038,47209.09092352618,39251.17012501696,118060.16014165257,76.0,7953.33984375,155.881,63.0,1980.0,495.6,4635.51953125,84,2143.6069791316986,98.7,39.515625,2,2154.0401287078857,13.2,116.109375,37,18938.76356458664,6.5,23.8671875,6,2368.063643693924,3.7,4.79296875,398,1771008109.9991395
2026-02-13T21:41:53,gaming,28.0,46.6,338811.18391506094,38782.05347017976,0.0,10909.117137660673,73.0,7953.33984375,152.249,62.0,1980.0,439.4,4635.51953125,84,2145.304961204529,99.0,39.515625,2,2155.7277839183807,12.9,4.79296875,398,1771008111.6895719,12.9,30.38671875,14,18971.984146356583,10.2,116.11328125,37,18940.448311805725
2026-02-13T21:41:55,gaming,26.3,46.6,347575.8417370728,104214.60479859097,0.0,13626.817522853735,70.0,7953.33984375,150.843,63.0,1980.0,519.2,4635.52734375,84,2147.05628490448,100.2,39.515625,2,2157.459507703781,12.6,116.11328125,37,18942.186769008636,6.3,23.85546875,5,2371.5237164497375,5.4,345.16796875,95,18943.50083398819
2026-02-13T21:41:56,gaming,26.6,46.6,336376.7425068869,109352.84279217412,208329.880965928,45868.0845876688,72.0,7953.33984375,151.608,62.0,1980.0,520.5,4635.52734375,84,2148.767556667328,99.3,39.515625,2,2159.1897032260895,13.6,116.1171875,37,18943.9147503376,9.0,4.79296875,398,1771008115.1475084,6.4,23.8671875,6,2373.2444252967834
2026-02-13T21:41:58,gaming,30.5,46.6,344942.6150678991,127260.88407335838,0.0,46683.211893127125,75.0,7953.33984375,153.136,62.0,1980.0,495.0,4635.53125,84,2150.491078853607,98.7,39.53515625,3,2160.915587902069,9.1,116.125,37,18945.635657072067,7.2,345.16796875,95,18946.943821430206,6.3,30.3515625,13,18977.165441274643
2026-02-13T21:42:00,gaming,30.0,46.6,343443.8562083219,204348.93299263366,2361.802135288851,20075.31814995523,79.0,7953.33984375,152.339,62.0,1980.0,535.7,4635.53125,84,2152.235191345215,99.2,39.53515625,3,2162.649318933487,15.2,116.14453125,37,18947.379769802094,8.1,345.484375,95,18948.683506965637,7.2,4.79296875,398,1771008118.6044123
2026-02-13T21:42:02,gaming,28.4,46.6,340284.91351119033,89734.70292175794,0.0,112484.19120073464,77.0,7953.33984375,155.302,62.0,1980.0,471.3,4635.53125,84,2153.986361026764,100.3,39.53515625,3,2164.377279281616,10.9,115.80859375,37,18949.100606918335,9.8,30.3515625,13,18980.66116285324,7.1,345.45703125,95,18950.433530330658
2026-02-13T21:42:03,gaming,28.7,46.6,341057.56605747715,248644.81381041047,0.0,50357.75243642602,65.0,7953.33984375,154.026,62.0,1980.0,471.5,4635.53125,84,2155.7116918563843,99.3,39.53515625,3,2166.1401677131653,16.0,115.80859375,37,18950.862509727478,14.2,4.79296875,398,1771008122.0932138,9.8,61.234375,33,18984.590322971344
2026-02-13T21:42:05,gaming,26.6,46.6,344936.55172876926,148153.51898543088,38139.15193076071,89984.56158663853,66.0,7953.33984375,143.652,62.0,1980.0,438.3,4635.54296875,84,2157.4194741249084,98.7,39.53515625,3,2167.8496086597443,10.9,115.6484375,37,18952.57740831375,5.5,345.44140625,95,18953.874537467957,5.5,23.8671875,6,2381.8946373462677
2026-02-13T21:42:07,gaming,27.7,46.6,343107.65759959235,86789.11870974848,176806.32481365462,759789.3417667861,70.0,7953.33984375,147.122,62.0,1980.0,586.8,4635.54296875,84,2159.163503885269,99.6,39.5390625,3,2169.574634075165,14.5,115.6484375,37,18954.297959804535,10.0,4.79296875,398,1771008125.5296407,9.9,30.3828125,13,18985.838733911514
2026-02-13T21:42:08,gaming,28.5,46.6,342171.00415028026,84033.12818185863,0.0,95850.89886115871,75.0,7953.33984375,150.274,62.0,1980.0,447.4,4635.54296875,84,2160.9040241241455,100.7,39.5390625,3,2171.296555519104,9.0,115.6484375,37,18956.03067588806,4.5,345.45703125,95,18957.362858772278,3.6,23.8671875,6,2385.396664381027
2026-02-13T21:42:10,gaming,26.0,46.6,339632.7092588292,95339.63525123178,37246.74270689728,32590.899868535125,77.0,7953.33984375,155.74,63.0,1980.0,478.4,4635.54296875,84,2162.660859823227,99.4,38.90625,3,2173.0731995105743,13.3,30.390625,14,18989.328556537628,8.0,398.234375,277,18986.343841314316,7.1,115.65625,37,18957.798381328583
2026-02-13T21:42:12,gaming,28.9,46.6,342615.4816253616,61798.390202560346,0.0,55729.861957163244,71.0,7953.33984375,152.887,62.0,1980.0,516.8,4635.54296875,84,2164.3930525779724,99.9,39.5390625,3,2174.808624267578,21.5,4.79296875,398,1771008130.7656178,5.4,115.65625,37,18959.53343105316,3.6,345.45703125,95,18960.83291387558
2026-02-13T21:42:14,gaming,28.0,46.6,343057.85211425903,28336.653376548195,0.0,9588.346322209121,69.0,7953.33984375,149.497,62.0,1980.0,579.9,4635.54296875,84,2166.095916032791,100.4,39.5390625,3,2176.520073890686,11.0,30.3515625,13,18992.774485588074,8.2,345.45703125,95,18962.547340393066,7.3,115.65625,37,18961.246094703674
2026-02-13T21:42:15,gaming,35.8,46.6,339898.6504892637,244492.2663238785,0.0,10333.404275824427,74.0,7953.33984375,152.417,63.0,1980.0,590.7,4635.54296875,84,2167.82781124115,99.2,39.5390625,3,2178.2537174224854,14.4,4.79296875,398,1771008134.2100868,13.5,115.6640625,37,18962.977741003036,9.9,61.2421875,33,18996.707213640213
2026-02-13T21:42:17,gaming,29.9,46.6,343532.16344592895,204824.4907542753,0.0,50913.037767211514,76.0,7953.33984375,153.496,63.0,1980.0,555.1,4635.54296875,84,2169.567425251007,99.2,38.90625,3,2179.9703278541565,10.8,30.38671875,14,18996.239382267,8.2,115.671875,37,18964.69863986969,6.2,345.43359375,95,18966.02572274208
2026-02-13T21:42:19,gaming,30.1,46.6,335565.5859643301,126075.80747535372,0.0,35160.94855874488,72.0,7953.33984375,152.126,63.0,1980.0,454.6,4635.54296875,84,2171.3309030532837,98.3,39.6640625,3,2181.719062566757,14.4,115.671875,37,18966.439740896225,11.7,61.06640625,33,19000.1711435318,8.9,4.79296875,398,1771008137.6759365
2026-02-13T21:42:21,gaming,25.8,46.6,343129.47578419384,108858.34265708269,0.0,15274.966705841633,77.0,7953.33984375,152.733,63.0,1980.0,566.1,4635.54296875,84,2173.0721554756165,99.5,39.6640625,3,2183.4920024871826,13.1,115.66796875,37,18968.22244143486,12.6,345.43359375,95,18969.524654388428,8.0,30.3515625,13,18999.74418902397
2026-02-13T21:42:22,gaming,37.0,46.6,342402.36367796257,124329.98984707575,9500.063210185937,131516.50006601156,76.0,7953.33984375,151.649,63.0,1980.0,442.7,4635.578125,84,2174.816005706787,99.1,39.6640625,3,2185.2258372306824,28.9,175.12109375,147,19003.66125392914,14.4,115.66796875,37,18969.95964360237,10.0,4.79296875,398,1771008141.178321
2026-02-13T21:42:24,gaming,24.6,46.6,342404.42239779216,72684.96751496228,37421.39812134656,9062.99485751362,74.0,7953.33984375,154.064,63.0,1980.0,489.1,4635.578125,84,2176.5511088371277,99.1,39.6640625,3,2186.975423336029,9.9,115.66796875,37,18971.70415687561,3.6,4.79296875,398,1771008142.932456,2.7,174.640625,164,18983.44350194931
2026-02-13T21:42:26,gaming,27.3,46.6,341941.20258650987,75711.1957096016,37813.76591466388,11521.381802124151,76.0,7953.33984375,154.965,63.0,1980.0,463.0,4635.578125,84,2178.2827911376953,100.1,39.6640625,3,2188.7077922821045,15.4,115.66796875,37,18973.430131673813,12.7,30.38671875,14,19004.95925450325,9.9,61.234375,33,19007.162811756134
2026-02-13T21:42:28,gaming,29.0,46.6,339832.7197108003,101607.7696124283,0.0,22809.25805684043,77.0,7953.33984375,155.303,63.0,1980.0,513.6,4635.578125,84,2180.040519952774,99.5,39.6640625,3,2190.4355404376984,13.5,115.671875,37,18975.16947865486,11.5,345.44140625,95,18976.495756864548,6.3,4.79296875,398,1771008146.3924
2026-02-13T21:42:29,gaming,29.9,46.6,343338.0879688651,86468.57502388938,37126.02142839295,21173.434095880355,77.0,7953.33984375,155.805,63.0,1980.0,527.1,4635.578125,84,2181.8221793174744,99.7,39.03125,3,2192.2068622112274,14.1,30.390625,14,19008.489797115326,10.6,4.79296875,398,1771008148.1563504,9.7,115.68359375,37,18976.934685468674
2026-02-13T21:42:31,gaming,28.2,46.6,336753.1305050558,55096.15451380507,85007.354558632,28718.7008644027,69.0,7953.33984375,153.845,63.0,1980.0,485.8,4635.609375,84,2183.568076133728,98.7,39.03125,3,2193.978705883026,15.0,115.6796875,37,18978.70730113983,9.0,345.171875,95,18980.017985343933,6.1,4.79296875,398,1771008149.9382958
2026-02-13T21:42:33,gaming,27.6,46.6,345200.5848138398,75726.50626828741,38056.6255754987,58868.84268709955,79.0,7953.33984375,151.144,63.0,1980.0,516.9,4635.6171875,84,2185.2916338443756,100.2,39.03125,3,2195.7102115154266,13.7,30.3515625,13,19011.95384836197,10.9,115.6328125,37,18980.43363761902,10.0,345.171875,95,18981.73793411255
2026-02-13T21:42:35,gaming,28.1,46.6,340499.5798132067,81460.00515350873,75874.97012138073,25192.861173114696,73.0,7953.33984375,151.721,63.0,1980.0,397.8,4635.6171875,84,2187.0194840431213,98.1,39.6640625,3,2197.430767774582,10.9,115.6328125,37,18982.156244039536,8.1,172.40625,165,18993.912568330765,8.1,345.171875,95,18983.469300985336
2026-02-13T21:42:36,gaming,26.9,46.6,342868.98344658414,165594.88099056645,112970.00757057151,18534.14186704689,77.0,7953.33984375,150.698,63.0,1980.0,511.3,4635.6171875,84,2188.759721517563,99.7,39.5390625,3,2199.1701440811157,13.4,115.6328125,37,18983.90005326271,12.5,61.06640625,33,19017.628756523132,9.9,4.79296875,398,1771008155.1282315
2026-02-13T21:42:38,gaming,27.5,46.6,344670.9730312885,213730.676178255,0.0,26987.63286845206,73.0,7953.33984375,151.694,62.0,1980.0,454.8,4635.6171875,84,2190.4869089126587,99.8,39.5390625,3,2200.891822576523,13.6,115.6328125,37,18985.622192382812,4.5,345.17578125,95,18986.9352684021,3.6,30.390625,14,19017.166798353195
2026-02-13T21:42:40,gaming,27.5,46.6,336437.9842073614,242251.78977851188,0.0,44040.112045675356,74.0,7953.33984375,151.788,62.0,1980.0,485.2,4635.6171875,84,2192.219671726227,99.3,39.5390625,3,2202.639445543289,11.8,345.17578125,95,18988.662667274475,10.8,4.79296875,398,1771008158.5882516,9.9,115.6328125,37,18987.364597320557
2026-02-13T21:42:42,gaming,25.4,46.6,342789.27801862505,202631.6713416773,37902.81798787013,21616.45088370718,68.0,7953.33984375,149.975,62.0,1980.0,379.6,4635.6171875,84,2193.96381855011,99.3,39.5390625,3,2204.369704246521,12.6,115.6328125,37,18989.100150585175,6.3,345.16796875,95,18990.40808916092,5.4,30.38671875,14,19020.64302778244
2026-02-13T21:42:43,gaming,23.8,46.6,342724.93717844377,97888.87777556069,0.0,74599.04703195517,78.0,7953.33984375,149.23,62.0,1980.0,463.1,4635.6171875,84,2195.70548415184,100.5,39.5390625,3,2206.111520051956,16.2,345.16796875,95,18992.149374485016,9.9,175.12890625,147,19024.547594070435,7.2,4.79296875,398,1771008162.0611653
2026-02-13T21:42:45,gaming,26.2,46.6,343358.69543979276,69372.53067166639,37497.6136756017,11718.004273625531,76.0,7953.33984375,149.712,62.0,1980.0,417.5,4635.6171875,84,2197.4535014629364,97.9,39.5390625,3,2207.8509092330933,13.2,345.43359375,95,18993.92162513733,10.7,115.65625,37,18992.58198595047,8.9,4.79296875,398,1771008163.808238
2026-02-13T21:42:47,gaming,30.6,46.6,337210.8611507423,99206.96268851052,37088.57676414276,31583.24115071532,70.0,7953.33984375,149.549,62.0,1980.0,490.4,4635.6171875,84,2199.1988472938538,99.1,39.5390625,3,2209.6161596775055,14.5,345.484375,95,18995.643152952194,11.5,175.12109375,147,19028.054458856583,7.1,4.79296875,398,1771008165.5727992
2026-02-13T21:42:49,gaming,24.7,46.6,334688.24408348004,117686.9810544317,0.0,60792.48748202742,74.0,7953.33984375,150.441,62.0,1980.0,403.1,4635.6171875,84,2200.9271693229675,98.7,39.5390625,3,2211.3402013778687,15.2,345.4921875,95,18997.388815641403,10.0,175.125,147,19029.779792785645,6.3,115.65625,37,18996.068766593933
2026-02-13T21:42:50,gaming,28.0,46.6,339043.8455209518,81847.29387493848,0.0,13282.069411307262,74.0,7953.33984375,151.011,62.0,1980.0,513.5,4635.6171875,84,2202.653020620346,100.7,39.53515625,3,2213.077973127365,18.2,30.3515625,14,19029.32621693611,15.3,4.79296875,398,1771008169.0357094,13.6,61.06640625,33,19031.52749967575
2026-02-13T21:42:52,gaming,28.7,46.6,345819.18460680207,80997.318910273,38432.36840770387,9608.092101925968,72.0,7953.33984375,150.051,62.0,1980.0,496.2,4635.6171875,84,2204.3497433662415,100.1,39.53515625,3,2214.7789435386658,13.8,115.65234375,37,18999.501989126205,12.0,345.44921875,95,19000.7921936512,5.5,4.79296875,398,1771008170.7407768
2026-02-13T21:42:54,gaming,24.9,46.6,342131.8587296458,68795.2597721174,0.0,121287.55447630555,76.0,7953.33984375,150.399,62.0,1980.0,421.6,4635.6171875,84,2206.0509192943573,99.1,39.03515625,3,2216.4831669330597,14.6,345.44140625,95,19002.50359582901,11.0,115.65234375,37,19001.206478595734,9.2,4.79296875,398,1771008172.43675
2026-02-13T21:42:55,gaming,28.7,46.6,340564.97962194745,128969.53611434207,0.0,79211.2483877105,74.0,7953.33984375,151.928,62.0,1980.0,566.4,4635.6171875,84,2207.778842687607,100.1,39.6640625,3,2218.1991646289825,13.6,4.79296875,398,1771008174.1580606,12.7,61.3359375,33,19036.65444636345,8.2,115.65234375,37,19002.92485308647
2026-02-13T21:42:57,gaming,29.8,46.6,341474.2977660093,101212.1911756096,37956.45399180992,10378.717888385523,76.0,7953.33984375,152.847,62.0,1980.0,556.7,4635.6171875,84,2209.5179109573364,99.0,39.6640625,3,2219.91996383667,13.5,30.38671875,14,19036.19015812874,8.2,115.65234375,37,19004.647125720978,5.4,345.43359375,95,19005.973538160324
2026-02-13T21:42:59,gaming,31.6,46.6,385003.4702875604,94682.86810969532,0.0,10856.791597886764,76.0,7953.33984375,154.856,63.0,1980.0,470.2,4635.6171875,84,2211.265777349472,99.9,39.03515625,3,2221.671832561493,12.5,4.79296875,398,1771008177.6286287,9.8,115.65625,37,19006.39804673195,9.8,61.3359375,33,19040.127864599228
2026-02-13T21:43:01,gaming,25.9,46.6,339701.8507565582,88424.4577571111,0.0,26858.631443952516,74.0,7953.33984375,152.766,63.0,1980.0,443.1,4635.6171875,84,2212.9769105911255,99.8,39.6640625,3,2223.409520149231,11.8,30.38671875,13,19039.656868696213,6.4,345.44921875,95,19009.41899251938,5.4,54.31640625,19,19039.519941568375
2026-02-13T21:43:03,gaming,28.7,46.6,343828.41830024746,159125.9661913692,152508.2984409503,122423.65363130972,70.0,7953.33984375,147.116,62.0,1980.0,479.2,4635.6171875,84,2215.0369732379913,100.2,39.6640625,3,2225.1237573623657,10.9,4.79296875,398,1771008181.0820708,10.0,115.6640625,37,19009.853059768677,8.5,288.90625,70,19041.680282831192
2026-02-13T21:43:05,gaming,35.7,47.0,341835.39573808765,98388.46207766005,67677.65084616841,118919.30077255308,73.0,7953.33984375,148.606,63.0,1980.0,563.2,4635.6171875,84,2216.9464824199677,99.9,39.67578125,3,2227.2504518032074,43.1,46.24609375,10,19040.808599948883,15.4,18.515625,8,19045.72082924843,10.8,30.3515625,13,19043.570625305176
2026-02-13T21:43:07,gaming,31.1,47.0,343540.74862013536,139444.15000824747,0.0,220605.25080791014,70.0,7953.33984375,148.828,62.0,1980.0,382.6,4635.6171875,84,2218.9121828079224,99.7,39.6796875,3,2229.2086596488953,41.0,46.24609375,10,19042.786207437515,26.4,4.79296875,402,1771008185.1553388,24.6,18.515625,8,19047.688776493073
2026-02-13T21:43:09,gaming,27.2,47.0,343202.72024417657,102424.26425973146,0.0,27447.926058537276,72.0,7953.33984375,149.837,62.0,1980.0,411.9,4635.6171875,84,2220.864520549774,99.4,39.6796875,3,2231.1742939949036,32.2,70.26953125,12,7.11802077293396,31.1,18.28125,8,19049.652222394943,24.8,45.7734375,10,19044.742511749268
2026-02-13T21:43:10,gaming,29.2,46.8,340592.28290192643,99852.76945991992,6508003.74877579,37331046.69996807,70.0,7953.33984375,147.168,62.0,1980.0,442.7,4635.6171875,84,2222.7743360996246,100.0,39.5546875,3,2233.095062494278,15.4,4.79296875,402,1771008189.0384011,11.5,70.85546875,11,9.017235279083252,9.7,115.65234375,37,19017.838111162186
2026-02-13T21:43:12,gaming,28.0,46.9,342461.12609354226,134200.18158667322,67994.42666654463,210888.96395795484,71.0,7953.33984375,149.202,62.0,1980.0,433.3,4635.6171875,84,2224.7212343215942,99.2,38.9140625,3,2235.0179884433746,39.4,46.24609375,10,19048.590804815292,20.4,20.03515625,12,19053.66218304634,17.8,18.546875,9,19053.507649421692
2026-02-13T21:43:14,gaming,35.7,46.9,340695.00240410876,82459.24869245326,33368.83415339777,274510.7997150614,75.0,7953.33984375,148.488,62.0,1980.0,521.8,4635.6171875,84,2226.6800496578217,98.9,39.5546875,3,2236.977362394333,39.8,46.32421875,10,19050.554043769836,25.6,18.69140625,9,19055.45734643936,19.1,20.03125,12,19055.622581481934
2026-02-13T21:43:16,gaming,29.5,46.9,344258.47215747257,98693.353438687,0.0,154565.21691526004,71.0,7953.33984375,148.166,62.0,1980.0,426.7,4635.6171875,84,2228.598423719406,98.3,39.5546875,3,2238.930522441864,40.8,46.265625,10,19052.472324371338,20.0,20.04296875,12,19057.571843385696,18.5,4.79296875,402,1771008194.876604
2026-02-13T21:43:18,gaming,31.3,46.9,340261.02075132966,97549.96173911907,43199.91386102924,167129.6667498569,72.0,7953.33984375,147.641,62.0,1980.0,406.6,4635.6171875,84,2230.514910697937,99.4,38.9140625,3,2240.834901571274,38.3,46.33984375,10,19054.391084432602,26.2,18.6953125,9,19059.31352496147,25.5,4.79296875,402,1771008196.7706938
2026-02-13T21:43:20,gaming,30.3,46.8,336916.66383440065,82674.44063600323,42330.90101442169,444209.8925200876,75.0,7953.33984375,147.615,62.0,1980.0,450.1,4635.6171875,84,2232.4527904987335,98.5,39.5546875,3,2242.75284743309,41.2,46.0625,10,19056.32169866562,18.8,20.06640625,12,19061.396136045456,18.7,18.703125,9,19061.239417552948
2026-02-13T21:43:22,gaming,34.4,46.8,343265.20745986316,116335.7739200901,0.0,58555.490025204104,74.0,7953.33984375,149.566,62.0,1980.0,440.2,4635.6171875,84,2234.4018893241882,99.3,39.55859375,3,2244.6893956661224,45.6,46.35546875,10,19058.272800207138,22.6,4.79296875,402,1771008200.6384356,20.2,20.05078125,12,19063.331278562546
2026-02-13T21:43:24,gaming,29.8,46.8,338586.1159079262,95503.4660179382,33371.80366381197,203098.71136023066,76.0,7953.33984375,150.096,62.0,1980.0,415.9,4635.6171875,84,2236.327623128891,99.4,39.55859375,3,2246.6540615558624,44.5,46.24609375,10,19060.204662799835,20.7,18.77734375,9,19065.129848003387,15.1,4.79296875,402,1771008202.6040673
2026-02-13T21:43:26,gaming,30.3,46.8,339249.5391598891,96594.59052389655,8633.258441172413,39928.82029042241,72.0,7953.33984375,150.138,62.0,1980.0,582.0,4635.6171875,84,2238.2687435150146,99.5,39.55859375,3,2248.553169488907,42.7,46.37109375,10,19062.142736673355,29.6,18.68359375,9,19067.03423476219,26.3,4.79296875,402,1771008204.5012379
2026-02-13T21:43:28,gaming,34.5,46.8,344527.06158001546,88389.275476545,33605.49249378297,105279.70695317947,76.0,7953.33984375,149.128,62.0,1980.0,364.6,4635.6171875,84,2240.189358472824,100.0,38.91796875,3,2250.50652050972,35.0,46.25,10,19064.063539743423,28.7,72.09765625,11,26.43004298210144,24.8,20.07421875,12,19069.15087580681
2026-02-13T21:43:30,gaming,29.9,46.9,338672.5352659153,76800.18908180446,0.0,392839.6942487544,73.0,7953.33984375,150.18,62.0,1980.0,623.2,4635.6171875,84,2242.125750541687,100.0,39.55859375,3,2252.4447841644287,53.4,46.3203125,10,19065.994306087494,20.1,18.68359375,9,19070.92472553253,15.3,4.79296875,402,1771008208.3929954
2026-02-13T21:43:32,gaming,34.4,46.8,342462.60850469914,115500.06699456254,165772.40679757364,398617.2018717971,79.0,7953.33984375,154.134,62.0,1980.0,525.2,4635.6171875,84,2243.9337751865387,100.1,39.55859375,3,2254.3164026737213,10.9,19.671875,12,19072.954844474792,10.1,115.64453125,37,19039.042553186417,6.7,4.79296875,402,1771008210.268673
2026-02-13T21:43:33,gaming,29.7,46.7,344286.0186664244,80338.50388991696,0.0,96577.50515738054,76.0,7953.33984375,153.592,62.0,1980.0,505.4,4635.6171875,84,2245.748319864273,99.7,39.55859375,3,2256.1350421905518,10.3,4.79296875,402,1771008212.0937483,7.7,115.6484375,37,19040.870782613754,6.8,61.06640625,33,19074.601946115494
2026-02-13T21:43:35,gaming,27.9,46.7,342776.8100164359,108155.66976666228,0.0,11592.801587685091,77.0,7953.33984375,152.429,62.0,1980.0,460.0,4635.6171875,84,2247.5765464305878,99.9,39.55859375,3,2257.9496285915375,11.0,30.3515625,13,19074.240406274796,9.5,115.6484375,37,19042.677511692047,6.9,345.4453125,95,19044.042818546295
2026-02-13T21:43:37,gaming,26.7,46.7,342488.03485745034,101492.50767177269,0.0,21482.70975362659,62.0,7953.33984375,150.767,62.0,1980.0,438.7,4635.63671875,85,2249.4101984500885,100.2,39.55859375,3,2259.789796590805,14.5,4.79296875,402,1771008215.7405899,11.9,115.6484375,37,19044.51948451996,9.3,61.06640625,33,19078.25027823448
2026-02-13T21:43:39,gaming,24.5,46.7,342442.2443277559,165832.59936150096,0.0,565226.4383225127,75.0,7953.33984375,153.725,62.0,1980.0,462.2,4635.63671875,85,2251.2520604133606,99.4,39.55859375,3,2261.613616466522,13.6,30.3515625,14,19077.90587258339,12.0,115.6484375,37,19046.339114904404,3.4,175.10546875,147,19080.048478603363
2026-02-13T21:43:41,gaming,28.3,46.7,345805.90993778495,125731.3004358976,71663.99813330131,9797.81224478729,81.0,7953.33984375,154.505,62.0,1980.0,481.6,4635.63671875,85,2253.0764899253845,98.3,38.91796875,3,2263.4422993659973,12.8,115.6484375,37,19048.174282312393,12.0,4.79296875,402,1771008219.3891008,8.5,61.07421875,33,19081.9118847847
2026-02-13T21:43:43,gaming,28.7,46.7,344381.38146239636,71705.67087364348,0.0,138614.73800553908,75.0,7953.33984375,155.422,63.0,1980.0,509.3,4635.63671875,85,2254.8771662712097,100.3,39.5546875,3,2265.264045238495,13.7,30.390625,14,19081.546831846237,9.5,345.4453125,95,19051.35325360298,8.6,115.6484375,37,19049.991376638412
2026-02-13T21:43:44,gaming,26.5,46.7,337224.79614884616,86691.17721825329,36252.33215186161,90914.05172459043,74.0,7953.33984375,151.311,62.0,1980.0,487.2,4635.63671875,85,2256.6983036994934,98.4,38.91796875,3,2267.0750591754913,12.0,115.65234375,37,19051.803300619125,6.1,4.79296875,402,1771008223.0252,6.0,345.4453125,95,19053.1699283123
2026-02-13T21:43:46,gaming,30.9,46.7,346495.22294462443,244536.28311322298,0.0,8907.787845262044,78.0,7953.33984375,152.295,62.0,1980.0,541.7,4635.63671875,85,2258.5417971611023,99.5,39.55859375,3,2268.913150548935,16.0,30.3828125,14,19085.209827899933,13.6,115.65234375,37,19053.64216685295,11.9,4.79296875,402,1771008224.8655746
2026-02-13T21:43:48,gaming,30.0,46.7,339832.9633409694,190308.75303831906,35788.3884678956,9226.693901879335,76.0,7953.33984375,152.334,62.0,1980.0,514.4,4635.63671875,85,2260.386977672577,99.6,39.5546875,3,2270.7481977939606,12.7,115.66015625,37,19055.485065698624,11.9,4.79296875,402,1771008226.697665,7.6,126.1328125,43,19063.081104040146
2026-02-13T21:43:50,gaming,30.7,46.7,342616.1207776134,141798.62914520956,0.0,25284.185157631367,79.0,7953.33984375,153.498,63.0,1980.0,473.6,4635.63671875,85,2262.187553167343,98.0,39.5546875,3,2272.581242799759,16.4,30.38671875,14,19088.85042142868,13.7,115.66796875,37,19057.31217765808,11.0,4.79296875,402,1771008228.5377555
2026-02-13T21:43:52,gaming,24.5,46.7,344665.9680304723,136772.11325304184,36139.053712287925,10164.108856580979,76.0,7953.33984375,154.23,62.0,1980.0,456.5,4635.63671875,85,2263.997549533844,99.2,39.5546875,3,2274.3920702934265,13.0,115.671875,37,19059.115983247757,5.2,4.79296875,402,1771008230.352246,2.6,345.4453125,95,19060.47061276436
2026-02-13T21:43:53,gaming,28.4,46.7,336043.40218464116,170519.00433356076,0.0,38754.673343890565,78.0,7953.33984375,151.798,62.0,1980.0,516.0,4635.63671875,85,2265.8602180480957,98.8,39.5546875,3,2276.194896221161,11.8,30.390625,14,19092.50757908821,11.2,115.6796875,37,19060.933600902557,7.0,4.79296875,402,1771008232.1527522
2026-02-13T21:43:55,gaming,28.9,46.7,339170.58642721904,277300.7090295191,0.0,390767.04989894165,80.0,7953.33984375,150.791,63.0,1980.0,576.1,4635.63671875,85,2267.6778185367584,97.5,39.5546875,3,2278.0538227558136,14.3,115.51171875,37,19062.7900891304,10.9,4.79296875,402,1771008234.01437,6.9,345.4375,95,19064.149013757706
2026-02-13T21:43:57,gaming,30.4,46.7,344049.3444882926,220376.96407471717,36158.63022152065,10734.593347013944,77.0,7953.33984375,150.83,63.0,1980.0,458.4,4635.63671875,85,2269.5073993206024,99.0,39.671875,2,2279.8690135478973,14.7,115.56640625,37,19064.59231519699,12.9,30.38671875,14,19096.159383535385,6.9,345.4296875,95,19065.964267492294
2026-02-13T21:43:59,gaming,25.6,46.7,341500.72817737685,213709.5732618505,0.0,47821.27709161635,77.0,7953.33984375,152.388,62.0,1980.0,443.7,4635.63671875,85,2271.300094127655,99.4,39.6875,3,2281.691394805908,6.8,115.578125,37,19066.423102378845,5.2,4.79296875,402,1771008237.6489308,5.2,345.4375,95,19067.75893521309
2026-02-13T21:44:01,gaming,24.8,46.7,342552.9587260201,188576.4132270344,73628.50054957955,32212.46899044105,78.0,7953.33984375,153.045,63.0,1980.0,412.9,4635.63671875,85,2273.0943524837494,99.8,39.6875,3,2283.4763782024384,13.2,115.578125,37,19068.20579624176,11.4,30.390625,14,19099.75264763832,10.5,4.79296875,402,1771008239.4280689
2026-02-13T21:44:02,gaming,28.3,46.7,339303.02633104054,225403.90516681861,36180.60415593106,11023.777828760245,78.0,7953.33984375,153.909,63.0,1980.0,551.6,4635.63671875,85,2274.881404876709,99.6,39.6875,3,2285.28027844429,6.9,115.5703125,37,19070.011038303375,3.5,4.79296875,402,1771008241.2384262,3.5,345.1640625,95,19071.345116376877
2026-02-13T21:44:04,gaming,28.5,46.7,337584.50810767186,264518.85445445677,0.0,64491.39334887892,76.0,7953.33984375,154.369,63.0,1980.0,493.0,4635.6015625,85,2276.6527457237244,99.2,39.05078125,3,2287.0602276325226,11.5,30.38671875,14,19103.312876224518,10.6,115.5703125,37,19071.781073093414,10.6,61.10546875,33,19105.508964061737
2026-02-13T21:44:06,gaming,27.0,46.7,345774.1147147682,255303.47085477848,0.0,88094.97203075448,76.0,7953.33984375,151.977,63.0,1980.0,468.6,4635.6015625,85,2278.4496030807495,98.5,39.05078125,3,2288.8375627994537,11.4,115.6328125,37,19073.565584659576,6.1,4.79296875,402,1771008244.7962441,4.3,345.1640625,95,19074.917217731476
2026-02-13T21:44:08,gaming,28.2,46.7,344940.8894193502,195533.66638779026,36416.607538777396,37554.62652436419,76.0,7953.33984375,152.022,62.0,1980.0,487.8,4635.6015625,85,2280.275999546051,100.0,39.68359375,3,2290.6500062942505,15.5,30.3515625,13,19106.928232192993,13.8,115.671875,37,19075.376378536224,8.6,61.10546875,33,19109.114579916
2026-02-13T21:44:10,gaming,26.4,46.7,339505.02087470196,260339.9084694076,0.0,109267.94113789775,81.0,7953.33984375,153.238,63.0,1980.0,474.2,4635.6015625,85,2282.097779273987,100.3,39.68359375,3,2292.4716408252716,14.6,115.671875,37,19077.196944713593,6.0,345.1640625,95,19078.564832687378,5.1,4.79296875,402,1771008248.4278998
2026-02-13T21:44:12,gaming,25.9,46.7,340646.8503099191,293808.4618216825,1133.4233646911787,125526.63763954805,81.0,7953.33984375,154.699,63.0,1980.0,507.7,4635.6015625,85,2283.901374101639,98.9,39.68359375,3,2294.2878942489624,14.7,30.390625,14,19110.559777021408,10.3,115.65234375,37,19079.01536989212,7.8,4.79296875,401,1771008250.2374637
2026-02-13T21:44:13,gaming,30.5,46.7,342338.46313559206,292141.7475911381,36450.072573697325,61794.26366009624,80.0,7953.33984375,154.476,63.0,1980.0,438.9,4635.6015625,85,2285.684499502182,99.1,39.68359375,3,2296.0697317123413,14.9,115.65234375,37,19080.79756951332,11.3,4.79296875,401,1771008252.0322127,8.8,61.234375,33,19114.531784534454
2026-02-13T21:44:15,gaming,26.3,46.7,341014.8074942594,244821.74695440842,0.0,49136.19587270073,80.0,7953.33984375,153.617,63.0,1980.0,524.8,4635.6015625,85,2287.4713459014893,99.3,39.68359375,3,2297.8649497032166,14.8,30.390625,14,19114.131451368332,10.5,115.6484375,37,19082.590921878815,7.0,4.79296875,401,1771008253.8131459
2026-02-13T21:44:17,gaming,30.0,46.7,345036.8904950516,250954.8125978152,36512.97223861239,37939.260216683186,79.0,7953.33984375,153.301,63.0,1980.0,475.0,4635.6015625,85,2289.2641894817352,100.3,39.05078125,3,2299.655781984329,21.0,115.65234375,37,19084.381398439407,16.5,4.79296875,401,1771008255.6091187,9.6,61.234375,33,19118.12211918831
2026-02-13T21:44:19,gaming,26.3,46.7,342884.16730504256,271742.1787611125,36540.88673528327,10277.124394298418,83.0,7953.33984375,155.002,63.0,1980.0,450.8,4635.60546875,85,2291.0695481300354,97.8,39.68359375,3,2301.4457128047943,14.0,115.65234375,37,19086.17270874977,7.9,30.38671875,14,19117.72010231018,7.8,345.4453125,95,19087.526740789413
2026-02-13T21:44:20,gaming,28.7,46.7,341627.89302388765,279266.4365106171,0.0,9932.074555777026,86.0,7953.33984375,155.845,63.0,1980.0,519.5,4635.63671875,85,2292.8657603263855,99.9,39.6875,3,2303.2450652122498,13.0,115.6640625,37,19087.97702717781,12.1,4.79296875,401,1771008259.2063644,6.1,345.4453125,95,19089.33208346367
2026-02-13T21:44:22,gaming,28.4,46.7,343802.16397534555,322353.5367334832,0.0,9692.080340212331,80.0,7953.33984375,155.636,63.0,1980.0,519.1,4635.63671875,85,2294.6798429489136,99.3,39.6875,3,2305.054486989975,15.6,115.66796875,37,19089.784023046494,14.7,30.3515625,13,19121.33532476425,12.1,345.4453125,95,19091.134531497955
2026-02-13T21:44:24,gaming,30.6,46.7,341077.71803019894,341972.88576598925,0.0,50704.77914073771,82.0,7953.33984375,155.348,63.0,1980.0,487.1,4635.63671875,85,2296.4537284374237,100.0,39.6875,3,2306.8519921302795,13.1,115.6640625,37,19091.58033967018,10.4,4.79296875,401,1771008262.8104937,3.5,345.4453125,95,19092.91895699501
2026-02-13T21:44:26,gaming,27.9,46.7,342007.9384499821,344339.66491498693,0.0,11630.238188820995,78.0,7953.33984375,154.441,62.0,1980.0,527.0,4635.63671875,85,2298.2206993103027,99.7,39.6875,3,2308.6233258247375,15.1,30.390625,14,19124.881520986557,15.0,115.66796875,37,19093.34919834137,6.2,345.4453125,95,19094.67517185211
2026-02-13T21:44:28,gaming,32.2,46.7,340067.0346000338,341765.2449021495,0.0,10649.088369175675,81.0,7953.33984375,156.351,63.0,1980.0,527.5,4635.63671875,85,2299.983250617981,98.9,39.6953125,3,2310.391450881958,11.5,115.66015625,37,19095.118500471115,9.6,345.4453125,95,19096.458924770355,7.0,4.79296875,401,1771008266.3497012
2026-02-13T21:44:29,gaming,27.7,46.7,343816.22365747264,310124.2991443745,439475.3375907653,60370.63556748143,81.0,7953.33984375,155.049,63.0,1980.0,507.4,4635.63671875,85,2301.788506269455,99.3,39.6953125,3,2312.184674024582,15.7,115.66015625,37,19096.910564899445,14.8,30.3515625,13,19128.441427230835,7.9,345.4296875,95,19098.247854471207
2026-02-13T21:44:31,gaming,29.1,46.7,344326.64582085464,305458.5640160493,0.0,8665.811280127291,83.0,7953.33984375,156.067,63.0,1980.0,488.4,4635.79296875,85,2303.5859246253967,99.7,39.6953125,3,2313.957132101059,10.6,115.66015625,37,19098.685358047485,9.7,4.79296875,401,1771008269.912772,9.6,345.4453125,95,19100.031428813934
2026-02-13T21:44:33,gaming,25.8,46.7,337588.3626250292,343656.6071361893,0.0,10656.978216317482,81.0,7953.33984375,155.983,63.0,1980.0,494.3,4635.79296875,85,2305.3658006191254,100.0,39.5625,3,2315.738625049591,13.3,30.390625,14,19132.011438846588,11.4,345.4375,95,19101.808596372604,9.6,115.4921875,37,19100.47265934944
2026-02-13T21:44:35,gaming,28.4,46.7,341049.1753705533,253445.40168757518,0.0,52597.711671722216,81.0,7953.33984375,155.733,63.0,1980.0,495.6,4635.79296875,85,2307.090263366699,99.6,39.55859375,3,2317.4941842556,11.5,4.79296875,401,1771008273.4581056,9.9,345.4453125,95,19103.542640686035,8.9,115.546875,37,19102.223534345627
2026-02-13T21:44:36,gaming,27.9,46.6,343143.54733705136,290442.4394330546,0.0,12049.509950886044,81.0,7953.33984375,157.418,63.0,1980.0,478.2,4635.83984375,86,2308.8444085121155,99.7,39.55859375,3,2319.2489993572235,9.8,115.55078125,37,19103.97454237938,8.9,30.390625,14,19135.51077771187,8.0,345.4453125,95,19105.29945921898
2026-02-13T21:44:38,gaming,28.4,46.6,343560.4581450908,254175.81213845056,0.0,24590.79796745058,83.0,7953.33984375,156.541,63.0,1980.0,469.4,4635.8515625,86,2310.582384824753,98.5,39.5625,3,2320.993095636368,14.5,345.4453125,95,19107.028335809708,12.6,115.55859375,37,19105.71518778801,6.3,4.79296875,401,1771008276.9526129
2026-02-13T21:44:40,gaming,27.4,46.7,340827.461422246,311643.8293373074,0.0,4137.917371223632,85.0,7953.33984375,156.937,63.0,1980.0,512.4,4635.8515625,86,2312.32595038414,98.9,39.5625,3,2322.7310450077057,11.6,30.3515625,13,19138.99915599823,7.1,345.4453125,95,19108.7806994915,6.3,399.6015625,277,19136.002155065536
2026-02-13T21:44:42,gaming,29.0,46.7,336484.0758649956,293711.2544801143,0.0,17022.685230516287,84.0,7953.33984375,158.394,63.0,1980.0,475.0,4635.8515625,86,2314.046147584915,98.7,39.5625,3,2324.4735441207886,10.1,345.4296875,95,19110.48668241501,9.0,115.578125,37,19109.19658780098,5.4,4.79296875,401,1771008280.42862
2026-02-13T21:44:43,gaming,28.4,46.7,338272.7343694055,180986.25399056694,76621.20089873383,37711.99731734556,80.0,7953.33984375,155.805,63.0,1980.0,458.5,4635.8515625,86,2315.798930644989,99.4,39.5625,3,2326.185443162918,15.1,345.4453125,95,19112.248028993607,11.7,30.3515625,13,19142.461468935013,6.4,115.55859375,37,19110.914854049683
2026-02-13T21:44:45,gaming,26.9,46.7,352410.4288817395,252419.221224659,0.0,34441.949855163526,79.0,7953.33984375,154.226,63.0,1980.0,540.1,4635.859375,86,2317.5686509609222,100.2,39.5625,3,2327.948486804962,8.9,115.625,37,19112.675439357758,8.0,61.06640625,33,19146.411467790604,7.9,4.79296875,401,1771008283.9095323
2026-02-13T21:44:47,gaming,28.8,46.7,344348.9121352417,246798.87017485005,0.0,37123.293807690745,80.0,7953.33984375,154.291,63.0,1980.0,523.8,4635.859375,86,2319.340895175934,100.2,38.93359375,3,2329.7258410453796,10.6,30.3515625,14,19146.00182366371,9.7,4.79296875,401,1771008285.6776257,6.2,115.62109375,37,19114.448962926865
2026-02-13T21:44:49,gaming,29.6,46.7,338504.1945903408,281162.0334074263,73278.45945154836,12022.247253769652,80.0,7953.33984375,155.313,63.0,1980.0,500.9,4635.859375,86,2321.1155257225037,98.9,39.5625,3,2331.511444091797,11.4,4.79296875,401,1771008287.4634204,7.9,115.62109375,37,19116.23744916916,4.4,61.07421875,33,19149.97605919838
2026-02-13T21:44:50,gaming,25.9,46.7,337238.8350900288,343685.5573127322,74395.56041329257,10752.483340983692,81.0,7953.33984375,156.324,63.0,1980.0,483.6,4635.859375,86,2322.8824558258057,100.3,39.5625,3,2333.272024154663,12.4,30.38671875,14,19149.539220809937,6.2,115.62109375,37,19117.996801376343,4.4,4.79296875,401,1771008289.2241943
2026-02-13T21:44:52,gaming,29.0,46.7,342650.38527774415,304213.5916644575,0.0,9078.134404185663,81.0,7953.33984375,156.218,63.0,1980.0,506.9,4635.859375,86,2324.593193054199,98.7,39.5625,3,2335.0141072273254,13.5,115.625,37,19119.73899793625,8.0,4.79296875,401,1771008290.974416,5.4,345.1640625,95,19121.056191682816
2026-02-13T21:44:54,gaming,28.2,46.7,341317.1636392024,299020.9548208618,37779.563330454395,54898.427964566545,83.0,7953.33984375,156.148,63.0,1980.0,524.5,4635.86328125,86,2326.372392177582,99.4,39.6875,3,2336.757599592209,14.2,30.3515625,14,19153.029980182648,6.2,399.7265625,277,19150.042883634567,5.4,4.79296875,401,1771008292.7095678
2026-02-13T21:44:56,gaming,29.6,46.7,342402.39954872994,219033.46536793502,74118.17013010685,84830.56190672386,81.0,7953.33984375,155.283,63.0,1980.0,443.1,4635.86328125,86,2328.1323635578156,99.0,39.05859375,3,2338.5246212482452,11.6,61.07421875,33,19156.978333473206,9.7,4.79296875,401,1771008294.4792542,8.9,115.625,37,19123.249869585037
2026-02-13T21:44:57,gaming,23.6,46.7,345104.56810748245,242282.044022983,0.0,10189.737326805345,85.0,7953.33984375,156.137,63.0,1980.0,486.3,4635.86328125,86,2329.86975812912,100.6,39.6875,3,2340.2801082134247,10.7,115.62890625,37,19125.00483250618,8.0,171.6328125,165,19136.778240442276,6.2,4.79296875,401,1771008296.2354813
2026-02-13T21:44:59,gaming,30.2,46.7,340756.65553340083,316664.5690869622,37455.49597556108,22824.442860107534,82.0,7953.33984375,156.483,63.0,1980.0,500.5,4635.86328125,86,2331.6500005722046,98.6,39.6875,3,2342.0402233600616,11.5,30.3828125,14,19158.304156541824,8.9,4.79296875,401,1771008297.98691,8.0,115.61328125,37,19126.76920080185
2026-02-13T21:45:01,gaming,28.8,46.7,353171.1366782146,274693.60171958065,0.0,42068.08720914319,84.0,7953.33984375,157.639,63.0,1980.0,510.8,4635.86328125,86,2333.4054622650146,99.2,39.6875,3,2343.8031191825867,10.7,115.61328125,37,19128.528545856476,8.9,345.1640625,95,19129.86036491394,7.1,30.3515625,13,19160.068522691727
2026-02-13T21:45:03,gaming,32.8,46.7,338296.78089504293,321809.26192158286,75342.61014849773,10300.747481239923,82.0,7953.33984375,156.537,63.0,1980.0,470.9,4636.14453125,86,2335.1446492671967,99.6,39.6875,3,2345.5445058345795,18.1,61.06640625,33,19163.994467020035,13.6,30.3515625,13,19161.79726624489,13.5,4.79296875,401,1771008301.50059
2026-02-13T21:45:04,gaming,25.5,46.7,344188.4947779481,273645.63774336874,74514.39612233758,59378.65940998776,78.0,7953.33984375,154.724,63.0,1980.0,474.9,4636.1484375,86,2336.8876316547394,99.8,39.5625,3,2347.2986104488373,7.1,115.6328125,37,19132.02380156517,6.2,345.48046875,95,19133.347894906998,4.4,4.79296875,401,1771008303.2598436
2026-02-13T21:45:06,gaming,29.1,46.7,343239.387478898,209918.11484394787,112712.76066931093,73967.74918923528,83.0,7953.33984375,154.94,63.0,1980.0,519.7,4636.140625,86,2338.6488704681396,100.1,39.5625,3,2349.0465767383575,13.4,115.6328125,37,19133.773272275925,11.6,345.4375,95,19135.099840402603,8.1,4.79296875,401,1771008305.0044124
2026-02-13T21:45:08,gaming,28.2,46.7,335059.92070232815,211263.67742966692,74593.71298515251,23601.916999208413,82.0,7953.33984375,155.078,63.0,1980.0,549.5,4636.140625,86,2340.4240849018097,98.5,39.5625,3,2350.8064801692963,14.2,30.390625,14,19167.074779987335,9.8,115.63671875,37,19135.529175281525,5.3,345.4765625,95,19136.8771378994
2026-02-13T21:45:10,gaming,33.4,46.7,343103.6231553746,322575.0592036134,37101.09666159123,12753.501977421985,77.0,7953.33984375,155.064,63.0,1980.0,501.1,4636.14453125,86,2342.1572659015656,99.3,38.93359375,3,2352.569581270218,15.0,4.79296875,401,1771008308.5285823,10.6,61.06640625,33,19171.030844926834,7.9,115.63671875,37,19137.299516439438
2026-02-13T21:45:11,gaming,24.6,46.6,339387.8542658595,309925.6841509031,0.0,25673.205242783737,80.0,7953.33984375,155.798,63.0,1980.0,446.3,4636.14453125,86,2343.8937249183655,99.4,39.5625,3,2354.313285589218,13.5,115.671875,37,19139.040611982346,11.7,30.3515625,13,19170.561247587204,4.5,4.79296875,401,1771008310.2636578
2026-02-13T21:45:13,gaming,27.8,46.6,339527.9775631175,226083.02601043874,37933.64224720453,44157.130428386525,80.0,7953.33984375,152.719,63.0,1980.0,504.9,4636.14453125,86,2345.6172320842743,96.6,38.93359375,3,2356.0284612178802,8.2,115.671875,37,19140.755420446396,8.2,61.23046875,33,19174.485224962234,8.1,4.79296875,401,1771008311.9895675
2026-02-13T21:45:15,gaming,27.1,46.6,345673.33641903626,224424.92083358348,38112.975570932926,9230.486271085318,81.0,7953.33984375,154.204,63.0,1980.0,455.0,4636.14453125,86,2347.3447794914246,99.7,38.93359375,3,2357.7530841827393,13.5,30.3515625,13,19174.014142274857,10.9,115.671875,37,19142.480478048325,7.3,4.79296875,401,1771008313.7098033
2026-02-13T21:45:17,gaming,29.1,46.7,346835.1212566049,280949.3844635661,75359.09326704637,19134.14477483599,61.0,7953.33984375,131.255,60.0,1980.0,435.5,4638.69140625,86,2348.9807517528534,99.8,39.5625,3,2359.489620923996,11.7,115.65234375,37,19144.214490652084,10.8,4.79296875,401,1771008315.4487433,5.8,345.48828125,95,19145.421409368515
2026-02-13T21:45:18,gaming,21.9,46.7,335687.31191280595,255525.98153813984,267417.54279134714,101227.63117455476,82.0,7953.33984375,145.914,62.0,1980.0,481.7,4639.19921875,86,2350.677940607071,99.2,38.93359375,3,2361.112384557724,12.2,30.3515625,13,19177.350049972534,5.8,115.65234375,37,19145.839098215103,2.9,4.79296875,401,1771008317.070609
2026-02-13T21:45:20,gaming,31.7,46.7,350764.23171636544,289687.57877639146,5718225.212250786,11615.14496238441,81.0,7953.33984375,146.366,62.0,1980.0,543.3,4639.203125,86,2352.417176961899,97.8,39.5625,3,2362.8381555080414,15.4,115.61328125,37,19147.56814813614,10.0,4.79296875,401,1771008318.7926166,5.4,61.06640625,33,19181.300127267838
2026-02-13T21:45:22,gaming,28.3,46.7,349470.8005604606,298214.22215171944,7745986.885772133,228187.79964565014,79.0,7953.33984375,146.65,62.0,1980.0,464.4,4639.203125,86,2354.1609337329865,99.3,39.5625,3,2364.569155931473,12.7,30.38671875,14,19180.81712293625,5.4,115.61328125,37,19149.291013479233,5.4,399.984375,277,19177.833528280258
2026-02-13T21:45:23,gaming,26.7,46.7,341830.9659269118,143993.01258517316,0.0,12041.387426752426,76.0,7953.33984375,146.627,62.0,1980.0,393.0,4639.203125,86,2355.905974626541,100.5,39.5625,3,2366.310084104538,13.4,4.79296875,401,1771008322.27024,13.4,61.07421875,33,19184.765668153763,7.2,115.61328125,37,19151.03345322609
2026-02-13T21:45:25,gaming,21.7,46.7,341660.7319740371,165679.21152959403,0.0,85655.56248313624,83.0,7953.33984375,146.711,62.0,1980.0,415.4,4639.203125,86,2357.6292345523834,98.5,39.5625,3,2368.039561986923,14.5,30.38671875,13,19184.294505119324,8.1,115.6171875,37,19152.76627612114,1.8,22.95703125,5,19183.27676153183
2026-02-13T21:45:27,gaming,26.0,46.7,341954.185495445,197567.36834574945,1223324.0036210604,37932.52724406389,80.0,7953.33984375,147.839,62.0,1980.0,393.5,4639.203125,86,2359.3758459091187,99.4,39.5625,3,2369.769718170166,9.9,4.796875,401,1771008325.7263181,8.1,115.62109375,37,19154.496980190277,6.3,61.07421875,33,19188.227778673172
2026-02-13T21:45:29,gaming,25.8,46.7,355309.9428567676,199396.8903303687,37604.16972567681,7932.129551509951,62.0,7953.33984375,140.646,62.0,1980.0,543.8,4639.203125,86,2361.104964017868,99.4,39.5625,3,2371.513601541519,9.8,30.3515625,13,19187.787766695023,8.1,115.6328125,37,19156.241225242615,2.7,4.796875,402,1771008327.4694948
2026-02-13T21:45:30,gaming,30.1,46.7,342001.3591874931,200512.09650410523,283503.4034941758,845785.1537576244,62.0,7953.33984375,134.819,61.0,1980.0,603.0,4639.21484375,86,2362.8659517765045,100.7,39.5625,3,2373.253108024597,17.1,4.796875,402,1771008329.199879,14.4,115.64453125,37,19157.982229948044,7.2,175.140625,148,19191.68311023712
2026-02-13T21:45:32,gaming,30.7,46.7,340048.02267638646,307333.71019307215,0.0,59288.48792093729,65.0,7953.33984375,136.36,61.0,1980.0,499.5,4639.21484375,86,2364.5921256542206,100.0,39.5625,3,2375.001690387726,16.1,115.63671875,37,19159.733595609665,13.5,30.38671875,14,19191.254278182983,3.6,345.4453125,95,19161.04291510582
2026-02-13T21:45:34,gaming,26.7,46.7,345273.5147216887,332958.1577428248,0.0,92525.65380259775,69.0,7953.33984375,147.622,62.0,1980.0,399.1,4639.21875,86,2366.373117685318,97.5,39.5625,3,2376.749150276184,10.7,4.796875,402,1771008332.7078402,9.0,115.640625,37,19161.477334976196,6.3,61.359375,33,19195.20996570587
2026-02-13T21:45:36,gaming,24.9,46.7,341989.93511526857,137464.5464084961,0.0,112331.88819995713,68.0,7953.33984375,148.409,62.0,1980.0,449.5,4639.21875,86,2368.121208190918,99.3,39.5625,3,2378.5256564617157,15.2,30.390625,14,19194.788365602493,9.0,345.1640625,95,19164.56613588333,6.2,115.6328125,37,19163.24879169464
2026-02-13T21:45:37,gaming,26.8,46.7,341997.0220988707,61620.55250228137,0.0,20275.604969875254,75.0,7953.33984375,151.185,62.0,1980.0,490.9,4639.21875,86,2369.865359544754,99.1,39.5625,3,2380.276607275009,9.8,115.6328125,37,19165.01148748398,3.6,4.796875,402,1771008336.2245598,3.6,345.1640625,95,19166.319954156876
2026-02-13T21:45:39,gaming,27.0,46.7,341108.8073510861,99460.80467839882,0.0,21891.09120096817,71.0,7953.33984375,151.993,62.0,1980.0,463.2,4639.21875,86,2371.6101961135864,98.1,39.5625,3,2382.028043985367,11.7,115.6328125,37,19166.75155067444,10.8,30.3515625,14,19198.276967048645,9.8,4.796875,402,1771008337.9788015
2026-02-13T21:45:41,gaming,25.8,46.7,334144.5945101759,33961.47674576928,0.0,46214.687292581715,70.0,7953.33984375,150.997,62.0,1980.0,440.8,4639.21875,86,2373.2968640327454,100.3,39.625,3,2383.7414333820343,9.9,4.796875,401,1771008339.7063906,9.2,115.6328125,37,19168.45765542984,2.8,345.1640625,95,19169.73553609848
2026-02-13T21:45:43,gaming,25.2,46.7,343700.23272738035,20116.799234130372,58669.17352217499,530772.6792084269,67.0,7953.33984375,143.586,61.0,1980.0,505.1,4639.21875,86,2375.0322856903076,98.0,39.56640625,3,2385.4171209335327,14.5,30.38671875,14,19201.696068048477,9.3,115.63671875,37,19170.14496254921,6.5,4.796875,401,1771008341.380925
2026-02-13T21:45:44,gaming,28.3,46.7,344450.9645978424,286196.0073489115,113096.4504625985,16787.754365541965,61.0,7953.33984375,138.941,62.0,1980.0,472.3,4639.21875,86,2376.7491006851196,99.2,39.56640625,3,2387.1649692058563,9.9,115.63671875,37,19171.88827753067,6.3,175.171875,148,19205.603588581085,5.4,345.1640625,95,19173.198553085327
2026-02-13T21:45:46,gaming,26.5,46.7,340417.9145547786,262614.06872446253,0.0,49613.91365744181,64.0,7953.33984375,153.023,62.0,1980.0,452.4,4639.21875,86,2378.527638196945,99.4,39.56640625,3,2388.9085977077484,12.5,175.1640625,148,19207.347230196,12.5,115.64453125,37,19173.63937520981,10.8,4.796875,401,1771008344.8648508
2026-02-13T21:45:48,gaming,29.2,46.7,341998.2698408061,181848.02263438632,36840.90912604839,11800.603704437375,74.0,7953.33984375,153.261,62.0,1980.0,483.4,4639.21875,86,2380.2958261966705,99.9,39.56640625,3,2390.6924788951874,14.0,115.61328125,37,19175.4232442379,12.3,4.796875,401,1771008346.6436281,12.3,175.12890625,148,19209.125113010406
2026-02-13T21:45:50,gaming,28.2,46.7,339736.6469003061,111848.68306993567,0.0,85453.60869004209,73.0,7953.33984375,140.239,62.0,1980.0,500.5,4639.2265625,86,2382.1883182525635,100.0,39.56640625,3,2392.536257982254,11.7,30.3515625,13,19208.83333325386,10.1,115.61328125,37,19177.271147489548,9.4,4.796875,401,1771008348.4749134
2026-02-13T21:45:52,gaming,26.4,46.7,355774.62586868583,232921.23861010268,213835.11068146458,7796.071743595063,71.0,7953.33984375,145.021,61.0,1980.0,503.8,4639.2265625,86,2383.9776923656464,98.7,39.56640625,3,2394.3561334609985,7.8,115.61328125,37,19179.082087278366,6.9,30.3515625,14,19210.641636371613,4.2,4.796875,401,1771008350.309946
2026-02-13T21:45:53,gaming,29.2,46.7,339660.2705626689,299485.2193337119,0.0,25786.527198439093,72.0,7953.33984375,146.092,62.0,1980.0,535.9,4639.23828125,86,2385.831331729889,99.1,39.69921875,3,2396.15372633934,15.6,115.625,37,19180.882457971573,13.1,4.796875,401,1771008352.0969915,6.1,175.1484375,148,19214.58231973648
2026-02-13T21:45:55,gaming,28.4,46.7,343519.0289670609,203481.6139108628,0.0,75662.53829412138,71.0,7953.33984375,148.607,62.0,1980.0,450.4,4639.23828125,86,2387.618282556534,100.6,39.69921875,3,2397.986482143402,15.3,115.62109375,37,19182.71537923813,10.2,4.796875,401,1771008353.9395432,5.9,175.14453125,148,19216.423151016235
2026-02-13T21:45:57,gaming,31.4,46.7,316257.37664686085,78934.384851161,0.0,9138.426369614128,76.0,7953.33984375,149.909,62.0,1980.0,479.5,4639.23828125,86,2389.381165266037,98.8,39.69921875,3,2399.774274110794,15.7,115.62109375,37,19184.50791311264,14.1,30.3515625,13,19216.051208019257,12.2,4.796875,401,1771008355.73144
2026-02-13T21:45:59,gaming,26.3,46.7,337361.5836631183,168064.2359961288,0.0,19123.134273394295,71.0,7953.33984375,149.225,62.0,1980.0,480.6,4639.23828125,86,2391.1636126041412,100.4,39.06640625,3,2401.5475215911865,14.1,115.62109375,37,19186.27509379387,7.1,4.796875,401,1771008357.4987438,3.5,400.26171875,277,19214.837725639343
2026-02-13T21:46:00,gaming,27.9,46.7,341756.2578240914,132245.2050096767,0.0,38102.96434851594,71.0,7953.33984375,146.391,61.0,1980.0,437.4,4639.23828125,86,2392.9094712734222,99.3,39.69921875,3,2403.3095574378967,9.8,115.53515625,37,19188.03405547142,9.8,61.23828125,33,19221.763245105743,9.8,30.3515625,13,19219.5738594532
2026-02-13T21:46:02,gaming,25.7,46.7,342546.60294714116,119115.08468117048,0.0,33035.419202361336,63.0,7953.33984375,142.077,62.0,1980.0,441.7,4639.27734375,86,2394.6500549316406,99.5,39.69921875,3,2405.053056001663,17.0,115.54296875,37,19189.783623218536,4.5,345.4453125,95,19191.106091976166,4.5,29.171875,4,2373.7582178115845
2026-02-13T21:46:04,gaming,26.9,46.7,344854.13159291167,107884.70191388026,1188284.8219709864,16246.08155038458,71.0,7953.33984375,145.657,62.0,1980.0,463.5,4639.27734375,86,2396.4637799263,98.9,39.69921875,3,2406.82439661026,15.9,4.796875,401,1771008362.77307,12.1,30.3515625,14,19223.119396209717,9.7,115.53125,37,19191.55153155327
2026-02-13T21:46:06,gaming,26.7,46.7,336076.4487517741,127050.4750088078,0.0,120236.86088631618,71.0,7953.33984375,148.909,62.0,1980.0,469.9,4639.27734375,86,2398.206237077713,99.9,39.69921875,3,2408.620382785797,11.3,115.54296875,37,19193.346383810043,6.1,175.12890625,148,19227.059554815292,4.5,345.4375,95,19194.661789655685
2026-02-13T21:46:08,gaming,27.9,46.7,342890.75581706833,120261.77569012718,0.0,102568.67862697413,73.0,7953.33984375,148.044,62.0,1980.0,478.3,4639.27734375,86,2399.976662874222,100.3,39.69921875,3,2410.366377353668,17.9,115.55078125,37,19195.092911481857,12.4,30.3515625,13,19226.63364624977,10.7,61.0703125,33,19228.824555635452
2026-02-13T21:46:09,gaming,25.2,46.7,343738.1920110159,103751.68762285994,0.0,21125.988529949896,71.0,7953.33984375,148.246,62.0,1980.0,472.8,4639.27734375,86,2401.754493713379,99.7,39.69921875,3,2412.1367626190186,11.5,115.59375,37,19196.863250494003,11.4,345.4453125,95,19198.20600628853,5.3,4.796875,401,1771008368.0943933
2026-02-13T21:46:11,gaming,27.8,46.7,344746.7902929219,113705.46675902462,0.0,56176.87793957799,70.0,7953.33984375,145.846,61.0,1980.0,493.7,4639.27734375,86,2403.549348592758,100.7,39.68359375,2,2413.905802488327,18.4,115.6015625,37,19198.643738031387,14.8,30.3515625,13,19230.206104278564,6.1,61.078125,33,19232.38024497032
2026-02-13T21:46:12,gaming,27.7,46.6,342713.42367423064,59927.21261225339,0.0,38602.725339660814,0.0,7953.33984375,60.953,55.0,1980.0,190.4,4609.82421875,81,2404.9354400634766,98.5,39.68359375,2,2415.6190464496613,27.6,158.6015625,23,19125.023979902267,12.5,4.796875,401,1771008371.6079834,11.3,115.609375,37,19200.30931520462
2026-02-13T21:46:14,gaming,7.7,46.6,12075.955731393491,3785.0354971304055,72475.73660846773,181189.34152116932,8.0,1359.9609375,55.872,54.0,1815.0,98.2,39.68359375,2,2416.923626422882,12.0,379.52734375,240,19231.265959501266,9.9,400.84765625,277,19230.192737340927,8.9,30.3515625,13,19233.087993860245,8.4,115.609375,37,19201.61621260643
2026-02-13T21:46:15,gaming,20.8,31.2,7573.621138173452,7602.611075544451,274901.9127767252,3629076.319851121,3.0,1374.9609375,55.654,53.0,1815.0,100.3,39.6875,2,2418.5754618644714,66.1,4.796875,404,1771008374.5636008,47.3,175.51953125,151,19237.0279276371,33.8,55.109375,30,19233.20006608963,33.2,67.98046875,31,19235.67501592636
2026-02-13T21:46:17,gaming,7.1,31.2,7133.994083237343,5026.712519193539,625699.5793780981,193340.7762584306,3.0,1374.9609375,54.635,52.0,1815.0,98.4,39.68359375,2,2419.877506017685,69.8,154.20703125,49,19211.84710407257,16.4,381.58203125,249,19234.135528087616,16.3,345.4453125,95,19205.634991645813,14.4,115.625,37,19204.569991111755
2026-02-13T21:46:18,gaming,12.9,31.3,23155.808960622267,9251.525576940303,72704.61030582298,14102801.050102942,3.0,1374.9609375,54.63,52.0,1815.0,117.4,176.83203125,50,19213.165066957474,100.0,39.6875,2,2421.2368972301483,22.6,98.0078125,56,19235.902258872986,18.3,115.625,37,19205.93388080597,16.6,345.4453125,95,19206.95208621025
2026-02-13T21:46:19,gaming,15.1,31.3,14703.13727392742,759404.7673817892,268414.0740262562,769557.1139712317,4.0,1375.0234375,54.576,52.0,1815.0,99.7,39.6875,2,2422.552855491638,77.6,177.8125,50,19214.473475456238,38.1,381.5859375,249,19236.773895978928,18.9,175.1953125,151,19241.003591537476,16.6,115.62109375,37,19207.250120401382
2026-02-13T21:46:21,gaming,13.2,31.3,5929.58827816291,37457.132387202495,0.0,321182.54237234243,0.0,1406.71875,53.776,51.0,1815.0,100.6,39.69140625,2,2423.9209203720093,21.8,175.34765625,151,19242.298521518707,16.0,381.6015625,249,19238.340673923492,15.5,115.62109375,37,19208.659504890442,10.4,340.29296875,35,19134.736588954926
2026-02-13T21:46:23,gaming,12.0,31.2,12709.270095588518,30224.15150423471,35582.48141594708,333863.7514105659,0.0,1411.5625,52.713,51.0,1815.0,100.0,39.6875,2,2425.7492640018463,28.0,355.79296875,36,19136.411480903625,22.2,115.625,37,19210.486155748367,20.0,175.2109375,151,19244.174611330032,17.9,307.73828125,77,19242.021667718887
2026-02-13T21:46:24,gaming,9.1,31.1,7370.029267360227,5785.121906795261,147484.60164045676,1270211.131628434,0.0,1430.125,52.582,50.0,1815.0,97.2,39.6875,2,2427.3560383319855,39.4,372.1171875,36,19137.998120307922,26.9,115.625,37,19212.05709338188,11.5,175.06640625,151,19245.804855823517,5.9,345.1640625,95,19213.32399582863
2026-02-13T21:46:26,gaming,10.2,31.2,423.0134551807809,1709.5492073480304,79339.07900300567,189390.05955556192,2.0,1445.21875,52.801,50.0,1815.0,93.0,39.6875,2,2428.951990365982,27.1,115.61328125,37,19213.731616973877,26.4,372.7265625,36,19139.599179267883,10.7,345.1640625,95,19214.930614709854,7.6,30.3515625,14,19245.194854974747
2026-02-13T21:46:28,gaming,9.9,31.2,156.83909490134138,5610.448102810784,0.0,143579.29046200236,1.0,1441.7421875,52.424,50.0,1815.0,99.4,39.69921875,3,2430.5552864074707,37.7,345.1640625,95,19216.381527900696,19.3,115.61328125,37,19215.273317813873,18.1,150.01953125,99,19141.413348674774,13.7,175.04296875,151,19248.996202230453
2026-02-13T21:46:29,gaming,12.8,31.1,0.0,155.5446947348433,0.0,59150.872128875184,1.0,1451.375,53.046,49.0,1815.0,113.2,376.18359375,36,19142.83768749237,98.8,39.69921875,3,2432.137588739395,36.1,150.4375,99,19143.184802532196,26.3,345.1640625,95,19218.166297912598,8.0,175.05078125,151,19250.56628203392
2026-02-13T21:46:31,gaming,13.8,31.2,0.0,385.46286584305545,0.0,71462.08323302995,1.0,1451.375,52.716,49.0,1815.0,100.7,39.69921875,3,2433.7802588939667,14.2,345.1640625,95,19219.592462301254,10.3,175.05078125,151,19252.2299721241,7.4,4.796875,404,1771008389.758444,5.5,70.49609375,22,19208.897836208344
2026-02-13T21:46:32,gaming,7.6,31.2,444.9411797382914,436.5195801217938,0.0,43477.91162010509,2.0,1458.28125,52.72,49.0,1815.0,95.6,39.69921875,3,2435.21839761734,12.3,364.3125,36,19145.79411315918,4.1,30.38671875,14,19251.42044711113,3.3,175.046875,151,19253.66517519951,2.1,127.97265625,33,19205.718250751495
2026-02-13T21:46:34,gaming,7.0,31.1,0.0,158.60515082538197,0.0,102770.87283357531,6.0,1486.34375,54.069,49.0,1815.0,82.9,39.69921875,3,2436.7264745235443,3.4,381.453125,249,19250.957999944687,3.1,175.0546875,151,19255.175148248672,2.4,228.64453125,35,19219.993111371994,2.2,30.38671875,14,19252.81841301918
2026-02-13T21:46:35,gaming,9.2,31.0,0.0,444.24704582198393,24969.27478129463,104168.69322821354,5.0,1486.34375,54.384,49.0,1815.0,95.9,39.5703125,3,2438.0304338932037,47.6,381.46875,249,19252.237131118774,3.7,30.390625,14,19254.09735584259,3.7,64.3515625,90,19254.00930905342,3.6,4.796875,404,1771008394.0178773
2026-02-13T21:46:36,gaming,10.4,31.0,278.2314281212945,425.25144411720584,0.0,288955.9849870608,10.0,1485.96875,54.997,49.0,1815.0,98.6,39.56640625,3,2439.2974824905396,45.7,381.46875,249,19253.50292992592,9.9,147.61328125,151,19257.749258756638,6.2,4.796875,404,1771008395.2841907,3.7,292.81640625,78,19255.359889507294
2026-02-13T21:46:37,gaming,9.5,31.1,60.77138691945438,58.43402588409075,0.0,591582.9615691543,4.0,1485.96875,54.986,48.0,1815.0,99.9,39.5625,3,2440.5799646377563,75.2,381.47265625,249,19254.79160809517,4.9,147.6640625,151,19259.031307458878,4.8,61.20703125,37,19258.99382543564,3.7,4.796875,404,1771008396.5667136
2026-02-13T21:46:39,gaming,7.4,31.0,246.35446376563272,258.9075574606968,0.0,65075.23771521223,4.0,1485.96875,54.468,48.0,1815.0,100.2,39.5703125,3,2441.85804605484,47.9,381.23828125,249,19256.063392162323,4.9,147.6640625,151,19260.309359788895,3.7,61.20703125,37,19260.270569324493,3.7,64.3515625,90,19257.835399627686
2026-02-13T21:46:40,gaming,8.2,31.0,51.93281213681381,136.91377745160003,0.0,149465.78077290993,4.0,1485.96875,54.682,48.0,1815.0,98.5,39.5703125,3,2443.127155303955,40.8,381.23828125,249,19257.32851433754,7.4,147.64453125,151,19261.577746152878,3.7,30.3515625,13,19259.18871331215,2.5,401.015625,276,19256.125924110413
2026-02-13T21:46:41,gaming,7.3,31.0,276.6700625264462,422.865038747807,0.0,8451.01281898963,8.0,1485.96875,54.114,48.0,1815.0,99.8,38.9375,3,2444.3949320316315,40.7,381.23828125,249,19258.5966258049,3.7,4.796875,404,1771008400.3836095,3.7,147.6328125,151,19262.847440958023,3.7,30.3515625,13,19260.45727968216
2026-02-13T21:46:42,gaming,8.2,31.0,0.0,42.208358615713294,0.0,8404.153182150912,6.0,1485.96875,55.127,48.0,1815.0,99.9,39.5703125,3,2445.677192211151,72.8,381.23828125,249,19259.884162425995,7.3,30.3515625,13,19261.742373228073,3.7,4.796875,404,1771008401.6639733,3.6,61.2109375,37,19264.089465379715
2026-02-13T21:46:44,gaming,9.1,31.0,0.0,42.31548680973704,0.0,69409.93628998644,5.0,1485.96875,54.344,48.0,1815.0,98.8,39.5703125,3,2446.9580891132355,71.3,381.22265625,248,19261.220757722855,10.5,293.515625,78,19263.078182935715,3.7,147.66796875,151,19265.40568470955,3.5,30.3515625,13,19263.08131504059
2026-02-13T21:46:45,gaming,10.6,31.2,6152.013340580769,3844.636300287958,333726.6336974555,219055.72417355812,4.0,1485.96875,54.134,47.0,1815.0,99.2,39.5703125,3,2448.297087907791,44.3,381.40625,247,19262.52734041214,24.9,442.0390625,25,19230.14439558983,9.3,19.7421875,11,19266.91938185692,8.5,30.3515625,13,19264.37908244133
2026-02-13T21:46:46,gaming,8.4,31.0,75671.51708382074,1627.5202546901262,27395.84779401681,997284.9592794174,7.0,1485.96875,54.071,47.0,1815.0,98.6,39.57421875,3,2449.643907546997,24.0,436.96875,25,19231.445336818695,7.2,381.40625,247,19263.837700128555,7.0,61.2109375,37,19268.050858974457,4.7,30.38671875,14,19265.6982858181
2026-02-13T21:46:48,gaming,7.8,30.9,58.130552962119815,567.9512134001707,0.0,38611.25593505558,4.0,1485.96875,54.056,47.0,1815.0,99.6,39.5703125,3,2450.9151940345764,35.4,381.3359375,243,19265.117672920227,7.4,147.6484375,150,19269.36632156372,7.4,61.2109375,37,19269.32408928871,7.3,30.390625,14,19266.978247880936
2026-02-13T21:46:49,gaming,6.0,30.9,234.95838483140037,1610.248130711197,0.0,188467.95241942728,4.0,1485.96875,54.248,47.0,1815.0,99.2,39.5703125,3,2452.190752506256,52.4,381.3359375,243,19266.400872945786,3.7,147.6171875,150,19270.642197608948,2.4,172.80078125,165,19248.35543203354,1.2,64.3515625,90,19268.17302417755
2026-02-13T21:46:50,gaming,6.9,31.0,1916.215046174496,555.8189687686671,0.0,183882.01699079105,4.0,1485.96875,53.753,47.0,1815.0,99.4,39.5703125,3,2453.479371070862,8.6,381.3359375,243,19267.67665719986,3.7,30.390625,14,19269.537139177322,2.4,147.58984375,150,19271.931317806244,1.2,4.796875,404,1771008409.4650567
2026-02-13T21:46:52,gaming,5.9,30.9,2411.4409232397466,377.5921730339816,25563.926293341963,101456.83247670092,5.0,1485.96875,54.112,47.0,1815.0,99.9,39.5703125,3,2454.7623147964478,43.6,381.3359375,243,19268.968030691147,3.7,147.62890625,150,19273.2135989666,3.6,30.3515625,13,19270.828617811203,1.2,4.796875,404,1771008410.7481651
2026-02-13T21:46:53,gaming,7.7,30.9,1435.4324258885933,537.3151713374963,0.0,17517.563212577592,5.0,1485.96875,53.908,46.0,1815.0,99.5,39.5703125,3,2456.0503001213074,85.8,381.3359375,243,19270.261122703552,6.0,30.3515625,13,19272.12109541893,4.9,61.90234375,37,19274.460098981857,3.6,147.640625,150,19274.499057531357
2026-02-13T21:46:54,gaming,8.9,30.9,245.03479442147463,176.02183016985677,0.0,34143.58249356446,4.0,1485.96875,53.846,46.0,1815.0,98.2,39.5703125,3,2457.3387303352356,85.2,381.3359375,243,19271.544969797134,7.3,30.3515625,13,19273.404014587402,6.1,147.6328125,150,19275.787910699844,2.4,61.90234375,37,19275.74879360199
2026-02-13T21:46:55,gaming,9.5,30.9,0.0,41.84298103442638,0.0,41657.01222982893,5.0,1485.96875,53.827,46.0,1815.0,99.5,39.5703125,3,2458.6260492801666,23.2,381.3359375,243,19272.825422286987,4.8,4.796875,404,1771008414.6130557,3.7,30.3515625,13,19274.68634200096,3.7,401.14453125,276,19271.62157177925
2026-02-13T21:46:57,gaming,5.6,30.9,278.1916891176636,382.5135725367874,0.0,9306.776508663654,4.0,1485.96875,53.726,46.0,1815.0,100.1,39.5703125,3,2459.8907747268677,40.6,381.30078125,242,19274.094617843628,3.7,64.3515625,90,19275.86089015007,2.5,30.3515625,13,19275.948878765106,1.2,141.25390625,49,19251.803421735764
2026-02-13T21:46:58,gaming,7.4,30.9,0.0,495.5000867013806,0.0,9160.139750385335,4.0,1485.96875,53.91,46.0,1815.0,99.2,39.5703125,3,2461.1825115680695,57.9,381.30078125,242,19275.390043973923,6.1,147.61328125,150,19279.632292032242,4.8,64.3515625,90,19277.162229776382,3.6,61.90234375,37,19279.591385364532
2026-02-13T21:46:59,gaming,8.1,30.9,0.0,0.0,0.0,72907.29739606398,4.0,1485.9296875,53.858,46.0,1815.0,101.0,39.57421875,3,2462.465945482254,28.0,381.30078125,242,19276.673869609833,7.3,30.3515625,13,19278.532643795013,6.1,147.6328125,150,19280.91696190834,4.9,61.90234375,37,19280.876122236252
2026-02-13T21:47:01,gaming,6.8,31.0,0.0,0.0,25445.127134405873,9144.34256392711,4.0,1480.33203125,54.678,46.0,1815.0,99.7,39.57421875,3,2463.7671213150024,15.6,490.51171875,25,19245.677038908005,6.1,147.65234375,150,19282.20166826248,5.6,70.49609375,22,19238.853291749954,4.5,381.48828125,244,19278.06462073326
2026-02-13T21:47:02,gaming,7.8,31.1,6993.946586467028,2966.304194260335,712806.7651049615,562472.0049747999,4.0,1469.70703125,53.58,46.0,1815.0,99.3,39.578125,3,2465.1515941619873,14.1,142.76953125,50,19257.104033470154,9.0,4.796875,404,1771008421.1366181,5.8,493.05078125,25,19247.01357984543,4.8,307.9921875,78,19281.22815179825
2026-02-13T21:47:03,gaming,8.0,31.2,957.9103781461531,706.3379556027189,42886375.552175015,884486.95702466,4.0,1470.20703125,54.35,46.0,1815.0,98.8,38.9375,3,2466.4955112934113,16.3,312.09765625,82,19282.57214307785,5.8,147.6640625,150,19284.94580745697,5.8,64.3515625,90,19282.489548921585,4.7,4.796875,404,1771008422.4773707
2026-02-13T21:47:05,gaming,9.5,31.3,0.0,0.0,40017942.7462438,122501.93472608067,3.0,1470.20703125,53.47,46.0,1815.0,112.3,139.59765625,12,3.241640329360962,99.3,39.58203125,3,2467.817480802536,16.6,315.375,82,19283.89057826996,5.9,147.6484375,150,19286.26846241951,5.9,30.3515625,13,19283.89371395111
2026-02-13T21:47:06,gaming,12.4,31.5,630.2286748595379,624.2549433442816,269152.4471513871,385377.36751221336,3.0,1468.45703125,53.641,46.0,1815.0,118.1,137.38671875,12,4.670896530151367,100.4,38.9375,3,2469.172034263611,28.7,324.13671875,82,19285.306882619858,5.8,147.6484375,150,19287.61511874199,4.4,30.3515625,13,19285.31295275688
2026-02-13T21:47:08,gaming,12.3,31.5,0.0,38.025581244248755,9058899.004140982,157194.93615400256,3.0,1468.45703125,53.469,46.0,1815.0,100.1,39.58203125,3,2470.576218366623,80.1,143.1015625,12,6.055272817611694,16.2,27.45703125,14,2.8100967407226562,11.1,320.9140625,82,19286.70969080925,3.3,147.62890625,150,19289.02587532997
2026-02-13T21:47:09,gaming,11.6,31.6,3713.4781932423048,5219.417293086472,38045742.60844655,234634.50420265028,3.0,1476.4296875,53.693,45.0,1815.0,98.5,39.5859375,3,2472.0682833194733,65.8,30.28125,14,4.5203001499176025,63.8,313.47265625,33,7.7698750495910645,55.3,325.65234375,83,19288.320148944855,7.4,147.625,150,19290.512537956238
2026-02-13T21:47:11,gaming,13.4,32.5,38.68221701939462,1093.6517720937934,217028824.50027746,577954.5210519587,3.0,1476.94140625,53.509,45.0,1815.0,100.2,38.94140625,3,2473.7829563617706,50.3,49.3125,20,6.134618759155273,38.9,182.37109375,28,9.417303562164307,30.0,328.92578125,83,19289.984607696533,7.3,147.57421875,150,19292.222058057785
2026-02-13T21:47:12,gaming,12.2,33.4,416.39803150400957,550.5986018983741,210591849.54846445,451114.5902751872,3.0,1468.45703125,53.56,45.0,1815.0,100.0,39.59375,3,2475.3608152866364,50.7,304.0234375,30,10.804262638092041,17.0,324.24609375,83,19291.454253435135,10.8,4.796875,404,1771008431.3421113,4.9,147.62109375,150,19293.811289787292
2026-02-13T21:47:14,gaming,7.9,32.3,51.77292454949238,787.5318100486165,87120852.32585229,294945.24678561516,3.0,1476.6796875,53.619,45.0,1815.0,99.3,39.59375,3,2476.7295713424683,69.6,637.703125,40,12.33063793182373,10.3,4.796875,404,1771008432.7142277,5.7,147.640625,150,19295.17986893654,5.7,30.4296875,15,19292.83665394783
2026-02-13T21:47:16,gaming,12.9,34.1,1309.36649586225,3108.013062888857,23878795.670145392,376692.62937012303,5.0,1548.1171875,52.776,45.0,1815.0,100.2,39.609375,3,2478.446535587311,66.9,908.875,71,14.268324375152588,30.4,406.1953125,277,19291.743579149246,13.4,324.0625,83,19294.699234724045,13.2,126.53125,57,19293.376764059067
2026-02-13T21:47:19,gaming,25.9,35.2,11793.869520321543,4014.161342396321,24312733.95879621,4038339.9785923706,1.0,1623.78125,50.331,45.0,1815.0,103.9,1040.0,105,17.035844564437866,99.2,39.62890625,3,2481.0587680339813,44.6,55.8984375,30,19296.168130636215,43.5,69.42578125,33,19298.55986213684,33.4,332.9765625,87,19297.60756969452
2026-02-13T21:47:21,gaming,33.7,35.6,91543.19997927254,27314.063031982358,29608388.727237597,6642925.698798189,1.0,2057.2265625,49.802,44.0,1815.0,137.5,1491.42578125,137,19.456732511520386,100.2,39.765625,3,2483.1031806468964,40.6,516.8203125,26,19266.038528203964,26.4,340.91796875,91,19299.91589665413,24.4,4.796875,405,1771008439.0409896
2026-02-13T21:47:23,gaming,31.4,39.0,32098.16055901918,21364.85384159006,49554131.68909693,1815378.7152518965,0.0,2057.2265625,49.207,44.0,1815.0,757.9,2919.7109375,138,21.75823402404785,99.0,39.796875,3,2485.676569223404,29.1,4.796875,407,1771008441.6138687,9.1,30.4296875,15,19302.160073518753,8.4,62.11328125,37,19304.16990017891
2026-02-13T21:47:26,gaming,40.4,42.9,12351.854793264736,6907.219218074611,72859143.37957242,417640.8453613329,0.0,2057.2265625,49.304,44.0,1815.0,679.1,3993.33984375,138,23.927032947540283,98.7,39.79296875,3,2487.989313840866,8.7,116.08984375,38,19272.739723920822,2.7,4.796875,407,1771008443.9337003,2.7,149.12109375,151,19306.418922424316
2026-02-13T21:47:28,gaming,35.7,46.3,508.1164870812946,1683.5407832438523,27351882.733657833,410846.88721554645,0.0,2061.04296875,49.214,44.0,1815.0,711.8,5136.75,138,26.196714639663696,100.1,39.79296875,3,2490.1419262886047,10.8,116.09765625,38,19274.901484251022,3.6,30.61328125,14,19305.263244867325,2.9,4.796875,407,1771008446.0922441
2026-02-13T21:47:30,gaming,46.3,50.3,1610.3459917611476,2831.278706983087,30353076.163507268,377044.58553784393,0.0,2061.04296875,49.189,44.0,1815.0,780.6,6429.9921875,138,28.476476430892944,99.8,39.79296875,3,2492.489200115204,26.1,4.796875,407,1771008448.4311376,16.0,148.7734375,151,19310.917962789536,13.3,62.11328125,37,19310.98360991478
2026-02-13T21:47:32,gaming,39.3,53.6,227.64699012977917,1351.195038189657,48620462.29245092,1530962.7258792375,2.0,2034.8828125,49.728,44.0,1815.0,583.4,7161.24609375,140,30.530343055725098,99.9,39.7890625,3,2494.6635975837708,15.1,4.796875,407,1771008450.606352,7.9,115.62890625,38,19279.41100358963,3.8,123.4140625,33,19304.06197476387
2026-02-13T21:47:34,gaming,33.1,55.5,6429.748696980018,2955.0024838152954,9584677.311081558,80684.58587143505,3.0,2055.9140625,51.546,44.0,1815.0,168.4,7276.4140625,140,32.33044624328613,98.5,39.7890625,3,2496.6770169734955,36.9,467.140625,26,19278.818649291992,15.3,4.796875,407,1771008452.6480467,8.7,115.6328125,38,19281.389750480652
2026-02-13T21:47:35,gaming,9.8,55.5,378.33215972680404,688.5763720849344,271612.8872284676,52443.11327067511,3.0,2060.44140625,51.662,44.0,1815.0,99.1,39.7890625,3,2498.364286184311,21.9,7284.87890625,140,33.97186303138733,15.0,30.390625,14,19314.564349412918,11.1,61.7578125,37,19316.80315542221,4.7,406.69140625,277,19311.537585258484
2026-02-13T21:47:37,gaming,8.6,55.6,31773.71657952995,5795.945972248283,5463796.249097576,36321.82733775093,3.0,2066.53515625,51.533,44.0,1815.0,100.2,39.7890625,3,2500.0167367458344,45.0,7316.04296875,140,35.63944983482361,9.5,61.7578125,37,19318.453159332275,7.5,30.390625,14,19316.223527908325,4.7,23.125,7,19315.19601082802
2026-02-13T21:47:39,gaming,8.0,55.6,540.5026289495387,224.35958182811038,19679373.17905891,93371.9791240153,3.0,2070.30078125,51.917,44.0,1815.0,99.6,39.7890625,3,2501.6801342964172,33.7,7330.73046875,139,37.31085467338562,9.4,4.796875,407,1771008457.652125,4.7,115.6484375,38,19286.39081811905,4.7,61.7578125,37,19320.122910022736
2026-02-13T21:47:40,gaming,6.7,55.7,3210.019933455927,587.6233199052641,12794212.702553146,238477.8309276816,2.0,2071.30078125,51.636,44.0,1815.0,100.4,39.7890625,3,2503.345875263214,43.4,7374.578125,139,38.967564821243286,4.7,115.64453125,38,19288.063133001328,3.8,406.8125,278,19316.53723216057,2.8,143.21484375,49,19295.514575719833
2026-02-13T21:47:42,gaming,7.0,55.9,1566186.9135795266,9508.860435448047,8497375.018614046,52416.555759600466,2.0,2073.92578125,50.501,44.0,1815.0,99.3,39.7890625,3,2504.998690366745,24.5,7389.4140625,143,40.62622427940369,6.6,311.609375,92,19321.200725078583,2.8,115.64453125,38,19289.709602594376,1.9,4.796875,407,1771008460.969296
2026-02-13T21:47:44,gaming,8.5,56.0,454588.60571838793,21015.40279465776,15376012.14346029,61263.86982051496,2.0,2076.07421875,51.391,44.0,1815.0,98.5,39.79296875,3,2506.6809692382812,71.7,7465.5234375,143,42.30577826499939,10.1,19.7265625,12,19325.15307211876,9.3,115.64453125,38,19291.397169828415,7.4,30.390625,15,19322.892308712006
2026-02-13T21:47:46,gaming,10.5,55.6,25513.001856260635,14947.028281246281,38372403.138188876,486048.32189278066,3.0,2078.54296875,51.66,44.0,1815.0,100.0,39.79296875,3,2508.4794805049896,53.0,18.1640625,5,19326.975741624832,31.9,7468.03515625,143,44.51094388961792,20.1,32.71484375,102,19327.000999450684,10.2,41.9453125,37,19326.96604156494
2026-02-13T21:47:48,gaming,15.1,52.8,10157.423825822352,9248.017533344779,41913461.91837114,20941263.891533982,6.0,2092.140625,55.914,44.0,1815.0,142.2,423.48046875,102,19329.253467321396,99.9,19.5,3,2510.731089115143,44.8,4.796875,407,1771008466.6608667,39.7,7487.9765625,143,46.71418261528015,10.5,98.08203125,29,31.045647382736206
2026-02-13T21:47:50,gaming,17.2,49.9,3417.0803157543523,3348.5926023172665,30401502.4027859,1027191.5105025932,7.0,2093.265625,56.231,44.0,1815.0,148.3,753.12109375,102,19331.454088449478,99.4,19.49609375,3,2512.9168729782104,30.0,4.796875,407,1771008468.8522756,22.4,7488.52734375,143,48.662585735321045,11.4,103.88671875,38,19297.67098236084
2026-02-13T21:47:52,gaming,9.0,49.2,308.28872859047556,306.0827269547655,17936028.659238473,177891.97190365614,8.0,2121.54296875,54.105,44.0,1815.0,99.4,18.78515625,3,2514.691728591919,54.8,7512.95703125,143,50.31667160987854,18.6,784.87109375,102,19333.135197162628,9.6,25.3125,14,19330.88861632347,8.1,103.90234375,38,19299.40146636963
2026-02-13T21:47:54,gaming,9.7,49.4,30794.53690057445,33688.06287683568,15051854.2313906,1569488.318476486,7.0,2129.69921875,54.541,44.0,1815.0,99.0,19.49609375,3,2516.3813107013702,71.4,7514.79296875,143,52.02455544471741,14.8,4.796875,407,1771008472.3481665,10.1,103.98046875,38,19301.099259853363,4.6,25.3125,14,19332.602239608765
2026-02-13T21:47:55,gaming,9.1,49.3,80154.06967024018,66552.93115304787,9917518.048690157,2680942.7610227517,7.0,2158.91015625,54.717,44.0,1815.0,99.8,19.49609375,3,2518.0730109214783,72.4,7513.71875,143,53.72896456718445,8.3,103.97265625,38,19302.79044008255,3.7,4.796875,407,1771008474.0371795,3.7,191.40234375,278,19331.292082309723
2026-02-13T21:47:57,gaming,9.9,49.4,2418.6732792536704,584.8549833354367,18168152.71516458,86782.99226513242,3.0,2163.91015625,51.391,43.0,1815.0,100.5,19.49609375,3,2519.798285961151,45.3,7533.41796875,144,55.38542628288269,10.0,103.97265625,38,19304.50782585144,8.1,101.9453125,150,19338.243161916733,2.8,29.8671875,7,19338.158147096634
2026-02-13T21:47:58,gaming,6.9,49.4,1143.186106985191,610.6075305998908,324679.7170417399,13634.011555463687,2.0,2163.91015625,51.283,43.0,1815.0,98.3,19.4921875,3,2521.403229236603,30.2,7532.76171875,144,56.987934827804565,13.6,103.96875,38,19306.110781431198,2.9,4.796875,407,1771008477.378918,2.0,263.21875,91,19337.578214645386
2026-02-13T21:48:00,gaming,6.7,49.4,45321.1007184557,3582.0306902373145,204951.94981263546,13129.734284871958,3.0,2163.91015625,51.469,43.0,1815.0,100.3,19.5,3,2523.007237434387,40.9,7550.69921875,144,58.591354846954346,8.8,103.97265625,38,19307.71586585045,4.9,25.3125,14,19339.191598892212,2.9,22.16796875,7,19338.16233563423
2026-02-13T21:48:02,gaming,8.5,49.5,39064.15192054988,889.1869013760072,0.0,36844.0005299221,2.0,2163.91015625,51.334,43.0,1815.0,98.9,19.49609375,3,2524.6034767627716,32.5,7550.73046875,144,60.179978370666504,14.7,103.97265625,38,19309.313229084015,4.9,4.796875,407,1771008480.57629,3.9,41.4921875,37,19343.03498983383
2026-02-13T21:48:03,gaming,9.2,49.5,419.46301821461583,601.2102657050233,98600.89082393494,198434.29278316908,2.0,2163.91015625,51.359,43.0,1815.0,99.6,19.37109375,3,2526.2668039798737,31.5,7545.625,141,61.86406111717224,11.3,103.90234375,38,19310.976563453674,9.4,41.44921875,37,19344.70450258255,9.3,25.3125,14,19342.457954645157
2026-02-13T21:48:05,gaming,8.1,49.5,318.7868246434137,340.8566817341116,281238.6411131064,47396.244205445386,10.0,2229.95703125,53.904,44.0,1815.0,99.7,19.37109375,3,2527.896392583847,36.7,7545.6796875,139,63.78184366226196,18.5,154.79296875,53,19336.710871458054,14.4,103.90234375,38,19312.605863809586,11.3,323.61328125,95,19314.131212234497
2026-02-13T21:48:08,gaming,17.1,49.8,337.4557993603165,3300.0745063569693,466187.5864604358,2503974.7270540493,8.0,2223.01953125,53.874,43.0,1815.0,102.1,7545.9375,139,66.15374445915222,99.6,19.37890625,3,2529.905532360077,30.8,103.89453125,151,19348.340440511703,24.0,305.66796875,253,19344.637947797775,22.1,42.7109375,30,19345.043227910995
2026-02-13T21:48:10,gaming,21.7,49.9,10733.480529945973,4489.580852628106,393356.6549935558,480546.02591654006,3.0,2218.91796875,53.017,43.0,1815.0,129.5,7546.1640625,139,68.47101259231567,99.8,19.3828125,3,2532.457291841507,34.2,103.8984375,151,19350.8796107769,24.5,321.54296875,37,19243.513627290726,22.5,138.8515625,64,51.94508194923401
2026-02-13T21:48:12,gaming,18.0,49.9,1221.4620744493075,416.88738693966803,7360.218693555518,196885.85005261013,3.0,2217.60546875,52.901,43.0,1815.0,99.8,18.6640625,3,2534.665298461914,95.6,7547.33203125,139,70.72480583190918,24.6,103.87890625,151,19353.10072684288,23.8,138.8515625,64,54.10919165611267,19.4,103.8671875,38,19319.399451494217
2026-02-13T21:48:15,gaming,14.6,50.0,62939.275737048825,763.0953506022338,9568995.276173443,373550.8239666718,4.0,2212.66796875,52.844,44.0,1815.0,100.4,18.6640625,3,2536.936963558197,36.3,7547.3984375,139,72.92287302017212,26.2,103.89453125,151,19355.369733333588,24.0,138.94140625,64,56.45854425430298,21.9,103.88671875,38,19321.683048963547
2026-02-13T21:48:17,gaming,11.9,50.0,135.56009231578764,965.6335343042408,0.0,130731.92464426644,3.0,2207.73046875,52.721,44.0,1815.0,99.3,19.37890625,3,2539.0926139354706,36.3,7547.34765625,139,74.9449942111969,24.8,138.44921875,64,58.538909912109375,24.7,103.91015625,151,19357.519845962524,23.9,88.0,45,2516.6420559883118
2026-02-13T21:48:19,gaming,12.5,50.0,367.13176545865616,913.1478676441475,8073.942074194124,758193.622904792,6.0,2224.98828125,52.896,44.0,1815.0,98.7,19.37890625,3,2541.1183314323425,37.3,7547.3125,139,76.99696207046509,30.7,103.90625,38,19325.86887907982,25.4,103.8828125,151,19359.547941684723,22.0,87.984375,45,2518.6998493671417
2026-02-13T21:48:21,gaming,15.2,50.0,386.3912250783914,637.0102186745773,223246.53310725722,191105.01215766327,3.0,2224.98828125,52.881,45.0,1815.0,100.3,19.37890625,3,2543.1748270988464,32.6,7547.25390625,139,79.10714030265808,32.2,103.9140625,38,19327.90941810608,25.1,103.90234375,151,19361.604432106018,22.2,88.0,45,2520.807229757309
2026-02-13T21:48:23,gaming,12.4,49.9,229.72911602525545,291.74188354127534,46182.5992264759,326645.67577892845,3.0,2223.42578125,52.777,45.0,1815.0,97.8,19.37890625,3,2545.300414800644,39.6,7547.21484375,139,81.15696001052856,31.4,323.90234375,95,19331.512216567993,28.6,103.92578125,38,19330.03682756424,26.4,103.9140625,151,19363.73140501976
2026-02-13T21:48:25,gaming,11.7,49.9,111.94572069332433,119.87108145037384,202889.23538046746,1011910.0614600814,3.0,2217.36328125,53.169,45.0,1815.0,99.1,19.36328125,2,2547.3184320926666,35.0,7547.17578125,139,83.20805883407593,26.3,103.8515625,149,19365.750982284546,22.9,88.0,45,2524.8938269615173,21.0,138.3671875,61,66.75706577301025
2026-02-13T21:48:27,gaming,12.3,49.9,138.67874589804842,443.86964796241557,0.0,191259.4760329141,5.0,2211.60546875,53.135,45.0,1815.0,97.7,19.359375,2,2549.3992052078247,35.3,7547.2734375,139,85.24205660820007,19.8,103.8515625,149,19367.80688548088,15.8,138.3671875,61,68.83629965782166,11.6,310.8046875,37,19260.265033006668
2026-02-13T21:48:29,gaming,9.0,49.9,237.84355664839887,328.31165795024384,207193.35303744694,25152.077712478535,3.0,2204.10546875,52.989,46.0,1815.0,98.8,18.66796875,3,2551.4236648082733,38.6,7546.28515625,139,87.26364350318909,3.1,311.1953125,37,19262.30081319809,2.3,11.38671875,5,19356.769663333893,1.5,191.66796875,278,19364.803703546524
2026-02-13T21:48:31,gaming,8.5,49.9,90807.10681181014,1166.5753408008602,0.0,125480.37279202529,5.0,2204.10546875,52.988,46.0,1815.0,85.4,18.66796875,3,2553.4910423755646,32.9,7546.23828125,139,89.35251188278198,4.6,100.59375,99,19264.74640750885,4.5,310.91796875,37,19264.369992256165,3.7,25.2734375,13,19369.855495929718
2026-02-13T21:48:33,gaming,9.1,49.9,238.41115109916518,302.7675354449521,0.0,55666.322265640665,3.0,2204.10546875,52.941,46.0,1815.0,96.7,19.375,3,2555.5111718177795,38.7,7546.1953125,139,91.33146357536316,7.9,25.2734375,13,19371.841113328934,3.1,41.82421875,36,19373.97972559929,2.4,113.73828125,50,19363.44119811058
2026-02-13T21:48:35,gaming,6.6,49.9,89.54924551897433,178.08088597523303,0.0,57572.024028198764,3.0,2204.10546875,53.146,46.0,1815.0,100.2,19.375,3,2557.476901769638,41.7,7546.14453125,139,93.35641765594482,6.1,311.84765625,37,19268.39821767807,3.1,77.1015625,106,19348.718184947968,2.4,4.796875,407,1771008513.4304764
2026-02-13T21:48:37,gaming,7.1,49.9,3307.380259182248,450.1053970616391,190105.9546841992,34159.66373231705,3.0,2204.10546875,53.038,46.0,1815.0,98.9,18.66796875,3,2559.5617909431458,39.9,7546.109375,139,95.38989496231079,9.3,314.1328125,37,19270.41471195221,1.5,103.83984375,148,19377.99563574791,1.5,33.3359375,15,19375.692950487137
2026-02-13T21:48:39,gaming,6.5,49.8,36323.78929446738,375.25934110932144,749887.5182594726,99173.66004605593,3.0,2204.10546875,53.045,47.0,1815.0,98.7,19.37109375,3,2561.524297952652,35.9,7546.06640625,139,97.35145831108093,14.4,25.2734375,13,19377.857654094696,3.2,191.7109375,278,19374.895339250565,3.2,114.42578125,165,19358.1409740448
2026-02-13T21:48:41,gaming,8.9,49.8,92883.50262468266,2376.384045341572,0.0,235678.24651228785,3.0,2189.48046875,53.043,47.0,1815.0,99.4,19.3671875,3,2563.473217725754,44.0,7546.03125,139,99.26873278617859,6.4,42.2265625,36,19381.942222833633,4.1,191.69921875,278,19376.81424307823,4.0,25.30859375,14,19379.79171013832
2026-02-13T21:48:43,gaming,7.8,49.8,477.3960460957729,901.2863329446855,204265.2488156642,27926.889486516593,3.0,2175.48046875,53.135,47.0,1815.0,100.0,19.3671875,3,2565.3955521583557,42.5,7545.99609375,139,101.21834707260132,22.4,104.36328125,35,31.515873432159424,7.3,25.30859375,14,19381.72585606575,6.5,41.5859375,36,19383.861510038376
2026-02-13T21:48:45,gaming,9.0,49.8,350.49080331623964,1070.4040299818587,0.0,51084.6741650998,2.0,2175.48046875,53.11,47.0,1815.0,99.9,18.66796875,3,2567.3512246608734,37.2,7545.953125,139,103.15081453323364,8.8,41.75390625,36,19385.817775011063,5.6,25.2734375,13,19383.674968481064,4.8,4.796875,407,1771008523.3067014
2026-02-13T21:48:47,gaming,7.6,49.8,74.84180168588043,224.00567032371154,0.0,21554.43888553356,3.0,2175.48046875,53.138,47.0,1815.0,100.4,19.3671875,3,2569.2806210517883,32.2,7545.91796875,139,105.09530067443848,5.7,25.2734375,13,19385.606353521347,3.2,4.796875,407,1771008525.2319162,3.2,41.75390625,36,19387.74614739418
2026-02-13T21:48:49,gaming,6.4,49.8,102561.40804916328,1647.6308638512755,0.0,62899.03087263817,3.0,2175.48046875,53.158,48.0,1815.0,98.7,19.3671875,3,2571.2117602825165,36.8,7545.87109375,139,107.00370287895203,5.7,25.2734375,13,19387.52180814743,3.2,4.796875,407,1771008527.171006,2.5,20.26953125,12,19373.30345249176
2026-02-13T21:48:51,gaming,8.3,49.8,136446.76622428445,1317.4551507136216,298845.522794786,530984.4556800217,2.0,2175.48046875,53.247,48.0,1815.0,99.9,18.66796875,3,2573.1357147693634,35.3,7545.8359375,139,108.95404934883118,9.7,46.80078125,36,19391.603801965714,8.0,25.30859375,14,19389.469696044922,4.1,4.796875,407,1771008529.0857863
2026-02-13T21:48:52,gaming,6.6,49.8,101411.83307305942,1014.6886114185306,0.0,34985.43578893988,2.0,2175.48046875,53.231,48.0,1815.0,99.7,19.3671875,3,2575.078506231308,39.6,7546.46875,139,110.88781380653381,3.2,4.796875,407,1771008531.0336916,1.6,103.95703125,38,19359.81711912155,0.8,103.828125,148,19393.51265645027
2026-02-13T21:48:54,gaming,6.2,49.8,27817.874282251418,540.6354978957934,0.0,13118.738147992712,2.0,2175.48046875,53.183,48.0,1815.0,99.5,19.3671875,3,2577.0264930725098,31.3,7546.4140625,139,112.83496761322021,4.0,11.35546875,4,19382.337802886963,3.2,4.796875,407,1771008532.9845347,1.6,22.1953125,6,19392.340177059174
2026-02-13T21:48:56,gaming,7.7,49.8,110.28112747645535,34.17161696453546,203588.280853436,8747.933942921078,3.0,2175.48046875,53.356,48.0,1815.0,100.0,19.36328125,3,2578.963718652725,35.4,7546.3671875,139,114.77853035926819,4.9,41.5859375,36,19397.430339813232,3.2,25.3125,14,19395.297504901886,1.6,4.796875,407,1771008534.9165423
2026-02-13T21:48:58,gaming,6.4,49.8,97277.9195156683,1303.33753302993,0.0,53279.20198264327,3.0,2175.48046875,53.431,49.0,1815.0,100.0,19.36328125,3,2580.900393486023,35.7,7546.3203125,139,116.70661234855652,4.9,11.35546875,4,19386.20955514908,3.2,4.796875,407,1771008536.8568633,1.6,104.015625,37,19365.630304574966
2026-02-13T21:49:00,gaming,6.5,49.8,2334.6963886535564,299.9024103046023,0.0,19557.14719728188,3.0,2175.48046875,53.348,49.0,1815.0,99.8,19.36328125,3,2582.8429095745087,29.9,7546.2734375,139,118.64289951324463,3.2,4.796875,407,1771008538.7955298,1.6,19.1328125,14,19401.483645439148,1.6,191.76171875,278,19396.19167494774
2026-02-13T21:49:02,gaming,6.6,49.8,1528.134868665639,247.93208583452713,0.0,140513.56049510004,2.0,2175.48046875,53.424,49.0,1815.0,100.0,19.36328125,3,2584.764749765396,33.7,7546.21875,139,120.54383730888367,3.2,4.796875,407,1771008540.7186477,1.6,104.0234375,37,19369.495359659195,1.6,41.5859375,36,19403.229832172394
2026-02-13T21:49:04,gaming,6.6,49.8,34719.85496619017,514.7720558754511,206126.8927934026,16908.846674458808,2.0,2175.48046875,53.446,49.0,1815.0,100.0,19.36328125,3,2586.671318769455,38.4,7546.18359375,139,122.45735311508179,3.3,4.796875,407,1771008542.6265295,3.3,11.35546875,4,19391.960563659668,1.6,260.94921875,90,19402.97085571289
2026-02-13T21:49:06,gaming,7.3,49.8,139801.96029243062,946.1866583526195,0.0,5364.867874601785,2.0,2175.48046875,53.414,49.0,1815.0,99.2,19.36328125,3,2588.5780022144318,36.5,7546.1640625,139,124.38142466545105,4.1,25.3125,13,19404.906113147736,3.3,4.796875,407,1771008544.5354211,1.6,19.140625,14,19407.22117948532
2026-02-13T21:49:08,gaming,7.9,49.8,106849.12509035348,2073.3223072247465,0.0,32998.51758362615,3.0,2175.48046875,53.489,50.0,1815.0,98.9,19.36328125,3,2590.505625486374,31.5,7546.109375,139,126.31743121147156,8.1,41.5859375,36,19408.984157323837,5.7,25.2734375,13,19406.835701465607,1.6,4.796875,407,1771008546.4586859
2026-02-13T21:49:10,gaming,6.5,49.8,150834.8129379834,1478.5502112746885,202786.7456841953,88455.15599505915,2.0,2175.48046875,53.551,50.0,1815.0,100.1,18.66796875,3,2592.442879676819,42.3,7546.8203125,139,128.23949599266052,4.0,4.796875,407,1771008548.3986542,3.3,25.2734375,13,19408.754158496857,1.6,103.828125,148,19410.8774330616
2026-02-13T21:49:12,gaming,7.6,49.8,1998.2072888094035,490.6057864556698,0.0,140199.16055737837,3.0,2197.60546875,54.176,50.0,1815.0,99.4,19.36328125,3,2594.375581741333,67.6,7546.77734375,139,130.32057404518127,15.7,25.2734375,13,19410.74032354355,8.9,41.75390625,36,19412.835828065872,5.2,312.41796875,36,19305.35773038864
2026-02-13T21:49:14,gaming,11.1,49.8,244.3212587949274,360.2703307654014,0.0,8009.688273261951,5.0,2197.60546875,54.095,50.0,1815.0,133.0,7546.734375,139,132.55123448371887,99.6,19.36328125,3,2596.5727818012238,18.2,313.63671875,36,19307.59638094902,7.7,101.546875,99,19307.97951388359,6.5,4.796875,407,1771008552.5081794
2026-02-13T21:49:16,gaming,14.4,49.8,191.90417348000193,214.64163479279836,0.0,16298.212269012485,3.0,2218.36328125,54.247,50.0,1815.0,99.9,19.36328125,3,2598.746640920639,68.7,7546.68359375,138,134.6896572113037,13.2,315.57421875,36,19309.717922449112,8.0,25.2734375,13,19415.157336950302,7.8,4.796875,407,1771008554.700414
2026-02-13T21:49:18,gaming,8.0,49.8,233.98165784003504,570.3601966161999,219508.28936080114,6859.6340425250355,2.0,2217.86328125,53.633,50.0,1815.0,99.8,19.36328125,3,2600.830010175705,35.3,7546.6484375,138,136.63536763191223,6.0,104.109375,37,19385.567935466766,5.2,4.796875,407,1771008556.789196,3.9,25.2734375,13,19417.158375501633
2026-02-13T21:49:20,gaming,6.4,49.8,424.9134436465072,389.6336949676763,0.0,23641.582173484785,2.0,2216.80078125,53.891,51.0,1815.0,99.5,19.36328125,3,2602.7613201141357,35.6,7546.578125,137,138.65349292755127,3.2,104.109375,37,19387.49139857292,2.4,4.796875,407,1771008558.7161026,2.4,95.48828125,56,19417.769218683243
2026-02-13T21:49:22,gaming,7.6,49.8,254.12806759117618,168.42795902729026,0.0,85220.58425700823,2.0,2185.05078125,53.722,51.0,1815.0,100.4,19.36328125,3,2604.7841308116913,42.1,7546.53515625,137,140.69660115242004,7.7,25.30859375,14,19421.148423433304,4.6,104.1171875,37,19389.521386146545,3.9,22.0859375,7,19420.130214691162
2026-02-13T21:49:24,gaming,10.9,49.8,86151.83348987893,2056.28078144677,219865.13865557755,141643.88740311246,4.0,2207.73828125,53.536,51.0,1815.0,99.6,19.3671875,3,2606.9643182754517,34.8,7546.4765625,137,142.89476585388184,18.6,4.796875,407,1771008562.9154243,15.1,319.390625,36,19317.937111616135,7.1,266.2109375,90,19423.33943104744
2026-02-13T21:49:26,gaming,7.6,49.8,165626.70120887068,1280.2711009415002,0.0,70302.00174018976,4.0,2200.42578125,53.651,51.0,1815.0,98.8,19.37109375,3,2609.0508921146393,35.0,7546.4296875,137,144.8560085296631,6.0,104.12109375,37,19393.783718824387,4.6,267.97265625,90,19425.371218919754,3.0,103.83203125,148,19427.482773303986
2026-02-13T21:49:28,gaming,6.8,49.8,102048.26929355452,2852.4265910168087,0.0,23768.502226772976,3.0,2200.05078125,53.614,51.0,1815.0,98.4,19.37109375,3,2610.987733602524,38.1,7547.25,137,146.82460117340088,4.8,104.13671875,37,19395.73138666153,2.4,4.796875,407,1771008566.943561,0.8,11.34375,13,19429.46480154991
2026-02-13T21:49:30,gaming,6.9,49.8,99833.66907533165,2571.6143329752326,16759.47861235728,167332.91927025476,2.0,2174.41796875,53.769,51.0,1815.0,99.8,19.37109375,3,2612.945461034775,38.8,7547.203125,137,148.75672459602356,5.6,104.0859375,37,19397.67698287964,4.0,25.3125,13,19429.285462856293,3.2,4.796875,407,1771008568.8983166
2026-02-13T21:49:32,gaming,6.5,49.8,74.33328270952411,393.8631576900479,202979.41731880716,15857.76697803181,2.0,2174.41796875,53.731,52.0,1815.0,99.7,19.36328125,3,2614.873564004898,39.5,7547.16015625,137,150.65862703323364,4.9,104.0859375,37,19399.606273412704,1.6,4.796875,407,1771008570.8351192,1.6,77.08984375,105,19405.99972343445
2026-02-13T21:49:34,gaming,6.6,49.8,47851.30188958745,1459.1005940275238,0.0,21406.492864427015,3.0,2174.41796875,53.78,52.0,1815.0,98.5,19.3671875,3,2616.7774453163147,29.2,7547.109375,136,152.58024621009827,6.6,104.08203125,37,19401.5123360157,4.0,191.90625,278,19430.138444662094,2.5,4.796875,407,1771008572.7251368
2026-02-13T21:49:36,gaming,7.5,49.8,197.97383286428217,232.54069257074414,239730.59938968823,23865.797925819075,2.0,2174.41796875,53.898,52.0,1815.0,99.1,19.36328125,3,2618.6839940547943,34.7,7547.0703125,136,154.46999955177307,7.4,104.08203125,37,19403.41847372055,5.7,41.578125,35,19437.153395414352,5.0,25.2734375,13,19434.992871761322
2026-02-13T21:49:38,gaming,6.5,49.8,2920.50795090923,441.9259051755029,0.0,20250.542671526626,2.0,2174.41796875,53.757,52.0,1815.0,99.9,19.36328125,3,2620.5764498710632,38.6,7547.03125,136,156.3300793170929,8.3,25.2734375,13,19436.869315862656,6.6,104.08203125,37,19405.302965164185,3.3,4.796875,407,1771008576.5319045
2026-02-13T21:49:40,gaming,8.0,49.8,3639.169379725081,528.731682701472,0.0,44844.99185159313,3.0,2174.41796875,53.81,52.0,1815.0,100.1,19.36328125,3,2622.448896408081,38.6,7546.98046875,136,158.19033813476562,11.8,25.2734375,13,19438.725721359253,10.0,104.0859375,37,19407.17365670204,2.5,4.796875,407,1771008578.402735
2026-02-13T21:49:42,gaming,7.4,49.8,2524.328297347939,113.98457913477381,0.0,23123.814997303547,3.0,2174.41796875,54.07,52.0,1815.0,99.8,19.359375,3,2624.3116319179535,35.8,7546.9453125,137,160.11220693588257,9.0,25.2734375,13,19440.636505126953,7.5,104.0859375,37,19409.046647548676,5.0,103.859375,148,19442.743473768234
2026-02-13T21:49:44,gaming,9.7,49.8,1813.90962596703,959.6997028165988,0.0,29508.321586227907,3.0,2174.41796875,54.879,52.0,1815.0,97.1,19.359375,3,2626.241908311844,35.3,7546.890625,137,162.0163016319275,14.6,104.1171875,37,19410.975641727448,14.6,25.2734375,13,19442.560842514038,12.2,41.56640625,35,19444.710237264633
2026-02-13T21:49:45,gaming,8.9,49.8,1162.304431320309,660.8025193293128,210907.5677277557,41192.88432182729,2.0,2174.41796875,54.244,52.0,1815.0,99.4,19.359375,3,2628.112338066101,41.3,7546.83203125,137,163.8707094192505,12.6,103.859375,148,19446.54739880562,10.1,104.1171875,37,19412.83858895302,6.7,41.56640625,35,19446.56934928894
2026-02-13T21:49:47,gaming,7.8,49.8,152.74989616264054,140.9171577275064,114558.11930800398,1876164.5837630557,2.0,2174.41796875,54.588,52.0,1815.0,100.0,19.359375,3,2629.9721088409424,44.4,7546.79296875,137,165.7357611656189,11.8,103.8359375,148,19448.408304929733,10.0,104.00390625,37,19414.705402374268,3.4,4.796875,407,1771008585.929989
2026-02-13T21:49:49,gaming,8.1,49.8,490.45059408755884,584.7886318574062,105384.16437417133,9879.765410078562,3.0,2215.51171875,54.766,52.0,1815.0,99.9,18.67578125,3,2631.8340876102448,44.6,7546.73828125,137,167.73332691192627,15.9,103.8515625,148,19450.27277302742,10.9,104.0390625,37,19416.56178712845,9.2,101.1484375,99,19343.156813383102
2026-02-13T21:49:52,gaming,13.5,49.9,222.7507080025083,183.19244273356392,0.0,612678.4124854108,3.0,2221.94921875,52.703,51.0,1815.0,100.3,19.36328125,3,2633.969006538391,38.3,104.125,149,19452.391394138336,34.1,75.29296875,31,19449.086155653,33.9,7547.41015625,139,170.0414228439331,27.9,49.09765625,32,19451.414903879166
2026-02-13T21:49:54,gaming,14.5,49.8,332.3897175977083,1365.8440012876179,1436697.6628145645,5691744.763794098,7.0,2215.69921875,58.306,52.0,1815.0,99.9,19.359375,3,2636.219727039337,54.4,7557.75390625,139,172.13828086853027,30.6,103.91015625,149,19454.639594316483,16.3,48.765625,31,19453.517400979996,13.3,104.58984375,37,19420.97053384781
2026-02-13T21:49:56,gaming,11.2,49.9,2823.9489164095617,2883.466688294136,3825241.070924294,107275.21915221628,7.0,2218.19921875,58.114,51.0,1815.0,97.7,19.359375,3,2638.2671208381653,51.0,7565.03515625,139,174.06885695457458,25.0,103.8828125,149,19456.698385715485,14.6,104.58984375,37,19423.002660512924,11.0,306.9765625,248,19452.738451957703
2026-02-13T21:49:58,gaming,11.0,49.8,68.20026666745504,434.00169697471387,2302507.136285202,45764.44560860983,7.0,2218.07421875,58.097,51.0,1815.0,99.1,19.359375,3,2640.206526041031,66.0,7564.91796875,139,176.0327169895172,24.1,103.87890625,149,19458.641711473465,14.3,324.5703125,95,19426.371809244156,13.7,104.58984375,37,19424.945967435837
2026-02-13T21:50:00,gaming,11.0,49.8,249.76906646220903,280.9263528716053,0.0,20921.351661129003,25.0,2438.1484375,67.791,52.0,1815.0,98.8,19.359375,3,2642.1673045158386,74.2,7574.859375,139,178.01358103752136,29.6,103.88671875,149,19460.593633890152,14.2,324.5703125,95,19428.357371091843,12.7,104.6015625,37,19426.910983085632
2026-02-13T21:50:02,gaming,10.7,49.9,235.30437435925404,569.8699087801206,3244334.3891098355,49015.86624768358,18.0,2325.328125,75.015,52.0,1815.0,98.6,19.359375,3,2644.1483919620514,51.5,7574.04296875,139,179.98528957366943,25.2,103.89453125,149,19462.57702946663,17.5,324.5703125,95,19430.32265329361,14.2,104.62109375,37,19428.890927791595
2026-02-13T21:50:03,gaming,11.5,49.9,1795.3551398798877,282.19260907202994,66644.23361493532,166870.91307489667,20.0,2437.6484375,61.997,52.0,1815.0,98.1,19.359375,3,2646.107515335083,73.8,7580.43359375,139,181.93284106254578,27.0,103.890625,149,19464.54207468033,20.0,324.578125,95,19432.27874159813,17.6,104.625,37,19430.847358942032
2026-02-13T21:50:05,gaming,11.5,49.9,2085.631902684729,185.23031127867318,100601.54983391541,8907.428891544594,17.0,2437.6484375,75.277,52.0,1815.0,99.0,19.359375,3,2648.0654661655426,53.6,7575.79296875,139,183.8865351676941,28.0,103.8828125,149,19466.49898314476,19.2,104.109375,37,19432.799793481827,18.4,138.13671875,54,167.50449323654175
2026-02-13T21:50:07,gaming,12.5,49.9,33.85994722563993,36.42509474273386,0.0,59363.66989959466,7.0,2445.6484375,57.057,50.0,1815.0,99.9,19.359375,3,2650.019975423813,54.6,7579.51171875,139,185.8888394832611,31.2,103.890625,149,19468.45270204544,23.9,104.109375,37,19434.762729883194,20.7,138.01953125,54,169.4660108089447
2026-02-13T21:50:09,gaming,10.6,49.8,7204.408533211732,308.74604539156996,1642368.5739271047,18220.02636700382,17.0,2463.16015625,75.065,52.0,1815.0,97.4,18.67578125,3,2652.0128059387207,53.5,7584.51171875,139,187.87565326690674,27.5,103.88671875,149,19470.4428896904,23.3,138.015625,54,171.4773736000061,21.9,104.12109375,37,19436.75972533226
2026-02-13T21:50:11,gaming,14.5,49.9,4472.405236523816,665.0959492792931,7585730.9551205,10311.252869977232,17.0,2463.16015625,75.073,52.0,1815.0,97.5,19.359375,3,2653.995219707489,28.7,7583.99609375,139,189.7838613986969,28.4,103.8828125,149,19472.42555308342,24.8,137.7890625,54,173.4326364994049,22.2,104.12890625,37,19438.731518507004
2026-02-13T21:50:13,gaming,11.3,49.9,2161.567174918219,786.9324077948866,27991.033300108298,35796.225278023114,7.0,2327.67578125,57.065,50.0,1815.0,99.5,18.67578125,3,2655.894839286804,46.0,7590.078125,139,191.72089076042175,28.9,104.1484375,37,19440.625481128693,25.5,137.78125,54,175.33429956436157,25.4,103.890625,149,19474.32950258255
2026-02-13T21:50:16,gaming,13.2,49.9,164.9006893298037,1076.734719112986,0.0,21304.552610235573,11.0,2385.1953125,62.012,50.0,1815.0,158.2,7596.71484375,139,193.92388319969177,99.8,19.359375,3,2657.852038860321,31.8,104.14453125,37,19442.590267419815,25.6,103.8828125,149,19476.281370162964,24.7,137.7890625,54,177.29909443855286
2026-02-13T21:50:18,gaming,16.9,49.9,61.2808072941213,923.4677210294668,2919254.244005821,52292.95555765017,14.0,2385.7578125,65.438,50.0,1815.0,156.4,7596.5234375,139,196.25213956832886,96.5,19.36328125,3,2660.217137336731,34.7,324.296875,95,19446.63784813881,28.5,103.88671875,149,19478.635319709778,25.3,104.01953125,37,19444.994582891464
2026-02-13T21:50:20,gaming,19.7,49.9,659.2584032302387,709.3904352389984,1024886.8402906571,92903.08459195009,17.0,2446.3203125,83.463,52.0,1815.0,96.8,19.36328125,3,2662.458629846573,61.0,7599.4140625,139,198.40241312980652,29.8,103.88671875,149,19480.89133286476,28.8,324.296875,95,19448.754150867462,22.1,137.08984375,54,181.90682744979858
2026-02-13T21:50:22,gaming,14.2,50.0,31657.799531996927,22149.55388810268,2402942.905444394,21420.464601818014,18.0,2446.3203125,74.137,51.0,1815.0,116.6,7600.0703125,139,200.38705110549927,95.0,19.36328125,3,2664.581234931946,25.1,103.87890625,148,19483.01321911812,14.8,137.08984375,54,184.0140290260315,10.3,4.796875,407,1771008620.527668
2026-02-13T21:50:24,gaming,12.3,50.0,332.7519712863382,494.0400062982177,133377.57302887744,114881.85489401357,17.0,2446.3203125,74.05,51.0,1815.0,119.4,7598.4296875,138,202.33704280853271,99.8,19.36328125,3,2666.5392231941223,4.0,25.3125,14,19482.8574757576,1.6,4.796875,407,1771008622.492454,0.8,90.8203125,33,19437.237159490585
2026-02-13T21:50:26,gaming,11.9,50.0,151.96990925540243,483.5406203580986,0.0,97981.1918636313,18.0,2446.3203125,73.922,51.0,1815.0,132.5,7598.3671875,138,204.36514353752136,97.9,19.359375,3,2668.5037636756897,6.2,25.27734375,13,19484.86328649521,2.4,4.796875,407,1771008624.447721,1.6,103.8515625,148,19486.92816400528
2026-02-13T21:50:28,gaming,10.5,49.9,32.719219392962316,35.1979481348534,0.0,107874.2748471,17.0,2446.3203125,73.952,51.0,1815.0,131.2,7589.23046875,138,206.33007335662842,98.6,19.359375,3,2670.5157403945923,1.6,25.27734375,13,19486.847526311874,1.6,22.23828125,7,19485.83034515381,1.5,4.796875,407,1771008626.4652095
2026-02-13T21:50:30,gaming,11.4,49.9,602.7676916272311,321.7476191794004,0.0,11468.87715961002,19.0,2446.3203125,74.016,51.0,1815.0,139.1,7590.17578125,138,208.2956018447876,98.1,19.359375,3,2672.473644733429,6.4,41.80078125,37,19490.947743177414,4.0,25.27734375,13,19488.81014442444,3.2,104.11328125,37,19457.213824510574
2026-02-13T21:50:32,gaming,10.6,49.9,122.23312746019047,217.6961898154632,0.0,14740.709057017351,18.0,2446.3203125,74.045,51.0,1815.0,151.3,7589.90625,138,210.33052563667297,97.9,19.359375,3,2674.4696519374847,6.2,25.27734375,14,19490.832177639008,1.6,29.96875,6,19492.924097299576,1.5,244.0625,89,19490.82428598404
2026-02-13T21:50:34,gaming,11.8,49.9,317.88810806031233,325.24662908022697,233086.5495545441,84644.57672401008,18.0,2446.3203125,73.904,50.0,1815.0,156.1,7589.921875,138,212.35216760635376,96.3,18.67578125,3,2676.4971029758453,3.8,41.80078125,37,19494.9817173481,1.5,29.96875,6,19494.960736513138,1.5,25.27734375,13,19492.85306239128
2026-02-13T21:50:36,gaming,11.2,49.9,161.3943709231058,207.0813928459542,520720.8119540511,82379.65970366824,18.0,2446.3203125,73.778,50.0,1815.0,128.1,7590.2578125,138,214.30354142189026,98.1,19.3671875,3,2678.503648042679,2.4,29.97265625,6,19496.948171138763,2.4,115.52734375,32,19487.844973564148,2.4,11.3515625,4,19483.806282758713
2026-02-13T21:50:38,gaming,10.5,49.9,34.303839924042435,36.902615675863835,34062.67353427341,61206.36650689753,18.0,2446.3203125,73.955,51.0,1815.0,98.7,19.35546875,2,2680.4340381622314,53.0,7590.390625,138,216.22039890289307,6.5,4.796875,407,1771008636.3851812,5.7,41.80078125,37,19498.90060544014,5.7,25.27734375,13,19496.750992774963
2026-02-13T21:50:40,gaming,8.2,49.9,2996.7523701512087,324.8864234769307,136267.24255349842,8782.849617705953,18.0,2446.3203125,73.991,51.0,1815.0,100.2,19.35546875,2,2682.353155851364,63.2,7590.3515625,138,218.14771246910095,4.9,25.27734375,13,19498.678647518158,4.1,4.796875,407,1771008638.3087714,3.2,41.80078125,37,19500.83294224739
2026-02-13T21:50:42,gaming,8.4,49.9,3367.275971313643,829.1386575537128,0.0,22524.41596550411,18.0,2446.3203125,73.944,50.0,1815.0,98.0,19.3515625,2,2684.2820410728455,57.3,7590.40625,138,220.11244297027588,3.2,4.796875,407,1771008640.24172,3.2,25.27734375,13,19500.60736966133,1.6,103.828125,147,19502.720009326935
2026-02-13T21:50:44,gaming,7.7,49.9,1770.715240596592,1185.9674169577174,0.0,11596.125854697682,18.0,2446.3203125,74.021,50.0,1815.0,94.1,19.3515625,2,2686.2240335941315,57.4,7590.36328125,138,221.99219036102295,3.3,25.27734375,13,19502.521151065826,2.5,60.375,116,19459.40181517601,1.7,77.14453125,105,19477.340683460236
2026-02-13T21:50:45,gaming,8.3,49.9,371.7165111127379,161.93590583129176,0.0,10498.494050776733,18.0,2446.3203125,74.02,50.0,1815.0,98.2,19.3515625,2,2688.133301258087,51.1,7590.4453125,139,223.9168255329132,16.2,25.27734375,13,19504.44556260109,6.5,41.80078125,37,19506.599002838135,3.3,120.515625,164,19484.709302425385
2026-02-13T21:50:47,gaming,10.0,49.9,56.48751983052678,426.7945942750912,0.0,92924.06225158065,17.0,2446.3203125,73.768,50.0,1815.0,99.2,19.3515625,2,2690.038851737976,58.4,7590.015625,139,225.8173394203186,10.7,25.27734375,13,19506.349867343903,5.8,25.03515625,7,2904.2634658813477,4.9,103.82421875,147,19508.475397109985
2026-02-13T21:50:49,gaming,8.0,49.9,222.59430661417986,317.84151582733955,413842.2830714012,17782.28560072427,17.0,2446.3203125,73.967,50.0,1815.0,99.4,18.671875,2,2691.9414916038513,61.5,7589.96484375,139,227.77474761009216,5.8,103.82421875,147,19510.376984596252,5.5,25.03515625,7,2906.2611269950867,0.8,104.24609375,37,19476.67364215851
2026-02-13T21:50:51,gaming,7.8,49.9,157.1609536748762,515.6686882559037,296157.5154643137,115429.4483016292,18.0,2446.3203125,73.933,50.0,1815.0,95.1,19.3515625,2,2693.9282369613647,53.0,7589.921875,139,229.7208113670349,6.5,25.03515625,7,2908.1753334999084,4.7,4.796875,407,1771008649.8904004,3.9,103.84375,148,19512.366321086884
2026-02-13T21:50:53,gaming,8.0,49.9,254.5052599352417,362.82774660189415,0.0,19115.238035466748,18.0,2446.3203125,73.9,50.0,1815.0,99.2,19.3515625,2,2695.8351039886475,55.1,7589.81640625,139,231.59241604804993,7.5,25.27734375,13,19512.12551689148,6.7,25.03515625,7,2910.047702074051,4.9,4.796875,407,1771008651.7942061
2026-02-13T21:50:55,gaming,8.5,49.9,37.85906050165906,129.04074142819005,104836.53756493218,34399.48888849337,18.0,2446.3203125,73.963,50.0,1815.0,99.8,19.3515625,2,2697.713041305542,50.4,7588.6875,139,233.48200297355652,6.7,41.60546875,37,19516.174855470657,5.8,25.0390625,7,2911.9355454444885,5.0,4.796875,407,1771008653.6663315
2026-02-13T21:50:57,gaming,7.4,49.9,154.7897134852208,101.24943587560675,0.0,64324.66778476244,18.0,2446.3203125,73.922,50.0,1815.0,97.9,19.3515625,2,2699.595740556717,35.7,7588.64453125,139,235.36642742156982,6.6,25.0390625,7,2913.820360183716,5.0,4.796875,407,1771008655.55302,5.0,77.14453125,105,19490.7061085701
2026-02-13T21:50:59,gaming,7.9,49.9,186.37016592858075,284.8498558794785,0.0,17349.368173715153,18.0,2446.3203125,73.894,50.0,1815.0,98.6,19.3671875,3,2701.480459213257,36.9,7588.5859375,139,237.31601977348328,11.3,25.27734375,14,19517.831208705902,5.8,4.796875,407,1771008657.4420824,5.8,41.62109375,37,19519.95991873741
2026-02-13T21:51:01,gaming,7.3,49.9,200.75795510439218,252.6161481108976,0.0,27865.82030543625,18.0,2446.3203125,73.814,50.0,1815.0,99.3,19.3671875,3,2703.4317243099213,40.1,7588.54296875,139,239.22794914245605,10.6,25.27734375,13,19519.7451505661,6.6,25.0390625,7,2917.666883945465,4.0,4.796875,407,1771008659.390238
2026-02-13T21:51:03,gaming,7.2,49.9,187.93420619731245,563.8026185919373,172983.9345133015,17838.968246684217,20.0,2446.3203125,73.867,49.0,1815.0,96.5,19.3671875,3,2705.3259353637695,40.9,7589.5546875,139,241.0983476638794,6.6,25.0390625,7,2919.5704736709595,3.3,4.796875,407,1771008661.2828333,3.3,77.14453125,105,19496.442527770996
2026-02-13T21:51:05,gaming,9.0,49.9,222.01057052214054,569.9845853121623,447153.4320250757,41114.46820903641,18.0,2446.3203125,73.948,50.0,1815.0,99.9,19.3671875,3,2707.233428001404,55.2,7589.5859375,139,243.02392673492432,14.7,25.3125,14,19523.53890323639,10.6,41.48046875,37,19525.702398061752,5.7,4.796875,407,1771008663.191933
2026-02-13T21:51:07,gaming,8.7,49.9,1153.2417961744275,125.88385867127263,306815.37626828393,20773.95776816506,18.0,2446.3203125,73.853,50.0,1815.0,96.9,19.3671875,3,2709.1515550613403,58.4,7589.55078125,139,244.9243757724762,6.5,25.0390625,7,2923.4035947322845,4.1,104.171875,37,19493.879630804062,2.5,306.5234375,240,19523.596381425858
2026-02-13T21:51:08,gaming,8.8,49.9,2466.3860347635596,1425.2669457088848,0.0,94461.69662619765,17.0,2446.3203125,73.715,49.0,1815.0,100.1,19.37109375,3,2711.0717947483063,60.0,7589.5,139,246.84971284866333,5.8,25.0390625,7,2925.2935304641724,5.7,41.78515625,37,19529.533370018005,5.7,25.3125,14,19527.383685588837
2026-02-13T21:51:10,gaming,7.0,49.9,2588.9478424784843,869.5257200455401,0.0,27977.613405931424,18.0,2446.3203125,73.721,50.0,1815.0,98.9,19.37109375,3,2712.9523351192474,54.5,7589.39453125,139,248.74121022224426,6.6,25.0390625,7,2927.1923117637634,1.7,4.796875,407,1771008668.909507,1.7,103.84765625,148,19531.386953115463
2026-02-13T21:51:12,gaming,7.8,49.9,4386.962808660846,2001.541908020631,138040.5687808893,28039.49053361814,18.0,2446.3203125,73.704,49.0,1815.0,98.7,19.37109375,3,2714.8528656959534,52.6,7589.4375,139,250.6137936115265,6.7,25.0390625,7,2929.061756134033,4.1,104.17578125,37,19499.586182832718,1.6,4.796875,407,1771008670.8085608
2026-02-13T21:51:14,gaming,7.2,49.9,2259.7097719059843,710.1184536448959,0.0,15535.305060849058,18.0,2446.3203125,73.694,49.0,1815.0,98.8,19.37109375,3,2716.7345337867737,51.7,7589.37890625,139,252.54837608337402,5.7,25.0390625,7,2930.9968514442444,4.1,104.17578125,37,19501.474381685257,1.6,22.20703125,8,19532.055997133255
2026-02-13T21:51:16,gaming,7.5,49.9,489.8738435560324,256.35347321682207,102026.60660366993,20192.765890309674,18.0,2446.3203125,73.737,49.0,1815.0,96.2,18.69140625,3,2718.6670320034027,54.1,7589.33203125,139,254.42404079437256,6.7,25.0390625,7,2932.8708555698395,5.0,25.27734375,13,19534.9562292099,3.2,4.796875,407,1771008674.613828
2026-02-13T21:51:18,gaming,8.0,49.9,5014.775793403715,413.35851587800596,244998.7672817403,36913.876766780064,18.0,2446.3203125,73.732,49.0,1815.0,99.7,19.37109375,3,2720.5317888259888,62.3,7589.32421875,139,256.3317244052887,7.5,41.60546875,37,19538.998178720474,6.4,25.0390625,7,2934.8092544078827,5.9,104.17578125,37,19505.263004541397
2026-02-13T21:51:20,gaming,9.1,49.9,1869.3037815175533,428.60722543466056,134882.12785635493,33720.53196408873,23.0,2446.3203125,73.669,49.0,1815.0,144.1,7589.26171875,139,258.3927574157715,99.5,19.3671875,3,2722.480490922928,6.4,104.18359375,37,19507.223487138748,6.2,25.27734375,13,19538.864994764328,6.0,25.0390625,7,2936.8945167064667
2026-02-13T21:51:22,gaming,12.0,49.9,4312.10395081095,207.52928872970338,188461.51685251514,24539.260006837907,18.0,2446.3203125,73.675,49.0,1815.0,98.8,19.3671875,3,2724.583024263382,76.5,7588.1484375,139,260.3721957206726,6.4,25.0390625,7,2938.833579301834,5.2,104.203125,37,19509.317279338837,5.2,41.7890625,37,19543.055397748947
2026-02-13T21:51:24,gaming,7.2,49.9,1595.6660995870675,250.26001043426461,8471.611592882215,129986.29037828647,18.0,2446.3203125,73.589,49.0,1815.0,98.8,19.3671875,3,2726.4965822696686,31.1,7588.125,139,262.2817461490631,9.0,104.19921875,37,19511.233793735504,5.8,25.0390625,7,2940.7077357769012,1.6,4.796875,407,1771008682.451611
2026-02-13T21:51:26,gaming,6.5,49.9,158.14609977013933,164.00336272458895,30534.444259996195,25899.751827675344,18.0,2446.3203125,73.811,49.0,1815.0,97.6,18.69140625,3,2728.3710417747498,29.8,7588.078125,139,264.12391662597656,6.7,104.19921875,37,19513.101377248764,6.7,25.0390625,7,2942.57111620903,1.7,4.796875,407,1771008684.3281212
2026-02-13T21:51:28,gaming,6.6,49.9,282.23019847545817,67.06991408637313,35163.9511165164,65657.68997537046,18.0,2446.3203125,73.699,49.0,1815.0,98.3,19.3671875,3,2730.2311103343964,27.4,7588.02734375,139,266.0010735988617,8.4,104.20703125,37,19514.97024512291,5.9,25.0390625,7,2944.435914039612,2.5,41.7890625,37,19548.700959444046
2026-02-13T21:51:30,gaming,7.1,49.9,1850.5372486460599,1345.9430802652448,35254.88637420587,21483.446384281702,18.0,2446.3203125,73.671,49.0,1815.0,98.4,18.69140625,3,2732.105976343155,24.9,7588.9453125,139,267.9440267086029,10.0,104.01953125,37,19516.83843398094,6.3,25.0390625,7,2946.416409254074,5.0,41.7890625,37,19550.57258796692
2026-02-13T21:51:31,gaming,6.5,49.9,4097.157302926901,769.5705419634056,0.0,12893.328451742922,17.0,2446.3203125,73.706,49.0,1815.0,99.9,19.37109375,3,2734.077267885208,45.2,7589.0546875,139,269.84475541114807,7.9,104.07421875,37,19518.81054496765,6.6,25.0390625,7,2948.3057005405426,5.7,25.3125,14,19550.3766207695
2026-02-13T21:51:33,gaming,7.5,49.9,2110.01526255346,66.13638611313505,0.0,88853.44110636356,18.0,2446.3203125,73.626,49.0,1815.0,98.7,19.37109375,3,2735.977839946747,43.7,7588.97265625,138,271.7435884475708,10.7,104.08203125,37,19520.71055984497,5.8,25.0390625,7,2950.179793357849,3.3,11.3515625,4,19541.247032403946
2026-02-13T21:51:35,gaming,9.4,49.9,736.3827403420439,783.4427847502501,0.0,16975.841473796543,18.0,2446.3203125,73.63,49.0,1815.0,100.0,19.37109375,3,2737.836984872818,47.1,7588.92578125,138,273.599796295166,13.5,104.10546875,37,19522.564366817474,12.6,41.7734375,37,19556.296093702316,7.5,103.84375,148,19556.27494621277
2026-02-13T21:51:37,gaming,8.1,49.9,130.0732044128095,168.2351776083032,0.0,66597.48065935847,18.0,2446.3203125,73.575,49.0,1815.0,98.3,19.37109375,3,2739.697105884552,50.6,7588.8515625,138,275.515896320343,11.7,104.1328125,37,19524.428137779236,10.1,103.83984375,148,19558.134414196014,6.4,25.0390625,7,2953.989368200302
2026-02-13T21:51:39,gaming,8.3,49.9,180.60591360368122,547.4616756111587,0.0,18914.36477013098,18.0,2446.3203125,73.691,49.0,1815.0,99.7,19.37109375,3,2741.6569254398346,43.9,7588.8671875,138,277.4760367870331,19.2,103.83984375,148,19560.08532810211,10.4,104.140625,37,19526.389439344406,7.2,25.31640625,13,19557.990921258926
2026-02-13T21:51:41,gaming,8.7,49.9,151.62293864405666,157.23860303828098,0.0,80767.54840740375,18.0,2446.3203125,73.475,49.0,1815.0,97.7,19.37109375,3,2743.608397960663,38.7,7588.78125,138,279.41523122787476,19.9,103.8359375,148,19562.04359817505,10.4,104.17578125,37,19528.342126846313,6.5,25.0390625,7,2957.8488731384277
2026-02-13T21:51:43,gaming,8.2,49.9,885.6821806083028,372.0601911408616,0.0,45266.09533404859,18.0,2446.3203125,73.505,49.0,1815.0,99.5,19.37109375,3,2745.5088136196136,48.5,7588.7421875,138,281.2845182418823,22.2,103.85546875,148,19563.94321870804,13.2,104.17578125,37,19530.24109363556,5.8,25.0390625,7,2959.7211661338806
2026-02-13T21:51:45,gaming,8.8,49.9,7189.904406296133,10242.106573580537,0.0,10924.344702199332,17.0,2446.3203125,73.676,49.0,1815.0,100.4,19.37109375,3,2747.3928768634796,46.6,7588.72265625,138,283.195876121521,25.8,103.8515625,148,19565.820673942566,11.6,104.28515625,37,19532.132544517517,6.5,25.0390625,7,2961.6317451000214
2026-02-13T21:51:47,gaming,10.0,49.9,4039.438761204565,2482.140538568689,0.0,89874.7614894029,18.0,2446.3203125,73.745,49.0,1815.0,99.4,18.69140625,3,2749.294415950775,45.5,7588.6640625,138,285.0496926307678,27.9,103.8359375,148,19567.72713136673,13.2,104.25390625,37,19534.02627825737,5.9,25.0390625,7,2963.473847389221
2026-02-13T21:51:48,gaming,8.9,49.9,35.8386252421292,97.19869573244131,0.0,17237.292722517413,18.0,2446.3203125,73.473,49.0,1815.0,100.4,19.3671875,3,2751.1312339305878,45.5,7588.62109375,138,286.9032428264618,24.6,103.84375,148,19569.569685697556,13.6,104.25390625,37,19535.867932081223,10.2,25.27734375,13,19567.428834676743
2026-02-13T21:51:50,gaming,10.4,49.9,456.37810480577014,513.8957222547895,0.0,25045.428338174843,18.0,2446.3203125,73.53,49.0,1815.0,99.9,19.36328125,3,2752.9923412799835,39.1,7588.58203125,138,288.73938035964966,25.3,103.84375,148,19571.429268598557,16.0,104.2578125,37,19537.721620321274,8.5,324.5625,95,19539.07846069336
2026-02-13T21:51:52,gaming,9.2,49.9,247.73473298133976,684.817378615818,0.0,64258.24263410258,18.0,2446.3203125,73.654,49.0,1815.0,99.3,19.36328125,3,2754.818569421768,43.5,7588.54296875,138,290.5708885192871,24.8,324.296875,95,19540.907711982727,24.7,103.84375,148,19573.257694244385,18.0,104.2578125,37,19539.547215223312
2026-02-13T21:51:54,gaming,11.8,49.9,482.07305436303056,622.8602986485974,0.0,35901.295103108605,18.0,2446.3203125,73.486,49.0,1815.0,99.8,18.69140625,3,2756.6511673927307,43.9,7588.5078125,138,292.38689732551575,25.6,103.8515625,148,19575.087549209595,15.5,324.29296875,95,19542.71681714058,13.7,104.14453125,37,19541.378520011902
2026-02-13T21:51:56,gaming,11.6,49.9,239.2170068725051,1687.1094168902991,0.0,85202.85740432877,18.0,2446.3203125,73.464,49.0,1815.0,100.2,19.36328125,3,2758.4745478630066,41.8,7588.45703125,138,294.29418992996216,24.9,103.83984375,148,19576.910450935364,22.9,104.1484375,37,19543.217307806015,19.6,324.29296875,95,19544.634176254272
2026-02-13T21:51:58,gaming,9.9,49.9,138.36252838411158,439.01493968492554,0.0,103332.88134839878,18.0,2446.3203125,73.747,49.0,1815.0,99.0,19.3671875,3,2760.3996601104736,49.7,7588.40234375,138,296.1798701286316,25.1,103.83984375,148,19578.837195396423,21.3,104.1484375,37,19545.127718925476,15.8,324.29296875,95,19546.515766382217
2026-02-13T21:52:00,gaming,11.6,49.9,425.48439665904556,808.4203536521866,0.0,20130.259252567706,18.0,2446.3203125,73.49,49.0,1815.0,99.0,19.3671875,3,2762.26123046875,53.8,7588.36328125,138,298.01103138923645,24.4,103.84765625,148,19580.69611430168,24.4,136.5859375,52,281.690221786499,18.4,104.1484375,37,19546.993738651276
2026-02-13T21:52:01,gaming,10.8,49.9,156.79239544749234,349.9345849952684,0.0,11666.656303470156,18.0,2446.3203125,73.562,49.0,1815.0,100.4,19.3671875,3,2764.097628593445,49.0,7588.3125,138,299.85958337783813,25.5,103.83984375,148,19582.534487962723,24.7,136.58203125,52,283.52711725234985,23.8,104.1484375,37,19548.83196425438
2026-02-13T21:52:03,gaming,10.5,49.9,35.41914478901467,38.102413333636996,0.0,50007.53921241732,18.0,2446.3203125,73.602,49.0,1815.0,99.5,19.3671875,3,2765.9655163288116,55.4,7588.578125,139,301.7222080230713,28.5,104.1484375,37,19550.696249246597,25.1,103.84375,148,19584.40122294426,24.3,136.5859375,52,285.3942000865936
2026-02-13T21:52:05,gaming,10.9,49.9,306.50664780501285,690.8562537827273,22141.996991346256,9133.57375893033,18.0,2446.3203125,73.581,49.0,1815.0,99.4,19.3671875,3,2767.820708990097,51.4,7583.9296875,139,303.6370668411255,24.5,103.84375,148,19586.25506925583,24.3,136.5859375,52,287.25824785232544,23.5,104.15625,37,19552.556052923203
2026-02-13T21:52:07,gaming,11.1,49.9,293.7464033348998,291.6444612716805,0.0,52464.4738979542,18.0,2446.3203125,73.46,49.0,1815.0,96.7,19.3671875,3,2769.709768295288,43.1,7583.87109375,139,305.4502365589142,34.0,104.16015625,37,19554.43874835968,25.5,103.83984375,148,19588.149659633636,17.5,136.578125,52,289.1331572532654
2026-02-13T21:52:09,gaming,11.3,49.9,192.8083959433833,265.11154442215206,264743.45566626015,24679.47468075306,18.0,2446.3203125,73.625,49.0,1815.0,98.3,19.3671875,3,2771.5375900268555,42.0,7583.890625,140,307.2734248638153,31.7,104.15625,37,19556.25934433937,24.0,103.83984375,148,19589.975048542023,24.0,324.30078125,95,19557.61210989952
2026-02-13T21:52:11,gaming,10.3,49.9,1786.9882509201798,66.30754177811427,0.0,19238.028121223553,18.0,2446.3203125,73.545,49.0,1815.0,99.9,19.3671875,3,2773.352801799774,51.4,7584.97265625,140,309.0976140499115,43.8,324.5859375,95,19559.43212747574,31.9,103.8515625,148,19591.790423870087,9.4,104.05078125,37,19558.08243894577
2026-02-13T21:52:13,gaming,11.6,49.9,2270.0587663716456,1726.1511750945792,8840.65672170978,53320.21085281211,18.0,2446.3203125,73.506,49.0,1815.0,87.6,19.3671875,3,2775.2068009376526,46.8,7584.93359375,140,310.99926376342773,26.1,103.84375,148,19593.643221855164,20.5,324.5859375,95,19561.341581583023,4.2,104.13671875,37,19559.94014930725
2026-02-13T21:52:14,gaming,9.1,49.9,262.26852467250075,1958.0248928674805,8663.32158918196,72013.86071007505,17.0,2446.3203125,73.529,49.0,1815.0,77.1,19.3671875,3,2777.0910098552704,48.9,7584.9140625,140,312.8216896057129,14.9,103.84765625,148,19595.52889251709,2.6,25.3125,14,19593.36189341545,2.5,4.796875,407,1771008733.053013
2026-02-13T21:52:16,gaming,8.4,49.9,336.2035461320449,1773.974671395409,55858.7719560314,11114.75564431237,18.0,2386.25,73.485,49.0,1815.0,99.1,19.37109375,3,2778.8873517513275,54.4,7578.38671875,140,314.66201758384705,4.1,44.74609375,34,300.897164106369,2.5,39.70703125,17,300.48607778549194,1.6,25.0703125,9,2993.1443841457367
2026-02-13T21:52:18,gaming,9.8,49.6,116.338681968329,1787.0040788828915,52052.65136283866,218138.1729793187,18.0,2386.25,73.36,49.0,1815.0,99.8,19.359375,3,2780.8001580238342,62.4,7578.35546875,140,316.5141451358795,4.9,4.796875,407,1771008736.7584581,3.3,25.27734375,13,19597.063786506653,2.5,29.6953125,5,19599.21406531334
2026-02-13T21:52:20,gaming,7.5,49.5,197.57568938277328,674.676075676402,0.0,68684.494199975,18.0,2386.25,73.342,49.0,1815.0,99.1,19.359375,3,2782.578629732132,51.8,7577.2109375,140,318.35400104522705,18.0,96.546875,57,19597.499123334885,5.3,103.37109375,148,19601.018386363983,2.6,25.31640625,14,19598.878762960434
2026-02-13T21:52:22,gaming,8.1,49.5,322.049122143573,1003.6572475456112,48287.00581464502,26887.082783154612,18.0,2386.25,73.444,49.0,1815.0,101.4,7577.140625,140,320.4187602996826,99.3,19.359375,3,2784.4515392780304,5.8,103.37109375,148,19602.888360500336,3.3,4.796875,407,1771008740.4067268,3.0,11.34765625,4,19589.922878980637
2026-02-13T21:52:24,gaming,11.3,49.5,337.7073330732467,321.8997557804564,47089.33570274105,113063.45707793554,18.0,2386.25,73.27,50.0,1815.0,138.0,7577.10546875,140,322.36682391166687,98.5,19.3671875,3,2786.5448722839355,6.7,103.36328125,148,19604.976004838943,1.6,60.4453125,116,19559.768191576004,1.5,41.70703125,34,19605.026626586914
2026-02-13T21:52:26,gaming,10.1,49.5,158.8560201838171,505.0671472289467,0.0,23778.793506319143,17.0,2386.25,73.036,50.0,1815.0,100.6,19.3671875,3,2788.4243235588074,45.2,7577.0625,140,324.1284694671631,9.5,25.31640625,14,19604.680234193802,6.6,103.36328125,148,19606.86404967308,5.9,41.70703125,34,19606.880792856216
2026-02-13T21:52:28,gaming,8.2,49.5,74.67454493759769,101.26320866537868,0.0,129761.7304515637,18.0,2386.25,73.278,50.0,1815.0,98.7,19.3671875,3,2790.197192430496,44.1,7578.16015625,140,325.9723072052002,5.3,4.796875,407,1771008746.1569006,5.3,103.35546875,148,19608.63550877571,2.5,11.34765625,4,19595.475497961044
2026-02-13T21:52:29,gaming,9.8,49.5,222.08490411640508,365.53687567484855,0.0,18769.89352302478,18.0,2386.25,73.197,50.0,1815.0,99.0,19.36328125,3,2792.0918638706207,44.4,7578.12890625,140,327.8378505706787,9.1,41.70703125,34,19610.557723283768,9.1,25.27734375,13,19608.389208078384,7.5,4.796875,407,1771008748.0390377
2026-02-13T21:52:31,gaming,8.0,49.5,3132.1158509431584,2960.3120278956435,9021.903323110533,77813.91616182834,18.0,2386.25,73.325,50.0,1815.0,98.8,19.359375,3,2793.8942952156067,44.4,7578.06640625,140,329.63244795799255,5.2,42.30078125,34,19612.364753484726,5.2,25.27734375,13,19610.18193411827,4.3,4.796875,407,1771008749.8546355
2026-02-13T21:52:33,gaming,7.9,49.5,36.47570728786635,39.23901844603804,0.0,42444.4593895172,19.0,2386.25,73.121,51.0,1815.0,98.6,19.359375,3,2795.701007604599,46.4,7574.765625,140,331.41695523262024,15.8,25.27734375,13,19611.9601418972,5.2,4.796875,407,1771008751.6626637,2.6,42.30078125,34,19614.156814813614
2026-02-13T21:52:35,gaming,8.1,49.5,347.35208911492083,448.08969974571403,0.0,33821.41419210893,18.0,2386.25,74.953,51.0,1815.0,99.8,19.359375,3,2797.5167157649994,47.4,7574.67578125,140,333.229008436203,11.2,4.796875,407,1771008753.47924,2.6,25.31640625,14,19613.7787630558,1.8,28.87109375,6,316.1248655319214
2026-02-13T21:52:37,gaming,8.6,49.5,177.83518556811066,166.05430576706863,0.0,17520.9732355307,18.0,2386.25,73.219,51.0,1815.0,99.7,18.69140625,3,2799.304628610611,43.7,7573.54296875,140,335.05252051353455,13.7,25.27734375,13,19615.59971857071,8.7,42.3046875,34,19617.771826267242,7.0,4.796875,407,1771008755.2619228
2026-02-13T21:52:38,gaming,6.9,49.5,108.83222999136652,1768.7985662233204,0.0,67823.36627825604,18.0,2386.25,74.188,51.0,1815.0,97.2,19.359375,3,2801.1206426620483,39.6,7573.51171875,140,336.82675194740295,2.6,11.34765625,4,19606.328800439835,1.7,4.796875,407,1771008757.0814087,1.7,154.42578125,59,1573.0503499507904
2026-02-13T21:52:40,gaming,7.3,49.5,277.48700074871556,385.2106128279934,0.0,17326.01760772468,19.0,2386.25,73.528,51.0,1815.0,100.3,19.359375,3,2802.896393060684,44.7,7573.546875,139,338.60891485214233,2.6,4.796875,407,1771008758.855919,2.6,42.3046875,34,19621.353640556335,1.8,256.24609375,73,19619.148297309875
2026-02-13T21:52:42,gaming,7.0,49.5,362.3769329407543,830.9387346036831,0.0,46599.9881020743,18.0,2386.25,73.57,52.0,1815.0,100.2,18.69140625,3,2804.6738016605377,34.9,7573.546875,139,340.39753437042236,7.0,25.31640625,14,19620.945913553238,5.3,42.3046875,34,19623.13280439377,3.5,280.60546875,35,19588.278434038162
2026-02-13T21:52:44,gaming,10.4,49.5,81.47702355847377,1274.4130305559897,0.0,8055.549032650208,17.0,2386.25,73.703,52.0,1815.0,99.4,18.69140625,3,2806.450594186783,34.0,7573.49609375,139,342.1891894340515,15.9,25.27734375,13,19622.717220544815,12.3,42.3046875,34,19624.90744996071,10.5,4.796875,407,1771008762.4140809
2026-02-13T21:52:46,gaming,6.5,49.5,320.78325412274626,1130.4051531799848,0.0,33632.97463020739,18.0,2386.25,74.025,51.0,1815.0,98.6,19.359375,3,2808.288598060608,42.3,7573.4453125,139,344.07160091400146,2.5,114.91015625,32,19617.607262134552,2.5,117.56640625,164,19604.855472803116,2.5,28.88671875,6,326.9777846336365
2026-02-13T21:52:47,gaming,7.8,49.5,333.78747634848645,296.40327899745597,0.0,40468.92769245265,18.0,2386.25,73.933,51.0,1815.0,95.7,19.359375,3,2810.1491363048553,53.1,7574.5078125,139,345.86530113220215,11.2,25.27734375,13,19626.413342237473,7.5,4.796875,407,1771008766.113067,2.6,88.4609375,18,19585.681390047073
2026-02-13T21:52:49,gaming,8.8,49.5,0.0,561.8493252920888,0.0,10058.281627606626,18.0,2386.25,74.137,51.0,1815.0,99.1,19.35546875,3,2811.9307193756104,51.8,7574.39453125,139,347.64427423477173,12.4,25.31640625,14,19628.18350839615,8.8,42.3046875,34,19630.382271766663,1.8,4.796875,407,1771008767.8948994
2026-02-13T21:52:51,gaming,7.2,49.5,518.2880993054403,512.1113180569464,0.0,31050.117810610645,18.0,2386.25,74.153,52.0,1815.0,99.1,19.35546875,3,2813.712191581726,48.3,7574.35546875,139,349.4231638908386,2.6,4.796875,407,1771008769.676448,0.9,104.23046875,37,19598.440521001816,0.9,11.28125,11,19632.151851654053
2026-02-13T21:52:53,gaming,7.3,49.5,965.2712390212241,747.3973351583766,0.0,17537.72619959911,18.0,2386.25,73.962,52.0,1815.0,99.8,19.33984375,2,2815.4974410533905,71.4,7574.33984375,141,351.19674015045166,5.3,103.3515625,148,19633.935930252075,3.5,25.27734375,13,19631.749337673187,3.5,193.1015625,277,19628.750961780548
2026-02-13T21:52:55,gaming,7.7,49.5,765.6507123473082,317.97826760932037,0.0,11067.236448312948,22.0,2386.25,74.09,51.0,1815.0,100.7,19.33984375,2,2817.2509763240814,59.4,7574.296875,141,352.9850175380707,6.2,103.35546875,148,19635.688118457794,1.7,23.48828125,10,19619.28115749359,0.9,4.796875,407,1771008773.2138925
2026-02-13T21:52:56,gaming,8.7,49.5,470.616869624584,509.3280104867707,0.0,36808.764796959236,18.0,2386.25,73.982,51.0,1815.0,99.3,19.33984375,2,2819.060987472534,57.0,7573.1484375,141,354.76613903045654,6.9,42.3046875,34,19637.5257999897,6.0,103.359375,148,19637.49787759781,6.0,25.27734375,13,19635.324288845062
2026-02-13T21:52:58,gaming,7.7,49.5,37.519700399791326,71.06003863596843,0.0,54137.51679504436,18.0,2386.25,73.903,51.0,1815.0,98.6,19.3515625,3,2820.82071852684,63.6,7574.046875,141,356.53390550613403,7.1,103.35546875,148,19639.257571697235,4.4,25.3125,13,19637.091551065445,3.5,104.2578125,37,19605.547725200653
2026-02-13T21:53:00,gaming,10.3,49.5,45425.919800377684,3307.893585403911,0.0,10411.730629468047,18.0,2386.25,74.017,51.0,1815.0,98.2,19.3515625,3,2822.5868821144104,60.2,7573.984375,141,358.2998254299164,16.9,25.27734375,13,19638.849865436554,16.8,42.3046875,34,19641.041965723038,7.1,4.796875,407,1771008778.5524135
2026-02-13T21:53:02,gaming,9.4,49.5,140.13408703250565,174.7421004291973,9295.371991662236,310523.5205964666,18.0,2386.25,74.102,51.0,1815.0,99.0,19.3515625,3,2824.354880809784,57.6,7573.94140625,141,360.11866068840027,6.2,4.796875,407,1771008780.315289,2.7,103.3515625,148,19642.793364286423,2.6,42.3046875,34,19642.814247369766
2026-02-13T21:53:03,gaming,8.7,49.5,35.80053592674978,67.80404531581398,0.0,65265.461859189905,18.0,2386.25,74.003,51.0,1815.0,98.4,19.3515625,3,2826.1968293190002,62.5,7573.8828125,141,361.94459223747253,11.1,25.27734375,13,19642.480934143066,7.6,104.26171875,37,19610.926730632782,6.8,42.3046875,34,19644.657859802246
2026-02-13T21:53:05,gaming,9.2,49.5,196.8698872861413,270.6960950184443,0.0,13745.097585068774,18.0,2386.25,74.208,50.0,1815.0,99.9,19.34765625,3,2827.979439496994,62.9,7573.90625,141,363.68360590934753,7.9,4.796875,407,1771008783.9495337,7.0,103.3515625,148,19646.420351743698,5.3,42.3046875,34,19646.430640220642
2026-02-13T21:53:07,gaming,7.9,49.5,216.89629880483633,285.5705886638874,0.0,50104.761881163664,18.0,2386.25,74.05,51.0,1815.0,99.9,19.34765625,3,2829.7302663326263,62.8,7573.875,141,365.4266617298126,6.3,103.33984375,148,19648.170068502426,5.4,104.26953125,37,19614.452390670776,2.7,4.796875,407,1771008785.6944125
2026-02-13T21:53:09,gaming,8.4,49.5,0.0,0.0,0.0,33569.47440850533,18.0,2386.25,74.01,51.0,1815.0,100.4,19.34765625,3,2831.490172624588,65.7,7573.9765625,141,367.2347185611725,13.1,137.50390625,23,19541.312271356583,6.2,4.796875,407,1771008787.4478252,6.2,103.34375,148,19649.92586517334
2026-02-13T21:53:11,gaming,8.7,49.5,4638.900001590795,4096.221540419439,0.0,57221.44036482223,18.0,2386.25,74.104,51.0,1815.0,100.2,18.6875,3,2833.2834334373474,62.4,7574.04296875,141,368.988023519516,7.8,103.359375,148,19651.720475435257,4.4,25.27734375,13,19649.540370464325,3.5,104.28125,37,19618.010437726974
2026-02-13T21:53:12,gaming,8.3,49.5,5123.146663750191,4015.2260454537577,0.0,23948.21698633023,18.0,2386.25,73.95,51.0,1815.0,99.3,19.34765625,3,2835.062620162964,62.8,7573.99609375,141,370.7800374031067,6.1,103.359375,148,19653.49981856346,6.1,138.66015625,23,19544.86650109291,5.2,104.28515625,37,19619.804966688156
2026-02-13T21:53:14,gaming,8.5,49.5,1552.1793092146356,396.0733409720105,0.0,166731.66462858164,18.0,2386.25,73.878,50.0,1815.0,99.8,19.34765625,3,2836.831305503845,69.6,7573.98828125,141,372.53097200393677,7.9,103.33984375,148,19655.27066397667,5.4,104.25390625,37,19621.550248384476,2.7,193.1640625,277,19650.09090614319
2026-02-13T21:53:16,gaming,9.2,49.5,2486.295960448268,325.17064368745486,0.0,5862.231322816087,18.0,2386.25,73.985,50.0,1815.0,100.0,19.34765625,3,2838.5817863941193,64.8,7573.96484375,141,374.28972935676575,11.6,4.796875,407,1771008794.5423484,9.8,25.27734375,13,19654.840731859207,8.1,103.3515625,148,19657.018837690353
2026-02-13T21:53:18,gaming,8.8,49.5,537.5161876030513,362.5375137663134,0.0,137018.59447733272,18.0,2386.25,73.751,50.0,1815.0,99.7,18.6875,3,2840.337098836899,62.7,7573.87890625,141,376.0599093437195,13.1,25.31640625,13,19656.623479366302,8.9,103.35546875,148,19658.77201986313,7.1,104.25390625,37,19625.071642398834
2026-02-13T21:53:19,gaming,10.6,49.5,0.0,359.3316462669352,0.0,12130.404586066208,18.0,2386.25,73.623,50.0,1815.0,98.4,19.34765625,3,2842.098335504532,49.5,7572.82421875,141,377.8291177749634,11.6,104.25390625,37,19626.826039791107,10.7,40.69921875,34,19660.557611227036,10.6,4.796875,407,1771008798.0634787
2026-02-13T21:53:21,gaming,7.7,49.5,3700.103476136357,1066.1792155487997,0.0,14410.870072887683,18.0,2386.25,73.804,50.0,1815.0,100.4,19.34765625,3,2843.8733372688293,49.3,7572.76953125,141,379.53984332084656,8.9,25.27734375,13,19660.102209568024,8.8,104.26171875,37,19628.592240571976,6.2,41.62109375,34,19662.321790218353
2026-02-13T21:53:23,gaming,9.2,49.5,164.68574978513013,233.84204328920612,0.0,60613.73304547081,18.0,2386.25,73.81,50.0,1815.0,99.6,19.34765625,3,2845.5833275318146,59.7,7573.69140625,141,381.29400157928467,7.3,103.33984375,148,19664.02048277855,7.3,104.265625,37,19630.308805704117,3.6,41.69921875,34,19664.03656935692
2026-02-13T21:53:25,gaming,8.8,49.5,0.0,199.71519899487345,0.0,8424.350212147388,19.0,2386.25,73.786,50.0,1815.0,100.2,19.33984375,3,2847.345449924469,94.1,7573.64453125,141,383.1212627887726,8.0,104.27734375,37,19632.06542801857,5.2,25.31640625,14,19663.638643026352,4.4,103.359375,148,19665.786084890366
2026-02-13T21:53:27,gaming,10.0,49.5,464.0509167756667,874.7440626328769,0.0,38909.13331459805,19.0,2386.25,73.88,50.0,1815.0,147.6,7573.59765625,141,384.9847104549408,99.9,18.68359375,3,2849.206820011139,12.5,104.28515625,37,19633.946053028107,1.7,77.1484375,105,19640.310356616974,0.8,4.796875,407,1771008805.1651804
2026-02-13T21:53:28,gaming,11.0,49.5,35.31670564604816,224.74267229303376,0.0,48767.01948118554,17.0,2386.25,73.87,50.0,1815.0,99.0,19.34765625,3,2851.0681772232056,90.3,7573.56640625,141,386.76634645462036,10.2,104.2890625,37,19635.79176926613,2.6,280.75390625,38,19634.641887664795,1.8,77.1484375,105,19642.081327676773
2026-02-13T21:53:30,gaming,8.8,49.5,484.9136839504055,649.8073181847259,0.0,57068.135544343466,18.0,2386.25,73.731,50.0,1815.0,100.0,18.68359375,3,2852.817767381668,46.6,7573.5390625,141,388.507737159729,11.6,104.2890625,37,19637.540351629257,3.6,4.796875,407,1771008808.7738311,3.6,25.27734375,13,19669.064054489136
2026-02-13T21:53:32,gaming,7.0,49.5,165.91753494262952,200.93819110699076,0.0,17636.632088019305,17.0,2386.25,73.849,50.0,1815.0,98.9,19.34765625,3,2854.556270122528,54.7,7573.50390625,141,390.2505257129669,9.0,104.28515625,37,19639.278335094452,2.7,60.12890625,22,19629.900893449783,1.8,11.34765625,4,19659.752181768417
2026-02-13T21:53:34,gaming,7.6,49.5,441.4071061953891,155.8915135722396,292.36796684610505,171035.26060497144,18.0,2386.25,73.955,50.0,1815.0,98.4,19.34765625,3,2856.30251288414,49.9,7573.45703125,141,392.0349564552307,9.8,104.2890625,37,19641.040247440338,4.4,25.27734375,13,19672.571076869965,3.5,242.453125,73,19672.5645942688
2026-02-13T21:53:35,gaming,8.1,49.5,773.4300633447498,1251.9551385076884,0.0,12820.02061831873,17.0,2386.25,73.732,50.0,1815.0,98.6,19.34765625,3,2858.108800649643,56.1,7573.40234375,141,393.84834265708923,13.0,104.2890625,37,19642.83607316017,4.3,42.3046875,34,19676.569343090057,1.7,4.796875,406,1771008814.0638177
2026-02-13T21:53:37,gaming,8.1,49.4,525.5469035812075,930.3675426938132,0.0,18430.13798860125,18.0,2386.25,73.948,50.0,1815.0,97.3,19.34765625,3,2859.907895565033,55.1,7573.37109375,141,395.57464814186096,14.8,104.2265625,37,19644.630385875702,12.1,103.34375,148,19678.347009420395,7.1,25.27734375,13,19676.147861480713
2026-02-13T21:53:39,gaming,9.2,49.5,0.0,341.1898830682542,0.0,71014.3141870227,17.0,2386.25,73.765,50.0,1815.0,99.9,19.34765625,3,2861.611810207367,53.4,7573.328125,141,397.30232787132263,21.1,103.3515625,148,19680.05224251747,15.6,104.23828125,37,19646.3316988945,8.2,327.84375,94,19647.62103867531
2026-02-13T21:53:41,gaming,8.5,49.5,676.3079833857745,717.278859512387,0.0,7090.846842870646,17.0,2386.25,73.759,50.0,1815.0,99.7,19.33984375,3,2863.352039575577,45.6,7573.28515625,141,399.0164108276367,23.4,103.34375,148,19681.789270401,13.4,104.23828125,37,19648.07893228531,11.8,327.84375,94,19649.345056772232
2026-02-13T21:53:42,gaming,8.8,49.5,1218.8504192824396,688.3602844137968,0.0,11886.693612811601,18.0,2386.25,73.837,50.0,1815.0,99.8,19.34765625,3,2865.0745673179626,57.9,7573.18359375,141,400.7713146209717,23.6,103.33984375,148,19683.513733386993,17.8,327.84375,94,19651.096879959106,15.5,104.25,37,19649.79557442665
2026-02-13T21:53:44,gaming,9.5,49.5,1222.3493111568382,480.77561032513864,0.0,20029.29335090389,18.0,2386.25,73.727,49.0,1815.0,97.7,19.34765625,3,2866.8340306282043,38.2,7572.24609375,141,402.5300500392914,16.9,103.34765625,148,19685.272048711777,16.8,328.20703125,95,19652.864210128784,16.0,104.24609375,37,19651.552654266357
2026-02-13T21:53:46,gaming,8.6,49.4,927.7316865722712,1014.2971969215562,0.0,29742.08692421749,18.0,2386.25,73.748,49.0,1815.0,99.4,19.3515625,3,2868.594206094742,56.2,7573.3046875,139,404.2807066440582,19.5,104.26953125,37,19653.316758155823,14.2,103.34765625,148,19687.03353691101,13.5,328.16015625,95,19654.599092006683
2026-02-13T21:53:47,gaming,11.9,49.4,181.29403027327703,219.52216445230667,0.0,48932.011749157966,17.0,2386.25,73.759,49.0,1815.0,100.0,19.3515625,3,2870.3135035037994,58.7,7573.25,139,405.98313760757446,19.1,104.2734375,37,19655.036042928696,14.6,328.16796875,95,19656.307077407837,14.5,103.3515625,148,19688.754945278168
2026-02-13T21:53:49,gaming,10.1,49.4,0.0,31.697937787670167,0.0,11721.192995262923,17.0,2386.25,73.657,49.0,1815.0,98.7,18.6875,3,2872.023539543152,59.4,7573.2421875,139,407.71996903419495,19.2,103.3515625,148,19690.460285186768,18.2,104.25,37,19656.75238418579,11.8,25.31640625,14,19688.27471637726
2026-02-13T21:53:51,gaming,10.3,49.5,272.74007885379586,371.9182893460853,0.0,52510.35435519032,18.0,2386.25,73.647,49.0,1815.0,98.3,19.3515625,3,2873.804209470749,63.4,7573.3203125,139,409.5427689552307,21.1,104.25390625,37,19658.529004335403,18.5,103.33984375,148,19692.23776435852,7.9,4.796875,406,1771008829.7593737
2026-02-13T21:53:53,gaming,9.7,49.5,212.71703060678817,157.8759211534756,18151.853278445924,43110.651536309066,18.0,2386.25,73.683,49.0,1815.0,98.1,19.3515625,3,2875.6048793792725,58.8,7573.25,139,411.35108375549316,19.0,104.25390625,37,19660.339470624924,18.2,103.34765625,148,19694.040135145187,9.6,328.17578125,95,19661.673353672028
2026-02-13T21:53:55,gaming,9.1,49.5,0.0,29.932699522990273,0.0,9365.6090951934,18.0,2386.25,73.56,49.0,1815.0,99.9,19.34765625,3,2877.402374982834,51.7,7572.078125,139,413.074275970459,21.0,104.25390625,37,19662.124945163727,18.2,103.34375,148,19695.84245467186,14.2,25.31640625,14,19693.64854836464
2026-02-13T21:53:56,gaming,13.3,49.5,428.1310585350909,476.9938423896393,0.0,25613.405936708048,18.0,2386.25,73.674,49.0,1815.0,100.6,19.3515625,3,2879.126702308655,44.7,7572.04296875,139,414.8204309940338,27.0,104.25390625,37,19663.859652519226,18.2,103.34375,148,19697.565039634705,15.3,42.3046875,34,19697.590293884277
2026-02-13T21:53:58,gaming,8.8,49.5,159.30325395837298,572.2264898504734,0.0,10600.280061230074,18.0,2386.25,73.823,49.0,1815.0,100.0,19.3515625,3,2880.861031770706,41.5,7571.8515625,139,416.59135007858276,29.7,104.265625,37,19665.59788274765,18.9,103.34375,148,19699.30155491829,7.9,328.16015625,95,19666.919147729874
2026-02-13T21:54:00,gaming,11.7,49.5,698.106038431678,1449.9987379303234,1041596.6204488416,20367.215657358236,18.0,2386.25,73.627,49.0,1815.0,97.0,19.34765625,3,2882.649258852005,47.0,7572.6640625,139,418.3196396827698,33.5,104.2890625,37,19667.37077140808,19.9,328.17578125,95,19668.64507985115,18.4,103.34765625,148,19701.086575746536
2026-02-13T21:54:02,gaming,12.8,49.5,139.95832336524913,622.8723729932782,0.0,9771.635667682849,17.0,2386.25,73.808,49.0,1815.0,96.8,19.34765625,3,2884.3769357204437,57.4,7572.87109375,139,420.03570914268494,35.6,328.17578125,95,19670.357607126236,22.6,103.34765625,148,19702.813677072525,19.2,25.27734375,13,19700.601734161377
2026-02-13T21:54:03,gaming,14.8,49.4,80.8036393862227,463.58876319394926,0.0,67643.85251041687,18.0,2386.25,73.749,49.0,1815.0,98.9,19.34765625,3,2886.0664722919464,63.0,7572.82421875,139,421.72282886505127,21.2,103.3515625,148,19704.508127450943,14.8,42.3046875,34,19704.517057657242,14.8,328.16796875,95,19672.042555093765
2026-02-13T21:54:05,gaming,10.3,49.4,0.0,272.9944925113209,0.0,20054.41280639686,17.0,2386.25,73.688,49.0,1815.0,99.2,19.34375,3,2887.7516882419586,53.2,7572.7890625,139,423.42666578292847,10.2,103.33984375,148,19706.192729711533,3.7,193.39453125,276,19700.986231565475,2.8,4.796875,406,1771008843.719502
2026-02-13T21:54:07,gaming,9.7,49.4,417.17781483950927,256.7248091320057,9559.498347315412,82151.93892224182,18.0,2386.25,73.871,49.0,1815.0,97.5,18.6875,3,2889.4660840034485,53.9,7572.7421875,139,425.1947193145752,6.4,103.34375,148,19707.906623125076,3.5,193.3984375,276,19702.755678892136,2.6,116.7890625,164,19685.977709054947
2026-02-13T21:54:08,gaming,9.4,49.4,76.32648233818303,401.13187798169184,0.0,51059.63104620291,18.0,2386.25,73.753,49.0,1815.0,78.0,19.34375,3,2891.2699160575867,59.2,7572.69140625,139,426.98989748954773,6.1,103.37109375,148,19709.707524061203,5.2,4.796875,406,1771008847.2292085,4.3,11.19140625,24,19666.06724524498
2026-02-13T21:54:10,gaming,9.0,49.5,281.25389708687186,359.8478004644408,0.0,17533.17707348739,17.0,2386.25,73.642,49.0,1815.0,97.6,19.34375,3,2893.0462217330933,57.4,7572.640625,139,428.7039692401886,10.8,25.3125,14,19709.278681755066,7.0,4.796875,406,1771008849.0105336,5.3,103.3515625,148,19711.48705458641
2026-02-13T21:54:12,gaming,7.1,49.5,170.52682225489926,182.79073755405295,0.0,62193.23446184161,17.0,2386.25,73.795,49.0,1815.0,98.6,19.34375,3,2894.75745344162,48.9,7572.6171875,139,430.4313519001007,4.6,103.33984375,148,19713.199062347412,4.5,44.32421875,36,19713.210811138153,3.6,25.3125,14,19710.994601249695
2026-02-13T21:54:14,gaming,7.3,49.5,41.32569809617262,69.84625030339035,0.0,10132.362710678493,18.0,2386.25,73.686,49.0,1815.0,99.7,19.34375,3,2896.480551481247,55.8,7572.58203125,139,432.16608715057373,8.2,103.33984375,148,19714.91990017891,1.8,4.796875,406,1771008852.4421053,0.9,104.21875,37,19681.21813941002
2026-02-13T21:54:15,gaming,8.1,49.5,328.54874820679845,830.6924023810188,0.0,38773.41255433423,18.0,2386.25,73.734,49.0,1815.0,99.9,19.34375,3,2898.201158285141,55.5,7572.52734375,139,433.91121006011963,7.2,25.3125,14,19714.466848373413,5.5,103.37109375,148,19716.63481616974,4.6,4.796875,406,1771008854.1578977
2026-02-13T21:54:17,gaming,7.9,49.5,1250.1139050544846,677.2854310403003,0.0,9776.272623175411,18.0,2386.25,73.646,49.0,1815.0,96.7,19.34375,3,2899.9781901836395,58.2,7572.4921875,139,435.62895345687866,8.1,25.27734375,13,19716.205000400543,5.3,4.796875,406,1771008855.9372716,0.9,11.3515625,4,19705.130798578262
2026-02-13T21:54:19,gaming,7.7,49.4,7001.243585083795,79.03402324494625,0.0,63245.95258665211,17.0,2386.25,73.622,49.0,1815.0,97.7,19.34375,3,2901.6888740062714,60.9,7572.46875,139,437.3758895397186,8.2,4.796875,406,1771008857.6466346,1.8,25.27734375,13,19717.93465924263,1.8,91.27734375,48,19688.40329694748
2026-02-13T21:54:21,gaming,7.5,49.4,2927.500396602248,564.2888143873993,0.0,9443.62403975807,17.0,2386.25,73.646,50.0,1815.0,99.4,19.34375,3,2903.418140411377,58.1,7572.42578125,139,439.09241247177124,3.6,4.796875,406,1771008859.3807495,2.7,96.57421875,56,19718.274946928024,1.8,25.27734375,13,19719.668759822845
2026-02-13T21:54:22,gaming,8.6,49.4,6722.054098220341,5196.4567775647765,57197.680781740884,83115.37988596722,17.0,2386.25,73.666,50.0,1815.0,100.7,19.34375,3,2905.140699148178,63.2,7572.38671875,139,440.79958844184875,11.8,4.796875,406,1771008861.1014347,3.7,25.3125,14,19721.373564481735,3.6,41.7421875,36,19723.59032058716
2026-02-13T21:54:24,gaming,8.1,49.4,270.5310127491911,827.4720324741563,16862.315646836538,24089.022352623626,18.0,2386.25,73.593,50.0,1815.0,98.3,19.34375,3,2906.841940164566,58.1,7572.31640625,138,442.8423840999603,12.7,25.27734375,13,19723.336480379105,7.4,4.796875,406,1771008862.8002148,7.3,41.7421875,36,19725.2966940403
2026-02-13T21:54:26,gaming,14.8,49.8,189.26616761735082,227.87269932039254,13499.103377922096,137160.532536387,18.0,2386.25,73.526,50.0,1815.0,97.5,19.35546875,3,2908.9889879226685,51.0,7572.2421875,138,444.86601734161377,44.4,37.53125,10,19722.595400571823,15.1,17.63671875,8,19727.475887060165,12.5,4.796875,408,1771008864.9257216
2026-02-13T21:54:28,gaming,11.8,49.8,189.398692139193,600.678701718496,0.0,78549.98423537443,18.0,2386.25,73.65,51.0,1815.0,120.8,7572.1640625,138,446.9089946746826,97.3,19.35546875,3,2910.9793376922607,44.5,37.49609375,10,19724.63200187683,25.7,17.89453125,9,19729.48005104065,19.5,4.796875,408,1771008866.9264228
2026-02-13T21:54:31,gaming,14.9,49.7,991.8070261014196,507.4027249475379,195271.95029066945,94692.17689974674,18.0,2386.25,73.77,51.0,1815.0,131.8,7571.0546875,138,448.900217294693,99.9,19.35546875,3,2913.0748059749603,21.8,17.68359375,9,19731.562081575394,12.7,4.796875,408,1771008869.014292,8.5,75.5,12,7.010061264038086
2026-02-13T21:54:32,gaming,10.0,49.7,156.0255404102415,446.64180258011623,46961.195242709364,160280.6011544646,18.0,2386.25,73.826,51.0,1815.0,99.0,19.359375,3,2915.062379837036,40.7,7571.01171875,138,450.82100653648376,7.3,29.4921875,11,8.56379771232605,3.1,4.796875,408,1771008871.0184433,2.5,120.29296875,164,19711.594776153564
2026-02-13T21:54:34,gaming,8.8,49.7,3008.286217005787,1434.9778233203485,0.0,69722.91347397775,18.0,2386.25,73.836,51.0,1815.0,98.8,19.359375,3,2916.928172826767,42.0,7570.9765625,138,452.68335366249084,5.9,25.3125,14,19733.200597524643,4.2,30.0859375,11,10.410526514053345,2.5,4.796875,408,1771008872.8771305
2026-02-13T21:54:36,gaming,7.6,49.7,191.9225609867068,263.89352135672186,35732.49135461596,173637.57517633692,18.0,2386.25,73.937,51.0,1815.0,97.1,19.359375,3,2918.7623283863068,48.8,7571.89453125,138,454.50935339927673,2.6,193.94140625,277,19732.061061382294,1.7,103.34375,148,19737.18670773506,1.7,25.27734375,13,19735.03584241867
2026-02-13T21:54:38,gaming,7.8,49.7,171.35811040732392,207.49113049321332,0.0,82129.25971522398,18.0,2386.25,74.051,51.0,1815.0,97.9,19.359375,3,2920.5822048187256,50.1,7571.84765625,138,456.31898522377014,4.3,25.3125,14,19736.853476524353,3.4,4.796875,408,1771008876.5372267,1.7,41.7265625,35,19739.048104047775
2026-02-13T21:54:40,gaming,6.9,49.7,224.342465191863,323.68633055662957,0.0,131631.7132991439,18.0,2386.25,74.123,51.0,1815.0,99.0,19.35546875,3,2922.413698196411,62.2,7571.83203125,138,458.2014718055725,9.1,82.921875,12,16.313756227493286,4.2,77.1484375,105,19713.526305675507,2.6,103.3671875,148,19740.84344482422
2026-02-13T21:54:42,gaming,10.2,49.7,2883.9064910757397,1514.2651653549622,0.0,23311.220373628566,17.0,2386.25,74.168,51.0,1815.0,98.5,19.359375,3,2924.285900115967,59.0,7571.7734375,138,460.0541603565216,9.2,25.27734375,13,19740.59423160553,8.3,41.7265625,35,19742.763151407242,7.5,4.796875,408,1771008880.236247
2026-02-13T21:54:43,gaming,8.0,49.7,168.999039030055,233.7910028754435,0.0,37320.171174943775,22.0,2386.25,74.232,51.0,1815.0,99.5,19.359375,3,2926.1381282806396,57.0,7571.73046875,138,461.86450028419495,14.7,25.27734375,13,19742.400628328323,4.3,27.234375,9,19728.164224147797,3.5,11.3515625,4,19731.366985559464
2026-02-13T21:54:45,gaming,9.8,49.7,41.03837671397337,1566.1131870305514,0.0,57356.122611702456,18.0,2386.25,74.088,51.0,1815.0,98.9,19.35546875,3,2927.9400985240936,61.0,7571.671875,138,463.6567175388336,14.8,25.27734375,13,19744.193752765656,11.3,4.796875,408,1771008883.8919222,10.4,41.53515625,35,19746.397475481033
2026-02-13T21:54:47,gaming,7.8,49.7,331.2598915601088,573.2915295013331,0.0,17131.82469482583,17.0,2386.25,74.063,51.0,1815.0,100.2,19.35546875,3,2929.7324936389923,57.6,7571.4765625,138,465.746310710907,13.8,83.84765625,17,23.816048860549927,8.6,23.1015625,13,273.40826869010925,8.5,37.5625,10,19743.44416999817
2026-02-13T21:54:50,gaming,14.3,49.7,138.74958386140662,361.8196543781375,16238872.968299435,325046.9993935955,17.0,2386.25,74.037,51.0,1815.0,99.7,19.36328125,3,2932.020382165909,57.1,7571.76171875,138,467.9351558685303,41.7,37.5546875,10,19745.654967308044,31.7,32.76171875,20,24.46219563484192,20.8,17.71875,9,19750.518953084946
2026-02-13T21:54:52,gaming,11.7,49.8,472.8596328914471,602.5821870475078,174495.8985109425,136406.75286053214,18.0,2386.25,73.933,51.0,1815.0,98.0,19.375,3,2934.1411616802216,46.9,7571.6796875,137,470.0012240409851,46.7,37.5703125,10,19747.72640633583,23.0,17.83203125,10,19752.62238407135,19.1,19.69140625,16,19752.79269361496
2026-02-13T21:54:54,gaming,12.6,49.8,36306.70378783758,15502.412758557946,46325.29661733893,147535.99900956854,22.0,2386.25,73.935,51.0,1815.0,99.2,19.375,3,2936.173271179199,48.2,7571.6328125,137,472.01127219200134,42.7,37.5703125,10,19749.74137878418,23.1,17.83984375,10,19754.64876651764,21.6,19.49609375,16,19754.819286823273
2026-02-13T21:54:56,gaming,12.6,49.8,79996.13954350232,8360.705635862276,1969.940766480205,352865.63979576674,18.0,2386.25,73.965,51.0,1815.0,99.2,19.375,3,2938.252480983734,54.9,7571.56640625,136,474.1468381881714,42.6,37.5703125,10,19751.871787309647,24.7,20.35546875,16,19756.906972408295,17.1,17.83984375,10,19756.744798898697
2026-02-13T21:54:58,gaming,14.1,49.8,154681.00861775226,14663.97231078829,11794.141363723425,73713.3835232714,17.0,2386.25,73.948,50.0,1815.0,97.9,19.375,3,2940.3451974391937,42.8,7571.546875,136,476.3351366519928,36.6,37.55078125,10,19754.049713611603,21.9,17.96484375,10,19758.888583898544,20.0,19.58203125,16,19759.01783299446
2026-02-13T21:55:01,gaming,12.9,49.8,115259.5799865798,21364.953993569372,2104212.9516492225,1178696.2184254518,19.0,2386.25,73.946,50.0,1815.0,97.0,19.375,3,2942.6136384010315,57.6,7577.0234375,136,478.8316888809204,42.3,37.5703125,10,19756.49123930931,26.2,48.4296875,23,35.053452491760254,25.0,19.57421875,16,19761.268956184387
2026-02-13T21:55:03,gaming,16.0,50.0,13448.156124237672,1732.8753969359666,9145409.919763617,1160522.3780067214,19.0,2386.25,73.944,50.0,1815.0,98.7,19.37109375,3,2945.1134321689606,81.2,121.4140625,24,37.55260133743286,47.4,7576.94921875,136,481.10541105270386,36.2,53.07421875,16,16.708056211471558,16.7,4.796875,408,1771008901.0521653
2026-02-13T21:55:05,gaming,13.7,50.4,4635.142159913966,3747.8549487134023,309536.9894304491,201881.84531235907,17.0,2386.25,73.902,50.0,1815.0,99.0,230.80859375,24,39.82872915267944,97.6,19.37109375,3,2947.38782954216,49.1,7576.921875,136,483.3014714717865,10.9,54.4140625,16,18.864657402038574,9.1,25.3125,14,19763.801772117615
2026-02-13T21:55:07,gaming,14.0,50.0,9887.65614741789,122136.1042808431,1458109.9441211286,112873.69221038498,18.0,2386.25,73.812,50.0,1815.0,98.6,18.6875,2,2949.543648481369,58.7,117.09765625,24,41.98107647895813,47.7,7575.00390625,136,485.5608916282654,14.5,4.796875,408,1771008905.4668121,10.8,42.25390625,35,19768.06222176552
2026-02-13T21:55:09,gaming,11.8,50.0,3046.75943617701,1888.990850429746,142359.0447547762,172171.24730894202,18.0,2386.25,73.722,50.0,1815.0,100.7,121.36328125,23,44.18689942359924,99.6,19.359375,2,2951.739118337631,45.2,7574.93359375,136,487.60051918029785,25.9,107.3984375,14,45.688756227493286,10.9,104.890625,37,19736.475249767303
2026-02-13T21:55:11,gaming,11.9,50.1,6862.436544744259,6875.448749394445,217291.8063922756,6768076.040376387,18.0,2386.25,73.858,50.0,1815.0,99.7,19.36328125,2,2953.745297908783,45.0,7574.875,136,489.6838872432709,36.8,98.04296875,23,46.18356513977051,32.8,97.58984375,14,47.78538250923157,29.2,37.66796875,10,19767.41987657547
2026-02-13T21:55:13,gaming,12.2,49.9,188020.2565222776,7830.368347021437,1273732.2997660069,730598.2205547794,17.0,2386.25,73.81,50.0,1815.0,99.2,19.36328125,2,2955.8390476703644,46.6,37.60546875,10,19769.46711421013,45.0,7574.84375,136,491.73359870910645,24.7,17.91796875,10,19774.320217609406,18.0,19.4609375,16,19774.483245134354
2026-02-13T21:55:15,gaming,12.2,49.9,2716.8713156906,2150.2510947711703,0.0,126210.05344732548,18.0,2386.25,73.82,50.0,1815.0,100.0,19.36328125,2,2957.9017498493195,41.6,37.60546875,10,19771.49556159973,38.5,7574.81640625,137,493.7614731788635,21.9,17.8359375,10,19776.385003328323,20.4,4.796875,409,1771008913.8424058
2026-02-13T21:55:18,gaming,12.3,49.9,455.7010617493013,651.1418188357474,0.0,135264.64619096502,17.0,2386.25,73.631,50.0,1815.0,99.4,19.36328125,2,2959.9294793605804,54.1,7574.76171875,137,496.1041769981384,36.8,37.65625,10,19773.793664216995,27.3,17.97265625,10,19778.505866527557,26.4,101.42578125,22,54.16888904571533
2026-02-13T21:55:20,gaming,16.6,50.0,4115876.884995491,63103.5971720306,99545090.04077977,16674050.70758519,18.0,2386.25,73.676,50.0,1815.0,99.5,19.37109375,2,2962.3786282539368,54.1,7573.4375,137,498.5862948894501,49.5,37.55859375,10,19776.28682422638,49.0,542.765625,77,19778.92846250534,21.5,121.41796875,165,19759.388703107834
2026-02-13T21:55:23,gaming,19.9,51.7,5750304.088051305,79026.7070786983,12286606.646361474,22762865.890332196,17.0,2386.25,73.526,50.0,1815.0,98.8,18.69140625,2,2964.862466812134,97.5,834.3203125,77,19781.297700881958,54.4,7572.0546875,137,500.9429659843445,43.7,37.6640625,10,19778.615086317062,23.7,4.80078125,409,1771008920.799207
2026-02-13T21:55:25,gaming,18.3,51.4,3385.957875566653,1485.808727918891,4298956.779686209,47133788.029809594,18.0,2386.25,73.724,50.0,1815.0,99.2,19.375,2,2967.2954246997833,56.0,565.19921875,77,19783.72728919983,47.7,7571.94140625,137,503.33184337615967,38.7,37.6953125,10,19781.034447431564,27.0,4.80078125,409,1771008923.17206
2026-02-13T21:55:27,gaming,18.5,50.0,169.99248170179783,227.5023760088737,2548297.246096125,89685124.02180359,18.0,2386.25,73.776,49.0,1815.0,103.7,238.1953125,81,19786.077475070953,98.9,19.37109375,2,2969.611352920532,55.5,7572.0234375,137,505.7261176109314,43.1,37.60546875,10,19783.42908191681,27.1,4.80078125,409,1771008925.5379086
2026-02-13T21:55:30,gaming,18.4,50.0,2646.7553127906335,1698.2047302254819,3731216.2117900685,411223.43585473986,17.0,2386.25,73.602,50.0,1815.0,99.4,19.390625,3,2971.984274625778,94.3,263.18359375,81,19788.431035995483,49.2,7572.0234375,137,508.0777406692505,34.0,37.58984375,10,19785.772806167603,21.7,17.9375,10,19790.49064731598
2026-02-13T21:55:32,gaming,17.7,50.1,531.2648746301248,453.9367850891547,8293343.13760291,314809.7583457339,18.0,2386.09375,73.717,49.0,1815.0,121.0,7572.984375,137,510.726509809494,102.1,274.4140625,82,19790.987427711487,98.1,19.390625,3,2974.4268276691437,50.1,235.07421875,29,68.7743992805481,34.2,37.66015625,10,19788.37768125534
2026-02-13T21:55:35,gaming,26.1,50.2,2796.7271066573726,1373.5274686425432,8968883.433794979,1716010.8214505338,18.0,2386.09375,73.737,50.0,1815.0,116.0,7572.35546875,137,513.3124647140503,99.1,19.390625,3,2977.117894411087,98.4,283.64453125,82,19793.6858689785,37.3,37.69921875,10,19791.009219408035,37.1,122.58984375,18,71.38516306877136
2026-02-13T21:55:37,gaming,22.0,50.1,671.1957062787643,633.004183040142,11090896.35671356,583709.4901518915,17.0,2386.09375,73.789,49.0,1815.0,100.2,19.390625,3,2979.5504655838013,96.3,288.9296875,82,19795.972383737564,49.5,7572.3125,137,515.5555782318115,39.9,37.6171875,10,19793.281408786774,29.4,17.96875,10,19798.06652212143
2026-02-13T21:55:39,gaming,17.5,50.0,288.77354204727027,1319.6075800220713,7826078.015163257,285623.2852249364,18.0,2386.09375,73.74,50.0,1815.0,99.6,19.390625,3,2981.8262326717377,48.9,7571.84375,137,517.7925009727478,36.4,37.6328125,10,19795.474207401276,29.2,121.15234375,18,75.84382653236389,22.6,4.80078125,410,1771008937.7658195
2026-02-13T21:55:42,gaming,16.4,50.1,3386.031612119635,1951.1396425404866,583389.3703133386,1480185.3279147493,17.0,2386.09375,73.538,49.0,1815.0,100.6,19.390625,3,2984.0011620521545,46.7,7571.7890625,137,519.9654912948608,41.5,37.5859375,10,19797.65875530243,22.1,104.37109375,37,19768.75241613388,20.8,19.48046875,16,19802.654663562775
2026-02-13T21:55:44,gaming,16.2,50.1,1154.0847047078457,940.0357152388988,849166.5328562041,94005.44503802089,17.0,2386.09375,73.657,49.0,1815.0,98.5,19.390625,3,2986.142830133438,52.0,7570.6328125,137,522.0672669410706,46.9,37.62109375,10,19799.790924310684,23.4,17.828125,10,19804.62761735916,22.7,19.50390625,16,19804.7895860672
2026-02-13T21:55:46,gaming,12.9,50.1,896.9044935613169,776.0584144288447,59939.6552497062,396858.52387103863,18.0,2386.09375,73.659,49.0,1815.0,99.2,19.390625,3,2988.2525992393494,42.0,37.65234375,10,19801.91136622429,35.2,7570.58984375,137,524.1959569454193,27.3,17.84375,10,19806.743977546692,20.7,104.37109375,37,19772.99772953987
2026-02-13T21:55:48,gaming,15.6,50.3,270.31939835292235,871.9393387949482,48464.53644274885,443636.9105143933,18.0,2386.09375,73.82,49.0,1815.0,99.6,18.70703125,3,2990.465170145035,66.4,121.109375,18,84.61616945266724,39.9,7570.53515625,137,526.5495417118073,38.3,37.65234375,10,19804.23938679695,26.6,104.36328125,37,19775.2272336483
2026-02-13T21:55:50,gaming,17.4,50.0,3411.4263864872714,1088.7999967209666,22569.457421908293,683177.4761611641,18.0,2386.09375,73.556,50.0,1815.0,99.4,19.38671875,3,2992.7123095989227,41.3,37.65234375,10,19806.31862592697,36.7,7571.28515625,137,528.5903120040894,28.1,104.36328125,37,19777.45524907112,23.9,17.96875,10,19811.196093082428
2026-02-13T21:55:52,gaming,15.2,50.1,621.8742783321841,405.54875678873816,0.0,80735.24703799133,18.0,2386.09375,73.598,49.0,1815.0,99.9,18.70703125,3,2994.74435710907,42.1,37.65234375,10,19808.36078619957,39.0,7571.39453125,137,530.6336824893951,37.4,327.91015625,95,19780.975653409958,20.0,17.83984375,10,19813.226796388626
2026-02-13T21:55:54,gaming,15.2,50.1,153.00383844879818,150.5596876748557,64071.9460484373,122137.1471548336,18.0,2386.09375,73.4,50.0,1815.0,100.3,19.390625,3,2996.785716533661,44.6,7571.34765625,137,532.7346167564392,35.4,37.6484375,10,19810.435396432877,22.2,19.5625,16,19815.430783748627,22.2,17.84375,10,19815.26339697838
2026-02-13T21:55:57,gaming,15.5,50.0,0.0,112.04408929056767,238.03557558825995,318253.56456150353,18.0,2386.09375,73.632,49.0,1815.0,127.3,7571.56640625,137,534.9074492454529,83.9,19.390625,3,2998.944499731064,41.4,37.65234375,10,19812.622940301895,26.7,19.61328125,16,19817.601474523544,26.2,4.80078125,410,1771008954.8803334
2026-02-13T21:55:59,gaming,17.2,50.0,329.2643309781407,450.30375405602064,0.0,56985.91688816047,18.0,2386.09375,73.634,50.0,1815.0,82.0,19.390625,3,3001.0983431339264,70.1,7571.25390625,137,537.0031518936157,43.7,37.6484375,10,19814.732580900192,27.8,17.83984375,10,19819.588280916214,15.2,19.5234375,16,19819.753351449966
2026-02-13T21:56:01,gaming,13.1,50.0,34.28145375780036,84.01370357545439,0.0,111492.94436790416,18.0,2386.09375,73.52,50.0,1815.0,123.8,7571.453125,137,539.0629987716675,99.7,19.390625,3,3003.167247533798,41.2,37.65234375,10,19816.781250953674,22.0,17.84375,10,19821.644236803055,17.4,19.57421875,16,19821.81399822235
2026-02-13T21:56:03,gaming,15.1,50.0,360.94338629633336,464.4170623139902,17908.23282964742,357667.20568101376,18.0,2386.09375,73.581,50.0,1815.0,100.4,19.390625,3,3005.236543416977,72.1,7571.328125,136,541.2065224647522,36.5,37.65234375,10,19818.921980142593,24.8,123.13671875,18,99.29778218269348,18.7,17.83203125,10,19823.729759931564
2026-02-13T21:56:05,gaming,11.6,49.9,97.46335331685006,1259.6330070855456,0.0,249506.18449113617,17.0,2386.09375,73.595,50.0,1815.0,98.4,19.390625,3,3007.379116296768,70.6,7571.5546875,136,543.1748933792114,18.3,19.67578125,16,19826.02313375473,16.4,37.30859375,10,19820.92173075676,15.5,17.83203125,10,19825.85013437271
2026-02-13T21:56:07,gaming,8.7,49.9,183.9172294925803,585.7136768783595,33171.980301207215,48955.42254129774,18.0,2386.09375,73.634,51.0,1815.0,137.3,7571.23046875,136,545.0971705913544,100.3,19.390625,3,3009.2955343723297,1.6,104.06640625,37,19794.031554222107,0.8,283.1640625,80,19825.58382511139,0.8,77.15234375,105,19800.42479276657
2026-02-13T21:56:09,gaming,9.9,49.9,1074.655339580179,502.8299789280799,0.0,9366.645761321406,17.0,2386.09375,73.741,50.0,1815.0,99.7,19.390625,3,3011.2075407505035,56.3,7571.19140625,136,547.012936592102,6.5,25.32421875,13,19827.51154398918,4.1,103.359375,147,19829.634382009506,3.3,194.33984375,277,19824.560376405716
2026-02-13T21:56:10,gaming,8.2,49.9,58.30022608794058,55.72057006635029,0.0,17962.660809537516,18.0,2386.09375,73.671,51.0,1815.0,98.3,18.70703125,3,3013.1472392082214,74.9,7570.484375,136,548.9523465633392,5.6,103.3515625,147,19831.57424044609,2.4,41.66796875,35,19831.61391878128,2.4,77.20703125,106,19804.28200984001
2026-02-13T21:56:12,gaming,8.8,49.9,1687.1877537214968,2687.9471770424216,38102.757117974434,53557.022242747276,18.0,2386.09375,73.755,51.0,1815.0,132.2,7570.1953125,136,550.891313791275,100.0,19.390625,3,3015.070055961609,6.5,103.34375,147,19833.49841451645,1.6,21.23046875,11,19831.203288078308,0.8,4.80078125,410,1771008971.0168016
2026-02-13T21:56:14,gaming,9.8,49.9,272.8775913266942,536.5224821949664,0.0,40180.71239505248,17.0,2386.09375,73.891,51.0,1815.0,99.4,19.390625,3,3017.019544839859,41.0,7570.140625,136,552.83589220047,5.6,103.34375,147,19835.444972276688,5.6,25.32421875,13,19833.34396648407,4.0,4.80078125,410,1771008972.9667459
2026-02-13T21:56:16,gaming,7.4,49.9,0.0,27.520586270084777,0.0,69930.82899325839,17.0,2386.09375,74.058,51.0,1815.0,98.6,19.390625,3,3018.9845967292786,40.7,7570.1875,138,554.7932467460632,5.6,103.37109375,147,19837.409086942673,5.6,25.36328125,14,19835.2828040123,2.4,4.80078125,410,1771008974.9299552
2026-02-13T21:56:18,gaming,7.4,49.9,307.8022769606574,445.1214745946208,0.0,22286.128497515077,18.0,2386.09375,74.017,51.0,1815.0,99.7,19.38671875,3,3020.912643432617,57.1,7571.140625,138,556.6808133125305,8.1,103.35546875,147,19839.334321260452,4.9,4.80078125,410,1771008976.8584049,1.7,77.1953125,106,19812.012141942978
2026-02-13T21:56:20,gaming,9.4,49.9,37.34141531579983,34.711738180884346,0.0,20195.920396150894,18.0,2386.09375,74.053,51.0,1815.0,156.9,7571.296875,138,558.603465795517,99.7,18.7109375,3,3022.8087120056152,8.2,25.32421875,13,19839.095804929733,6.6,4.80078125,410,1771008978.7602997,6.6,103.35546875,147,19841.23633790016
2026-02-13T21:56:23,gaming,15.3,50.0,448.2717345580271,606.6259972460815,11369939.397922972,418369.0915518212,6.0,2384.0,68.629,50.0,1815.0,98.7,19.3984375,3,3025.042411804199,81.9,7585.015625,141,561.6579322814941,49.3,19.1328125,19,19843.830165863037,46.0,299.16015625,240,19840.105444669724,43.3,304.06640625,77,19841.909934282303
2026-02-13T21:56:26,gaming,22.3,50.6,2213.036991540587,1450.0950150049052,13656398.645003408,1712719.5168722465,19.0,2476.98046875,67.823,50.0,1815.0,99.8,19.40625,3,3027.9074850082397,78.1,7614.2109375,141,564.0595541000366,35.4,37.61328125,10,19841.750465869904,26.1,17.8671875,9,19846.44216656685,25.6,20.25,12,19846.564442157745
2026-02-13T21:56:28,gaming,15.9,50.6,4526.98632375653,1421.2343572486313,17893040.1342376,115362.63270544988,23.0,2463.57421875,63.26,51.0,1815.0,99.8,19.41015625,3,3030.3193547725677,65.6,7601.16015625,141,566.37078332901,23.6,37.27734375,10,19844.06632041931,23.2,4.80078125,410,1771008986.243712,18.8,19.75,12,19848.972172498703
2026-02-13T21:56:31,gaming,12.8,50.6,7810.289973318738,2438.9465038118174,93444.64637088396,158120.45485443558,18.0,2481.82421875,75.193,51.0,1815.0,99.8,19.41015625,3,3032.757326602936,59.2,7598.9609375,141,568.8513486385345,41.7,37.65234375,10,19846.544310331345,15.8,25.36328125,14,19849.24565052986,13.8,118.6328125,17,126.9240152835846
2026-02-13T21:56:33,gaming,15.0,50.5,2871.0077745993376,648.3850365635154,217521.4470854454,158293.2236057844,18.0,2481.82421875,75.205,50.0,1815.0,97.9,19.41015625,3,3035.1081442832947,68.7,7595.32421875,141,571.1248664855957,35.5,37.65234375,10,19848.831329345703,24.1,17.859375,9,19853.610439777374,20.0,19.796875,12,19853.756932258606
2026-02-13T21:56:35,gaming,14.1,50.5,3065.691918100481,1614.6502382575452,7167.279735467791,279299.9321915105,19.0,2481.82421875,75.452,51.0,1815.0,103.4,7594.69921875,141,573.4526064395905,97.8,19.41015625,3,3037.392301082611,48.0,37.58203125,10,19851.14311313629,23.4,17.765625,9,19855.8836684227,23.3,19.83203125,12,19856.039937734604
2026-02-13T21:56:38,gaming,14.8,50.5,244.69434348035418,510.72324715739404,271076.0510607129,310533.6670457016,25.0,2478.44921875,84.204,51.0,1815.0,171.1,7600.11328125,141,575.9007215499878,99.7,19.40234375,3,3039.6952834129333,21.0,37.6328125,10,19853.598834514618,11.5,19.8046875,12,19858.347690343857,9.5,118.7265625,16,133.97846150398254
2026-02-13T21:56:40,gaming,17.6,50.5,2503.639924888208,494.66918433151824,52245.99462425525,173677.1149423485,24.0,2478.44921875,83.895,51.0,1815.0,99.1,19.40625,3,3042.2185900211334,78.9,7599.81640625,141,578.2782912254333,37.3,37.65234375,10,19855.983685731888,24.7,19.671875,12,19860.874756336212,22.0,17.78515625,9,19860.72534441948
2026-02-13T21:56:42,gaming,14.2,50.5,49.21806384782376,124.7423342350016,0.0,113832.89580693914,25.0,2478.44921875,84.063,51.0,1815.0,97.4,19.41015625,3,3044.5589752197266,66.3,7597.67578125,141,580.5894384384155,33.9,37.578125,10,19858.285972595215,24.8,17.796875,9,19863.055503368378,22.1,19.6796875,12,19863.209755897522
2026-02-13T21:56:45,gaming,12.5,50.5,255.78141050076624,470.22441122363085,112881.41763352335,46739.96198888076,25.0,2478.44921875,84.014,51.0,1815.0,99.3,19.41015625,3,3046.8880343437195,57.2,7594.61328125,141,583.155252456665,37.9,37.625,10,19860.84273290634,24.0,19.7109375,12,19865.556463956833,19.7,17.78515625,9,19865.433299779892
2026-02-13T21:56:47,gaming,17.1,50.5,4751.686819555047,2034.3424486514702,101155.28582308252,410548.2108210263,9.0,2479.94921875,63.971,49.0,1815.0,97.7,19.41015625,3,3049.4770159721375,57.5,7592.86328125,141,585.6806025505066,38.8,37.65625,10,19863.348266124725,24.3,19.67578125,12,19868.12931251526,20.8,17.75,9,19867.985661506653
2026-02-13T21:56:50,gaming,13.7,49.8,18056.89214840917,2443.164094917618,833933.344398547,732616.292285998,11.0,2486.69921875,62.316,49.0,1815.0,99.0,18.71484375,3,3051.9235339164734,43.2,847.546875,90,19870.452342033386,41.2,7599.23046875,142,587.9197289943695,38.4,37.50390625,10,19865.622125148773,27.6,17.78515625,9,19870.42186522484
2026-02-13T21:56:52,gaming,13.5,49.9,6290.969303577941,2063.399207084287,3312901.180161076,458497.9530486799,11.0,2487.01171875,63.208,49.0,1815.0,98.4,19.41015625,3,3054.1943900585175,54.2,7599.77734375,144,590.1681802272797,39.6,37.39453125,10,19867.87191939354,25.0,118.61328125,15,148.2514750957489,20.0,17.78515625,9,19872.683614253998
2026-02-13T21:56:54,gaming,14.6,49.9,10551.318950280756,3662.3059230405997,614683.0551918877,161376.9672922655,11.0,2487.01171875,62.611,49.0,1815.0,100.0,19.41015625,3,3056.460371732712,57.5,7610.953125,146,592.4224259853363,30.4,4.80078125,411,1771009012.3847606,26.1,19.75,12,19875.112084388733,23.4,37.3046875,10,19870.14245581627
2026-02-13T21:56:56,gaming,9.3,49.8,7267.884576250679,2331.574576117196,386748.8040496056,301677.9374086882,12.0,2487.01171875,62.758,48.0,1815.0,100.4,19.41015625,3,3058.6698660850525,50.9,7608.6484375,146,594.5702543258667,5.0,41.65625,36,19877.153269290924,4.3,104.0390625,37,19843.413598537445,3.6,25.32421875,13,19875.049985408783
2026-02-13T21:56:58,gaming,8.0,49.8,1308.8861860508387,1050.3290740451375,0.0,31519.34317783785,11.0,2487.01171875,62.76,48.0,1815.0,98.8,19.41015625,3,3060.776796579361,45.0,7608.71484375,146,596.6516542434692,5.3,25.32421875,13,19877.123420000076,5.2,41.65625,36,19879.254405736923,4.4,103.44140625,149,19879.195296764374
2026-02-13T21:57:00,gaming,8.7,49.8,3223.5456000360214,1162.0373617227444,189440.99636284026,6166.699100352873,11.0,2487.01171875,62.637,48.0,1815.0,99.5,19.41015625,3,3062.8458330631256,46.9,7608.76953125,146,598.7196269035339,6.8,104.09765625,37,19847.581736564636,5.3,41.65625,36,19881.3155503273,5.3,25.36328125,14,19879.18521475792
2026-02-13T21:57:02,gaming,8.1,49.8,472.7760357515765,561.0597240602892,35568.195473359425,19019.104523949136,11.0,2487.01171875,62.445,48.0,1815.0,99.6,19.41015625,3,3064.9172666072845,48.9,7608.44921875,147,600.7990427017212,7.5,25.32421875,13,19881.25495314598,6.0,104.1171875,37,19849.655750751495,4.5,4.80078125,411,1771009020.857711
2026-02-13T21:57:05,gaming,8.0,49.8,595.6089736733627,247.53812440883385,202006.28426853003,20152.069223903836,11.0,2487.01171875,62.25,48.0,1815.0,98.4,19.41015625,3,3067.0299191474915,47.2,7608.53515625,147,602.9169442653656,8.9,104.12109375,37,19851.772795915604,7.3,25.32421875,13,19883.394059419632,4.4,103.453125,149,19885.45022058487
2026-02-13T21:57:07,gaming,8.2,49.8,67.50839881306044,161.8286439632229,0.0,23533.14055645069,11.0,2487.01171875,62.164,48.0,1815.0,99.6,19.41015625,3,3069.1161272525787,73.8,7608.56640625,147,605.013925075531,8.2,104.125,37,19853.85758829117,5.3,25.36328125,13,19885.47468805313,3.0,4.80078125,411,1771009025.0556824
2026-02-13T21:57:09,gaming,10.4,49.8,544.8323043152682,677.2568227252292,340943.9486559545,15981.747593247868,15.0,2482.48046875,66.114,49.0,1815.0,123.8,7608.66796875,147,607.1468734741211,100.0,19.41015625,3,3071.2252254486084,10.4,104.9140625,37,19855.968552350998,6.7,41.65625,36,19889.706256628036,5.2,25.32421875,13,19887.59699654579
2026-02-13T21:57:11,gaming,11.8,49.8,545.7712397592599,1131.95277556878,334846.2158787161,94651.13204526209,15.0,2482.98046875,66.195,49.0,1815.0,111.0,7608.03125,147,609.3291561603546,99.0,19.41015625,3,3073.3874881267548,10.8,104.921875,37,19858.134774923325,4.3,103.45703125,149,19891.807329654694,3.6,25.32421875,13,19889.773841381073
2026-02-13T21:57:13,gaming,10.4,49.8,924.3456256200618,1063.1583451313788,165678.03682918946,932880.3096461748,18.0,2482.48046875,64.418,49.0,1815.0,120.7,7631.86328125,147,611.5030283927917,98.7,19.41015625,3,3075.571935415268,11.4,104.53515625,37,19860.32087135315,6.4,25.32421875,13,19891.966510295868,5.7,4.80078125,411,1771009031.5016534
2026-02-13T21:57:15,gaming,11.3,49.8,391.68388977888407,653.4187282008816,0.0,36911.04079248044,13.0,2482.48046875,64.158,49.0,1815.0,129.1,7631.8203125,147,613.7066669464111,99.3,19.40625,3,3077.743216276169,10.8,104.5390625,37,19862.49148130417,5.7,4.80078125,411,1771009033.6774902,5.0,25.32421875,14,19894.15087747574
2026-02-13T21:57:17,gaming,12.5,49.8,757.45841189293,699.5810559811597,0.0,38570.20493015497,13.0,2482.48046875,64.214,49.0,1815.0,147.6,7632.06640625,147,615.8230745792389,99.9,19.40625,3,3079.9175233840942,12.2,104.5,37,19864.661720514297,9.3,103.45703125,149,19898.339575767517,6.5,4.80078125,411,1771009035.8548558
2026-02-13T21:57:20,gaming,12.5,49.8,191.89253627795148,265.4036073894055,191609.94826432824,24928.845309899847,13.0,2482.48046875,64.196,50.0,1815.0,139.3,7621.3828125,147,617.9877669811249,100.4,19.40625,3,3082.0182127952576,13.4,104.50390625,37,19866.76172709465,11.2,103.453125,149,19900.43385577202,6.0,4.80078125,411,1771009037.9480991
2026-02-13T21:57:22,gaming,12.3,49.8,316.97740055127366,441.4069245499112,0.0,35806.63908118456,13.0,2482.48046875,64.268,50.0,1815.0,135.3,7621.3671875,147,620.1237044334412,99.2,19.39453125,2,3084.222456216812,14.9,103.4453125,149,19902.637009859085,12.8,104.50390625,37,19868.963516950607,11.0,328.296875,96,19870.473258972168
2026-02-13T21:57:24,gaming,14.6,49.8,965.0020523826761,1020.6107151131233,198319.66669771663,96705.38202834202,13.0,2482.48046875,64.312,50.0,1815.0,129.7,7621.32421875,147,622.2078168392181,99.5,18.703125,2,3086.2947630882263,21.8,103.44921875,149,19904.71864748001,18.1,104.5078125,37,19871.03187584877,12.0,328.01953125,96,19872.558737277985
2026-02-13T21:57:26,gaming,12.7,49.8,534.0318157707402,450.11253043533816,7812.122562131971,96675.01670638313,13.0,2482.48046875,64.703,50.0,1815.0,125.3,7617.9453125,147,624.3639204502106,99.6,19.390625,2,3088.397976398468,23.8,328.01953125,96,19874.723896980286,16.4,103.453125,149,19906.81713271141,15.5,104.5,37,19873.14598417282
2026-02-13T21:57:28,gaming,12.8,49.8,857.7440089527213,598.6194052787973,211896.488742638,151354.63481617,17.0,2482.48046875,64.335,51.0,1815.0,139.8,7616.92578125,147,626.5553140640259,96.3,19.40234375,3,3090.5712740421295,17.3,104.5,37,19875.312843322754,15.7,328.01953125,96,19876.913165569305,12.2,103.43359375,149,19908.990278720856
2026-02-13T21:57:30,gaming,13.8,49.8,3025.6907618146033,597.7341940678208,16642.653572595274,12481.990179446457,13.0,2482.48046875,64.479,51.0,1815.0,134.0,7617.12109375,147,628.7461566925049,98.7,19.40234375,3,3092.772346019745,22.0,104.5,37,19877.51654815674,12.9,328.01953125,96,19879.09536075592,11.3,103.4375,149,19911.194157600403
2026-02-13T21:57:32,gaming,14.3,49.7,1186.2154687315574,854.7797281520093,184172.5831624355,42245.77294189887,13.0,2482.48046875,64.643,52.0,1815.0,141.8,7617.0390625,147,630.8403174877167,99.0,19.3984375,3,3094.934616088867,18.8,104.484375,37,19879.675761461258,15.2,103.453125,149,19913.354412317276,12.3,4.80078125,411,1771009050.871802
2026-02-13T21:57:35,gaming,12.6,49.7,700.9936711951078,1334.041198151509,0.0,45077.96025662028,13.0,2482.48046875,64.726,51.0,1815.0,129.3,7618.21484375,147,632.9551219940186,99.6,19.3984375,3,3097.0216488838196,18.0,104.515625,37,19881.764506578445,14.2,103.44140625,149,19915.44098997116,4.5,25.32421875,13,19913.389173984528
2026-02-13T21:57:37,gaming,13.3,49.7,1133.0960108086997,687.8351960823993,213725.19106862415,111849.51665924663,13.0,2482.48046875,65.681,52.0,1815.0,143.6,7617.20703125,147,635.0329840183258,100.1,19.3984375,3,3099.175872564316,26.2,104.515625,37,19883.910807609558,14.5,103.4375,149,19917.599851369858,6.1,328.01953125,96,19885.381272554398
2026-02-13T21:57:39,gaming,13.4,49.7,1556.5712053440632,1111.4135556229646,0.0,26026.423298993188,13.0,2482.48046875,64.504,52.0,1815.0,188.9,7614.51953125,147,637.1589157581329,98.8,19.3984375,3,3101.20059299469,30.7,104.515625,37,19885.9465239048,13.9,103.4453125,149,19919.622210025787,6.9,4.80078125,410,1771009057.142341
2026-02-13T21:57:41,gaming,17.9,49.7,1951.6106906236867,200.02273270449174,182065.13625724404,6400.727446543736,13.0,2482.48046875,64.754,52.0,1815.0,224.1,7614.53125,147,639.2995798587799,99.5,19.3984375,3,3103.3682856559753,33.1,104.51953125,37,19888.115934610367,13.0,103.44921875,149,19921.788277864456,8.1,328.3359375,96,19889.64581131935
2026-02-13T21:57:43,gaming,16.2,49.7,4809.304177330313,3897.863466304004,0.0,33903.513319338796,13.0,2482.48046875,64.985,52.0,1815.0,124.8,7615.10546875,147,641.3401920795441,100.2,19.3984375,3,3105.472451210022,43.6,328.296875,96,19891.68882870674,22.4,104.546875,37,19890.21058702469,11.9,103.4375,149,19923.897116184235
2026-02-13T21:57:45,gaming,14.8,49.7,1974.6473163946732,664.2484656091074,61106.94573756595,233658.9359555288,13.0,2482.48046875,65.2,52.0,1815.0,129.3,7615.109375,147,643.4675798416138,94.4,19.3984375,3,3107.5247526168823,27.1,328.296875,96,19893.82457089424,16.8,103.4375,149,19925.944838762283,5.3,4.80078125,409,1771009063.4620426
2026-02-13T21:57:47,gaming,13.8,49.7,1127.508436840265,257.797155156945,185659.2786853357,14504.631147291851,11.0,2482.48046875,64.974,52.0,1815.0,122.7,7615.1328125,147,645.4930896759033,81.1,19.39453125,3,3109.644231557846,22.1,103.45703125,149,19928.06379890442,5.9,4.80078125,409,1771009065.5809956,5.3,25.36328125,14,19925.96796131134
2026-02-13T21:57:49,gaming,12.9,49.7,1532.1764326650039,879.527241190609,446224.1479669591,60383.542958831626,13.0,2482.79296875,68.549,52.0,1815.0,105.0,7609.78125,147,647.4425549507141,98.8,19.39453125,3,3111.6372544765472,7.0,4.80078125,409,1771009067.580546,6.3,103.44921875,149,19930.06040072441,4.7,41.65625,36,19930.103518009186
2026-02-13T21:57:51,gaming,12.4,49.7,357.4516993911927,186.2484181152949,0.0,77827.97407237905,13.0,2482.79296875,65.695,51.0,1815.0,123.3,7608.98046875,147,649.3816018104553,100.6,19.39453125,3,3113.562091588974,15.4,4.80078125,409,1771009069.5080302,6.5,103.4375,149,19931.98645043373,4.8,25.359375,14,19929.87907552719
2026-02-13T21:57:53,gaming,11.1,49.7,1512.6511147737124,948.3513420991588,0.0,9700.630574906298,17.0,2482.79296875,65.298,51.0,1815.0,104.9,7607.91796875,147,651.3815894126892,99.0,19.39453125,3,3115.519372701645,8.8,4.80078125,409,1771009071.4609087,6.3,25.359375,14,19931.868804693222,5.5,41.65625,36,19934.0012011528
2026-02-13T21:57:55,gaming,10.2,49.5,579.2116705845933,1293.8432326281065,321485.8079422662,17658.34809375937,6.0,2232.234375,54.954,50.0,1815.0,111.1,7596.25,146,653.3058686256409,99.0,19.390625,3,3117.491706609726,8.7,4.80078125,409,1771009073.4324284,6.3,103.44921875,149,19935.91571521759,4.9,25.36328125,13,19933.796671152115
2026-02-13T21:57:57,gaming,11.8,49.3,4681.767613866579,1898.9374061180426,0.0,118605.44954772528,6.0,2242.76171875,55.671,50.0,1815.0,188.4,7629.83984375,146,655.3791162967682,99.5,19.390625,3,3119.486978292465,6.8,25.32421875,13,19935.857665777206,5.4,41.65625,36,19937.971791744232,3.9,4.80078125,408,1771009075.423397
2026-02-13T21:57:59,gaming,13.1,49.7,3366.5226175249927,1955.2206007768953,12898018.51700034,48919.828439494,4.0,2225.3125,53.724,49.0,1815.0,105.5,7690.703125,146,657.3195974826813,99.1,19.390625,3,3121.489641189575,10.1,4.80078125,408,1771009077.4330223,6.3,41.65625,36,19939.964698076248,4.8,25.36328125,14,19937.825065135956
2026-02-13T21:58:01,gaming,10.6,49.7,38922.45424950316,4630.738972952895,12554726.042028915,68438.36376943227,4.0,2228.5625,53.457,49.0,1815.0,135.2,7699.43359375,146,659.274409532547,99.0,19.390625,3,3123.430835008621,4.9,4.80078125,408,1771009079.3668978,4.0,269.38671875,75,19939.75055861473,4.0,25.32421875,13,19939.757364988327
2026-02-13T21:58:03,gaming,13.1,49.8,4811.122625144499,2693.6967277759277,23051274.531391755,14122.083119179264,8.0,2394.7890625,53.492,49.0,1815.0,145.4,7760.83984375,146,661.3795006275177,96.4,19.390625,3,3125.4581954479218,14.6,4.80078125,408,1771009081.3924787,7.4,25.32421875,13,19941.866931438446,3.0,195.23046875,279,19938.929398059845
2026-02-13T21:58:05,gaming,13.7,50.1,1439.3655686603456,1082.309889056618,59246135.550257064,38943.777136046185,27.0,2873.671875,74.237,51.0,1815.0,226.3,7932.4453125,148,663.46448969841,99.3,19.390625,3,3127.5177569389343,21.2,4.80078125,408,1771009083.4562886,5.3,41.65625,36,19946.00831103325,4.6,25.32421875,13,19943.922942638397
2026-02-13T21:58:07,gaming,17.5,50.7,17195.035403862512,5016.959047658671,17610567.70558008,13306.776116047125,71.0,2846.05859375,171.326,60.0,1980.0,196.5,8000.34375,148,665.7233865261078,99.7,19.390625,3,3129.696725845337,24.7,4.80078125,408,1771009085.6139255,5.6,25.32421875,13,19946.151735067368,3.6,41.65625,36,19948.20758342743
2026-02-13T21:58:10,gaming,15.6,50.8,8040.215019923183,8084.8512759528,11281692.931028362,61167.424733292486,74.0,2865.28125,214.804,63.0,1980.0,166.0,8009.02734375,148,668.1988039016724,99.3,19.390625,3,3131.9771218299866,10.6,138.84375,23,19842.42535328865,10.3,4.80078125,408,1771009087.8989491,6.1,41.65625,36,19950.494553089142
2026-02-13T21:58:12,gaming,13.1,51.0,10243.705065376762,9664.330688839895,8477049.339409567,128761.18012177579,73.0,2947.84765625,198.396,63.0,1980.0,163.9,8024.078125,146,670.6576900482178,98.4,19.390625,3,3134.5060443878174,9.6,134.96484375,23,19844.858560323715,6.8,25.43359375,14,19951.05429673195,5.6,4.80078125,408,1771009090.4137075
2026-02-13T21:58:15,gaming,14.4,51.1,11105.232752446604,11127.831087557768,18055001.46888818,105605.71788385512,69.0,3025.30859375,212.265,64.0,1980.0,146.4,8091.4609375,146,673.0592074394226,100.0,19.38671875,3,3136.92422246933,9.0,4.80078125,408,1771009092.8456867,5.8,272.66796875,75,19953.45642209053,5.8,25.39453125,13,19953.466252565384
2026-02-13T21:58:17,gaming,12.9,50.8,7653.799084812207,8081.651207565685,23174699.46905348,7899.834905888769,71.0,3069.76171875,208.827,64.0,1980.0,166.8,8088.93359375,145,675.3916862010956,99.7,19.39453125,3,3139.3224461078644,14.3,4.80078125,408,1771009095.2439392,5.3,25.4296875,13,19955.81254673004,3.3,42.34765625,36,19957.826696395874
2026-02-13T21:58:19,gaming,16.2,50.9,8326.39240808712,8387.502738343423,17751152.875785213,120877.11253229342,67.0,3155.40625,209.977,65.0,1980.0,253.7,8116.9921875,145,677.602863073349,99.3,19.390625,3,3141.58917927742,20.6,4.80078125,408,1771009097.5176752,5.6,25.4296875,14,19958.04745364189,4.1,103.43359375,149,19960.00425052643
2026-02-13T21:58:22,gaming,18.5,51.1,7903.812218511164,8420.093952397783,24917047.6337885,28702.00938791036,63.0,3233.41015625,212.917,66.0,1980.0,255.4,8129.86328125,145,679.9836406707764,99.3,19.390625,3,3143.808285474777,18.4,4.80078125,408,1771009099.729714,4.2,104.421875,37,19928.579322099686,3.3,25.39453125,13,19960.386781692505
2026-02-13T21:58:24,gaming,18.6,51.0,12355.206191014819,9386.50967008596,15796972.474863097,47745.599017289154,45.0,3210.80859375,165.528,62.0,1980.0,250.9,8179.62109375,145,682.3258855342865,100.3,19.39453125,3,3146.2229464054108,37.7,4.80078125,408,1771009102.1333802,7.4,25.43359375,13,19962.724647283554,3.2,104.50390625,37,19930.99450802803
2026-02-13T21:58:27,gaming,17.9,51.2,17354.801255968952,9064.298975072672,11759784.736489065,10337.066806974099,45.0,3391.2734375,164.087,61.0,1980.0,280.7,8231.93359375,146,684.9922528266907,95.2,19.390625,3,3148.668894290924,6.4,4.80078125,408,1771009104.5602179,6.3,104.50390625,37,19933.462913036346,4.4,41.6640625,36,19967.22958445549
2026-02-13T21:58:29,gaming,17.6,51.4,17546.532644949057,8309.9001233609,26712314.303833324,40051.60762096221,39.0,3349.0234375,142.775,60.0,1980.0,206.7,8241.1875,146,687.4179105758667,98.0,19.38671875,3,3151.3153529167175,18.7,4.80078125,408,1771009107.2318068,7.8,104.50390625,37,19936.077713251114,5.4,41.62109375,34,19969.82670688629
2026-02-13T21:58:31,gaming,15.6,51.5,17487.102287596295,8543.310587821643,1492526.0709297052,16060.495751454668,44.0,3326.2109375,148.499,60.0,1980.0,281.4,8242.62109375,146,689.688996553421,99.1,19.3828125,3,3153.6326191425323,6.1,104.49609375,37,19938.392392396927,6.0,4.80078125,408,1771009109.5567508,4.8,25.43359375,14,19970.125147342682
2026-02-13T21:58:34,gaming,18.0,51.5,21593.025581078346,8578.151065961714,86018.94736661403,67147.44360761197,45.0,3421.95703125,149.304,60.0,1980.0,295.5,8278.52734375,146,692.2167751789093,99.6,19.37890625,3,3155.984893321991,8.6,104.515625,37,19940.767989635468,5.7,25.4296875,14,19972.576041698456,3.0,125.70703125,164,19953.06829571724
2026-02-13T21:58:36,gaming,19.8,51.6,19878.099711332874,8000.931293671672,24450864.466131717,21431.052250406945,46.0,3424.14453125,145.603,61.0,1980.0,290.2,8284.2109375,145,694.747052192688,94.8,19.37890625,3,3158.589848279953,15.0,4.80078125,407,1771009114.500654,7.2,104.53125,37,19943.373574495316,3.1,126.671875,164,19955.563101768494
2026-02-13T21:58:39,gaming,18.0,51.6,17962.662337399823,8736.797726895926,1286438.8576893262,16251.554718149733,47.0,3424.33203125,148.117,60.0,1980.0,275.4,8291.9453125,145,697.0165648460388,99.2,19.37890625,3,3160.9679119586945,8.0,104.53515625,37,19945.727786779404,3.4,25.42578125,14,19977.43661928177,3.3,4.80078125,407,1771009116.8915331
2026-02-13T21:58:41,gaming,16.9,51.6,17472.738397993024,8050.959628788732,483305.71334388014,108166.3062492967,46.0,3428.20703125,154.398,60.0,1980.0,213.0,8288.7578125,145,699.5931096076965,98.6,19.37890625,3,3163.296941280365,6.9,25.43359375,14,19979.92716526985,6.0,104.54296875,37,19948.0809340477,3.0,121.9296875,165,19960.4454805851
2026-02-13T21:58:44,gaming,18.2,51.6,18413.880559255755,8505.368172419334,73624.06664214417,12462.407113904612,41.0,3428.20703125,141.664,60.0,1980.0,410.0,8285.6640625,145,702.1722929477692,97.5,19.37890625,3,3165.9724428653717,10.5,104.54296875,37,19950.769435167313,7.1,25.43359375,13,19982.5626039505,3.5,41.625,34,19984.535766124725
2026-02-13T21:58:46,gaming,23.5,51.6,18736.10615844374,8447.448961878983,236238.591650055,12509.16153702548,44.0,3428.83203125,144.576,60.0,1980.0,321.5,8287.9453125,145,704.4756307601929,100.0,19.37890625,3,3168.441679239273,10.9,104.55078125,37,19953.201735973358,5.3,25.43359375,14,19984.908045768738,5.2,41.625,34,19986.948348283768
2026-02-13T21:58:48,gaming,18.9,51.6,19005.94952504188,8240.43386434694,503558.65251184034,55975.939497967964,47.0,3429.33203125,152.801,61.0,1980.0,311.7,8287.4296875,145,706.7762191295624,100.0,19.37890625,3,3170.7229902744293,8.2,104.55859375,37,19955.48114323616,6.9,41.625,34,19989.22753095627,6.8,25.39453125,14,19987.205657720566
2026-02-13T21:58:51,gaming,20.4,51.6,19761.850945153652,9265.799498508617,1317976.6940160422,102743.08806952502,44.0,3430.83203125,147.34,60.0,1980.0,310.1,8292.46875,145,709.1342341899872,99.2,19.37890625,3,3173.0061876773834,10.9,104.57421875,37,19957.774443149567,8.9,4.80078125,407,1771009128.9269547,6.5,21.25,8,3387.7098019123077
2026-02-13T21:58:53,gaming,19.8,51.6,19031.69041515507,8621.640060931551,544002.1210544554,17850.06959709932,46.0,3432.20703125,153.051,61.0,1980.0,276.6,8292.1796875,145,711.5574283599854,99.4,19.37890625,3,3175.426938056946,15.4,104.5859375,37,19960.210492372513,5.7,25.43359375,14,19991.96726346016,4.5,4.80078125,407,1771009131.337805
2026-02-13T21:58:56,gaming,18.3,51.6,16330.303967122172,8488.479019094006,409064.8764611095,77125.77358277168,44.0,3432.39453125,151.681,60.0,1980.0,273.2,8293.94140625,145,713.9374465942383,99.1,19.37890625,3,3177.8238728046417,12.5,104.58984375,37,19962.59275650978,10.4,103.4375,148,19996.232835769653,5.9,21.24609375,8,3392.50066113472
2026-02-13T21:58:58,gaming,18.9,51.6,16808.132243642565,8267.138886054689,301866.3503216978,13078.016597744012,45.0,3431.89453125,149.605,60.0,1980.0,275.1,8298.77734375,145,716.3567934036255,98.8,19.37890625,3,3180.2126004695892,17.0,103.44140625,148,19998.620500326157,11.8,104.59375,37,19964.98424053192,9.1,25.4296875,14,19996.762256622314
2026-02-13T21:59:01,gaming,20.5,51.6,16636.334320502447,8591.450645881561,291433.39002510044,19456.49052724392,46.0,3431.89453125,145.4,60.0,1980.0,258.2,8299.2890625,145,718.8799703121185,99.6,19.37890625,3,3182.709261894226,32.1,103.42578125,148,20001.101444244385,14.9,104.59765625,37,19967.498307704926,6.2,25.39453125,13,19999.289192199707
2026-02-13T21:59:03,gaming,20.4,51.6,17514.486603475703,9222.747305810006,267870.3390134439,16845.883121187075,49.0,3467.39453125,150.734,60.0,1980.0,300.9,8310.16796875,145,721.2941031455994,99.8,19.37890625,3,3185.1517527103424,36.9,103.43359375,148,20003.55701494217,14.8,104.58203125,37,19969.92603611946,5.1,328.03125,95,19971.69189810753
2026-02-13T21:59:05,gaming,21.2,51.7,16604.058275751417,8419.05761748555,8006554.645321801,60655.71701001364,48.0,3467.39453125,148.922,60.0,1980.0,241.1,8311.91796875,145,723.7575521469116,100.3,19.37890625,3,3187.581888437271,48.2,103.4453125,148,20005.990726947784,16.8,104.58203125,37,19972.34856081009,11.4,328.03125,95,19974.153841733932
2026-02-13T21:59:08,gaming,21.1,51.7,19051.457812678273,8178.466893334311,480439.8244005793,53382.20271117548,47.0,3471.33203125,153.205,60.0,1980.0,269.7,8314.2109375,145,726.1787421703339,94.8,19.37890625,3,3190.0388247966766,38.2,103.43359375,148,20008.446554660797,18.4,104.5234375,37,19974.80785894394,16.7,328.03125,95,19976.580054283142
2026-02-13T21:59:10,gaming,20.4,51.7,18538.73741908758,8731.566670273063,830564.2172672291,14652.09052638761,48.0,3471.89453125,154.929,61.0,1980.0,258.2,8307.328125,145,728.6599490642548,98.9,19.37890625,3,3192.487214565277,33.8,103.44140625,148,20010.894095659256,15.9,104.5234375,37,19977.2579164505,15.8,328.03125,95,19979.057644844055
2026-02-13T21:59:13,gaming,19.9,51.7,19637.328030292734,9284.313577752526,662489.4109921057,15527.095570127478,48.0,3472.01953125,160.599,61.0,1980.0,297.8,8312.2890625,145,731.1474695205688,99.2,19.3828125,3,3194.960704803467,28.4,103.42578125,148,20013.36545085907,20.2,104.52734375,37,19979.73224067688,13.8,328.03125,95,19981.552970409393
2026-02-13T21:59:16,gaming,22.5,51.7,25138.4214327147,10147.719337938639,1729228.4929687204,36356.71119178261,58.0,3472.64453125,156.492,61.0,1980.0,311.0,8319.53515625,145,733.8767399787903,97.9,19.3828125,3,3197.563617706299,37.5,103.4296875,148,20015.952741146088,22.0,104.53125,37,19982.35682606697,10.8,328.03125,95,19984.305158138275
2026-02-13T21:59:18,gaming,23.7,51.7,29912.54599570787,9513.53079922293,1440903.0609148922,16885.582745096395,60.0,3474.89453125,174.514,63.0,1980.0,348.6,8331.125,145,736.5605475902557,92.7,19.3828125,3,3200.277444124222,41.3,103.43359375,148,20018.67533302307,21.4,104.5625,37,19985.05708384514,5.2,21.24609375,8,3415.2220833301544
2026-02-13T21:59:21,gaming,23.6,51.8,33688.50374261761,9602.199574415565,1589918.522761239,33441.79585134818,66.0,3475.01953125,188.226,64.0,1980.0,340.3,8341.609375,144,739.3896508216858,100.1,19.3828125,3,3202.962520122528,30.9,103.43359375,148,20021.3597342968,21.4,104.5625,37,19987.76456618309,7.0,4.80078125,407,1771009158.8568175
2026-02-13T21:59:24,gaming,24.0,51.8,45116.77449979264,9598.017746739766,780017.9989682497,81192.13086686975,94.0,3476.39453125,232.646,70.0,1965.0,340.9,8345.81640625,144,742.19886302948,96.6,19.3828125,3,3205.826897382736,25.2,103.4296875,148,20024.21763062477,22.4,104.5703125,37,19990.624061346054,9.8,4.80078125,407,1771009161.713423
2026-02-13T21:59:27,gaming,24.2,51.8,37738.40025261865,9715.196308641618,750197.21916021,41239.33088117789,59.0,3476.89453125,205.589,67.0,1965.0,343.5,8362.13671875,144,745.0466377735138,100.4,19.3828125,3,3208.675713777542,28.6,104.58203125,37,19993.471284627914,25.2,103.4453125,148,20027.073214292526,7.7,25.43359375,14,20025.354805469513
2026-02-13T21:59:30,gaming,22.7,51.8,36144.47894349513,9363.319776366225,430301.97699757933,19610.116139212598,64.0,3477.76953125,193.665,66.0,1980.0,299.7,8368.984375,144,747.8306379318237,99.7,19.39453125,3,3211.4171357154846,31.7,328.30859375,95,19998.26422572136,30.2,104.59375,37,19996.20956134796,24.5,103.41796875,148,20029.812234401703
2026-02-13T21:59:33,gaming,22.9,51.8,38516.2026525503,9434.71378375088,1194364.6705668157,11304.833871050088,66.0,3478.76953125,186.05,67.0,1980.0,301.4,8371.265625,144,750.6615343093872,98.8,19.39453125,3,3214.295421600342,28.9,103.4453125,148,20032.687398672104,27.4,328.30078125,95,20001.111445903778,6.5,104.60546875,37,19999.08933353424
2026-02-13T21:59:35,gaming,20.7,51.8,37764.24732854177,9393.20221237426,337866.5752964652,43465.127134493174,52.0,3478.76953125,180.565,64.0,1980.0,257.9,8375.125,144,753.5446381568909,89.4,19.37890625,2,3217.196783065796,21.5,103.41015625,147,20035.59104824066,4.8,25.43359375,14,20033.877222776413,4.3,4.80078125,407,1771009173.0758846
2026-02-13T21:59:38,gaming,18.9,51.8,35331.17773358895,9742.64873841756,264426.6595734447,15212.04504648368,60.0,3479.14453125,171.463,65.0,1980.0,269.8,8377.734375,144,756.2490119934082,99.8,18.71875,2,3219.905248641968,6.9,41.6171875,34,20038.461086511612,6.4,25.4296875,14,20036.57164812088,6.3,21.19921875,6,3434.911452293396
2026-02-13T21:59:41,gaming,18.5,51.9,35477.210502727634,10272.146821954322,952219.546834893,42589.50707523252,58.0,3479.14453125,215.403,66.0,1980.0,271.0,8382.56640625,144,758.9949724674225,100.1,18.71875,2,3222.6531682014465,9.7,25.39453125,13,20039.299118757248,5.1,4.80078125,407,1771009178.552011,5.1,21.19921875,6,3437.6849434375763
2026-02-13T21:59:43,gaming,18.3,51.9,31515.95135278503,9977.03941621136,473722.3366642476,11658.010628846718,67.0,3479.76953125,191.064,67.0,1980.0,254.3,8383.6796875,144,761.7099978923798,98.3,19.375,2,3225.420154094696,6.2,4.80078125,407,1771009181.318701,4.6,25.39453125,13,20042.04442548752,4.6,119.28125,32,20035.195603370667
2026-02-13T21:59:46,gaming,17.1,51.9,32152.404934350478,10278.785233180732,448174.0322584064,47462.87494403262,69.0,3480.01953125,195.796,67.0,1980.0,307.4,8384.4453125,144,764.3121755123138,100.1,19.375,2,3228.041979789734,6.0,21.19921875,6,3442.931853055954,5.4,25.39453125,13,20044.650305509567,4.2,41.6171875,34,20046.575779676437
2026-02-13T21:59:49,gaming,21.0,51.9,29495.268307508868,10148.12354465639,125403.97190907742,7445.860832101472,66.0,3480.01953125,193.842,67.0,1980.0,384.1,8386.5390625,144,767.0091395378113,100.0,19.375,2,3230.6662838459015,8.4,4.80078125,407,1771009186.5645547,7.5,21.19921875,6,3445.649094581604,7.0,25.4296875,13,20047.333359003067
2026-02-13T21:59:51,gaming,23.7,51.9,32918.28294101634,9492.882032332564,241377.16957823656,27154.93157755161,58.0,3480.01953125,170.27,66.0,1980.0,279.9,8386.26953125,144,769.6381366252899,99.7,19.375,2,3233.3927931785583,8.6,4.80078125,407,1771009189.2819552,7.3,21.19921875,6,3448.2267022132874,5.8,25.4296875,14,20050.009890556335
2026-02-13T21:59:54,gaming,16.8,51.9,28256.388305422777,9853.286819584742,254390.5629563133,13315.756029744525,58.0,3478.70703125,181.41,66.0,1980.0,255.1,8389.53515625,144,772.2037608623505,100.0,19.375,2,3235.955379486084,4.8,21.19921875,6,3450.851178407669,4.2,4.80078125,407,1771009191.854381,3.7,25.43359375,14,20052.564249038696
2026-02-13T21:59:57,gaming,17.4,51.9,30361.930769222407,9947.151907938667,149386.21566023797,73720.54132191431,50.0,3478.70703125,161.984,64.0,1980.0,231.2,8389.66015625,144,774.9421119689941,99.3,19.375,2,3238.582657814026,6.4,25.4296875,14,20055.261515140533,6.2,21.19921875,6,3453.6355233192444,3.0,41.6171875,34,20057.12012028694
2026-02-13T21:59:59,gaming,16.7,51.9,25356.773804660977,9407.561487958827,94393.9293691908,32079.186934060937,43.0,3478.70703125,150.138,62.0,1980.0,253.3,8387.453125,144,777.5943312644958,96.2,19.390625,3,3241.3609397411346,7.0,25.4296875,14,20057.95109629631,6.8,41.6171875,34,20059.894759893417,5.6,4.80078125,407,1771009197.263999
2026-02-13T22:00:02,gaming,16.7,51.9,24262.934114245927,8987.537566262929,102968.79715792269,9251.102869657116,43.0,3478.70703125,144.003,62.0,1980.0,216.9,8388.13671875,144,780.0797445774078,99.5,19.390625,3,3243.9034218788147,5.7,21.19921875,6,3458.659009695053,4.4,25.39453125,13,20060.45845103264,4.3,4.80078125,407,1771009199.8095953
2026-02-13T22:00:04,gaming,15.4,51.9,26874.688509900392,9181.503053485168,26428.275830692375,18375.910538528293,44.0,3478.70703125,147.349,62.0,1980.0,229.1,8388.84765625,144,782.5489568710327,100.4,18.734375,3,3246.3774814605713,6.3,25.43359375,14,20062.929885149002,6.1,21.19921875,6,3461.210039138794,3.8,41.6171875,34,20064.90016746521
2026-02-13T22:00:07,gaming,15.7,51.9,27877.231936894852,10086.057825877237,230634.99151315092,31031.617781717356,48.0,3478.33203125,154.252,63.0,1980.0,229.1,8391.9765625,144,785.1611084938049,99.6,18.734375,3,3248.9512803554535,7.4,21.19921875,6,3463.7572922706604,7.2,25.39453125,13,20065.528525352478,3.6,41.6171875,34,20067.487798690796
2026-02-13T22:00:09,gaming,16.5,51.9,28051.3817881821,9592.678048320811,154951.91601070188,64966.81895240365,47.0,3478.33203125,157.724,62.0,1980.0,236.2,8392.26953125,144,787.6749548912048,99.5,19.390625,3,3251.478761911392,5.6,104.59765625,37,20036.257665395737,5.0,41.6171875,34,20070.011722564697,5.0,25.42578125,14,20068.04834485054
2026-02-13T22:00:12,gaming,16.4,51.9,25556.85681883155,10132.376203530368,25952.06186245227,50687.62082510209,51.0,3478.33203125,183.942,64.0,1980.0,267.6,8392.94140625,144,790.3021817207336,100.4,19.390625,3,3254.0169718265533,6.0,25.39453125,13,20070.633642196655,5.9,21.19921875,6,3468.9301295280457,3.6,196.20703125,277,20067.790157556534
2026-02-13T22:00:15,gaming,18.6,52.0,29449.985290561282,9365.769021036032,74162.67734052327,20085.725113058383,65.0,3478.33203125,209.433,67.0,1980.0,269.0,8390.828125,144,793.0504107475281,99.1,19.390625,3,3256.6664431095123,5.7,25.43359375,14,20073.35923075676,5.3,4.80078125,407,1771009212.56156,5.1,21.19921875,6,3471.6873931884766
2026-02-13T22:00:17,gaming,18.1,51.9,32340.007823890974,9640.304399013605,23729.088792253733,12235.311408505831,70.0,3478.33203125,193.395,67.0,1980.0,286.1,8392.00390625,144,795.6828126907349,98.6,19.390625,3,3259.422692298889,9.1,4.80078125,407,1771009215.323774,5.7,104.59765625,37,20044.2018096447,5.4,21.19921875,6,3474.309326171875
2026-02-13T22:00:20,gaming,18.5,51.9,33569.6633348176,9497.814298995892,150180.65575816185,33047.56617594968,57.0,3479.14453125,184.385,66.0,1980.0,296.4,8393.81640625,144,798.4349167346954,99.6,19.390625,3,3262.0411961078644,10.1,104.59765625,37,20046.83449292183,6.3,25.4296875,14,20078.743998765945,5.3,41.6171875,34,20080.60466647148
2026-02-13T22:00:23,gaming,19.7,52.0,31230.330979815997,9003.10386464508,23722.55608207542,10749.283224690425,53.0,3479.14453125,168.771,65.0,1980.0,303.6,8392.2890625,144,801.0590763092041,100.1,19.390625,3,3264.805946111679,8.5,104.6015625,37,20049.590711593628,7.2,21.19921875,6,3479.6706109046936,5.8,25.43359375,14,20081.420625686646
2026-02-13T22:00:25,gaming,19.2,51.9,27710.938891620834,9649.489228751796,0.0,16959.498252520618,52.0,3479.14453125,170.144,64.0,1980.0,302.3,8392.73046875,144,803.7105801105499,100.1,19.390625,3,3267.39741230011,7.8,104.62109375,37,20052.180523872375,6.4,21.1953125,6,3482.350318670273,5.4,4.80078125,407,1771009223.3005097
2026-02-13T22:00:28,gaming,19.7,52.0,28725.023075916455,9717.031473707884,396858.8518585978,117171.48050553896,57.0,3479.14453125,176.043,65.0,1980.0,335.9,8392.4296875,144,806.3758192062378,99.8,19.390625,3,3270.0908319950104,11.0,104.625,37,20054.885296821594,5.8,21.1953125,6,3485.04225730896,5.3,25.39453125,14,20086.724873304367
2026-02-13T22:00:31,gaming,21.6,51.9,31623.24822909181,9788.16599877588,48822.37970133009,97072.62214053521,59.0,3479.14453125,176.725,66.0,1980.0,351.6,8393.41015625,144,809.1852567195892,99.4,19.390625,3,3272.77840423584,11.1,104.62890625,37,20057.569789409637,8.7,103.4140625,147,20091.176860570908,6.6,21.1953125,6,3487.889605283737
2026-02-13T22:00:34,gaming,21.7,51.9,31335.017270668082,11664.653170067117,45950.45292901263,12923.564886284803,61.0,3480.01953125,179.805,66.0,1980.0,345.2,8394.28515625,144,811.9600064754486,99.7,19.390625,3,3275.6306931972504,12.6,104.63671875,37,20060.42230820656,7.1,103.41796875,147,20094.030823469162,6.8,21.1953125,6,3490.6289188861847
2026-02-13T22:00:36,gaming,22.8,51.9,32933.71174383645,9738.557495585403,95836.94031544184,20589.967645895707,67.0,3480.14453125,168.556,67.0,1980.0,360.8,8396.9140625,144,814.670503616333,99.1,18.734375,3,3278.377678632736,13.7,4.80078125,407,1771009234.2626584,10.3,103.43359375,147,20096.769752025604,10.3,104.6484375,37,20063.16364955902
2026-02-13T22:00:39,gaming,22.3,52.0,36179.613557044984,9952.201685131986,95595.98250512035,38835.867892705144,66.0,3480.14453125,183.707,68.0,1980.0,358.5,8397.796875,144,817.4385273456573,98.1,19.390625,3,3281.1141114234924,13.1,104.625,37,20065.907835006714,8.5,103.4375,147,20099.510627746582,6.7,25.39453125,13,20097.773109436035
2026-02-13T22:00:42,gaming,22.7,52.0,39455.2577191509,9549.876576489645,234932.6994432528,90485.79751994033,89.0,3481.08203125,224.408,73.0,1965.0,374.0,8398.2421875,144,820.208610534668,98.7,19.390625,3,3283.8998563289642,13.5,103.41796875,147,20102.29300904274,11.2,104.625,37,20068.688725709915,6.9,21.1953125,6,3498.8677864074707
2026-02-13T22:00:45,gaming,24.3,52.0,36682.74183387264,9567.372853809053,329577.3738515493,22110.408681554625,59.0,3481.08203125,172.026,67.0,1965.0,378.7,8405.9140625,144,822.9030430316925,100.2,19.390625,3,3286.613445043564,16.7,103.4140625,147,20105.008161067963,10.4,104.59375,37,20071.4045214653,8.1,25.39453125,14,20103.24110007286
2026-02-13T22:00:47,gaming,23.8,52.0,35480.991402247404,9398.68735820063,24328.634754207935,55309.630574019604,52.0,3481.08203125,164.885,65.0,1980.0,348.5,8404.19921875,144,825.588883638382,99.4,19.390625,3,3289.301946401596,25.5,103.421875,147,20107.700978279114,13.9,104.59375,37,20074.09330391884,7.5,4.80078125,407,1771009245.2004764
2026-02-13T22:00:50,gaming,22.1,52.0,34536.354175887835,9482.686563041305,98355.20243657118,38612.10095654455,77.0,3481.08203125,198.771,69.0,1980.0,342.7,8407.23828125,144,828.2525553703308,95.9,19.390625,3,3291.9562973976135,34.1,103.41796875,147,20110.355327367783,15.9,104.59375,37,20076.7438890934,9.8,328.33984375,95,20078.699103832245
2026-02-13T22:00:53,gaming,25.4,52.0,40571.97569576918,10389.384267964073,449690.45676865184,15716.977313049098,62.0,3481.20703125,196.273,68.0,1980.0,463.5,8409.578125,144,831.3613233566284,98.9,19.390625,3,3294.7530570030212,33.7,103.43359375,147,20113.13536453247,20.5,104.6171875,37,20079.567880153656,14.0,328.30859375,95,20081.816952705383
2026-02-13T22:00:56,gaming,28.0,52.0,38826.05349460231,9765.761110485426,42090.61985049968,31896.79785545679,67.0,3482.83203125,179.814,68.0,1980.0,347.6,8409.94921875,144,834.1613800525665,98.0,19.390625,3,3297.8465328216553,35.2,103.43359375,147,20116.243278265,17.3,104.6171875,37,20082.643734931946,14.7,328.30078125,95,20084.576768875122
2026-02-13T22:00:59,gaming,23.1,52.0,32673.09936845233,9855.768998333591,48734.8758497597,27222.997056701708,56.0,3482.83203125,175.138,67.0,1980.0,335.6,8410.578125,144,836.828825712204,98.8,19.390625,3,3300.5360605716705,30.2,103.3984375,147,20118.93420648575,18.6,104.6171875,37,20085.32912158966,17.6,328.29296875,95,20087.241843938828
2026-02-13T22:01:01,gaming,23.9,52.0,28187.204374309003,9327.787838122591,98589.77562441773,71439.07569659957,62.0,3482.83203125,186.282,67.0,1980.0,317.8,8411.375,144,839.5432879924774,99.8,19.390625,3,3303.1966371536255,31.7,103.42578125,147,20121.59601664543,22.3,104.62109375,37,20087.98787331581,15.5,328.30859375,95,20089.95931172371
2026-02-13T22:01:04,gaming,23.3,52.0,30109.40273457051,9585.242608139639,144997.7209126043,16236.723956359334,63.0,3482.33203125,189.827,67.0,1980.0,320.0,8410.65625,144,842.2524740695953,99.0,19.390625,3,3305.9106500148773,43.9,103.43359375,147,20124.3055062294,23.0,104.640625,37,20090.702006578445,15.1,328.30078125,95,20092.658143520355
2026-02-13T22:01:07,gaming,23.5,52.0,27196.124698818876,9261.110482618973,0.0,24674.546222204743,58.0,3482.33203125,176.005,66.0,1980.0,299.0,8410.38671875,144,844.8969883918762,97.9,19.390625,3,3308.608712911606,41.1,103.43359375,147,20127.001758098602,20.9,104.64453125,37,20093.396646261215,5.9,21.1953125,6,3523.5204660892487
2026-02-13T22:01:09,gaming,22.9,52.0,29941.958082296656,9442.443242359928,24734.98922101288,19903.9366387838,52.0,3482.58203125,170.816,65.0,1980.0,326.8,8411.04296875,144,847.5802476406097,99.4,19.390625,3,3311.248675107956,32.4,103.42578125,147,20129.650152683258,24.9,104.640625,37,20096.036450624466,6.8,21.1953125,6,3526.2639894485474
2026-02-13T22:01:12,gaming,23.5,52.0,30308.249170249885,9231.4653530193,0.0,43230.84488440941,50.0,3482.58203125,165.957,65.0,1980.0,323.9,8411.40234375,144,850.3433005809784,96.3,19.390625,3,3314.056796312332,26.7,104.6484375,37,20098.84112429619,26.5,103.42578125,147,20132.42212677002,10.2,4.80078125,407,1771009269.9060245
2026-02-13T22:01:15,gaming,23.0,52.0,29860.069800867142,11695.022412648757,192779.9758121987,50265.872599469774,46.0,3482.58203125,156.364,64.0,1980.0,287.6,8411.48046875,144,852.951212644577,99.0,19.390625,3,3316.721527814865,34.6,104.6640625,37,20101.503793001175,24.9,103.41796875,147,20135.12299346924,5.9,41.6015625,33,20135.266399621964
2026-02-13T22:01:17,gaming,20.5,52.0,29435.164332501103,9501.475019538444,0.0,5376.740377015,49.0,3482.58203125,159.584,64.0,1980.0,255.3,8410.75390625,144,855.5348467826843,99.5,19.390625,3,3319.2811617851257,32.9,104.671875,37,20104.06490468979,25.0,103.41796875,147,20137.68535065651,20.5,328.30859375,95,20105.9405977726
2026-02-13T22:01:20,gaming,20.9,52.0,28984.71566716169,9596.664335640193,0.0,66530.36926969873,65.0,3482.58203125,175.54,66.0,1980.0,281.3,8412.40625,144,858.2848982810974,98.9,19.390625,3,3321.920305252075,40.1,328.30859375,95,20108.746459007263,27.9,103.4296875,147,20140.31463932991,14.2,104.671875,37,20106.708909273148
2026-02-13T22:01:23,gaming,22.6,52.0,52874.226214086135,10284.787881527303,139602.4423218834,18540.949370875136,49.0,3482.58203125,169.818,64.0,1980.0,263.9,8412.19921875,144,861.0741715431213,98.9,19.39453125,3,3324.7493612766266,27.1,103.41015625,147,20143.141394853592,5.6,25.39453125,13,20141.42305803299,5.2,21.1953125,6,3539.712672472
2026-02-13T22:01:26,gaming,19.2,52.0,32193.7387942283,9721.049888667163,13597.813732102386,91218.66711952016,55.0,3482.58203125,170.132,65.0,1980.0,250.7,8410.72265625,144,863.7589499950409,99.7,19.39453125,3,3327.445727109909,4.7,25.4296875,14,20144.091241121292,4.1,41.6015625,33,20145.988032102585,4.0,21.1953125,6,3542.432520866394
2026-02-13T22:01:28,gaming,19.0,52.0,31873.613757434603,9500.813307675804,71832.63739407493,17958.159348518733,48.0,3482.58203125,172.347,64.0,1980.0,297.7,8411.61328125,144,866.6668725013733,99.2,19.390625,3,3330.187159061432,14.4,252.984375,76,20147.000643253326,7.5,25.39453125,14,20147.012810707092,5.6,41.6015625,33,20148.787086486816
2026-02-13T22:01:31,gaming,18.6,52.0,33260.28651754636,9604.11239759866,748156.0154495168,51310.385990742034,50.0,3482.58203125,166.047,64.0,1980.0,241.6,8412.62890625,144,869.2537453174591,95.8,19.39453125,3,3333.009860754013,4.8,21.1953125,6,3547.8866987228394,4.2,25.39453125,13,20149.618324279785,2.8,41.6015625,33,20151.546656131744
2026-02-13T22:01:34,gaming,16.4,52.0,29875.432738608804,9261.112000070916,200963.94554419027,24727.985486882786,57.0,3482.95703125,177.776,64.0,1980.0,281.2,8412.99609375,144,871.9705004692078,100.2,19.3984375,3,3335.6287274360657,5.5,21.1953125,6,3550.739144563675,5.3,25.4296875,14,20152.287379026413,3.6,4.80078125,407,1771009291.5217414
2026-02-13T22:01:37,gaming,19.4,52.0,32643.51566818731,9411.660736572765,68806.29881739107,53396.55481141287,53.0,3482.95703125,167.234,65.0,1980.0,303.6,8413.9765625,143,874.7807085514069,98.4,19.3984375,3,3338.4872891902924,6.0,41.6015625,33,20157.033786058426,5.2,21.1953125,6,3553.4498283863068,3.9,25.39453125,13,20155.120034217834
2026-02-13T22:01:39,gaming,19.2,52.0,31753.328862313047,9328.924302435486,24186.264066951975,19084.473990329294,51.0,3483.83203125,164.117,64.0,1980.0,275.7,8413.76171875,143,877.5411646366119,98.5,19.39453125,3,3341.198487520218,8.0,41.6015625,33,20159.75587439537,6.8,25.39453125,13,20157.871364593506,4.6,21.1953125,6,3556.17675113678
2026-02-13T22:01:42,gaming,18.3,52.0,34638.01859000395,10437.14738197981,72292.6430324568,51583.81299711762,58.0,3483.83203125,177.003,65.0,1980.0,286.6,8413.69921875,143,880.1905479431152,99.7,19.39453125,3,3343.908304452896,5.3,21.1953125,6,3558.8526842594147,4.1,25.4375,13,20160.549765586853,4.0,41.6015625,33,20162.465166807175
2026-02-13T22:01:45,gaming,19.0,52.0,35926.35983318288,12152.362536511002,73224.79063343514,14873.785597416512,59.0,3483.83203125,171.14,65.0,1980.0,312.7,8414.33203125,143,883.0985159873962,97.9,19.39453125,3,3346.621603012085,6.5,25.39453125,13,20163.443066120148,4.6,21.1953125,6,3561.876576900482,3.5,4.80078125,407,1771009302.4945786
2026-02-13T22:01:48,gaming,19.5,52.0,44174.3860129812,12886.237046735981,70498.9571832526,102359.06283337637,55.0,3483.83203125,173.211,64.0,1980.0,293.1,8415.41796875,143,885.934769153595,95.5,19.3984375,3,3349.614981174469,7.2,121.03125,167,20146.778968334198,6.1,25.39453125,13,20166.26534986496,5.8,21.1953125,6,3564.561796426773
2026-02-13T22:01:50,gaming,19.6,52.1,32073.91008927383,9692.534086282694,73270.90670700815,80521.67351655583,57.0,3483.83203125,173.813,65.0,1980.0,283.0,8415.828125,143,888.6512162685394,99.6,19.3828125,2,3352.312413215637,7.5,21.1953125,6,3567.284247159958,5.2,25.39453125,13,20168.95392346382,4.6,41.6015625,33,20170.865877389908
2026-02-13T22:01:53,gaming,19.1,52.1,29301.3820545423,9212.928421183988,0.0,33921.83313209414,55.0,3483.83203125,169.527,65.0,1980.0,293.2,8415.234375,143,891.3377475738525,98.9,19.3828125,2,3355.0133509635925,7.5,25.39453125,13,20171.646248579025,7.3,21.1953125,6,3570.064574956894,4.7,197.48828125,277,20168.791831731796
2026-02-13T22:01:56,gaming,19.7,52.1,27474.347411522256,9507.712217807828,46837.10511566534,14819.552790503487,59.0,3483.83203125,172.625,65.0,1980.0,393.3,8410.08984375,143,894.368509054184,98.3,19.3828125,2,3357.8430395126343,7.3,25.39453125,14,20174.66397500038,5.7,21.1953125,6,3573.0550322532654,3.2,41.6015625,33,20176.44961953163
2026-02-13T22:01:59,gaming,24.2,52.1,28061.943914183932,9638.742211502968,462514.4451390896,13249.111709713505,54.0,3483.83203125,164.834,64.0,1980.0,402.1,8409.48828125,143,897.0177090167999,99.6,19.40234375,3,3360.8088443279266,6.8,25.39453125,13,20177.405589818954,6.7,21.1953125,6,3575.6127519607544,5.9,41.6015625,33,20179.380725622177
2026-02-13T22:02:01,gaming,22.3,52.0,25945.23283466764,9570.735934577639,153870.5740964462,37465.88197400448,50.0,3483.83203125,161.162,63.0,1980.0,340.4,8406.8671875,143,899.6484949588776,99.5,18.74609375,3,3363.337391138077,6.3,104.82421875,37,20148.110531806946,6.1,25.39453125,13,20179.970698595047,5.8,21.1953125,6,3578.2956047058105
2026-02-13T22:02:04,gaming,20.5,52.0,24585.51807715168,9680.887975904125,48871.25823361983,19281.238599982826,50.0,3483.83203125,153.184,62.0,1980.0,300.9,8406.5390625,143,902.2387404441833,98.3,19.40234375,3,3366.022516489029,6.8,21.1953125,6,3580.825535774231,5.9,25.43359375,14,20182.62045764923,5.2,41.6015625,33,20184.55652499199
2026-02-13T22:02:06,gaming,18.9,52.0,26395.58279619587,10153.089043299726,0.0,42667.69811824623,51.0,3483.55078125,156.436,63.0,1980.0,282.0,8407.6796875,143,904.7483055591583,100.2,19.40234375,3,3368.5486822128296,5.6,104.82421875,37,20153.323622703552,5.0,41.6015625,33,20187.07531929016,5.0,21.1953125,6,3583.3300261497498
2026-02-13T22:02:09,gaming,19.5,52.0,28017.46794146663,9459.222266931845,78686.64148326365,13319.353376073273,50.0,3483.55078125,163.13,63.0,1980.0,349.1,8407.8359375,143,907.3223476409912,99.6,19.40234375,3,3371.043509244919,8.8,104.83203125,37,20155.82145547867,7.8,21.1953125,6,3585.9291813373566,5.0,41.6015625,33,20189.575874090195
2026-02-13T22:02:12,gaming,22.3,52.1,27375.654033664043,9778.94088171863,415578.66177249566,52734.4135203735,52.0,3483.55078125,162.965,63.0,1980.0,392.9,8408.40234375,143,910.1302614212036,97.8,19.40234375,3,3373.6465830802917,8.3,104.84765625,37,20158.44713115692,7.3,21.1953125,6,3588.717264175415,6.6,4.80078125,407,1771009329.557334
2026-02-13T22:02:14,gaming,24.1,52.1,30274.04606671827,10403.484324531362,0.0,67625.16050820745,43.0,3483.55078125,149.585,61.0,1980.0,325.8,8409.91015625,143,912.6237511634827,99.2,19.40625,3,3376.4345424175262,10.7,104.84375,37,20161.210822820663,7.4,21.1953125,6,3591.262468099594,5.1,41.6015625,33,20194.97124671936
2026-02-13T22:02:17,gaming,20.5,52.1,27917.3896382387,9107.697801472277,51484.200898545496,114632.79106316771,57.0,3483.70703125,165.018,64.0,1980.0,346.0,8409.6953125,143,915.2129786014557,99.7,18.74609375,3,3378.988211631775,9.7,21.1953125,6,3593.8297996520996,8.4,197.58984375,277,20192.7139005661,7.9,104.8125,37,20163.769688606262
2026-02-13T22:02:20,gaming,22.6,52.1,28899.68617061482,9258.884824047676,50986.49490200727,29874.89935664488,57.0,3483.70703125,173.98,64.0,1980.0,394.2,8410.72265625,143,918.1273994445801,99.3,19.40625,3,3381.553012609482,11.4,104.8203125,37,20166.393110990524,7.3,4.80078125,407,1771009337.4601543,6.4,21.1953125,6,3596.77961063385
2026-02-13T22:02:23,gaming,26.0,52.1,31124.15994692104,9684.428156033253,11109.7655026221,64228.33181203401,56.0,3483.33203125,166.546,63.0,1980.0,427.5,8411.84375,143,920.870395898819,96.0,19.40625,3,3384.5161576271057,18.5,4.80078125,407,1771009340.4107862,10.7,104.59765625,37,20169.302149534225,10.6,103.4296875,147,20202.91391634941
2026-02-13T22:02:25,gaming,28.0,52.1,29944.140722167787,11518.754904040068,120202.0829577354,130156.31795267286,64.0,3483.33203125,196.333,66.0,1980.0,398.2,8413.87890625,143,923.5408804416656,99.2,18.74609375,3,3387.2422244548798,26.9,4.80078125,407,1771009343.1376035,17.8,103.4375,147,20205.63454914093,11.5,104.625,37,20172.024213552475
2026-02-13T22:02:28,gaming,28.4,52.1,33178.862901700515,9882.022526597893,422106.2428741772,34442.69690119154,68.0,3484.39453125,207.036,68.0,1980.0,426.2,8416.0859375,143,926.4459309577942,99.5,19.41015625,3,3390.0698623657227,21.2,4.80078125,407,1771009345.9375246,14.4,104.63671875,37,20174.855652332306,8.9,103.43359375,147,20208.456538915634
2026-02-13T22:02:31,gaming,25.1,52.1,33181.718727176456,11196.752902231345,820342.4736850893,161616.38408198088,57.0,3484.51953125,178.479,66.0,1980.0,445.2,8415.33984375,143,929.107342004776,100.2,19.40625,3,3392.7975680828094,12.0,104.66796875,37,20177.583283424377,9.1,103.44140625,147,20211.191255569458,7.6,21.23828125,8,3607.730108499527
2026-02-13T22:02:34,gaming,26.4,52.1,31189.161272114823,9981.637605703414,73462.22229475694,20469.942149841125,63.0,3484.51953125,199.242,67.0,1980.0,452.0,8417.671875,143,931.8547868728638,98.3,19.40625,3,3395.50132727623,19.8,103.43359375,147,20213.882316350937,9.8,104.67578125,37,20180.28613424301,9.3,4.80078125,407,1771009351.3646846
2026-02-13T22:02:36,gaming,27.6,52.1,34431.50686297961,10203.509163362834,71132.95261295086,28712.51993491506,55.0,3484.51953125,164.269,64.0,1980.0,447.9,8417.1328125,143,934.5833959579468,98.9,19.40625,3,3398.23410320282,28.4,103.421875,147,20216.62715125084,13.1,104.6875,37,20183.023813962936,9.0,4.80078125,407,1771009354.1293538
2026-02-13T22:02:39,gaming,28.6,52.1,32819.363619488286,9267.206593647985,150712.61100445545,32779.99289346906,51.0,3484.51953125,156.626,63.0,1980.0,415.4,8418.5625,143,937.2384278774261,99.9,19.40625,3,3400.94052529335,31.6,103.453125,147,20219.343027830124,15.0,104.69921875,37,20185.729902267456,9.2,4.80078125,407,1771009356.8460374
2026-02-13T22:02:42,gaming,26.2,52.1,27412.85285458309,9542.142020364945,49246.27471328401,110419.38158369149,58.0,3484.51953125,160.547,64.0,1980.0,422.8,8416.93359375,143,939.914478302002,99.0,19.40625,3,3403.608628988266,37.5,103.42578125,147,20222.008766174316,16.3,104.7109375,37,20188.410128831863,13.0,328.296875,94,20190.324514389038
2026-02-13T22:02:44,gaming,26.6,52.1,30320.1466744685,9559.475332355278,194252.86628618595,14227.50485494526,54.0,3484.64453125,173.546,64.0,1980.0,411.1,8407.30859375,144,942.7919275760651,99.1,19.40625,3,3406.3352036476135,32.9,103.421875,147,20224.71476984024,16.5,104.73046875,37,20191.14696407318,14.2,328.33203125,95,20193.194845438004
2026-02-13T22:02:47,gaming,24.9,52.1,34711.63240502761,9159.537010389831,211052.22117416095,16488.454779231324,80.0,3485.26953125,198.949,69.0,1980.0,362.6,8408.74609375,144,945.5065951347351,97.0,19.40625,3,3409.105178833008,29.1,103.40234375,147,20227.502987384796,18.3,104.734375,37,20193.879781007767,14.4,328.27734375,95,20195.910676002502
2026-02-13T22:02:50,gaming,27.1,52.1,33550.854646201995,9596.039495968564,95848.51124523465,39874.47831100582,51.0,3485.39453125,167.014,65.0,1980.0,394.2,8414.4453125,144,948.1184687614441,99.8,18.67578125,3,3411.8295941352844,29.8,91.34765625,147,20230.23008799553,25.2,104.5390625,37,20196.609361171722,24.0,18.15625,3,20230.399681806564
2026-02-13T22:02:52,gaming,27.0,52.1,25610.900502020242,8139.83119520915,297353.3875190785,17229.460604946606,46.0,3485.39453125,151.895,63.0,1980.0,377.0,8412.0,144,950.7086625099182,99.6,19.3359375,3,3414.479394197464,35.4,91.34765625,147,20232.87991642952,19.4,104.546875,37,20199.261013269424,18.8,328.32421875,95,20201.116111040115
2026-02-13T22:02:55,gaming,25.7,52.1,82667.55976728878,8402.96175593836,101263.55015624077,28480.37348144272,48.0,3485.39453125,154.689,63.0,1980.0,359.3,8403.421875,144,953.2752938270569,96.9,19.3359375,3,3417.061192512512,41.6,91.30078125,147,20235.467074871063,17.0,104.53515625,37,20201.839339971542,13.9,4.80078125,407,1771009372.9685373
2026-02-13T22:02:58,gaming,25.6,52.0,24872.98119877017,9229.428070996246,0.0,43630.88438179092,43.0,3510.97265625,144.038,62.0,1980.0,390.6,8419.515625,144,955.8357894420624,99.8,19.3359375,3,3419.5959651470184,35.2,91.34765625,147,20238.000249385834,22.8,104.5390625,37,20204.37720632553,16.0,4.80078125,407,1771009375.5035498
2026-02-13T22:03:00,gaming,27.7,52.1,25225.61931754279,8519.024644183248,8266301.624143908,78577.74572651743,42.0,3510.47265625,149.439,62.0,1980.0,453.1,8401.5625,144,958.657354593277,95.8,19.3359375,3,3422.270814180374,25.3,91.3359375,147,20240.66060447693,23.8,104.54296875,37,20207.072459220886,11.8,4.80078125,407,1771009378.1573262
2026-02-13T22:03:03,gaming,27.8,52.0,53102.27346209201,10505.415754119724,422122.29689221655,22274.619472686165,41.0,3505.47265625,138.163,61.0,1980.0,364.9,8391.5546875,144,961.2726430892944,92.0,18.67578125,3,3425.05636882782,26.8,91.37890625,147,20243.455971240997,23.7,104.53515625,37,20209.844688892365,13.4,4.80078125,407,1771009380.9596288
2026-02-13T22:03:05,gaming,22.9,52.0,29078.785638615358,9451.507155674552,262675.0235165122,24420.568592550742,45.0,3496.22265625,154.658,62.0,1980.0,343.5,8374.06640625,144,963.7477264404297,100.0,19.33203125,3,3427.541213274002,33.0,104.5390625,37,20212.310570955276,25.1,91.31640625,147,20245.950515031815,14.3,328.0,95,20214.169020414352
2026-02-13T22:03:08,gaming,23.9,52.0,26456.96963628846,9119.585594997514,0.0,22147.954725648422,44.0,3495.41015625,146.432,62.0,1980.0,311.1,8372.640625,144,966.3394873142242,99.2,18.67578125,3,3430.124802827835,40.6,328.0,95,20216.745869874954,24.9,91.3125,147,20248.520008325577,20.3,104.5390625,37,20214.924666166306
2026-02-13T22:03:11,gaming,23.9,52.0,25545.85248825893,9971.320157764596,126712.25429676192,41775.44633846369,42.0,3495.41015625,151.403,62.0,1980.0,293.9,8363.91015625,144,969.1140992641449,91.5,19.33203125,3,3432.720865011215,36.2,91.33984375,147,20251.117437839508,16.9,4.80078125,407,1771009388.6120498,13.1,133.44140625,23,20143.332918167114
2026-02-13T22:03:13,gaming,21.8,51.9,41442.506781045544,12159.447425721297,157563.12137855025,243351.6958791311,46.0,3496.203125,154.091,62.0,1980.0,258.7,8361.203125,144,971.5899953842163,89.8,19.33203125,3,3435.417092561722,13.9,4.80078125,407,1771009391.3097577,8.2,130.76953125,23,20145.79908633232,7.5,91.34765625,147,20253.820120096207
2026-02-13T22:03:16,gaming,18.9,51.9,27663.279606851425,11813.981515235511,212309.89033590854,33173.42036498571,42.0,3496.203125,153.903,62.0,1980.0,269.8,8361.91796875,144,974.0747811794281,100.4,19.33203125,3,3437.8763172626495,15.8,4.80078125,407,1771009393.7786121,6.3,43.828125,35,20256.433398246765,3.8,25.39453125,13,20254.467463970184
2026-02-13T22:03:18,gaming,18.2,51.9,22838.55331222644,9005.626817186301,309880.2497962572,64356.64041992581,44.0,3424.6171875,154.871,62.0,1980.0,282.6,8362.50390625,144,976.777996301651,96.2,19.33203125,3,3440.4282999038696,10.5,4.80078125,407,1771009396.3185866,5.3,25.4296875,14,20257.100981473923,4.9,41.56640625,35,20258.979773521423
2026-02-13T22:03:21,gaming,19.0,51.9,23638.3663427455,9919.37136715494,73454.90643139729,58725.667381351486,54.0,3424.7734375,149.491,62.0,1980.0,302.3,8360.15625,144,979.3161458969116,97.7,19.33203125,3,3443.0978043079376,14.0,4.80078125,407,1771009398.9943407,6.0,25.39453125,13,20259.6910302639,3.1,21.23828125,8,3657.917833328247
2026-02-13T22:03:24,gaming,20.0,51.9,28241.956198008236,11536.576734092789,76934.51185592955,14625.571264278275,58.0,3424.7734375,172.924,64.0,1980.0,350.4,8360.35546875,144,981.929306268692,100.1,19.33203125,3,3445.643579006195,12.8,4.80078125,407,1771009401.5508316,5.4,25.39453125,14,20262.279084205627,2.4,41.65234375,35,20264.192126512527
2026-02-13T22:03:27,gaming,21.7,51.9,28584.222945747824,9402.34224681345,49489.35037243324,25324.628510893574,53.0,3424.7734375,160.658,63.0,1980.0,352.5,8361.21484375,144,984.7713010311127,95.3,19.3359375,3,3448.3179099559784,8.3,4.80078125,407,1771009404.20064,5.2,41.65234375,35,20266.909386873245,4.4,25.4296875,14,20265.10477256775
2026-02-13T22:03:29,gaming,21.9,51.9,32776.11834309351,9385.920577516292,0.0,56480.9951305192,47.0,3424.5234375,181.745,63.0,1980.0,298.5,8359.4609375,144,987.409068107605,96.7,19.3359375,3,3451.130196094513,7.6,25.39453125,13,20267.76255273819,6.6,4.80078125,407,1771009407.0276208,4.5,41.65234375,35,20269.67442393303
2026-02-13T22:03:32,gaming,17.6,51.9,30168.893405751973,9536.249413658983,0.0,40709.09870574143,61.0,3424.5234375,178.084,65.0,1980.0,267.7,8384.27734375,144,990.13059258461,99.8,19.3359375,3,3453.760972738266,8.9,4.80078125,407,1771009409.6551783,5.3,25.39453125,14,20270.40804195404,2.8,60.1484375,22,20229.985921144485
2026-02-13T22:03:35,gaming,19.5,52.0,35885.04435999166,9257.945968139184,15332585.95826629,16110.84985286312,66.0,3424.7734375,175.193,65.0,1980.0,279.4,8420.4921875,144,993.014395236969,97.5,19.3359375,3,3456.5820882320404,7.8,4.80078125,407,1771009412.453709,6.9,25.39453125,14,20273.35210943222,5.5,41.65234375,35,20275.16746711731
2026-02-13T22:03:37,gaming,18.3,52.0,37852.0921336787,9173.75336090335,185687.93151421883,18496.25880317414,67.0,3424.8984375,189.566,66.0,1980.0,300.9,8422.109375,144,995.7664227485657,95.8,19.3359375,3,3459.387258529663,7.2,4.80078125,407,1771009415.2767928,6.7,41.65234375,35,20277.94428086281,5.2,25.39453125,13,20276.079145669937
2026-02-13T22:03:40,gaming,22.5,52.0,35008.124928934376,9361.469420551362,336540.46074890514,42818.76397921338,58.0,3424.8984375,184.489,65.0,1980.0,411.0,8421.76953125,144,998.3584175109863,100.1,19.3359375,3,3462.102085351944,16.6,4.80078125,407,1771009418.0021095,4.7,25.39453125,14,20278.727139234543,4.6,41.65234375,35,20280.639268636703
2026-02-13T22:03:42,gaming,24.3,52.0,31400.767376127154,9318.425389202803,307459.95031179104,20417.26232539237,59.0,3424.8984375,175.838,65.0,1980.0,334.4,8416.7421875,144,1000.8203463554382,100.2,19.3359375,3,3464.6586809158325,15.9,4.80078125,407,1771009420.5587873,5.5,41.65234375,35,20283.17960715294,3.2,25.39453125,13,20281.205043554306
2026-02-13T22:03:45,gaming,20.9,52.1,28660.795866038505,9816.808211920092,336943.0258058985,54628.13908486721,55.0,3424.8984375,165.273,64.0,1980.0,350.8,8417.03125,144,1003.2699763774872,99.8,18.6796875,3,3467.1008138656616,8.9,4.80078125,407,1771009423.0143054,6.4,41.65234375,35,20285.629015684128,5.7,25.4296875,14,20283.657470941544
2026-02-13T22:03:47,gaming,21.6,52.1,26578.07521037765,9912.530524404827,26933.15093065484,14939.482156847605,52.0,3424.8984375,159.3,64.0,1980.0,351.9,8417.01171875,144,1005.658732175827,99.4,19.3359375,3,3469.5385403633118,9.6,4.80078125,407,1771009425.4481933,5.2,25.39453125,13,20286.0653963089,5.1,41.65234375,35,20288.06473350525
2026-02-13T22:03:50,gaming,21.3,52.1,24612.124254063016,10565.635433611085,20147.505929269555,39223.33601123754,52.0,3424.7734375,167.847,64.0,1980.0,315.5,8416.16015625,144,1008.1199760437012,100.0,19.3359375,3,3471.9298939704895,8.5,4.80078125,407,1771009427.8355787,6.5,25.43359375,14,20288.47625732422,4.6,104.578125,37,20256.694657087326
2026-02-13T22:03:52,gaming,19.2,52.0,26583.210652667203,9654.154606553524,35924.80921315457,23269.478694884212,48.0,3424.7734375,165.326,63.0,1980.0,255.9,8416.02734375,143,1010.5941550731659,95.1,19.3359375,3,3474.442523956299,7.5,4.80078125,407,1771009430.3449156,5.6,104.57421875,37,20259.219932079315,4.3,25.39453125,14,20291.014791488647
2026-02-13T22:03:55,gaming,18.6,52.0,30913.463845627088,9592.583922021002,0.0,22820.918776446004,43.0,3424.7734375,148.694,62.0,1980.0,314.7,8416.8828125,143,1012.9734942913055,93.1,19.3359375,3,3476.8247833251953,9.1,4.80078125,407,1771009432.7459579,5.4,25.4296875,14,20293.34232878685,4.0,104.58984375,37,20261.586101293564
2026-02-13T22:03:57,gaming,19.8,52.0,26379.8138527158,10194.685672020189,20127.29716224037,59962.57279584111,46.0,3424.7734375,156.456,62.0,1980.0,301.0,8416.46875,143,1015.3233072757721,99.3,19.3359375,3,3479.2795553207397,8.1,118.9765625,44,20271.925595998764,5.7,41.65234375,35,20297.81285881996,4.4,104.546875,37,20264.055825471878
2026-02-13T22:03:59,gaming,19.1,52.0,26737.776454939583,9500.848714522,0.0,53084.55340206799,53.0,3424.7734375,165.439,64.0,1980.0,298.6,8417.140625,143,1017.625483751297,98.6,19.3359375,3,3481.5470991134644,6.2,104.546875,37,20266.306034564972,5.6,41.65234375,35,20300.0599629879,4.8,25.39453125,13,20298.045523405075
2026-02-13T22:04:02,gaming,20.0,52.1,27355.566544459638,9070.62081082185,0.0,60098.52688511795,58.0,3424.7734375,172.972,64.0,1980.0,336.0,8416.2734375,143,1019.9459669589996,99.4,19.3359375,3,3483.8579409122467,7.5,25.39453125,13,20300.348237752914,7.4,4.80078125,407,1771009439.7794535,7.4,104.546875,37,20268.622060775757
2026-02-13T22:04:04,gaming,23.7,52.0,28500.477219659657,9406.191129864595,0.0,16401.67738565073,78.0,3424.2109375,200.723,68.0,1980.0,438.1,8417.58984375,143,1022.3611896038055,101.0,19.31640625,2,3486.2241048812866,9.1,104.58203125,37,20271.016941547394,5.1,25.39453125,13,20302.7861263752,4.0,4.80078125,407,1771009442.1263187
2026-02-13T22:04:07,gaming,27.0,52.1,35075.849106429676,9639.24408235715,813190.0384362639,41602.212147822975,79.0,3454.046875,188.007,69.0,1980.0,449.5,8429.5078125,143,1025.1840362548828,97.6,19.31640625,2,3488.7213916778564,10.6,104.58203125,37,20273.526928424835,7.0,25.4296875,14,20305.491453647614,6.2,41.6171875,33,20307.29935193062
2026-02-13T22:04:09,gaming,25.3,52.1,36781.94882636227,10017.2255219508,8500431.320879046,32023.70306621684,65.0,3447.6484375,186.894,66.0,1980.0,408.8,8436.4609375,143,1027.5913715362549,94.1,19.31640625,2,3491.4624967575073,13.9,104.58203125,37,20276.230263471603,9.1,4.80078125,407,1771009447.3739643,6.2,25.43359375,14,20307.991950511932
2026-02-13T22:04:12,gaming,24.6,52.1,35258.76324811848,9661.533839577582,163894.29207348308,86642.0346117632,62.0,3446.7109375,175.128,66.0,1980.0,425.2,8430.30078125,143,1030.0065083503723,99.9,19.31640625,2,3493.8559720516205,11.7,104.58984375,37,20278.62761282921,5.2,91.3359375,147,20312.264711856842,3.9,21.21875,7,3708.545908689499
2026-02-13T22:04:14,gaming,26.6,52.1,34496.51406372554,10125.388831087,27284.136443160958,6181.562162903654,51.0,3446.7109375,168.923,65.0,1980.0,448.0,8431.6796875,143,1032.5246982574463,100.0,19.31640625,2,3496.2625682353973,15.6,4.80078125,407,1771009452.1711173,10.4,91.33984375,147,20314.66710281372,10.4,104.609375,37,20281.031487226486
2026-02-13T22:04:17,gaming,27.2,52.1,35544.50653571731,9423.350417130083,270874.2622236695,14043.907061312411,52.0,3446.8359375,166.281,64.0,1980.0,444.7,8432.27734375,143,1035.3146867752075,93.2,19.31640625,2,3498.945330619812,20.4,91.34375,147,20317.34069442749,17.0,4.80078125,407,1771009454.8360124,12.6,104.62109375,37,20283.751223802567
2026-02-13T22:04:20,gaming,28.1,52.1,33148.23403486468,9557.177291943699,0.0,56393.12760609646,57.0,3446.8359375,171.887,65.0,1980.0,479.6,8431.51953125,143,1037.8392555713654,90.3,19.31640625,2,3501.6619505882263,19.5,91.3125,147,20320.06441092491,19.4,4.80078125,407,1771009457.5656948,15.1,104.63671875,37,20286.443371772766
2026-02-13T22:04:22,gaming,27.4,52.1,32232.398750423225,9335.207679733161,10554792.553062148,14281.133543048243,59.0,3446.0859375,170.774,66.0,1980.0,407.7,8529.72265625,143,1040.353677034378,100.2,19.31640625,2,3504.1408429145813,13.9,91.34765625,147,20322.539363384247,10.1,104.87109375,37,20288.92600631714,8.2,4.80078125,407,1771009460.0410085
2026-02-13T22:04:25,gaming,25.7,52.3,29818.853882470954,9474.044971559351,12214363.743172724,19240.89986125466,68.0,3423.265625,201.53,67.0,1980.0,349.4,8531.56640625,143,1042.9113788604736,97.4,19.31640625,2,3506.6930186748505,28.2,91.3203125,147,20325.091457605362,17.1,4.80078125,407,1771009462.5943558,9.2,104.66796875,37,20291.4718170166
2026-02-13T22:04:27,gaming,23.6,52.3,32596.89114613436,9849.015742583135,102381.64734807334,13997.490848369402,62.0,3424.390625,184.629,67.0,1980.0,345.6,8527.05859375,143,1045.552524805069,100.0,19.31640625,2,3509.2562534809113,32.3,91.33984375,147,20327.656571626663,15.8,104.671875,37,20294.0374147892,10.1,328.28125,95,20295.96581888199
2026-02-13T22:04:30,gaming,23.7,52.3,35814.16571208581,9580.285572775376,172270.89867834153,38837.85885382253,63.0,3424.390625,187.675,67.0,1980.0,356.8,8528.25,143,1048.2050058841705,99.6,19.33203125,3,3511.924035549164,36.4,91.328125,147,20330.3177485466,15.1,104.62109375,37,20296.72199678421,12.4,328.28125,95,20298.60249018669
2026-02-13T22:04:33,gaming,23.5,52.3,31404.558851344427,9301.221526611998,0.0,13536.740823267037,63.0,3424.390625,172.409,67.0,1980.0,300.4,8528.98828125,143,1050.7700085639954,97.5,19.33203125,3,3514.5673310756683,33.7,91.3125,147,20332.96197605133,21.3,104.62109375,37,20299.36691880226,10.4,328.2734375,95,20301.168709516525
2026-02-13T22:04:35,gaming,21.4,52.3,26276.880731415742,10889.298502272504,63403.20077516355,115908.97641709585,54.0,3424.390625,161.769,65.0,1980.0,306.6,8527.68359375,143,1053.327696800232,99.3,19.33203125,3,3517.1465814113617,27.8,91.33984375,147,20335.54906654358,21.3,104.61328125,37,20301.925570726395,19.5,328.0,95,20303.732393980026
2026-02-13T22:04:37,gaming,21.4,52.3,24346.576100218044,9657.55309374401,79226.91307080124,9490.723961606398,45.0,3396.828125,161.262,64.0,1980.0,303.5,8527.81640625,143,1055.747165441513,100.3,19.33203125,3,3519.624845266342,28.3,91.3125,147,20338.0318069458,18.3,104.6171875,37,20304.3948469162,14.3,328.0,95,20306.135766506195
2026-02-13T22:04:40,gaming,22.5,52.3,21950.921155059783,9575.546427762762,136850.7961204336,29936.11165134485,50.0,3465.1328125,164.619,65.0,1980.0,277.3,8583.72265625,143,1058.2153978347778,99.4,19.33203125,3,3522.0131044387817,36.6,91.3359375,147,20340.421007871628,24.9,104.6171875,37,20306.783260583878,10.0,328.0,95,20308.63987493515
2026-02-13T22:04:42,gaming,21.7,52.3,23964.449973193732,9227.78781150729,14553690.831900803,13910.19319870838,52.0,3465.2578125,161.289,65.0,1980.0,302.7,8539.84375,143,1060.724159002304,97.2,18.6796875,3,3524.5511271953583,44.9,91.34375,147,20342.95811510086,22.2,104.625,37,20309.320534467697,11.1,4.80078125,407,1771009480.4644022
2026-02-13T22:04:45,gaming,22.5,52.3,28109.392403695078,9860.525590425592,697195.0924290394,40641.78122933703,49.0,3386.93359375,155.941,64.0,1980.0,292.8,8538.4140625,143,1063.162939786911,99.8,19.33203125,3,3526.994801044464,37.1,91.328125,147,20345.403725624084,17.2,104.62890625,37,20311.76630806923,7.7,4.80078125,407,1771009482.9087195
2026-02-13T22:04:47,gaming,21.9,52.3,24131.41196942639,9152.85635014516,0.0,11534.253773386186,53.0,3380.36328125,159.914,64.0,1980.0,290.6,8525.71484375,143,1065.5930416584015,98.6,19.33203125,3,3529.4364700317383,28.8,91.34765625,147,20347.843820810318,23.0,104.62890625,37,20314.20867085457,7.0,25.4296875,14,20345.995473384857
2026-02-13T22:04:50,gaming,20.9,52.3,25786.844111284317,9330.584771683845,0.0,11364.906285189434,50.0,3379.92578125,157.973,63.0,1980.0,292.6,8525.59375,143,1068.1240863800049,100.2,19.33203125,3,3531.86904835701,25.7,91.33203125,147,20350.275675535202,25.0,104.62890625,37,20316.643257379532,8.0,327.9921875,95,20318.514084339142
2026-02-13T22:04:52,gaming,21.3,52.3,26693.51230317475,8889.69596566472,25817.385216954848,32675.12816520848,54.0,3379.92578125,161.695,64.0,1980.0,275.2,8523.71484375,143,1070.5541734695435,98.8,18.6796875,3,3534.414404153824,29.4,104.625,37,20319.191670179367,24.6,91.3359375,147,20352.821774959564,6.2,4.80078125,407,1771009490.3217814
2026-02-13T22:04:55,gaming,19.7,52.3,26813.705038048927,9246.926696434648,0.0,63722.95753278632,62.0,3380.05078125,173.303,65.0,1980.0,276.0,8524.59765625,143,1073.0737309455872,99.7,19.33203125,3,3536.843909263611,37.6,328.26171875,95,20323.48340201378,25.2,104.640625,37,20321.61368370056,25.1,91.3203125,147,20355.250324249268
2026-02-13T22:04:57,gaming,22.1,52.3,29536.618164000607,9671.057521987592,0.0,17787.001499916474,61.0,3380.05078125,172.719,66.0,1980.0,292.1,8525.6796875,143,1075.7165048122406,99.8,19.33203125,3,3539.4121873378754,40.0,328.27734375,95,20326.142838716507,25.6,91.359375,147,20357.81502175331,8.5,104.64453125,37,20324.192813634872
2026-02-13T22:05:00,gaming,22.0,52.3,29803.594422513066,9530.42040732399,48788.12934028941,17152.076721195495,61.0,3380.05078125,185.516,66.0,1980.0,252.8,8526.140625,143,1078.3183488845825,88.4,18.6796875,3,3542.097986459732,34.9,91.33984375,147,20360.49929022789,5.8,4.80078125,407,1771009498.0046732,5.3,25.39453125,13,20358.69598722458
2026-02-13T22:05:03,gaming,19.0,52.3,32943.79047806152,10306.46156610202,0.0,25532.446855050635,76.0,3379.59375,201.434,69.0,1980.0,264.6,8527.21484375,143,1080.9110958576202,99.8,19.33203125,3,3544.633470773697,6.1,25.39453125,13,20361.255103349686,5.3,21.1953125,6,3759.5428688526154,3.1,41.6171875,33,20363.170985221863
2026-02-13T22:05:06,gaming,19.7,52.3,29353.50887944763,9742.932511598761,172844.64888669146,50348.720267217046,65.0,3409.7890625,188.453,67.0,1965.0,277.9,8536.91796875,143,1083.8017778396606,100.0,19.33203125,3,3547.2908623218536,8.4,25.43359375,14,20364.06530404091,7.7,4.80078125,407,1771009503.191367,5.2,41.6171875,33,20365.862146377563
2026-02-13T22:05:08,gaming,17.5,52.3,30916.246539903186,9301.495554435152,6382948.84292772,61064.94370015829,58.0,3408.21484375,170.969,66.0,1965.0,340.4,8536.6953125,143,1086.5554339885712,94.4,19.33203125,3,3550.2205731868744,5.4,41.6171875,33,20368.764315843582,5.0,25.4296875,13,20366.882359027863,2.9,21.1953125,6,3765.2133841514587
2026-02-13T22:05:11,gaming,22.6,52.3,35146.837884585075,9594.778056465448,262727.8885476399,15114.317451959396,76.0,3403.40234375,192.626,68.0,1965.0,397.2,8534.78125,143,1089.3801715373993,98.9,19.33203125,3,3552.986984729767,5.1,4.80078125,407,1771009508.8569856,4.5,41.6171875,33,20371.567571163177,4.5,25.39453125,13,20369.65970993042
2026-02-13T22:05:14,gaming,24.3,52.3,33723.28407304082,9235.852143935084,22711.373160666753,16323.79945922923,60.0,3403.40234375,177.758,67.0,1965.0,387.4,8524.18359375,143,1092.4212987422943,91.7,19.33203125,3,3555.8649077415466,10.3,4.80078125,407,1771009511.7432957,6.7,25.4296875,14,20372.703907251358,6.5,91.33984375,147,20374.253678560257
2026-02-13T22:05:17,gaming,21.8,52.3,30404.001280088163,9410.299476865843,65892.87554482654,35691.974253447705,56.0,3403.15234375,170.123,66.0,1965.0,282.3,8525.66796875,143,1095.18235206604,82.9,19.33203125,3,3558.8244218826294,19.9,4.80078125,407,1771009514.7258995,5.9,41.6171875,33,20377.378133296967,5.0,25.43359375,14,20375.513904571533
2026-02-13T22:05:20,gaming,19.4,52.3,30262.092063991826,9508.709992728605,121963.99148304338,12768.105358381104,59.0,3403.15234375,176.931,66.0,1965.0,307.9,8525.94921875,143,1097.765260219574,100.3,19.33203125,3,3561.5190398693085,11.6,4.80078125,407,1771009517.4117599,4.7,91.33203125,147,20379.911809921265,4.7,41.6171875,33,20380.05979013443
2026-02-13T22:05:22,gaming,19.9,52.3,29545.814369780164,9930.372472106124,551756.5835794379,48004.39026170535,58.0,3324.60546875,176.011,67.0,1965.0,321.8,8526.421875,143,1100.411860704422,99.3,19.33203125,3,3564.130271911621,6.5,25.43359375,14,20380.767431735992,5.4,4.80078125,407,1771009520.0253701,3.6,41.6171875,33,20382.6784863472
2026-02-13T22:05:25,gaming,19.3,52.3,27608.865752434696,9904.062609179919,0.0,71429.09211636237,55.0,3324.60546875,173.273,65.0,1965.0,271.0,8525.48046875,143,1103.0127160549164,99.4,19.33203125,3,3566.739249229431,7.7,4.80078125,407,1771009522.6479037,7.3,25.39453125,13,20383.34068965912,6.6,41.6171875,33,20385.279487609863
2026-02-13T22:05:27,gaming,18.2,52.3,29165.344416285257,10459.185658626322,24949.158889267477,13449.15596374575,58.0,3324.60546875,164.36,65.0,1980.0,309.6,8526.32421875,143,1105.7124199867249,99.4,19.33203125,3,3569.3793988227844,6.5,4.80078125,406,1771009525.2765856,5.3,41.6171875,33,20387.931883335114,4.0,25.39453125,13,20386.050975084305
2026-02-13T22:05:30,gaming,19.5,52.3,27359.307507194477,10403.737655399196,98110.56205255655,17054.375044292057,56.0,3324.60546875,172.152,66.0,1980.0,301.2,8526.7265625,143,1108.373706817627,99.1,19.3359375,3,3572.075551509857,6.4,4.80078125,406,1771009527.95339,4.7,25.39453125,13,20388.733364105225,4.6,41.6171875,33,20390.64959359169
2026-02-13T22:05:33,gaming,18.6,52.3,28779.48459468338,9510.385950143214,0.0,13525.882240203682,69.0,3324.19140625,175.584,68.0,1980.0,243.8,8527.515625,143,1110.9953989982605,99.1,19.33984375,3,3574.7229466438293,8.3,4.80078125,406,1771009530.5987637,6.5,25.43359375,14,20391.370929956436,4.7,104.7265625,37,20359.534373521805
2026-02-13T22:05:35,gaming,17.2,52.3,28194.405335083848,9611.78120878438,0.0,45202.774946333695,46.0,3347.44921875,155.25,64.0,1980.0,244.8,8528.859375,143,1113.478321313858,97.7,19.3359375,3,3577.312289953232,10.7,4.80078125,406,1771009533.2143562,6.0,91.3359375,147,20395.718240261078,5.6,25.4296875,14,20393.880208969116
2026-02-13T22:05:38,gaming,16.5,52.3,59894.23684592958,8263.641925262193,8762262.113492442,30815.168403284883,41.0,3316.09375,136.903,63.0,1980.0,241.7,8519.28125,143,1116.0893325805664,99.9,19.3359375,3,3579.785311937332,12.0,4.80078125,406,1771009535.6890876,6.7,25.43359375,14,20396.433911323547,6.3,104.7265625,37,20364.582402467728
2026-02-13T22:05:40,gaming,16.3,52.3,79979.67119684716,7827.3442284675,600641.4574115386,42623.64508975111,42.0,3314.0390625,152.44,64.0,1980.0,213.8,8518.30078125,143,1118.5812470912933,96.4,18.68359375,3,3582.3923757076263,10.1,4.80078125,406,1771009538.3067865,4.3,25.39453125,13,20398.971407175064,3.6,104.7265625,37,20367.173490285873
2026-02-13T22:05:43,gaming,15.4,52.3,25765.266867985512,8075.238418642235,53201.1887413056,14131.5657594093,56.0,3315.5390625,165.493,64.0,1980.0,286.5,8516.8125,143,1121.1067521572113,97.7,18.68359375,3,3584.871372461319,8.8,104.74609375,37,20369.6467833519,6.3,4.80078125,406,1771009540.7759383,3.8,41.6171875,33,20403.406710386276
2026-02-13T22:05:45,gaming,19.9,52.3,26573.418610308523,8348.677242601945,159393.03619696826,74317.00312683644,39.0,3313.7890625,147.249,62.0,1980.0,286.8,8512.515625,143,1123.7818503379822,99.9,19.33984375,3,3587.4362602233887,10.3,4.80078125,406,1771009543.3417978,9.7,104.75,37,20372.220268011093,6.7,41.6171875,33,20405.97899889946
2026-02-13T22:05:48,gaming,18.0,52.3,29667.741603005736,8588.896869784896,1078834.5860243852,10152.385131266408,41.0,3315.1015625,143.319,62.0,1980.0,234.9,8514.71875,143,1126.4288837909698,95.8,19.33984375,3,3590.127320289612,6.4,4.80078125,406,1771009546.01487,6.4,104.76171875,37,20374.915016651154,5.3,25.39453125,13,20406.78494167328
2026-02-13T22:05:51,gaming,15.9,52.3,32656.365405757682,9130.468890222977,327821.118440115,17336.69376365993,41.0,3315.1015625,147.097,62.0,1980.0,250.8,8516.86328125,144,1128.902054309845,97.4,19.33984375,3,3592.711086988449,9.0,4.80078125,406,1771009548.6164463,7.9,104.7734375,37,20377.48849964142,4.4,25.4296875,14,20409.289374113083
2026-02-13T22:05:53,gaming,18.3,52.3,29442.10323437538,9302.493119520024,159218.64431466814,13890.168188909849,45.0,3289.2578125,144.438,62.0,1980.0,262.5,8519.37109375,144,1131.3663477897644,99.8,19.33984375,3,3595.185705423355,10.1,4.80078125,406,1771009551.081833,10.1,104.78515625,37,20379.95727968216,7.0,25.43359375,14,20411.74672818184
2026-02-13T22:05:56,gaming,18.7,52.3,26633.377521314706,10213.945797919763,26516.445563796133,77892.05884365115,39.0,3289.6328125,145.171,62.0,1980.0,300.9,8519.953125,144,1134.0300209522247,99.7,19.33984375,3,3597.6466040611267,13.2,104.80078125,37,20382.434772729874,12.0,4.80078125,406,1771009553.5534532,8.2,41.6171875,33,20416.2010345459
2026-02-13T22:05:58,gaming,19.8,52.3,25104.233913376884,9955.438416626423,49283.49979771343,26374.37293862008,41.0,3291.7890625,141.399,62.0,1980.0,297.7,8520.5,144,1136.459834575653,95.6,19.33984375,3,3600.3091189861298,12.4,104.80078125,37,20385.082248449326,10.6,4.80078125,406,1771009556.2131827,6.7,25.39453125,13,20416.87601828575
2026-02-13T22:06:00,gaming,19.4,52.3,25018.560763963345,9573.709291742314,2756162.3097819267,36242.85215523883,41.0,3313.32421875,143.974,61.0,1980.0,301.2,8532.77734375,144,1138.8561041355133,100.5,19.33984375,3,3602.7047457695007,12.4,4.80078125,406,1771009558.614495,9.7,104.80078125,37,20387.489867448807,9.2,118.9765625,44,20395.4502286911
2026-02-13T22:06:03,gaming,20.9,52.3,24964.295834864653,11128.461328394982,6822147.3622847935,16415.792090497784,42.0,3313.32421875,145.949,62.0,1980.0,255.4,8533.13671875,144,1141.1987838745117,99.0,19.33984375,3,3605.1038715839386,13.0,4.80078125,406,1771009561.0161002,11.1,104.8046875,37,20389.871729135513,3.3,25.39453125,13,20421.61418747902
2026-02-13T22:06:05,gaming,16.9,52.3,23475.29933416536,10020.826390142181,296088.76388834894,20818.741210899534,42.0,3313.32421875,145.647,61.0,1980.0,287.4,8530.1328125,144,1143.6616396903992,98.1,19.33984375,3,3607.5404608249664,11.5,104.796875,37,20392.309077501297,9.6,4.80078125,406,1771009563.450426,7.0,25.39453125,14,20424.07021355629
2026-02-13T22:06:08,gaming,22.5,52.3,25550.06577062325,9091.900821679681,55355.519532664395,28326.45726085561,44.0,3309.85546875,146.92,62.0,1980.0,287.1,8528.1953125,144,1146.0938799381256,99.5,19.33984375,3,3609.912539958954,26.4,91.37109375,147,20428.312619447708,22.4,4.80078125,406,1771009565.8181493,10.5,104.796875,37,20394.69303536415
2026-02-13T22:06:10,gaming,22.4,52.3,25887.26006053317,9048.638691370703,26851.328289683963,45940.944495631156,41.0,3309.85546875,142.652,61.0,1980.0,293.4,8528.33203125,144,1148.5607869625092,99.3,19.33984375,3,3612.3502995967865,31.4,4.80078125,406,1771009568.2601783,28.8,91.30859375,147,20430.75706911087,14.1,104.79296875,37,20397.132954597473
2026-02-13T22:06:13,gaming,23.7,52.3,32542.78592500613,11357.58136682386,26193.139756348963,88401.84667767775,49.0,3310.01171875,153.979,62.0,1980.0,324.1,8525.6484375,144,1151.3177762031555,94.3,19.33984375,3,3614.891224384308,31.2,4.80078125,406,1771009570.7676253,26.1,91.33984375,147,20433.27524447441,12.8,104.80078125,37,20399.695893526077
2026-02-13T22:06:16,gaming,23.3,52.3,30337.829188767668,9433.018451638663,167165.60747580408,31530.1201600568,48.0,3308.30859375,153.172,61.0,1980.0,470.3,8524.55078125,144,1153.8726634979248,90.8,19.33984375,3,3617.6068766117096,32.0,91.31640625,147,20436.00525546074,19.4,4.80078125,406,1771009573.5066354,13.3,104.8046875,37,20402.39261865616
2026-02-13T22:06:18,gaming,30.8,52.3,29632.17061146707,9762.76583991614,151660.2442908159,12302.227262951821,67.0,3308.43359375,203.012,65.0,1980.0,440.7,8528.01171875,144,1156.5465638637543,100.4,19.32421875,2,3620.1442923545837,38.1,91.328125,147,20438.546799182892,18.4,104.8046875,37,20404.935812473297,14.8,4.80078125,406,1771009576.0454614
2026-02-13T22:06:21,gaming,27.9,52.3,31378.3731379243,9473.327185080443,299768.6679252197,84850.38617354476,52.0,3285.73828125,183.312,63.0,1980.0,490.3,8529.23046875,144,1159.415277004242,94.8,19.32421875,2,3623.011972427368,36.8,91.328125,147,20441.397917747498,20.3,328.046875,95,20409.838575839996,17.3,104.80859375,37,20407.821615934372
2026-02-13T22:06:24,gaming,28.6,52.3,104790.75232172344,8430.892024940798,0.0,17352.506377869024,47.0,3419.671875,156.174,62.0,1980.0,354.3,8610.34375,144,1162.1095130443573,95.9,19.32421875,2,3625.8291532993317,32.6,91.3125,147,20444.22236251831,16.3,104.8125,37,20410.592159748077,13.5,328.046875,95,20412.49617958069
2026-02-13T22:06:26,gaming,24.0,52.6,26372.5003997011,8251.010537307364,14740063.681787604,42395.035471751056,57.0,3352.08203125,166.234,64.0,1980.0,337.8,8611.6875,144,1164.7276351451874,98.9,18.66796875,2,3628.4190340042114,24.7,91.31640625,147,20446.81966161728,22.1,104.8125,37,20413.206026792526,13.2,4.80078125,406,1771009584.316252
2026-02-13T22:06:29,gaming,23.4,52.6,26914.495166095658,8087.7542951134765,248180.48671843272,63208.467711100835,38.0,3377.05078125,137.484,61.0,1980.0,334.3,8555.80859375,144,1167.4047002792358,100.1,18.68359375,3,3631.0572662353516,29.6,91.328125,147,20449.45411014557,20.7,104.828125,37,20415.842999219894,12.4,328.328125,95,20417.77836561203
2026-02-13T22:06:31,gaming,22.6,52.4,25249.819737226448,8667.803304480107,472011.2826854613,41727.97112556504,38.0,3377.05078125,126.915,60.0,1950.0,244.0,8551.4765625,144,1169.7866201400757,91.9,19.33984375,3,3633.6741938591003,37.4,91.33203125,147,20452.083702087402,18.6,104.84375,37,20418.45155596733,11.8,4.80078125,406,1771009589.593659
2026-02-13T22:06:34,gaming,21.9,52.4,25979.785321478634,9044.95691072053,28068.104365783445,17981.12935933002,39.0,3353.33203125,139.137,60.0,1980.0,260.9,8548.51953125,144,1172.1339819431305,98.9,19.33984375,3,3636.0124101638794,44.2,91.3125,147,20454.418577432632,20.1,104.8515625,37,20420.783284425735,8.0,4.80078125,406,1771009591.9282386
2026-02-13T22:06:36,gaming,21.4,52.4,25571.564365512895,9123.343411263566,0.0,20036.645283670226,38.0,3353.33203125,129.04,59.0,1935.0,226.5,8546.21875,144,1174.4242997169495,99.9,19.33984375,3,3638.3583953380585,36.6,91.32421875,147,20456.768072605133,20.7,104.8515625,37,20423.12322998047,6.6,4.80078125,406,1771009594.2796772
2026-02-13T22:06:38,gaming,18.7,52.4,27378.797840854088,9338.440300165808,0.0,17682.750492069972,43.0,3353.08203125,144.302,60.0,1980.0,268.0,8546.8046875,144,1176.8384149074554,99.5,19.33984375,3,3640.650985956192,27.3,91.34765625,147,20459.0573015213,21.1,104.83203125,37,20425.418058156967,16.4,4.80078125,406,1771009596.566653
2026-02-13T22:06:41,gaming,22.3,52.4,27259.34711532963,9245.934878226655,53830.37251183423,39952.22959862697,45.0,3353.08203125,144.511,61.0,1980.0,276.7,8546.37890625,144,1179.2212083339691,98.7,19.33984375,3,3643.0891675949097,33.3,104.83203125,37,20427.86121058464,25.0,91.3203125,147,20461.496155261993,12.2,4.80078125,406,1771009599.0022285
2026-02-13T22:06:43,gaming,20.0,52.4,26735.080539844268,8888.18421456384,0.0,13461.229694101381,46.0,3352.67578125,152.035,61.0,1980.0,290.0,8545.44921875,144,1181.6939678192139,100.0,19.33203125,3,3645.4946286678314,29.9,104.83203125,37,20430.267957925797,24.7,91.34765625,147,20463.89657664299,18.9,328.3203125,95,20432.077947616577
2026-02-13T22:06:46,gaming,23.1,52.3,30443.145934688797,10869.239779111336,698353.9254403902,105567.40991484404,51.0,3352.83203125,148.519,61.0,1980.0,251.9,8544.28515625,144,1184.3553230762482,100.4,19.33984375,3,3648.110291481018,35.4,328.3203125,95,20434.774868011475,26.4,91.3359375,147,20466.504976511,20.4,4.80078125,406,1771009604.0089471
2026-02-13T22:06:49,gaming,20.7,52.4,27687.46262885582,9371.531569504277,17322.108893812958,12794.739523839118,50.0,3353.95703125,159.158,62.0,1980.0,263.5,8544.88671875,144,1187.0237352848053,95.6,19.33984375,3,3650.709376811981,36.6,91.3359375,147,20469.107252836227,10.8,4.80078125,406,1771009606.6098182,5.4,25.43359375,14,20467.34487056732
2026-02-13T22:06:51,gaming,20.0,52.4,31964.905065076986,9501.021533343635,0.0,51540.779670405085,60.0,3353.70703125,205.251,66.0,1980.0,311.5,8556.76171875,144,1189.67156624794,99.7,19.34375,3,3653.3748545646667,9.4,4.80078125,406,1771009609.263718,5.8,25.39453125,14,20470.021793842316,2.3,41.6171875,33,20471.919194936752
2026-02-13T22:06:54,gaming,20.6,52.4,36603.16530719296,9370.08838630173,31697.953444245035,29320.606935926655,58.0,3353.70703125,168.923,64.0,1980.0,239.4,8556.98046875,144,1192.2375178337097,100.3,19.34375,3,3655.943771123886,7.9,4.80078125,406,1771009611.8502674,4.9,41.609375,33,20474.475847244263,4.4,25.39453125,13,20472.507930278778
2026-02-13T22:06:57,gaming,17.1,52.5,29003.12629188459,10139.144612932223,23839.521449184736,44326.61019457787,60.0,3353.70703125,178.585,64.0,1980.0,314.4,8557.33984375,144,1195.054521560669,95.1,19.34375,3,3658.708811044693,12.5,4.80078125,406,1771009614.5965302,4.9,25.39453125,13,20475.38806605339,3.3,41.6171875,33,20477.279168128967
2026-02-13T22:06:59,gaming,20.6,52.4,38971.19747465746,9717.893990717163,269199.462967091,791351.9651713292,62.0,3353.70703125,172.171,64.0,1980.0,291.1,8554.5859375,144,1197.7170760631561,99.9,19.33984375,3,3661.395721912384,7.0,25.42578125,14,20478.046823740005,6.3,4.80078125,405,1771009617.3065643,2.4,191.17578125,277,20475.204711914062
2026-02-13T22:07:02,gaming,19.5,52.4,37096.7089993382,9434.82846670167,1529.4070523828575,111837.89070549645,55.0,3353.70703125,173.426,64.0,1980.0,319.1,8555.28515625,144,1200.6493570804596,96.9,18.6875,3,3664.1062150001526,6.4,25.39453125,13,20480.958060979843,5.8,4.80078125,405,1771009619.9870257,4.1,91.3125,147,20482.500292539597
2026-02-13T22:07:05,gaming,20.2,52.4,37369.21140000436,9103.691810283415,0.0,46991.39207161904,60.0,3353.70703125,171.942,64.0,1980.0,303.3,8555.30859375,144,1203.3690373897552,92.0,19.34375,3,3667.010180234909,7.3,25.43359375,14,20483.724357128143,7.0,41.6171875,33,20485.61197400093,4.6,191.21484375,277,20480.873487234116
2026-02-13T22:07:08,gaming,19.7,52.4,28293.497658470013,9668.266752463003,48914.928775189364,38596.935986672856,75.0,3353.83203125,200.624,67.0,1980.0,299.2,8556.77734375,144,1205.954476594925,98.6,19.34375,3,3669.6719331741333,7.0,4.80078125,405,1771009625.5834227,4.9,25.4296875,14,20486.290924549103,3.0,104.79296875,37,20454.454573869705
2026-02-13T22:07:10,gaming,20.5,52.4,28768.33564382073,9880.434760619297,24501.444395033534,6316.778633094584,71.0,3353.83203125,193.006,67.0,1980.0,312.7,8557.13671875,144,1208.682251214981,95.7,19.34375,3,3672.3495347499847,11.1,4.80078125,405,1771009628.2589126,6.3,25.39453125,13,20489.011291742325,1.7,91.3203125,147,20490.762015104294
2026-02-13T22:07:13,gaming,20.1,52.4,33691.49573109455,9643.692255364957,97592.49778375507,16964.3209038168,59.0,3353.83203125,177.522,66.0,1980.0,310.1,8556.90625,143,1211.392906665802,99.2,18.69140625,3,3675.0428109169006,3.5,25.4296875,14,20491.727348566055,2.3,91.33984375,147,20493.44929623604,2.3,119.12890625,32,20484.88773703575
2026-02-13T22:07:16,gaming,21.5,52.4,32869.046781055855,9339.06272763067,96655.1881113354,54179.76364834621,59.0,3353.83203125,174.488,66.0,1980.0,324.4,8557.609375,143,1214.0812606811523,100.2,19.34375,3,3677.7567381858826,14.4,4.80078125,405,1771009633.6576488,5.2,41.6171875,33,20496.320997476578,5.2,25.4296875,14,20494.413838386536
2026-02-13T22:07:18,gaming,19.6,52.4,30719.186660786963,9512.199363598591,48985.659083199535,32912.23969652469,58.0,3353.83203125,171.903,65.0,1980.0,269.7,8557.203125,143,1216.7001802921295,99.9,19.34375,3,3680.416333436966,5.9,104.84765625,37,20465.198523521423,5.4,25.39453125,13,20497.02685046196,4.1,91.32421875,147,20498.832386016846
2026-02-13T22:07:21,gaming,18.1,52.4,26537.123923698065,9626.29059146216,0.0,21210.366773409773,48.0,3353.95703125,155.022,63.0,1980.0,299.3,8555.71875,143,1219.3993647098541,100.2,19.34375,3,3683.036843061447,5.8,25.39453125,13,20499.710036754608,4.2,104.859375,37,20467.83273792267,2.4,4.80078125,405,1771009638.9404302
2026-02-13T22:07:24,gaming,20.3,52.4,24166.91875457152,9339.866604810682,109429.05487099949,58134.18540021848,56.0,3353.95703125,173.297,65.0,1980.0,385.5,8556.7734375,143,1222.0738685131073,99.4,18.69140625,3,3685.723831176758,5.8,104.8671875,37,20470.516564130783,4.6,25.39453125,13,20502.400361061096,3.5,41.6171875,33,20504.290712594986
2026-02-13T22:07:27,gaming,23.4,52.4,16862.41976615094,5155.818593598678,401380.7116869128,81345.99901375393,56.0,3354.33203125,178.833,66.0,1980.0,390.6,8558.33984375,143,1225.0791466236115,98.6,19.34375,3,3688.5280301570892,6.8,4.80078125,405,1771009644.4117165,6.5,25.43359375,14,20505.308938264847,5.5,104.8828125,37,20473.348841190338
2026-02-13T22:07:30,gaming,22.5,52.4,12287.567338626324,3868.7045310739786,27391.899324596397,22769.516313570755,27.0,3360.76953125,116.457,61.0,1980.0,296.6,8566.09375,143,1227.927984714508,95.9,19.33984375,3,3691.510817527771,5.7,25.39453125,13,20508.340280771255,5.2,4.80078125,405,1771009647.4024508,4.7,104.88671875,37,20476.312876462936
2026-02-13T22:07:32,gaming,17.0,52.5,13951.00734276517,6390.545963799851,970662.1603672766,42936.08292303909,28.0,3360.58203125,91.022,58.0,1815.0,168.0,8567.01171875,143,1230.1980724334717,98.1,19.34765625,3,3694.1375000476837,5.5,25.43359375,14,20510.615244627,4.7,4.80078125,405,1771009650.0703905,4.2,104.89453125,37,20478.89982509613
2026-02-13T22:07:34,gaming,12.3,52.5,13256.567543840196,9330.1161234829,57780.1549982117,137227.86812075277,23.0,3360.58203125,82.33,57.0,1815.0,159.7,8562.6875,143,1232.4277529716492,100.6,19.34765625,3,3696.4064054489136,4.8,104.89453125,37,20481.17292189598,4.8,41.6171875,33,20514.920699119568,2.1,25.39453125,13,20512.878334999084
2026-02-13T22:07:36,gaming,13.3,52.4,13316.544802173805,8824.27592962279,235359.51460497908,107106.966607344,23.0,3360.64453125,82.02,56.0,1815.0,150.9,8560.94140625,143,1234.5916540622711,99.3,18.69140625,3,3698.6241688728333,7.2,25.43359375,13,20515.044380903244,7.0,4.80078125,405,1771009654.565397,6.4,104.95703125,37,20483.375128507614
2026-02-13T22:07:38,gaming,12.7,52.4,13135.449052016807,8600.849567030342,0.0,12981.022821715855,91.0,3404.83203125,234.898,68.0,1980.0,167.1,8488.19921875,143,1236.836477279663,100.2,19.34765625,3,3700.7910811901093,6.5,91.31640625,147,20519.218868494034,5.7,25.4296875,14,20517.259716033936,5.1,104.94921875,37,20485.540214061737
2026-02-13T22:07:41,gaming,14.5,52.2,12506.541988597215,8779.340831707623,1940422.8331402836,82073.65007847607,86.0,3135.38671875,255.6,71.0,1965.0,166.2,8487.51171875,143,1239.0648877620697,99.2,19.34375,3,3703.0443518161774,9.7,104.94921875,37,20487.801887750626,8.4,4.80078125,405,1771009658.9682486,6.2,41.6171875,33,20521.54762983322
2026-02-13T22:07:43,gaming,13.7,52.2,7869.050985867718,8908.665036114928,0.0,61240.10239241693,78.0,3114.98046875,226.406,69.0,1965.0,167.6,8478.40625,143,1241.28346991539,98.8,19.34765625,3,3705.2589230537415,10.6,104.9453125,37,20490.017338991165,5.6,4.80078125,405,1771009661.1961882,4.2,25.39453125,13,20521.723571777344
2026-02-13T22:07:45,gaming,13.6,52.2,11010.925297906762,10133.458387501374,0.0,28612.54196600788,81.0,3094.97265625,231.312,71.0,1965.0,185.8,8489.53515625,143,1243.6060292720795,99.6,19.3359375,3,3707.4864683151245,11.2,104.94921875,37,20492.25834918022,6.2,25.39453125,14,20523.972590446472,4.8,41.6171875,33,20526.026824951172
2026-02-13T22:07:48,gaming,15.5,52.2,7677.085473157242,8208.065448245927,139416.2806386702,19605.414464812995,71.0,3192.65625,202.427,70.0,1965.0,191.8,8494.671875,143,1245.9760406017303,95.8,19.34375,3,3709.833762407303,12.0,104.94921875,37,20494.60286617279,8.0,4.80078125,405,1771009665.7627897,7.3,25.39453125,13,20526.333164453506
2026-02-13T22:07:50,gaming,16.8,52.2,7531.441520496102,8061.5361803882115,24139182.587185863,84569.30458104839,74.0,3338.8828125,219.104,71.0,1965.0,174.8,8552.4765625,143,1248.1482124328613,99.4,19.3203125,3,3712.1761865615845,29.3,4.80078125,405,1771009668.1086395,27.0,18.15625,3,20530.676935195923,10.7,104.9453125,37,20496.933831453323
2026-02-13T22:07:52,gaming,14.8,52.3,8253.845691603648,8048.480737427953,28622376.307718925,10047.366291404729,73.0,3328.5546875,221.971,71.0,1965.0,171.0,8528.609375,143,1250.3411502838135,98.9,18.6640625,3,3714.355000734329,11.5,104.9453125,37,20499.109706163406,10.0,4.80078125,405,1771009670.296016,7.9,25.43359375,14,20530.77616238594
2026-02-13T22:07:54,gaming,12.8,52.3,7528.9071415647995,8531.372886779165,4183993.182497732,18546.069071355196,70.0,3352.94140625,222.678,72.0,1965.0,191.8,8534.5390625,143,1252.6956021785736,97.8,19.3203125,3,3716.574846506119,8.4,104.9453125,37,20501.34521007538,4.2,41.57421875,33,20535.100755929947,3.5,4.80078125,405,1771009672.50518
2026-02-13T22:07:56,gaming,15.4,52.3,7767.319154471437,8963.387027605106,6675921.680097575,47735.66879307059,69.0,3293.890625,219.985,71.0,1965.0,249.6,8530.96484375,143,1254.905333995819,98.8,19.31640625,3,3718.8836183547974,12.2,104.9453125,37,20503.645765304565,6.1,4.80078125,399,1771009674.8211107,4.7,91.33984375,147,20537.309179782867
2026-02-13T22:07:59,gaming,16.3,52.3,6980.100066006314,8088.870535194849,0.0,7706.20561390765,72.0,3325.78125,224.131,73.0,1965.0,182.4,8538.26171875,143,1257.1756830215454,100.4,19.31640625,3,3721.0790598392487,10.7,104.94921875,37,20505.835170030594,4.3,91.33203125,147,20539.504684448242,3.6,4.80078125,399,1771009677.013203
2026-02-13T22:08:01,gaming,14.5,52.3,38156.755130247555,10502.447907620719,10298873.165285945,68301.79483357872,72.0,3339.125,223.265,72.0,1965.0,168.1,8541.44140625,143,1259.5445575714111,90.5,19.31640625,3,3723.46235537529,11.9,4.80078125,399,1771009679.3835506,11.1,104.96484375,37,20508.235296964645,7.7,25.4296875,14,20539.99041748047
2026-02-13T22:08:03,gaming,14.9,52.4,7566.783970705962,7880.408392084983,5678842.819377844,34994.42923017548,73.0,3408.4375,222.8,73.0,1965.0,260.1,8554.56640625,143,1261.7676441669464,98.4,19.31640625,3,3725.766129255295,12.2,104.96484375,37,20510.53959774971,11.5,91.31640625,147,20544.1860435009,5.6,25.43359375,14,20542.223239183426
2026-02-13T22:08:06,gaming,19.5,52.5,7222.211012835592,8418.1549588702,11718853.329310894,57102.98215393919,76.0,3473.6875,223.161,73.0,1965.0,216.1,8591.8828125,143,1263.9369435310364,98.3,18.6640625,3,3727.926066160202,11.7,104.97265625,37,20512.682861804962,9.4,4.80078125,399,1771009683.8638287,7.9,91.3203125,147,20546.35374569893
2026-02-13T22:08:08,gaming,17.3,52.5,10325.032239182436,7708.398898172512,19769376.036854573,83630.34970341715,39.0,3480.1484375,210.942,70.0,1965.0,266.0,8565.94921875,143,1266.1098384857178,100.0,19.31640625,3,3730.130358695984,22.0,4.80078125,399,1771009686.0618975,19.2,91.328125,147,20548.55620789528,12.8,104.9765625,37,20514.88865184784
2026-02-13T22:08:10,gaming,18.8,52.5,17712.437015128235,8536.767948475253,3111434.8807459637,9491.72843084706,43.0,3464.51953125,153.427,66.0,1965.0,230.2,8589.75,143,1268.4944729804993,96.5,19.31640625,3,3732.365584373474,17.6,91.34375,147,20550.779525995255,12.1,328.26953125,95,20518.931153297424,11.8,104.98046875,37,20517.146847963333
2026-02-13T22:08:12,gaming,20.6,52.6,22258.32968490879,11979.286329264305,1944128.6802389286,114285.53649131814,45.0,3422.64453125,157.382,66.0,1965.0,247.6,8586.54296875,143,1270.8282134532928,95.0,19.31640625,3,3734.7509298324585,38.4,91.3203125,147,20553.173753499985,16.5,104.984375,37,20519.51041817665,15.8,328.28515625,95,20521.208194732666
2026-02-13T22:08:15,gaming,21.8,52.5,21356.58571208147,11519.700591556139,237063.8890967092,41980.06369420892,38.0,3422.64453125,148.655,64.0,1980.0,246.2,8575.484375,144,1273.0617098808289,94.8,19.31640625,3,3737.026089668274,29.5,91.33984375,147,20555.451476812363,18.8,328.26953125,95,20523.446443080902,18.4,104.984375,37,20521.80726671219
2026-02-13T22:08:17,gaming,19.5,52.5,18519.395432022127,9544.110368666597,229230.0397163165,97154.13792664195,43.0,3422.64453125,152.902,64.0,1980.0,217.9,8575.08203125,144,1275.4791934490204,96.5,19.31640625,3,3739.325959920883,34.1,91.3515625,147,20557.74560213089,21.3,104.984375,37,20524.085050821304,12.8,328.28515625,95,20525.884293317795
2026-02-13T22:08:20,gaming,18.9,52.5,18091.97304542314,9052.815556528729,216992.7564806535,6145.302673768508,26.0,3393.14453125,103.493,60.0,1980.0,285.1,8575.95703125,142,1277.972841501236,92.7,19.31640625,3,3741.754426240921,29.0,91.33984375,147,20560.172617197037,22.5,105.09765625,37,20526.516768455505,12.3,328.28515625,95,20528.415463924408
2026-02-13T22:08:23,gaming,25.6,52.7,21877.5868584653,11392.321225257178,416190.4021148462,1833838.9593185412,24.0,3408.93359375,80.784,57.0,1815.0,154.2,8577.5625,142,1280.8818891048431,99.2,19.328125,3,3744.3213498592377,38.2,327.1640625,36,20455.929136514664,37.2,92.234375,148,20562.731622695923,21.2,44.0078125,30,20559.7050075531
2026-02-13T22:08:25,gaming,20.9,52.9,29990.28182992056,18042.71995181369,243121.06638718426,583053.8148986065,20.0,3401.80859375,80.617,56.0,1815.0,125.7,8574.4921875,142,1283.153591632843,99.4,19.33203125,3,3747.1350362300873,25.0,105.109375,37,20531.897478818893,22.8,91.78515625,148,20565.545267105103,13.8,330.25,36,20458.190000772476
2026-02-13T22:08:27,gaming,14.0,52.8,16293.192501730811,7741.188629629718,57260.331606254316,282275.5409652068,20.0,3418.62109375,79.697,55.0,1815.0,121.1,8574.3203125,142,1285.5528855323792,100.0,19.328125,3,3749.400213956833,30.9,105.1171875,37,20534.170104026794,24.2,320.9296875,36,20460.577624082565,13.0,91.8046875,148,20567.82013988495
2026-02-13T22:08:29,gaming,16.1,52.8,15585.10699137902,7533.180724269511,164543.1685133375,267135.5045556988,20.0,3420.25,79.525,55.0,1815.0,184.6,8571.86328125,142,1287.7452545166016,100.4,18.6640625,3,3751.7188267707825,25.7,105.11328125,37,20536.476401805878,12.8,328.28515625,95,20538.117787361145,10.1,91.74609375,148,20570.147005319595
2026-02-13T22:08:32,gaming,17.4,52.8,16058.490301317768,8409.794247383754,6015298.449908225,56998.30291721515,22.0,3384.44921875,80.126,54.0,1815.0,211.3,8570.4921875,142,1290.0224149227142,99.7,19.30859375,2,3753.9275393486023,31.1,105.1171875,37,20538.685866594315,21.6,328.2578125,95,20540.438452243805,17.4,103.95703125,99,20465.509216070175
2026-02-13T22:08:34,gaming,19.5,52.8,14863.67374028441,7500.958474333399,914967.7323571888,905041.1956382194,28.0,3387.57421875,79.293,54.0,1815.0,211.1,8564.19921875,142,1292.3399517536163,95.9,19.30859375,2,3756.3066914081573,35.9,328.00390625,95,20542.65870976448,15.1,94.578125,148,20574.727002620697,12.4,105.125,37,20541.076164007187
2026-02-13T22:08:35,gaming,18.8,52.7,15382.244462165394,7762.6028456305585,125759.8269800987,357875.1326367262,30.0,3402.13671875,81.217,54.0,1815.0,156.2,8561.41015625,142,1293.8786523342133,92.3,19.30859375,2,3758.3536944389343,27.0,299.9296875,250,20572.649461507797,16.1,328.00390625,95,20544.21541953087,15.8,92.65625,148,20576.79358935356
2026-02-13T22:08:37,gaming,15.8,52.8,17275.649878609205,6180.030935022893,2196808.222759915,457442.64934473566,41.0,3331.51953125,110.432,58.0,1995.0,117.2,8563.36328125,146,1295.6651701927185,99.9,19.3125,2,3759.886038541794,34.6,300.8203125,250,20574.36721420288,32.8,92.7109375,148,20578.319272518158,30.9,44.4140625,30,20574.770581245422
2026-02-13T22:08:39,gaming,22.2,52.9,21474.95931485355,6513.91893211803,309899.8739986285,8508859.316140654,39.0,3331.76953125,139.143,58.0,1995.0,161.6,8564.0859375,146,1297.1930174827576,99.9,19.3125,2,3761.652926683426,44.3,48.91015625,32,20578.791224241257,28.6,43.9375,30,20576.352034330368,14.9,92.58203125,148,20580.09992814064
2026-02-13T22:08:40,gaming,14.8,52.8,18083.498789870628,9815.978652076725,783291.5906761147,175084.708853385,36.0,3331.64453125,136.993,58.0,1980.0,167.4,8562.671875,146,1298.751657962799,99.0,19.3125,2,3763.2013115882874,21.0,300.89453125,249,20577.513497829437,7.0,25.39453125,13,20579.370272874832,5.0,42.01171875,37,20581.65201973915
2026-02-13T22:08:42,gaming,17.4,52.8,17509.381107340003,9248.030326990469,42153.21432116062,290461.9924317474,40.0,3331.64453125,149.035,59.0,1980.0,159.7,8558.2734375,146,1300.2484431266785,100.3,19.3125,2,3764.71071434021,6.0,92.5546875,148,20583.156747579575,5.2,25.39453125,13,20580.85914182663,3.2,42.01171875,37,20583.13803958893
2026-02-13T22:08:43,gaming,12.7,52.8,18037.505620762924,9012.009817626038,132572.63196586756,17262.061453889004,42.0,3331.64453125,144.885,60.0,1980.0,160.9,8558.26953125,146,1301.7247822284698,99.9,19.3125,2,3766.195712327957,7.3,45.15234375,37,20584.627989768982,3.2,4.8046875,401,1771009722.169443,3.2,25.39453125,14,20582.340586423874
2026-02-13T22:08:45,gaming,13.2,52.8,18613.817882897696,9641.4820052503,308204.9441065143,145159.02501445203,37.0,3331.64453125,137.917,59.0,1980.0,122.9,8558.4296875,146,1303.2243638038635,99.4,19.3125,2,3767.689309120178,8.3,25.43359375,14,20583.838629484177,6.3,4.8046875,401,1771009723.6587684,4.2,42.01171875,37,20586.120743513107
2026-02-13T22:08:46,gaming,11.5,52.8,18781.12652305916,10497.489385621448,0.0,45064.49104406053,41.0,3331.64453125,145.357,60.0,1980.0,159.0,8556.76953125,146,1304.7274005413055,98.9,19.3125,2,3769.1735756397247,10.5,4.8046875,401,1771009725.1478255,9.5,42.01171875,37,20587.60684299469,3.1,25.39453125,13,20585.337730169296
2026-02-13T22:08:48,gaming,12.9,52.7,17087.311684861554,9405.575178219804,0.0,91199.18023687352,54.0,3332.70703125,149.156,62.0,1980.0,171.6,8552.20703125,146,1306.2298920154572,98.7,18.765625,2,3770.693336248398,5.2,4.8046875,401,1771009726.6678674,4.2,25.4296875,14,20586.841686487198,3.1,108.0390625,37,20555.402862548828
2026-02-13T22:08:49,gaming,14.0,52.7,17787.260911691905,9710.966206755777,789654.7779600908,14052.016448074533,44.0,3362.98046875,149.101,61.0,1980.0,189.9,8570.953125,146,1307.7356536388397,97.5,19.42578125,2,3772.1844005584717,6.3,4.8046875,401,1771009728.1578832,3.1,25.39453125,13,20588.352958202362,3.1,29.921875,10,20574.020290136337
2026-02-13T22:08:51,gaming,14.4,52.8,23745.682866927993,11466.741366722754,645975.096455194,39027.66207750131,43.0,3362.98046875,143.812,59.0,1980.0,158.6,8569.9296875,146,1309.2526545524597,97.4,19.42578125,2,3773.7073397636414,6.2,4.8046875,401,1771009729.6794972,6.2,25.39453125,13,20589.862924814224,5.1,42.01171875,37,20592.139365196228
2026-02-13T22:08:52,gaming,14.3,52.8,20711.747507361943,9791.345628360205,10868.658995599835,158274.8466234226,45.0,3377.98046875,147.611,60.0,1980.0,203.4,8569.48046875,146,1310.7433717250824,97.7,19.42578125,2,3775.210839033127,4.2,7.625,15,20594.783086776733,4.2,25.39453125,13,20591.355075120926,4.1,4.8046875,401,1771009731.1869411
2026-02-13T22:08:54,gaming,15.7,52.8,25330.931446464965,12959.12371237392,175554.57219040612,142638.08990470498,52.0,3377.98046875,153.015,61.0,1980.0,224.2,8571.15625,146,1312.2695863246918,99.1,19.42578125,2,3776.7082090377808,9.4,4.8046875,401,1771009732.6846423,8.2,25.39453125,13,20592.873673439026,5.2,42.01171875,37,20595.149134397507
2026-02-13T22:08:55,gaming,15.9,52.8,22806.116663710032,9823.317567832175,171549.11468268587,57964.8375783294,60.0,3378.82421875,181.826,63.0,1980.0,236.4,8571.109375,146,1313.7704758644104,99.2,19.42578125,2,3778.2370297908783,6.1,4.8046875,401,1771009734.2106712,4.1,25.43359375,14,20594.39049744606,3.1,42.01171875,37,20596.669948101044
2026-02-13T22:08:57,gaming,17.0,52.8,29633.98584262173,9137.959473523892,1358965.278805557,10616.916240668414,53.0,3378.82421875,173.252,62.0,1980.0,261.0,8571.91015625,146,1315.2787690162659,98.6,19.42578125,2,3779.7256603240967,6.2,25.39453125,13,20595.891889333725,5.2,4.8046875,401,1771009735.7016487,2.1,105.6171875,37,20564.435561180115
2026-02-13T22:08:58,gaming,17.3,52.7,30452.337586656526,8900.829346726794,174074.82902628684,11899.646515468827,63.0,3378.82421875,174.021,63.0,1980.0,234.4,8572.44921875,146,1316.7653608322144,98.3,19.44140625,3,3781.2351520061493,9.3,4.8046875,401,1771009737.2093813,5.2,92.59375,149,20599.681253671646,4.2,25.39453125,13,20597.37742638588
2026-02-13T22:09:00,gaming,16.7,52.7,32108.475372081342,10133.714294692367,132207.65096555254,13083.048793466138,58.0,3378.82421875,178.515,65.0,1980.0,240.2,8567.17578125,146,1318.2545804977417,98.5,18.78125,3,3782.726118326187,6.3,25.4296875,14,20598.870377779007,5.2,42.01171875,37,20601.15766310692,4.2,4.8046875,401,1771009738.6996052
2026-02-13T22:09:01,gaming,16.4,52.7,34565.05601891596,9115.386454545978,1104210.177007593,32011.08056786351,59.0,3378.82421875,180.85,65.0,1980.0,274.1,8566.9921875,146,1319.7370820045471,100.1,19.44140625,3,3784.2092895507812,5.3,4.8046875,401,1771009740.1832469,4.2,25.39453125,13,20600.355974912643,3.1,42.01171875,37,20602.64660668373
2026-02-13T22:09:03,gaming,17.9,52.7,40550.38966826003,8905.028686044852,482712.9528276554,13370.60025587966,62.0,3378.82421875,184.467,65.0,1980.0,225.9,8571.51953125,146,1321.2239139080048,98.2,19.44140625,3,3785.70436668396,9.5,42.01171875,37,20604.12945175171,4.2,4.8046875,401,1771009741.6753585,4.2,25.39453125,13,20601.841615200043
2026-02-13T22:09:04,gaming,16.3,52.7,39999.76393666669,8956.69014357931,177874.4379544284,23276.53777919278,62.0,3378.82421875,196.703,65.0,1980.0,273.9,8570.84765625,146,1322.7012732028961,99.8,19.296875,3,3787.1768407821655,8.4,42.01171875,37,20605.609426259995,6.4,4.8046875,401,1771009743.1495495,5.3,25.39453125,13,20603.322972536087
2026-02-13T22:09:06,gaming,17.0,52.7,38683.64336191672,9548.067053979516,44234.562593637886,89851.45526832696,58.0,3378.82421875,181.334,64.0,1980.0,251.8,8571.48828125,146,1324.1966066360474,99.1,19.296875,3,3788.658813714981,6.3,4.8046875,401,1771009744.6320317,6.3,25.43359375,14,20604.812435626984,4.2,42.015625,37,20607.08619785309
2026-02-13T22:09:07,gaming,17.4,52.7,33710.222588305696,9666.37854642263,218040.81517806617,10220.663211471852,53.0,3378.82421875,166.328,64.0,1980.0,226.9,8570.265625,146,1325.704844713211,99.7,19.29296875,3,3790.1637058258057,5.2,4.8046875,401,1771009746.13587,5.2,25.39453125,13,20606.317742347717,3.1,189.21484375,277,20603.288080215454
2026-02-13T22:09:09,gaming,15.0,52.7,37866.177719325475,9947.109274371558,87332.54114879957,28314.84732558736,52.0,3380.32421875,164.834,64.0,1980.0,267.1,8576.32421875,146,1327.214189529419,100.0,19.29296875,3,3791.663994073868,5.2,25.39453125,14,20607.811851978302,4.2,4.8046875,401,1771009747.6355,2.1,11.34375,4,20596.7160320282
2026-02-13T22:09:10,gaming,19.6,52.7,38458.76628143719,9733.684874988649,341377.6289877616,612746.1739057674,47.0,3380.32421875,155.536,63.0,1980.0,322.1,8573.11328125,146,1328.776277065277,99.3,19.29296875,3,3793.205482006073,7.0,25.4296875,14,20609.373495817184,6.1,4.8046875,401,1771009749.1716294,3.0,42.015625,37,20611.639385461807
2026-02-13T22:09:12,gaming,21.2,52.7,37195.03984354126,9027.63364960181,325615.26730660006,7610.925963467277,51.0,3380.32421875,151.595,63.0,1980.0,366.8,8571.72265625,146,1330.3440845012665,99.1,19.29296875,3,3794.750556230545,6.1,4.8046875,401,1771009750.723159,5.0,25.39453125,13,20610.936251163483,4.0,42.015625,37,20613.191219568253
2026-02-13T22:09:13,gaming,22.1,52.7,35025.95941086999,9108.699262827895,412372.0660738582,63617.5260161411,49.0,3380.32421875,149.803,63.0,1980.0,370.7,8572.6328125,146,1331.937019586563,98.4,19.29296875,3,3796.3227684497833,7.0,105.24609375,37,20581.03844976425,5.0,4.8046875,401,1771009752.287787,4.0,25.4296875,14,20612.510988235474
2026-02-13T22:09:15,gaming,21.0,52.7,34123.20197586789,9358.728496184687,134405.1105967016,22189.522975870546,51.0,3380.44921875,152.095,63.0,1980.0,335.0,8574.0078125,146,1333.5416104793549,100.5,19.41796875,3,3797.9393866062164,6.8,4.8046875,401,1771009753.9047813,4.8,25.39453125,13,20614.133959531784,3.9,105.24609375,37,20582.65793132782
2026-02-13T22:09:17,gaming,21.0,52.7,36345.96688310359,9788.584526585862,289581.0104301488,29410.57137181199,49.0,3380.44921875,155.997,63.0,1980.0,373.9,8575.234375,146,1335.1125211715698,99.8,19.41796875,3,3799.520236492157,7.9,4.8046875,401,1771009755.4884987,6.0,25.43359375,14,20615.702437877655,4.0,105.23828125,37,20584.231521606445
2026-02-13T22:09:18,gaming,21.2,52.7,41106.58965877411,9766.294361962648,480043.3362038882,10109.608303206884,47.0,3380.44921875,151.381,63.0,1980.0,346.9,8575.62109375,146,1336.6710636615753,99.6,19.41796875,3,3801.0891320705414,11.9,4.8046875,401,1771009757.0584083,6.0,105.23828125,37,20585.803855657578,4.0,25.39453125,13,20617.268842935562
2026-02-13T22:09:20,gaming,22.0,52.7,40345.312636238334,9104.139493544724,654174.7269140909,57110.49203218254,46.0,3380.44921875,151.853,63.0,1980.0,356.8,8575.66015625,146,1338.247475385666,100.2,19.41796875,3,3802.6648054122925,7.9,4.8046875,401,1771009758.6351311,6.0,25.4296875,14,20618.840766191483,4.0,92.56640625,148,20621.109313249588
2026-02-13T22:09:21,gaming,20.9,52.7,38958.63473272769,9583.891744232704,235094.8797307655,16979.074647221954,53.0,3380.44921875,163.441,63.0,1980.0,349.0,8575.6484375,146,1339.850571155548,100.7,18.765625,3,3804.2478065490723,9.0,4.8046875,401,1771009760.2059097,4.9,42.015625,37,20622.69301509857,4.9,25.43359375,14,20620.442721128464
2026-02-13T22:09:23,gaming,21.7,52.8,42558.461017833135,9313.284954474368,210403.68899100123,10263.594584926888,53.0,3380.94921875,159.548,63.0,1980.0,341.3,8577.38671875,146,1341.4203188419342,99.1,19.41796875,3,3805.8400270938873,6.9,4.8046875,401,1771009761.8053133,6.9,105.23828125,37,20590.55307149887,5.0,25.39453125,13,20622.01787352562
2026-02-13T22:09:24,gaming,20.9,52.7,36440.78069968528,9252.962258062264,208615.01807636183,30966.291745709957,49.0,3380.94921875,157.529,63.0,1980.0,336.6,8578.0,146,1342.9759397506714,100.8,19.41796875,3,3807.4055993556976,8.0,4.8046875,401,1771009763.373392,5.0,105.23828125,37,20592.121031284332,5.0,42.015625,37,20625.843658924103
2026-02-13T22:09:26,gaming,21.3,52.7,39467.147800636994,9685.134268744081,401403.74881147087,203342.68854265302,51.0,3380.94921875,155.143,63.0,1980.0,355.5,8581.40625,146,1344.5315692424774,98.7,19.41796875,3,3808.9567868709564,9.0,25.39453125,13,20625.14112186432,8.1,105.23828125,37,20593.669134378433,4.0,4.8046875,401,1771009764.9214256
2026-02-13T22:09:28,gaming,22.6,52.7,31724.27079932446,9044.507475640114,516324.7751947304,11525.106589168088,52.0,3380.94921875,153.008,63.0,1980.0,366.5,8582.52734375,146,1346.104811668396,98.5,19.421875,3,3810.511969089508,9.0,4.8046875,401,1771009766.478367,6.0,92.55078125,148,20628.955666065216,5.0,25.43359375,14,20626.698318719864
2026-02-13T22:09:29,gaming,22.5,52.8,38684.641127954535,8778.360411983183,917446.176276025,18348.9235255205,49.0,3380.94921875,153.143,64.0,1980.0,354.5,8583.0390625,146,1347.771089553833,98.6,19.421875,3,3812.1126453876495,10.8,4.8046875,401,1771009768.0713499,6.8,105.23828125,37,20596.832214832306,6.8,219.08984375,80,20628.314764022827
2026-02-13T22:09:31,gaming,24.3,52.8,37549.64357009228,9822.304886740583,71018025.41262372,101755.4350400913,53.0,3380.94921875,160.268,63.0,1980.0,356.4,8584.01171875,146,1349.4673058986664,99.0,18.765625,3,3813.8020765781403,87.2,185.4296875,81,20630.033781528473,8.3,105.2421875,37,20598.528811216354,7.4,4.8046875,401,1771009769.758991
2026-02-13T22:09:33,gaming,24.5,52.7,41703.33956177344,11300.317825566668,4825002.276031112,25501.476624463976,50.0,3380.94921875,160.493,63.0,1980.0,367.2,8584.8203125,146,1351.1182878017426,98.1,19.30078125,3,3815.4589326381683,16.2,210.76953125,82,20631.67122578621,8.5,105.2421875,37,20600.17432785034,5.7,42.015625,37,20633.898709774017
2026-02-13T22:09:34,gaming,24.6,52.8,40995.62246718754,10227.131800259935,268778.37750379817,48868.79590978148,48.0,3380.94921875,153.503,62.0,1980.0,356.9,8583.8125,146,1352.7773206233978,99.0,19.30078125,3,3817.1476600170135,81.2,205.45703125,82,20633.366077899933,12.0,105.25390625,37,20601.870188951492,9.3,4.8046875,401,1771009773.1029677
2026-02-13T22:09:36,gaming,26.4,52.8,43320.79802843083,11499.317621933778,431356.6487866361,72607.61772900054,49.0,3380.94921875,153.755,63.0,1980.0,479.2,8585.52734375,146,1354.5421707630157,100.0,19.30078125,3,3818.820533514023,9.3,105.25390625,37,20603.551596403122,6.5,4.8046875,401,1771009774.7716842,5.6,42.015625,37,20637.280007123947
2026-02-13T22:09:38,gaming,28.0,52.8,45020.25922134378,12837.268005978345,679387.7221625462,24545.984978464086,45.0,3380.94921875,145.174,62.0,1980.0,475.4,8585.04296875,146,1356.4182634353638,99.5,19.30078125,3,3820.643013715744,79.3,206.91015625,82,20636.967413187027,12.0,105.1328125,37,20605.379942655563,6.0,92.56640625,148,20639.075309038162
2026-02-13T22:09:40,gaming,28.6,52.8,35554.65653549188,10637.22452895211,144018.4168431785,24471.87942452447,46.0,3380.94921875,143.531,62.0,1980.0,460.6,8585.03125,146,1358.1282262802124,99.7,19.30078125,3,3822.4445111751556,11.4,105.13671875,37,20607.168131828308,9.5,92.55859375,148,20640.885846614838,9.1,204.9453125,82,20638.679450035095
2026-02-13T22:09:41,gaming,26.8,52.8,41056.17118561589,9686.860780993218,35829.31349011037,88080.39566318798,50.0,3380.94921875,152.109,63.0,1980.0,477.1,8589.01171875,146,1359.8405933380127,100.4,18.64453125,3,3824.1560504436493,11.0,105.13671875,37,20608.87624168396,8.2,204.6953125,80,20640.400161743164,4.6,4.8046875,401,1771009780.1222022
2026-02-13T22:09:43,gaming,26.1,52.8,40710.746705817015,9939.605137884324,78406.59151617561,65236.734347442994,49.0,3380.94921875,157.482,63.0,1980.0,357.0,8595.5390625,146,1361.4117982387543,98.4,19.296875,3,3825.822935819626,10.3,105.140625,37,20610.540302038193,8.4,92.5703125,148,20644.266395807266,4.9,25.43359375,14,20642.001540899277
2026-02-13T22:09:44,gaming,22.2,52.8,37675.66462677574,9469.058528614085,83990.55555677778,12139.259982815538,57.0,3380.94921875,160.545,64.0,1980.0,367.3,8599.9296875,146,1362.9857125282288,99.7,18.64453125,3,3827.3902702331543,14.0,92.546875,148,20645.830006361008,12.0,105.14453125,37,20612.102849006653,7.0,25.39453125,13,20643.575550556183
2026-02-13T22:09:46,gaming,23.4,52.8,41281.47235989222,9470.711587587986,165446.502626727,64950.677789008056,46.0,3380.94921875,144.439,62.0,1980.0,356.3,8607.29296875,146,1364.5684218406677,99.7,19.296875,3,3828.9721677303314,14.8,204.65625,80,20645.15375852585,13.8,105.0546875,37,20613.685646772385,11.8,92.546875,148,20647.413912534714
2026-02-13T22:09:48,gaming,22.6,52.8,39403.78237181109,9101.897866158673,123781.27797397277,20952.56007371935,50.0,3380.94921875,153.158,63.0,1980.0,362.7,8604.95703125,146,1366.1669766902924,99.3,18.64453125,3,3830.5613045692444,11.8,105.00390625,37,20615.277005672455,7.8,204.58203125,80,20646.747727394104,6.9,92.55859375,148,20649.0033390522
2026-02-13T22:09:49,gaming,21.7,52.8,30446.91913340008,8834.274560392136,771964.3230438393,17893.212785784355,47.0,3380.94921875,162.134,63.0,1980.0,354.5,8610.78515625,146,1367.7623734474182,99.6,19.296875,3,3832.1614813804626,10.7,105.01171875,37,20616.880773067474,8.8,204.66015625,80,20648.343675136566,6.8,92.5625,148,20650.605677843094
2026-02-13T22:09:51,gaming,22.9,52.8,33818.679468971466,9590.493096223583,491673.4463265518,11203.496498326374,48.0,3380.94921875,154.835,63.0,1980.0,366.0,8614.1875,146,1369.3636364936829,99.7,19.296875,3,3833.7602636814117,11.7,92.55078125,148,20652.203662633896,9.8,105.01171875,37,20618.47573709488,7.8,210.9609375,80,20649.94954919815
2026-02-13T22:09:52,gaming,23.3,52.8,28827.58089775679,9032.595667698684,204506.25780412895,14884.949143971411,44.0,3382.26171875,150.79,62.0,1980.0,375.2,8622.88671875,146,1370.954607963562,99.7,19.296875,3,3835.3433990478516,14.8,105.01171875,37,20620.059813022614,9.9,4.8046875,401,1771009791.3124435,9.9,92.5703125,148,20653.787341833115
2026-02-13T22:09:54,gaming,23.4,52.8,31167.741355360962,9133.931260056479,370701.9797379449,12549.806605711676,43.0,3382.26171875,148.012,62.0,1980.0,350.7,8631.53515625,146,1372.5225574970245,99.9,19.42578125,3,3836.93820643425,16.7,92.56640625,148,20655.378227233887,10.8,105.015625,37,20621.649054050446,9.9,207.6796875,80,20653.11239504814
2026-02-13T22:09:56,gaming,22.7,52.9,35249.19921685631,9163.956177278327,38894.27103702546,138722.90003205746,46.0,3382.26171875,148.19,62.0,1980.0,345.3,8639.4296875,146,1374.0971355438232,98.2,19.42578125,3,3838.513734817505,24.8,92.55078125,148,20656.955945014954,19.8,105.015625,37,20623.229144334793,11.0,328.3046875,95,20624.41279244423
2026-02-13T22:09:57,gaming,23.7,52.9,34893.76235950631,9391.810082130358,42036.720771922905,23974.06731523728,46.0,3382.26171875,154.296,62.0,1980.0,355.0,8650.6484375,146,1375.6469571590424,100.6,18.7734375,3,3840.067471265793,30.2,92.54296875,148,20658.509531021118,17.1,328.3046875,95,20625.964183568954,16.1,105.015625,37,20624.777758598328
2026-02-13T22:09:59,gaming,24.5,52.9,29993.91584247892,8777.710146900397,41855.06491467291,35969.19641104703,55.0,3382.26171875,156.459,64.0,1980.0,330.7,8657.57421875,146,1377.2249524593353,99.4,19.42578125,3,3841.6384196281433,24.8,92.5703125,148,20660.08328485489,23.8,328.3046875,95,20627.54005432129,18.9,105.0546875,37,20626.350156068802
2026-02-13T22:10:00,gaming,24.2,52.9,30473.114211478507,11811.269764918083,83488.47277287078,46962.265934739815,50.0,3382.26171875,160.634,63.0,1980.0,373.4,8665.12109375,146,1378.8191483020782,97.4,19.42578125,3,3843.21035528183,31.8,92.55859375,148,20661.65433907509,16.6,328.3046875,95,20629.136657953262,15.9,105.06640625,37,20627.925254821777
2026-02-13T22:10:02,gaming,24.2,53.0,27709.415380850012,9678.390273305838,0.0,6089.211006255284,56.0,3382.26171875,161.344,63.0,1980.0,352.8,8672.390625,146,1380.4227509498596,99.5,19.42578125,3,3844.812999010086,34.2,92.5625,148,20663.252563238144,20.4,105.10546875,37,20629.533205747604,18.5,328.3046875,95,20630.739070415497
2026-02-13T22:10:03,gaming,24.5,53.0,30662.992550414732,8892.879377181822,0.0,9265.418075390899,52.0,3382.26171875,160.814,63.0,1980.0,352.8,8679.64453125,146,1382.0350925922394,99.7,19.3046875,3,3846.4113664627075,26.4,92.5546875,148,20664.852477788925,16.7,105.10546875,37,20631.12803053856,15.4,328.296875,95,20632.357167243958
2026-02-13T22:10:05,gaming,26.0,53.0,33657.488651723776,10498.557931533516,0.0,28617.187192254623,47.0,3382.26171875,155.887,63.0,1980.0,346.3,8688.0390625,146,1383.6275317668915,99.9,19.3046875,3,3848.0229749679565,28.1,92.54296875,148,20666.463987588882,26.2,105.10546875,37,20632.737380504608,14.8,328.28515625,95,20633.944380044937
2026-02-13T22:10:07,gaming,23.0,53.0,33089.43571286029,9284.789405948757,41058.56670096207,42983.18701506966,60.0,3382.26171875,165.894,65.0,1980.0,377.8,8696.71484375,146,1385.2153625488281,98.0,19.3046875,3,3849.6159331798553,29.4,92.56640625,148,20668.060408353806,16.7,105.1015625,37,20634.328169345856,9.8,207.39453125,79,20665.79577755928
2026-02-13T22:10:08,gaming,24.4,53.1,29924.020205297955,8792.628228371199,41256.796991088624,32231.87264928799,51.0,3382.26171875,161.529,63.0,1980.0,335.4,8704.4140625,146,1386.7945492267609,99.5,19.3046875,3,3851.2016706466675,25.6,92.53515625,148,20669.645921707153,23.6,105.1015625,37,20635.918189048767,13.8,328.015625,95,20637.113017082214
2026-02-13T22:10:10,gaming,23.1,53.1,33153.30238767064,9667.178540258092,10381.95157338677,81757.86864042081,54.0,3382.26171875,162.117,64.0,1980.0,347.4,8715.40625,146,1388.454405784607,98.8,19.3046875,3,3852.7825882434845,37.5,282.81640625,36,20563.444623470306,22.7,92.55859375,148,20671.22696685791,19.9,105.1015625,37,20637.492082118988
2026-02-13T22:10:11,gaming,25.3,53.1,29536.81489247773,10009.58825713804,39365.6010573571,16607.362946072524,49.0,3382.26171875,160.079,64.0,1980.0,374.8,8721.9140625,146,1390.0469949245453,99.3,19.3046875,3,3854.4509484767914,24.4,92.546875,148,20672.889055728912,22.4,105.09765625,37,20639.16406559944,9.5,25.39453125,13,20670.63317322731
2026-02-13T22:10:13,gaming,25.9,53.1,32801.03309438698,8966.07232090971,82360.43389489646,5790.968008234908,51.0,3382.26171875,157.979,64.0,1980.0,374.5,8728.24609375,146,1391.6575720310211,98.4,19.3046875,3,3856.0394234657288,26.5,105.09765625,37,20640.755869865417,24.5,92.53125,148,20674.48481798172,7.8,41.984375,36,20674.48108649254
2026-02-13T22:10:15,gaming,24.5,53.1,40313.36397503074,8770.469402041062,40526.08635212318,16780.332630176006,52.0,3382.26171875,159.9,64.0,1980.0,348.6,8736.32421875,146,1393.2532427310944,100.4,18.65234375,3,3857.6583330631256,24.2,105.1015625,37,20642.36743068695,20.4,92.5546875,148,20676.096951007843,8.7,41.984375,36,20676.09133720398
2026-02-13T22:10:16,gaming,23.5,53.1,35105.91020432783,9551.109809846943,0.0,58289.53579733092,52.0,3382.26171875,165.35,65.0,1980.0,357.1,8745.7890625,146,1394.8287057876587,99.9,19.3046875,3,3859.23823595047,23.7,105.09765625,37,20643.951190948486,20.7,92.5546875,148,20677.680045604706,11.9,328.0234375,95,20645.147799491882
2026-02-13T22:10:18,gaming,24.8,53.2,33799.339705508835,8834.571352130273,82770.90323562681,61108.2059044276,56.0,3382.26171875,172.269,65.0,1980.0,362.6,8752.65625,146,1396.414249420166,98.8,19.3046875,3,3860.8203916549683,31.6,105.10546875,37,20645.536121606827,23.7,92.5625,148,20679.265268564224,10.8,207.43359375,80,20677.007714509964
2026-02-13T22:10:19,gaming,23.8,53.2,33320.53434590853,9149.10517573525,41405.687231336604,25231.590656595745,50.0,3382.26171875,158.494,64.0,1980.0,357.2,8762.05859375,146,1398.0239946842194,99.4,19.42578125,3,3862.4081490039825,27.4,105.10546875,37,20647.130615234375,23.7,92.5625,148,20680.84693789482,11.6,328.0234375,95,20648.344291210175
2026-02-13T22:10:21,gaming,25.7,53.2,37455.74436058398,10675.213060820455,284791.54117687285,52127.02316183833,50.0,3382.26171875,161.668,64.0,1980.0,349.0,8772.05078125,146,1399.6540336608887,99.9,19.42578125,3,3864.0192942619324,34.6,328.0234375,95,20649.972181081772,25.4,105.10546875,37,20648.732463121414,24.2,92.5546875,148,20682.458856105804
2026-02-13T22:10:23,gaming,25.3,53.2,32234.6238546675,9380.853868420603,80812.83458702762,11995.655134011913,51.0,3382.38671875,160.907,65.0,1980.0,314.8,8777.5390625,146,1401.221967458725,98.8,19.42578125,3,3865.6326060295105,39.7,328.3359375,95,20651.54642343521,26.1,92.5625,148,20684.077880382538,11.6,105.01953125,37,20650.34394621849
2026-02-13T22:10:24,gaming,25.2,53.3,31898.32333665118,9120.815767416185,0.0,18357.371541811994,57.0,3382.38671875,165.191,65.0,1980.0,334.8,8784.94140625,146,1402.8088765144348,99.4,19.42578125,3,3867.2212493419647,34.7,328.33984375,95,20653.123354434967,23.6,92.55859375,148,20685.6651968956,7.9,4.8046875,401,1771009823.1926215
2026-02-13T22:10:26,gaming,24.9,53.3,38464.398887069474,10008.224836513578,41549.412320141506,51612.160616425776,58.0,3382.38671875,176.839,66.0,1980.0,301.7,8792.1640625,146,1404.3835287094116,98.8,19.42578125,3,3868.802777528763,29.7,92.5625,148,20687.245520830154,9.9,328.34765625,95,20654.70117998123,8.9,207.52734375,80,20684.973492860794
2026-02-13T22:10:27,gaming,20.9,53.4,35191.43854409319,9927.940713135964,83909.9203734948,11144.286299604777,62.0,3382.38671875,178.541,67.0,1980.0,299.5,8799.96875,146,1405.9377872943878,99.3,19.42578125,3,3870.359788417816,15.1,207.390625,80,20686.529868602753,7.0,92.55859375,148,20688.803737163544,6.0,25.42578125,14,20686.53501868248
2026-02-13T22:10:29,gaming,21.6,53.4,35355.20138850187,9812.505262306939,0.0,9206.287659714155,56.0,3382.38671875,170.347,66.0,1980.0,312.3,8807.10546875,146,1407.5091145038605,99.1,19.42578125,3,3871.9213230609894,6.0,207.64453125,80,20688.099303245544,5.0,25.39453125,13,20688.10412621498,3.0,4.8046875,401,1771009827.8902843
2026-02-13T22:10:31,gaming,20.6,53.4,30405.165454173428,10620.700682468814,207388.7849133771,186649.90642203938,47.0,3382.38671875,156.752,64.0,1980.0,331.9,8814.984375,146,1409.0906097888947,98.9,19.42578125,3,3873.500874042511,5.9,207.53125,80,20689.67487359047,4.0,92.54296875,148,20691.943523406982,4.0,41.984375,36,20691.94041466713
2026-02-13T22:10:32,gaming,22.5,53.4,27763.264525936687,9115.101261718482,41628.38162285592,53336.363954284156,47.0,3382.38671875,160.062,64.0,1980.0,331.2,8817.0703125,145,1410.6619679927826,97.8,19.3046875,3,3875.083076953888,7.9,25.39453125,13,20691.26194024086,6.0,4.8046875,401,1771009831.0483036,5.0,41.984375,36,20693.518691062927
2026-02-13T22:10:34,gaming,20.4,53.4,28014.52223290844,9179.593277822176,2456726.0877532233,59178.52300816255,47.0,3382.38671875,152.711,63.0,1980.0,281.3,9321.328125,145,1412.2337033748627,99.6,19.3046875,3,3876.636166572571,32.5,232.1875,80,20692.797852277756,6.0,41.984375,36,20695.071578741074,5.1,25.39453125,13,20692.802171230316
2026-02-13T22:10:35,gaming,20.9,55.0,28620.523487674494,9726.141146770413,41858752.3216052,136926.05076090098,41.0,3382.38671875,151.351,63.0,1980.0,270.0,9801.14453125,145,1413.7909336090088,99.9,19.3046875,3,3878.1999456882477,51.9,225.61328125,80,20694.362803936005,16.0,4.8046875,401,1771009834.1725636,6.0,41.984375,36,20696.633447408676
2026-02-13T22:10:37,gaming,20.6,56.5,31217.65535655999,9118.957490027231,52194720.19177277,43224.639731642135,48.0,3382.38671875,146.152,63.0,1980.0,238.7,10581.41796875,145,1415.401005744934,98.1,19.3046875,3,3879.793225288391,96.7,227.34765625,80,20695.97889137268,9.8,4.8046875,401,1771009835.759161,7.7,25.39453125,13,20695.984166145325
2026-02-13T22:10:38,gaming,21.1,60.5,31086.839734217556,8850.07373264923,84023.79478083382,89434.41792959963,52.0,3382.38671875,159.327,64.0,1980.0,308.6,11119.30859375,145,1416.9807887077332,99.2,19.3046875,3,3881.40051817894,67.5,224.80859375,80,20697.576444387436,16.5,4.8046875,401,1771009837.3692498,4.9,25.39453125,13,20697.581986904144
2026-02-13T22:10:40,gaming,21.7,60.5,29470.64628524033,9112.368653672029,2377189.0924869124,43275.26688846676,49.0,3382.38671875,162.056,64.0,1980.0,346.2,11277.39453125,145,1418.5517909526825,99.3,18.65234375,3,3882.958663702011,6.0,92.5546875,148,20701.40458726883,6.0,41.984375,36,20701.40650677681,6.0,25.4296875,14,20699.145798444748
2026-02-13T22:10:42,gaming,21.3,61.0,26368.60879133059,8938.338759029057,4943235.024930709,67492.22677664117,52.0,3382.38671875,163.285,65.0,1980.0,369.4,11312.2578125,145,1420.1507935523987,100.3,18.65234375,3,3884.5313971042633,8.0,41.984375,36,20702.96417951584,6.0,25.39453125,13,20700.711375951767,5.0,92.5546875,148,20702.974613904953
2026-02-13T22:10:43,gaming,23.1,61.1,25141.335137555903,9195.882750072231,481807.89226547664,47992.58301863146,44.0,3382.38671875,156.822,64.0,1980.0,445.5,11314.7890625,145,1421.8483002185822,98.9,19.3046875,3,3886.1741831302643,5.6,41.984375,36,20704.630301713943,4.8,92.54296875,148,20704.614795446396,4.6,25.4296875,14,20702.409600019455
2026-02-13T22:10:45,gaming,25.5,61.1,30399.03180824743,9060.95550702487,231493.25454163417,20798.222087724946,47.0,3382.38671875,151.926,64.0,1980.0,447.6,11315.3671875,145,1423.8488602638245,99.5,19.2890625,2,3887.934199810028,89.2,305.9453125,11,5468.936044216156,6.3,25.4296875,14,20704.40040063858,5.4,92.5703125,148,20706.352996826172
2026-02-13T22:10:47,gaming,30.0,61.5,36873.35016856081,9478.392838176449,4077911.683719994,134852.91299891484,49.0,3382.38671875,157.117,63.0,1980.0,461.6,11127.17578125,145,1425.5781164169312,99.1,19.2890625,2,3889.903694152832,10.8,4.8046875,401,1771009845.8604915,6.3,92.5546875,148,20708.34143590927,6.3,25.43359375,14,20706.138206243515
2026-02-13T22:10:49,gaming,25.6,61.4,32539.44664692306,9395.805386045726,3443914.972869466,87047.62069877656,58.0,3382.38671875,168.016,65.0,1980.0,420.6,11315.6015625,145,1427.2458381652832,98.8,19.28515625,2,3891.6120302677155,4.6,25.39453125,13,20707.841866493225,2.9,135.41015625,23,20601.28132915497,2.9,29.59765625,4,1410.0680208206177
2026-02-13T22:10:50,gaming,23.2,61.5,28827.24023888821,9642.760840771109,121132.44670515151,124286.93750476482,55.0,3382.38671875,178.832,65.0,1980.0,334.3,11316.52734375,145,1428.801994562149,99.0,19.28515625,2,3893.223482131958,5.1,25.42578125,14,20709.38797903061,4.0,190.171875,277,20706.384825468063,4.0,124.23828125,164,20689.56989121437
2026-02-13T22:10:52,gaming,21.1,61.5,37564.44215099472,10110.905342174909,210826.6918564349,46777.17225564649,60.0,3382.38671875,174.037,66.0,1980.0,356.0,11317.96484375,145,1430.3688867092133,97.3,19.28515625,2,3894.777806043625,6.0,41.93359375,34,20713.21490430832,4.0,25.39453125,13,20710.968879938126,3.0,32.60546875,10,20696.65132498741
2026-02-13T22:10:53,gaming,21.1,61.5,36133.635199227916,9733.829304657163,0.0,38681.36915432766,50.0,3382.38671875,173.439,66.0,1980.0,356.2,11319.77734375,145,1431.9264430999756,100.1,18.63671875,2,3896.3536875247955,5.0,4.8046875,402,1771009852.323046,5.0,41.93359375,34,20714.78524518013,5.0,25.43359375,14,20712.520921468735
2026-02-13T22:10:55,gaming,22.0,61.4,30575.025222184555,9683.623675892428,84865.73431710165,64643.821061854775,43.0,3382.38671875,147.224,63.0,1980.0,364.4,11129.203125,145,1433.8135557174683,99.9,390.94921875,12,5478.835785627365,99.0,19.2890625,2,3897.9008553028107,10.1,4.8046875,402,1771009853.8685918,5.4,25.4296875,14,20714.26524424553
2026-02-13T22:10:57,gaming,27.1,61.3,31641.49213423271,10050.011368654652,4676136.846354381,44365.62472821994,56.0,3398.05078125,163.943,65.0,1980.0,336.2,11125.078125,145,1435.4247388839722,98.7,19.2890625,2,3899.8010301589966,36.2,475.7734375,11,5480.520359992981,21.3,4.8046875,403,1771009855.7723823,8.1,25.42578125,14,20715.994739294052
2026-02-13T22:10:59,gaming,20.9,61.2,36131.12457515991,9367.694431594105,16790385.346092973,331888.26455944317,55.0,3466.80078125,166.988,65.0,1980.0,365.0,10955.50390625,145,1437.098773241043,100.1,19.30078125,3,3901.440420150757,10.6,4.8046875,403,1771009857.392984,2.9,92.53515625,148,20719.876015901566,2.8,25.43359375,14,20717.662192106247
2026-02-13T22:11:00,gaming,22.7,60.7,36591.77542523431,10204.269965286761,10074466.491019286,74076.95949278887,50.0,3462.71875,162.907,65.0,1980.0,287.5,10906.0234375,145,1438.598722934723,100.2,19.30078125,3,3903.0768365859985,25.4,4.8046875,403,1771009859.0502334,7.1,25.39453125,13,20719.205235242844,5.7,92.55078125,148,20721.522743701935
2026-02-13T22:11:01,gaming,17.4,60.7,40354.54389478469,20269.1517164805,44438.61658274007,87141.34970521685,56.0,3462.71875,177.759,66.0,1980.0,234.7,10903.39453125,145,1440.0764710903168,99.6,19.30078125,3,3904.551901578903,6.4,4.8046875,403,1771009860.525336,6.3,25.39453125,13,20720.691703796387,5.3,92.56640625,148,20722.998060941696
2026-02-13T22:11:03,gaming,17.1,60.7,34288.07175526952,9205.749534452612,11128.680024531217,94246.00895774875,49.0,3459.21875,159.042,65.0,1980.0,232.3,10899.92578125,145,1441.5497090816498,99.2,19.30078125,3,3906.017332315445,6.4,41.9375,34,20724.450429201126,6.4,25.39453125,13,20722.163103818893,4.2,4.8046875,403,1771009861.9959717
2026-02-13T22:11:04,gaming,17.2,60.5,29469.795753852603,8994.898855566476,0.0,68619.94299659431,57.0,3458.59375,174.888,66.0,1980.0,260.5,10889.44921875,145,1443.0668199062347,99.4,19.30078125,3,3907.526584148407,6.2,92.55859375,148,20725.970271587372,5.2,4.8046875,403,1771009863.5000272,5.2,25.4296875,14,20723.67182946205
2026-02-13T22:11:06,gaming,16.8,60.5,31807.919898353564,9519.274800534062,0.0,55740.199891997494,51.0,3388.7890625,165.38,65.0,1980.0,252.6,10884.81640625,145,1444.6137654781342,99.9,19.296875,3,3909.030380487442,5.0,25.39453125,13,20725.226193666458,4.2,105.0078125,37,20693.73770594597,3.1,4.8046875,403,1771009865.0024788
2026-02-13T22:11:07,gaming,18.8,60.4,24996.04201194998,9279.638060123007,42948.47174493088,85225.87361884722,52.0,3388.7890625,171.375,65.0,1980.0,259.1,10884.12890625,145,1446.0666716098785,100.4,19.296875,3,3910.5524616241455,16.4,4.8046875,403,1771009866.5292048,5.4,25.4296875,14,20726.68178319931,5.1,105.04296875,37,20695.258652448654
2026-02-13T22:11:09,gaming,18.1,60.2,27287.595224603803,9263.043390197465,0.0,39828.0159557308,44.0,3388.7890625,153.245,64.0,1980.0,281.6,10813.265625,145,1447.5393447875977,98.1,19.30078125,3,3912.017886161804,7.4,25.4296875,14,20728.15276503563,4.3,4.8046875,403,1771009867.9947662,4.3,105.0859375,37,20696.722734212875
2026-02-13T22:11:10,gaming,17.8,60.2,26811.03624207204,8908.934614881928,22259.090313416014,59473.506931158416,46.0,3388.7890625,155.783,64.0,1980.0,266.5,10815.640625,145,1449.0325028896332,98.8,19.30078125,3,3913.4893867969513,7.4,4.8046875,403,1771009869.4665077,6.4,41.9375,34,20731.917325019836,4.2,190.33203125,277,20726.607785463333
2026-02-13T22:11:12,gaming,17.5,60.2,29144.53474243135,11288.831007214729,22047.467781881765,125394.97300945254,51.0,3388.7890625,162.773,64.0,1980.0,247.8,10815.4453125,145,1450.5077414512634,99.9,19.30078125,3,3914.974817276001,4.2,41.9375,34,20733.40806055069,4.2,25.39453125,13,20731.12360239029,3.2,4.8046875,404,1771009870.952194
2026-02-13T22:11:13,gaming,16.4,60.2,29461.978722890955,8802.70550796822,0.0,12779.40479293049,51.0,3388.7890625,163.823,65.0,1980.0,255.5,10806.45703125,147,1451.9696536064148,99.1,19.30078125,3,3916.4572360515594,10.5,4.8046875,404,1771009872.4348133,7.5,25.39453125,13,20732.588908672333,5.3,92.5390625,148,20734.90489244461
2026-02-13T22:11:15,gaming,16.6,60.2,29947.071488061938,8859.405004710183,180229.69622495314,10912.34488862021,53.0,3388.7890625,168.075,65.0,1980.0,252.3,10806.3125,147,1453.44362783432,99.5,18.6484375,3,3917.9178256988525,7.5,105.1015625,37,20702.619738578796,7.5,25.39453125,13,20734.05464029312,5.4,4.8046875,404,1771009873.8898478
2026-02-13T22:11:16,gaming,18.0,60.2,24630.858583888956,10696.674876883162,0.0,14595.25993353398,45.0,3388.7890625,155.708,64.0,1980.0,260.1,10807.14453125,146,1454.9093017578125,100.1,18.6484375,3,3919.385184288025,6.4,25.43359375,14,20735.520235061646,4.3,190.375,277,20732.48277783394,4.2,4.8046875,404,1771009875.3632884
2026-02-13T22:11:18,gaming,17.2,60.2,26600.28596440737,9697.864723558347,0.0,10120.459334790155,48.0,3388.7890625,153.097,63.0,1980.0,252.2,10806.609375,146,1456.3651802539825,100.1,19.30078125,3,3920.8523478507996,7.5,105.12109375,37,20705.558345079422,5.3,25.43359375,14,20736.9835293293,4.3,4.8046875,404,1771009876.8297422
2026-02-13T22:11:19,gaming,18.3,60.2,27925.943350713605,8819.834390118396,89608.0407085961,25202.261449292655,44.0,3388.7890625,153.666,64.0,1980.0,260.9,10806.46875,146,1457.8330521583557,100.1,19.30078125,3,3922.3201217651367,8.5,4.8046875,404,1771009878.2926462,6.4,105.125,37,20707.023366212845,6.4,25.43359375,14,20738.45086812973
2026-02-13T22:11:21,gaming,18.1,60.2,30890.5809870239,9868.157031066765,179332.9744715401,11908.83033600071,44.0,3388.7890625,153.971,64.0,1980.0,273.0,10804.6484375,146,1459.3381459712982,98.8,19.30078125,3,3923.7907071113586,9.5,105.125,37,20708.496346235275,6.4,4.8046875,404,1771009879.7552962,6.3,25.39453125,13,20739.940418481827
2026-02-13T22:11:22,gaming,17.8,60.2,33932.820312146425,9412.0182905614,87301.11537615625,21825.27884403906,50.0,3388.7890625,153.74,64.0,1980.0,265.0,10805.23828125,146,1460.8240604400635,99.4,19.30078125,3,3925.283439397812,8.4,121.2421875,32,20734.372943878174,6.3,105.125,37,20709.98788523674,6.3,41.9375,34,20743.7087392807
2026-02-13T22:11:24,gaming,18.8,60.2,28390.43730285656,10095.523767716262,21947.198488723312,65841.59546616994,46.0,3388.7890625,153.257,64.0,1980.0,245.7,10803.58203125,146,1462.2932078838348,98.8,19.30078125,3,3926.770163297653,14.7,4.8046875,404,1771009882.748373,9.4,105.1171875,37,20711.478038072586,5.3,190.43359375,277,20739.875048160553
2026-02-13T22:11:25,gaming,17.1,60.2,27175.09715598561,9452.295639396534,44181.2743045069,148076.3021611989,44.0,3390.1640625,146.416,63.0,1980.0,243.8,10805.93359375,146,1463.7864954471588,97.5,19.42578125,3,3928.260612010956,7.4,4.8046875,404,1771009884.2360754,6.3,105.1171875,37,20712.96947836876,5.2,236.1796875,81,20744.391440868378
2026-02-13T22:11:27,gaming,17.7,60.2,30182.979563886784,9367.855870211208,177616.60706210378,122805.23222653268,45.0,3390.1640625,153.608,63.0,1980.0,248.7,10807.6484375,146,1465.2628693580627,98.7,18.77734375,3,3929.733165740967,10.7,105.1171875,37,20714.435326337814,7.4,4.8046875,404,1771009885.7081757,4.2,25.43359375,14,20745.86990070343
2026-02-13T22:11:28,gaming,17.0,60.2,27156.45877141334,9235.656135224854,176206.102031469,33382.79667393065,49.0,3390.0390625,159.549,64.0,1980.0,233.8,10808.0546875,146,1466.7532315254211,97.6,19.42578125,3,3931.2214074134827,13.6,105.1171875,37,20715.931193828583,7.3,25.39453125,13,20747.363485097885,5.3,4.8046875,404,1771009887.1970038
2026-02-13T22:11:30,gaming,16.5,60.2,33206.422213268124,12602.64072002134,0.0,16939.461579635434,51.0,3390.0390625,167.436,65.0,1980.0,257.3,10811.03515625,146,1468.2228043079376,99.0,19.30078125,3,3932.704892873764,10.6,105.1171875,37,20717.406503915787,7.4,4.8046875,404,1771009888.6776686,5.3,25.39453125,13,20748.835906982422
2026-02-13T22:11:31,gaming,18.5,60.2,30332.40213639211,9416.489060624359,157891.87977320384,24930.296806295344,47.0,3390.0390625,163.92,64.0,1980.0,260.8,10810.3984375,146,1469.7268171310425,99.3,19.30078125,3,3934.1834437847137,15.6,113.3671875,32,20743.27841949463,12.6,105.1171875,37,20718.889632940292,6.3,41.9375,34,20752.620984315872
2026-02-13T22:11:33,gaming,17.4,60.2,30951.044349085627,9109.982296246344,43873.58904811878,9940.110018714411,47.0,3390.0390625,150.753,63.0,1980.0,251.3,10809.3046875,146,1471.206617116928,100.5,19.30078125,3,3935.6753470897675,8.4,105.12109375,37,20720.381147146225,7.4,25.4296875,14,20751.817009210587,4.2,92.5625,148,20754.120775461197
2026-02-13T22:11:34,gaming,18.8,60.2,39037.71676806417,9216.966671577542,354069.8287154196,21092.05034339902,49.0,3390.0390625,163.177,64.0,1980.0,247.2,10809.19140625,146,1472.6792907714844,99.2,19.30078125,3,3937.1559948921204,12.7,105.12109375,37,20721.861665964127,11.6,4.8046875,404,1771009893.1309016,6.4,25.4296875,14,20753.287769556046
2026-02-13T22:11:36,gaming,17.8,60.2,40407.09444329941,9351.886932955715,88869.02951325828,31243.018188254864,50.0,3390.0390625,156.254,64.0,1980.0,301.8,10809.078125,146,1474.1606860160828,99.6,19.30078125,3,3938.6311860084534,11.7,92.5390625,148,20757.075815200806,9.5,105.12890625,37,20723.336599826813,6.4,4.8046875,404,1771009894.6059551
2026-02-13T22:11:37,gaming,18.5,60.2,30345.823411934616,9665.340488142634,0.0,10056.126099638557,50.0,3390.0390625,162.002,64.0,1980.0,254.0,10809.24609375,145,1475.6364028453827,98.5,18.6484375,3,3940.106674194336,16.9,105.12890625,37,20724.811953306198,9.5,92.55859375,148,20758.552267313004,4.2,4.8046875,404,1771009896.0812368
2026-02-13T22:11:39,gaming,17.4,60.2,34579.19277395305,10672.689792543018,175938.97578772463,13401.601671330587,54.0,3390.0390625,164.76,64.0,1980.0,244.5,10809.09765625,145,1477.1253733634949,99.7,19.30078125,3,3941.5946547985077,11.5,92.54296875,148,20760.0400929451,11.5,105.1328125,37,20726.304921150208,8.4,25.39453125,13,20757.737325906754
2026-02-13T22:11:40,gaming,18.0,60.2,31933.504849458397,10652.391274828333,88638.28270532626,156848.21119340934,46.0,3390.1640625,162.006,64.0,1980.0,261.2,10810.3671875,145,1478.6090905666351,100.1,19.30078125,3,3943.078346967697,15.8,105.12109375,37,20727.784437417984,9.5,92.55078125,148,20761.521946430206,6.3,4.8046875,404,1771009899.0503972
2026-02-13T22:11:41,gaming,18.6,60.2,33829.72687679834,10371.934187242256,44155.84506269381,15178.571740300997,47.0,3390.1640625,156.743,64.0,1980.0,264.3,10811.671875,145,1480.0870311260223,99.2,19.30078125,3,3944.5594725608826,21.1,92.55859375,148,20763.00444507599,10.6,105.12109375,37,20729.26545524597,8.5,25.39453125,13,20760.69600057602
2026-02-13T22:11:43,gaming,18.7,60.2,31924.222658997387,12418.88383685496,44331.606902997264,13853.627157186644,48.0,3390.1640625,161.69,64.0,1980.0,285.1,10809.9375,145,1481.5724699497223,100.4,19.30078125,3,3946.038726091385,22.2,92.54296875,148,20764.484042167664,16.9,328.02734375,95,20731.87842965126,13.7,105.12109375,37,20730.74796319008
2026-02-13T22:11:44,gaming,20.5,60.2,37731.56905246623,19780.49126491228,0.0,445471.9162304872,52.0,3390.1640625,167.404,65.0,1980.0,274.4,10810.4765625,146,1483.0867202281952,99.6,19.3046875,3,3947.528390645981,23.1,92.5546875,148,20765.973358631134,17.6,105.12109375,37,20732.255318641663,8.2,328.02734375,95,20733.396040916443
2026-02-13T22:11:46,gaming,20.9,60.2,34958.00113007191,12309.689022278582,43566.87259081111,135465.7444620533,46.0,3390.1640625,170.602,64.0,1980.0,285.7,10809.87109375,146,1484.5525155067444,99.6,19.3046875,3,3949.0350244045258,27.0,92.5546875,148,20767.478228092194,18.2,328.02734375,95,20734.85800909996,14.7,105.12109375,37,20733.73962163925
2026-02-13T22:11:47,gaming,21.0,60.2,28396.799899727906,9391.671358216829,89721.94958193849,18925.72373994015,59.0,3390.1640625,168.213,65.0,1980.0,267.2,10809.3828125,146,1485.9908363819122,100.1,19.3046875,3,3950.4860095977783,31.1,92.53515625,148,20768.93420815468,21.7,328.02734375,95,20736.2970764637,17.2,105.12109375,37,20735.192177295685
2026-02-13T22:11:49,gaming,21.0,60.2,32812.87338544287,10392.277963317314,90748.61140625764,10634.602899170817,57.0,3391.2265625,175.426,66.0,1980.0,330.8,10810.1875,146,1487.497878074646,98.1,19.3046875,3,3951.9361164569855,35.6,92.55078125,148,20770.382851839066,19.6,328.02734375,95,20737.812489032745,16.2,105.12109375,37,20736.640964746475
2026-02-13T22:11:51,gaming,22.8,60.2,29847.932429516455,9378.13136454485,0.0,69825.70839529748,68.0,3391.2265625,176.969,68.0,1980.0,346.7,10809.5390625,146,1489.0754342079163,99.3,19.4296875,3,3953.4782769680023,32.5,92.54296875,148,20771.920573472977,17.8,328.02734375,95,20739.394011497498,16.1,105.12109375,37,20738.189245939255
2026-02-13T22:11:52,gaming,24.3,60.2,34228.370100684195,9438.238882413712,0.0,11957.33280200932,54.0,3391.2265625,184.88,66.0,1980.0,349.9,10809.79296875,146,1490.6291444301605,98.1,19.4296875,3,3955.0541684627533,30.7,92.5390625,147,20773.500163555145,22.8,105.12109375,37,20739.76301050186,12.1,328.02734375,95,20740.949924230576
2026-02-13T22:11:54,gaming,23.9,60.2,33726.671597198205,9328.078690448532,84361.41103391086,20760.8159966265,57.0,3391.2265625,169.102,65.0,1980.0,356.5,10809.80078125,146,1492.1981031894684,97.9,19.4296875,3,3956.618388414383,32.1,92.52734375,147,20775.059061050415,23.9,105.58984375,37,20741.330023288727,16.9,328.02734375,95,20742.517182826996
2026-02-13T22:11:55,gaming,23.5,60.2,27580.445908075417,9713.069172688476,83630.78253975064,8493.751351693423,42.0,3407.2734375,157.541,65.0,1980.0,309.9,10810.2421875,146,1493.7407941818237,99.2,19.4296875,3,3958.1784744262695,30.0,92.5625,147,20776.621562480927,18.0,105.58984375,37,20742.89051413536,12.2,328.02734375,95,20744.053167819977
2026-02-13T22:11:57,gaming,21.5,60.3,25031.856330705752,8944.84550276921,6675085.080265646,89589.48324875768,50.0,3480.265625,161.476,65.0,1980.0,257.5,10811.29296875,146,1495.2641286849976,99.3,19.4296875,3,3959.7041339874268,27.8,105.1171875,37,20744.410696983337,26.6,92.54296875,147,20778.149556159973,14.4,328.34375,95,20745.570360660553
2026-02-13T22:11:58,gaming,20.9,60.2,23757.76110011412,9561.747519890887,19913349.506769426,10893.51723565067,50.0,3421.375,164.626,64.0,1980.0,277.0,10812.53125,146,1496.7134103775024,99.7,19.4296875,3,3961.2080838680267,30.1,92.546875,147,20779.65403175354,16.7,105.1484375,37,20745.91076040268,14.0,328.296875,95,20747.023815870285
2026-02-13T22:12:00,gaming,19.3,60.2,28413.564920706827,10101.31535560551,45132.2472828581,36317.35523542488,50.0,3421.375,161.583,64.0,1980.0,257.8,10812.703125,146,1498.1558656692505,100.3,19.4296875,3,3962.6567628383636,26.9,92.53125,147,20781.105122327805,20.5,105.1328125,37,20747.362221717834,7.6,328.34765625,95,20748.458582878113
2026-02-13T22:12:01,gaming,20.0,60.2,28158.692982230743,9439.53814822373,0.0,86863.77591199867,59.0,3417.359375,170.276,66.0,1980.0,235.0,10812.171875,146,1499.6121301651,99.6,19.4296875,3,3964.1008970737457,26.1,92.546875,147,20782.544116973877,22.8,105.13671875,37,20748.803516626358,7.6,4.8046875,404,1771009920.074441
2026-02-13T22:12:02,gaming,19.7,60.0,27565.14861414046,8944.846342463215,44748.812969440405,19927.20577545393,56.0,3416.484375,172.489,66.0,1980.0,262.0,10747.28125,146,1501.0850114822388,100.5,19.4296875,3,3965.5626080036163,28.8,92.52734375,147,20784.009935617447,24.5,105.14453125,37,20750.27211713791,18.1,4.8046875,404,1771009921.5423656
2026-02-13T22:12:04,gaming,18.5,60.0,28822.29250094208,10085.991543514667,134348.68735686527,19592.51690620952,56.0,3416.109375,175.477,66.0,1980.0,255.9,10741.640625,146,1502.556310892105,98.2,19.4296875,3,3967.025638103485,25.6,92.5390625,147,20785.472721338272,20.3,105.15234375,37,20751.73470377922,14.8,328.31640625,95,20752.868310928345
2026-02-13T22:12:06,gaming,22.2,60.0,29165.995389636588,10021.926709297953,398434.4095028954,67097.4613225362,52.0,3416.109375,170.612,65.0,1980.0,264.0,10742.74609375,146,1504.0489583015442,98.8,19.4296875,3,3968.5118980407715,28.5,92.5546875,147,20786.958336114883,27.3,105.16015625,37,20753.22106385231,11.6,4.8046875,404,1771009924.4837146
2026-02-13T22:12:07,gaming,21.8,59.5,28414.238629207768,9283.99018758029,40988.65406448813,13776350.675846437,44.0,3416.109375,154.41,63.0,1980.0,259.0,10742.859375,146,1505.6283361911774,99.9,19.4296875,3,3970.1073501110077,42.3,790.86328125,90,20788.5205681324,26.5,105.1640625,37,20754.811480283737,25.4,92.53125,147,20788.553780317307
2026-02-13T22:12:09,gaming,20.8,59.5,29545.84132119266,9877.363893240457,0.0,30599.182313933034,47.0,3416.109375,153.641,64.0,1980.0,235.4,10742.203125,146,1507.1148371696472,98.2,19.4296875,3,3971.5878241062164,28.5,105.171875,37,20756.291256904602,27.5,92.53515625,147,20790.03178334236,6.3,328.31640625,95,20757.422765254974
2026-02-13T22:12:10,gaming,18.9,59.5,27797.586825741135,8836.336815754463,44098.24623494399,5856.798328078498,48.0,3416.109375,155.532,64.0,1980.0,245.7,10741.6875,146,1508.6606483459473,98.8,19.3046875,3,3973.074702501297,28.5,92.53125,147,20791.512444734573,26.3,105.18359375,37,20757.77815937996,11.1,328.3046875,95,20758.968384742737
2026-02-13T22:12:12,gaming,21.9,59.4,34179.62721737204,10232.885663280138,0.0,11948.089987683992,54.0,3416.109375,164.767,65.0,1980.0,254.3,10741.09375,146,1510.1291995048523,99.8,19.3046875,3,3974.6087474823,35.0,328.3125,95,20760.44032740593,29.4,4.8046875,404,1771009930.583449,24.4,92.53125,147,20793.05251145363
2026-02-13T22:12:13,gaming,19.1,59.5,34757.67166053387,8812.332323656181,0.0,14314.669978967002,46.0,3458.08984375,153.407,64.0,1980.0,240.4,10753.16015625,146,1511.6175570487976,99.9,19.3046875,3,3976.0784034729004,36.7,328.3125,95,20761.931405067444,27.6,92.546875,147,20794.52470755577,6.4,4.8046875,404,1771009932.0502162
2026-02-13T22:12:14,gaming,20.9,59.5,38204.99068918841,9192.444100053244,3891762.0289001204,9223.80396596763,44.0,3448.21484375,151.149,63.0,1980.0,230.1,10757.26953125,146,1513.097681760788,99.1,19.4296875,3,3977.5767080783844,30.2,92.546875,147,20796.02449464798,13.6,4.8046875,404,1771009933.5488544,8.5,328.3125,95,20763.405403375626
2026-02-13T22:12:16,gaming,18.6,59.5,32009.93636515076,9214.80593036815,0.0,95722.08029318674,52.0,3448.40234375,162.44,65.0,1980.0,227.9,10759.5234375,146,1514.56454539299,98.2,19.4296875,3,3979.0411014556885,23.5,92.5546875,147,20797.485299110413,7.4,25.39453125,13,20795.177659988403,5.3,4.8046875,404,1771009935.014523
2026-02-13T22:12:17,gaming,18.6,59.5,36229.73299962579,9334.989341769979,267171.3493713825,12523.657001783553,49.0,3448.71484375,172.277,64.0,1980.0,225.1,10760.0625,146,1516.0223968029022,98.9,18.78125,3,3980.5110127925873,7.4,4.8046875,404,1771009936.4871514,7.4,92.54296875,147,20798.958488225937,5.3,41.9375,34,20798.933109283447
2026-02-13T22:12:19,gaming,17.0,59.5,30453.597685454315,9207.077276430757,44999.25545440869,21796.51436072921,53.0,3447.52734375,171.865,65.0,1980.0,233.8,10752.87109375,146,1517.4794237613678,98.9,19.4296875,3,3981.965087890625,7.5,25.4296875,14,20798.096474409103,5.4,4.8046875,404,1771009937.9428082,5.4,41.9375,34,20800.390484571457
2026-02-13T22:12:20,gaming,18.0,59.5,31313.42376551304,9162.664705964049,44912.81930965295,20351.12124968649,52.0,3430.7109375,167.326,65.0,1980.0,256.4,10748.16015625,146,1518.9543430805206,99.3,19.4296875,3,3983.4278733730316,6.4,4.8046875,404,1771009939.402475,4.3,41.9375,34,20801.851591825485,4.2,190.875,277,20796.533844470978
2026-02-13T22:12:22,gaming,17.8,59.5,34523.89810838969,9379.511646165169,0.0,13093.763262379962,55.0,3420.7734375,157.156,64.0,1980.0,273.3,10746.5625,146,1520.4352610111237,100.1,19.4296875,3,3984.910208463669,9.5,4.8046875,404,1771009940.8866863,5.3,92.51953125,147,20803.3552339077,5.3,41.9375,34,20803.33398413658
2026-02-13T22:12:23,gaming,16.7,59.5,33344.414957966655,9099.804547082555,89136.05721509637,11490.194875383517,46.0,3416.1015625,153.929,64.0,1980.0,227.3,10747.76953125,146,1521.899284362793,99.5,19.4296875,3,3986.3862669467926,8.5,4.8046875,404,1771009942.3593063,7.4,92.55859375,147,20804.83214354515,6.3,41.9375,34,20804.811886310577
2026-02-13T22:12:25,gaming,17.2,59.4,33474.978154791424,9272.623646553948,134425.01031571144,14702.735503280937,47.0,3415.7265625,148.818,63.0,1980.0,266.0,10722.171875,146,1523.3795607089996,99.4,19.4296875,3,3987.847980260849,12.8,4.8046875,404,1771009943.8211238,3.2,92.53515625,147,20806.29249191284,3.2,202.4375,80,20803.98782157898
2026-02-13T22:12:26,gaming,17.5,59.4,36406.286108433014,9306.529936195795,0.0,142108.09865275043,54.0,3415.4765625,161.085,65.0,1980.0,237.5,10716.13671875,146,1524.8465530872345,99.3,19.4296875,3,3989.326947927475,9.5,4.8046875,404,1771009945.3016725,7.4,92.55078125,147,20807.772234916687,7.4,25.4296875,14,20805.46334052086
2026-02-13T22:12:28,gaming,16.2,59.4,30906.790729622666,9657.945816556847,0.0,19555.976161886858,51.0,3414.8515625,166.735,65.0,1980.0,247.2,10716.48046875,146,1526.3192307949066,98.8,19.4296875,3,3990.797400712967,5.3,4.8046875,404,1771009946.7704039,5.3,92.54296875,147,20809.240077018738,5.3,25.4296875,14,20806.93493938446
2026-02-13T22:12:29,gaming,16.6,59.4,31252.614770161694,9683.487854019237,0.0,41037.99117483349,57.0,3415.0078125,176.865,66.0,1980.0,231.8,10716.859375,146,1527.7753775119781,98.0,19.4296875,3,3992.264142036438,9.6,92.54296875,147,20810.707784175873,5.4,25.4296875,14,20808.39333677292,5.3,41.75390625,34,20810.690776586533
2026-02-13T22:12:31,gaming,16.8,59.4,34189.74438808989,12431.32204625356,45048.33406819316,18652.825825111227,55.0,3415.0078125,182.828,66.0,1980.0,247.3,10716.52734375,146,1529.215759754181,99.2,19.4296875,3,3993.7137775421143,10.7,4.8046875,404,1771009949.6934526,6.5,25.39453125,13,20809.83138871193,5.4,92.51953125,147,20812.162174463272
2026-02-13T22:12:32,gaming,17.8,59.4,28499.916165141545,11495.161635626739,0.0,12008.387767222172,55.0,3415.0078125,171.736,66.0,1980.0,214.6,10716.97265625,146,1530.6792166233063,99.7,19.43359375,3,3995.171192884445,8.6,41.76171875,34,20813.59541273117,5.4,4.8046875,404,1771009951.1458898,5.4,92.546875,147,20813.61784338951
2026-02-13T22:12:34,gaming,15.3,59.4,30849.85514059143,11246.698337666017,630931.8686396772,70416.50319639254,51.0,3415.0078125,171.288,66.0,1980.0,239.2,10715.43359375,146,1532.135418176651,99.1,19.4296875,3,3996.6222569942474,4.3,41.76171875,34,20815.049594163895,4.3,25.4296875,14,20812.7512922287,4.3,190.98046875,277,20809.713029384613
2026-02-13T22:12:35,gaming,16.9,59.4,28926.443048059904,10153.740986289715,180176.15089080966,26392.990853145944,60.0,3415.0078125,171.738,66.0,1980.0,228.2,10715.01953125,146,1533.6010949611664,98.8,19.30859375,3,3998.0769629478455,8.6,4.8046875,404,1771009954.0531764,6.4,92.53125,147,20816.52253317833,6.4,25.4296875,14,20814.2157664299
2026-02-13T22:12:36,gaming,16.7,59.4,27133.17033151877,10690.252028872215,89475.9076582592,94019.60609403017,52.0,3448.57421875,176.636,65.0,1980.0,238.3,10715.5078125,146,1535.0498819351196,99.0,19.30859375,3,3999.54452753067,5.4,25.39453125,13,20815.668024778366,5.3,92.55078125,147,20817.992272615433,4.3,4.8046875,404,1771009955.5216558
2026-02-13T22:12:38,gaming,17.0,59.4,32174.623885696536,9911.993456540871,2668095.850908526,16328.190754257908,53.0,3465.76171875,171.207,65.0,1980.0,240.3,10728.203125,146,1536.5976486206055,99.4,19.30859375,3,4001.0225381851196,12.4,423.48046875,11,5581.690091133118,6.3,41.76171875,34,20819.45694541931,6.2,25.43359375,14,20817.1717710495
2026-02-13T22:12:39,gaming,18.0,59.3,27158.4790203502,10636.247727527609,128624.14769428884,15743.059743832227,72.0,3465.76171875,177.756,67.0,1980.0,234.2,10728.65234375,146,1538.0852320194244,99.1,18.65625,3,4002.551555633545,16.6,374.01953125,11,5583.196714639664,6.2,25.44140625,14,20818.6937623024,6.1,92.54296875,147,20820.994134426117
2026-02-13T22:12:41,gaming,16.6,59.3,30343.79972926705,9530.77719804192,10990.445777922214,37092.75450048747,70.0,3465.39453125,197.516,68.0,1965.0,238.5,10725.51171875,146,1539.5660090446472,100.1,19.30859375,3,4004.0349538326263,20.9,347.5078125,11,5584.69201874733,8.4,4.8046875,404,1771009960.0116577,5.2,25.43359375,14,20820.191844940186
2026-02-13T22:12:42,gaming,16.8,59.2,28574.399091449515,9183.679913872114,0.0,11155.50205433576,63.0,3462.64453125,174.949,67.0,1965.0,237.4,10722.109375,146,1541.0269794464111,98.5,19.30859375,3,4005.5107131004333,5.3,4.8046875,404,1771009961.4844906,4.3,25.4296875,14,20821.638061761856,4.3,191.05078125,277,20818.6050055027
2026-02-13T22:12:44,gaming,16.7,59.2,30656.032561866392,9183.382972911531,0.0,6281.286735813617,57.0,3462.01953125,166.5,66.0,1965.0,268.2,10714.92578125,146,1542.4894428253174,100.8,19.30859375,3,4006.967323064804,5.3,4.8046875,404,1771009962.9473324,4.3,25.39453125,13,20823.099202394485,4.3,191.0625,277,20820.067691087723
2026-02-13T22:12:45,gaming,16.9,59.2,30078.432216601792,9341.187204196396,50182.67634734712,57500.98331466858,56.0,3461.83203125,166.367,66.0,1965.0,236.1,10712.7265625,145,1543.9516441822052,99.7,19.30859375,3,4008.4399383068085,8.5,25.39453125,13,20824.5616440773,4.3,4.8046875,404,1771009964.4161792,4.3,92.546875,147,20826.88611793518
2026-02-13T22:12:47,gaming,15.7,59.2,31527.617709765214,9368.284922430998,0.0,5979.873274042197,52.0,3461.83203125,166.206,65.0,1965.0,234.2,10712.10546875,144,1545.4127531051636,99.8,19.43359375,3,4009.896790266037,5.3,25.39453125,13,20826.030442476273,3.2,4.8046875,404,1771009965.8719091,3.2,191.078125,277,20822.99193572998
2026-02-13T22:12:48,gaming,16.8,59.2,29586.28621688674,8826.821282797498,44971.978511188434,36891.076122459264,56.0,3463.39453125,166.445,65.0,1980.0,234.8,10712.80859375,144,1546.9633793830872,98.7,19.30859375,3,4011.353367328644,4.3,92.546875,147,20829.801143169403,4.2,25.39453125,13,20827.513206005096,3.2,4.8046875,404,1771009967.3295145
2026-02-13T22:12:50,gaming,17.9,59.2,23108.914306572235,7801.045151076385,253156.3728749403,55707.58726024077,42.0,3463.76953125,146.124,63.0,1980.0,250.5,10718.75,144,1548.4165952205658,99.6,19.26953125,3,4012.905656337738,31.3,18.24609375,6,20831.30705189705,6.0,4.8046875,404,1771009968.8826263,4.0,105.09765625,37,20797.60971736908
2026-02-13T22:12:51,gaming,16.9,59.2,160101.70283284798,8184.01586179603,0.0,17617.793984357413,39.0,3514.859375,125.14,62.0,1980.0,259.0,10790.9140625,144,1549.8705904483795,97.6,19.39453125,3,4014.3625195026398,8.6,4.8046875,404,1771009970.3363428,8.6,41.76171875,34,20832.784712791443,4.3,7.62109375,15,20833.935152053833
2026-02-13T22:12:53,gaming,17.9,59.4,24112.26819545047,7173.279672947704,404839.01156030106,10542.682592716174,34.0,3493.078125,140.716,62.0,1980.0,273.3,10738.765625,144,1551.3525717258453,99.8,19.39453125,3,4015.819409608841,11.8,4.8046875,404,1771009971.7930257,4.3,187.984375,277,20828.9109647274,3.2,105.1015625,37,20800.52294421196
2026-02-13T22:12:54,gaming,17.9,59.2,26353.11797431079,7506.471699504044,43763.37775097385,27352.111094358657,47.0,3487.703125,150.426,63.0,1980.0,274.5,10735.73046875,144,1552.8541803359985,99.2,19.39453125,3,4017.315625190735,12.5,4.8046875,404,1771009973.2904227,5.2,105.1015625,37,20802.024826288223,4.1,116.79296875,32,20826.404965877533
2026-02-13T22:12:56,gaming,18.8,59.2,34688.18918456635,9324.421763192238,86110.80175756592,60546.65748578854,41.0,3471.390625,138.935,62.0,1980.0,334.0,10730.4375,144,1554.4401199817657,100.2,19.39453125,3,4018.8436880111694,8.2,4.8046875,404,1771009974.8115597,6.0,25.42578125,14,20835.022728919983,3.1,105.10546875,37,20803.55485343933
2026-02-13T22:12:57,gaming,20.2,59.2,23384.675778983554,8409.399623403262,0.0,10777.912162407762,35.0,3471.765625,134.776,61.0,1980.0,347.1,10718.34765625,144,1556.0062594413757,98.6,19.37890625,2,4020.4126210212708,5.0,4.8046875,404,1771009976.3827069,5.0,105.0625,37,20805.12720966339,4.0,25.39453125,13,20836.589947462082
2026-02-13T22:12:59,gaming,21.3,59.2,24591.084648810647,8631.295224625208,875055.015886688,11393.945519357918,39.0,3471.265625,126.797,60.0,1875.0,338.1,10709.83984375,144,1557.5638785362244,100.4,19.37890625,2,4021.98446059227,10.9,4.8046875,404,1771009977.953721,7.0,25.4296875,14,20838.1512260437,4.0,105.078125,37,20806.691987514496
2026-02-13T22:13:01,gaming,20.8,59.1,75148.22809310364,13855.792987311966,83993.45566704994,20014.065608164245,41.0,3471.265625,147.717,62.0,1980.0,296.7,10698.19921875,144,1559.117599248886,99.1,19.25390625,2,4023.5450553894043,9.0,4.8046875,404,1771009979.514011,7.0,104.8671875,37,20808.255593776703,5.0,92.55078125,147,20841.989030838013
2026-02-13T22:13:02,gaming,20.0,59.1,23509.291671160237,8972.54414095691,42288.720087864225,7929.135016474542,39.0,3471.265625,146.474,62.0,1980.0,276.3,10699.0390625,144,1560.6273248195648,100.8,19.25,2,4025.094603061676,9.1,4.8046875,404,1771009981.0633678,7.0,41.76171875,34,20843.534331560135,6.1,25.4296875,14,20841.236781835556
2026-02-13T22:13:04,gaming,16.6,59.1,22245.39464060072,9066.687636033172,0.0,9267.126793384292,37.0,3471.265625,139.804,61.0,1980.0,195.9,10699.91015625,144,1562.1112971305847,98.1,19.25,2,4026.5754396915436,13.6,4.8046875,404,1771009982.553019,6.4,104.953125,37,20811.278756141663,6.4,41.76171875,34,20845.00061249733
2026-02-13T22:13:05,gaming,14.2,59.1,25525.782324669504,9427.598612378266,0.0,26900.584322945015,44.0,3471.265625,146.835,62.0,1980.0,240.1,10700.26171875,144,1563.6011571884155,99.7,19.25,2,4028.064077615738,10.5,4.8046875,404,1771009984.0401275,4.2,41.76171875,34,20846.492945432663,3.1,104.95703125,37,20812.771994829178
2026-02-13T22:13:06,gaming,16.9,59.1,34374.6509940107,9298.144122079759,44127.97256750084,123765.1730604125,43.0,3471.265625,144.299,62.0,1980.0,233.6,10702.53125,144,1565.085685968399,98.8,19.25,2,4029.5509033203125,12.6,4.8046875,404,1771009985.5242314,6.3,104.96875,37,20814.256534814835,4.2,25.39453125,13,20845.690736055374
2026-02-13T22:13:08,gaming,16.1,59.1,25811.792550774036,9145.87897977567,0.0,51639.72251483396,42.0,3470.921875,151.531,62.0,1980.0,211.3,10702.5390625,144,1566.5649840831757,99.8,19.25,2,4031.038063287735,7.4,4.8046875,404,1771009987.0120206,6.3,104.96875,37,20815.74535870552,5.3,41.76171875,34,20849.465199947357
2026-02-13T22:13:09,gaming,16.3,59.1,25401.592114989733,8846.687145790554,0.0,11368.544722792607,50.0,3479.28515625,154.916,62.0,1980.0,217.7,10709.953125,144,1568.0722479820251,97.9,19.25,2,4032.522693157196,9.5,104.96875,37,20817.22878074646,7.4,4.8046875,404,1771009988.497866,5.3,41.76171875,34,20850.947374343872
2026-02-13T22:13:11,gaming,16.0,59.2,26002.567200291964,9422.073988576538,10326852.627211986,71525.92910785612,46.0,3496.91015625,159.04,63.0,1980.0,276.7,10715.53515625,144,1569.5685982704163,99.4,19.25,2,4034.031213760376,7.3,104.984375,37,20818.737050533295,7.2,25.4296875,14,20850.181973457336,6.2,4.8046875,404,1771009990.007712
2026-02-13T22:13:12,gaming,18.2,59.2,28413.14344525272,8842.376036138148,3961599.394712607,13411.664617516637,45.0,3496.75390625,156.257,62.0,1980.0,240.8,10715.08984375,144,1571.0417895317078,99.5,19.25,2,4035.5229935646057,13.6,4.8046875,404,1771009991.4972432,7.3,105.0,37,20820.22758436203,5.2,41.76171875,34,20853.947256088257
2026-02-13T22:13:14,gaming,16.7,59.2,28800.645840622168,9099.0565706513,44564.36525029547,26808.25097088087,41.0,3497.44140625,134.608,61.0,1980.0,270.5,10707.1953125,144,1572.520184993744,98.7,19.25,2,4036.9949905872345,8.5,104.99609375,37,20821.70063018799,4.3,188.1796875,278,20850.090252399445,4.2,29.5390625,4,1555.3221356868744
2026-02-13T22:13:15,gaming,17.8,59.2,30975.12092720185,9377.107220678125,486955.70429030235,67094.7490286354,42.0,3497.44140625,142.676,61.0,1980.0,254.2,10706.7890625,144,1573.9951984882355,100.2,19.37890625,2,4038.475908279419,7.4,104.99609375,37,20823.181927919388,7.3,25.4296875,14,20854.609098672867,5.3,4.8046875,404,1771009994.4487762
2026-02-13T22:13:17,gaming,17.6,59.2,31422.278256518784,10003.214741398086,0.0,13909.012010579998,45.0,3496.578125,147.295,62.0,1980.0,284.4,10704.25390625,144,1575.4734365940094,100.1,19.37890625,2,4039.9437391757965,13.8,105.00390625,37,20824.64928007126,4.2,25.4296875,14,20856.083342313766,3.2,4.8046875,404,1771009995.9204028
2026-02-13T22:13:18,gaming,17.8,59.1,28517.635284869448,9553.898162790603,132972.73184128097,50557.3407521537,47.0,3496.1875,155.048,63.0,1980.0,255.6,10699.51953125,144,1576.958432674408,99.0,19.37890625,2,4041.426871061325,8.4,105.0,37,20826.12925505638,6.3,4.8046875,404,1771009997.3988795,5.3,41.76171875,34,20859.849321126938
2026-02-13T22:13:20,gaming,17.5,59.1,28363.672437698937,9063.574472787739,132459.0240054896,18282.10487575768,47.0,3491.53125,157.918,63.0,1980.0,270.3,10699.30859375,144,1578.4382536411285,99.1,19.37890625,2,4042.909336090088,11.6,105.0,37,20827.6129860878,5.3,41.76171875,34,20861.33449435234,4.2,4.8046875,404,1771009998.883446
2026-02-13T22:13:21,gaming,18.3,59.2,32326.832738052057,9932.290499407345,132642.83185080014,16925.778022628143,55.0,3490.90625,170.284,65.0,1980.0,277.1,10699.109375,144,1579.9215233325958,98.7,19.37890625,2,4044.3982133865356,12.6,4.8046875,404,1771010000.3691175,9.4,105.0,37,20829.103205919266,7.3,25.39453125,13,20860.540469169617
2026-02-13T22:13:23,gaming,19.9,59.2,31389.200370727976,12658.80188267863,88690.10478760174,141696.30022706685,53.0,3412.546875,164.464,64.0,1980.0,281.4,10695.5859375,144,1581.4537444114685,99.8,19.37890625,2,4045.8703315258026,19.4,137.44140625,23,20755.472972631454,13.7,4.8046875,404,1771010001.844778,11.6,105.0,37,20830.5935652256
2026-02-13T22:13:24,gaming,20.0,59.1,33460.104678254844,10956.831183420094,0.0,66935.89745747628,43.0,3410.41015625,156.436,63.0,1980.0,237.2,10681.06640625,144,1582.9159398078918,100.8,19.37890625,2,4047.405113220215,18.4,4.8046875,404,1771010003.374022,10.2,92.53515625,147,20865.847790002823,8.2,105.0,37,20832.10847210884
2026-02-13T22:13:26,gaming,17.7,59.1,36728.896098758334,14447.639902388504,80977.1367038794,224781.3622297342,48.0,3415.16015625,157.079,63.0,1980.0,280.5,10611.49609375,144,1584.41992354393,99.6,19.37890625,2,4048.863718032837,15.0,105.00390625,37,20833.56977725029,10.7,4.8046875,404,1771010004.8407624,10.5,135.59765625,23,20758.436006307602
2026-02-13T22:13:27,gaming,19.6,58.9,25919.417006434287,10041.433585361643,920323.8692365126,68134.09597398288,44.0,3398.9921875,151.296,63.0,1980.0,244.6,10607.203125,144,1585.8767402172089,97.3,19.39453125,3,4050.357387781143,11.5,4.8046875,404,1771010006.3364549,10.5,105.00390625,37,20835.06250834465,6.3,92.53515625,147,20868.804979085922
2026-02-13T22:13:29,gaming,17.5,58.9,22572.47395731341,8981.763702106651,0.0,75953.37051097325,53.0,3398.48828125,159.167,64.0,1980.0,254.3,10605.4765625,144,1587.363512992859,97.4,19.39453125,3,4051.8339898586273,15.8,105.00390625,37,20836.546329259872,7.4,4.8046875,404,1771010007.804988,5.3,25.4296875,14,20867.978934049606
2026-02-13T22:13:30,gaming,18.8,58.9,23071.091858332613,9992.325699493544,44193.34978013287,18298.808893336267,54.0,3396.05078125,165.914,64.0,1980.0,279.6,10604.38671875,144,1588.833671092987,98.3,19.39453125,3,4053.312649011612,10.6,104.92578125,37,20838.02402830124,9.5,4.8046875,404,1771010009.2914987,9.5,92.54296875,147,20871.76100587845
2026-02-13T22:13:32,gaming,18.4,58.8,23613.203834895816,9802.233218764553,0.0,14272.628128480648,47.0,3395.05078125,152.578,63.0,1980.0,269.3,10601.71484375,144,1590.3130328655243,97.4,19.39453125,3,4054.7888498306274,14.8,104.9296875,37,20839.4981238842,10.6,92.546875,147,20873.228761911392,5.3,4.8046875,404,1771010010.758871
2026-02-13T22:13:33,gaming,19.9,58.8,23422.19640618953,9033.46883672342,0.0,22722.865783129208,43.0,3394.67578125,147.963,62.0,1980.0,271.7,10602.44921875,144,1591.7911894321442,100.2,18.74609375,3,4056.270310163498,23.1,92.546875,147,20874.716347932816,13.7,104.9296875,37,20840.97661757469,9.5,4.8046875,404,1771010012.2464628
2026-02-13T22:13:35,gaming,19.0,58.8,24308.18727703612,8905.490256749523,0.0,18071.62900881854,43.0,3394.67578125,144.316,62.0,1980.0,272.9,10601.30078125,144,1593.2566056251526,99.7,19.39453125,3,4057.7434554100037,23.3,92.5390625,147,20876.189956903458,15.0,327.93359375,95,20843.565786600113,10.6,104.9296875,37,20842.449090480804
2026-02-13T22:13:36,gaming,21.3,58.8,24375.097877493918,9302.56366996231,0.0,120859.43267594458,49.0,3394.67578125,151.003,63.0,1980.0,269.3,10601.890625,144,1594.7306959629059,99.6,19.39453125,3,4059.2031054496765,36.4,92.546875,147,20877.649871349335,16.1,104.9375,37,20843.908950567245,10.7,4.8046875,404,1771010015.180337
2026-02-13T22:13:38,gaming,20.5,58.8,24870.70203453988,8993.986705424762,357528.1902959844,35264.01095692815,45.0,3394.67578125,163.271,63.0,1980.0,258.5,10603.49609375,144,1596.199691772461,99.8,19.39453125,3,4060.6745188236237,34.0,92.54296875,147,20879.121656656265,19.2,328.25,95,20846.505536317825,19.1,104.953125,37,20845.377598762512
2026-02-13T22:13:39,gaming,20.9,58.8,28661.457544883637,8937.064235997888,0.0,92092.41858739224,45.0,3394.67578125,147.243,62.0,1980.0,270.7,10602.2578125,144,1597.6775398254395,99.4,19.39453125,3,4062.151491165161,39.2,92.53125,147,20880.595345258713,23.3,328.21484375,95,20847.980748176575,18.0,104.9609375,37,20846.856975317
2026-02-13T22:13:41,gaming,21.0,58.8,32141.560770185257,9337.857780982531,44480.72739747574,26757.937575043998,54.0,3394.67578125,158.694,63.0,1980.0,255.8,10601.66015625,144,1599.1373829841614,99.3,19.39453125,3,4063.6142394542694,35.2,92.5625,147,20882.061698436737,16.0,104.96484375,37,20848.319455385208,15.0,328.21484375,95,20849.443979263306
2026-02-13T22:13:42,gaming,19.6,58.8,29669.273816102203,9704.468667586447,89507.00986544865,7692.008660311994,49.0,3331.60546875,174.346,64.0,1980.0,238.1,10597.94921875,144,1600.6000294685364,99.6,19.39453125,3,4065.0886373519897,31.9,92.53125,147,20883.53197646141,22.2,104.96484375,37,20849.794057130814,21.3,328.1953125,95,20850.909457445145
2026-02-13T22:13:43,gaming,19.9,58.8,27287.872335567325,9969.069028483897,44831.737312202065,9456.694589292623,45.0,3331.60546875,157.44,63.0,1980.0,255.3,10595.50390625,144,1602.069129228592,98.8,19.39453125,3,4066.5435602664948,33.2,92.54296875,147,20884.992047548294,16.1,104.9765625,37,20851.24935555458,14.9,328.21484375,95,20852.375446796417
2026-02-13T22:13:45,gaming,20.0,58.8,27565.98890928763,10693.414719168142,44662.776562067644,10118.910314843451,45.0,3331.60546875,152.712,62.0,1980.0,233.6,10596.11328125,144,1603.5468475818634,100.9,19.39453125,3,4068.014612197876,31.9,92.52734375,147,20886.461705446243,22.3,104.98046875,37,20852.71726989746,14.8,328.21484375,95,20853.85434293747
2026-02-13T22:13:46,gaming,19.2,58.8,25749.276589412788,9908.08819815582,0.0,115852.15677603697,46.0,3331.60546875,155.037,63.0,1980.0,267.4,10595.3828125,144,1605.0136032104492,99.3,19.39453125,3,4069.4939498901367,37.0,92.55078125,147,20887.938947677612,20.1,104.9921875,37,20854.19714999199,7.5,11.28125,4,20874.513410806656
2026-02-13T22:13:48,gaming,21.0,58.8,28698.139712140182,9124.190545492616,0.0,14663.074022141338,48.0,3331.60546875,159.527,63.0,1980.0,267.7,10593.71875,144,1606.4852254390717,99.1,19.39453125,3,4070.960344552994,33.0,92.52734375,147,20889.405406951904,19.2,104.99609375,37,20855.66124176979,14.9,328.21484375,95,20856.79616165161
2026-02-13T22:13:49,gaming,20.1,58.8,29368.49572331397,9631.774977979672,0.0,15293.531625593885,49.0,3331.60546875,157.946,63.0,1980.0,247.3,10594.59375,144,1607.9508709907532,98.9,19.39453125,3,4072.429597377777,31.8,92.546875,147,20890.87715935707,21.2,105.00390625,37,20857.138274669647,7.4,25.39453125,13,20888.568660259247
2026-02-13T22:13:51,gaming,19.5,58.8,34216.079405313445,9121.656899549229,0.0,17070.27661464203,51.0,3331.79296875,161.398,64.0,1980.0,255.7,10594.6796875,144,1609.429568529129,100.6,19.39453125,3,4073.908327817917,27.6,92.51953125,147,20892.350893735886,16.9,105.0078125,37,20858.615041971207,6.4,4.8046875,404,1771010029.8775518
2026-02-13T22:13:52,gaming,19.6,58.8,38788.711549979176,9317.352103506886,0.0,20150.61452667253,55.0,3331.79296875,162.294,63.0,1980.0,246.2,10595.5,144,1610.8768241405487,97.9,19.39453125,3,4075.3735580444336,26.7,105.015625,37,20860.077785253525,25.5,92.52734375,147,20893.82102894783,6.4,4.8046875,404,1771010031.350671
2026-02-13T22:13:54,gaming,19.8,58.8,38303.60395804891,9580.587825852603,45504.66761523961,13509.19819827426,52.0,3331.79296875,156.586,63.0,1980.0,228.3,10593.16796875,143,1612.314121723175,99.7,19.39453125,3,4076.8159120082855,28.2,92.54296875,147,20895.263441562653,21.7,105.0234375,37,20861.519188404083,10.9,328.21484375,95,20862.62175297737
2026-02-13T22:13:55,gaming,18.7,58.8,32064.98139006092,9056.087676795247,0.0,54996.25941463658,49.0,3336.10546875,159.777,63.0,1980.0,255.5,10593.76953125,143,1613.7695636749268,98.5,19.390625,3,4078.2591388225555,29.2,92.52734375,147,20896.70694875717,23.8,105.0234375,37,20862.96375823021,10.7,328.20703125,95,20864.07875585556
2026-02-13T22:13:57,gaming,21.0,58.8,34552.437797789964,9629.199979224004,2998650.3361116615,59091.87346115564,50.0,3415.27734375,154.693,63.0,1980.0,269.9,10614.5078125,143,1615.2924265861511,100.1,19.39453125,3,4079.726845264435,29.9,92.546875,147,20898.167803525925,29.8,105.01953125,37,20864.432109832764,12.8,4.8046875,404,1771010035.6985495
2026-02-13T22:13:58,gaming,21.5,58.9,31856.588080038895,9644.703700757074,31111278.323774885,12881.674689498841,53.0,3415.27734375,163.356,63.0,1980.0,249.5,10614.92578125,143,1616.7386026382446,98.8,18.74609375,3,4081.2287559509277,33.4,105.01953125,37,20865.93031358719,31.1,92.52734375,147,20899.676543474197,25.9,4.8046875,404,1771010037.2076142
2026-02-13T22:14:00,gaming,20.4,58.9,30315.718083513406,9451.878409874014,11307.745590900025,44524.248264168855,47.0,3415.27734375,157.908,63.0,1980.0,229.6,10614.97265625,143,1618.188838481903,98.9,19.39453125,3,4082.6814930438995,30.2,92.55078125,147,20901.126435756683,28.0,328.21484375,95,20868.493760585785,24.7,105.01953125,37,20867.3841984272
2026-02-13T22:14:01,gaming,20.8,58.9,37284.47937487172,9404.252113275672,0.0,16533.015988739462,48.0,3415.46484375,157.361,63.0,1980.0,277.0,10613.58203125,143,1619.7064938545227,97.7,19.390625,3,4084.1372904777527,37.6,328.21484375,95,20870.032156705856,27.9,92.54296875,147,20902.58208489418,13.9,105.02734375,37,20868.8409409523
2026-02-13T22:14:03,gaming,24.4,58.8,33800.094171202894,9212.763567431248,121376.60118377824,10430.801664230943,48.0,3414.90234375,153.564,63.0,1980.0,417.7,10603.35546875,143,1621.4830646514893,100.9,18.74609375,3,4085.7960011959076,44.6,328.203125,95,20871.818852186203,24.8,92.54296875,147,20904.222800016403,20.3,4.8046875,404,1771010041.733696
2026-02-13T22:14:05,gaming,30.0,58.9,29869.516636195836,9275.089212118151,0.0,15911.99221498155,42.0,3409.5625,145.036,61.0,1980.0,413.2,10601.91796875,143,1623.1771168708801,99.9,19.390625,3,4087.515068292618,30.7,92.55078125,147,20905.95498609543,25.2,4.8046875,404,1771010043.472676,11.1,328.21484375,95,20873.50793862343
2026-02-13T22:14:06,gaming,26.0,58.9,29816.01897049184,9746.950482103392,194701.33711141424,53847.0885448755,41.0,3409.3671875,136.46,61.0,1980.0,414.6,10603.65625,143,1624.839114189148,99.9,19.390625,3,4089.19167804718,17.7,92.54296875,147,20907.63198041916,6.5,4.8046875,404,1771010045.1546614,5.6,25.39453125,13,20905.404687404633
2026-02-13T22:14:08,gaming,25.6,58.8,26970.34766758354,9861.545262966249,39467.861395649226,64751.96010223701,45.0,3407.9296875,153.685,62.0,1980.0,413.3,10594.515625,143,1626.5176770687103,99.6,19.26171875,3,4090.8533794879913,4.7,4.8046875,404,1771010046.816134,4.7,25.4296875,14,20907.082672834396,3.8,41.74609375,33,20909.299969434738
2026-02-13T22:14:10,gaming,25.0,58.8,28337.35929104722,10916.924681001605,0.0,9747.827891085635,49.0,3407.1796875,146.448,62.0,1980.0,347.6,10590.71484375,143,1628.0820112228394,99.1,19.26171875,3,4092.5234134197235,5.6,42.33984375,33,20910.957800149918,4.6,4.8046875,404,1771010048.4949422,3.0,122.23046875,164,20888.84664130211
2026-02-13T22:14:11,gaming,20.5,58.8,35102.09312223545,12108.43515649894,0.0,65328.26262499901,50.0,3326.67578125,163.988,63.0,1980.0,315.7,10588.92578125,143,1629.6214199066162,99.3,19.26171875,3,4094.066013097763,5.1,4.8046875,404,1771010050.0323536,5.1,92.54296875,147,20912.50644683838,5.1,25.43359375,14,20910.223572969437
2026-02-13T22:14:13,gaming,19.7,58.8,35653.431145853036,12712.806345934141,43072.24715334435,20863.11971490117,57.0,3326.23828125,169.014,64.0,1980.0,328.7,10587.4140625,143,1631.1423535346985,100.0,19.26171875,3,4095.581446170807,10.3,4.8046875,404,1771010051.5529978,7.2,25.39453125,13,20911.73983812332,3.1,327.93359375,95,20881.453372478485
2026-02-13T22:14:14,gaming,21.4,58.8,32234.046745691012,9839.418175495468,0.0,11080.904451987699,57.0,3326.23828125,160.653,64.0,1980.0,351.3,10587.7265625,143,1632.6947793960571,98.0,19.26171875,3,4097.1114683151245,5.1,4.8046875,404,1771010053.0782194,3.1,104.97265625,37,20881.82187652588,3.1,25.39453125,13,20913.274558782578
2026-02-13T22:14:16,gaming,20.6,58.8,30527.451542588202,9245.98553253931,83647.83377422643,61755.627278628104,45.0,3326.23828125,156.435,63.0,1980.0,321.2,10587.55859375,143,1634.2419357299805,100.1,19.26171875,3,4098.672892570496,6.0,92.55078125,147,20917.116225004196,4.0,25.4296875,14,20914.829916715622,3.0,4.8046875,404,1771010054.6456172
2026-02-13T22:14:17,gaming,20.0,58.8,33000.13315360241,9897.82070377046,0.0,10025.753495773823,47.0,3326.23828125,156.121,62.0,1980.0,306.2,10588.2109375,143,1635.772352695465,99.1,19.26171875,3,4100.202930212021,6.1,25.42578125,14,20916.369148015976,5.1,118.65625,32,20909.322241544724,4.1,4.8046875,404,1771010056.177924
2026-02-13T22:14:19,gaming,19.5,58.8,29449.287068066595,9159.334074933315,0.0,26042.08782689284,55.0,3326.23828125,162.552,63.0,1980.0,313.4,10580.0078125,143,1637.3175575733185,98.6,19.26171875,3,4101.741058349609,6.1,42.33984375,33,20920.176654338837,4.1,4.8046875,404,1771010057.7104645,4.0,76.76953125,105,20892.615545749664
2026-02-13T22:14:20,gaming,19.7,58.8,33376.812598849225,8935.106519710558,254633.05154765234,10278.157028616175,46.0,3326.23828125,159.228,63.0,1980.0,321.5,10579.46875,143,1638.8780586719513,99.0,19.26171875,3,4103.288199663162,8.1,4.8046875,404,1771010059.2547204,6.1,25.4296875,13,20919.458115816116,5.1,42.33984375,33,20921.71742582321
2026-02-13T22:14:22,gaming,20.9,58.8,32049.479184294018,10356.536520237105,41591.15003310613,39316.634015670636,45.0,3326.92578125,160.303,63.0,1980.0,335.4,10579.3125,143,1640.4388179779053,100.5,19.26171875,3,4104.858409643173,8.9,92.55078125,147,20923.301732063293,7.9,42.37890625,35,20923.298134565353,5.9,4.8046875,404,1771010060.8304145
2026-02-13T22:14:23,gaming,20.4,58.8,25497.449217069337,8928.356371637146,548505.4745623707,29007.50105858691,46.0,3326.92578125,153.231,62.0,1980.0,302.7,10577.515625,143,1641.9563789367676,98.5,19.26171875,3,4106.412635087967,7.1,25.39453125,14,20922.564794540405,3.1,188.85546875,277,20919.53431725502,3.1,29.53515625,9,20908.250655174255
2026-02-13T22:14:25,gaming,20.0,58.8,25137.35072827302,9104.95514655303,86122.87515111487,126829.390359259,47.0,3326.92578125,154.441,63.0,1980.0,303.7,10579.48828125,143,1643.536238193512,99.8,19.38671875,3,4107.963200330734,23.8,346.69921875,11,5688.64667391777,10.3,4.8046875,404,1771010063.9106305,5.0,25.39453125,13,20924.138096809387
2026-02-13T22:14:27,gaming,19.8,58.8,25759.459288372156,9454.042348315932,0.0,37224.335117816,56.0,3340.67578125,165.008,64.0,1980.0,317.6,10582.84375,143,1645.0922865867615,99.3,19.39453125,3,4109.50577712059,8.0,4.8046875,404,1771010065.4743342,4.1,42.37890625,35,20927.94328069687,4.1,25.39453125,13,20925.67991042137
2026-02-13T22:14:28,gaming,20.4,58.8,27824.860468515126,9515.691930616642,413733.4215915161,49130.84381399254,58.0,3340.67578125,173.744,64.0,1980.0,306.8,10582.24609375,143,1646.6638188362122,99.5,19.39453125,3,4111.090935468674,15.8,345.71875,11,5691.769940137863,4.1,134.04296875,23,20820.692477703094,4.0,25.43359375,14,20927.260684728622
2026-02-13T22:14:30,gaming,20.4,58.8,30240.495428628725,9109.264298020398,85198.33666834091,17971.524140978163,50.0,3340.67578125,167.246,63.0,1980.0,313.9,10583.765625,143,1648.2019238471985,100.6,18.75,3,4112.628810167313,8.1,25.43359375,14,20928.796763420105,5.1,42.37890625,35,20931.061511278152,3.0,29.5390625,4,1631.017678976059
2026-02-13T22:14:31,gaming,20.1,58.8,27948.31608278101,11588.451975455899,126752.84372686694,24756.414790403698,60.0,3340.67578125,188.083,65.0,1980.0,315.3,10584.66015625,143,1649.757722377777,100.1,18.75,3,4114.174488782883,7.1,25.39453125,13,20930.347455263138,4.0,4.8046875,404,1771010070.1460521,3.0,105.0234375,37,20898.88283777237
2026-02-13T22:14:33,gaming,19.4,58.8,30937.62078432839,10065.508933218012,421234.4785743139,8556.325346040752,64.0,3340.67578125,174.096,65.0,1980.0,320.5,10584.484375,143,1651.3128740787506,99.3,19.39453125,3,4115.7330141067505,7.0,4.8046875,404,1771010071.7040966,4.0,25.39453125,13,20931.902204990387,3.0,92.546875,147,20934.177766799927
2026-02-13T22:14:34,gaming,20.7,58.8,28548.059135908614,8965.214825971705,210032.28670725733,19034.175982845194,56.0,3340.67578125,182.239,65.0,1980.0,345.2,10583.79296875,143,1652.8786985874176,99.1,19.39453125,3,4117.294187068939,8.0,4.8046875,404,1771010073.2630134,7.0,25.4296875,14,20933.46795153618,2.0,105.0390625,37,20902.003937005997
2026-02-13T22:14:36,gaming,20.6,58.8,28798.745354382416,10007.147473387535,41997.20906864277,65292.53597390555,72.0,3340.67578125,189.038,68.0,1980.0,352.3,10583.734375,143,1654.4263861179352,100.1,19.2734375,3,4118.855465888977,8.0,4.8046875,404,1771010074.8277345,4.0,92.55859375,147,20937.2996134758,3.0,25.39453125,13,20935.02924323082
2026-02-13T22:14:37,gaming,20.8,58.8,30937.23116469521,9546.448863243872,211449.2607481244,8920.515687811498,59.0,3340.67578125,187.519,66.0,1980.0,317.0,10580.83984375,143,1655.9647953510284,100.0,18.62890625,3,4120.4032237529755,8.1,4.8046875,404,1771010076.3735695,7.1,25.39453125,13,20936.56006002426,4.0,92.53515625,147,20938.848333120346
2026-02-13T22:14:39,gaming,19.1,58.8,34971.41585760291,9355.922934192095,85713.25440906033,23102.40060244204,53.0,3340.67578125,167.635,65.0,1980.0,339.6,10581.21484375,143,1657.501496553421,100.2,19.2734375,3,4121.931782960892,9.2,4.8046875,404,1771010077.903387,4.1,25.39453125,13,20938.09758257866,2.0,92.54296875,147,20940.375613212585
2026-02-13T22:14:40,gaming,19.6,58.8,34995.903521949025,9476.545483107753,127378.45452538792,69328.37759324498,52.0,3340.67578125,168.807,65.0,1980.0,323.2,10581.77734375,144,1659.0439295768738,99.3,19.2734375,3,4123.473929405212,5.1,105.015625,37,20908.18513560295,3.0,25.39453125,13,20939.643274068832,2.0,4.8046875,404,1771010079.4441414
2026-02-13T22:14:42,gaming,19.2,58.8,34578.888012157826,9896.461137093134,42526.68527182058,15615.267248246619,56.0,3340.67578125,170.094,65.0,1980.0,312.5,10582.59765625,144,1660.5787286758423,100.3,19.2734375,3,4125.016018867493,4.1,4.8046875,404,1771010080.9867685,4.1,42.54296875,35,20943.450626134872,4.1,25.39453125,13,20941.178582906723
2026-02-13T22:14:44,gaming,20.9,58.8,30011.71558988841,9052.129908525047,0.0,35223.11116693012,51.0,3340.67578125,164.772,64.0,1980.0,329.3,10585.1796875,144,1662.1111824512482,100.1,19.2734375,3,4126.544936656952,9.2,4.8046875,404,1771010082.5146096,5.1,25.39453125,13,20942.719255924225,4.1,92.5546875,147,20944.98922085762
2026-02-13T22:14:45,gaming,21.8,58.8,37805.237223825,8845.01600800717,424508.94844434847,8954.485631247975,51.0,3340.67578125,167.379,64.0,1980.0,343.0,10584.05859375,144,1663.6830265522003,99.1,19.2734375,3,4128.091035366058,9.1,4.8046875,404,1771010084.0582225,6.1,92.5234375,147,20946.531914711,6.0,25.4296875,14,20944.274613380432
2026-02-13T22:14:47,gaming,20.3,58.8,33372.18080836509,9105.675828494283,0.0,51888.202285178675,60.0,3340.67578125,179.265,66.0,1980.0,325.3,10584.62890625,144,1665.2247607707977,100.6,19.2734375,3,4129.658846855164,7.1,25.4296875,14,20945.823553800583,4.1,21.1953125,6,4343.556270599365,3.0,123.10546875,164,20925.994174718857
2026-02-13T22:14:48,gaming,20.4,58.8,35104.01808807219,9576.244146851606,85137.18190437047,8646.745037162626,65.0,3340.67578125,191.501,67.0,1980.0,317.5,10584.88671875,144,1666.755217075348,98.7,19.2734375,3,4131.194556474686,9.2,105.04296875,37,20915.90474295616,6.1,25.4296875,14,20947.35507416725,5.1,4.8046875,404,1771010087.1642249
2026-02-13T22:14:50,gaming,20.2,58.8,34952.80122367688,9075.906153280888,214977.08025929463,14443.772579921357,54.0,3340.67578125,172.439,65.0,1980.0,329.0,10583.51953125,144,1668.2941415309906,99.0,19.2734375,3,4132.724589109421,6.2,4.8046875,404,1771010088.6897728,5.1,105.0546875,37,20917.43175649643,5.1,42.54296875,35,20951.15828061104
2026-02-13T22:14:51,gaming,20.1,58.8,26721.02106143849,9951.51677814406,126686.59743054568,15505.911664676163,55.0,3340.67578125,169.386,66.0,1980.0,299.1,10583.33984375,144,1669.840449810028,98.9,19.2734375,3,4134.273593664169,7.1,25.4296875,13,20950.435070753098,5.0,4.8046875,404,1771010090.2426739,5.0,189.109375,278,20947.414084672928
2026-02-13T22:14:53,gaming,19.6,58.8,25928.981846538012,9617.972469669949,85670.87241213588,32795.88084527077,42.0,3339.40234375,156.817,63.0,1980.0,295.0,10575.65625,144,1671.3500661849976,99.0,19.3984375,3,4135.804781198502,8.2,25.42578125,14,20951.955783843994,7.2,105.05859375,37,20920.50983595848,6.1,4.8046875,404,1771010091.7725074
2026-02-13T22:14:55,gaming,19.4,58.8,108968.39249641926,9660.86536790939,1571264.0345964492,33840.56831267691,48.0,3664.328125,152.129,63.0,1980.0,391.9,10690.13671875,144,1673.1208209991455,98.7,19.3984375,3,4137.357417821884,7.1,4.8046875,404,1771010093.3197248,5.9,105.05078125,37,20922.088352441788,4.9,42.54296875,35,20955.82453560829
2026-02-13T22:14:56,gaming,24.7,59.0,382334.3984513156,6009.629139866769,6391102.201358539,309107.22803716565,53.0,3655.828125,156.823,63.0,1980.0,256.8,10649.69921875,144,1674.6780047416687,98.9,19.3984375,3,4139.126588582993,34.3,4.8046875,404,1771010095.0893927,8.5,25.43359375,14,20955.28544473648,6.2,105.05078125,37,20923.84104824066
2026-02-13T22:14:58,gaming,16.2,59.0,11151.648496767606,4802.091609620561,0.0,10473.93129420057,48.0,3655.203125,159.916,64.0,1980.0,249.0,10648.3828125,144,1676.1777169704437,98.5,19.3984375,3,4140.632679700851,6.3,25.39453125,13,20956.784734010696,5.2,105.05078125,37,20925.345260858536,5.2,42.54296875,35,20959.0675034523
2026-02-13T22:14:59,gaming,18.1,59.0,11264.086540826354,4661.230225097688,174012.18116320256,30248.21117875982,50.0,3738.50390625,156.866,64.0,1980.0,269.9,10682.046875,144,1677.7119488716125,100.3,18.75390625,3,4142.144577741623,9.3,4.8046875,404,1771010098.109676,6.2,105.05078125,37,20926.85699892044,5.2,25.43359375,14,20958.291540384293
2026-02-13T22:15:01,gaming,18.2,59.0,12638.553418100808,5219.952956958365,125477.99375983252,82671.69901363966,63.0,3750.95703125,191.909,67.0,1980.0,274.1,10592.91796875,144,1679.2510216236115,98.9,19.3984375,3,4143.708464384079,7.0,4.8046875,404,1771010099.6788428,7.0,42.54296875,35,20962.13535809517,6.0,105.05078125,37,20928.41536617279
2026-02-13T22:15:02,gaming,18.4,58.8,10346.248271579421,9754.771789074375,3480934.837420747,10072.14941383318,63.0,3748.46484375,200.911,68.0,1980.0,263.7,10603.70703125,144,1680.7740092277527,100.3,19.40234375,3,4145.23632311821,14.3,4.8046875,404,1771010101.2033982,7.1,42.54296875,35,20963.677743911743,6.1,105.05078125,37,20929.952632188797
2026-02-13T22:15:04,gaming,16.6,58.9,7397.433809504975,8834.06999241138,1804678.3282847684,32324.649934978705,64.0,3715.91796875,201.708,68.0,1980.0,234.4,10601.9609375,144,1682.2536075115204,98.9,19.27734375,3,4146.719241142273,8.5,105.05078125,37,20931.424477100372,8.5,25.39453125,13,20962.860590934753,7.3,4.8046875,404,1771010102.692636
2026-02-13T22:15:05,gaming,16.4,58.9,7407.056507169714,7825.801381287087,177050.73593649108,19019.12202442775,65.0,3704.20703125,201.602,69.0,1980.0,263.6,10593.8046875,144,1683.7294917106628,99.6,19.27734375,3,4148.194431304932,9.5,105.05078125,37,20932.89997291565,5.3,4.8046875,404,1771010104.1710806,3.2,25.39453125,13,20964.329562425613
2026-02-13T22:15:07,gaming,16.6,58.8,8115.662126990379,9989.234592059564,177053.27335367558,75040.15687060078,69.0,3681.20703125,213.755,70.0,1965.0,267.1,10587.3359375,144,1685.203643321991,98.9,19.27734375,3,4149.680825948715,8.4,25.39453125,13,20965.81353712082,6.3,4.8046875,404,1771010105.6517158,5.3,105.03125,37,20934.386688232422
2026-02-13T22:15:08,gaming,18.0,58.8,7420.876370175302,8153.053324659756,0.0,34518.839843097616,69.0,3655.234375,214.312,71.0,1965.0,257.6,10579.984375,144,1686.6844732761383,100.0,19.27734375,3,4151.16493844986,9.5,105.0390625,37,20935.870837688446,6.3,4.8046875,404,1771010107.1377566,5.3,25.39453125,13,20967.29730606079
2026-02-13T22:15:10,gaming,17.5,58.8,7029.945437976846,7844.886032350844,786053.1825609963,13646.756641683962,68.0,3653.62890625,213.007,71.0,1965.0,361.0,10551.37109375,144,1688.2941846847534,99.8,19.27734375,3,4152.667704820633,8.2,42.54296875,35,20971.10899734497,5.0,25.39453125,13,20968.8679625988,3.1,105.0390625,37,20937.383954048157
2026-02-13T22:15:11,gaming,21.4,58.7,11047.861017502986,8811.299026342662,0.0,23453.877863571084,40.0,3700.19140625,133.732,64.0,1980.0,419.1,10614.8828125,144,1689.9570095539093,100.7,19.27734375,3,4154.281606197357,11.6,105.0390625,37,20938.994096517563,7.8,42.54296875,35,20972.716526031494,7.5,121.48046875,32,20963.498054027557
2026-02-13T22:15:13,gaming,25.6,58.9,8240.821536878118,8469.487051667811,7396103.945364686,9075.71655599397,44.0,3700.69140625,141.093,63.0,1980.0,457.4,10619.1953125,144,1691.6751670837402,99.7,19.39453125,2,4155.989061832428,11.1,4.8046875,404,1771010111.9495697,8.2,105.0390625,37,20940.71209549904,7.1,25.43359375,14,20972.238323926926
2026-02-13T22:15:15,gaming,26.8,58.9,7023.042830146563,8611.179782132176,9527.658667642732,43767.6820044838,41.0,3670.78515625,144.657,63.0,1980.0,453.6,10617.140625,144,1693.3559584617615,98.3,19.39453125,2,4157.705861568451,12.8,105.0390625,37,20942.422159433365,8.2,4.8046875,404,1771010113.6647305,7.4,25.39453125,13,20973.9251537323
2026-02-13T22:15:16,gaming,25.0,58.9,7196.442284274333,8923.760610902258,201497.924268223,108305.13429416985,44.0,3593.08203125,141.47,63.0,1980.0,362.8,10620.0390625,144,1694.8803868293762,99.0,19.39453125,2,4159.316045999527,9.7,105.046875,37,20944.027664661407,7.7,92.5234375,147,20977.761029720306,7.0,25.39453125,13,20975.478625059128
2026-02-13T22:15:18,gaming,22.2,58.9,7333.8205694249145,8830.558713479419,128671.05073295499,6031.455503107265,43.0,3539.56640625,142.62,63.0,1980.0,344.7,10613.203125,144,1696.4079492092133,98.0,19.39453125,2,4160.846053361893,13.3,105.05078125,37,20945.55405521393,11.2,92.53515625,147,20979.2896733284,6.1,25.39453125,13,20977.00635433197
2026-02-13T22:15:19,gaming,21.5,58.7,7131.979062687178,8532.601342565149,42653.89485784513,11663.174375192028,47.0,3539.02734375,156.929,64.0,1980.0,371.3,10532.23828125,144,1697.9819202423096,99.8,19.39453125,2,4162.395887136459,10.1,92.51953125,147,20980.840180635452,9.1,105.0625,37,20947.107089996338,9.1,42.54296875,35,20980.830417394638
2026-02-13T22:15:21,gaming,23.6,58.7,7014.738785796244,8811.064825763771,0.0,17855.468155836774,48.0,3539.15234375,153.651,64.0,1980.0,350.6,10521.53125,144,1699.5462136268616,99.7,19.39453125,2,4163.962546825409,19.9,92.53515625,147,20982.40716767311,15.9,105.06640625,37,20948.679035663605,7.9,4.8046875,404,1771010119.9329648
2026-02-13T22:15:22,gaming,23.4,58.6,7317.058588109392,8995.806011029097,0.0,9510.126568299042,13.0,3278.15625,122.182,58.0,1980.0,364.5,10327.46875,144,1701.0764091014862,98.5,19.39453125,2,4165.517622232437,29.1,92.51953125,147,20983.96335721016,16.2,105.07421875,37,20950.224568605423,13.0,4.8046875,404,1771010121.4926724
2026-02-13T22:15:24,gaming,22.7,57.8,12332.81314998734,9962.130020750677,4180419.8854625314,15824.720893745085,33.0,3299.46484375,74.517,57.0,1815.0,239.5,9893.5703125,141,1702.5568969249725,98.9,19.39453125,2,4167.033556938171,20.6,92.5234375,147,20985.48163318634,15.4,105.0703125,37,20951.742618083954,12.3,4.8046875,404,1771010123.012949
2026-02-13T22:15:25,gaming,17.6,56.8,47005.92645620393,10063.527247437958,16457660.934451425,75181.07087872212,28.0,3219.80859375,92.113,57.0,1815.0,185.6,9903.12109375,142,1703.9458940029144,99.4,19.39453125,2,4168.495529174805,28.8,4.8046875,404,1771010124.4762752,11.8,105.0703125,37,20953.198410511017,6.4,92.54296875,147,20986.943967342377
2026-02-13T22:15:27,gaming,14.0,56.7,432.8339725731206,404.86170903948357,2701543.545385908,30528.04508597357,28.0,2921.36328125,90.829,57.0,1815.0,159.2,9812.71484375,142,1705.300217628479,98.1,19.39453125,2,4169.849242210388,13.9,105.07421875,37,20954.551861286163,9.2,4.8046875,404,1771010125.8338335,3.5,25.43359375,14,20985.94060778618
2026-02-13T22:15:28,gaming,13.5,56.3,209.58715995685733,740.9348894249464,0.0,15113.890971536755,24.0,2531.66796875,85.087,56.0,1815.0,150.3,9495.65625,142,1706.654014825821,100.2,19.41015625,3,4171.205683231354,12.7,105.07421875,37,20955.900535821915,10.4,4.8046875,404,1771010127.1891146,6.9,25.39453125,13,20987.299119710922
2026-02-13T22:15:29,gaming,13.0,55.5,239.65900196583397,192.31895219480504,1599714.9618626095,12119.052741383406,24.0,2531.24609375,85.515,56.0,1815.0,142.8,9495.53125,142,1708.0086028575897,99.5,19.41015625,3,4172.555406332016,16.2,4.8046875,404,1771010128.5408897,9.2,105.078125,37,20957.265097141266,6.9,92.52734375,147,20991.006587266922
2026-02-13T22:15:31,gaming,12.0,55.5,5723.657670527372,1586.30450621667,250745.1059780185,33935.42787672431,25.0,2531.24609375,86.347,56.0,1815.0,154.3,9477.9375,142,1709.3652930259705,99.9,19.28125,3,4173.9168972969055,12.7,105.078125,37,20958.61734175682,5.7,59.37109375,22,20948.97089076042,3.4,92.54296875,147,20992.36621904373
2026-02-13T22:15:32,gaming,12.0,55.5,2699.226834857905,535.8596341555481,96744.06882649586,15494.167272993476,25.0,2531.24609375,86.162,55.0,1815.0,141.8,9468.15625,143,1710.709813117981,99.3,19.28125,3,4175.270174503326,9.3,105.1796875,37,20959.96760416031,4.6,4.8046875,403,1771010131.2535036,3.5,25.39453125,13,20991.3521733284
2026-02-13T22:15:33,gaming,12.6,55.5,2186.2475318516617,485.99792176444146,0.0,62017.49626723735,22.0,2531.24609375,82.838,55.0,1815.0,102.9,9468.51953125,143,1712.0457713603973,97.6,19.28125,3,4176.615372419357,14.0,105.171875,37,20961.31063270569,5.8,4.8046875,403,1771010132.5991824,5.8,92.53515625,147,20995.065942049026
2026-02-13T22:15:35,gaming,9.7,55.5,575.943597595045,243.72613179477818,0.0,46459.4502060003,22.0,2530.0859375,82.447,54.0,1815.0,99.6,19.28125,3,4177.948362588882,68.0,9469.48828125,143,1713.3781533241272,11.7,92.5390625,147,20996.397462129593,7.0,105.171875,37,20962.646121025085,7.0,25.4296875,14,20994.026120185852
2026-02-13T22:15:36,gaming,10.7,55.5,762.5952738337439,969.5532832517512,678390.3585235826,82543.25245193562,22.0,2530.0859375,82.487,54.0,1815.0,100.7,19.28125,3,4179.282687664032,42.3,9468.44140625,143,1714.7092843055725,21.1,25.42578125,14,20995.35705423355,12.9,41.69921875,35,20997.69572854042,10.6,328.23046875,95,20965.00339436531
2026-02-13T22:15:37,gaming,11.5,55.5,132.99238452980944,628.6912723227355,247607.6395609543,34819.824313259196,24.0,2530.0859375,82.702,54.0,1815.0,99.1,19.28125,3,4180.607154607773,43.7,9467.546875,143,1716.0318024158478,21.3,4.8046875,403,1771010136.592731,16.6,105.11328125,37,20965.301098823547,16.5,327.95703125,95,20966.328822612762
2026-02-13T22:15:39,gaming,8.9,55.5,49.65768487224393,234.7454193960622,0.0,11171.474317925422,22.0,2575.5859375,82.728,54.0,1815.0,101.0,19.28125,3,4181.937741279602,57.1,9466.85546875,143,1717.3716673851013,15.2,105.109375,37,20966.633659124374,11.7,327.95703125,95,20967.669985055923,9.4,25.39453125,13,20998.018325328827
2026-02-13T22:15:40,gaming,11.5,55.5,162.1741465160587,142.08835772737254,210249.1100227274,112361.390320117,27.0,2576.7734375,73.252,53.0,1815.0,99.6,19.28515625,3,4183.287118673325,88.7,9507.43359375,143,1718.764189004898,17.3,105.109375,37,20967.986655712128,16.1,41.77734375,35,21001.70518231392,15.6,327.95703125,95,20969.07121348381
2026-02-13T22:15:42,gaming,14.7,55.5,687.28466750948,868.0362484657153,24346966.470216908,26702.652528933806,14.0,2539.0859375,69.722,51.0,1815.0,98.7,19.28515625,3,4184.679383993149,78.1,9472.48828125,143,1720.1237590312958,34.7,92.52734375,147,21003.129902601242,16.9,105.04296875,37,20969.375821352005,15.0,327.95703125,95,20970.429559230804
2026-02-13T22:15:43,gaming,9.0,55.5,1796.4394481822596,769.3767308813367,108563.84232424725,46365.80765931393,14.0,2519.6484375,71.759,52.0,1815.0,99.1,19.28515625,3,4186.036046028137,52.5,9471.828125,143,1721.4626092910767,20.0,327.95703125,95,20971.759665966034,13.8,105.04296875,37,20970.73162984848,11.5,92.5390625,147,21004.48594021797
2026-02-13T22:15:44,gaming,9.1,55.5,809.4081058965498,318.35717708732574,787315.3191545275,18452.70279268424,18.0,2513.9921875,73.196,52.0,1815.0,99.6,19.28515625,3,4187.369766712189,45.2,9474.91015625,143,1722.8117318153381,17.5,105.046875,37,20972.069422245026,13.9,327.95703125,95,20973.10769867897,12.9,92.54296875,147,21005.820694684982
2026-02-13T22:15:46,gaming,10.2,55.5,7935.156259150617,2328.3996523053747,1462562.2966148725,71604.61243843647,16.0,2509.0234375,76.64,52.0,1815.0,100.2,19.28515625,3,4188.711448669434,59.5,9457.80859375,143,1724.1505527496338,21.0,105.05078125,37,20973.40936899185,16.3,327.95703125,95,20974.44682788849,10.5,25.39453125,13,21004.79575896263
2026-02-13T22:15:47,gaming,10.4,55.4,436.31994855402775,897.3372526865853,2010945.5061507842,8046.847490313733,22.0,2618.3359375,72.758,52.0,1815.0,99.3,19.28515625,3,4190.048337221146,65.7,9465.91796875,143,1725.4832661151886,23.4,105.05078125,37,20974.743135213852,8.2,92.53125,147,21008.4987885952,5.9,327.95703125,95,20975.779371738434
2026-02-13T22:15:48,gaming,10.2,55.4,279.5674511535533,761.5027623914481,8988946.497641465,12663.730977722349,22.0,2607.3359375,80.475,52.0,1815.0,99.4,18.6328125,3,4191.384204864502,46.5,9454.58984375,143,1726.8271856307983,18.7,105.05078125,37,20976.078895807266,15.2,92.546875,147,21009.835035324097,9.3,25.43359375,13,21007.471161603928
2026-02-13T22:15:50,gaming,9.4,55.4,541.9652670478968,471.62824468512326,0.0,80364.86058257775,22.0,2607.3359375,80.283,52.0,1815.0,100.6,19.28515625,3,4192.735504865646,41.9,9454.5546875,143,1728.1707136631012,30.0,105.0546875,37,20977.43244433403,10.4,92.52734375,147,21011.185745477676,9.3,25.39453125,13,21008.813403367996
2026-02-13T22:15:51,gaming,9.8,55.4,164.60135691975984,259.1912769596218,0.0,35845.855682507696,22.0,2607.3359375,80.197,52.0,1815.0,100.2,19.28515625,3,4194.077016353607,50.3,9451.37109375,143,1729.5059130191803,33.7,105.05859375,37,20978.77535533905,7.0,25.42578125,13,21010.155737638474,5.8,92.5390625,147,21012.526795864105
2026-02-13T22:15:52,gaming,11.3,55.4,593.7263380424927,782.6392637832859,49129.35516408182,35695.5471114032,22.0,2607.3359375,80.091,52.0,1815.0,99.6,19.28515625,3,4195.409606695175,49.1,9451.33984375,143,1730.8415358066559,38.6,328.28125,95,20981.140397310257,23.4,105.06640625,37,20980.108908176422,12.9,92.54296875,147,21013.860048294067
2026-02-13T22:15:54,gaming,12.9,55.4,346.0198229838187,93.62008197614142,0.0,36812.91415433043,26.0,2607.3359375,79.966,52.0,1815.0,100.3,19.28515625,3,4196.749311685562,58.7,9443.17578125,144,1732.198460817337,28.8,328.28125,95,20982.49690937996,12.9,92.53515625,147,21015.19541668892,11.7,4.8046875,403,1771010152.7297082
2026-02-13T22:15:55,gaming,11.2,55.4,239.8634528824463,677.5219992187252,0.0,14359.333351633462,21.0,2607.3359375,79.85,52.0,1815.0,98.0,19.28515625,3,4198.104907512665,40.6,9443.15625,144,1733.5460557937622,18.4,92.546875,147,21016.554318904877,6.9,4.8046875,403,1771010154.085999,5.8,328.23828125,95,20983.84243941307
2026-02-13T22:15:56,gaming,8.6,55.4,492.2947879640635,413.4681300725367,118031.765476822,100136.6268400135,22.0,2607.3359375,79.911,51.0,1815.0,99.1,19.28515625,3,4199.444482803345,47.6,9443.14453125,144,1734.9892420768738,27.8,248.80078125,73,21015.593883752823,8.2,92.53125,147,21017.895099163055,3.2,20.51953125,8,4413.277973890305
2026-02-13T22:15:58,gaming,12.0,55.5,267.4445985767205,306.7341401202078,20447633.942349344,125991.220376926,23.0,2607.3359375,80.306,51.0,1815.0,99.1,19.28515625,3,4200.894635677338,40.9,9443.109375,144,1736.3269438743591,6.5,92.52734375,147,21019.34542775154,4.5,242.2890625,77,21016.969257354736,3.5,189.65234375,277,21013.91644024849
2026-02-13T22:15:59,gaming,8.1,55.5,49.41871363987887,0.0,0.0,66706.27819317467,22.0,2607.3359375,80.062,51.0,1815.0,99.4,19.28515625,3,4202.230992078781,43.0,9443.08203125,144,1737.6697902679443,3.5,4.8046875,403,1771010158.2155147,2.3,92.53515625,147,21020.680693864822,2.3,25.39453125,13,21018.31429719925
2026-02-13T22:16:00,gaming,7.5,55.5,166.36664660790066,46.46275716076505,0.0,46043.09354770008,22.0,2607.3359375,79.988,51.0,1815.0,99.2,19.28515625,3,4203.569532632828,49.9,9443.05859375,144,1739.0157716274261,11.6,25.43359375,14,21019.661072969437,10.5,4.8046875,403,1771010159.550002,8.1,189.6796875,277,21016.60684776306
2026-02-13T22:16:02,gaming,12.0,55.5,666.7303306527198,405.19522857347613,0.0,92413.9808586488,22.0,2607.3359375,80.073,51.0,1815.0,100.4,19.28515625,3,4204.923254966736,50.0,9443.01171875,144,1740.3594660758972,12.7,4.8046875,403,1771010160.9078643,8.2,25.39453125,13,21021.0005838871,8.1,42.37890625,35,21023.334082841873
2026-02-13T22:16:03,gaming,8.1,55.5,180.75293984402867,233.7837610379379,0.0,35947.42763972484,22.0,2607.3359375,80.126,51.0,1815.0,99.3,19.28515625,3,4206.26109623909,36.2,9441.875,144,1741.69749045372,5.8,25.4296875,14,21022.34299349785,4.7,42.37890625,35,21024.673966407776,3.5,4.8046875,403,1771010162.2464712
2026-02-13T22:16:04,gaming,7.1,55.5,0.0,80.66566754232507,0.0,46272.216996130766,22.0,2607.3359375,79.984,51.0,1815.0,100.3,19.28515625,3,4207.6006598472595,31.5,9441.84375,144,1743.0378522872925,11.7,4.8046875,403,1771010163.5856533,3.5,42.37890625,35,21026.01598930359,2.3,189.703125,277,21020.62586736679
2026-02-13T22:16:06,gaming,6.2,55.5,216.40005899483546,218.63868029478203,0.0,68770.44633435874,22.0,2607.3359375,80.143,51.0,1815.0,98.5,19.28515625,3,4208.949348688126,25.6,9441.80859375,144,1744.3813455104828,3.5,20.51953125,8,4422.667522907257,2.3,105.09765625,37,20993.644313812256,1.2,92.53515625,147,21027.39507985115
2026-02-13T22:16:07,gaming,6.0,55.5,588.5388411637917,482.0058610543965,0.0,11061.550270379721,21.0,2607.3359375,79.827,51.0,1815.0,99.6,19.28515625,3,4210.283404827118,37.2,9442.5703125,144,1745.7246775627136,9.3,25.39453125,13,21026.364604234695,4.7,189.71875,277,21023.313056468964,4.7,20.51953125,8,4424.010684013367
2026-02-13T22:16:08,gaming,9.0,55.5,234.78213020044873,1636.0450971562914,0.0,15977.072556425474,22.0,2607.3359375,79.898,51.0,1815.0,98.7,18.6328125,3,4211.629337072372,56.1,9442.83984375,144,1747.0623655319214,7.0,4.8046875,403,1771010167.6134467,5.8,42.37890625,35,21030.04048204422,2.3,25.39453125,13,21027.708072185516
2026-02-13T22:16:10,gaming,7.1,55.5,0.0,436.21611585433294,0.0,10726.576735656461,22.0,2607.3359375,79.778,50.0,1815.0,100.4,19.28515625,3,4212.967213392258,53.5,9442.80078125,144,1748.4066824913025,3.5,4.8046875,403,1771010168.9499083,3.5,25.39453125,13,21029.052766799927,3.5,34.28515625,10,21014.68219923973
2026-02-13T22:16:11,gaming,9.6,55.5,329.22091628417763,1200.9919972967646,0.0,29479.297113733,22.0,2607.3359375,79.894,50.0,1815.0,99.0,18.6328125,3,4214.32555270195,44.9,9442.78515625,144,1749.7648975849152,16.1,42.37890625,35,21032.739290237427,16.1,25.43359375,14,21030.40940093994,6.9,4.8046875,403,1771010170.3074276
2026-02-13T22:16:12,gaming,7.8,55.5,1431.839183560841,2819.0496133483575,12186.625030369258,38464.03525210297,21.0,2607.3359375,79.798,50.0,1815.0,100.4,19.28515625,3,4215.6639358997345,39.7,9442.75390625,144,1751.1019639968872,7.0,25.39453125,13,21031.743297576904,4.7,42.37890625,35,21034.074886083603,3.5,4.8046875,403,1771010171.6491845
2026-02-13T22:16:14,gaming,7.9,55.5,49.35916476147581,102.45766018669978,0.0,10721.408879098746,22.0,2607.3359375,79.912,50.0,1815.0,96.8,19.28515625,3,4217.003524780273,38.2,9442.7265625,144,1752.453043937683,9.3,4.8046875,403,1771010172.986245,4.7,42.37890625,35,21035.418349981308,3.5,29.609375,9,21018.73838877678
2026-02-13T22:16:15,gaming,7.6,55.4,254.55171831461624,179.29294942159925,0.0,11333.085198007262,22.0,2607.3359375,79.719,50.0,1815.0,102.6,9442.66015625,144,1753.8089084625244,100.2,19.28515625,3,4218.360418319702,10.4,25.43359375,14,21034.45064663887,3.5,42.37890625,35,21036.775671958923,3.5,114.16796875,44,21010.31981229782
2026-02-13T22:16:17,gaming,14.3,55.4,310.9438536736944,404.30051896106835,0.0,78284.34194050534,22.0,2607.3359375,79.915,50.0,1815.0,160.9,9441.5546875,144,1755.168925523758,98.9,19.28515625,3,4219.718809127808,13.8,25.43359375,14,21035.80645942688,9.2,42.37890625,35,21038.134041309357,6.9,4.8046875,403,1771010175.7027776
2026-02-13T22:16:18,gaming,13.1,55.4,178.77850342498868,661.9237151602887,0.0,10969.021565513356,22.0,2607.3359375,79.756,50.0,1815.0,149.6,9442.5703125,144,1756.5163819789886,99.1,19.41015625,3,4221.074809074402,10.4,25.39453125,13,21037.161052942276,6.9,43.78515625,35,21039.4874522686,4.6,92.5234375,147,21039.522518634796
2026-02-13T22:16:19,gaming,12.7,55.4,48.59469682740025,88.35399423163682,0.0,20356.760270969124,22.0,2607.3359375,79.852,50.0,1815.0,100.4,19.41015625,3,4222.428951263428,42.9,9442.62890625,144,1757.8645570278168,11.5,42.34375,33,21040.843050956726,9.2,4.8046875,403,1771010178.4138217,8.1,25.4296875,14,21038.50622200966
2026-02-13T22:16:21,gaming,8.1,55.4,0.0,40.217257883112836,0.0,363015.86493367393,22.0,2607.3359375,79.686,50.0,1815.0,98.7,19.41015625,3,4223.774603366852,37.6,9442.609375,144,1759.236602306366,3.5,4.8046875,403,1771010179.7569065,3.5,92.55078125,147,21042.22297143936,3.4,20.51953125,8,4437.523166179657
2026-02-13T22:16:22,gaming,7.7,55.4,563.3761532929085,1355.7610546126746,2996.8684725814974,19479.645071779734,22.0,2607.3359375,79.732,50.0,1815.0,134.2,9442.5859375,144,1760.5872263908386,99.2,19.41015625,3,4225.145711421967,5.7,92.52734375,147,21043.59133696556,3.4,97.09375,56,21039.81557202339,2.3,11.3203125,5,21030.086203336716
2026-02-13T22:16:23,gaming,13.5,55.4,178.20861622984245,407.96517930302775,12065.165158304704,70505.80889384312,23.0,2607.3359375,79.633,50.0,1815.0,138.1,9442.5625,144,1761.9447009563446,100.5,19.41015625,3,4226.498263835907,15.0,25.4296875,14,21042.584958076477,9.2,41.75,33,21044.915400981903,5.8,92.53125,147,21044.946560382843
2026-02-13T22:16:25,gaming,11.9,55.4,120.15883208558857,88.46048987896091,0.0,16229.55120979336,22.0,2607.3359375,79.724,50.0,1815.0,120.9,9442.52734375,144,1763.3155426979065,100.0,19.41015625,3,4227.857688903809,10.4,4.8046875,403,1771010183.8386106,5.7,92.5390625,147,21046.30575275421,4.6,41.75,33,21046.269736289978
2026-02-13T22:16:26,gaming,10.2,55.4,223.5441741686219,396.11736399912155,0.0,70835.10509160762,22.0,2607.3359375,79.661,50.0,1815.0,113.8,9442.5,144,1764.6738946437836,96.7,19.41015625,3,4229.230891466141,6.8,92.52734375,147,21047.678000688553,2.3,20.515625,8,4442.962897062302,1.2,25.39453125,13,21045.314415693283
2026-02-13T22:16:27,gaming,9.9,55.4,470.28308616640925,707.6429456937951,0.0,14386.521579329652,22.0,2607.3359375,79.631,50.0,1815.0,118.0,9442.421875,144,1766.0243458747864,98.4,19.41015625,3,4230.580622911453,5.8,92.5234375,147,21049.031024456024,2.3,76.83203125,105,21021.306749343872,1.2,41.75,33,21048.994145154953
2026-02-13T22:16:29,gaming,10.4,55.4,343.12442881017216,52.73124338857624,0.0,13689.327861101932,22.0,2607.3359375,79.515,50.0,1815.0,108.1,9441.33203125,144,1767.3825550079346,99.7,19.41015625,3,4231.9279816150665,7.0,92.53125,147,21050.3769800663,4.6,20.515625,8,4445.673347949982,2.3,4.8046875,403,1771010187.910351
2026-02-13T22:16:30,gaming,9.5,55.4,36.66170828380923,54.25932826003766,0.0,20272.458212615154,22.0,2607.3359375,79.487,50.0,1815.0,105.8,9441.296875,144,1768.7410781383514,99.8,18.7578125,3,4233.290289878845,5.7,92.53125,147,21051.740062475204,2.3,4.8046875,403,1771010189.2741814,1.2,11.3203125,5,21038.24042081833
2026-02-13T22:16:31,gaming,9.6,55.4,106.66621767430375,2288.542090929372,0.0,18455.462544916776,22.0,2607.3359375,79.532,50.0,1815.0,99.9,9441.265625,144,1770.1017618179321,98.9,19.41015625,3,4234.649097204208,5.7,92.53515625,147,21053.099006652832,2.3,20.515625,8,4448.39052939415,1.1,4.8046875,403,1771010190.6333158
2026-02-13T22:16:33,gaming,9.4,55.4,436.59727245055194,755.5925859918643,0.0,13171.419397834832,22.0,2607.3359375,79.495,49.0,1815.0,108.7,9441.484375,144,1771.4533648490906,100.8,19.28515625,3,4236.01341676712,5.7,92.5390625,147,21054.463399648666,2.3,4.8046875,403,1771010191.9939194,2.3,20.515625,8,4449.745779275894
2026-02-13T22:16:34,gaming,9.3,55.4,712.0905004466526,0.0,0.0,18929.923999412575,22.0,2607.3359375,79.471,49.0,1815.0,102.6,9442.3203125,144,1772.8087785243988,98.3,19.28515625,3,4237.364014387131,7.0,25.39453125,13,21053.443388938904,5.8,92.5234375,147,21055.811895608902,3.5,189.91796875,276,21050.397541046143
2026-02-13T22:16:36,gaming,11.5,55.4,2378.996137667742,574.418893402062,0.0,73052.4805282087,22.0,2607.3359375,79.371,49.0,1815.0,122.8,9442.54296875,144,1774.1576874256134,99.6,19.28515625,3,4238.713332414627,10.4,4.8046875,403,1771010194.6985683,9.2,25.39453125,14,21054.796634674072,6.9,92.53515625,147,21057.163824796677
2026-02-13T22:16:37,gaming,10.5,55.4,2669.5019637838477,683.1198475183756,0.0,65626.92365920568,22.0,2607.3359375,79.407,49.0,1815.0,115.6,9442.578125,144,1775.5088317394257,98.3,19.28515625,3,4240.064857006073,5.8,92.54296875,147,21058.513790369034,3.5,4.8046875,403,1771010196.048066,2.3,105.296875,37,21024.76206922531
2026-02-13T22:16:38,gaming,10.8,55.4,4435.048842941085,303.587443809691,12161.312174518282,73347.91405256338,22.0,2607.3359375,79.461,49.0,1815.0,121.8,9442.54296875,144,1776.8557963371277,98.3,19.28515625,3,4241.415212392807,8.1,25.4296875,14,21057.498790740967,7.0,92.53125,147,21059.862827062607,5.8,42.34375,33,21059.832400083542
2026-02-13T22:16:40,gaming,12.7,55.4,2610.608604765354,1517.949704518299,0.0,12432.030153922047,22.0,2607.3359375,79.478,49.0,1815.0,132.6,9442.69921875,145,1778.222186088562,98.9,19.28515625,3,4242.773730278015,8.0,92.53125,147,21061.223883628845,6.9,25.39453125,13,21058.863491773605,4.6,41.71875,33,21061.187599420547
2026-02-13T22:16:41,gaming,10.7,55.4,27985.455962271622,27428.340818299712,0.0,16601.4417505281,22.0,2607.3359375,79.423,49.0,1815.0,130.4,9442.6953125,145,1779.5881180763245,98.8,19.28515625,3,4244.134278535843,6.9,92.5390625,147,21062.58350419998,3.5,4.8046875,403,1771010200.1120756,2.3,105.31640625,37,21028.83321785927
2026-02-13T22:16:42,gaming,10.9,55.4,15961.41211557423,13360.96964730558,0.0,14589.950886875085,22.0,2607.3359375,79.364,49.0,1815.0,120.4,9442.6953125,145,1780.9380929470062,99.8,19.28515625,3,4245.495886087418,6.9,92.5234375,147,21063.945370197296,4.6,4.8046875,403,1771010201.4799337,3.5,76.83203125,105,21036.220283031464
2026-02-13T22:16:44,gaming,10.2,55.4,4643.788291645909,4723.493993796393,0.0,36995.36440749157,22.0,2607.3359375,79.442,49.0,1815.0,123.1,9442.68359375,145,1782.2964992523193,98.8,18.7578125,3,4246.840178012848,5.8,92.5390625,147,21065.289786100388,5.8,25.4296875,14,21062.924983739853,4.6,29.609375,9,21048.581916093826
2026-02-13T22:16:45,gaming,12.4,55.4,6299.546688103571,2514.0764216283387,0.0,134563.0877455093,22.0,2607.3359375,79.468,49.0,1815.0,133.1,9442.7265625,145,1783.6470522880554,99.9,19.41015625,3,4248.201103448868,8.1,4.8046875,403,1771010204.1816103,6.9,41.75,33,21066.61308145523,5.7,92.52734375,147,21066.64966416359
2026-02-13T22:16:46,gaming,10.8,55.4,487.0880370434463,507.78373512723465,0.0,57522.21455974077,22.0,2607.3359375,79.491,49.0,1815.0,122.8,9442.69921875,145,1784.9957909584045,98.4,19.41015625,3,4249.550321817398,5.8,92.52734375,147,21068.000121593475,4.6,25.4296875,14,21065.63616514206,2.3,4.8046875,403,1771010205.5339677
2026-02-13T22:16:48,gaming,10.8,55.4,439.45652250987024,636.9900099006705,0.0,13257.678254843224,22.0,2607.3359375,79.437,49.0,1815.0,131.3,9442.66796875,145,1786.3412263393402,99.5,19.41015625,3,4250.901226043701,6.9,92.53125,147,21069.350939035416,3.5,20.515625,8,4464.62987446785,2.3,4.8046875,403,1771010206.8855793
2026-02-13T22:16:49,gaming,10.6,55.4,49.08388216920552,52.80235809111503,0.0,25130.947670633228,22.0,2607.3359375,79.396,49.0,1815.0,139.4,9442.64453125,145,1787.6854934692383,100.9,19.41015625,3,4252.248777627945,5.8,92.53515625,147,21070.69871878624,3.5,76.83203125,105,21042.97022128105,2.3,105.234375,37,21036.94645833969
2026-02-13T22:16:50,gaming,10.7,55.4,169.71461824201594,40.1955674783722,0.0,37730.2393396987,23.0,2607.3359375,79.363,49.0,1815.0,138.1,9442.6015625,145,1789.0437650680542,98.9,19.41015625,3,4253.591170310974,5.8,92.5234375,147,21072.040986776352,4.7,105.2421875,37,21038.290004730225,3.4,11.28125,4,21058.546109199524
2026-02-13T22:16:52,gaming,11.5,55.4,658.4886469366367,444.13113868078614,0.0,15034.389620136364,22.0,2607.3359375,79.287,49.0,1815.0,129.4,9442.734375,145,1790.3963849544525,101.0,19.41015625,3,4254.952650785446,8.0,92.53125,147,21073.403297901154,6.9,25.39453125,13,21071.035403251648,3.5,42.34375,33,21073.36424422264
2026-02-13T22:16:53,gaming,12.1,55.4,179.55516339261123,284.1720147907855,0.0,62681.075220693376,22.0,2607.3359375,79.315,49.0,1815.0,125.2,9442.828125,145,1791.7442727088928,97.1,19.41015625,3,4256.305042982101,6.9,42.34375,33,21074.720017671585,5.8,105.26171875,37,21041.00453519821,5.8,25.39453125,13,21072.38630580902
2026-02-13T22:16:54,gaming,10.3,55.4,0.0,0.0,0.0,15179.247411070402,22.0,2607.3359375,79.118,49.0,1815.0,130.1,9442.76171875,145,1793.1010677814484,100.0,19.41015625,3,4257.648887872696,8.2,105.2734375,37,21042.34645342827,2.3,20.515625,8,4471.388651609421,1.1,76.83203125,105,21048.3873565197
2026-02-13T22:16:56,gaming,10.3,55.4,52.26874537178671,63.311438055967,0.0,64830.91256931021,22.0,2607.3359375,79.234,49.0,1815.0,137.0,9442.79296875,145,1794.4578623771667,99.9,19.41015625,3,4259.0090508461,3.4,105.28125,37,21043.70655798912,1.2,20.515625,8,4472.741257190704,0.0,4.8046875,403,1771010214.9939592
2026-02-13T22:16:57,gaming,10.5,55.4,368.16124309864045,1806.730929411638,0.0,16688.000974901755,22.0,2607.3359375,79.186,49.0,1815.0,134.8,9442.7578125,145,1795.8028650283813,98.6,18.7578125,3,4260.356351613998,4.6,105.296875,37,21045.0535697937,1.2,42.34375,33,21078.76962018013,0.0,4.8046875,403,1771010216.3414469
2026-02-13T22:16:59,gaming,11.0,55.4,4842.748974656924,5602.569784477943,0.0,15137.286172309798,22.0,2607.3359375,79.274,49.0,1815.0,130.9,9442.57421875,145,1797.1521973609924,99.2,19.28515625,3,4261.710394620895,2.3,105.296875,37,21046.40989613533,2.3,190.109375,276,21074.74214529991,2.3,20.515625,8,4475.442035913467
2026-02-13T22:17:00,gaming,10.1,55.4,422.73978503293677,57.10695341673006,0.0,13290.345522438995,22.0,2607.3359375,79.319,49.0,1815.0,126.7,9442.59765625,145,1798.5093085765839,99.6,19.28515625,3,4263.06001329422,9.3,105.30078125,37,21047.757910966873,2.3,89.984375,33,21033.410701274872,2.3,20.515625,8,4476.798046588898
2026-02-13T22:17:01,gaming,10.6,55.4,67.87512099638933,549.6409254598918,0.0,20020.209601717615,22.0,2607.3359375,79.337,49.0,1815.0,123.2,9442.49609375,145,1799.8660910129547,99.2,18.6328125,3,4264.415275335312,3.5,105.30859375,37,21049.111150741577,2.3,121.05078125,32,21073.427191495895,2.3,20.515625,8,4478.159795045853
2026-02-13T22:17:03,gaming,11.0,55.4,2744.6145807482712,692.9436117214143,0.0,54495.904379446816,27.0,2607.3359375,79.231,48.0,1815.0,129.4,9441.3984375,145,1801.2302033901215,99.7,19.28515625,3,4265.778747558594,20.7,25.4296875,14,21081.86673784256,6.9,41.7421875,33,21084.19360113144,5.7,105.328125,37,21050.475252389908
2026-02-13T22:17:04,gaming,13.0,55.4,989.2202094222081,230.54797136943495,0.0,19610.572491181585,22.0,2607.3359375,79.363,48.0,1815.0,100.8,9441.36328125,145,1802.5781803131104,96.8,19.28515625,3,4267.134799718857,8.1,105.3359375,37,21051.833153247833,4.6,4.8046875,403,1771010223.1185627,4.6,41.75,33,21085.549312353134
2026-02-13T22:17:05,gaming,9.3,55.4,1101.3391509171636,39.860800368315566,0.0,17385.214264343856,22.0,2607.3359375,79.234,49.0,1815.0,114.1,9441.34765625,145,1803.9337255954742,99.2,19.28515625,3,4268.489365577698,6.9,105.3515625,37,21053.186443328857,2.3,20.3203125,12,21070.21650981903,2.3,20.515625,8,4482.224154472351
2026-02-13T22:17:07,gaming,10.0,55.4,1109.9955702575846,1230.3743313700172,39324.71332340377,68440.12607246233,22.0,2607.3359375,79.316,49.0,1815.0,113.4,9441.359375,145,1805.2972693443298,99.3,19.28515625,3,4269.841858863831,6.9,25.39453125,13,21085.9345805645,5.7,20.515625,8,4483.58552479744,4.6,105.3671875,37,21054.54122042656
2026-02-13T22:17:08,gaming,10.4,55.5,1452.7151395557096,932.20789319668,12045.18463890726,62484.39531433141,22.0,2607.3359375,79.261,49.0,1815.0,117.0,9442.37890625,145,1806.6467673778534,99.9,19.28515625,3,4271.203273534775,8.1,25.39453125,13,21087.28822994232,4.6,105.34765625,37,21055.89947795868,2.3,9.32421875,15,21085.954916715622
2026-02-13T22:17:09,gaming,11.7,55.4,359.7178320138238,309.38694193781555,0.0,59875.9953468936,22.0,2607.3359375,79.306,49.0,1815.0,129.7,9442.34765625,145,1808.0082094669342,98.2,19.28515625,3,4272.555826663971,15.0,25.39453125,13,21088.64488697052,12.7,105.3515625,37,21057.25358080864,8.1,42.34375,33,21090.969842672348
2026-02-13T22:17:11,gaming,15.7,55.4,516.7261097364212,264.9689284301819,36076.87747977923,105600.02678977045,22.0,2607.3359375,79.203,49.0,1815.0,127.1,9442.328125,145,1809.3609223365784,99.7,19.28515625,3,4273.918838739395,12.7,25.39453125,13,21089.999658584595,11.5,4.8046875,403,1771010229.9004247,11.5,42.34375,33,21092.33236694336
2026-02-13T22:17:12,gaming,12.5,55.4,1185.96978471419,438.53473613416645,0.0,13274.564985682877,22.0,2607.3359375,79.231,49.0,1815.0,136.3,9442.3359375,144,1810.7139601707458,99.6,19.2890625,3,4275.268399953842,9.2,105.359375,37,21059.96742916107,6.9,42.34375,33,21093.68593978882,5.7,25.4296875,14,21091.360652923584
2026-02-13T22:17:13,gaming,11.1,55.4,279.0542344355831,270.9336085657646,0.0,11339.346669128458,22.0,2607.3359375,79.169,49.0,1815.0,132.6,9442.30859375,144,1812.0693860054016,100.3,19.28515625,3,4276.624143838882,10.4,105.3125,37,21061.321128845215,8.1,25.39453125,13,21092.709585666656,5.8,197.50390625,49,21074.198792696
2026-02-13T22:17:15,gaming,12.5,55.4,0.0,0.0,0.0,9815.090418352627,23.0,2607.3359375,79.197,48.0,1815.0,120.6,9442.2578125,143,1813.4298298358917,98.1,18.6328125,3,4277.977729558945,9.2,105.3203125,37,21062.676620960236,2.3,92.52734375,147,21096.427407741547,2.3,190.23046875,276,21091.01694560051
2026-02-13T22:17:16,gaming,10.4,55.4,89.25143362015116,320.86259194021284,0.0,65334.999870566186,23.0,2607.3359375,79.221,48.0,1815.0,115.8,9442.24609375,143,1814.7794210910797,96.5,19.28515625,3,4279.337095499039,10.4,105.328125,37,21064.03319501877,2.3,11.28125,4,21084.279183149338,1.2,4.8046875,403,1771010235.3180804
2026-02-13T22:17:18,gaming,11.6,55.4,481.2747170564594,1026.670261653366,0.0,11320.64265541687,22.0,2607.3359375,79.24,48.0,1815.0,130.0,9441.3125,143,1816.1376004219055,99.2,18.6328125,3,4280.691655635834,6.9,105.3359375,37,21065.394804000854,2.3,20.43359375,5,4494.427031993866,1.2,76.83203125,105,21071.41971874237
2026-02-13T22:17:19,gaming,12.4,55.4,701.5883239429354,1652.794388404515,0.0,21552.793311526973,22.0,2607.3359375,79.127,48.0,1815.0,186.9,9441.29296875,143,1817.5337574481964,99.9,19.28515625,3,4282.052777290344,13.8,105.3359375,37,21066.75439476967,2.2,327.95703125,95,21067.835669755936,2.2,20.43359375,5,4495.827146291733
2026-02-13T22:17:20,gaming,14.8,55.4,0.0,454.76708777635804,0.0,16448.718528049118,22.0,2607.3359375,79.235,49.0,1815.0,219.1,9441.375,143,1818.9316930770874,98.5,19.28515625,3,4283.448887825012,15.7,105.33984375,37,21068.14712882042,8.9,92.54296875,147,21101.898364067078,4.5,217.74609375,77,21099.556083202362
2026-02-13T22:17:22,gaming,15.8,55.4,4356.623115318445,986.5799566245989,0.0,22612.27013941608,22.0,2607.3359375,78.991,49.0,1815.0,209.5,9441.3828125,143,1820.3259134292603,100.1,19.28515625,3,4284.853827238083,15.6,105.34765625,37,21069.55377650261,12.2,92.5234375,147,21103.30207300186,10.0,25.43359375,14,21100.96211528778
2026-02-13T22:17:23,gaming,15.9,55.4,479.90484263099205,997.3925946246522,0.0,13691.742980122763,22.0,2607.3359375,79.05,49.0,1815.0,119.7,9441.42578125,143,1821.6833288669586,100.9,19.28515625,3,4286.232529640198,17.0,105.3515625,37,21070.930012226105,4.6,190.29296875,276,21099.270206928253,4.5,92.53125,147,21104.68284344673
2026-02-13T22:17:24,gaming,10.1,55.4,0.0,0.0,0.0,21913.507110442242,22.0,2607.3359375,79.037,49.0,1815.0,113.6,9441.4296875,143,1823.045298576355,99.2,19.41015625,3,4287.586714267731,12.7,105.359375,37,21072.286423444748,3.4,20.43359375,5,4501.3343324661255,2.3,25.39453125,13,21103.674540758133
2026-02-13T22:17:26,gaming,10.3,55.5,92.39257652800323,125.38992528800439,0.0,214374.24232630795,22.0,2607.3359375,79.186,48.0,1815.0,130.4,9441.40625,143,1824.386947631836,100.6,19.39453125,2,4288.953287601471,11.5,105.38671875,37,21073.649836063385,7.0,328.28125,95,21074.685732603073,2.3,25.43359375,14,21105.034430265427
2026-02-13T22:17:27,gaming,11.7,55.4,52.710317640128686,481.8168471611763,0.0,38010.8206080928,22.0,2607.3359375,78.983,48.0,1815.0,140.2,9442.5234375,143,1825.7462322711945,99.6,19.41015625,3,4290.303020238876,12.7,105.39453125,37,21075.00274014473,6.9,25.4296875,14,21106.389000177383,4.6,328.23828125,95,21076.04610300064
2026-02-13T22:17:28,gaming,11.7,55.4,666.8750496202537,716.1914164244005,0.0,14320.884067783285,22.0,2607.3359375,79.193,48.0,1815.0,129.9,9442.55859375,143,1827.1051828861237,99.1,19.41015625,3,4291.6594314575195,15.0,105.3984375,37,21076.35539674759,9.2,328.23828125,95,21077.40624022484,8.1,25.4296875,14,21107.746429681778
2026-02-13T22:17:30,gaming,14.1,55.4,48.68432105433194,99.5815657929517,0.0,12463.186189908976,22.0,2607.3359375,78.973,48.0,1815.0,131.8,9442.54296875,143,1828.4561786651611,100.3,19.40625,3,4293.014752149582,16.2,328.23828125,95,21078.754215478897,13.8,105.41015625,37,21077.713315725327,12.7,41.62890625,33,21111.430096387863
2026-02-13T22:17:31,gaming,12.0,55.4,36.964010027677816,0.0,0.0,19304.084596854464,22.0,2607.3359375,79.144,48.0,1815.0,124.2,9442.58203125,143,1829.8026113510132,98.2,19.40625,3,4294.367497682571,23.3,328.23828125,95,21080.09774494171,16.2,105.4140625,37,21079.06152153015,10.4,92.53125,147,21112.81798839569
2026-02-13T22:17:33,gaming,12.9,55.4,315.27025158315655,409.92585903247306,0.0,8395.28159298505,22.0,2607.3359375,79.052,48.0,1815.0,138.3,9442.5625,143,1831.1361362934113,99.3,19.40625,3,4295.70502448082,17.6,328.23828125,95,21081.431079864502,17.5,105.41796875,37,21080.39991569519,14.0,92.52734375,147,21114.155513048172
2026-02-13T22:17:34,gaming,12.4,55.4,918.8872972681287,368.30810521648766,0.0,20824.095077761656,22.0,2607.3359375,79.079,49.0,1815.0,128.6,9442.58984375,143,1832.4722151756287,98.9,19.28125,3,4297.032560586929,23.5,105.4296875,37,21081.73024082184,14.0,328.23828125,95,21082.765644311905,10.6,92.52734375,147,21115.483484983444
2026-02-13T22:17:35,gaming,15.9,55.4,0.0,0.0,0.0,19895.890924005205,22.0,2607.3359375,78.953,49.0,1815.0,106.0,9442.5703125,142,1833.8132889270782,99.1,19.28125,3,4298.3730301856995,24.5,105.43359375,37,21083.06786942482,23.3,92.53515625,147,21116.82353758812,12.8,328.23828125,95,21084.108120441437
2026-02-13T22:17:37,gaming,12.4,55.4,261.50462120116316,252.53874847426613,0.0,70005.53425161196,22.0,2607.3359375,78.89,49.0,1815.0,98.2,18.6328125,3,4299.710233211517,54.3,9442.49609375,142,1835.136694431305,18.7,92.51953125,147,21118.160831212997,17.5,105.4609375,37,21084.40626144409,13.0,328.23828125,95,21085.433831691742
2026-02-13T22:17:38,gaming,11.2,55.4,1527.3151643390054,682.9151302998023,0.0,22022.3150968723,22.0,2607.3359375,78.787,48.0,1815.0,100.3,19.28125,3,4301.034220933914,47.4,9441.390625,142,1836.4543313980103,21.2,105.47265625,37,21085.73221540451,17.7,92.52734375,147,21119.485497236252,11.8,41.75,33,21119.447828054428
2026-02-13T22:17:39,gaming,14.1,55.4,2356.1092768368003,50.08154984580638,0.0,13986.411011483382,22.0,2607.3359375,78.896,48.0,1815.0,98.4,19.28125,3,4302.351954936981,41.4,9442.2734375,142,1837.774462223053,27.3,105.48046875,37,21087.047510623932,17.8,92.55078125,147,21120.80308318138,16.6,25.4296875,14,21118.42538380623
2026-02-13T22:17:40,gaming,10.1,55.4,2868.834771194937,283.92278497668866,0.0,21766.401312437476,22.0,2607.3359375,78.784,48.0,1815.0,99.6,19.28125,3,4303.669378519058,47.8,9442.30078125,142,1839.082825422287,23.7,105.48828125,37,21088.363533496857,11.9,92.53515625,147,21122.120161771774,9.6,328.23828125,95,21089.37858557701
2026-02-13T22:17:42,gaming,9.2,55.4,1415.0867083331586,2074.440623242987,0.0,55612.142725758895,22.0,2607.3359375,79.024,48.0,1815.0,99.0,19.28125,3,4304.979917764664,60.5,9442.30078125,142,1840.4007246494293,31.0,105.48828125,37,21089.673107385635,12.0,92.5234375,147,21123.426921129227,9.5,328.23828125,95,21090.70013999939
2026-02-13T22:17:43,gaming,9.3,55.4,1262.496476091085,1362.1672505193285,0.0,13917.66450198019,22.0,2607.3359375,78.971,48.0,1815.0,122.2,9442.2734375,142,1841.7303874492645,99.1,19.28125,3,4306.304340839386,27.1,105.4921875,37,21090.99925470352,16.5,328.23828125,95,21092.025146484375,13.0,92.5234375,147,21124.753631591797
2026-02-13T22:17:44,gaming,14.4,55.4,814.4357362779009,760.7947926083917,3094.553595356477,15085.948777362826,22.0,2607.3359375,79.144,48.0,1815.0,138.6,9442.234375,142,1843.0603139400482,99.4,19.28125,3,4307.625231742859,49.4,328.23828125,95,21093.354754447937,22.4,105.50390625,37,21092.323496341705,16.5,92.55078125,147,21126.076734781265
2026-02-13T22:17:46,gaming,15.0,55.4,867.5919261090093,766.8490161448782,0.0,62358.357642275274,22.0,2607.3359375,79.118,49.0,1815.0,153.0,9442.2109375,142,1844.3881373405457,98.4,19.28125,3,4308.958516836166,16.5,328.23828125,95,21094.68448638916,11.7,92.53125,147,21127.40908575058,2.4,11.28125,4,21113.886568307877
2026-02-13T22:17:47,gaming,13.4,55.4,53.38016995867188,99.24200612034772,0.0,10778.283331373523,22.0,2607.3359375,79.196,49.0,1815.0,135.2,9442.19140625,142,1845.7169780731201,99.0,19.28125,3,4310.284321784973,5.9,92.53125,147,21128.735408306122,4.7,4.8046875,403,1771010266.2704046,3.5,20.43359375,5,4524.0023021698
2026-02-13T22:17:48,gaming,12.6,55.4,446.0809586612432,598.5295017727456,0.0,0.0,22.0,2607.3359375,78.961,48.0,1815.0,140.7,9442.11328125,142,1847.0496063232422,96.0,19.28125,3,4311.619593858719,3.4,20.43359375,5,4525.363148212433,1.2,105.51953125,37,21096.315301656723,1.2,199.22265625,72,21127.6953496933
2026-02-13T22:17:50,gaming,13.2,55.4,0.0,0.0,0.0,17928.48814698411,22.0,2607.3359375,79.074,49.0,1815.0,133.9,6552.5,142,1848.7074613571167,100.5,18.6328125,3,4313.004543542862,36.3,18.12890625,3,21131.427399396896,1.8,20.4140625,5,4527.102847099304,1.0,183.29296875,277,21126.26072525978
2026-02-13T22:17:52,gaming,17.4,53.6,0.0,335.17609772372197,0.0,3559659.844740584,22.0,2607.3359375,79.093,48.0,1815.0,149.9,6553.80859375,142,1850.6045818328857,134.3,1034.2890625,90,21133.230964422226,99.8,19.25390625,3,4314.772973775864,18.0,4.8046875,403,1771010270.7177196,17.5,18.12890625,3,21133.211872577667
2026-02-13T22:17:54,gaming,21.8,51.0,349.779866125638,514.9390811082701,0.0,9694.951116432723,22.0,2607.3359375,78.812,48.0,1815.0,156.0,1384.5390625,90,21135.123379945755,100.0,19.25390625,3,4316.662663221359,85.5,4.8046875,403,1771010272.6166253,58.3,6553.7734375,142,1852.3726134300232,19.0,25.42578125,13,21132.906344652176
2026-02-13T22:17:55,gaming,15.4,49.1,281.48726589407187,474.93489756170004,0.0,461802.01933505066,22.0,2607.3359375,78.861,48.0,1815.0,116.9,6553.76953125,142,1853.7351999282837,98.4,19.25390625,3,4318.29669046402,91.2,1550.7890625,90,21136.696957349777,14.0,4.8046875,403,1771010274.2829306,4.2,25.390625,13,21134.37980890274
2026-02-13T22:17:56,gaming,10.8,49.1,512.6165396360882,653.8476270868472,0.0,89527.05886402399,22.0,2607.3359375,78.814,48.0,1815.0,146.3,6553.74609375,142,1855.0705225467682,99.1,19.25390625,3,4319.636580705643,1.2,4.8046875,403,1771010275.6214771,0.0,60.453125,4,21152.00313258171,0.0,44.5078125,45,3091.444914340973
2026-02-13T22:17:58,gaming,11.2,49.1,630.6860843080545,1040.7065882908323,12214.138067734239,58780.539450971024,22.0,2607.3359375,79.023,48.0,1815.0,153.9,6553.71875,142,1856.420851945877,100.1,19.25390625,3,4320.979004383087,8.2,25.421875,13,21137.061153650284,2.3,4.8046875,403,1771010276.963355,2.3,105.36328125,37,21105.67658495903
2026-02-13T22:17:59,gaming,12.8,49.1,371.6859957733309,228.9585733963718,0.0,58232.788329799296,22.0,2607.3359375,78.858,48.0,1815.0,153.5,6553.69921875,142,1857.754602432251,101.0,19.25390625,3,4322.325355768204,4.7,41.90234375,33,21140.736834526062,4.7,25.42578125,14,21138.401528596878,4.6,4.8046875,403,1771010278.3085568
2026-02-13T22:18:00,gaming,11.5,49.1,37.695076304978336,222.40095019937218,0.0,11579.927440889345,22.0,2607.3359375,78.955,49.0,1815.0,155.8,6552.5625,142,1859.0888333320618,98.8,19.25,3,4323.653682231903,7.0,25.4296875,14,21139.738835573196,2.3,76.796875,105,21114.371618032455,1.2,61.54296875,116,21096.577204704285
2026-02-13T22:18:02,gaming,11.7,49.1,54735.40423631417,4499.526215087579,0.0,21780.423463445994,22.0,2607.3359375,78.805,48.0,1815.0,133.7,6552.671875,142,1860.4210078716278,98.2,19.25390625,3,4324.990664243698,11.8,25.4296875,14,21141.067274808884,4.7,41.90234375,33,21143.402200222015,2.3,4.8046875,403,1771010280.9754076
2026-02-13T22:18:03,gaming,11.3,49.1,637.1154885221772,694.695174691435,0.0,11103.158184949867,22.0,2607.3359375,78.969,48.0,1815.0,135.6,6553.5,142,1861.7595720291138,100.6,19.25390625,3,4326.3262639045715,7.0,4.8046875,403,1771010282.3119464,3.5,29.5703125,9,21128.04477596283,3.5,120.0234375,165,21122.514578819275
2026-02-13T22:18:04,gaming,12.7,49.1,0.0,0.0,0.0,27287.59353493558,23.0,2607.3359375,78.821,48.0,1815.0,152.2,6553.734375,142,1863.0923347473145,98.3,19.25390625,3,4327.661740779877,5.9,41.90234375,33,21146.072187185287,5.8,25.390625,13,21143.7390460968,4.7,4.8046875,403,1771010283.6442447
2026-02-13T22:18:06,gaming,11.3,49.1,0.0,180.14586360039635,0.0,34061.770591464156,22.0,2607.3359375,78.842,48.0,1815.0,99.5,19.25390625,3,4328.9995810985565,81.1,6553.7265625,142,1864.4222748279572,11.7,25.390625,13,21145.07181453705,2.4,99.90625,44,21120.928623199463,2.4,280.0234375,36,21112.26146531105
2026-02-13T22:18:07,gaming,8.8,49.1,160.15619405831941,2060.777568096385,0.0,64123.20035093281,22.0,2607.3359375,78.643,49.0,1815.0,99.4,19.25390625,3,4330.316810846329,48.6,6553.69921875,142,1865.7402656078339,13.1,41.90234375,33,21148.72835278511,13.0,25.42578125,14,21146.389711141586,4.7,4.8046875,403,1771010286.2986925
2026-02-13T22:18:08,gaming,8.0,49.1,498.5835622211696,1133.1444595935673,0.0,15084.419046109568,22.0,2607.3359375,78.842,49.0,1815.0,100.5,19.25390625,3,4331.638671875,48.5,6553.61328125,142,1867.062092781067,11.8,4.8046875,403,1771010287.623358,7.1,41.90234375,33,21150.05328798294,2.4,183.4375,277,21144.654890298843
2026-02-13T22:18:10,gaming,7.8,49.1,0.0,0.0,0.0,109423.82993099904,22.0,2607.3359375,78.827,49.0,1815.0,123.8,6553.53125,142,1868.3995881080627,99.2,19.25390625,3,4332.961866378784,3.5,4.8046875,403,1771010288.9469604,2.3,20.41015625,5,4546.681156396866,1.2,25.390625,13,21149.048018932343
2026-02-13T22:18:11,gaming,10.8,49.1,492.5581992438042,891.4028902600962,0.0,29556.490786891532,22.0,2607.3359375,78.987,49.0,1815.0,148.2,6553.48828125,142,1869.728363752365,100.6,19.2578125,3,4334.29772567749,2.4,183.4765625,277,21147.318926095963,2.3,4.8046875,403,1771010290.281012,1.2,211.8671875,72,21150.372008800507
2026-02-13T22:18:12,gaming,12.4,49.1,53.17249409299825,49.42795225546316,0.0,34509.697574723374,22.0,2607.3359375,78.76,49.0,1815.0,143.9,6553.45703125,142,1871.063716173172,99.6,19.25390625,3,4335.630548238754,8.2,4.8046875,403,1771010291.6156352,4.7,41.14453125,33,21154.03990340233,4.7,25.42578125,14,21151.709270000458
2026-02-13T22:18:14,gaming,11.9,49.1,447.4757545872066,600.4009703804776,0.0,13499.605256233574,22.0,2607.3359375,78.864,48.0,1815.0,153.7,6553.37890625,142,1872.3857128620148,98.7,19.37890625,3,4336.960394382477,3.5,4.8046875,403,1771010292.9439874,3.5,20.41015625,5,4550.67510175705,1.2,11.2578125,11,21155.34028530121
2026-02-13T22:18:15,gaming,12.0,49.1,193.8177498107281,90.14779060964096,0.0,75002.96178722128,22.0,2607.3359375,78.81,48.0,1815.0,143.2,6553.3984375,142,1873.7392477989197,99.6,19.37890625,3,4338.293385267258,9.4,4.8046875,403,1771010294.2755084,5.8,25.390625,14,21154.3781478405,4.7,41.14453125,33,21156.707164525986
2026-02-13T22:18:16,gaming,13.0,49.1,37.0947685839811,432.52500168921966,0.0,70272.3296054938,22.0,2607.3359375,78.83,48.0,1815.0,149.0,6553.3671875,142,1875.0817425251007,100.5,19.37890625,3,4339.645915746689,9.3,25.42578125,14,21155.727821350098,6.9,41.14453125,33,21158.05584716797,4.6,4.8046875,403,1771010295.6265638
2026-02-13T22:18:18,gaming,14.3,49.1,52.55757531261014,88.82970475370728,12128.2156890395,79970.4221996042,22.0,2607.3359375,78.771,49.0,1815.0,153.8,6553.34375,142,1876.4230661392212,97.6,19.37890625,3,4340.99116230011,15.1,25.42578125,14,21157.074292898178,10.4,4.8046875,403,1771010296.9744449,8.1,41.14453125,33,21159.404489278793
2026-02-13T22:18:19,gaming,14.5,49.1,493.1130739311394,696.3354316724575,0.0,14153.839503865916,22.0,2607.3359375,78.93,49.0,1815.0,144.8,6551.83203125,142,1877.7717587947845,100.1,19.37890625,3,4342.333376407623,12.8,4.8046875,403,1771010298.3130152,10.5,41.14453125,33,21160.74511861801,9.3,25.42578125,14,21158.41578245163
2026-02-13T22:18:20,gaming,10.8,49.1,49.167548189510924,198.90508131211237,0.0,12586.892336514797,22.0,2607.3359375,78.847,49.0,1815.0,100.4,19.37890625,3,4343.6722667217255,60.9,6551.8046875,142,1879.105839729309,4.7,4.8046875,403,1771010299.6567733,2.3,41.14453125,33,21162.08445763588,2.3,20.41015625,5,4557.388874292374
2026-02-13T22:18:22,gaming,7.0,49.1,363.4004884790124,251.0085848257096,0.0,22250.5998059232,22.0,2607.3359375,78.943,49.0,1815.0,98.7,19.37890625,3,4345.0026268959045,74.2,6551.7890625,142,1880.4319469928741,4.7,20.41015625,5,4558.721806526184,3.5,92.9609375,56,21159.658480405807,1.2,11.23828125,11,21163.38263654709
2026-02-13T22:18:23,gaming,8.9,49.1,1201.5907430333748,2325.175595133247,0.0,18817.42107442029,22.0,2607.3359375,78.724,49.0,1815.0,146.6,6551.7109375,142,1881.849374294281,98.1,18.734375,3,4346.341479301453,21.0,135.62109375,23,21055.848088026047,6.7,211.9296875,72,21162.475913763046,5.6,25.390625,13,21162.479259490967
2026-02-13T22:18:25,gaming,12.7,49.1,7080.174483312538,1618.204246036039,0.0,82272.16548175529,22.0,2607.3359375,78.917,48.0,1815.0,132.6,6550.6171875,142,1883.192179441452,100.7,19.3828125,3,4347.753380775452,12.7,25.390625,13,21163.836062669754,4.4,41.73828125,33,21166.166873693466,2.3,121.4375,164,21143.94486284256
2026-02-13T22:18:26,gaming,12.6,49.1,0.0,1910.6767394375804,0.0,13751.500843933418,22.0,2607.3359375,78.839,48.0,1815.0,100.0,19.3828125,3,4349.096870660782,85.2,6550.58984375,142,1884.550006389618,11.6,41.73828125,33,21167.515791654587,8.2,4.8046875,403,1771010305.0775661,6.9,135.55078125,23,21058.548166513443
2026-02-13T22:18:27,gaming,8.1,49.1,6827.9355439653455,2508.9584986625714,0.0,138537.56618650947,23.0,2607.3359375,78.879,48.0,1815.0,99.6,19.3828125,3,4350.445801734924,40.0,6550.55859375,142,1885.8777227401733,2.4,20.41015625,5,4564.1579620838165,1.2,4.8046875,403,1771010306.4315963,1.2,41.73828125,33,21168.85663485527
2026-02-13T22:18:29,gaming,6.4,49.1,497.5191158876143,600.792023276407,0.0,9648.855580850703,23.0,2607.3359375,78.807,48.0,1815.0,100.0,19.3828125,3,4351.77444934845,33.1,6550.546875,142,1887.2006604671478,3.5,25.390625,13,21167.853813409805,2.4,4.8046875,403,1771010307.7585437,2.4,11.28125,4,21156.699320316315
2026-02-13T22:18:30,gaming,8.3,49.1,0.0,0.0,0.0,79121.36942320286,22.0,2607.3359375,78.849,49.0,1815.0,97.8,19.3828125,3,4353.100435256958,35.3,6550.51171875,142,1888.529072523117,14.1,25.4296875,14,21169.179028511047,8.2,41.73828125,33,21171.51341700554,7.1,4.8046875,403,1771010309.0844736
2026-02-13T22:18:31,gaming,8.3,49.1,93.40167715600029,544.5920369660339,0.0,86387.51249731742,22.0,2607.3359375,78.689,49.0,1815.0,99.0,19.3828125,3,4354.4264261722565,42.5,6551.39453125,142,1889.8525609970093,8.3,41.73828125,33,21172.837660074234,5.9,25.390625,13,21170.499648332596,3.6,20.390625,4,4568.131289482117
2026-02-13T22:18:33,gaming,7.8,49.1,53.834116874190805,1376.1820017838918,0.0,16304.913369895761,22.0,2607.3359375,78.851,49.0,1815.0,98.3,18.734375,3,4355.745846271515,60.2,6551.42578125,142,1891.1772825717926,11.8,25.390625,13,21171.824758291245,8.3,4.8046875,403,1771010311.731439,8.3,41.0234375,33,21174.162145614624
2026-02-13T22:18:34,gaming,10.7,49.1,448.22017009728944,1082.0668752853755,0.0,36702.74254803394,22.0,2607.3359375,78.701,48.0,1815.0,98.9,19.37890625,3,4357.071859359741,52.0,6551.43359375,142,1892.4997408390045,10.6,41.13671875,33,21175.48383307457,8.3,25.42578125,14,21173.146315574646,5.9,196.921875,49,21154.628665447235
2026-02-13T22:18:35,gaming,7.1,49.1,49.74069239924792,90.43762254408712,0.0,12347.750064686028,22.0,2607.3359375,78.93,48.0,1815.0,100.3,19.3828125,3,4358.396270513535,52.1,6551.41015625,142,1893.8183307647705,2.4,76.796875,105,21149.100399017334,2.4,20.390625,4,4572.10293507576,0.0,4.8046875,403,1771010314.3828855
2026-02-13T22:18:36,gaming,7.0,49.1,300.20638913364695,532.942150406449,0.0,13196.951570804358,21.0,2607.3359375,78.629,48.0,1815.0,99.3,19.3828125,3,4359.718550205231,49.7,6551.38671875,142,1895.1386613845825,2.4,20.390625,4,4573.41733956337,1.2,4.8046875,403,1771010315.7022595,1.2,105.56640625,37,21144.41823410988
2026-02-13T22:18:38,gaming,7.1,49.1,113.36882132588367,202.38997632674534,239970.5992994168,76743.84425646933,22.0,2607.3359375,78.766,48.0,1815.0,99.9,18.73828125,3,4361.032438993454,41.7,6551.37109375,142,1896.450814962387,4.8,41.14453125,33,21179.4415371418,3.6,105.57421875,37,21145.72650027275,2.4,4.8046875,403,1771010317.016378
2026-02-13T22:18:39,gaming,7.2,49.1,503.886788228495,657.3432191889912,0.0,34398.67140973193,22.0,2607.3359375,78.766,48.0,1815.0,100.1,19.3828125,3,4362.344303846359,54.6,6551.33984375,142,1897.7662026882172,9.5,25.390625,13,21178.41506075859,8.3,41.14453125,33,21180.75655913353,3.6,4.8046875,403,1771010318.3266702
2026-02-13T22:18:40,gaming,9.7,49.1,159.6603593825049,527.9335468261129,0.0,17351.76735930619,21.0,2607.3359375,78.817,48.0,1815.0,99.1,19.3828125,3,4363.668349504471,48.6,6551.30078125,142,1899.0850608348846,16.5,4.8046875,403,1771010319.654292,13.0,25.421875,14,21179.734674215317,8.3,24.515625,4,1881.8480925559998
2026-02-13T22:18:42,gaming,12.0,49.1,1559.1907737210142,862.3201785224778,0.0,39817.691426311125,22.0,2607.3359375,78.713,49.0,1815.0,101.1,19.3828125,3,4364.981312274933,52.1,6550.31640625,142,1900.4044768810272,14.2,25.390625,13,21181.052761554718,11.9,41.14453125,33,21183.393146514893,10.7,4.8046875,403,1771010320.9661899
2026-02-13T22:18:43,gaming,6.7,49.1,2857.6834984351553,785.9765424948838,0.0,22098.207530029566,22.0,2607.3359375,78.701,49.0,1815.0,98.0,19.3828125,3,4366.3051743507385,38.8,6551.3203125,142,1901.7329342365265,4.7,105.6015625,37,21151.000341892242,3.5,4.8046875,403,1771010322.2864661,3.5,76.796875,105,21157.015254735947
2026-02-13T22:18:44,gaming,6.9,49.1,1629.3849842143654,49.64884993450975,0.0,13095.260297877965,22.0,2607.3359375,78.592,49.0,1815.0,100.2,19.3828125,3,4367.631232023239,56.8,6551.37890625,142,1903.0540022850037,2.4,105.6015625,37,21152.328177452087,1.2,4.8046875,403,1771010323.615651,1.2,11.28125,4,21172.552570343018
2026-02-13T22:18:46,gaming,7.0,49.1,37.9117953902092,182.73485378080832,0.0,15140.454607033946,22.0,2607.3359375,78.627,48.0,1815.0,99.6,19.3828125,3,4368.948328495026,53.3,6551.35546875,142,1904.373102426529,3.6,105.609375,37,21153.64456987381,2.4,4.8046875,403,1771010324.9343114,2.4,20.390625,4,4582.655132055283
2026-02-13T22:18:47,gaming,6.5,49.1,545.5891511929975,62.050361162033,0.0,158461.48817340253,22.0,2607.3359375,78.506,48.0,1815.0,100.5,19.3828125,3,4370.270349740982,50.8,6551.34375,142,1905.695808649063,2.4,183.73046875,276,21183.28476190567,2.4,11.28515625,4,21175.194348812103,2.4,20.390625,4,4583.976549625397
2026-02-13T22:18:48,gaming,7.6,49.1,502.84759918901483,652.5676362407817,0.0,0.0,22.0,2607.3359375,78.635,48.0,1815.0,100.3,18.73828125,3,4371.595019578934,52.0,6551.328125,142,1907.0176758766174,4.7,105.7421875,37,21156.29283952713,3.5,41.73828125,33,21190.010835409164,2.4,25.4296875,14,21187.671303987503
2026-02-13T22:18:50,gaming,7.3,49.1,0.0,223.27728963402092,49602.37441849218,13563.149255056456,22.0,2607.3359375,78.675,48.0,1815.0,99.4,19.3828125,3,4372.916026592255,53.2,6551.3046875,142,1908.3396203517914,4.7,4.8046875,403,1771010328.9002907,3.6,105.65234375,37,21157.61170887947,1.2,41.73828125,33,21191.326948404312
2026-02-13T22:18:51,gaming,7.2,49.1,0.0,81.60621395379673,0.0,11606.217095651089,22.0,2607.3359375,78.704,48.0,1815.0,98.2,18.73828125,3,4374.236675262451,56.7,6551.28515625,142,1909.6616110801697,4.7,20.390625,4,4587.942081689835,3.5,4.8046875,403,1771010330.2234335,2.4,105.65234375,37,21158.933103322983
2026-02-13T22:18:52,gaming,7.8,49.1,195.55143955134847,90.95415793085975,0.0,55882.23463272023,22.0,2607.3359375,78.621,49.0,1815.0,100.3,19.3828125,3,4375.560788631439,49.6,6551.25390625,142,1910.9841499328613,7.1,105.65234375,37,21160.258338689804,4.7,4.8046875,403,1771010331.543515,3.5,20.390625,4,4589.264986991882
2026-02-13T22:18:54,gaming,6.9,49.1,559.0152126323824,1199.7268298172644,0.0,5809.522101511091,22.0,2607.3359375,78.685,49.0,1815.0,97.2,19.3828125,3,4376.879091978073,49.8,6551.171875,142,1912.3017182350159,4.8,120.58984375,32,21185.860622167587,3.6,105.56640625,37,21161.572576522827,3.6,25.390625,13,21192.947864294052
2026-02-13T22:18:55,gaming,8.6,49.1,0.0,1328.1113581560714,0.0,15162.794510955078,26.0,2607.3359375,78.649,49.0,1815.0,99.6,19.3828125,3,4378.196537256241,46.1,6550.0703125,142,1913.6221401691437,8.3,25.4296875,14,21194.271232366562,7.1,183.796875,276,21191.21212744713,5.9,105.57421875,37,21162.892361164093
2026-02-13T22:18:56,gaming,8.8,49.1,199.72497923470064,690.7155531866731,0.0,13944.434913840918,22.0,2607.3359375,78.753,48.0,1815.0,100.4,18.73828125,3,4379.519394874573,30.7,6550.078125,142,1914.9456601142883,9.5,4.8046875,403,1771010335.5029483,8.3,25.390625,14,21195.593361854553,5.9,41.13671875,33,21197.93062734604
2026-02-13T22:18:58,gaming,6.4,49.1,422.44894153186686,156.7149299231119,0.0,46127.18478432542,22.0,2607.3359375,78.595,48.0,1815.0,99.4,18.609375,3,4380.840269565582,28.7,6550.046875,142,1916.25439119339,5.9,105.58984375,37,21165.534358501434,4.8,11.28515625,4,21185.752754688263,2.4,20.390625,4,4594.538303375244
2026-02-13T22:18:59,gaming,6.3,49.1,534.395361267535,1174.6040490538553,49889.08033622389,8574.68568278848,23.0,2607.3359375,78.658,48.0,1815.0,100.1,19.2578125,3,4382.1515645980835,31.0,6550.84765625,142,1917.566443681717,7.1,105.58984375,37,21166.847411870956,4.8,20.390625,4,4595.845237493515,1.2,89.70703125,33,21152.472405910492
2026-02-13T22:19:00,gaming,6.5,49.1,50.489818832451476,144.58448120202016,0.0,13317.072215686596,23.0,2607.3359375,78.551,48.0,1815.0,99.2,19.2578125,3,4383.459047079086,47.5,6550.953125,142,1918.8822739124298,7.2,105.59765625,37,21168.153661251068,2.4,120.625,32,21192.44416642189,2.4,20.390625,4,4597.158541917801
2026-02-13T22:19:02,gaming,6.7,49.1,88.35183893188795,91.3984540674703,0.0,21058.203817145157,23.0,2607.3359375,78.567,48.0,1815.0,99.8,19.2578125,3,4384.7737691402435,44.1,6550.91796875,142,1920.1943814754486,7.1,105.53515625,37,21169.46948981285,3.6,20.390625,4,4598.4715831279755,2.4,31.91015625,19,21200.737933397293
2026-02-13T22:19:03,gaming,8.6,49.1,406.0267928234754,145.4992822313017,0.0,68255.16066976247,22.0,2607.3359375,78.552,49.0,1815.0,99.8,19.2578125,3,4386.088373422623,40.6,6550.890625,142,1921.503145456314,14.3,25.4296875,13,21202.15376806259,4.8,105.59765625,37,21170.781148910522,4.8,41.05859375,33,21204.496406316757
2026-02-13T22:19:04,gaming,8.6,49.1,401.8849990917361,996.3398935815958,0.0,81448.69314925851,22.0,2607.3359375,78.708,49.0,1815.0,100.1,19.2578125,3,4387.399731874466,43.9,6550.86328125,142,1922.81915640831,11.9,105.60546875,37,21172.09336233139,5.9,41.13671875,33,21205.810248613358,4.8,20.390625,4,4601.097491025925
2026-02-13T22:19:05,gaming,7.1,49.1,0.0,41.140899128582966,0.0,27305.367125340992,22.0,2607.3359375,78.738,49.0,1815.0,100.2,18.609375,3,4388.710385322571,52.4,6550.83984375,142,1924.130811214447,8.3,105.62109375,37,21173.40402531624,2.4,20.390625,4,4602.409607887268,1.2,25.390625,13,21204.7798268795
2026-02-13T22:19:07,gaming,6.9,49.1,59.431119236562786,83.05117944596594,0.0,12483.582789382624,22.0,2607.3359375,78.758,48.0,1815.0,99.8,19.2578125,3,4390.024937391281,44.0,6550.80859375,142,1925.4459760189056,10.7,105.62109375,37,21174.72160053253,1.2,4.8046875,403,1771010346.0102015,1.2,41.13671875,33,21208.43860602379
2026-02-13T22:19:08,gaming,6.6,49.1,158.07461665672224,166.43433196068352,0.0,29183.00615201026,22.0,2607.3359375,78.672,48.0,1815.0,99.9,19.2578125,3,4391.3383502960205,42.9,6550.734375,142,1926.75856924057,11.9,105.62890625,37,21176.03336238861,2.4,4.8046875,403,1771010347.3256621,1.2,20.390625,4,4605.040854692459
2026-02-13T22:19:09,gaming,6.8,49.1,400.83289251701865,551.1452272109007,0.0,11271.906795630099,26.0,2607.3359375,78.699,48.0,1815.0,98.4,19.2578125,3,4392.6558628082275,36.7,6549.83203125,142,1928.0778903961182,7.1,105.640625,37,21177.3519654274,1.2,11.19921875,10,21211.033336162567,1.2,24.515625,4,1910.8389933109283
2026-02-13T22:19:11,gaming,6.4,49.1,557.6721439158359,0.0,0.0,12092.038617803482,22.0,2607.3359375,78.75,48.0,1815.0,98.4,19.2578125,3,4393.973679065704,34.5,6549.80859375,142,1929.3910384178162,10.7,105.6484375,37,21178.66729617119,10.7,25.390625,13,21210.03877234459,3.6,183.91015625,276,21206.98292016983
2026-02-13T22:19:12,gaming,8.4,49.1,0.0,0.0,0.0,53796.08674967543,22.0,2607.3359375,78.825,48.0,1815.0,99.1,19.2578125,3,4395.282886505127,43.0,6550.90625,142,1930.6997246742249,10.7,105.65234375,37,21179.976058006287,7.1,4.8046875,403,1771010351.268424,3.6,25.4296875,14,21211.351132154465
2026-02-13T22:19:13,gaming,7.5,49.1,196.86331908576955,95.7506415786817,0.0,12158.033465094686,22.0,2607.3359375,78.724,49.0,1815.0,99.2,19.2578125,3,4396.590625762939,41.8,6550.890625,142,1932.0074932575226,10.8,25.390625,13,21212.659014225006,10.7,105.65234375,37,21181.284180879593,3.6,4.8046875,403,1771010352.5747223
2026-02-13T22:19:15,gaming,9.3,49.1,700.1219391070427,550.0958092983907,49657.133551211205,9310.7125408521,22.0,2607.3359375,78.664,49.0,1815.0,99.4,19.25390625,3,4397.910409927368,44.5,6550.8359375,142,1933.3414452075958,10.6,105.65625,37,21182.613773345947,9.5,4.8046875,403,1771010353.8940423,9.4,25.42578125,13,21213.989367723465
2026-02-13T22:19:16,gaming,7.0,49.1,37.72134276088704,0.0,0.0,13519.329245501916,22.0,2607.3359375,78.714,49.0,1815.0,100.4,19.2578125,3,4399.233814716339,47.8,6550.8046875,142,1934.6501219272614,11.9,105.66015625,37,21183.927481651306,1.2,4.8046875,403,1771010355.2193942,1.2,184.0234375,276,21212.24077653885
2026-02-13T22:19:17,gaming,7.0,49.1,59.62905633175158,57.33563108822267,0.0,14873.627179366136,22.0,2607.3359375,78.731,48.0,1815.0,99.2,19.2578125,3,4400.541298389435,44.1,6550.76953125,142,1935.9595985412598,13.1,105.6484375,37,21185.235094070435,2.4,76.82421875,105,21191.238461732864,1.2,4.8046875,403,1771010356.5273826
2026-02-13T22:19:19,gaming,6.5,49.1,507.6757427355471,700.0581294563859,0.0,12117.036674734742,22.0,2607.3359375,78.807,48.0,1815.0,100.1,19.2578125,3,4401.8524804115295,44.0,6550.61328125,142,1937.2726168632507,7.2,105.65234375,37,21186.545773744583,2.4,20.390625,4,4615.551540136337,1.2,24.515625,4,1920.0346248149872
2026-02-13T22:19:20,gaming,7.3,49.1,50.19307859900957,142.2137226971938,0.0,47893.32299774586,22.0,2607.3359375,78.708,48.0,1815.0,99.7,19.2578125,3,4403.169352769852,53.2,6550.59765625,142,1938.5939364433289,13.0,105.65625,37,21187.867127656937,3.5,328.1953125,95,21188.89360332489,2.4,20.390625,4,4616.878468513489
2026-02-13T22:19:21,gaming,8.0,49.1,105.57999339768315,1086.7197891861529,0.0,14286.481392326497,22.0,2607.3359375,78.815,48.0,1815.0,100.3,19.2578125,3,4404.49368262291,58.1,6550.51171875,142,1939.910348892212,15.4,105.6640625,37,21189.186869859695,7.2,328.1953125,95,21190.202836990356,3.6,92.9609375,56,21219.14267015457
2026-02-13T22:19:23,gaming,7.9,49.1,303.1860949564646,892.714612927368,0.0,61151.71660697662,22.0,2607.3359375,78.753,48.0,1815.0,100.7,19.2578125,3,4405.797490596771,32.3,6549.58984375,142,1941.214515209198,16.7,105.6328125,37,21190.49334359169,11.9,328.1875,95,21191.511539697647,3.6,20.390625,4,4619.497808933258
2026-02-13T22:19:24,gaming,7.8,49.1,506.4734623734639,1101.294175326359,12478.287530115538,57322.13334146825,22.0,2607.3359375,78.723,49.0,1815.0,99.8,19.2578125,3,4407.112530469894,32.3,6549.55859375,142,1942.520822763443,21.6,328.1875,95,21192.814955234528,17.8,105.6328125,37,21191.806875944138,2.4,4.8046875,403,1771010363.0976834
2026-02-13T22:19:25,gaming,9.0,49.1,162.79445835048193,400.8429587686395,0.0,0.0,22.0,2607.3359375,78.663,49.0,1815.0,99.6,19.2578125,3,4408.415129184723,56.3,6549.5234375,142,1943.8524374961853,20.1,25.390625,13,21224.4961643219,14.3,105.6328125,37,21193.115576267242,11.7,328.1875,95,21194.1476726532
2026-02-13T22:19:27,gaming,14.4,49.1,0.0,1027.2284410171276,0.0,19933.622458921287,22.0,2607.3359375,78.855,49.0,1815.0,142.6,6549.49609375,142,1945.1893713474274,99.1,19.2578125,3,4409.754910707474,17.6,105.640625,37,21194.44920706749,15.2,41.73828125,33,21228.164388895035,11.7,4.8046875,403,1771010365.7353857
2026-02-13T22:19:28,gaming,15.8,49.1,101.77700686997873,292.70175698373447,0.0,43361.46231377313,23.0,2607.3359375,78.703,49.0,1815.0,141.5,6549.45703125,141,1946.5253982543945,99.9,19.2578125,3,4411.099519252777,23.2,105.62890625,37,21195.794330596924,12.8,4.8046875,403,1771010367.08156,12.8,41.73828125,33,21229.510462522507
2026-02-13T22:19:29,gaming,15.9,49.1,500.86493818855837,686.9004866585943,0.0,10797.593614843869,23.0,2607.3359375,78.836,48.0,1815.0,103.9,6550.28125,141,1947.8510837554932,98.9,19.2578125,3,4412.42648935318,23.5,105.63671875,37,21197.121646642685,13.0,25.390625,14,21228.497757196426,12.9,40.3046875,33,21230.838599205017
2026-02-13T22:19:31,gaming,12.6,49.1,37.857818002479625,182.4746827719518,0.0,15118.898197470264,22.0,2607.3359375,78.747,48.0,1815.0,99.4,19.2578125,3,4413.746612548828,59.3,6550.36328125,141,1949.165827512741,21.3,105.63671875,37,21198.44410610199,15.5,327.921875,95,21199.460606336594,8.3,88.9296875,147,21232.19722366333
2026-02-13T22:19:32,gaming,11.1,49.1,167.49240978145463,548.7081659808739,0.0,12805.211564106141,22.0,2607.3359375,78.812,48.0,1815.0,99.6,18.609375,3,4415.064466238022,52.1,6550.328125,141,1950.4854867458344,21.4,105.63671875,37,21199.760212183,11.9,41.13671875,33,21233.475123405457,10.7,25.4296875,14,21231.136550426483
2026-02-13T22:19:33,gaming,8.3,49.1,104.50147499170255,54.157698718327595,0.0,92168.77537370367,22.0,2607.3359375,78.741,48.0,1815.0,98.8,19.2578125,3,4416.377226829529,43.0,6550.31640625,141,1951.7946412563324,25.0,105.63671875,37,21201.071688890457,9.5,327.921875,95,21202.091520547867,6.0,88.9296875,147,21234.825343608856
2026-02-13T22:19:34,gaming,9.2,49.1,402.36392091939723,644.6967369276706,0.0,23020.09341502491,27.0,2607.3359375,78.893,48.0,1815.0,100.3,19.2578125,3,4417.6857380867,47.6,6550.30078125,141,1953.1086361408234,25.1,105.63671875,37,21202.378823518753,10.8,41.14453125,33,21236.09502863884,7.2,327.9140625,95,21203.401606082916
2026-02-13T22:19:36,gaming,10.6,49.1,0.0,183.69002072908143,0.0,23805.007167679134,22.0,2607.3359375,78.864,49.0,1815.0,99.8,19.2578125,3,4419.001338005066,58.5,6550.265625,141,1954.4179248809814,27.2,105.63671875,37,21203.699196100235,10.7,25.390625,13,21235.07019519806,8.3,327.9140625,95,21204.71147751808
2026-02-13T22:19:37,gaming,9.3,49.1,0.0,0.0,0.0,101862.55932870581,22.0,2607.3359375,78.847,49.0,1815.0,97.9,19.2578125,3,4420.3100962638855,52.6,6549.31640625,141,1955.7239513397217,38.3,327.9140625,95,21206.018179893494,25.1,105.63671875,37,21205.004519939423,9.6,88.9375,147,21238.761342287064
2026-02-13T22:19:38,gaming,10.9,49.1,104.6422050960796,145.88803776168763,0.0,18771.436733147828,22.0,2607.3359375,78.802,48.0,1815.0,98.9,18.609375,3,4421.621497154236,42.9,6548.69140625,141,1957.0355815887451,30.9,327.91015625,95,21207.33038210869,6.0,88.93359375,147,21240.07250571251,4.8,105.63671875,37,21206.31512117386
2026-02-13T22:19:40,gaming,10.5,49.1,401.9634147802371,552.6996953228261,0.0,16760.65632538201,22.0,2607.3359375,78.901,48.0,1815.0,101.1,19.2421875,2,4422.935563087463,56.3,6543.5078125,141,1958.367149591446,11.9,88.94140625,147,21241.386810302734,8.3,4.8046875,403,1771010378.9198804,2.4,41.14453125,33,21241.349766492844
2026-02-13T22:19:41,gaming,8.2,49.1,461.4512891019041,263.2541780450207,0.0,8520.962820399749,22.0,2607.3359375,78.769,48.0,1815.0,99.2,19.23828125,2,4424.258290052414,53.6,6543.23828125,141,1959.6780953407288,2.4,25.390625,13,21240.330904245377,1.2,76.828125,105,21214.95588541031,0.0,4.8046875,403,1771010380.2440834
2026-02-13T22:19:42,gaming,8.8,49.1,870.8293725462867,425.5188979487537,0.0,74830.42888006133,22.0,2607.3359375,78.931,48.0,1815.0,99.7,19.2421875,2,4425.574577331543,46.5,6543.21875,141,1960.9890677928925,2.4,20.38671875,4,4639.266252040863,1.2,184.30859375,276,21238.58020377159,0.0,4.8046875,403,1771010381.5563357
2026-02-13T22:19:44,gaming,8.0,49.1,3329.559138605775,1033.574486325504,0.0,7420.378304778231,22.0,2607.3359375,78.813,48.0,1815.0,100.6,18.59375,2,4426.87979054451,55.8,6541.39453125,141,1962.305013179779,1.2,88.92578125,147,21245.330350875854,1.2,11.3828125,12,21245.26001739502,1.2,25.390625,13,21242.954298734665
2026-02-13T22:19:45,gaming,7.1,49.1,1774.9388794257484,751.1686725214771,0.0,41871.59568119718,22.0,2607.3359375,78.867,48.0,1815.0,99.4,19.2421875,2,4428.20041179657,53.8,6529.3125,141,1963.6131753921509,3.6,20.38671875,4,4641.893607616425,1.2,211.71484375,72,21244.26427602768,1.2,76.828125,105,21218.895671606064
2026-02-13T22:19:46,gaming,6.9,49.0,2074.803900361362,41.28202307277581,0.0,45404.10952478335,22.0,2607.3359375,78.77,49.0,1815.0,99.1,19.2421875,2,4429.508865594864,52.3,6525.69140625,141,1964.9273965358734,2.4,20.38671875,4,4643.209511995316,1.2,61.54296875,116,21202.412477254868,1.2,89.78515625,33,21199.831489801407
2026-02-13T22:19:48,gaming,6.7,49.0,2372.2371700268027,0.0,0.0,20256.075181139702,22.0,2607.3359375,78.999,49.0,1815.0,99.8,19.3671875,2,4430.824561595917,40.7,6516.45703125,141,1966.2314763069153,8.3,25.4296875,14,21246.88570165634,4.8,99.91015625,44,21222.74656033516,2.4,279.9921875,35,21214.078889608383
2026-02-13T22:19:49,gaming,8.3,49.0,2752.8182510304273,2136.4928314941703,0.0,14094.429445275788,22.0,2607.3359375,78.806,49.0,1815.0,100.4,19.24609375,2,4432.132123947144,33.1,6513.046875,141,1967.5536136627197,10.7,25.390625,13,21248.20023560524,6.0,41.73828125,33,21250.539977550507,3.6,120.203125,164,21228.306133270264
2026-02-13T22:19:50,gaming,8.7,49.0,479.12539326315357,443.3811178927278,0.0,12849.686737419432,22.0,2607.3359375,78.912,49.0,1815.0,99.9,19.37109375,2,4433.445503473282,34.6,6510.98828125,141,1968.8625192642212,9.5,41.73828125,33,21251.854994297028,9.5,25.4296875,14,21249.510878801346,2.4,105.67578125,37,21218.139766216278
2026-02-13T22:19:52,gaming,6.0,49.0,4059.0806328664617,4355.770292051928,0.0,10934.04358376054,22.0,2607.3359375,78.815,49.0,1815.0,100.0,19.37109375,2,4434.757836818695,43.0,6511.68359375,141,1970.171597957611,3.6,89.79296875,33,21205.075460910797,2.4,25.390625,13,21250.821060419083,1.2,4.8046875,403,1771010390.7423756
2026-02-13T22:19:53,gaming,6.4,49.0,0.0,0.0,0.0,109613.32823635679,22.0,2607.3359375,78.933,48.0,1815.0,99.3,19.37109375,2,4436.064504623413,46.5,6511.3984375,141,1971.4820187091827,3.6,25.42578125,14,21252.132182121277,2.4,20.38671875,4,4649.7596781253815,1.2,61.54296875,116,21208.96812915802
2026-02-13T22:19:54,gaming,6.7,49.0,508.1867893510079,1155.4562789454496,0.0,12911.765402818992,22.0,2607.3359375,78.729,48.0,1815.0,99.1,18.7265625,2,4437.373921632767,46.5,6504.984375,141,1972.792589187622,2.4,25.390625,13,21253.443791151047,2.4,20.38671875,4,4651.070500612259,1.2,11.28515625,4,21242.290778636932
2026-02-13T22:19:55,gaming,6.9,48.9,32.0372398554184,32.0372398554184,0.0,7810.984193321057,22.0,2607.3359375,78.884,48.0,1815.0,99.8,19.37109375,2,4438.688395738602,52.6,6480.81640625,141,1974.0988965034485,3.6,20.38671875,4,4652.3799521923065,1.2,76.828125,105,21229.378460884094,0.0,4.8046875,403,1771010394.670466
2026-02-13T22:19:57,gaming,6.3,48.9,291.7585422125752,91.65189807724875,0.0,17988.212529294688,22.0,2607.3359375,78.725,49.0,1815.0,99.2,19.37109375,2,4439.995635271072,41.5,6465.3984375,141,1975.4192864894867,4.8,25.390625,13,21256.066152095795,2.4,184.43359375,276,21253.007032871246,2.4,121.11328125,32,21248.978941440582
2026-02-13T22:19:58,gaming,7.3,48.9,49.36976343452423,489.2094740330128,49022.67903704515,16085.56655903044,23.0,2607.3359375,78.915,49.0,1815.0,100.9,19.390625,3,4441.358303785324,55.0,6465.25,141,1976.9234781265259,4.1,24.84375,9,1784.3753304481506,3.1,23.3984375,16,21259.482209444046,3.1,214.0078125,74,21257.564897298813
2026-02-13T22:20:00,gaming,9.6,49.1,564.5442382704716,569.8575958071349,76172.29364560453,123779.97717410736,22.0,2607.3359375,78.81,49.0,1815.0,98.0,19.40234375,3,4442.84025645256,46.1,6464.8359375,141,1978.280152797699,2.2,105.66796875,37,21227.5357670784,2.1,88.92578125,147,21261.28821206093,2.1,19.0703125,11,21261.462697029114
2026-02-13T22:20:01,gaming,6.8,49.1,87.79741872423979,59.49907715196416,0.0,11516.69942141433,22.0,2607.3359375,78.822,49.0,1815.0,101.0,19.40234375,3,4444.2174344062805,47.2,6464.78125,141,1979.7037954330444,16.4,87.06640625,11,4.119397163391113,15.4,37.63671875,10,21257.503009796143,5.5,25.359375,15,3.801990509033203
2026-02-13T22:20:03,gaming,11.9,49.2,0.0,37.54756864306666,71201.31535277827,111430.05852709798,22.0,2607.3359375,78.757,49.0,1815.0,98.8,19.40234375,3,4445.656886816025,47.1,6464.44921875,141,1981.1299061775208,39.4,37.63671875,10,21258.932045936584,21.6,19.046875,11,21264.28372001648,18.5,17.75390625,8,21264.083157777786
2026-02-13T22:20:04,gaming,11.7,49.1,514.9087884957368,702.9808083703766,0.0,85112.80264229393,22.0,2607.3359375,78.817,49.0,1815.0,99.0,19.40625,3,4447.076709270477,40.8,37.625,10,21260.350150585175,39.6,6464.43359375,141,1982.5493981838226,24.1,17.9921875,9,21265.507787942886,17.6,19.1875,12,21265.703405618668
2026-02-13T22:20:05,gaming,12.6,49.1,0.0,37.90002658947408,0.0,60370.53124296672,22.0,2607.3359375,78.782,49.0,1815.0,99.8,19.40234375,3,4448.500977277756,42.3,6464.32421875,141,1983.9911768436432,33.6,37.57421875,10,21261.79216194153,28.6,17.99609375,9,21266.928184747696,19.8,19.21484375,12,21267.126662492752
2026-02-13T22:20:07,gaming,11.6,49.1,0.0,0.0,14491.887757365825,89849.7040956681,22.0,2607.3359375,78.906,49.0,1815.0,98.4,19.40234375,3,4449.914204597473,46.7,6463.42578125,141,1985.3641357421875,15.9,37.640625,10,21263.164264202118,14.7,70.6328125,12,9.779699325561523,11.1,4.8046875,406,1771010405.8965192
2026-02-13T22:20:08,gaming,14.3,49.1,47.118596627874936,127.79134539984263,0.0,113313.08570873196,22.0,2607.3359375,78.979,48.0,1815.0,100.1,19.40234375,3,4451.3195559978485,98.4,6463.67578125,141,1986.8088188171387,40.1,37.64453125,10,21264.607520341873,28.7,17.7578125,9,21269.748403549194,19.0,4.8046875,406,1771010407.2970352
2026-02-13T22:20:10,gaming,17.0,49.1,414.2731488420694,547.7534789364256,33993.91287459999,387034.8622076853,22.0,2607.3359375,78.974,48.0,1815.0,157.7,6463.63671875,141,1988.2555952072144,100.6,19.40234375,3,4452.764350652695,31.4,37.62109375,10,21266.048899412155,24.9,17.7578125,9,21271.193472623825,18.3,70.63671875,12,12.671720743179321
2026-02-13T22:20:11,gaming,18.0,49.1,0.0,51.817867344014076,0.0,153878.3388647842,22.0,2607.3359375,78.972,49.0,1815.0,98.3,19.40234375,3,4454.210978269577,58.1,6461.4296875,141,1989.68213224411,40.4,37.64453125,10,21267.479753017426,24.9,19.30859375,12,21272.8349609375,18.4,17.7421875,9,21272.633861541748
2026-02-13T22:20:12,gaming,12.3,49.1,237.36081151820116,46.62444511964666,0.0,67998.22105207134,22.0,2607.3359375,78.89,48.0,1815.0,100.7,19.40234375,3,4455.623127222061,59.0,6461.39453125,141,1991.0859990119934,45.5,37.6328125,10,21268.886537075043,30.9,17.7578125,9,21274.05050754547,17.7,19.16015625,12,21274.250461816788
2026-02-13T22:20:14,gaming,12.5,49.1,97.37494001122502,97.37494001122502,0.0,55678.56423882717,22.0,2607.3359375,79.066,49.0,1815.0,99.7,19.40234375,3,4457.033105373383,85.7,6461.54296875,141,1992.508128643036,33.2,37.640625,10,21270.300410985947,22.9,71.3125,12,16.93011498451233,22.2,19.1875,12,21275.65682530403
2026-02-13T22:20:15,gaming,17.1,49.1,749.2232063957055,1161.435230732376,0.0,311944.23463315616,22.0,2607.3359375,78.938,48.0,1815.0,159.4,6461.5234375,141,1993.9690849781036,100.0,19.40234375,3,4458.470745801926,37.4,37.64453125,10,21271.761501312256,23.8,17.76953125,9,21276.901908636093,19.5,19.27734375,12,21277.097067832947
2026-02-13T22:20:17,gaming,17.5,49.1,358.17897173063113,1633.1583499487047,0.0,115675.27653183705,23.0,2607.3359375,78.944,48.0,1815.0,102.8,6461.23046875,141,1995.3978672027588,99.9,19.40234375,3,4459.926388978958,34.9,37.7109375,10,21273.195281505585,29.0,19.5078125,12,21278.550743579865,22.6,17.83203125,9,21278.354280233383
2026-02-13T22:20:18,gaming,13.5,49.1,92.59621291665091,987.6929377776098,0.0,26218.757984642005,22.0,2607.3359375,78.912,48.0,1815.0,98.9,19.40234375,3,4461.3477437496185,68.0,6459.83984375,141,1996.8232226371765,37.3,37.6328125,10,21274.621103048325,27.5,19.58203125,12,21279.973486423492,18.7,17.8984375,9,21279.77404856682
2026-02-13T22:20:20,gaming,16.0,49.1,969.7285057298076,794.1802606664825,0.0,52849.85246578439,22.0,2607.3359375,79.046,48.0,1815.0,98.7,18.7421875,3,4462.772428274155,58.9,6447.46875,141,1998.2553460597992,35.0,37.6171875,10,21276.051864624023,26.3,19.58203125,12,21281.39789366722,25.2,17.765625,9,21281.19820165634
2026-02-13T22:20:21,gaming,16.5,49.0,314.38666643722195,797.4178360626225,0.0,371678.604820722,22.0,2607.3359375,78.961,48.0,1815.0,100.1,19.40234375,3,4464.208827018738,64.2,6446.61328125,141,1999.6904029846191,35.0,71.69921875,12,24.102559328079224,33.8,37.6640625,10,21277.486436843872,20.6,17.76953125,9,21282.639607191086
2026-02-13T22:20:23,gaming,12.2,49.0,79.40353274390606,87.13308017915355,0.0,150386.0749001752,22.0,2607.3359375,79.079,48.0,1815.0,98.7,19.40234375,3,4465.634574651718,70.4,6446.60546875,141,2001.111580133438,40.8,37.6328125,10,21278.905134677887,22.0,17.67578125,9,21284.060604810715,15.3,19.54296875,12,21284.260513067245
2026-02-13T22:20:24,gaming,14.4,49.0,1308.555047364142,863.1190238181297,90941.10666389862,367672.0523325589,22.0,2607.3359375,78.998,49.0,1815.0,100.0,19.40234375,3,4467.072122812271,49.1,6446.6875,141,2002.5116066932678,18.5,19.171875,12,21285.695796489716,13.0,4.8046875,406,1771010423.0560913,12.0,17.6953125,9,21285.49303340912
2026-02-13T22:20:25,gaming,7.7,49.0,2184.330911363426,1429.6774560328508,0.0,161584.96598629028,22.0,2607.3359375,79.274,49.0,1815.0,99.1,19.40234375,3,4468.443406581879,61.2,6446.66796875,141,2003.8896634578705,6.8,88.9375,147,21286.892855882645,5.7,20.38671875,4,4682.205235004425,1.1,4.8046875,406,1771010424.4248035
2026-02-13T22:20:27,gaming,7.9,49.0,0.0,0.0,0.0,15926.12327759241,22.0,2607.3359375,79.02,49.0,1815.0,100.6,19.40234375,3,4469.82541680336,52.3,6446.64453125,141,2005.263839483261,6.8,88.9453125,147,21288.273411750793,3.4,215.83203125,74,21285.903524160385,3.4,20.38671875,4,4683.578429222107
2026-02-13T22:20:28,gaming,8.2,49.0,336.365517824382,51.6925362890284,0.0,55915.30685911804,22.0,2607.3359375,79.173,49.0,1815.0,99.2,19.40234375,3,4471.196154356003,50.0,6446.4375,141,2006.6384704113007,5.7,88.9296875,147,21289.64666056633,3.4,4.8046875,406,1771010427.1802332,2.3,105.70703125,37,21255.895424842834
2026-02-13T22:20:29,gaming,7.0,49.0,586.3540292387312,576.8849579590996,0.0,18646.786519890087,22.0,2607.3359375,79.12,49.0,1815.0,118.7,6445.30078125,141,2008.0464444160461,99.0,19.27734375,3,4472.5689244270325,4.6,88.93359375,147,21291.018954992294,2.2,215.71875,74,21288.678191184998,2.2,20.38671875,4,4686.366723537445
2026-02-13T22:20:31,gaming,11.5,49.0,175.30507565073654,139.96131039857192,34744.334993487915,130291.25622557968,22.0,2607.3359375,79.155,49.0,1815.0,143.6,6445.2578125,141,2009.4387834072113,100.3,19.27734375,3,4473.986528158188,7.7,88.93359375,147,21292.434357643127,5.6,105.67578125,37,21258.683597803116,4.5,20.38671875,4,4687.755753993988
2026-02-13T22:20:32,gaming,10.5,49.0,168.46864103992317,155.50951480608293,0.0,11427.069532417352,27.0,2607.3359375,79.039,49.0,1815.0,133.0,6445.34375,142,2010.8363280296326,97.7,19.27734375,3,4475.377854824066,2.2,105.67578125,37,21260.076308727264,2.2,61.52734375,115,21248.315487861633,1.1,4.8046875,406,1771010431.3567746
2026-02-13T22:20:34,gaming,9.4,49.0,47.41677503518265,89.80449817269442,0.0,22070.35347092138,22.0,2607.3359375,78.999,49.0,1815.0,98.1,18.6171875,3,4476.763527393341,51.3,6446.4375,142,2012.206562280655,3.4,4.8046875,406,1771010432.74829,1.1,105.67578125,37,21261.45881509781,1.1,41.73828125,33,21295.176921844482
2026-02-13T22:20:35,gaming,7.1,49.0,812.9442536407378,678.3026359831401,0.0,27947.23307054998,22.0,2607.3359375,79.156,49.0,1815.0,98.5,19.27734375,3,4478.143035173416,59.7,6446.41015625,142,2013.5943851470947,7.9,105.67578125,37,21262.840961694717,3.4,20.38671875,4,4691.905065536499,0.0,4.8046875,406,1771010434.1265435
2026-02-13T22:20:36,gaming,7.5,49.0,109.84444758788506,601.2538183757919,0.0,11470.07284286126,22.0,2607.3359375,78.982,49.0,1815.0,99.7,19.27734375,3,4479.522830724716,55.9,6446.3828125,142,2014.963063955307,3.4,25.390625,13,21295.60644054413,2.3,105.6796875,37,21264.222598075867,1.1,21.7734375,5,21294.57348537445
2026-02-13T22:20:38,gaming,8.6,49.0,0.0,1282.5072690714676,0.0,10136.867059830742,22.0,2607.3359375,78.987,49.0,1815.0,99.8,19.27734375,3,4480.885275602341,55.9,6446.35546875,142,2016.3325662612915,4.6,105.6875,37,21265.584420204163,4.6,25.390625,13,21296.97331738472,4.5,20.38671875,4,4694.646270513535
2026-02-13T22:20:39,gaming,7.5,49.0,709.0853873324825,1121.7498340587633,0.0,72907.9270385136,22.0,2607.3359375,78.872,49.0,1815.0,100.9,19.27734375,3,4482.263530015945,60.6,6446.3203125,142,2017.7002308368683,4.6,25.42578125,14,21298.34178495407,3.4,20.38671875,4,4696.014635324478,2.3,105.6875,37,21266.96021747589
2026-02-13T22:20:40,gaming,7.4,49.0,51.84900398989051,48.19766568074329,0.0,8973.529028560206,22.0,2607.3359375,78.91,49.0,1815.0,99.3,19.265625,3,4483.632879495621,49.8,6446.30078125,142,2019.0819206237793,4.6,105.94140625,37,21268.331122159958,2.3,25.42578125,14,21299.726633548737,1.1,20.38671875,4,4697.390390396118
2026-02-13T22:20:42,gaming,7.0,49.0,0.0,472.1059280865312,47673.242069459026,74489.44073352973,22.0,2607.3359375,78.969,49.0,1815.0,97.7,19.26953125,3,4485.009313344955,56.1,6446.28515625,142,2020.4466695785522,3.4,11.28515625,4,21289.94526696205,3.4,20.38671875,4,4698.761044025421,2.3,4.8046875,406,1771010440.9917135
2026-02-13T22:20:43,gaming,9.8,49.0,78.79766257084852,82.44570250468409,0.0,20172.20161813722,22.0,2607.3359375,79.006,49.0,1815.0,98.2,19.26953125,3,4486.376635551453,45.8,6446.2265625,142,2021.811696767807,8.0,88.9296875,147,21304.82678413391,5.7,41.90234375,33,21304.790446281433,5.7,184.859375,277,21299.403458833694
2026-02-13T22:20:45,gaming,7.5,49.0,902.9591232205661,793.308830343741,0.0,12057.116768415448,22.0,2607.3359375,78.903,49.0,1815.0,98.5,18.609375,3,4487.740947961807,36.5,6444.04296875,142,2023.1804325580597,5.7,88.92578125,147,21306.191491127014,5.7,105.7734375,37,21272.437692642212,5.7,25.4296875,14,21303.822620868683
2026-02-13T22:20:46,gaming,7.3,49.0,136.25596568927375,582.9132222001017,0.0,10072.740479617756,22.0,2607.3359375,79.046,49.0,1815.0,99.0,19.26953125,3,4489.114013671875,50.2,6444.75390625,142,2024.5496809482574,6.8,88.9375,147,21307.561760902405,4.6,20.38671875,4,4702.862341165543,3.4,105.7734375,37,21273.809863090515
2026-02-13T22:20:47,gaming,8.2,49.0,87.49054462080271,0.0,0.0,11198.789711462747,22.0,2607.3359375,79.078,49.0,1815.0,99.6,19.265625,3,4490.478316068649,47.2,6439.79296875,142,2025.906408071518,8.1,25.390625,13,21306.551402568817,5.7,88.92578125,147,21308.929059267044,4.6,4.8046875,406,1771010446.463836
2026-02-13T22:20:49,gaming,7.0,48.9,49.00788271422001,52.72060110166092,0.0,54746.260253848675,22.0,2607.3359375,78.969,49.0,1815.0,100.8,19.265625,3,4491.828007221222,41.3,6439.78125,142,2027.268308877945,8.1,105.76953125,37,21276.525110960007,5.8,88.93359375,147,21310.278104543686,2.3,20.38671875,4,4705.575393438339
2026-02-13T22:20:50,gaming,8.3,48.9,1241.2897077169891,707.8428911774566,0.0,18758.569372818725,22.0,2607.3359375,78.875,49.0,1815.0,97.3,19.265625,3,4493.192603588104,59.5,6439.75,142,2028.6352725028992,8.0,4.8046875,406,1771010449.1759102,8.0,88.9453125,147,21311.64206147194,8.0,105.7734375,37,21277.89323449135
2026-02-13T22:20:51,gaming,8.5,48.9,2265.41467152453,39.39851602651357,0.0,11206.689003097192,22.0,2607.3359375,78.984,49.0,1815.0,100.5,19.265625,3,4494.560729026794,36.0,6439.71875,142,2029.9788184165955,8.0,4.8046875,406,1771010450.545767,8.0,25.390625,13,21310.63309431076,5.7,88.9296875,147,21313.011087179184
2026-02-13T22:20:53,gaming,8.5,48.9,2249.5512666553213,0.0,0.0,17566.787610167812,22.0,2607.3359375,78.945,49.0,1815.0,97.8,19.265625,3,4495.902209997177,46.4,6439.65234375,142,2031.327110528946,7.0,88.9375,147,21314.352792739868,7.0,105.78125,37,21280.599502801895,5.8,41.1015625,33,21314.315440416336
2026-02-13T22:20:54,gaming,8.7,48.9,465.52990816826235,92.95725003359871,0.0,20179.903495293875,22.0,2607.3359375,79.082,49.0,1815.0,100.9,19.265625,3,4497.249161720276,54.3,6439.6015625,142,2032.678518295288,8.1,105.78515625,37,21281.947699308395,5.8,88.94921875,147,21315.697484970093,2.3,20.38671875,4,4710.980204105377
2026-02-13T22:20:55,gaming,7.2,48.9,703.4406850621149,642.6586659102778,0.0,124102.05822533144,22.0,2607.3359375,79.025,49.0,1815.0,98.5,18.609375,3,4498.59755563736,51.9,6439.5234375,142,2034.0324444770813,6.9,88.93359375,147,21317.048349142075,6.9,105.7890625,37,21283.29681944847,2.3,20.38671875,4,4712.337052345276
2026-02-13T22:20:57,gaming,7.8,48.9,232.84622505059144,39.79017769851879,0.0,17731.682150688077,22.0,2607.3359375,78.951,49.0,1815.0,100.4,19.265625,3,4499.951737642288,38.2,6438.421875,142,2035.3821306228638,10.4,105.765625,37,21284.646839618683,5.8,88.92578125,147,21318.402289628983,1.2,11.28515625,4,21304.8809132576
2026-02-13T22:20:58,gaming,6.7,48.9,48.86624698540177,52.56823539338676,48522.70246114077,218731.2446881111,22.0,2607.3359375,78.949,49.0,1815.0,99.2,19.265625,3,4501.306175947189,33.4,6438.39453125,142,2036.73699092865,5.8,105.7734375,37,21286.002002477646,4.6,88.9453125,147,21319.754173994064,3.5,25.390625,13,21317.38867545128
2026-02-13T22:20:59,gaming,7.4,48.9,542.5381778264107,869.5274039217879,0.0,27027.19917215244,22.0,2607.3359375,79.061,49.0,1815.0,100.8,19.265625,3,4502.670595407486,40.1,6438.38671875,142,2038.1018135547638,10.3,105.77734375,37,21287.36777496338,6.9,88.9296875,147,21321.120914697647,3.4,11.28515625,4,21307.60014939308
2026-02-13T22:21:01,gaming,7.2,48.9,107.02730174819884,1546.3599804308728,0.0,44972.13407527075,22.0,2607.3359375,78.931,49.0,1815.0,99.3,19.265625,3,4504.023905277252,27.7,6438.3671875,142,2039.4537160396576,9.2,105.76953125,37,21288.71959733963,6.9,88.92578125,147,21322.47500061989,5.8,25.42578125,14,21320.10381245613
2026-02-13T22:21:02,gaming,10.9,48.9,151.6363375998482,1135.423308369595,0.0,50369.89290341103,22.0,2607.3359375,79.079,49.0,1815.0,100.5,19.265625,3,4505.377109050751,33.5,6438.35546875,142,2040.8062608242035,18.5,25.390625,13,21321.457852363586,10.4,105.74609375,37,21290.076110839844,10.4,41.30859375,33,21323.792391061783
2026-02-13T22:21:04,gaming,11.2,48.9,48.89064512556898,484.46184715336534,0.0,138813.8753237973,22.0,2607.3359375,78.806,49.0,1815.0,98.6,19.265625,3,4506.723475456238,45.1,6439.47265625,142,2042.1571691036224,12.8,105.74609375,37,21291.422629594803,12.8,41.90234375,33,21325.140030622482,6.9,25.390625,13,21322.810053110123
2026-02-13T22:21:05,gaming,7.5,48.9,544.353932502045,919.3368724185353,0.0,24992.945770528677,22.0,2607.3359375,78.953,49.0,1815.0,100.4,19.265625,3,4508.078020572662,56.4,6439.51953125,142,2043.5155744552612,11.6,105.74609375,37,21292.773677110672,5.8,88.93359375,147,21326.52818608284,5.7,104.796875,48,21300.03925228119
2026-02-13T22:21:06,gaming,8.9,48.9,958.5732157932806,869.6258545118488,1505.489222350183,106136.9901756879,22.0,2607.3359375,79.047,49.0,1815.0,96.7,19.265625,3,4509.435821056366,55.7,6439.4921875,142,2044.8628058433533,9.2,105.75,37,21294.133665561676,8.1,88.93359375,147,21327.886286258698,4.6,4.8046875,405,1771010465.4210787
2026-02-13T22:21:08,gaming,7.1,48.9,546.5041982433079,40.31588347696533,0.0,30962.598510309374,22.0,2607.3359375,79.151,49.0,1815.0,99.2,19.265625,3,4510.775162696838,44.6,6439.48046875,142,2046.1927244663239,8.2,105.75390625,37,21295.471809387207,5.8,88.9296875,147,21329.226257801056,3.5,20.38671875,4,4724.491784572601
2026-02-13T22:21:09,gaming,7.3,48.9,49.5728587837153,234.3444233411996,0.0,31534.347017810655,22.0,2607.3359375,78.981,49.0,1815.0,100.5,19.265625,3,4512.114789962769,98.7,6439.44921875,142,2047.5548212528229,14.0,105.75390625,37,21296.810888767242,7.0,88.94921875,147,21330.56243109703,1.1,20.38671875,4,4725.864639043808
2026-02-13T22:21:10,gaming,11.7,48.9,724.5078331059987,1001.2042919806514,11719720.260963146,124146.41961129683,22.0,2607.3359375,78.987,49.0,1815.0,123.3,6440.0546875,142,2048.936458826065,100.4,19.265625,3,4513.482472896576,20.3,236.03515625,75,21329.582738161087,11.4,105.75390625,37,21298.18164229393,7.9,327.9140625,95,21299.24369573593
2026-02-13T22:21:12,gaming,12.5,49.0,1008.5315768033087,2456.530969198583,7388550.115640989,78956.51086852953,22.0,2607.3359375,78.845,49.0,1815.0,120.3,6439.65234375,142,2050.3008387088776,98.3,19.265625,3,4514.865470170975,21.8,239.15234375,75,21330.943793296814,14.7,105.75390625,37,21299.562193870544,10.2,88.9296875,147,21333.31546354294
2026-02-13T22:21:13,gaming,13.0,49.0,0.0,52.04270361135932,4616114.510745021,58170.5487126405,22.0,2607.3359375,79.015,49.0,1815.0,116.6,6440.68359375,142,2051.667708873749,98.7,19.265625,3,4516.227295160294,26.3,238.75390625,75,21332.311784267426,12.6,105.75390625,37,21300.92512321472,11.5,88.93359375,147,21334.677006721497
2026-02-13T22:21:14,gaming,11.6,49.0,48.507365364336096,0.0,5633580.736926842,310823.4378933653,22.0,2607.3359375,78.852,49.0,1815.0,105.2,6441.2734375,142,2053.0188534259796,99.9,19.265625,3,4517.587642431259,17.3,241.7578125,75,21333.669323921204,14.9,88.94921875,147,21336.038028478622,12.7,327.9296875,95,21303.32893228531
2026-02-13T22:21:16,gaming,12.9,49.0,3239.3523572329095,4820.710446091377,9836218.270330897,15468.718080762792,22.0,2607.3359375,79.04,49.0,1815.0,119.3,6438.21875,142,2054.3805572986603,98.9,19.265625,3,4518.946410655975,25.3,242.671875,75,21335.02694606781,20.7,105.7578125,37,21303.643904924393,15.0,327.9296875,95,21304.685961961746
2026-02-13T22:21:17,gaming,12.5,49.0,148.94443335942756,30.96864455988098,3325595.9153126585,16233.46853881761,26.0,2607.3359375,78.945,49.0,1815.0,99.2,19.265625,3,4520.301281452179,93.1,6438.2265625,142,2055.7399842739105,30.0,241.82421875,75,21336.38273501396,16.1,105.7578125,37,21304.998997688293,12.7,88.92578125,147,21338.751868724823
2026-02-13T22:21:18,gaming,12.2,49.0,181.06491565678138,122.91805249870932,3353216.2487446703,44468.36562731749,23.0,2607.3359375,79.163,49.0,1815.0,119.3,6438.1953125,142,2057.10187292099,97.6,19.265625,3,4521.661369562149,21.8,88.94140625,147,21340.112172603607,21.8,243.65234375,75,21337.742296218872,21.7,328.2421875,95,21307.411337137222
2026-02-13T22:21:20,gaming,13.2,49.0,727.2432184701228,657.8079363046337,6969840.534001096,44157.91586642305,23.0,2607.3359375,79.013,49.0,1815.0,119.5,6457.45703125,142,2058.4747734069824,100.2,19.265625,3,4523.033063650131,18.3,88.92578125,147,21341.482377767563,17.0,243.890625,75,21339.11826825142,13.7,105.76953125,37,21307.732170820236
2026-02-13T22:21:21,gaming,13.3,49.1,97.9967733103406,127.03285429118226,30767653.477350347,13008.164279417064,22.0,2607.3359375,79.089,49.0,1815.0,147.9,6539.33203125,142,2059.8587136268616,96.5,19.265625,3,4524.410021305084,26.1,88.95703125,147,21342.857682466507,17.0,105.765625,37,21309.109584093094,14.7,328.2109375,95,21310.16563153267
2026-02-13T22:21:23,gaming,16.7,49.3,56.52163679241208,0.0,47417421.392438,27084.008932733257,22.0,2607.3359375,78.937,49.0,1815.0,148.9,6539.61328125,142,2061.222452878952,97.7,19.265625,3,4525.785915851593,22.7,105.765625,37,21310.483885765076,21.5,88.921875,147,21344.23613858223,16.0,25.390625,13,21341.873205423355
2026-02-13T22:21:24,gaming,15.9,49.2,152.1600378415989,2006.8874893962338,0.0,94546.04293070221,22.0,2607.3359375,78.96,49.0,1815.0,144.3,6439.2109375,142,2062.5864548683167,100.2,19.265625,3,4527.141922712326,24.2,88.92578125,147,21345.59113883972,16.1,105.890625,37,21311.841503620148,11.5,41.14453125,33,21345.55804491043
2026-02-13T22:21:25,gaming,14.1,48.9,438.9856343524486,1007.6882257673068,1392840.5900746912,10506.340657890989,22.0,2607.3359375,78.921,49.0,1815.0,144.0,6439.18359375,142,2063.964301586151,98.5,18.609375,3,4528.505798101425,21.8,105.890625,37,21313.202577114105,17.1,247.421875,75,21344.6019012928,16.0,88.92578125,147,21346.954564332962
2026-02-13T22:21:27,gaming,14.5,49.0,108.31829688875207,114.13404437271193,6752222.406816993,82630.14025210145,22.0,2607.3359375,78.855,49.0,1815.0,135.6,6439.27734375,142,2065.3242666721344,98.9,19.265625,3,4529.8802897930145,25.0,105.87109375,37,21314.578485250473,21.6,88.94140625,147,21348.32979130745,17.2,246.7734375,75,21345.965924263
2026-02-13T22:21:28,gaming,13.7,48.9,48.43372408789187,627.4368802295083,5104644.464159798,12774.761650333661,22.0,2607.3359375,78.855,49.0,1815.0,138.0,6439.140625,142,2066.683034181595,99.6,19.265625,3,4531.244833230972,29.8,105.87109375,37,21315.942213773727,17.2,88.93359375,147,21349.693370342255,14.9,247.7890625,75,21347.32919359207
2026-02-13T22:21:29,gaming,13.8,48.9,80.2411978835454,31.204910288045433,9274979.018887604,120207.25822198682,22.0,2607.3359375,79.132,49.0,1815.0,128.1,6439.1328125,142,2068.024571657181,100.9,19.26171875,3,4532.592580080032,31.3,105.87109375,37,21317.28811979294,28.9,328.2109375,95,21318.34117937088,22.1,248.1328125,75,21348.673154592514
2026-02-13T22:21:31,gaming,14.9,49.0,440.1355057579296,581.9487822375296,3570978.806302145,72232.1882437855,22.0,2607.3359375,79.019,49.0,1815.0,121.1,6439.171875,142,2069.3926997184753,97.6,18.609375,3,4533.953782320023,44.8,328.2109375,95,21319.70137143135,19.4,248.4453125,75,21350.038951396942,18.4,88.91796875,147,21352.40336561203
2026-02-13T22:21:32,gaming,15.4,48.9,36.99764604763406,0.0,4758808.903724354,10229.109179249865,22.0,2607.3359375,79.075,49.0,1815.0,102.5,6439.2421875,142,2070.733786344528,98.5,19.26171875,3,4535.301935911179,23.2,88.93359375,147,21353.75282216072,17.5,328.2109375,95,21321.040778160095,8.2,208.73828125,75,21351.37803888321
2026-02-13T22:21:33,gaming,12.3,48.9,734.791869138812,1504.680504384864,847244.8947052265,121963.50244177223,22.0,2607.3359375,78.987,49.0,1815.0,141.1,6439.23046875,142,2072.09602022171,100.2,19.26171875,3,4536.643936395645,12.8,88.93359375,147,21355.092037916183,2.3,20.44140625,6,4750.390822887421,1.2,4.8046875,405,1771010492.6247635
2026-02-13T22:21:35,gaming,12.9,48.9,0.0,0.0,0.0,41477.26011928615,22.0,2607.3359375,79.138,49.0,1815.0,137.3,6439.2109375,142,2073.4505009651184,99.4,19.26171875,3,4538.011075258255,10.3,88.92578125,147,21356.46147632599,2.3,4.8046875,405,1771010493.9939182,2.3,20.44140625,6,4751.744820594788
2026-02-13T22:21:36,gaming,12.7,48.9,553.0622073908759,701.6791909277289,0.0,25363.965190289582,22.0,2607.3359375,79.027,49.0,1815.0,124.3,6439.171875,142,2074.79470205307,99.4,19.26171875,3,4539.363250017166,6.9,88.93359375,147,21357.813235759735,1.2,11.2578125,12,21357.746953487396,1.2,185.26953125,277,21352.3933031559
2026-02-13T22:21:37,gaming,9.2,48.9,0.0,0.0,12289.97639204894,44935.22618342894,22.0,2607.3359375,79.181,49.0,1815.0,99.5,19.26171875,3,4540.697556972504,56.3,6439.140625,142,2076.1263422966003,3.5,88.9453125,147,21359.147871494293,2.3,4.8046875,405,1771010496.6796281,2.3,20.44140625,6,4754.409917354584
2026-02-13T22:21:39,gaming,7.0,48.9,49.52184872175684,93.7913801548425,0.0,18824.30516259751,22.0,2607.3359375,79.033,49.0,1815.0,99.8,19.26171875,3,4542.028763532639,61.1,6438.984375,142,2077.455929517746,7.1,25.42578125,14,21358.1079723835,5.9,88.9296875,147,21360.47729754448,5.9,185.296875,277,21355.051153182983
2026-02-13T22:21:40,gaming,11.0,48.9,450.2145528726849,595.2753353508622,0.0,0.0,22.0,2607.3359375,79.121,49.0,1815.0,101.0,19.26171875,3,4543.359057664871,40.9,6437.85546875,141,2078.79279589653,14.1,41.73828125,33,21361.771479845047,11.7,88.9296875,147,21361.80989074707,8.2,25.42578125,14,21359.449801921844
2026-02-13T22:21:41,gaming,7.0,48.9,405.9432189775006,360.0015930820877,0.0,10411.426825871926,22.0,2607.3359375,79.056,49.0,1815.0,100.0,18.609375,3,4544.687761068344,45.0,6437.828125,141,2080.1121253967285,9.4,88.93359375,147,21363.138702630997,2.4,121.43359375,32,21353.68225336075,2.4,20.44140625,6,4758.395604610443
2026-02-13T22:21:43,gaming,6.8,48.9,1875.9919297007398,2090.88650364154,0.0,14284.080030647434,22.0,2607.3359375,79.168,49.0,1815.0,99.1,19.26171875,3,4546.011556863785,51.0,6438.84765625,141,2081.4300243854523,7.1,88.9296875,147,21364.46236395836,1.2,20.44140625,6,4759.71555519104,0.0,4.8046875,405,1771010501.9966776
2026-02-13T22:21:44,gaming,7.1,48.9,4704.401003057065,5485.182993574109,0.0,63263.05029183539,22.0,2607.3359375,79.106,49.0,1815.0,98.1,19.26171875,3,4547.332997560501,57.8,6438.92578125,141,2082.7809007167816,6.9,25.4296875,14,21363.43699169159,5.9,88.93359375,147,21365.781313180923,4.7,41.73828125,33,21365.754065036774
2026-02-13T22:21:45,gaming,11.4,48.9,5770.04044933044,3712.850582607733,0.0,104116.58275864743,22.0,2607.3359375,79.162,49.0,1815.0,99.3,19.26171875,3,4548.686863899231,66.6,6438.90234375,141,2084.118422269821,9.2,88.9375,147,21367.133080244064,5.8,18.94921875,12,21367.308971881866,4.7,25.4296875,13,21364.772270441055
2026-02-13T22:21:47,gaming,7.3,48.9,385.7288180515925,2032.3506777031682,0.0,14515.937880100162,22.0,2607.3359375,79.032,49.0,1815.0,99.2,18.609375,3,4550.025770902634,56.3,6438.87890625,141,2085.4507632255554,4.7,185.421875,277,21363.04644393921,4.7,11.28515625,4,21354.94965147972,2.4,20.44140625,6,4763.734190940857
2026-02-13T22:21:48,gaming,9.7,48.9,155.39443503633672,2020.1276554723772,0.0,25104.499019462553,22.0,2607.3359375,79.154,49.0,1815.0,98.9,19.26171875,3,4551.352969646454,52.0,6438.8671875,141,2086.7736756801605,16.5,41.73828125,33,21369.763124465942,13.0,25.390625,13,21367.430031061172,5.9,4.8046875,405,1771010507.3338873
2026-02-13T22:21:49,gaming,10.7,48.9,250.19551562674337,1180.8926897202014,0.0,7716.873734993531,22.0,2607.3359375,79.148,49.0,1815.0,99.1,19.26171875,3,4552.676735877991,71.5,6438.8359375,141,2088.106992483139,5.9,4.8046875,405,1771010508.6612508,5.9,41.73828125,33,21371.090859413147,3.5,25.390625,13,21368.758035182953
2026-02-13T22:21:51,gaming,7.5,48.9,1166.2360516353365,1701.1037725585345,0.0,66643.76996028791,22.0,2607.3359375,79.226,49.0,1815.0,100.5,19.26171875,3,4554.013920068741,65.9,6438.77734375,141,2089.435668706894,2.4,20.44140625,6,4767.722550392151,2.3,105.87890625,37,21338.71042585373,1.2,4.8046875,405,1771010509.9976451
2026-02-13T22:21:52,gaming,8.1,48.9,0.0,530.6263620872438,0.0,332741.2239710439,22.0,2607.3359375,79.143,49.0,1815.0,99.1,19.265625,3,4555.339001655579,61.2,6437.69140625,141,2090.7641940116882,2.4,4.8046875,405,1771010511.3222785,2.4,20.44140625,6,4769.046546220779,1.2,61.625,116,21328.25627708435
2026-02-13T22:21:53,gaming,7.5,48.9,500.7754411776623,276.4461711478498,0.0,84692.23026903305,22.0,2607.3359375,79.163,49.0,1815.0,98.9,19.24609375,2,4556.665680646896,41.5,6437.65234375,141,2092.081181049347,3.6,25.390625,13,21372.73706650734,2.4,4.8046875,405,1771010512.6489482,2.4,41.0234375,33,21375.0772690773
2026-02-13T22:21:55,gaming,7.2,48.9,2175.131681718881,0.0,0.0,8912.439347223919,22.0,2607.3359375,79.036,50.0,1815.0,99.6,19.24609375,2,4557.983910322189,55.2,6438.59765625,141,2093.412456035614,4.7,4.8046875,405,1771010513.9675415,4.7,25.390625,13,21374.060654878616,3.6,41.13671875,33,21376.397874593735
2026-02-13T22:21:56,gaming,7.2,48.9,3445.4804901691336,1046.2440757043844,0.0,13055.926071585607,22.0,2607.3359375,79.216,50.0,1815.0,98.6,19.24609375,2,4559.3154401779175,56.6,6438.56640625,141,2094.737673521042,5.9,4.8046875,405,1771010515.3009145,2.4,76.8828125,105,21350.02676153183,1.2,18.13671875,8,21377.685460567474
2026-02-13T22:21:57,gaming,7.4,48.9,826.5236081607565,442.0763885850651,0.0,17082.49894004176,22.0,2607.3359375,79.088,49.0,1815.0,99.4,18.625,3,4560.635933637619,57.8,6438.546875,141,2096.0630111694336,4.7,4.8046875,405,1771010516.6216607,1.2,20.44140625,6,4774.344994544983,0.0,60.45703125,4,21393.0030977726
2026-02-13T22:21:59,gaming,7.4,48.9,144.90184844210603,235.4655037184223,0.0,24729.91546745276,22.0,2607.3359375,79.191,49.0,1815.0,100.3,19.2734375,3,4561.96008014679,69.8,6438.5234375,141,2097.3837490081787,3.5,4.8046875,405,1771010517.944378,2.4,20.44140625,6,4775.665419101715,1.2,105.83984375,37,21346.654624938965
2026-02-13T22:22:00,gaming,7.0,48.9,989.8199835418466,465.44206859677666,0.0,19343.04700661929,22.0,2607.3359375,79.228,49.0,1815.0,99.1,18.625,3,4563.28395152092,54.5,6438.5078125,141,2098.7019205093384,2.4,4.8046875,405,1771010519.2685392,2.4,105.83984375,37,21347.97703051567,1.2,11.1953125,10,21381.662680625916
2026-02-13T22:22:01,gaming,7.2,48.9,508.4647885894706,141.3668918948304,0.0,14398.141935783155,22.0,2607.3359375,79.305,49.0,1815.0,98.5,19.2734375,3,4564.600374221802,47.4,6438.4921875,141,2100.019839286804,7.1,25.390625,13,21380.679800987244,5.9,59.3671875,22,21339.63098526001,3.6,4.8046875,405,1771010520.5835223
2026-02-13T22:22:03,gaming,9.1,48.9,0.0,40.9147241758478,0.0,18620.74558047473,22.0,2607.3359375,79.212,49.0,1815.0,99.6,19.2734375,3,4565.918699264526,62.9,6438.59765625,141,2101.3359167575836,11.9,41.14453125,33,21384.329563617706,7.2,25.4296875,14,21381.988980054855,4.8,20.44140625,6,4779.61551117897
2026-02-13T22:22:04,gaming,7.9,48.9,201.06528025032193,255.13965486309792,0.0,50302.877386262364,22.0,2607.3359375,79.22,49.0,1815.0,99.8,19.2734375,3,4567.233519077301,47.7,6438.64453125,141,2102.646606683731,7.1,4.8046875,405,1771010523.2167716,2.4,20.44140625,6,4780.926168203354,1.2,41.73828125,33,21385.644693374634
2026-02-13T22:22:05,gaming,8.3,48.9,608.8000670199785,655.3958061519969,0.0,43020.852916643904,21.0,2607.3359375,79.244,49.0,1815.0,99.2,19.2734375,3,4568.540930747986,48.6,6438.62109375,141,2103.9657652378082,11.9,25.42578125,14,21384.61558699608,8.4,4.8046875,405,1771010524.5263126,5.9,20.31640625,12,21370.24678516388
2026-02-13T22:22:07,gaming,10.2,48.9,112.73914440376099,185.37644549611704,0.0,18982.548018802387,25.0,2607.3359375,79.23,49.0,1815.0,99.3,19.2734375,3,4569.862036943436,58.2,6438.609375,141,2105.281317949295,11.8,41.13671875,33,21388.270629405975,7.1,4.8046875,405,1771010525.8472867,7.1,25.42578125,14,21385.93687725067
2026-02-13T22:22:08,gaming,7.8,48.9,0.0,41.109066458978766,0.0,98613.03764500507,23.0,2607.3359375,79.123,49.0,1815.0,98.6,19.2734375,3,4571.177767753601,60.5,6438.83984375,141,2106.5993208885193,3.5,20.44140625,6,4784.881906270981,2.4,4.8046875,405,1771010527.1616483,2.4,121.60546875,32,21380.165807962418
2026-02-13T22:22:09,gaming,7.2,48.9,455.79315381796584,703.3751493303826,0.0,11629.539605720856,22.0,2607.3359375,79.272,49.0,1815.0,99.5,19.2734375,3,4572.496423006058,49.6,6438.8203125,141,2107.9218950271606,3.5,4.8046875,405,1771010528.4821212,2.4,185.56640625,275,21385.517602920532,2.4,11.32421875,5,21377.420483112335
2026-02-13T22:22:11,gaming,7.0,48.9,454.0722463380718,1926.206307086879,0.0,31437.87011708266,22.0,2607.3359375,79.176,49.0,1815.0,99.1,19.2734375,3,4573.820749998093,51.0,6438.80078125,141,2109.2383568286896,3.5,280.390625,37,21357.089604377747,2.4,105.91796875,37,21358.518520355225,2.4,20.31640625,12,21375.522705554962
2026-02-13T22:22:12,gaming,8.9,48.9,0.0,441.3115023686427,0.0,16277.808828362424,22.0,2607.3359375,79.398,49.0,1815.0,98.5,19.2734375,3,4575.137228488922,54.4,6438.78125,141,2110.558831214905,17.8,25.390625,13,21391.210729122162,9.5,41.13671875,33,21393.550232172012,5.9,4.8046875,405,1771010531.1226737
2026-02-13T22:22:13,gaming,8.0,48.9,50.08473027972097,53.879028028184685,0.0,76930.14570965142,22.0,2607.3359375,79.234,49.0,1815.0,99.7,19.2734375,3,4576.454000711441,53.7,6438.70703125,141,2111.8679690361023,5.9,4.8046875,405,1771010532.440118,2.4,25.42578125,14,21392.52359175682,1.2,41.14453125,33,21394.867461681366
2026-02-13T22:22:15,gaming,6.8,48.9,0.0,494.6284868667674,0.0,9755.384640823762,22.0,2607.3359375,79.353,49.0,1815.0,97.7,19.2734375,3,4577.7647976875305,41.6,6437.6171875,141,2113.180947303772,7.1,104.76171875,45,21369.696432352066,4.8,25.390625,13,21393.83569407463,4.8,36.3125,58,21363.830243110657
2026-02-13T22:22:16,gaming,10.1,48.9,488.96993430626003,693.4066619101254,0.0,17184.890296492085,22.0,2607.3359375,79.178,49.0,1815.0,99.8,19.2734375,3,4579.080132007599,44.0,6437.59765625,141,2114.4945917129517,16.6,25.390625,13,21395.1501891613,5.9,41.05859375,33,21397.491889238358,3.6,7.578125,15,21398.65409398079
2026-02-13T22:22:17,gaming,8.1,48.8,267.2652313663875,142.03238009756595,0.0,8992.329613058799,22.0,2607.3359375,79.187,49.0,1815.0,99.2,19.2734375,3,4580.387211799622,37.1,6437.5703125,141,2115.8018958568573,8.4,4.8046875,405,1771010536.372476,7.2,25.4296875,14,21396.45739340782,6.0,41.13671875,33,21398.79878950119
2026-02-13T22:22:18,gaming,7.0,48.8,50.49110809957995,54.31619204651782,0.0,19584.42980832192,22.0,2607.3359375,79.062,49.0,1815.0,100.3,19.2734375,3,4581.695903778076,53.6,6437.5546875,141,2117.1143505573273,2.4,4.8046875,405,1771010537.6799126,2.4,20.44140625,6,4795.39693069458,1.2,105.94140625,37,21366.392959356308
2026-02-13T22:22:20,gaming,6.8,48.8,45.551739941658035,524.6042049947616,0.0,28764.405381825658,22.0,2607.3359375,79.189,49.0,1815.0,99.8,19.2734375,3,4583.010778427124,46.4,6438.55859375,140,2118.427745819092,3.6,25.390625,13,21399.083304405212,2.4,20.44140625,6,4796.711797952652,1.2,88.9375,147,21401.462205171585
2026-02-13T22:22:21,gaming,7.4,48.8,5580.625365504368,5304.484824654029,0.0,11684.624538460617,26.0,2607.3359375,79.151,49.0,1815.0,99.8,19.2734375,3,4584.325471162796,53.4,6438.63671875,140,2119.745516061783,3.6,4.8046875,405,1771010540.3113534,3.6,41.14453125,33,21402.736071825027,2.4,25.390625,13,21400.39306497574
2026-02-13T22:22:22,gaming,8.5,48.9,0.0,0.0,0.0,17904.269708847914,22.0,2607.3359375,79.146,49.0,1815.0,99.6,19.2734375,3,4585.643151760101,58.7,6438.609375,140,2121.075659751892,9.4,25.390625,13,21401.721430540085,5.9,41.14453125,33,21404.05583381653,4.8,4.8046875,405,1771010541.626983
2026-02-13T22:22:24,gaming,8.7,48.9,49.66220152346371,53.424489517665506,49313.06119760178,166431.58154190602,26.0,2607.3359375,78.992,49.0,1815.0,97.7,19.2734375,3,4586.970145940781,52.3,6438.58984375,140,2122.3900203704834,5.9,4.8046875,405,1771010542.955934,3.5,41.14453125,33,21405.383832216263,1.2,105.94921875,37,21371.667454004288
2026-02-13T22:22:25,gaming,7.3,48.9,0.0,41.04692482090074,0.0,52150.878113191815,22.0,2607.3359375,79.01,49.0,1815.0,97.3,19.2734375,3,4588.287465572357,56.4,6438.5703125,140,2123.719185113907,10.6,25.421875,14,21404.375015497208,7.1,106.78515625,37,21372.9833881855,3.6,41.73828125,33,21406.701011419296
2026-02-13T22:22:26,gaming,9.3,48.9,537.9485498770841,692.0798759654622,24757.72202580378,74273.16607741134,22.0,2607.3359375,79.019,49.0,1815.0,99.0,19.2734375,3,4589.612981081009,47.6,6438.55078125,140,2125.031275033951,5.9,25.390625,13,21405.688426971436,3.5,4.8046875,405,1771010545.5948544,3.5,41.73828125,33,21408.02550292015
2026-02-13T22:22:28,gaming,6.9,48.9,0.0,0.0,0.0,31732.743935286657,22.0,2607.3359375,79.09,49.0,1815.0,99.3,19.2734375,3,4590.934339523315,49.9,6438.484375,140,2126.3460536003113,2.4,108.26171875,37,21375.630607128143,2.4,20.44140625,6,4804.632029533386,1.2,4.8046875,405,1771010546.9176853
2026-02-13T22:22:29,gaming,6.8,48.9,50.23301775296105,95.13829119878987,0.0,76768.22882779792,22.0,2607.3359375,79.074,49.0,1815.0,101.1,19.2734375,3,4592.247844696045,51.2,6437.40234375,140,2127.659465789795,4.8,108.265625,37,21376.941626787186,2.4,20.44140625,6,4805.943984985352,1.2,41.14453125,33,21410.659165143967
2026-02-13T22:22:30,gaming,6.2,48.9,50.299803651579126,102.88596201459367,0.0,9364.908898039459,22.0,2607.3359375,79.135,49.0,1815.0,100.0,19.2734375,3,4593.560434341431,40.1,6437.3828125,140,2128.9842970371246,2.4,20.44140625,6,4807.271113395691,0.0,4.8046875,405,1771010549.544325,0.0,60.45703125,4,21425.92594051361
2026-02-13T22:22:32,gaming,6.7,48.9,489.16005241469134,596.9410809128436,0.0,16593.756107799454,22.0,2607.3359375,79.091,49.0,1815.0,99.1,19.2734375,3,4594.884866952896,35.6,6437.35546875,140,2130.3026220798492,7.1,25.42578125,14,21410.96196246147,4.8,185.859375,277,21407.899953126907,4.7,35.30859375,10,21396.578808307648
2026-02-13T22:22:33,gaming,11.1,48.9,0.0,0.0,0.0,21051.036238773013,22.0,2607.3359375,79.179,49.0,1815.0,100.0,19.2734375,3,4596.197702884674,37.1,6437.33203125,140,2131.6085724830627,17.9,41.14453125,33,21414.60996747017,16.8,25.390625,13,21412.265553951263,7.1,4.8046875,405,1771010552.1838737
2026-02-13T22:22:34,gaming,8.4,48.9,213.61454917983983,819.8803020679464,0.0,10228.909635546863,23.0,2607.3359375,79.092,49.0,1815.0,100.8,19.2734375,3,4597.4988923072815,38.3,6437.3125,140,2132.913447856903,10.8,41.73828125,33,21415.91030907631,9.6,25.390625,13,21413.566347122192,8.4,4.8046875,405,1771010553.4852583
2026-02-13T22:22:36,gaming,8.7,48.9,404.9989378480157,589.8564075854623,0.0,63228.925084635666,22.0,2607.3359375,79.08,49.0,1815.0,99.1,19.2734375,3,4598.807377099991,47.8,6437.2890625,140,2134.2220442295074,7.1,25.4296875,14,21414.879389047623,6.0,41.73828125,33,21417.21557712555,4.8,105.95703125,37,21383.50096678734
2026-02-13T22:22:37,gaming,10.2,48.9,574.255493683043,1869.831912358201,0.0,39441.54805393778,22.0,2607.3359375,78.945,49.0,1815.0,136.6,6437.31640625,140,2135.6751980781555,99.7,19.28125,3,4600.234157323837,3.5,20.44140625,6,4813.971823215485,3.3,35.546875,19,21419.401013612747,3.3,105.9609375,37,21384.931452274323
2026-02-13T22:22:38,gaming,10.7,48.9,48.69686759297602,706.1045800981523,0.0,94064.64023777767,22.0,2607.3359375,78.929,49.0,1815.0,132.1,6437.3046875,140,2137.0352659225464,98.0,19.28125,3,4601.589746236801,6.9,105.96484375,37,21386.28908586502,4.6,20.44140625,6,4815.328783750534,1.2,76.88671875,105,21392.328072071075
2026-02-13T22:22:40,gaming,11.3,48.9,0.0,429.6393079468046,0.0,38108.932920317595,22.0,2607.3359375,78.965,49.0,1815.0,102.2,6438.25,140,2138.3956208229065,97.7,19.28125,3,4602.949763536453,8.1,105.96484375,37,21387.646942853928,4.6,4.8046875,405,1771010558.9301994,3.5,20.44140625,6,4816.685966014862
2026-02-13T22:22:41,gaming,7.9,48.9,441.3939104428525,1061.8507929017535,0.0,179587.63389290226,26.0,2607.3359375,79.17,49.0,1815.0,99.3,18.625,3,4604.303579568863,52.5,6438.33984375,140,2139.7344059944153,7.0,25.390625,13,21420.390756607056,4.6,105.96875,37,21388.999630451202,2.3,216.515625,74,21420.38685965538
2026-02-13T22:22:42,gaming,8.4,48.9,31.359550201764073,3203.1540563230446,0.0,15673.801853224559,22.0,2607.3359375,78.945,49.0,1815.0,100.4,19.28515625,3,4605.641920089722,59.7,6438.328125,140,2141.0693287849426,15.2,25.421875,14,21421.723823308945,5.8,41.14453125,33,21424.058492183685,4.7,105.97265625,37,21390.33971762657
2026-02-13T22:22:44,gaming,8.7,48.9,49.42725504746247,1294.0954048790172,36809.82484989205,109279.16752311702,22.0,2607.3359375,79.022,49.0,1815.0,99.5,19.28515625,3,4606.977046012878,45.5,6438.3203125,140,2142.409001350403,8.2,4.8046875,405,1771010562.961427,5.8,41.14453125,33,21425.40138077736,4.7,106.03515625,37,21391.681231737137
2026-02-13T22:22:45,gaming,9.7,48.9,49.50745685955787,1152.1735414588013,24579.702217787762,66057.94971030462,22.0,2607.3359375,78.939,49.0,1815.0,100.5,19.28125,3,4608.3137629032135,51.9,6438.29296875,140,2143.7343106269836,9.5,25.390625,13,21424.38739657402,9.4,4.8046875,405,1771010564.297631,7.1,41.05859375,33,21426.723999500275
2026-02-13T22:22:46,gaming,7.5,48.9,543.8253995494742,1100.4911210327555,0.0,34804.82557116635,22.0,2607.3359375,79.078,49.0,1815.0,99.3,19.28125,3,4609.635112524033,55.2,6438.265625,140,2145.0652644634247,7.1,106.046875,37,21394.33175110817,1.2,4.8046875,405,1771010565.6176977,1.2,185.98828125,277,21422.66163611412
2026-02-13T22:22:48,gaming,7.7,48.9,0.0,2913.879070388297,0.0,24143.355585523994,22.0,2607.3359375,78.984,49.0,1815.0,99.4,19.28125,3,4610.971857309341,53.9,6438.203125,140,2146.398636341095,10.5,106.046875,37,21395.67099571228,5.8,4.8046875,405,1771010566.9545732,5.8,25.390625,13,21427.051951169968
2026-02-13T22:22:49,gaming,8.0,48.9,1839.0428596590832,2729.3136077893164,0.0,73729.71830176449,22.0,2607.3359375,79.041,49.0,1815.0,97.4,19.28125,3,4612.303864240646,45.8,6438.0625,140,2147.730357646942,8.2,106.046875,37,21396.99826002121,1.2,41.14453125,33,21430.713834047318,1.2,11.1875,10,21430.682454109192
2026-02-13T22:22:50,gaming,7.3,48.9,0.0,0.0,0.0,25147.08458600562,22.0,2607.3359375,78.956,49.0,1815.0,99.2,18.625,3,4613.62703037262,41.2,6437.125,140,2149.0569224357605,8.3,105.8125,37,21398.32374572754,4.7,4.8046875,405,1771010569.611628,1.2,11.15234375,10,21432.006193876266
2026-02-13T22:22:52,gaming,6.7,48.9,553.0707551507721,676.1421307881217,0.0,11526.68493774201,22.0,2607.3359375,79.037,49.0,1815.0,98.3,19.28125,3,4614.962667942047,36.3,6437.10546875,140,2150.3916504383087,9.4,105.8671875,37,21399.657344818115,2.3,20.390625,4,4828.674592494965,1.2,4.8046875,405,1771010570.9435647
2026-02-13T22:22:53,gaming,6.4,48.9,49.479582598785676,233.90348137607774,0.0,27252.7543428948,22.0,2607.3359375,78.881,49.0,1815.0,99.8,19.28125,3,4616.293442726135,29.3,6437.07421875,140,2151.725865125656,8.2,105.890625,37,21400.988926172256,3.5,20.390625,4,4830.012188196182,1.2,4.8046875,405,1771010572.2776368
2026-02-13T22:22:54,gaming,7.2,48.9,5299.109523185191,1478.9258021727085,0.0,42195.08671649794,22.0,2607.3359375,78.924,49.0,1815.0,99.6,19.28125,3,4617.627365112305,30.7,6437.0390625,140,2153.0509786605835,9.4,105.8984375,37,21402.32510328293,5.9,4.8046875,405,1771010573.612346,4.7,20.390625,4,4831.3414697647095
2026-02-13T22:22:56,gaming,7.2,48.9,0.0,436.98566070971447,0.0,113406.03813332522,22.0,2607.3359375,78.938,49.0,1815.0,99.5,19.28125,3,4618.962708234787,39.5,6437.94140625,140,2154.3946306705475,9.3,105.8984375,37,21403.66230225563,2.3,4.8046875,405,1771010574.9473157,2.3,76.890625,105,21409.68256497383
2026-02-13T22:22:57,gaming,7.2,48.9,896.3067161884321,197.84696745296495,0.0,104367.27301276405,22.0,2607.3359375,79.066,49.0,1815.0,99.6,19.28125,3,4620.29639673233,55.6,6437.99609375,140,2155.7157208919525,11.8,105.96484375,37,21404.990742444992,8.2,25.4296875,14,21436.372752189636,4.7,186.06640625,277,21433.313628196716
2026-02-13T22:22:58,gaming,10.8,48.9,2379.98029278458,1644.308821768337,0.0,75410.10232675736,22.0,2607.3359375,79.031,49.0,1815.0,99.2,19.28125,3,4621.620037317276,48.1,6437.96484375,140,2157.047408103943,14.1,105.96875,37,21406.316111326218,13.0,4.8046875,405,1771010577.602678,11.8,41.73828125,33,21440.03477549553
2026-02-13T22:23:00,gaming,7.6,48.9,2332.5678946312523,873.6826743141794,0.0,14962.003122388965,23.0,2607.3359375,79.216,49.0,1815.0,100.8,19.28125,3,4622.95324921608,52.5,6437.953125,140,2158.3871471881866,10.5,105.96875,37,21407.650836229324,2.3,4.8046875,405,1771010578.9371667,1.2,186.0859375,277,21435.98543691635
2026-02-13T22:23:01,gaming,7.8,48.9,711.2064507635645,539.5359281654627,0.0,15219.966678827377,22.0,2607.3359375,79.207,49.0,1815.0,99.6,19.28125,3,4624.302511930466,53.7,6437.9375,140,2159.72532248497,12.8,105.96875,37,21408.998010635376,5.8,328.203125,95,21410.03544640541,2.3,4.8046875,405,1771010580.2840142
2026-02-13T22:23:02,gaming,7.6,48.9,54240.877773746535,5459.141685514113,0.0,13776.410124232767,23.0,2607.3359375,79.224,49.0,1815.0,99.6,19.28125,3,4625.635483980179,49.0,6437.91796875,140,2161.0652985572815,10.5,105.96875,37,21410.33394908905,2.3,4.8046875,405,1771010581.6204085,1.2,88.9296875,147,21444.086099624634
2026-02-13T22:23:04,gaming,7.1,48.9,1062.6796558755814,143.3833407787151,0.0,26764.89027869349,22.0,2607.3359375,79.094,49.0,1815.0,100.3,19.28125,3,4626.974577665329,59.5,6437.90625,140,2162.405576944351,10.5,105.96875,37,21411.669563770294,2.3,197.0078125,49,21424.53267645836,2.3,104.7578125,45,21418.923473358154
2026-02-13T22:23:05,gaming,9.5,48.9,49.44371970205604,0.0,0.0,18794.606664927,22.0,2607.3359375,79.042,49.0,1815.0,100.3,19.28125,3,4628.313830375671,53.6,6437.8984375,140,2163.747072696686,17.5,105.7734375,37,21413.009573221207,17.5,25.390625,13,21444.391243219376,12.8,41.73828125,33,21446.725920677185
2026-02-13T22:23:06,gaming,11.5,48.9,445.0326293858258,588.4237770844309,0.0,32333.589367063672,22.0,2607.3359375,78.936,50.0,1815.0,100.2,19.28125,3,4629.655613660812,52.7,6437.828125,140,2165.0814442634583,16.3,4.8046875,405,1771010585.6406636,15.1,105.77734375,37,21414.352699279785,12.8,41.73828125,33,21448.068927288055
2026-02-13T22:23:08,gaming,7.8,48.9,0.0,437.8911550177939,0.0,18074.464415691582,22.0,2607.3359375,78.986,49.0,1815.0,98.6,19.28125,3,4630.986322641373,38.9,6436.90625,140,2166.4080016613007,16.4,105.77734375,37,21415.68318963051,11.8,328.203125,95,21416.712789535522,2.4,280.39453125,37,21414.261119365692
2026-02-13T22:23:09,gaming,8.2,48.9,49.86314297463631,94.43777078529605,0.0,66145.72566235391,22.0,2607.3359375,78.998,49.0,1815.0,100.0,19.28125,3,4632.314480543137,48.9,6437.84765625,140,2167.7489173412323,15.1,328.203125,95,21418.053560495377,12.9,105.77734375,37,21417.011927366257,8.2,41.73828125,33,21450.73012471199
2026-02-13T22:23:10,gaming,10.3,48.9,0.0,40.13562147705096,0.0,14080.170615949137,22.0,2607.3359375,79.002,49.0,1815.0,99.9,19.28125,3,4633.660206317902,57.8,6437.83984375,140,2169.100856781006,22.0,328.203125,95,21419.405163049698,17.4,105.77734375,37,21418.355142593384,3.5,4.8046875,405,1771010589.64416
2026-02-13T22:23:12,gaming,8.6,48.9,492.6900810606957,675.6892540260969,0.0,14794.038403939807,22.0,2607.3359375,78.996,50.0,1815.0,99.8,19.28125,3,4635.005919218063,56.6,6437.8359375,140,2170.425918340683,21.2,328.2109375,95,21420.728768587112,10.4,105.77734375,37,21419.70183968544,9.4,25.4296875,14,21451.08224081993
2026-02-13T22:23:13,gaming,13.1,48.9,415.1814077604696,178.47506781688674,0.0,87120.03310383623,22.0,2607.3359375,79.129,50.0,1815.0,98.8,19.28515625,3,4636.333916425705,48.2,6437.81640625,140,2171.7561161518097,19.9,105.77734375,37,21421.034018039703,16.5,328.2109375,95,21422.058411836624,12.9,41.90234375,33,21454.749739408493
2026-02-13T22:23:14,gaming,9.1,48.9,346.92657544164575,0.0,0.0,11149.709506834537,22.0,2607.3359375,79.122,50.0,1815.0,99.9,18.62890625,3,4637.664048194885,45.4,6437.8203125,140,2173.0997245311737,20.0,105.77734375,37,21422.36283135414,17.4,328.2109375,95,21423.402086019516,12.9,88.93359375,147,21456.113894701004
2026-02-13T22:23:16,gaming,7.8,48.9,0.0,0.0,0.0,12255.167064594069,22.0,2607.3359375,79.201,50.0,1815.0,100.6,19.28515625,3,4638.9996111392975,48.0,6437.8046875,140,2174.4333090782166,15.2,105.77734375,37,21423.700047016144,10.5,88.94140625,147,21457.449710845947,7.0,328.2109375,95,21424.73947095871
2026-02-13T22:23:17,gaming,8.5,48.9,780.6683609758409,632.0051994120205,0.0,22949.408659500317,22.0,2607.3359375,79.051,50.0,1815.0,99.4,19.28125,3,4640.336092948914,49.2,6437.734375,140,2175.7672588825226,19.9,105.78515625,37,21425.03370499611,9.3,88.921875,147,21458.786734580994,8.2,25.4296875,14,21456.419584035873
2026-02-13T22:23:18,gaming,9.5,48.9,49.56692941301599,93.87676025192422,0.0,14611.729979691501,22.0,2607.3359375,79.244,50.0,1815.0,99.7,19.28125,3,4641.6677050590515,45.4,6436.83203125,140,2177.1082293987274,24.6,105.7890625,37,21426.364869832993,9.3,328.2109375,95,21427.4147400856,8.2,4.8046875,405,1771010597.6516194
2026-02-13T22:23:20,gaming,8.9,48.9,48.98656596508241,100.19979401948675,0.0,15200.67986310436,22.0,2607.3359375,79.189,50.0,1815.0,100.9,19.28515625,3,4643.015587568283,36.1,6436.89453125,140,2178.4502329826355,22.0,105.80078125,37,21427.71420621872,11.6,25.4296875,14,21459.104689836502,8.1,88.92578125,147,21461.46453499794
2026-02-13T22:23:21,gaming,10.3,48.9,1281.711263496027,2516.6664125738434,12159.55839092004,13299.516990068792,22.0,2607.3359375,79.169,50.0,1815.0,98.5,19.28515625,3,4644.363914728165,34.9,6436.86328125,140,2179.794924259186,32.5,105.8046875,37,21429.05908727646,14.0,328.2109375,95,21430.099623203278,10.4,41.90234375,33,21462.77768611908
2026-02-13T22:23:23,gaming,10.1,48.9,299.03314988520606,1259.6771438914304,0.0,34448.61886677574,22.0,2607.3359375,79.255,50.0,1815.0,100.4,19.28515625,3,4645.701903104782,49.1,328.2109375,95,21431.43720316887,43.2,6436.83984375,140,2181.132476091385,21.0,105.83984375,37,21430.396564006805,8.2,25.42578125,14,21461.78570818901
2026-02-13T22:23:24,gaming,12.2,48.9,207.85378709228434,797.7697511779403,0.0,91491.55474427572,22.0,2607.3359375,79.37,51.0,1815.0,98.0,19.28515625,3,4647.040590286255,40.5,6436.8203125,140,2182.52214884758,21.4,327.9296875,95,21432.82751083374,19.2,137.94921875,23,21356.52795290947,8.2,88.93359375,147,21465.488310098648
2026-02-13T22:23:25,gaming,10.7,48.9,5777.068831780783,4147.2696677139165,0.0,109195.10296757809,22.0,2607.3359375,79.314,51.0,1815.0,99.3,19.28125,3,4648.42497754097,55.9,6437.75,140,2183.862941265106,11.3,88.94140625,147,21466.87537407875,7.0,25.390625,13,21464.51399731636,4.5,4.8046875,405,1771010604.4095938
2026-02-13T22:23:27,gaming,10.5,48.9,9399.788332668139,6091.931840105012,0.0,14094.474447844326,22.0,2607.3359375,79.38,51.0,1815.0,100.0,19.28125,3,4649.768766641617,47.8,6437.7265625,140,2185.268388271332,25.5,138.90234375,23,21359.282774925232,3.3,186.28515625,277,21462.864209890366,3.3,20.38671875,4,4863.562785625458
2026-02-13T22:23:28,gaming,10.4,48.9,14477.279377804109,3725.2183309458756,0.0,190404.7703666574,22.0,2607.3359375,79.231,51.0,1815.0,99.4,19.28125,3,4651.182970285416,55.8,6437.703125,140,2186.6112673282623,4.4,4.8046875,405,1771010607.1652944,3.5,20.38671875,4,4864.895413160324,2.2,88.93359375,147,21469.633254528046
2026-02-13T22:23:29,gaming,9.6,48.9,81.18285625905833,84.94132182660732,0.0,429896.29838870827,22.0,2607.3359375,79.398,51.0,1815.0,98.9,19.28125,3,4652.510250329971,47.0,6437.68359375,140,2187.9396765232086,10.4,137.765625,23,21361.967940568924,7.0,25.390625,13,21468.589537143707,3.5,11.32421875,5,21457.438233613968
2026-02-13T22:23:31,gaming,9.9,48.9,183.42962433326886,1544.0501710945043,0.0,59970.43717960945,22.0,2607.3359375,79.363,51.0,1815.0,99.9,19.28125,3,4653.870676994324,50.8,6437.671875,140,2189.2939937114716,10.4,41.14453125,33,21472.282928943634,8.1,25.390625,13,21469.948014497757,5.8,87.91796875,25,21362.42407155037
2026-02-13T22:23:32,gaming,7.4,48.9,775.4136885967723,730.8670404690123,0.0,13530.100583889152,22.0,2607.3359375,79.498,51.0,1815.0,97.9,19.28125,3,4655.195785999298,49.3,6437.65625,140,2190.625997543335,3.5,4.8046875,405,1771010611.1778545,3.5,59.3671875,22,21430.232967853546,2.3,11.32421875,5,21460.12485551834
2026-02-13T22:23:33,gaming,6.9,48.9,49.56751518589425,234.31916269695466,0.0,64215.46694628337,22.0,2607.3359375,79.391,51.0,1815.0,99.9,19.28125,3,4656.525182962418,45.9,6437.65234375,140,2191.9530544281006,3.5,4.8046875,405,1771010612.5096307,2.4,105.828125,37,21441.223108053207,1.2,88.93359375,147,21474.975001096725
2026-02-13T22:23:35,gaming,6.7,48.9,0.0,0.0,0.0,61809.06281025067,23.0,2607.3359375,79.496,51.0,1815.0,99.0,19.28125,3,4657.851368188858,48.3,6437.58984375,140,2193.280282497406,7.1,25.390625,13,21473.932581186295,4.7,20.38671875,4,4871.562106370926,2.4,4.8046875,405,1771010613.8340921
2026-02-13T22:23:36,gaming,7.5,48.9,0.0,81.24125587046015,0.0,17716.611650565534,22.0,2607.3359375,79.299,51.0,1815.0,98.6,19.28125,3,4659.1828734874725,47.9,6437.5703125,140,2194.61656165123,2.3,25.390625,13,21475.26610159874,1.2,4.8046875,405,1771010615.1641734,1.2,20.38671875,4,4872.90926861763
2026-02-13T22:23:37,gaming,6.4,48.9,905.0974354231677,711.147984975346,0.0,19023.394373426185,22.0,2607.3359375,79.439,51.0,1815.0,100.0,19.28125,3,4660.526420354843,39.5,6437.7890625,140,2195.9602439403534,10.5,25.390625,13,21476.60909819603,4.7,20.38671875,4,4874.241523742676,1.2,4.8046875,405,1771010616.5095296
2026-02-13T22:23:39,gaming,8.2,48.9,788.3653610325655,143.27096475472885,0.0,20739.034730569336,22.0,2607.3359375,79.301,51.0,1815.0,99.8,19.28125,3,4661.85779094696,45.9,6437.78515625,140,2197.2883381843567,10.6,25.390625,13,21477.93908715248,5.9,4.8046875,405,1771010617.842815,4.7,41.30859375,33,21480.274380922318
2026-02-13T22:23:40,gaming,8.7,48.9,107.92750031182085,197.8670839050049,0.0,12279.751146589395,22.0,2607.3359375,79.45,51.0,1815.0,120.7,6437.78125,140,2198.6479415893555,98.2,19.28125,3,4663.194459438324,10.5,41.30859375,33,21481.610787391663,4.6,25.390625,13,21479.288807868958,3.5,4.8046875,405,1771010619.1778095
2026-02-13T22:23:41,gaming,10.8,48.9,1247.794268101525,1033.112106883823,0.0,58147.35943425545,22.0,2607.3359375,79.319,51.0,1815.0,159.9,6437.76953125,140,2199.9966101646423,100.6,18.62890625,3,4664.5611271858215,5.7,88.94921875,147,21483.00964975357,3.5,20.38671875,4,4878.28910112381,3.4,4.8046875,405,1771010620.5430481
2026-02-13T22:23:43,gaming,12.5,48.9,1651.5504215639905,717.8719389645006,0.0,14428.632690592276,22.0,2607.3359375,79.679,51.0,1815.0,155.0,6437.74609375,140,2201.3478813171387,99.8,19.28125,3,4665.907293796539,7.0,88.92578125,147,21484.35608625412,7.0,25.390625,13,21481.998586177826,3.5,41.1015625,33,21484.323953151703
2026-02-13T22:23:44,gaming,11.3,48.9,850.8440157178727,368.15366064715647,0.0,106623.25008156839,22.0,2607.3359375,79.357,50.0,1815.0,100.0,19.28125,3,4667.251566648483,87.1,6449.77734375,140,2202.6932508945465,10.5,25.42578125,14,21483.34407734871,4.7,41.14453125,33,21485.66434955597,3.5,4.8046875,405,1771010623.2348244
2026-02-13T22:23:45,gaming,12.9,48.9,398.148512523628,156.60015705938616,48410.131570961945,10211.512128249784,22.0,2607.3359375,79.419,50.0,1815.0,145.3,6439.27734375,140,2204.0378651618958,99.2,19.28125,3,4668.605863332748,12.7,41.14453125,33,21487.02046775818,11.6,25.390625,14,21484.687916755676,10.4,4.8046875,405,1771010624.5909183
2026-02-13T22:23:47,gaming,14.4,48.9,483.42593838702055,589.9435180316183,0.0,92674.76355987604,22.0,2607.3359375,79.275,50.0,1815.0,141.0,6437.20703125,140,2205.3786129951477,100.1,19.28125,3,4669.948552131653,17.4,25.4296875,14,21486.031094789505,15.1,41.14453125,33,21488.365087747574,5.8,186.47265625,278,21482.97719359398
2026-02-13T22:23:48,gaming,12.2,48.9,55.30808076038199,540.3748971588673,0.0,12628.180169289379,22.0,2607.3359375,79.378,50.0,1815.0,124.7,6439.91796875,140,2206.719775915146,99.5,19.28125,3,4671.283691644669,5.8,88.9296875,147,21489.73415160179,4.7,11.32421875,5,21476.218225955963,3.5,4.8046875,405,1771010627.268768
2026-02-13T22:23:49,gaming,11.9,48.9,49.35225694744673,1441.6841120405652,0.0,13399.885522700688,22.0,2607.3359375,79.361,51.0,1815.0,144.9,6437.4765625,140,2208.0564815998077,100.2,19.28125,3,4672.624907016754,8.2,88.9453125,147,21491.074272871017,7.0,25.390625,13,21488.707632541656,5.8,4.8046875,405,1771010628.60607
2026-02-13T22:23:51,gaming,11.3,48.9,159.6634743029855,601.1742084084243,12281.344427136688,51811.9218019829,22.0,2607.3359375,79.388,51.0,1815.0,144.4,6437.6484375,140,2209.387745141983,98.4,19.28125,3,4673.958564519882,5.9,88.9375,147,21492.409150838852,2.3,105.8203125,37,21458.65485072136,2.3,20.38671875,4,4887.67414522171
2026-02-13T22:23:52,gaming,12.0,48.9,448.82707481231046,593.4408067635223,0.0,13043.709045630552,22.0,2607.3359375,79.368,51.0,1815.0,148.6,6437.609375,140,2210.7337894439697,99.6,19.28125,3,4675.2912266254425,7.0,88.9296875,147,21493.741242170334,5.9,4.8046875,405,1771010631.2752645,3.5,105.82421875,37,21459.98868751526
2026-02-13T22:23:53,gaming,11.8,48.9,476.26153125346553,565.2823782167301,0.0,72166.23327155315,22.0,2607.3359375,79.404,51.0,1815.0,154.7,6465.19140625,140,2212.077173471451,100.7,19.28125,3,4676.640671253204,6.9,88.93359375,147,21495.090360164642,3.5,11.32421875,5,21481.575654029846,2.3,186.54296875,278,21489.672363758087
2026-02-13T22:23:55,gaming,11.2,49.1,31.26127737324074,31.26127737324074,0.0,11813.785582573262,22.0,2607.3359375,79.374,50.0,1815.0,152.3,6537.71875,140,2213.4215154647827,98.0,19.28125,3,4677.980559587479,5.8,88.93359375,147,21496.43114757538,3.5,20.38671875,4,4891.712130308151,1.2,4.8046875,405,1771010633.9658203
2026-02-13T22:23:56,gaming,11.2,49.2,0.0,0.0,0.0,9890.500397057856,26.0,2607.3359375,79.546,50.0,1815.0,144.8,6537.94921875,140,2214.770542860031,100.6,18.62890625,3,4679.331615924835,6.9,88.93359375,147,21497.781043291092,3.5,11.32421875,5,21484.26953625679,0.0,4.8046875,405,1771010635.3126812
2026-02-13T22:23:58,gaming,11.4,49.2,823.5919849085118,1022.980107722858,0.0,16760.506084931305,22.0,2607.3359375,79.315,50.0,1815.0,147.1,6537.859375,140,2216.120107650757,99.0,19.28125,3,4680.673527479172,7.0,88.93359375,147,21499.123799085617,2.3,90.10546875,33,21451.023192167282,2.3,20.38671875,4,4894.432789325714
2026-02-13T22:23:59,gaming,10.9,49.2,422.57217328353124,178.61298046004927,4968403.218416512,133829.04292031008,27.0,2607.3359375,79.381,50.0,1815.0,159.5,6437.4609375,140,2217.5008747577667,98.7,19.28125,3,4682.050151348114,5.7,88.93359375,147,21500.500343322754,2.3,31.87109375,10,2156.968253850937,1.1,11.18359375,10,21500.43728852272
2026-02-13T22:24:00,gaming,12.0,48.9,0.0,0.0,0.0,62667.17549074582,22.0,2607.3359375,79.278,50.0,1815.0,149.4,6436.84375,140,2218.859852552414,99.4,19.28125,3,4683.418456077576,5.7,88.9296875,147,21501.865720033646,3.5,20.38671875,4,4897.151530981064,1.1,105.86328125,37,21468.116323947906
2026-02-13T22:24:02,gaming,10.8,48.9,2480.6786567500562,635.8631507775524,0.0,65414.8832093757,22.0,2607.3359375,79.35,50.0,1815.0,124.6,6440.5,140,2220.2141172885895,99.5,19.28125,3,4684.768256902695,5.8,88.9453125,147,21503.21751308441,4.6,25.390625,13,21500.85673069954,2.3,105.86328125,37,21469.46644592285
2026-02-13T22:24:03,gaming,13.8,48.9,2356.5227006517966,48.84751829240533,0.0,296708.70747503225,22.0,2607.3359375,79.169,51.0,1815.0,143.4,6436.47265625,140,2221.5541982650757,99.3,19.28125,3,4686.121605873108,16.2,41.14453125,33,21504.534453868866,13.9,25.390625,13,21502.203479528427,10.4,4.8046875,405,1771010642.1030567
2026-02-13T22:24:04,gaming,11.2,48.9,1115.0007141700833,93.16516662517408,0.0,70978.44118438862,22.0,2607.3359375,79.252,50.0,1815.0,137.1,6436.44140625,140,2222.898850917816,101.0,19.28125,3,4687.467333316803,7.0,88.9453125,147,21505.91187262535,4.7,4.8046875,405,1771010643.4456189,2.3,186.71875,278,21500.49680185318
2026-02-13T22:24:06,gaming,11.1,48.9,49.136487806228786,89.33906873859779,0.0,10673.040745304483,22.0,2607.3359375,79.209,50.0,1815.0,99.4,19.28125,3,4688.803026676178,76.9,6436.3671875,140,2224.2391018867493,7.0,88.93359375,147,21507.25347328186,4.7,4.8046875,405,1771010644.7877614,2.3,20.38671875,4,4902.523634672165
2026-02-13T22:24:07,gaming,7.8,48.9,4931.9409229328385,3089.1061145763883,0.0,9580.944576345473,22.0,2607.3359375,79.397,50.0,1815.0,99.1,19.28125,3,4690.143924236298,43.2,6436.34765625,140,2225.5776183605194,7.0,88.921875,147,21508.594409942627,3.5,20.38671875,4,4903.8625910282135,2.3,4.8046875,405,1771010646.1254098
2026-02-13T22:24:08,gaming,6.5,48.9,107.22692409091515,189.13637999369755,0.0,19062.56428282936,22.0,2607.3359375,79.327,50.0,1815.0,99.3,19.265625,2,4691.48200917244,33.1,6436.3359375,140,2226.900589942932,7.0,88.93359375,147,21509.932265520096,1.2,4.8046875,405,1771010647.4669695,1.2,213.22265625,74,21507.55415391922
2026-02-13T22:24:10,gaming,8.7,48.9,56.18546252492226,991.5974872641685,0.0,89022.06905570385,22.0,2607.3359375,79.306,50.0,1815.0,99.6,19.265625,2,4692.799748420715,55.4,6437.28515625,140,2228.2259809970856,15.4,25.390625,14,21508.879115343094,7.1,41.73828125,33,21511.21306848526,5.9,88.94140625,147,21511.250313043594
2026-02-13T22:24:11,gaming,8.4,48.9,238.8716808210236,881.4062653079542,0.0,24770.086193491457,22.0,2607.3359375,79.156,50.0,1815.0,99.2,19.265625,2,4694.123164892197,68.3,6437.265625,140,2229.552086353302,9.5,88.921875,147,21512.57349228859,3.5,20.38671875,4,4907.837683439255,2.4,105.8515625,37,21478.82133412361
2026-02-13T22:24:12,gaming,8.4,48.9,609.3634168830246,1559.8501275575325,0.0,10386.97888408253,22.0,2607.3359375,79.249,50.0,1815.0,98.5,19.26171875,2,4695.455984115601,64.7,6437.23828125,140,2230.8800847530365,5.9,88.9453125,147,21513.903526067734,3.5,20.38671875,4,4909.164112091064,0.0,4.8046875,405,1771010651.4380379
2026-02-13T22:24:14,gaming,7.1,48.9,601.5715719202401,416.8785454534997,0.0,116949.13205691526,22.0,2607.3359375,79.132,50.0,1815.0,98.1,18.61328125,2,4696.778300285339,55.4,6437.2109375,140,2232.2052688598633,5.9,88.9375,147,21515.22878885269,2.4,4.8046875,405,1771010652.7640488,1.2,105.84375,37,21481.476096630096
2026-02-13T22:24:15,gaming,9.9,48.9,31.853180910306996,706.8372525810981,0.0,12814.07963477493,22.0,2607.3359375,79.286,50.0,1815.0,99.3,19.26171875,2,4698.099859952927,54.6,6437.203125,140,2233.5207149982452,7.1,88.9296875,147,21516.54797410965,2.4,25.390625,13,21514.174424409866,1.2,4.8046875,405,1771010654.0824685
2026-02-13T22:24:16,gaming,7.8,48.9,300.1502941336453,0.0,0.0,10866.047011868532,22.0,2607.3359375,79.119,50.0,1815.0,99.6,19.26171875,2,4699.41792845726,65.1,6437.19140625,140,2234.8410391807556,8.3,88.91796875,147,21517.869003534317,7.1,25.42578125,14,21515.49070596695,5.9,118.74609375,165,21495.595217466354
2026-02-13T22:24:18,gaming,10.4,48.9,491.10608445080385,781.6834903508172,0.0,12010.532777200553,22.0,2607.3359375,79.183,50.0,1815.0,99.1,19.26171875,2,4700.741756677628,72.1,6437.171875,140,2236.1626806259155,20.1,41.14453125,33,21519.155290603638,15.3,25.42578125,14,21516.820286989212,5.9,88.94921875,147,21519.192620277405
2026-02-13T22:24:19,gaming,9.2,48.9,301.7096043259672,634.4998462835039,0.0,100913.52393937876,22.0,2607.3359375,79.123,50.0,1815.0,99.8,19.26171875,2,4702.057457685471,59.2,6437.15234375,140,2237.483344554901,7.1,88.93359375,147,21520.508483171463,4.8,105.83203125,37,21486.75256538391,2.4,11.32421875,5,21506.98176574707
2026-02-13T22:24:20,gaming,8.3,48.9,0.0,0.0,0.0,16559.751917721478,22.0,2607.3359375,79.126,50.0,1815.0,99.9,19.26171875,2,4703.386480331421,63.7,6437.125,140,2238.8079183101654,8.2,88.9296875,147,21521.837292194366,4.8,20.38671875,4,4917.0864017009735,3.5,4.8046875,405,1771010659.372517
2026-02-13T22:24:21,gaming,9.6,48.9,461.229180298954,777.8485515932855,0.0,11690.561401636854,23.0,2607.3359375,79.137,50.0,1815.0,99.8,19.26171875,2,4704.70156288147,52.4,6437.109375,140,2240.1196162700653,16.6,25.390625,13,21520.776667118073,9.5,41.14453125,33,21523.112424850464,5.9,4.8046875,405,1771010660.6864417
2026-02-13T22:24:23,gaming,9.4,48.9,104.25932649979697,194.05933034633742,0.0,14416.705702278494,23.0,2607.3359375,79.245,50.0,1815.0,99.8,19.26171875,2,4706.017164707184,65.1,6437.1015625,140,2241.4402220249176,10.7,88.9375,147,21524.468482017517,7.1,41.14453125,33,21524.428983449936,2.4,20.38671875,4,4919.724250078201
2026-02-13T22:24:24,gaming,8.3,48.9,231.15151962674489,85.3598748948437,0.0,70004.16217924739,22.0,2607.3359375,79.16,50.0,1815.0,99.2,19.26171875,2,4707.340811491013,68.9,6437.08984375,140,2242.754817008972,8.3,88.921875,147,21525.789108991623,4.7,105.81640625,37,21492.035030841827,2.4,4.8046875,405,1771010663.3240745
2026-02-13T22:24:25,gaming,8.9,48.9,301.4756253968231,41.11031255411224,0.0,108360.69347596518,22.0,2607.3359375,79.218,50.0,1815.0,100.2,19.26171875,2,4708.651188373566,50.9,6436.18359375,140,2244.0743980407715,7.1,88.9296875,147,21527.102353811264,3.6,41.14453125,33,21527.06497478485,2.4,4.8046875,405,1771010664.6375542
2026-02-13T22:24:27,gaming,6.6,48.9,398.0034186068036,547.254700584355,0.0,21612.791701314913,22.0,2607.3359375,79.11,50.0,1815.0,97.7,19.26171875,2,4709.978245973587,44.7,6437.19921875,140,2245.4029116630554,2.4,105.81640625,37,21494.673541784286,2.4,20.38671875,4,4923.685340642929,1.2,76.9375,105,21500.692801237106
2026-02-13T22:24:28,gaming,7.5,48.9,414.7795705308687,424.61923187557903,0.0,40303.25286793375,22.0,2607.3359375,79.183,50.0,1815.0,100.4,19.26953125,3,4711.300568580627,60.4,6437.27734375,140,2246.722888946533,8.3,105.828125,37,21495.997487306595,4.7,25.42578125,14,21527.377235651016,3.6,29.62109375,9,21513.007553339005
2026-02-13T22:24:29,gaming,8.8,48.9,50.123153906351,94.93021573172538,0.0,40438.753018263305,22.0,2607.3359375,79.166,50.0,1815.0,99.7,18.62109375,3,4712.6166870594025,59.6,6437.2734375,140,2248.0345005989075,7.1,105.828125,37,21497.313472270966,1.2,25.390625,13,21528.6915473938,1.2,122.8515625,32,21521.60517525673
2026-02-13T22:24:31,gaming,9.7,48.9,0.0,56.292153302278614,0.0,117233.7341854157,22.0,2607.3359375,79.134,50.0,1815.0,98.7,18.62109375,3,4713.931064367294,64.4,6437.2578125,140,2249.3439416885376,9.6,25.4296875,14,21529.999777317047,8.3,4.8046875,405,1771010669.9166615,8.3,41.73046875,33,21532.340628385544
2026-02-13T22:24:32,gaming,10.3,48.9,551.3187263142872,2473.6901081100245,0.0,14445.618189900217,22.0,2607.3359375,79.093,50.0,1815.0,99.8,18.62109375,3,4715.245838880539,52.2,6437.2421875,140,2250.661873817444,13.0,25.390625,13,21531.318333148956,8.3,4.8046875,405,1771010671.2289813,8.3,41.73046875,33,21533.655991077423
2026-02-13T22:24:33,gaming,8.1,48.9,267.7320533601827,696.2550282851209,0.0,74558.44695047988,22.0,2607.3359375,79.195,50.0,1815.0,100.6,19.26953125,3,4716.5660135746,55.8,6437.21875,140,2251.9785022735596,9.5,25.4296875,14,21532.636884450912,8.3,105.8359375,37,21501.262783050537,3.5,41.73046875,33,21534.97813796997
2026-02-13T22:24:35,gaming,8.3,48.9,0.0,41.129520925821105,0.0,89302.85313908654,22.0,2607.3359375,79.205,50.0,1815.0,100.1,19.26953125,3,4717.877071857452,57.0,6437.15234375,140,2253.2934091091156,6.0,105.84375,37,21502.572899580002,2.4,20.38671875,4,4931.578680515289,1.2,187.0,277,21530.893855810165
2026-02-13T22:24:36,gaming,7.9,48.9,31.836049397709246,523.7788127099307,0.0,6209.545634905575,22.0,2607.3359375,79.313,50.0,1815.0,97.2,19.26953125,3,4719.195235490799,53.3,6436.07421875,140,2254.6124098300934,7.1,105.84765625,37,21503.89250612259,5.9,4.8046875,405,1771010675.178875,3.6,41.73828125,33,21537.607709169388
2026-02-13T22:24:37,gaming,7.1,48.9,456.6513750862451,603.7861253227147,0.0,17564.687282115337,22.0,2607.3359375,79.347,50.0,1815.0,96.5,19.26953125,3,4720.5066883563995,32.9,6436.05078125,140,2255.9441056251526,6.0,105.8515625,37,21505.205416679382,2.4,4.8046875,405,1771010676.4905183,2.3,76.9375,105,21511.233322620392
2026-02-13T22:24:39,gaming,6.7,48.9,49.34920404585512,53.087780109935046,0.0,54744.717021535274,22.0,2607.3359375,79.247,50.0,1815.0,99.5,19.26953125,3,4721.841602325439,47.5,6437.078125,140,2257.259562730789,8.2,105.859375,37,21506.536389112473,3.5,4.8046875,405,1771010677.8277557,1.2,41.73828125,33,21540.251838684082
2026-02-13T22:24:40,gaming,7.0,48.9,386.4378851988951,0.0,0.0,109833.5583003096,22.0,2607.3359375,79.18,50.0,1815.0,98.5,19.26953125,3,4723.158891439438,63.9,6437.16015625,140,2258.580152273178,8.3,105.88671875,37,21507.855043649673,2.4,20.38671875,4,4936.868391990662,1.2,4.8046875,405,1771010679.1438878
2026-02-13T22:24:41,gaming,7.2,48.9,238.38675163983063,480.54544555244337,0.0,14291.134883116934,22.0,2607.3359375,79.229,50.0,1815.0,99.2,18.62109375,3,4724.482217311859,47.2,6437.14453125,140,2259.90536737442,5.9,105.88671875,37,21509.17605304718,2.4,11.28515625,4,21529.403851509094,0.0,4.8046875,405,1771010680.467627
2026-02-13T22:24:43,gaming,7.1,48.9,810.5655475641161,838.5944496761463,0.0,14738.657283558357,22.0,2607.3359375,79.207,50.0,1815.0,99.4,19.26953125,3,4725.802798509598,63.9,6437.1484375,140,2261.22269654274,13.0,105.890625,37,21510.499215602875,4.7,11.28515625,4,21530.723608016968,2.4,20.38671875,4,4939.509158849716
2026-02-13T22:24:44,gaming,9.1,48.9,467.5407174875618,205.44600186852472,0.0,22816.59126633969,22.0,2607.3359375,79.341,50.0,1815.0,145.9,6437.12890625,140,2262.5720167160034,99.0,19.26953125,3,4727.129077672958,9.4,105.890625,37,21511.828653097153,1.2,4.8046875,405,1771010683.112976,1.2,41.14453125,33,21545.54525065422
2026-02-13T22:24:45,gaming,11.2,48.9,0.0,0.0,0.0,11372.444148826313,22.0,2607.3359375,79.269,50.0,1815.0,136.7,6437.11328125,140,2263.921270608902,99.6,19.26953125,3,4728.478543281555,9.3,105.88671875,37,21513.17721939087,3.5,4.8046875,405,1771010684.463482,3.5,20.38671875,4,4942.204298019409
2026-02-13T22:24:47,gaming,11.3,48.9,0.0,0.0,0.0,14879.731320134166,23.0,2607.3359375,79.248,50.0,1815.0,100.2,19.26953125,3,4729.819713354111,100.0,6437.08984375,140,2265.2343366146088,15.1,105.88671875,37,21514.51896429062,2.4,20.38671875,4,4943.513730287552,1.2,4.8046875,405,1771010685.8046203
2026-02-13T22:24:48,gaming,8.1,48.9,495.9103154175982,605.1786900011368,0.0,13692.931975783296,22.0,2607.3359375,79.167,50.0,1815.0,100.1,19.26953125,3,4731.130903482437,44.0,6437.03125,140,2266.5495829582214,8.4,105.88671875,37,21515.827560663223,2.4,25.390625,13,21547.201456069946,2.4,104.74609375,44,21523.06571483612
2026-02-13T22:24:49,gaming,7.4,48.9,49.780353215570834,94.28097199918719,0.0,60629.4532254613,22.0,2607.3359375,79.193,50.0,1815.0,97.8,19.26953125,3,4732.456208229065,44.6,6437.0078125,140,2267.880405187607,10.6,105.88671875,37,21517.15052342415,7.0,25.390625,13,21548.534924268723,2.4,328.23828125,95,21518.182428121567
2026-02-13T22:24:51,gaming,7.4,48.9,0.0,40.852976667389356,0.0,18592.64360329187,27.0,2607.3359375,79.275,50.0,1815.0,98.2,19.26953125,3,4733.776671886444,49.7,6437.046875,140,2269.201776742935,16.5,105.88671875,37,21518.47450184822,3.5,61.625,116,21506.69726920128,1.2,90.17578125,33,21504.107669353485
2026-02-13T22:24:52,gaming,7.4,48.9,455.5121861282048,1137.2671357984914,0.0,57724.441287954294,22.0,2607.3359375,79.153,50.0,1815.0,99.2,18.75,3,4735.09929060936,40.2,6437.0234375,140,2270.522536754608,20.1,105.88671875,37,21519.794635295868,4.7,25.42578125,14,21551.177820920944,4.7,328.23828125,95,21520.824779510498
2026-02-13T22:24:53,gaming,8.8,48.9,608.4657950208806,1603.379355248049,0.0,15130.566618900304,22.0,2607.3359375,79.14,50.0,1815.0,99.4,19.3984375,3,4736.419277906418,55.8,6437.01171875,140,2271.838478565216,13.0,105.89453125,37,21521.11319088936,7.1,41.73828125,33,21554.829232931137,7.1,328.23828125,95,21522.144156694412
2026-02-13T22:24:55,gaming,7.5,48.9,49.98859896737733,441.5659575451664,0.0,55841.80946464842,22.0,2607.3359375,79.227,50.0,1815.0,100.7,19.3984375,3,4737.738667011261,48.2,6436.9921875,140,2273.1677465438843,9.5,105.89453125,37,21522.43341565132,3.5,328.23828125,95,21523.46971797943,2.3,20.38671875,4,4951.458664178848
2026-02-13T22:24:56,gaming,7.8,48.9,179.55891599625625,71.82356639850249,0.0,13407.065727720466,22.0,2607.3359375,79.281,50.0,1815.0,99.0,19.3984375,3,4739.080206155777,60.7,6436.97265625,140,2274.5068283081055,16.3,105.90625,37,21523.777317523956,9.3,328.23828125,95,21524.814720630646,3.5,88.93359375,147,21557.525557518005
2026-02-13T22:24:57,gaming,9.1,48.9,5575.240133417587,6193.961294309369,12287.427272789042,57213.33323892397,22.0,2607.3359375,79.096,50.0,1815.0,97.4,19.3984375,3,4740.411430835724,63.8,6436.91796875,140,2275.8293895721436,14.1,105.69921875,37,21525.106043815613,4.7,88.93359375,147,21558.859909772873,3.6,20.38671875,4,4954.111445903778
2026-02-13T22:24:59,gaming,7.4,48.9,199.29171297708157,469.0554005049943,0.0,45393.044768741805,22.0,2607.3359375,79.116,50.0,1815.0,98.4,19.3984375,3,4741.72990489006,40.3,6435.85546875,140,2277.1474978923798,17.8,105.74609375,37,21526.424483299255,16.6,327.95703125,95,21527.451974630356,3.6,88.92578125,147,21560.179935455322
2026-02-13T22:25:00,gaming,11.1,48.9,49.99860276167695,273.4772060146269,0.0,10472.434614809426,22.0,2607.3359375,79.205,50.0,1815.0,100.5,19.3984375,3,4743.050943136215,37.7,6435.83984375,140,2278.4744930267334,21.1,327.953125,95,21528.784321069717,18.9,105.71875,37,21527.74781680107,13.0,25.42578125,14,21559.128712654114
2026-02-13T22:25:01,gaming,8.8,48.9,0.0,0.0,0.0,12318.956698322372,22.0,2607.3359375,79.301,50.0,1815.0,98.5,19.3984375,3,4744.383633136749,40.9,6435.953125,139,2279.811203956604,17.6,105.72265625,37,21529.07678127289,11.7,327.953125,95,21530.114238262177,7.0,88.93359375,147,21562.83140182495
2026-02-13T22:25:03,gaming,10.8,48.9,540.5857209703803,1276.3829522911756,0.0,9994.829329941253,22.0,2607.3359375,79.317,50.0,1815.0,100.1,18.62109375,3,4745.711051702499,39.9,6435.9453125,139,2281.142624616623,22.2,105.73046875,37,21530.413266420364,15.3,327.953125,95,21531.443135738373,15.2,25.390625,14,21561.79594516754
2026-02-13T22:25:04,gaming,9.7,48.9,130.7616290070121,154.80974468646258,0.0,151599.32124325595,22.0,2607.3359375,79.288,50.0,1815.0,99.9,18.62109375,3,4747.040979385376,32.0,6435.8984375,139,2282.4593484401703,23.6,105.82421875,37,21531.73731470108,15.4,327.953125,95,21532.761420726776,14.1,88.92578125,147,21565.492129564285
2026-02-13T22:25:05,gaming,8.5,48.9,1824.0167121335362,0.0,0.0,22578.57452418403,22.0,2607.3359375,79.199,50.0,1815.0,99.8,19.26953125,3,4748.355368375778,30.8,6435.875,139,2283.779340028763,19.0,105.82421875,37,21533.05000948906,15.5,88.9375,147,21566.805992364883,11.8,327.953125,95,21534.084156751633
2026-02-13T22:25:06,gaming,8.6,48.9,2133.071577524762,82.53631592126341,0.0,19384.676032883883,22.0,2607.3359375,79.201,49.0,1815.0,99.0,19.26953125,3,4749.681160449982,40.2,6435.859375,139,2285.099589109421,22.4,105.82421875,37,21534.37493801117,18.9,88.94140625,147,21568.126047611237,14.2,327.953125,95,21535.404099941254
2026-02-13T22:25:08,gaming,8.6,48.9,1819.961554942135,823.2618436213487,0.0,89187.96200998161,22.0,2607.3359375,79.146,50.0,1815.0,100.9,19.26953125,3,4750.9973158836365,32.1,6435.73046875,139,2286.4124376773834,18.9,88.93359375,147,21569.448726415634,14.2,105.82421875,37,21535.690993785858,9.5,327.953125,95,21536.715935468674
2026-02-13T22:25:09,gaming,8.0,48.9,50.06848802693045,53.86155530169791,0.0,18643.684268937013,22.0,2607.3359375,79.235,50.0,1815.0,98.6,19.26953125,3,4752.313104152679,57.2,6436.69921875,139,2287.724343776703,24.9,105.82421875,37,21537.008959531784,13.0,88.9375,147,21570.76424908638,3.6,90.19921875,33,21522.630337953568
2026-02-13T22:25:10,gaming,9.2,48.9,0.0,41.22706333344255,0.0,13681.27731361649,22.0,2607.3359375,79.078,50.0,1815.0,100.0,19.26953125,3,4753.626170873642,52.1,6436.65625,139,2289.045077085495,21.4,105.82421875,37,21538.32027387619,13.0,327.953125,95,21539.348919153214,11.9,88.94140625,147,21572.077459335327
2026-02-13T22:25:12,gaming,9.2,48.9,0.0,41.008316185610035,0.0,17496.88157252695,22.0,2607.3359375,79.188,50.0,1815.0,99.9,19.26953125,3,4754.940189361572,58.3,6436.64453125,139,2290.3580827713013,32.1,105.82421875,37,21539.636199712753,14.3,25.421875,14,21571.016988754272,13.1,88.92578125,147,21573.3910882473
2026-02-13T22:25:13,gaming,12.7,48.9,715.3598837397927,909.9742623129988,0.0,39312.104471787636,22.0,2607.3359375,79.149,50.0,1815.0,99.6,19.26953125,3,4756.257653713226,46.4,6436.6328125,139,2291.6701028347015,31.1,328.2734375,95,21541.971583604813,28.5,105.83203125,37,21540.952665805817,17.8,41.90234375,33,21574.667687892914
2026-02-13T22:25:14,gaming,12.8,48.9,307.3820107594902,54.28886259682538,0.0,61072.676525825875,23.0,2607.3359375,79.116,49.0,1815.0,99.4,19.26953125,3,4757.5627200603485,48.7,6436.62890625,140,2292.9857437610626,30.9,328.28125,95,21543.28793501854,16.6,25.42578125,14,21573.64436531067,13.1,4.8046875,405,1771010713.5487435
2026-02-13T22:25:16,gaming,11.7,48.9,754.0347709014803,69.78993855426175,0.0,11263.48921362694,22.0,2607.3359375,79.079,49.0,1815.0,99.3,19.26953125,3,4758.884807348251,45.2,6436.61328125,140,2294.300379753113,13.0,88.9375,147,21577.33523082733,3.6,4.8046875,405,1771010714.8674464,2.4,25.390625,13,21574.961691379547
2026-02-13T22:25:17,gaming,10.0,48.9,853.6632754230051,167.07082870208947,0.0,19139.1458925937,22.0,2607.3359375,79.161,49.0,1815.0,99.0,19.26953125,3,4760.194469213486,41.6,6436.546875,140,2295.6152532100677,16.7,25.4296875,14,21576.26920056343,9.6,41.90234375,33,21578.605135679245,3.6,4.8046875,405,1771010716.1785035
2026-02-13T22:25:18,gaming,10.1,48.9,838.483900346517,687.9672981084296,0.0,10898.010149925356,22.0,2607.3359375,79.147,50.0,1815.0,98.6,19.26953125,3,4761.511945724487,29.8,6435.6328125,140,2296.9262342453003,14.3,4.8046875,405,1771010717.4940436,10.7,41.90234375,33,21579.92230772972,5.9,25.390625,13,21577.58484196663
2026-02-13T22:25:20,gaming,9.2,48.9,56.3768457476035,994.9751425185158,0.0,6241.069194113079,22.0,2607.3359375,79.246,50.0,1815.0,100.0,19.26953125,3,4762.821700334549,27.3,6435.6015625,140,2298.2428102493286,9.5,25.4296875,14,21578.900643348694,4.8,4.8046875,405,1771010718.806858,4.8,41.90234375,33,21581.233551979065
2026-02-13T22:25:21,gaming,8.2,48.9,0.0,928.5207416261127,0.0,14417.948302758261,22.0,2607.3359375,79.014,50.0,1815.0,98.8,19.26953125,3,4764.134120225906,31.1,6435.58203125,140,2299.551515817642,8.3,41.90234375,33,21582.547563552856,7.1,4.8046875,405,1771010720.1200964,3.6,25.390625,13,21580.207838773727
2026-02-13T22:25:22,gaming,6.1,48.9,403.60907706141853,1041.8923712778665,0.0,12915.490465965393,22.0,2607.3359375,79.206,50.0,1815.0,100.4,19.26953125,3,4765.441910028458,38.4,6435.56640625,140,2300.851649284363,4.8,11.28515625,4,21570.350115776062,3.6,76.9296875,56,21580.09284210205,2.4,124.42578125,32,21574.42226433754
2026-02-13T22:25:24,gaming,6.1,48.9,1869.5334387885139,521.0550900097124,0.0,79017.01118645821,22.0,2607.3359375,79.026,50.0,1815.0,99.1,19.26953125,3,4766.750484704971,32.2,6435.78125,140,2302.162960290909,6.0,20.38671875,4,4980.439509868622,3.6,25.4296875,14,21582.82030415535,1.2,105.83984375,37,21551.444566249847
2026-02-13T22:25:25,gaming,6.4,48.9,210.44476746208846,745.0051986796562,0.0,62918.37719158499,22.0,2607.3359375,79.106,49.0,1815.0,99.3,19.26953125,3,4768.056197166443,39.1,6435.76171875,140,2303.4803223609924,3.6,25.4296875,14,21584.1410279274,2.4,105.84375,37,21552.755935192108,2.4,41.90234375,33,21586.47546482086
2026-02-13T22:25:26,gaming,8.3,48.9,325.4410589559862,183.48533022344463,0.0,12757.893578005434,22.0,2607.3359375,79.169,50.0,1815.0,99.2,19.26953125,3,4769.3790583610535,39.1,6435.7421875,140,2304.8403854370117,4.6,25.42578125,14,21585.491445064545,3.5,138.57421875,23,6352.525064945221,2.4,4.8046875,404,1771010725.3637617
2026-02-13T22:25:28,gaming,7.9,48.9,866.8258334229416,620.4184899118517,982250.0733333508,10137.902133027703,22.0,2607.3359375,79.154,50.0,1815.0,99.7,19.2734375,3,4770.742506027222,39.9,6436.78515625,140,2306.170350074768,5.7,4.8046875,404,1771010726.7275655,2.3,130.55859375,58,3542.693413257599,2.3,88.3203125,25,21479.29719543457
2026-02-13T22:25:29,gaming,6.2,48.9,103.39168328176221,543.3723500939328,0.0,27047.868093564655,22.0,2607.3359375,79.117,50.0,1815.0,99.0,19.2734375,3,4772.067899942398,55.7,6436.86328125,140,2307.5168249607086,1.2,11.94140625,28,21590.450689792633,1.2,20.38671875,4,4985.802694797516,0.0,4.8046875,404,1771010728.0521147
2026-02-13T22:25:30,gaming,7.4,48.9,0.0,0.0,252854.08141589796,121688.39600375299,22.0,2607.3359375,79.222,50.0,1815.0,99.5,19.2734375,3,4773.419844150543,48.7,6436.83984375,140,2308.8629190921783,8.1,25.390625,13,21589.502616882324,5.8,41.90234375,33,21591.833527088165,4.6,136.421875,23,21482.870565652847
2026-02-13T22:25:32,gaming,10.3,48.9,115.69620189598416,66.00616646629865,0.0,59995.897106266246,22.0,2607.3359375,79.216,50.0,1815.0,100.5,19.2734375,3,4774.770361423492,48.8,6436.79296875,140,2310.2067120075226,13.9,25.390625,13,21590.849114894867,9.3,41.90234375,33,21593.180761814117,7.0,4.8046875,404,1771010730.7508993
2026-02-13T22:25:33,gaming,6.8,48.9,675.787171384481,639.2782723791452,0.0,51118.419244042416,22.0,2607.3359375,79.374,50.0,1815.0,100.2,19.2734375,3,4776.111956834793,46.5,6436.80859375,140,2311.5515596866608,4.7,25.390625,13,21592.19152021408,2.3,88.9375,147,21594.562131881714,1.2,105.859375,37,21560.807745456696
2026-02-13T22:25:34,gaming,6.9,48.9,49.03005167544927,52.74444952964998,0.0,98511.77412996936,22.0,2607.3359375,79.232,50.0,1815.0,98.7,19.2734375,3,4777.456875085831,54.6,6436.80078125,140,2312.897497653961,2.3,25.390625,13,21593.540536403656,1.2,4.8046875,404,1771010733.4395747,1.2,11.94140625,28,21595.837115049362
2026-02-13T22:25:36,gaming,7.2,48.9,398.83508972366724,0.0,0.0,45167.70324662379,22.0,2607.3359375,79.324,49.0,1815.0,99.5,19.2734375,3,4778.806972742081,49.8,6436.79296875,140,2314.246433019638,4.6,25.390625,14,21594.887763261795,3.5,4.8046875,404,1771010734.788278,3.5,20.38671875,4,4992.532032489777
2026-02-13T22:25:37,gaming,7.3,48.9,0.0,0.0,0.0,27056.669268972375,23.0,2607.3359375,79.233,49.0,1815.0,100.2,19.2734375,3,4780.147965669632,53.6,6436.7265625,140,2315.588037252426,4.7,4.8046875,404,1771010736.1325226,3.5,20.38671875,4,4993.8695549964905,2.3,25.390625,13,21596.224556207657
2026-02-13T22:25:38,gaming,6.7,48.9,563.686614616978,709.2745481935485,0.0,13379.157793293041,22.0,2607.3359375,79.184,50.0,1815.0,97.8,19.2734375,3,4781.48929476738,36.1,6435.640625,140,2316.9315807819366,5.8,4.8046875,404,1771010737.474011,2.3,16.48828125,13,21599.91152739525,1.2,11.94140625,28,21599.87743639946
2026-02-13T22:25:40,gaming,6.3,48.9,48.843588124840984,79.92587147701252,0.0,26523.54846051971,22.0,2607.3359375,79.066,50.0,1815.0,99.6,19.27734375,3,4782.837966680527,33.7,6435.62890625,140,2318.2764863967896,4.6,4.8046875,404,1771010738.8227,1.2,88.9296875,147,21601.28807067871,1.2,20.38671875,4,4996.579983949661
2026-02-13T22:25:41,gaming,6.2,49.0,592.7049232702901,337.21596876744456,48252.807268871715,29781.029486256764,22.0,2607.3359375,79.239,50.0,1815.0,100.9,18.62109375,3,4784.20107793808,37.7,6435.61328125,140,2319.6449460983276,4.6,4.8046875,404,1771010740.1843095,3.4,77.140625,106,21574.934476614,3.4,278.62109375,25,21566.08010005951
2026-02-13T22:25:42,gaming,6.8,49.0,4337.0300368470635,4122.0622731402855,0.0,34040.25619109397,22.0,2607.3359375,79.156,50.0,1815.0,99.5,19.27734375,3,4785.55145740509,42.7,6436.55078125,140,2320.9988491535187,3.5,4.8046875,404,1771010741.5344102,2.3,88.9375,147,21604.001770973206,1.2,105.890625,37,21570.25053882599
2026-02-13T22:25:44,gaming,7.0,49.1,2501.338609988324,1081.4806191726707,0.0,152112.05524036277,22.0,2607.3359375,79.19,50.0,1815.0,100.2,19.27734375,3,4786.907944202423,46.1,6436.53125,140,2322.3542873859406,3.5,88.9375,147,21605.35802769661,3.4,36.3125,58,21573.012959718704,2.3,25.390625,13,21602.994282007217
2026-02-13T22:25:45,gaming,10.1,49.0,572.5173237522387,328.70766496801537,636784.3888093848,41610.181765840774,24.0,2607.3359375,79.238,50.0,1815.0,98.7,19.27734375,3,4788.285098552704,50.7,6436.515625,140,2323.7425305843353,24.8,25.42578125,14,21604.379875183105,12.5,41.73828125,33,21606.70243859291,10.2,4.8046875,404,1771010744.2692006
2026-02-13T22:25:47,gaming,10.1,49.0,244.55579780162998,153.03042437287624,0.0,125962.3443335629,22.0,2607.3359375,79.178,50.0,1815.0,105.5,6436.50390625,140,2325.1204674243927,100.5,19.27734375,3,4789.6536774635315,12.6,4.8046875,404,1771010745.634995,4.6,41.73828125,33,21608.071313381195,4.5,88.359375,25,21498.221979379654
2026-02-13T22:25:48,gaming,10.8,49.0,6795.63813731365,4404.6736014498265,368.6160320271839,74091.82243746397,22.0,2607.3359375,79.143,50.0,1815.0,168.4,6436.48828125,140,2326.502702474594,99.1,19.27734375,3,4791.040820837021,5.6,88.94140625,147,21609.489997386932,2.3,17.89453125,9,21610.39822459221,2.2,4.8046875,404,1771010747.0239604
2026-02-13T22:25:49,gaming,12.9,49.0,474.63649377677234,608.694129423647,0.0,101286.70313609486,22.0,2607.3359375,79.134,50.0,1815.0,174.6,6436.46875,140,2327.9078316688538,100.7,19.27734375,3,4792.4211168289185,12.4,25.42578125,14,21608.532461166382,10.2,41.73828125,33,21610.840973854065,6.8,88.9375,147,21610.871092557907
2026-02-13T22:25:51,gaming,12.6,49.0,0.0,0.0,0.0,35997.83067249601,22.0,2607.3359375,79.129,50.0,1815.0,99.8,18.74609375,3,4793.814787149429,64.4,6436.453125,140,2329.267297267914,6.7,88.94140625,147,21612.26491689682,5.7,25.4296875,13,21609.90411758423,3.4,211.11328125,76,21609.900696516037
2026-02-13T22:25:52,gaming,10.3,49.0,109.07648061481342,751.8224536336469,0.0,41604.25870000722,22.0,2607.3359375,79.152,50.0,1815.0,99.6,19.40625,3,4795.18013381958,57.8,6436.3828125,140,2330.646605491638,11.3,25.4296875,14,21611.282871484756,10.3,4.8046875,404,1771010751.164481,7.9,41.73828125,33,21613.60996031761
2026-02-13T22:25:53,gaming,11.9,49.0,484.3762189887779,667.9293125003147,0.0,19019.59673719544,22.0,2607.3359375,79.135,50.0,1815.0,98.8,19.40625,3,4796.5566573143005,36.5,6435.46484375,140,2332.0146453380585,21.8,41.73828125,33,21614.973932027817,15.9,4.8046875,404,1771010752.5365534,12.5,25.390625,13,21612.653244018555
2026-02-13T22:25:55,gaming,8.2,49.0,196.7557589635185,0.0,773319.5759356737,99257.49346300792,22.0,2607.3359375,79.139,50.0,1815.0,100.8,19.40625,3,4797.936718225479,32.9,6435.44921875,140,2333.3931481838226,10.2,25.421875,14,21614.026119232178,6.8,4.8046875,404,1771010753.9189916,4.5,88.94921875,147,21616.387022972107
2026-02-13T22:25:56,gaming,7.1,49.0,0.0,461.14713041689225,0.0,26687.170825256384,22.0,2607.3359375,79.109,50.0,1815.0,98.5,19.40625,3,4799.317441225052,39.2,6435.43359375,140,2334.8283774852753,9.9,25.42578125,14,21615.45507669449,5.7,88.9375,147,21617.767212867737,4.5,4.8046875,404,1771010755.3005228
2026-02-13T22:25:58,gaming,8.9,49.1,1031.381485810703,899.1000928409935,2351081.291048302,40213.543462791655,22.0,2607.3359375,79.14,50.0,1815.0,98.8,19.41015625,3,4800.77317237854,31.9,6435.41796875,140,2336.2479934692383,9.8,25.390625,13,21616.885068416595,4.3,88.94140625,147,21619.219125270844,3.3,22.2109375,6,21615.852208852768
2026-02-13T22:25:59,gaming,8.9,49.1,208.8142902106252,50.25699866086233,46389.333299130616,378725.41638743354,22.0,2607.3359375,79.3,50.0,1815.0,99.7,19.41015625,3,4802.183745622635,34.2,6436.2109375,140,2337.663017272949,5.5,41.05859375,33,21620.603502750397,4.4,88.94140625,147,21620.631627321243,2.2,4.8046875,404,1771010758.165038
2026-02-13T22:26:00,gaming,6.4,49.1,46.711592968154,84.93016903300727,0.0,61602.68260527461,22.0,2607.3359375,79.209,50.0,1815.0,100.8,19.41015625,3,4803.594672203064,55.7,6436.33984375,140,2339.065234899521,5.5,88.93359375,147,21622.044183015823,2.2,36.671875,19,21619.59183573723,2.2,91.15625,49,21590.07167482376
2026-02-13T22:26:02,gaming,8.1,49.2,55.99549784545615,92.60793874440824,0.0,91522.48755540402,23.0,2607.3359375,79.341,50.0,1815.0,98.5,19.41015625,3,4804.991103410721,47.9,6436.32421875,140,2340.4697337150574,4.5,88.94921875,147,21623.440791368484,2.2,4.8046875,404,1771010760.9733098,2.2,105.9140625,37,21589.69104862213
2026-02-13T22:26:03,gaming,7.4,49.2,1277.7816147465282,925.4365183214059,0.0,34051.53574447448,22.0,2607.3359375,79.29,50.0,1815.0,99.6,19.28515625,3,4806.402902603149,55.9,6436.31640625,140,2341.866712331772,5.5,88.94140625,147,21624.852679252625,2.2,4.8046875,404,1771010762.3865514,2.2,123.83203125,32,21615.4344496727
2026-02-13T22:26:05,gaming,7.9,49.2,98.73946491432162,98.73946491432162,35425.125397582015,141331.48986743658,23.0,2607.3359375,79.299,50.0,1815.0,99.2,19.28515625,3,4807.7884249687195,46.1,6436.3046875,140,2343.2576088905334,10.1,4.8046875,404,1771010763.7714863,6.8,88.92578125,147,21626.23830628395,3.4,41.13671875,33,21626.20215010643
2026-02-13T22:26:06,gaming,8.3,49.1,522.8409911299108,38.57023705056719,0.0,101299.72776777112,23.0,2607.3359375,79.165,50.0,1815.0,100.4,19.28515625,3,4809.1891622543335,39.9,6436.29296875,140,2344.667704820633,7.8,88.9375,147,21627.63871049881,4.5,4.8046875,404,1771010765.1718466,4.4,41.14453125,33,21627.609614610672
2026-02-13T22:26:07,gaming,7.0,49.1,696.4135333785363,643.1165792934443,0.0,35292.5323690935,22.0,2607.3359375,79.325,50.0,1815.0,99.8,19.28515625,3,4810.59788775444,47.9,6436.23828125,140,2346.069545030594,6.7,88.95703125,147,21629.047765254974,6.7,25.390625,14,21626.707006454468,3.3,105.9296875,37,21595.296465158463
2026-02-13T22:26:09,gaming,8.3,49.1,2091.7855569715075,97.74032104539445,0.0,79265.2600688139,22.0,2607.3359375,79.342,50.0,1815.0,100.3,19.28515625,3,4812.000472068787,39.1,6435.35546875,140,2347.469127178192,5.6,88.9375,147,21630.44991850853,3.3,4.8046875,404,1771010767.9804773,3.3,41.14453125,33,21630.421537399292
2026-02-13T22:26:10,gaming,6.8,49.1,2281.4240602078658,1769.5890419936757,0.0,10628.987902719295,22.0,2607.3359375,79.39,50.0,1815.0,98.6,18.62109375,3,4813.3946442604065,40.3,6435.453125,140,2348.8656165599823,5.6,88.9453125,147,21631.844040632248,4.5,25.390625,13,21629.491369247437,2.2,4.8046875,404,1771010769.3777988
2026-02-13T22:26:12,gaming,9.4,49.1,2065.4321999275467,2973.251743226731,0.0,119124.19466285649,22.0,2607.3359375,79.22,50.0,1815.0,100.3,19.28515625,3,4814.796253681183,36.7,6435.51171875,140,2350.2714931964874,16.6,25.390625,13,21630.902656793594,15.5,41.14453125,33,21633.217693328857,14.5,4.8046875,404,1771010770.7788382
2026-02-13T22:26:13,gaming,8.8,49.1,518.3762034415049,468.66889626218256,0.0,47264.54808365284,22.0,2607.3359375,79.209,50.0,1815.0,98.8,19.28515625,3,4816.203281402588,39.1,6435.46484375,140,2351.6714289188385,7.8,4.8046875,404,1771010772.1865497,6.7,88.94140625,147,21634.652782440186,5.6,105.94140625,37,21600.904542446136
2026-02-13T22:26:14,gaming,7.8,49.1,128.43335378718066,594.0939493619306,0.0,17266.03477952355,22.0,2607.3359375,79.252,50.0,1815.0,98.4,19.28515625,3,4817.600353717804,32.4,6435.45703125,140,2353.0700929164886,10.1,4.8046875,404,1771010773.5810754,6.7,88.9453125,147,21636.04825234413,3.4,41.14453125,33,21636.019807577133
2026-02-13T22:26:16,gaming,6.7,49.1,2198.504333794344,1376.026885103598,143169.56969820245,511685.12027342257,22.0,2607.3359375,79.177,50.0,1815.0,99.3,19.28515625,3,4819.000158548355,39.2,6435.44140625,140,2354.466033220291,5.6,88.94921875,147,21637.449194431305,5.6,37.1796875,21,21634.990463733673,2.2,105.94921875,37,21603.698219537735
2026-02-13T22:26:17,gaming,7.2,49.1,35.997313356644355,47.51645363077055,0.0,30226.22407930713,22.0,2607.3359375,79.212,50.0,1815.0,100.2,19.28515625,3,4820.3885242938995,35.9,6436.76171875,140,2355.8585691452026,6.7,88.94921875,147,21638.838126659393,6.7,105.91796875,37,21605.088644742966,5.6,25.42578125,14,21636.494148015976
2026-02-13T22:26:19,gaming,8.2,49.1,5158.663809950333,1075.020243807377,0.0,19814.773133857572,22.0,2607.3359375,79.327,50.0,1815.0,99.5,19.28515625,3,4821.785693883896,42.2,6436.75390625,140,2357.265729188919,5.6,88.94921875,147,21640.235375642776,4.5,4.8046875,404,1771010777.7666216,4.5,105.91796875,37,21606.488594293594
2026-02-13T22:26:20,gaming,7.1,49.1,29.634314556380485,76.20252314497839,0.0,14088.999834804894,22.0,2607.3359375,79.236,50.0,1815.0,99.4,19.28515625,3,4823.200430393219,43.2,6436.76953125,140,2358.6758720874786,6.6,88.9609375,147,21641.65039396286,6.6,105.91796875,37,21607.902697086334,4.4,20.38671875,4,5036.990438222885
2026-02-13T22:26:21,gaming,7.6,49.1,417.046003309649,401.4422412810567,0.0,54108.172619875004,22.0,2607.3359375,79.245,50.0,1815.0,100.5,18.60546875,2,4824.615056037903,47.7,6436.74609375,140,2360.082849740982,6.6,88.953125,147,21643.064794540405,4.4,4.8046875,404,1771010780.5947661,4.4,105.921875,37,21609.317732334137
2026-02-13T22:26:23,gaming,7.6,49.1,655.1485754188803,735.7932257700062,0.0,40193.864670578805,22.0,2607.3359375,79.294,50.0,1815.0,100.4,19.26953125,2,4826.015849113464,41.3,6436.73046875,140,2361.4834411144257,5.6,88.94140625,147,21644.46566772461,5.6,105.921875,37,21610.713465452194,3.3,20.38671875,4,5039.794511318207
2026-02-13T22:26:24,gaming,7.3,49.1,1461.6875987369833,1423.8607224024813,0.0,50793.64405611017,23.0,2607.3359375,79.235,50.0,1815.0,97.3,19.26953125,2,4827.413202762604,94.2,6436.7109375,140,2362.909168481827,6.7,88.9453125,147,21645.86278605461,4.5,105.921875,37,21612.11246585846,2.2,229.28515625,75,21643.526858091354
2026-02-13T22:26:26,gaming,10.4,49.1,6243.100608361385,2937.1490331348873,0.0,162362.52519717914,22.0,2607.3359375,79.182,50.0,1815.0,143.0,6436.69921875,140,2364.340488433838,100.3,19.26953125,2,4828.846298933029,9.8,105.73828125,37,21613.54906630516,6.5,88.9609375,147,21647.295959472656,4.4,20.38671875,4,5042.655373096466
2026-02-13T22:26:27,gaming,10.8,49.1,46.09657925840915,83.81196228801663,0.0,47560.49486637317,23.0,2607.3359375,79.151,50.0,1815.0,113.7,6435.75,140,2365.770182609558,100.1,19.28125,3,4830.282010793686,5.5,88.95703125,147,21648.728793382645,4.3,105.7890625,37,21614.98626422882,2.2,25.390625,13,21646.399863243103
2026-02-13T22:26:29,gaming,11.4,49.0,951.220747290667,726.4895454790532,0.0,304662.01265972934,22.0,2607.3359375,79.232,50.0,1815.0,107.0,6436.5390625,140,2367.15754032135,97.3,19.28125,3,4831.694767713547,13.5,25.42578125,13,21647.792704343796,8.9,105.80859375,37,21616.394933462143,7.8,41.73828125,33,21650.112659931183
2026-02-13T22:26:30,gaming,11.9,49.0,51.31719546161777,47.70330845727849,0.0,64390.79308851555,23.0,2607.3359375,79.163,50.0,1815.0,129.5,6436.859375,140,2368.544774055481,99.1,19.28125,3,4833.082911014557,13.5,105.8125,37,21617.781195163727,10.2,4.8046875,404,1771010789.0587072,6.8,88.94921875,147,21651.52606201172
2026-02-13T22:26:31,gaming,11.3,49.0,151.48580660318135,328.69561810124253,0.0,12073.132963996943,22.0,2607.3359375,79.26,50.0,1815.0,117.3,6437.03125,140,2369.9436736106873,96.5,19.28125,3,4834.475786447525,9.0,105.828125,37,21619.175868988037,5.6,88.9453125,147,21652.924550056458,4.5,20.38671875,4,5048.2490491867065
2026-02-13T22:26:33,gaming,11.2,49.0,462.56644483055413,1088.180378755108,0.0,48543.61895563381,22.0,2607.3359375,79.232,50.0,1815.0,133.4,6437.015625,140,2371.33775639534,99.5,19.28125,3,4835.873443841934,11.2,105.8671875,37,21620.574759483337,6.7,88.95703125,147,21654.32325410843,4.5,20.38671875,4,5049.643065929413
2026-02-13T22:26:34,gaming,11.7,49.0,97.96215475956876,347.51538111788625,0.0,186714.436867289,22.0,2607.3359375,79.288,50.0,1815.0,117.0,6437.0546875,140,2372.7393927574158,99.5,19.28125,3,4837.270480632782,12.3,105.86328125,37,21621.972277879715,5.6,4.8046875,404,1771010793.2493174,5.6,88.94140625,147,21655.72013568878
2026-02-13T22:26:36,gaming,11.2,49.0,320.3662809412355,2081.6657228123586,0.0,143157.96096916925,22.0,2607.3359375,79.239,50.0,1815.0,121.1,6437.04296875,140,2374.132508277893,98.6,19.28125,3,4838.66454577446,9.0,105.86328125,37,21623.365275382996,6.7,88.9609375,147,21657.113594532013,3.4,11.28515625,4,21643.63131046295
2026-02-13T22:26:37,gaming,12.5,49.0,181.35937400266164,796.6858215116921,0.0,27635.714133738915,22.0,2607.3359375,79.431,50.0,1815.0,120.4,6437.02734375,140,2375.5212774276733,98.9,19.28125,3,4840.0545954704285,13.4,104.765625,44,21632.046372175217,12.4,25.42578125,14,21656.152491807938,11.3,105.8671875,37,21624.75398373604
2026-02-13T22:26:38,gaming,13.6,49.0,556.3337017214619,734.5904950378994,0.0,10672.406722429285,22.0,2607.3359375,79.251,50.0,1815.0,117.4,6437.078125,140,2376.9051094055176,98.8,19.28125,3,4841.447049617767,14.6,4.8046875,404,1771010797.4278145,13.5,105.87109375,37,21626.144827365875,11.2,25.4296875,14,21657.545314073563
2026-02-13T22:26:40,gaming,11.2,49.0,99.2994921313978,569.7036555859758,0.0,55665.70069847702,22.0,2607.3359375,79.375,50.0,1815.0,123.1,6437.0078125,140,2378.28840136528,99.8,19.28125,3,4842.824569702148,9.1,105.87109375,37,21627.52233314514,7.9,4.8046875,404,1771010798.80756,6.8,88.953125,147,21661.27362179756
2026-02-13T22:26:41,gaming,11.7,49.0,30.303428266803184,204.18738570250716,0.0,15515.35527260323,22.0,2607.3359375,79.189,50.0,1815.0,113.9,6435.98828125,140,2379.687807559967,98.9,19.28125,3,4844.217481851578,12.3,105.87109375,37,21628.919068574905,5.6,88.94921875,147,21662.661252737045,3.4,4.8046875,404,1771010800.1939566
2026-02-13T22:26:42,gaming,10.6,49.0,0.0,413.228913235612,0.0,14177.585806681616,22.0,2607.3359375,79.323,50.0,1815.0,128.2,6435.9765625,140,2381.0893790721893,100.0,18.62109375,3,4845.621721982956,13.4,105.8671875,37,21630.321320056915,6.7,88.9375,147,21664.070512533188,6.7,25.42578125,14,21661.71648478508
2026-02-13T22:26:44,gaming,11.5,49.0,476.6831257096723,240.13360468081237,0.0,17616.48796607655,22.0,2607.3359375,79.264,50.0,1815.0,107.0,6435.953125,140,2382.490802049637,100.9,19.28515625,3,4847.015199184418,12.3,105.87109375,37,21631.721430301666,7.8,4.8046875,404,1771010802.9968197,6.7,188.02734375,277,21660.085701465607
2026-02-13T22:26:45,gaming,12.8,49.0,4932.051765729473,1383.7619285048377,84464.94188875573,129609.99703619414,22.0,2607.3359375,79.353,50.0,1815.0,99.7,19.28515625,3,4848.425627946854,98.7,6436.0,140,2383.8841483592987,12.3,105.90234375,37,21633.122306108475,6.7,88.9453125,147,21666.868979930878,5.6,20.38671875,4,5062.190294742584
2026-02-13T22:26:47,gaming,10.6,49.0,145.89503430601977,201.23453007726866,0.0,91624.95632318153,22.0,2607.3359375,79.218,50.0,1815.0,126.3,6436.9453125,140,2385.28240776062,100.3,19.28515625,3,4849.812017202377,13.5,105.91796875,37,21634.51031756401,9.0,88.96484375,147,21668.261387825012,3.4,25.390625,13,21665.907968997955
2026-02-13T22:26:48,gaming,12.6,49.0,507.7990150121802,652.271410832547,225571.47456721344,44674.869962987075,22.0,2607.3359375,79.19,50.0,1815.0,124.0,6436.9921875,140,2386.6689059734344,96.1,19.28515625,3,4851.210510730743,20.4,328.234375,95,21636.97899532318,14.5,105.91796875,37,21635.908523082733,5.6,4.8046875,404,1771010807.193129
2026-02-13T22:26:49,gaming,12.0,49.0,146.94824698050144,196.8961732940709,0.0,10377.586545381619,22.0,2607.3359375,79.235,50.0,1815.0,154.2,6436.96875,140,2388.0775792598724,100.4,19.28515625,3,4852.595895290375,18.0,105.9296875,37,21637.29705262184,12.2,328.234375,95,21638.392105579376,9.0,88.94140625,147,21671.04248404503
2026-02-13T22:26:51,gaming,14.7,49.0,0.0,38.02447044744968,0.0,28121.208366469455,22.0,2607.3359375,79.315,50.0,1815.0,225.5,6436.96484375,140,2389.525761604309,100.0,19.28515625,3,4854.017148971558,19.8,105.93359375,37,21638.72074365616,18.4,328.21875,95,21639.837679624557,11.0,88.94921875,147,21672.46459698677
2026-02-13T22:26:52,gaming,17.0,49.0,255.69611587054743,0.0,45167.92627949379,65281.76845083087,22.0,2607.3359375,79.285,50.0,1815.0,222.8,6436.96484375,140,2390.9702558517456,100.1,19.28515625,3,4855.468156337738,21.5,105.90234375,37,21640.17069220543,11.8,88.96484375,147,21673.915592432022,8.6,328.234375,95,21641.286450386047
2026-02-13T22:26:54,gaming,17.7,49.0,789.2535555670065,745.0608805396325,0.0,61869.74503832352,22.0,2607.3359375,79.174,50.0,1815.0,154.2,6436.9921875,140,2392.398773431778,98.1,18.62109375,3,4856.917130470276,17.2,105.90234375,37,21641.62092614174,15.4,328.234375,95,21642.707758188248,10.9,25.390625,13,21673.021599292755
2026-02-13T22:26:55,gaming,12.5,49.0,843.268905426092,46.496029873117855,11542.287173350953,47972.631064239904,23.0,2607.3359375,79.288,50.0,1815.0,115.6,6437.10546875,140,2393.8184990882874,100.3,18.75,3,4858.334711074829,19.9,105.90234375,37,21643.033667325974,15.4,328.21875,95,21644.13234090805,6.6,88.9453125,147,21676.782341480255
2026-02-13T22:26:57,gaming,11.8,49.1,56.465358492521894,52.936273586739276,0.0,55290.87903587744,22.0,2607.3359375,79.251,50.0,1815.0,122.3,6437.19140625,140,2395.2244386672974,100.4,19.41015625,3,4859.751375675201,23.1,105.90625,37,21644.451283454895,12.1,88.94140625,147,21678.200087547302,8.9,328.234375,95,21645.53593969345
2026-02-13T22:26:58,gaming,13.7,49.1,1076.5948801802465,516.9364305627374,0.0,20050.86760970618,22.0,2607.3359375,79.268,50.0,1815.0,113.1,6437.171875,140,2396.6338827610016,99.2,19.41015625,3,4861.152759075165,22.2,105.89453125,37,21645.85918688774,11.1,88.95703125,147,21679.601533174515,11.1,328.234375,95,21646.943192005157
2026-02-13T22:26:59,gaming,11.4,49.0,530.426321425279,516.2627347383557,0.0,14866.100586594735,22.0,2607.3359375,79.236,50.0,1815.0,132.6,6437.21875,140,2398.0478055477142,100.7,19.41015625,3,4862.564805269241,21.1,105.89453125,37,21647.2694272995,7.7,88.95703125,147,21681.01351070404,3.3,328.21875,95,21648.355359077454
2026-02-13T22:27:01,gaming,11.7,49.0,127.83350677506408,46.8722858175235,0.0,22180.533797771117,22.0,2607.3359375,79.189,50.0,1815.0,134.4,6437.20703125,140,2399.466257572174,100.4,19.41015625,3,4863.981367111206,29.8,105.90234375,37,21648.68742966652,9.8,42.0859375,22,21679.987906217575,8.8,328.234375,95,21649.773392677307
2026-02-13T22:27:02,gaming,15.2,49.1,52.053958739683665,1328.7828116116546,746245.5524921049,2042811.1842351446,22.0,2607.3359375,79.147,50.0,1815.0,140.9,6437.25390625,140,2400.9855802059174,99.2,19.41015625,3,4865.399283409119,32.7,105.90625,37,21650.12087082863,25.6,1520.24609375,90,21683.86924791336,13.2,88.9375,147,21683.846449375153
2026-02-13T22:27:04,gaming,15.0,48.2,426.14623975449115,913.1705137596239,46076.73131457256,19786568.104659315,22.0,2607.3359375,79.209,50.0,1815.0,133.9,6437.23828125,140,2402.3752212524414,100.3,19.41015625,3,4866.9099135398865,27.3,105.9140625,37,21651.608301639557,21.3,328.234375,95,21652.687012672424,17.3,1557.59765625,90,21685.31441473961
2026-02-13T22:27:05,gaming,13.7,48.2,274.0757780803314,769.9883478183723,0.0,39936.347318817585,22.0,2607.3359375,79.115,50.0,1815.0,124.8,6437.171875,140,2403.77677154541,98.5,19.41015625,3,4868.305305242538,40.2,328.234375,95,21654.085215568542,15.6,105.9296875,37,21653.006804704666,13.4,88.9453125,147,21686.754499912262
2026-02-13T22:27:07,gaming,14.6,48.2,1036.6243936875574,1083.8738480959682,35187.95731942736,164210.46749066102,22.0,2607.3359375,79.168,50.0,1815.0,121.1,6436.1484375,140,2405.157035589218,99.8,18.62109375,3,4869.699253559113,19.1,88.95703125,147,21688.148201465607,5.7,328.234375,95,21655.463485240936,3.4,61.734375,116,21642.636595249176
2026-02-13T22:27:08,gaming,13.0,48.2,740.4678655897648,2650.439389478658,0.0,123399.69574942213,22.0,2607.3359375,79.119,50.0,1815.0,124.3,6436.125,140,2406.539993286133,100.9,19.28515625,3,4871.077986955643,9.1,88.9609375,147,21689.526165008545,9.1,25.390625,14,21687.17262983322,7.9,41.73828125,33,21689.494137763977
2026-02-13T22:27:09,gaming,14.3,48.2,147.02678240099988,139.0598138965122,0.0,91223.237916112,22.0,2607.3359375,79.102,50.0,1815.0,111.3,6436.1796875,140,2407.9292783737183,97.4,19.28515625,3,4872.457240819931,10.2,4.8046875,404,1771010828.4395263,9.0,41.73828125,33,21690.875645637512,2.3,88.9375,147,21690.90661048889
2026-02-13T22:27:11,gaming,11.8,48.2,639.3553506543109,96.98086779587862,11769.885466427226,79814.53581920962,22.0,2607.3359375,79.065,50.0,1815.0,135.6,6436.1640625,140,2409.311655521393,98.6,19.28515625,3,4873.851699590683,6.7,88.9453125,147,21692.298390865326,1.1,11.80859375,28,21692.23481941223,1.1,188.22265625,277,21686.90450000763
2026-02-13T22:27:12,gaming,10.0,48.2,1196.2116201086733,457.1006610733203,0.0,12859.095520304394,22.0,2607.3359375,79.076,50.0,1815.0,109.2,6437.01171875,140,2410.7138822078705,98.8,19.28515625,3,4875.243009805679,2.2,4.8046875,404,1771010831.225439,2.2,20.38671875,4,5089.022243022919,1.1,88.9609375,147,21693.69192290306
2026-02-13T22:27:13,gaming,10.1,48.2,2628.5300433877005,569.7412141909158,0.0,16470.310633574278,22.0,2607.3359375,79.089,50.0,1815.0,136.9,6437.34375,140,2412.106312274933,100.5,19.28515625,3,4876.642081260681,7.8,25.390625,13,21692.741027116776,2.2,88.94140625,147,21695.09093761444,2.2,11.28515625,4,21681.605293273926
2026-02-13T22:27:15,gaming,12.0,48.2,1863.7044140072924,47.69464572488612,0.0,65489.08445715272,23.0,2607.3359375,79.087,50.0,1815.0,134.4,6437.33203125,140,2413.501817703247,100.1,19.28125,3,4878.030797243118,14.6,25.390625,13,21694.13382744789,4.5,33.53125,37,21694.108704328537,3.4,188.25390625,277,21691.096851587296
2026-02-13T22:27:16,gaming,14.6,48.2,208.45983630428333,162.77000916909793,0.0,13158.670214933392,23.0,2607.3359375,79.033,50.0,1815.0,132.3,6437.37890625,140,2414.8954520225525,98.5,19.28515625,3,4879.426908731461,17.9,25.390625,13,21695.530318260193,10.1,41.13671875,33,21697.84571146965,6.7,4.8046875,404,1771010835.4092083
2026-02-13T22:27:18,gaming,13.9,48.2,528.4926304867935,1311.871352516264,0.0,66356.78586602573,22.0,2607.3359375,79.076,50.0,1815.0,134.3,6437.359375,140,2416.2794256210327,100.1,19.28515625,3,4880.8163204193115,15.8,25.4296875,14,21696.913425683975,14.7,41.13671875,33,21699.230250120163,14.6,4.8046875,404,1771010836.797934
2026-02-13T22:27:19,gaming,11.8,48.2,47.526381716294914,263.55538951763543,0.0,51247.84142401934,22.0,2607.3359375,79.153,50.0,1815.0,132.5,6437.37109375,140,2417.670958042145,99.2,19.28125,3,4882.20308971405,3.4,41.13671875,33,21700.627480983734,3.4,77.32421875,106,21672.9673371315,3.4,20.38671875,4,5095.975544214249
2026-02-13T22:27:20,gaming,10.8,48.2,50.96678022261072,86.14103699596178,0.0,54395.19349505001,22.0,2607.3359375,78.99,50.0,1815.0,137.9,6437.54296875,140,2419.0760300159454,99.6,19.28515625,3,4883.5995836257935,6.7,25.390625,13,21699.69774699211,2.2,105.0390625,44,21675.596331119537,1.1,31.90234375,10,21691.76723265648
2026-02-13T22:27:22,gaming,11.2,48.2,85.61670758828711,279.68124478840457,0.0,11689.534476054132,22.0,2607.3359375,78.955,50.0,1815.0,131.7,6437.48828125,140,2420.464567899704,99.2,19.28515625,3,4885.000825166702,4.5,25.4296875,14,21701.096933603287,3.4,77.01953125,56,21699.682760238647,3.4,123.87890625,32,21694.0291056633
2026-02-13T22:27:23,gaming,11.2,48.2,640.1121810595246,554.8602201509196,0.0,18865.24748513127,22.0,2607.3359375,78.924,50.0,1815.0,144.6,6437.28515625,140,2421.858537197113,99.1,19.28515625,3,4886.38890004158,3.4,25.4296875,14,21702.491678476334,2.3,11.78515625,28,21704.772942066193,2.2,77.32421875,106,21677.15574669838
2026-02-13T22:27:25,gaming,11.5,48.2,97.82591600129386,97.82591600129386,0.0,524266.9352954596,22.0,2607.3359375,79.04,50.0,1815.0,140.9,6437.38671875,140,2423.256046772003,99.7,18.62109375,3,4887.783176183701,3.4,41.14453125,33,21706.202723264694,3.3,4.8046875,404,1771010843.7655716,2.2,11.28515625,4,21692.754821300507
2026-02-13T22:27:26,gaming,10.6,48.2,104.31616314220123,791.3639962511818,0.0,58935.03506626983,22.0,2607.3359375,78.901,50.0,1815.0,146.7,6437.37109375,140,2424.6511154174805,99.9,19.28125,3,4889.1756937503815,2.2,327.953125,95,21674.95684981346,1.1,131.56640625,59,3661.123847723007,1.1,77.32421875,106,21679.942856311798
2026-02-13T22:27:27,gaming,11.4,48.2,0.0,1251.2714171115833,0.0,68497.27304741649,22.0,2607.3359375,78.967,50.0,1815.0,134.4,6437.2578125,140,2426.0457718372345,98.3,19.28125,3,4890.573801279068,7.8,25.390625,13,21706.680037736893,4.5,188.33203125,277,21703.63579106331,4.5,122.2421875,164,21686.802462100983
2026-02-13T22:27:29,gaming,12.1,48.2,424.26957303751936,985.676785844742,0.0,63266.16448042309,22.0,2607.3359375,78.922,50.0,1815.0,141.9,6437.23828125,140,2427.4328894615173,100.7,19.28125,3,4891.97087097168,10.1,41.14453125,33,21710.387629032135,7.9,25.4296875,13,21708.065711021423,3.3,4.8046875,404,1771010847.9536123
2026-02-13T22:27:30,gaming,11.3,48.2,6825.180115787653,4278.61085447868,0.0,5899.744170996355,22.0,2607.3359375,79.019,50.0,1815.0,138.2,6437.25390625,140,2428.8239753246307,100.1,19.27734375,3,4893.3606016635895,10.1,25.42578125,14,21709.457824230194,9.0,105.0390625,44,21685.34438109398,7.9,123.828125,164,21689.578342676163
2026-02-13T22:27:32,gaming,14.5,48.3,553.6723771198916,707.9508780361115,0.0,51306.97361310996,22.0,2607.3359375,78.987,50.0,1815.0,99.2,19.27734375,3,4894.746279001236,66.5,6437.19140625,140,2430.1871750354767,16.0,25.390625,13,21710.829271554947,10.1,4.8046875,404,1771010850.729439,7.9,41.14453125,33,21713.159276485443
2026-02-13T22:27:33,gaming,9.8,48.3,943.0461848913321,671.9204067350742,0.0,59223.30041117566,26.0,2607.3359375,79.132,50.0,1815.0,100.1,19.27734375,3,4896.103558540344,63.5,6436.28515625,140,2431.5405395030975,6.9,4.8046875,404,1771010852.085775,3.5,7.578125,15,21715.677449464798,3.5,41.14453125,33,21714.51722216606
2026-02-13T22:27:34,gaming,7.6,48.2,299.0347789426426,181.34534861620654,0.0,25391.309546654487,22.0,2607.3359375,78.977,50.0,1815.0,100.5,19.2734375,3,4897.4558889865875,40.6,6436.28125,140,2432.8878269195557,8.1,25.390625,13,21713.53392457962,4.6,4.8046875,404,1771010853.4369845,2.3,20.38671875,4,5111.176261425018
2026-02-13T22:27:36,gaming,6.7,48.2,478.40922685776354,564.9856236058143,0.0,59230.196947632,22.0,2607.3359375,79.207,50.0,1815.0,99.3,19.2734375,3,4898.793249607086,74.2,6436.265625,140,2434.235363483429,2.3,4.8046875,404,1771010854.776903,2.3,41.73828125,33,21717.208158493042,2.3,328.21875,95,21684.539922952652
2026-02-13T22:27:37,gaming,9.8,48.2,0.0,0.0,0.0,35284.79178673932,22.0,2607.3359375,79.092,51.0,1815.0,155.7,6436.30859375,140,2435.58048248291,100.7,19.2734375,3,4900.1432337760925,3.5,25.390625,13,21716.224589586258,2.3,105.9453125,37,21684.840478897095,2.3,61.734375,116,21673.064966917038
2026-02-13T22:27:38,gaming,10.7,48.2,539.4977286610057,686.0279759516492,0.0,15156.259921779694,22.0,2607.3359375,79.282,50.0,1815.0,137.4,6436.296875,140,2436.9447119235992,99.5,19.2734375,3,4901.493479251862,1.2,4.8046875,404,1771010857.4782133,1.1,11.28515625,4,21706.443670749664,1.1,20.38671875,4,5115.240114212036
2026-02-13T22:27:40,gaming,11.4,48.3,518.6376373386129,100.49979676858553,0.0,93146.43937582421,22.0,2607.3359375,79.314,50.0,1815.0,150.4,6436.26953125,140,2438.295021533966,99.8,19.2734375,3,4902.855929374695,4.6,4.8046875,404,1771010858.8406432,3.4,25.42578125,14,21718.93797326088,2.3,20.38671875,4,5116.589227437973
2026-02-13T22:27:41,gaming,10.8,48.3,457.4249140390232,212.77301512025875,0.0,99070.67441306765,22.0,2607.3359375,79.335,50.0,1815.0,162.3,6437.41015625,140,2439.652900457382,99.4,19.40234375,3,4904.207407712936,5.8,25.42578125,14,21720.287355184555,3.5,41.73828125,33,21722.62117433548,2.3,22.2109375,6,21719.253058433533
2026-02-13T22:27:42,gaming,14.6,48.3,791.9651493694787,311.4964965980139,0.0,9403.667821826835,22.0,2607.3359375,79.18,50.0,1815.0,148.4,6437.39453125,140,2441.0217838287354,100.0,19.40234375,3,4905.567333698273,6.9,25.390625,13,21721.655873298645,2.3,188.4375,276,21718.613531589508,2.3,91.38671875,33,21675.926511526108
2026-02-13T22:27:44,gaming,12.0,48.3,2253.0677959256996,1201.003410336285,0.0,30652.23536751282,22.0,2607.3359375,79.271,50.0,1815.0,160.2,6437.37890625,140,2442.386759996414,100.5,19.39453125,3,4906.935950756073,4.6,41.73828125,33,21725.35392308235,3.4,20.38671875,4,5120.678908824921,2.3,4.8046875,404,1771010862.920182
2026-02-13T22:27:45,gaming,12.7,48.3,739.9993833732814,244.21450823054613,0.0,8285.639219002625,22.0,2607.3359375,79.219,50.0,1815.0,153.7,6437.3515625,140,2443.7493176460266,99.5,19.39453125,3,4908.301926851273,2.3,4.8046875,404,1771010864.2811408,2.3,41.73828125,33,21726.71874165535,2.3,25.390625,13,21724.392151117325
2026-02-13T22:27:46,gaming,11.6,48.3,0.0,0.0,0.0,13808.974581178602,22.0,2607.3359375,79.34,50.0,1815.0,112.9,6437.3359375,140,2445.1191487312317,99.5,19.39453125,3,4909.668139457703,2.3,4.8046875,404,1771010865.6521494,2.3,123.76953125,32,21718.686505317688,1.1,105.99609375,37,21694.36628460884
2026-02-13T22:27:48,gaming,8.0,48.3,5642.88660865374,5061.311846546903,0.0,10125.553540761852,22.0,2607.3359375,79.255,51.0,1815.0,100.6,19.39453125,3,4911.034871339798,44.9,6437.32421875,140,2446.475187063217,3.5,20.38671875,4,5124.765084505081,2.3,105.99609375,37,21695.731048345566,1.2,77.328125,106,21701.764813661575
2026-02-13T22:27:49,gaming,7.0,48.3,209.13488776710017,1021.2012072882869,0.0,69106.4729847144,22.0,2607.3359375,79.277,51.0,1815.0,99.2,19.39453125,3,4912.389096260071,56.7,6437.2578125,140,2447.8245000839233,2.3,188.5078125,276,21725.423377752304,1.2,11.234375,10,21730.767822027206,1.2,61.734375,116,21685.3083922863
2026-02-13T22:27:51,gaming,7.0,48.2,518.0080744760281,969.6048573525655,0.0,12089.8066840673,22.0,2607.3359375,79.291,51.0,1815.0,97.3,19.39453125,3,4913.7369866371155,40.1,6436.1796875,140,2449.187032222748,4.6,25.42578125,14,21729.82645225525,1.2,4.8046875,404,1771010869.7208393,1.2,41.90234375,33,21732.14803671837
2026-02-13T22:27:52,gaming,7.5,48.2,0.0,427.7595310821465,0.0,28174.898788258022,22.0,2607.3359375,79.415,50.0,1815.0,97.4,19.39453125,3,4915.100976467133,50.9,6436.1640625,140,2450.5364933013916,5.8,88.4140625,25,21623.651141166687,3.5,188.52734375,276,21728.133591890335,3.4,105.89453125,37,21699.79630303383
2026-02-13T22:27:53,gaming,8.2,48.2,629.7911732624976,622.3291925366387,0.0,12989.816047575308,22.0,2607.3359375,79.079,50.0,1815.0,99.1,19.39453125,3,4916.440997362137,77.2,6436.1875,140,2451.8727855682373,6.9,25.42578125,13,21732.526635169983,3.5,41.90234375,33,21734.855338335037,2.3,105.91015625,37,21701.139283418655
2026-02-13T22:27:55,gaming,9.0,48.2,88.82263478874388,532.9358087324632,0.0,18569.852179833386,22.0,2607.3359375,79.204,50.0,1815.0,124.7,6436.171875,140,2453.2263879776,99.5,19.39453125,3,4917.791188001633,2.3,105.89453125,37,21702.489522218704,2.3,25.390625,13,21733.874470233917,2.3,22.2265625,6,21732.841559171677
2026-02-13T22:27:56,gaming,11.8,48.2,83.63297553121977,119.89860208900532,0.0,14020.735296136525,22.0,2607.3359375,79.232,50.0,1815.0,130.8,6436.1640625,140,2454.587925672531,100.5,19.39453125,3,4919.143223285675,14.9,25.390625,13,21735.23757314682,10.4,41.90234375,33,21737.557864427567,5.8,4.8046875,403,1771010875.1269784
2026-02-13T22:27:57,gaming,13.5,48.2,201.063057467853,0.0,0.0,232003.1138405532,22.0,2607.3359375,79.32,50.0,1815.0,135.3,6437.125,140,2455.9269909858704,99.4,19.2734375,3,4920.494920730591,16.3,25.390625,13,21736.580456256866,12.7,41.90234375,33,21738.908575296402,5.8,4.8046875,403,1771010876.478726
2026-02-13T22:27:59,gaming,12.1,48.2,583.2518081529427,1124.2067294550993,0.0,15197.197240422729,22.0,2607.3359375,79.128,50.0,1815.0,154.1,6437.10546875,140,2457.275652885437,99.8,19.2734375,3,4921.841570854187,4.6,41.90234375,33,21740.259919404984,1.2,4.8046875,403,1771010877.8263788,1.2,105.89453125,37,21706.539577007294
2026-02-13T22:28:00,gaming,11.2,48.2,52.74340325745822,49.02907908439778,0.0,65419.64879527888,22.0,2607.3359375,79.233,50.0,1815.0,150.6,6437.08984375,140,2458.624771595001,99.6,19.2734375,3,4923.190889120102,1.2,41.90234375,33,21741.604226589203,0.0,4.8046875,403,1771010879.1733215,0.0,60.49609375,4,21755.556282043457
2026-02-13T22:28:01,gaming,11.0,48.2,263.55780066702613,484.91673999129813,0.0,8339.087266048828,22.0,2607.3359375,79.08,50.0,1815.0,148.0,6437.07421875,140,2459.975344657898,99.7,19.2734375,3,4924.5388967990875,3.5,105.96484375,37,21709.238682746887,3.5,20.38671875,4,5138.273624897003,2.3,39.38671875,22,21740.512514829636
2026-02-13T22:28:03,gaming,11.2,48.2,270.9040641029125,535.1465528590321,0.0,37139.022733409125,22.0,2607.3359375,79.281,50.0,1815.0,151.9,6437.0625,140,2461.3328387737274,100.5,19.2734375,3,4925.8914659023285,6.9,25.42578125,14,21741.98225235939,3.5,105.96875,37,21710.592029333115,1.2,41.90234375,33,21744.310644626617
2026-02-13T22:28:04,gaming,11.8,48.2,54284.54142278554,5024.651892930409,0.0,34760.05327722044,22.0,2607.3359375,79.036,50.0,1815.0,141.4,6437.046875,140,2462.6832361221313,99.2,19.2734375,3,4927.2462639808655,12.7,25.42578125,14,21743.333601474762,5.8,105.9609375,37,21711.947339057922,3.5,188.6171875,276,21740.276563882828
2026-02-13T22:28:05,gaming,12.2,48.2,1361.9566611503326,48.98590715854057,158084.94450775566,221546.9294423595,22.0,2607.3359375,79.163,50.0,1815.0,145.7,6437.04296875,140,2464.0325531959534,100.8,19.2734375,3,4928.5949811935425,8.1,25.42578125,14,21744.677453279495,5.8,105.96484375,37,21713.292952299118,4.6,77.30078125,104,21719.321986675262
2026-02-13T22:28:07,gaming,11.9,48.2,4753.625492434995,219.71785536551508,0.0,12921.7852236584,22.0,2607.3359375,79.112,50.0,1815.0,141.8,6437.03515625,140,2465.3654401302338,96.5,19.2734375,3,4929.939404964447,17.5,25.4296875,14,21746.016325950623,8.1,4.8046875,403,1771010885.923697,5.8,40.96875,33,21748.35063624382
2026-02-13T22:28:08,gaming,14.7,48.2,2124.6378209238505,654.4243077107218,0.0,17212.25576444638,22.0,2607.3359375,79.212,50.0,1815.0,133.7,6436.97265625,140,2466.721072912216,100.0,19.2734375,3,4931.283131837845,8.1,41.13671875,33,21749.698706388474,5.8,4.8046875,403,1771010887.2631443,5.8,105.96484375,37,21715.98293209076
2026-02-13T22:28:09,gaming,9.5,48.2,1133.2309913373135,92.8269160662937,0.0,67298.7715327344,22.0,2607.3359375,79.137,50.0,1815.0,100.1,19.2734375,3,4932.625649213791,44.6,6436.05078125,140,2468.053292274475,3.5,20.38671875,4,5146.343986988068,2.3,105.96484375,37,21717.323890686035,2.3,25.390625,13,21748.70727801323
2026-02-13T22:28:11,gaming,6.9,48.2,2065.5416620919664,49.339757400676724,0.0,22199.90054197721,23.0,2607.3359375,79.247,50.0,1815.0,98.0,19.2734375,3,4933.964369535446,37.5,6436.04296875,140,2469.3878841400146,4.7,105.96875,37,21718.65868806839,3.5,4.8046875,403,1771010889.9471183,1.2,88.94921875,147,21752.412876605988
2026-02-13T22:28:12,gaming,7.5,48.2,0.0,179.98753297664427,0.0,5353.322142641437,22.0,2607.3359375,79.05,50.0,1815.0,129.4,6436.84375,140,2470.74010515213,98.1,19.2734375,3,4935.303007364273,8.2,105.96875,37,21720.00253367424,2.3,20.38671875,4,5149.032632112503,1.2,11.21484375,10,21753.687094926834
2026-02-13T22:28:13,gaming,10.9,48.2,604.8919917178462,1683.3067941301535,0.0,84741.28594647461,22.0,2607.3359375,79.201,50.0,1815.0,153.2,6436.98828125,140,2472.0762758255005,98.5,19.2734375,3,4936.651437759399,4.6,105.96875,37,21721.346415758133,1.2,4.8046875,403,1771010892.6330292,1.2,77.31640625,105,21727.376887321472
2026-02-13T22:28:15,gaming,11.1,48.2,48.9136761033466,864.1416111591233,0.0,16316.416561989074,22.0,2607.3359375,79.054,50.0,1815.0,151.2,6436.95703125,140,2473.4302368164062,99.7,19.26953125,3,4937.999000310898,6.9,105.96875,37,21722.69608259201,4.6,20.38671875,4,5151.728680610657,1.2,188.72265625,277,21751.02452993393
2026-02-13T22:28:16,gaming,11.8,48.2,1833.875748778588,481.8564214402039,0.0,14445.298205763647,22.0,2607.3359375,79.146,50.0,1815.0,155.5,6436.9453125,140,2474.7870655059814,98.6,19.2734375,3,4939.3462834358215,7.0,105.96875,37,21724.0422437191,3.5,25.390625,13,21755.43479824066,3.5,61.734375,116,21712.274527072906
2026-02-13T22:28:18,gaming,11.2,48.2,2499.8640318504813,244.28638747724574,0.0,71633.65194969127,22.0,2607.3359375,79.11,50.0,1815.0,145.1,6436.9375,140,2476.1330556869507,98.3,19.26953125,3,4940.697523117065,9.2,105.98046875,37,21725.39600610733,5.8,20.38671875,4,5154.425518751144,1.2,88.95703125,147,21759.14747786522
2026-02-13T22:28:19,gaming,11.2,48.2,1568.4116122385324,1102.9283927272857,0.0,80454.4754436764,22.0,2607.3359375,79.279,50.0,1815.0,147.4,6436.91796875,140,2477.4793355464935,100.7,19.26953125,3,4942.047385692596,4.6,105.984375,37,21726.7468149662,2.3,4.8046875,403,1771010898.0295732,1.2,123.90234375,32,21751.048270463943
2026-02-13T22:28:20,gaming,11.5,48.2,101.79168280911347,186.49425098604,0.0,17499.253383359417,22.0,2607.3359375,79.073,50.0,1815.0,149.3,6436.921875,140,2478.8191771507263,98.9,19.26953125,3,4943.389778375626,7.0,105.9921875,37,21728.090761184692,1.2,132.953125,58,3715.3409838676453,1.2,188.984375,278,21756.416981220245
2026-02-13T22:28:22,gaming,11.1,48.2,0.0,89.27224660539784,0.0,34280.542696472774,22.0,2607.3359375,79.187,50.0,1815.0,134.2,6436.86328125,140,2480.1584112644196,98.7,19.2734375,3,4944.735278606415,8.2,105.99609375,37,21729.430106401443,3.5,77.01953125,56,21759.394974946976,3.5,20.38671875,4,5158.451247215271
2026-02-13T22:28:23,gaming,10.9,48.2,0.0,437.0634747457993,0.0,16888.79238263013,22.0,2607.3359375,79.072,50.0,1815.0,99.6,19.2734375,3,4946.06832909584,82.0,6435.6484375,140,2481.492552757263,10.5,106.0,37,21730.76731491089,3.5,61.734375,116,21718.986142873764,3.5,20.38671875,4,5159.78249502182
2026-02-13T22:28:24,gaming,8.3,48.2,608.5562028958319,919.2282817536546,0.0,20797.72793283555,22.0,2607.3359375,79.116,50.0,1815.0,100.0,19.2734375,3,4947.396313905716,55.4,6435.6484375,140,2482.8180541992188,14.2,106.0078125,37,21732.091091394424,3.5,20.38671875,4,5161.106298685074,1.2,4.8046875,403,1771010903.382323
2026-02-13T22:28:26,gaming,7.1,48.2,53.6349924346163,49.85788029133346,0.0,16244.603905830829,22.0,2607.3359375,79.144,50.0,1815.0,99.0,19.2734375,3,4948.721616029739,50.8,6435.63671875,140,2484.1409060955048,16.5,25.390625,13,21764.796375513077,7.1,105.98046875,37,21733.420778989792,4.7,41.14453125,33,21767.13631272316
2026-02-13T22:28:27,gaming,11.7,48.2,0.0,0.0,0.0,20084.23856307483,22.0,2607.3359375,79.167,50.0,1815.0,100.2,19.26953125,3,4950.046573877335,44.5,6435.61328125,140,2485.475033044815,11.8,105.98046875,37,21734.742959976196,11.8,25.42578125,13,21766.122413158417,10.6,46.109375,33,21768.459298849106
2026-02-13T22:28:28,gaming,10.5,48.2,6067.173404704106,3809.975534873499,0.0,27542.902702783274,22.0,2607.3359375,79.014,50.0,1815.0,99.9,19.26953125,3,4951.454096794128,50.7,6435.62890625,140,2486.891823530197,26.6,156.57421875,23,21660.90235567093,11.1,105.84375,37,21736.15253353119,11.1,258.3828125,35,21661.857224702835
2026-02-13T22:28:30,gaming,8.4,48.2,1078.055208727172,258.9660285471479,0.0,233150.89815085242,22.0,2607.3359375,79.162,50.0,1815.0,100.0,19.26953125,3,4952.797467947006,50.6,6435.7109375,140,2488.220673084259,10.5,105.90234375,37,21737.492131710052,3.5,25.43359375,13,21768.87548494339,2.4,29.62109375,9,21754.50549721718
2026-02-13T22:28:31,gaming,10.0,48.2,6371.309140443379,4119.872930748747,0.0,41526.15632130564,22.0,2607.3359375,78.982,50.0,1815.0,97.2,19.26953125,3,4954.131643295288,52.7,6435.7265625,140,2489.643178462982,37.3,152.01171875,23,21663.657735586166,14.4,25.390625,13,21770.28701734543,14.0,105.90234375,37,21738.82777619362
2026-02-13T22:28:32,gaming,12.5,48.2,2851.19211961396,854.3029408954283,11520.08179722691,206281.46468159437,22.0,2607.3359375,79.136,50.0,1815.0,97.9,19.26953125,3,4955.552429437637,32.7,6434.80859375,140,2490.9817366600037,15.4,41.14453125,33,21773.96607542038,15.1,25.390625,13,21771.6348426342,12.1,105.90234375,37,21740.249219179153
2026-02-13T22:28:34,gaming,8.6,48.2,731.5706900922822,1714.221821319403,61215.802790970134,76519.75348871267,22.0,2607.3359375,79.08,50.0,1815.0,100.3,19.26953125,3,4956.891816139221,42.0,6434.796875,140,2492.321656227112,17.5,105.9140625,37,21741.58555006981,11.6,328.23828125,95,21742.627342939377,8.2,153.84375,23,21666.33557868004
2026-02-13T22:28:35,gaming,7.8,48.2,325.54945990440496,102.80509260139104,0.0,74377.249603789,22.0,2607.3359375,79.055,50.0,1815.0,99.1,19.26953125,3,4958.232082128525,41.1,6435.69921875,140,2493.6516840457916,10.5,105.91796875,37,21742.92846775055,4.7,88.94921875,147,21776.682656288147,2.4,328.23828125,95,21743.955854177475
2026-02-13T22:28:36,gaming,8.0,48.2,4320.204524111688,90.27068481514934,0.0,21568.67562516635,23.0,2607.3359375,78.966,50.0,1815.0,101.1,18.609375,2,4959.561959266663,47.1,6435.73046875,140,2494.979096889496,18.8,105.93359375,37,21744.256967306137,9.4,328.23828125,95,21745.280750989914,3.5,88.93359375,147,21778.01089477539
2026-02-13T22:28:38,gaming,7.8,48.2,2288.8949525500016,0.0,0.0,10449.697431985212,23.0,2607.3359375,79.143,50.0,1815.0,99.3,19.2578125,2,4960.883896112442,55.3,6435.59765625,140,2496.307052373886,11.8,105.94140625,37,21745.580842256546,11.8,328.23828125,95,21746.610403060913,1.2,88.94921875,147,21779.334227085114
2026-02-13T22:28:39,gaming,8.9,48.2,2929.345937312356,2504.945071973484,0.0,122734.01650268877,27.0,2607.3359375,79.185,50.0,1815.0,100.0,19.2578125,2,4962.211915254593,49.5,6435.56640625,140,2497.6317920684814,22.4,105.98046875,37,21746.908425092697,9.4,328.23828125,95,21747.93578028679,4.7,88.953125,147,21780.66270828247
2026-02-13T22:28:40,gaming,8.1,48.2,2278.2462236148467,540.5752771168077,0.0,71313.77471936493,22.0,2607.3359375,78.991,50.0,1815.0,99.1,18.609375,2,4963.601283073425,56.9,6435.55859375,140,2499.0863268375397,19.3,328.23828125,95,21749.390199422836,18.4,105.984375,37,21748.353268146515,3.5,88.9375,147,21782.022636651993
2026-02-13T22:28:42,gaming,12.1,48.2,365.76274230488906,45.46203576670938,0.0,12343.631529385333,22.0,2607.3359375,79.013,50.0,1815.0,97.7,19.2578125,2,4964.990034341812,49.9,6435.609375,140,2500.402776479721,22.6,4.8046875,403,1771010920.9756696,19.0,328.2421875,95,21750.704885959625,16.4,105.98046875,37,21749.686881303787
2026-02-13T22:28:43,gaming,8.8,48.2,0.0,491.91804905693385,0.0,14358.852883412257,22.0,2607.3359375,79.012,50.0,1815.0,100.3,19.2578125,2,4966.313912153244,50.4,6435.71484375,140,2501.7367029190063,14.2,105.98046875,37,21751.010233402252,14.1,328.2265625,95,21752.039115190506,9.4,88.9453125,147,21784.763496637344
2026-02-13T22:28:44,gaming,9.2,48.2,536.1274818917767,686.3032471275685,0.0,15377.99836014508,22.0,2607.3359375,78.951,50.0,1815.0,97.7,19.2578125,2,4967.640889644623,49.6,6435.6953125,140,2503.059914827347,20.0,105.98046875,37,21752.336752653122,15.4,328.2421875,95,21753.361248731613,10.6,25.42578125,14,21783.71528983116
2026-02-13T22:28:46,gaming,10.2,48.2,53.756432455069934,49.970768197670644,0.0,13955.472718476745,22.0,2607.3359375,79.027,50.0,1815.0,99.2,19.2578125,2,4968.964280366898,42.4,6435.68359375,140,2504.385202884674,20.0,105.98828125,37,21753.66300559044,16.6,88.9453125,147,21787.4129383564,12.9,25.42578125,14,21785.04365324974
2026-02-13T22:28:47,gaming,12.1,48.2,159.6124121065212,709.2211896431272,0.0,37391.466202161646,22.0,2607.3359375,79.002,50.0,1815.0,100.1,19.2578125,2,4970.2909100055695,49.4,6435.671875,140,2505.7125132083893,23.5,88.953125,147,21788.741147756577,18.9,105.99609375,37,21754.985389709473,16.5,327.9609375,95,21756.01855659485
2026-02-13T22:28:48,gaming,9.3,48.2,701.4876367151554,1106.9414951156887,0.0,225243.48321465775,22.0,2607.3359375,78.974,50.0,1815.0,99.4,19.2578125,2,4971.626598119736,58.2,6435.6640625,140,2507.0549397468567,17.5,88.95703125,147,21790.077364444733,17.5,105.98828125,37,21756.322033405304,8.2,327.9609375,95,21757.35612988472
2026-02-13T22:28:50,gaming,11.3,48.2,49.562110625260836,329.66312976499256,0.0,71898.10181371172,22.0,2607.3359375,78.905,50.0,1815.0,99.5,18.609375,2,4972.961531639099,48.1,6435.66015625,140,2508.387041091919,22.2,105.9921875,37,21757.656978845596,16.4,25.390625,13,21789.041323900223,14.1,88.94921875,147,21791.412045240402
2026-02-13T22:28:51,gaming,10.2,48.2,52.82741446417608,268.6013608671488,0.0,11809.53130106201,22.0,2607.3359375,79.022,50.0,1815.0,100.2,19.2578125,2,4974.302672863007,46.7,6435.6171875,140,2509.7250621318817,31.3,105.9921875,37,21759.004144906998,15.1,88.9453125,147,21792.75375366211,8.1,41.73828125,33,21792.719305038452
2026-02-13T22:28:52,gaming,10.9,48.2,90.14398027894109,72.86638405881071,0.0,16153.801265986242,22.0,2607.3359375,79.045,50.0,1815.0,99.8,19.2578125,2,4975.633319139481,41.2,6434.52734375,140,2511.0537717342377,27.1,105.9921875,37,21760.329042434692,17.6,327.9609375,95,21761.363172531128,15.3,88.95703125,147,21794.083790779114
2026-02-13T22:28:54,gaming,9.4,48.2,980.5394557171434,1042.7602315768704,0.0,14201.329854056241,22.0,2607.3359375,78.982,50.0,1815.0,99.5,18.609375,2,4976.967621088028,36.4,6434.5234375,140,2512.3850622177124,34.2,327.9609375,95,21762.68758225441,19.9,105.98828125,37,21761.662501335144,12.9,88.9375,147,21795.41652750969
2026-02-13T22:28:55,gaming,9.8,48.2,342.2332769358899,461.3364878519044,0.0,18525.826021974513,22.0,2607.3359375,79.035,50.0,1815.0,99.1,19.2578125,2,4978.292248010635,27.9,6434.515625,140,2513.7292404174805,18.6,327.9609375,95,21764.03139781952,15.3,88.9609375,147,21796.742534160614,3.5,41.73828125,33,21796.70850968361
2026-02-13T22:28:56,gaming,9.4,48.2,101.67079569982273,316.8863486410533,0.0,9879.136002598832,22.0,2607.3359375,79.075,50.0,1815.0,100.9,19.2578125,2,4979.639409542084,68.8,6434.51171875,140,2515.069531917572,10.4,88.9453125,147,21798.089179039,2.3,4.8046875,403,1771010935.6243377,2.3,327.9609375,95,21765.37290740013
2026-02-13T22:28:58,gaming,11.7,48.2,0.0,80.91614288232952,0.0,28770.184135939384,22.0,2607.3359375,78.999,50.0,1815.0,160.2,6434.5,140,2516.4054572582245,98.1,19.27734375,3,4980.979240655899,8.2,88.9453125,147,21799.42768740654,3.5,11.2890625,4,21785.904160499573,3.5,20.38671875,4,5194.700483560562
2026-02-13T22:28:59,gaming,15.5,48.2,546.6754391790508,495.2849687385133,0.0,101053.0294111902,22.0,2607.3359375,79.121,50.0,1815.0,156.4,6435.3984375,140,2517.7546076774597,97.8,19.2734375,3,4982.31921005249,12.8,25.390625,13,21798.406329631805,7.0,88.9375,147,21800.770127534866,5.8,120.26171875,165,21778.512723207474
2026-02-13T22:29:00,gaming,16.7,48.2,54.71102609318582,965.5756767256848,0.0,0.0,23.0,2607.3359375,79.067,50.0,1815.0,99.2,19.2734375,3,4983.674387931824,95.2,6435.6171875,140,2519.0995528697968,13.9,25.390625,13,21799.750581502914,12.7,41.03515625,33,21802.086662769318,10.5,189.33984375,278,21796.69619488716
2026-02-13T22:29:02,gaming,9.1,48.2,102.38985501978235,1021.6564365842515,12244.929814920539,276658.88300586096,23.0,2607.3359375,79.093,50.0,1815.0,98.3,19.2734375,3,4985.010002851486,39.6,6435.6015625,140,2520.4394748210907,4.7,4.8046875,403,1771010940.9922972,4.7,25.390625,13,21801.090695619583,3.5,59.44140625,22,21760.048676013947
2026-02-13T22:29:03,gaming,7.5,48.2,37.40203632817453,436.107743586515,0.0,11106.90870801471,22.0,2607.3359375,79.084,50.0,1815.0,100.6,19.2734375,3,4986.345724582672,49.4,6435.58984375,140,2521.767476797104,4.7,4.8046875,403,1771010942.330285,3.5,41.14453125,33,21804.756803750992,2.3,25.390625,13,21802.42148542404
2026-02-13T22:29:04,gaming,7.1,48.2,596.1023455815522,703.8046514331752,0.0,49782.39914919462,23.0,2607.3359375,79.031,50.0,1815.0,99.4,19.2734375,3,4987.68147110939,48.1,6435.625,140,2523.0999369621277,3.5,88.95703125,147,21806.131849050522,3.5,20.38671875,4,5201.392884969711,1.2,4.8046875,403,1771010943.6663575
2026-02-13T22:29:06,gaming,6.5,48.2,184.74698439078168,652.2699652980659,0.0,75672.36480646417,22.0,2607.3359375,79.057,50.0,1815.0,100.0,19.2734375,3,4989.009270429611,41.8,6435.62109375,140,2524.4462101459503,3.5,29.62109375,9,21790.731287240982,3.5,20.38671875,4,5202.737884044647,2.4,4.8046875,403,1771010944.9932072
2026-02-13T22:29:07,gaming,7.7,48.2,7268.66571923305,1466.9610601948718,0.0,43375.6753604125,26.0,2607.3359375,79.112,50.0,1815.0,100.0,19.2734375,3,4990.352596759796,42.2,6435.5703125,140,2525.7807343006134,9.3,25.42578125,13,21806.436355113983,5.8,88.9453125,147,21808.803411483765,4.6,4.8046875,403,1771010946.3383121
2026-02-13T22:29:08,gaming,10.1,48.2,3406.927391142844,193.4390992330224,0.0,90595.47766869985,22.0,2607.3359375,79.039,50.0,1815.0,100.6,19.2734375,3,4991.687732934952,43.1,6434.5,140,2527.120939731598,10.5,41.14453125,33,21810.100999593735,8.2,25.4296875,14,21807.767283678055,4.7,88.9453125,147,21810.137558937073
2026-02-13T22:29:10,gaming,8.0,48.2,2605.3406010662443,975.5122559484308,0.0,62575.86944803502,26.0,2607.3359375,79.149,50.0,1815.0,100.2,19.27734375,3,4993.029329299927,39.7,6434.48828125,140,2528.458743572235,9.3,4.8046875,403,1771010949.0142145,4.7,88.9375,147,21811.47991681099,3.5,20.38671875,4,5206.750200986862
2026-02-13T22:29:11,gaming,6.6,48.2,2314.1080463214676,49.379609135860605,0.0,11875.047821278478,22.0,2607.3359375,79.1,50.0,1815.0,98.0,19.27734375,3,4994.3685212135315,36.3,6434.46484375,140,2529.7923440933228,3.5,88.9453125,147,21812.818153619766,3.5,189.49609375,278,21807.389269590378,2.3,11.2890625,4,21799.291171312332
2026-02-13T22:29:13,gaming,6.7,48.2,376.5994180931291,72.01901222498086,0.0,9986.636361864012,22.0,2607.3359375,79.085,50.0,1815.0,98.6,19.2734375,3,4995.699751138687,26.8,6434.44921875,140,2531.1320357322693,4.7,88.95703125,147,21814.150527477264,3.5,20.38671875,4,5209.424713850021,2.3,4.8046875,403,1771010951.6833463
2026-02-13T22:29:14,gaming,6.2,48.2,442.88204828651436,594.2373610847676,0.0,19850.659349461548,22.0,2607.3359375,79.021,51.0,1815.0,97.7,19.2734375,3,4997.043037891388,29.2,6434.4296875,140,2532.4685378074646,4.7,88.953125,147,21815.492705106735,4.7,20.38671875,4,5210.759730100632,2.3,4.8046875,403,1771010953.0248315
2026-02-13T22:29:15,gaming,6.7,48.2,245.68019665391893,56.17687423489,0.0,11888.524638082321,22.0,2607.3359375,79.221,51.0,1815.0,100.9,18.625,3,4998.375527143478,40.8,6434.4140625,140,2533.8104424476624,3.5,88.9375,147,21816.826148986816,2.3,4.8046875,403,1771010954.3596358,1.2,25.390625,13,21814.460503816605
2026-02-13T22:29:17,gaming,6.9,48.2,52.72604306779469,49.01294144330211,0.0,12927.53461583338,22.0,2607.3359375,79.153,51.0,1815.0,98.7,19.2734375,3,4999.720982313156,41.0,6434.41796875,140,2535.14328956604,12.9,25.390625,13,21815.797974586487,7.0,41.73828125,33,21818.13289952278,4.7,22.1328125,6,21814.763768196106
2026-02-13T22:29:18,gaming,8.7,48.2,0.0,0.0,0.0,13863.911221514745,22.0,2607.3359375,79.224,50.0,1815.0,99.9,19.2734375,3,5001.050602436066,41.2,6435.3046875,140,2536.4691820144653,10.6,4.8046875,403,1771010957.0358565,8.2,41.73828125,33,21819.467413902283,8.2,25.390625,13,21817.12732386589
2026-02-13T22:29:19,gaming,8.6,48.2,1464.5530155497374,639.4738923718966,0.0,64635.706611352594,22.0,2607.3359375,79.177,50.0,1815.0,98.5,19.2734375,3,5002.383731603622,50.8,6435.5625,140,2537.8225684165955,4.7,88.953125,147,21820.83190703392,3.5,4.8046875,403,1771010958.366513,2.3,106.65234375,37,21787.08411860466
2026-02-13T22:29:21,gaming,7.3,48.2,2037.239607123972,39.81575779395385,0.0,13212.932956808389,22.0,2607.3359375,79.222,50.0,1815.0,100.2,19.2734375,3,5003.740001916885,49.5,6435.66796875,140,2539.1795608997345,9.2,4.8046875,403,1771010959.724101,6.9,88.94921875,147,21822.190603017807,1.2,20.38671875,4,5217.473471403122
2026-02-13T22:29:22,gaming,7.3,48.2,2510.993776182897,378.3486796367402,0.0,41996.70343967817,22.0,2607.3359375,79.253,50.0,1815.0,99.4,19.27734375,3,5005.091604471207,49.0,6435.65625,140,2540.519613265991,6.9,88.95703125,147,21823.540810108185,4.6,4.8046875,403,1771010961.0756605,3.5,77.01953125,56,21819.755459308624
2026-02-13T22:29:23,gaming,7.5,48.2,98.59221417154124,230.795410447017,12237.385128685846,16061.567981400172,22.0,2607.3359375,79.314,50.0,1815.0,100.2,19.2734375,3,5006.433072090149,50.0,6435.65625,140,2541.8620743751526,7.0,88.9453125,147,21824.883183956146,4.6,189.59375,278,21819.45974946022,3.5,4.8046875,403,1771010962.4153223
2026-02-13T22:29:25,gaming,7.1,48.2,551.4516579893481,2071.488230823316,48903.837426238046,169253.12484237074,22.0,2607.3359375,79.279,50.0,1815.0,98.1,19.2734375,3,5007.771619319916,49.0,6435.6484375,140,2543.200737476349,5.8,88.95703125,147,21826.22146487236,3.5,4.8046875,403,1771010963.7549448,2.3,11.2890625,4,21812.699489831924
2026-02-13T22:29:26,gaming,7.4,48.2,410.69806310978464,475.6630294562415,0.0,106285.67183780784,22.0,2607.3359375,79.392,51.0,1815.0,100.3,19.2734375,3,5009.111812114716,62.5,6435.63671875,140,2544.5496258735657,7.0,88.96484375,147,21827.562309741974,5.8,25.390625,13,21825.20771932602,3.5,4.8046875,403,1771010965.094435
2026-02-13T22:29:27,gaming,7.8,48.2,286.67245853022393,480.7504537108924,0.0,21618.214547147432,22.0,2607.3359375,79.294,51.0,1815.0,99.8,19.2734375,3,5010.458369731903,49.0,6435.6171875,140,2545.8892664909363,5.8,88.9453125,147,21828.909306049347,2.3,106.23046875,37,21795.15310692787,2.3,11.2890625,4,21815.388068914413
2026-02-13T22:29:29,gaming,6.8,48.2,803.2758305706155,53.202037285926956,0.0,28774.05960252951,22.0,2607.3359375,79.291,51.0,1815.0,99.4,19.2734375,3,5011.794048547745,49.3,6434.49609375,139,2547.221108675003,7.0,88.95703125,147,21830.24458193779,4.7,20.38671875,4,5225.5134489536285,2.3,328.2421875,95,21797.527177095413
2026-02-13T22:29:30,gaming,7.6,48.2,812.1799397361797,1061.6780208543971,0.0,11508.37995788535,22.0,2607.3359375,79.229,50.0,1815.0,100.3,19.2734375,3,5013.1340663433075,50.0,6434.4921875,139,2548.5654945373535,5.8,88.9453125,147,21831.581868171692,2.3,20.38671875,4,5226.857864379883,1.2,106.2421875,37,21797.832259655
2026-02-13T22:29:31,gaming,6.1,48.2,327.8478501074991,49.06566464193863,0.0,9515.76526389113,22.0,2607.3359375,79.29,50.0,1815.0,99.2,19.2734375,3,5014.473295927048,38.5,6434.48046875,139,2549.903469800949,5.8,88.94140625,147,21832.923679828644,1.2,11.203125,10,21832.85343027115,1.2,25.42578125,14,21830.54985356331
2026-02-13T22:29:33,gaming,6.7,48.2,295.85324617631164,0.0,0.0,22568.522374984903,22.0,2607.3359375,79.174,50.0,1815.0,100.0,19.2734375,3,5015.816752433777,30.6,6434.453125,139,2551.2304394245148,7.0,88.95703125,147,21834.263486385345,3.5,20.38671875,4,5229.524313211441,0.0,4.8046875,403,1771010971.7974656
2026-02-13T22:29:34,gaming,6.2,48.2,935.1957598341305,1152.2274913669505,0.0,16590.870143842236,22.0,2607.3359375,79.102,50.0,1815.0,100.4,19.2734375,3,5017.13995051384,54.4,6434.4296875,139,2552.5515234470367,5.9,88.9609375,147,21835.590554475784,1.2,11.2890625,4,21822.050021886826,1.2,20.38671875,4,5230.839836597443
2026-02-13T22:29:35,gaming,7.0,48.2,123.09428413974413,107.8974589373066,0.0,87533.71316604028,22.0,2607.3359375,79.032,50.0,1815.0,97.5,19.2734375,3,5018.454664707184,36.3,6434.421875,139,2553.885778903961,5.9,88.93359375,147,21836.90494275093,2.3,11.2890625,4,21823.38483262062,2.3,20.38671875,4,5232.177793264389
2026-02-13T22:29:37,gaming,7.1,48.2,211.56297457333181,753.5529271021854,0.0,24879.20775194517,22.0,2607.3359375,79.043,50.0,1815.0,98.9,19.2734375,3,5019.797634124756,42.3,6435.47265625,139,2555.2165653705597,14.0,25.390625,13,21835.874101638794,8.2,88.9375,147,21838.244776248932,3.5,29.62109375,9,21821.502333641052
2026-02-13T22:29:38,gaming,9.1,48.2,2236.4050888715383,444.7225462729068,0.0,119820.74532678087,22.0,2607.3359375,79.064,50.0,1815.0,100.1,18.625,3,5021.124864578247,63.3,6435.57421875,139,2556.550222158432,11.8,41.05859375,33,21839.538513183594,7.1,88.96484375,147,21839.57498192787,7.1,25.390625,14,21837.202112436295
2026-02-13T22:29:39,gaming,8.4,48.2,4370.444452027933,597.2640994969586,0.0,19184.39265636404,22.0,2607.3359375,79.165,50.0,1815.0,98.6,19.2734375,3,5022.456333637238,47.8,6435.70703125,139,2557.8897972106934,9.3,25.390625,13,21838.539285182953,7.0,88.94140625,147,21840.907230615616,4.7,22.2109375,6,21837.508378744125
2026-02-13T22:29:41,gaming,9.1,48.2,2913.895772866363,337.16341892936464,0.0,14099.831806176344,22.0,2607.3359375,79.194,50.0,1815.0,100.0,19.2734375,3,5023.800033330917,51.6,6435.7578125,139,2559.221396923065,9.4,41.13671875,33,21842.211007118225,8.1,88.94140625,147,21842.250329732895,5.9,25.390625,13,21839.868961572647
2026-02-13T22:29:42,gaming,10.0,48.2,3172.8024427770392,400.64820782278304,0.0,11953.17359880303,22.0,2607.3359375,79.206,50.0,1815.0,97.5,19.2734375,3,5025.130253076553,62.2,6435.73828125,139,2560.552793979645,14.1,41.13671875,33,21843.542323112488,14.1,25.390625,13,21841.202641248703,10.6,4.8046875,403,1771010981.113546
2026-02-13T22:29:43,gaming,9.2,48.2,1204.1567708656812,460.19208263133584,0.0,15759.138986292008,22.0,2607.3359375,79.151,50.0,1815.0,99.9,19.2734375,3,5026.459979772568,56.0,6435.70703125,139,2561.891234397888,7.0,4.8046875,403,1771010982.444904,4.7,88.94140625,147,21844.910490989685,4.7,41.14453125,33,21844.872887134552
2026-02-13T22:29:45,gaming,7.2,48.2,1472.524688494456,1294.4207408476063,0.0,69059.6193988655,22.0,2607.3359375,79.252,50.0,1815.0,99.1,19.2734375,3,5027.800676822662,65.5,6435.72265625,140,2563.227381706238,8.2,88.9453125,147,21846.2514834404,4.7,20.38671875,4,5241.518253564835,1.2,11.27734375,12,21846.181872844696
2026-02-13T22:29:46,gaming,8.6,48.2,458.0464161021631,242.5393318049159,0.0,12302.67619904564,22.0,2607.3359375,79.205,50.0,1815.0,99.6,19.2734375,3,5029.13436627388,72.1,6435.66796875,140,2564.5489344596863,5.9,88.95703125,147,21847.58431172371,1.2,106.03515625,37,21813.828806638718,0.0,4.8046875,403,1771010985.118159
2026-02-13T22:29:47,gaming,7.9,48.2,53.651390506842006,49.87312356974046,0.0,13541.308702571954,22.0,2607.3359375,79.277,50.0,1815.0,100.3,19.2734375,3,5030.458333492279,43.6,6434.4609375,140,2565.874693632126,7.1,88.95703125,147,21848.908754348755,3.6,20.38671875,4,5244.156386375427,2.4,106.03515625,37,21815.153592586517
2026-02-13T22:29:49,gaming,6.7,48.2,315.6818321135662,145.2897106835931,0.0,11294.56347764393,23.0,2607.3359375,79.298,50.0,1815.0,98.6,19.26171875,3,5031.773435354233,26.1,6434.4453125,140,2567.191859960556,7.1,88.9375,147,21850.223779201508,2.4,106.03515625,37,21816.46979022026,2.4,20.38671875,4,5245.479254484177
2026-02-13T22:29:50,gaming,6.5,48.2,504.95895727900574,2108.279239298124,0.0,117658.46075233935,22.0,2607.3359375,79.38,50.0,1815.0,100.6,18.625,3,5033.093811511993,36.6,6434.41015625,140,2568.5158326625824,8.3,88.953125,147,21851.544101953506,1.2,77.328125,105,21823.807914733887,1.2,20.38671875,4,5246.806007146835
2026-02-13T22:29:51,gaming,6.3,48.2,0.0,439.3134399470513,0.0,13117.612971866669,22.0,2607.3359375,79.186,50.0,1815.0,99.8,18.625,3,5034.424169778824,29.5,6434.40625,140,2569.840810775757,7.1,88.94921875,147,21852.873040676117,2.4,20.38671875,4,5248.123456478119,2.3,106.03515625,37,21819.11829805374
2026-02-13T22:29:53,gaming,6.5,48.2,53.82637140891622,492.01852175192437,0.0,14749.94200185738,22.0,2607.3359375,79.433,50.0,1815.0,98.6,19.27734375,3,5035.755211591721,63.9,6437.2265625,140,2571.1863510608673,8.2,88.9453125,147,21854.202967643738,8.2,106.03515625,37,21820.45492887497,5.7,20.38671875,4,5249.489881277084
2026-02-13T22:29:54,gaming,9.4,48.2,434.587707149072,583.1084218818356,71922.07064576157,74169.63535344161,22.0,2607.3359375,79.257,50.0,1815.0,98.2,19.2734375,3,5037.107555627823,51.3,6437.375,140,2572.526561498642,5.8,88.94140625,147,21855.55807185173,3.5,106.03515625,37,21821.800998926163,3.4,4.8046875,403,1771010993.092132
2026-02-13T22:29:55,gaming,7.4,48.2,95.19589647815627,660.3270914437189,0.0,78912.86504246402,21.0,2607.3359375,79.36,50.0,1815.0,98.0,19.2734375,3,5038.430678606033,43.9,6437.37109375,140,2573.844160795212,7.1,88.9609375,147,21856.881637334824,5.9,106.0546875,37,21823.123740911484,2.3,20.38671875,4,5252.151448965073
2026-02-13T22:29:57,gaming,7.2,48.3,0.0,0.0,0.0,33335.66668736417,22.0,2607.3359375,79.245,50.0,1815.0,98.2,19.2734375,3,5039.76762843132,54.9,6437.36328125,140,2575.1812043190002,5.9,88.95703125,147,21858.216453790665,4.7,106.0546875,37,21824.461166858673,3.5,217.21875,71,21855.834718227386
2026-02-13T22:29:58,gaming,8.1,48.3,53.87016843631648,50.07649460277307,0.0,33408.609247716726,22.0,2607.3359375,79.335,50.0,1815.0,98.4,19.2734375,3,5041.084928035736,50.9,6437.35546875,140,2576.500267982483,9.5,88.94140625,147,21859.53424191475,7.1,106.05078125,37,21825.778225421906,4.7,122.203125,164,21837.255331993103
2026-02-13T22:29:59,gaming,9.5,48.2,450.5318091713735,1046.6900617112717,0.0,16310.161657274773,22.0,2607.3359375,79.198,50.0,1815.0,100.7,19.2734375,3,5042.40576004982,57.2,6435.51953125,140,2577.8378491401672,15.2,25.390625,13,21858.494025707245,10.6,41.90234375,33,21860.82251739502,5.9,88.96484375,147,21860.85491013527
2026-02-13T22:30:01,gaming,9.5,48.2,0.0,0.0,0.0,14507.958348037557,22.0,2607.3359375,79.286,50.0,1815.0,130.9,6435.671875,140,2579.1863374710083,98.9,19.2734375,3,5043.746398925781,14.0,4.8046875,403,1771010999.7297997,7.0,41.90234375,33,21862.16254401207,5.8,25.390625,13,21859.83601951599
2026-02-13T22:30:02,gaming,11.8,48.2,52.6151484050112,48.909856263813225,24283.002576555027,14797.45469508822,22.0,2607.3359375,79.175,50.0,1815.0,158.2,6435.703125,140,2580.5296835899353,100.4,19.2734375,3,5045.099974393845,5.8,106.05859375,37,21829.79724431038,5.8,59.44140625,22,21820.139197587967,3.5,25.390625,13,21861.186487197876
2026-02-13T22:30:03,gaming,12.7,48.2,37.3138667637433,40.298976104842765,0.0,42794.527514001915,22.0,2607.3359375,79.267,50.0,1815.0,137.6,6435.6953125,140,2581.858662843704,99.6,19.2734375,3,5046.432918310165,7.0,4.8046875,403,1771011002.4187963,7.0,106.05859375,37,21831.127826690674,5.9,41.90234375,33,21864.844618558884
2026-02-13T22:30:05,gaming,10.6,48.3,541.5767081219858,701.040961069015,0.0,76639.12171824013,22.0,2607.3359375,79.287,50.0,1815.0,99.8,19.2734375,3,5047.7636206150055,48.3,6435.67578125,140,2583.1860179901123,9.4,106.05859375,37,21832.461060762405,9.4,25.42578125,14,21863.84011530876,4.7,88.94140625,147,21866.214319467545
2026-02-13T22:30:06,gaming,8.5,48.3,53.57176492260222,102.6163384432944,0.0,21633.93864592748,22.0,2607.3359375,79.277,50.0,1815.0,99.0,19.2734375,3,5049.088915348053,57.1,6435.66796875,140,2584.499646425247,14.2,25.390625,13,21865.160304546356,5.9,41.90234375,33,21867.498635053635,4.7,88.94921875,147,21867.53909802437
2026-02-13T22:30:07,gaming,9.1,48.2,53.95294211857757,91.18807118632829,0.0,18675.316978960032,22.0,2607.3359375,79.16,50.0,1815.0,101.0,19.2734375,3,5050.4029994010925,63.7,6435.66796875,140,2585.8241000175476,8.3,4.8046875,403,1771011006.3893926,6.0,106.05859375,37,21835.0960791111,3.6,88.9375,147,21868.85432457924
2026-02-13T22:30:09,gaming,7.7,48.2,1587.37191154336,236.73997915943036,0.0,13597.373161977539,22.0,2607.3359375,79.331,50.0,1815.0,98.4,19.2734375,3,5051.7212562561035,67.7,6435.66015625,140,2587.1400861740112,7.1,106.05859375,37,21836.417310237885,4.7,25.42578125,14,21867.795017957687,2.4,88.95703125,147,21870.172263145447
2026-02-13T22:30:10,gaming,9.3,48.2,6880.213087545466,550.8419388573013,0.0,20977.517803755738,22.0,2607.3359375,79.159,50.0,1815.0,98.2,18.625,3,5053.041856050491,59.3,6435.65234375,140,2588.4584155082703,9.5,25.390625,13,21869.117255210876,4.7,4.8046875,403,1771011009.02559,4.7,106.0625,37,21837.73777770996
2026-02-13T22:30:11,gaming,8.6,48.2,2844.0805383910642,0.0,0.0,82315.29914935667,22.0,2607.3359375,79.111,50.0,1815.0,100.4,19.2734375,3,5054.364177465439,69.4,6435.61328125,140,2589.787342786789,8.3,106.0625,37,21839.057950019836,7.1,25.390625,13,21870.444197893143,5.9,88.94921875,147,21872.815089702606
2026-02-13T22:30:12,gaming,8.3,48.2,2295.533090567393,49.985214113311756,0.0,7755.281704853218,22.0,2607.3359375,79.022,50.0,1815.0,99.1,19.2734375,3,5055.688454627991,49.8,6434.53125,140,2591.104793548584,7.1,106.0703125,37,21840.38354921341,3.5,41.90234375,33,21874.100333690643,2.4,25.390625,14,21871.760759830475
2026-02-13T22:30:14,gaming,7.0,48.2,397.8126839668537,53.69714935674261,0.0,14327.307005832845,22.0,2607.3359375,79.139,50.0,1815.0,99.6,19.2734375,3,5057.00635933876,44.0,6434.52734375,140,2592.4194717407227,9.5,106.0703125,37,21841.701534986496,1.2,20.38671875,4,5270.708880186081,0.0,4.8046875,403,1771011012.9928265
2026-02-13T22:30:15,gaming,7.4,48.2,705.1713973532118,608.6662599999166,0.0,62638.673089030126,23.0,2607.3359375,79.112,50.0,1815.0,99.6,19.2734375,3,5058.324309825897,51.9,6434.51171875,140,2593.7437949180603,9.4,106.078125,37,21843.024701356888,2.4,91.58984375,33,21828.64988231659,1.2,88.94921875,147,21876.775297403336
2026-02-13T22:30:16,gaming,7.1,48.2,55.92618961300864,1427.6293537699098,0.0,7352.026656153352,22.0,2607.3359375,79.209,50.0,1815.0,100.4,19.2734375,3,5059.647064447403,61.6,6435.43359375,140,2595.062666416168,10.7,106.08984375,37,21844.341055631638,3.5,20.38671875,4,5273.358071804047,0.0,4.8046875,403,1771011015.6321745
2026-02-13T22:30:18,gaming,9.5,48.2,103.3464969415267,1019.8865975543364,0.0,15062.940517725585,22.0,2607.3359375,79.074,50.0,1815.0,97.9,19.2734375,3,5060.971417188644,59.9,6435.4609375,140,2596.393031358719,11.8,106.09765625,37,21845.665958166122,4.7,25.390625,13,21877.04897928238,1.2,4.8046875,403,1771011016.95733
2026-02-13T22:30:19,gaming,9.2,48.3,87.64246632837423,452.5675631956566,0.0,9284.057122785021,22.0,2607.3359375,79.18,50.0,1815.0,97.9,19.2734375,3,5062.2955548763275,60.2,6435.453125,140,2597.717350244522,10.6,41.90234375,33,21880.71084022522,10.6,25.42578125,14,21878.37328028679,9.4,106.09765625,37,21846.99583220482
2026-02-13T22:30:20,gaming,8.7,48.2,429.3405593065623,710.2949954843654,0.0,20439.623539198026,22.0,2607.3359375,79.02,50.0,1815.0,98.8,18.75390625,3,5063.624569177628,78.7,6435.4375,140,2599.048017501831,11.8,106.0859375,37,21848.318282604218,9.4,25.4296875,14,21879.702562570572,2.4,4.8046875,403,1771011019.6089177
2026-02-13T22:30:22,gaming,9.4,48.3,82.44287991308512,40.471959230059966,0.0,1595566.5206858842,22.0,2607.3359375,79.122,50.0,1815.0,97.0,19.40234375,3,5064.961143493652,60.8,6435.42578125,140,2600.383339881897,9.4,4.8046875,403,1771011020.9439554,8.2,106.0859375,37,21849.65514278412,7.0,41.90234375,33,21883.37108230591
2026-02-13T22:30:23,gaming,9.0,48.3,1362.5728953602238,90.78817199261402,0.0,11524.845634764888,22.0,2607.3359375,78.962,50.0,1815.0,98.5,18.75390625,3,5066.29335641861,63.3,6435.80078125,140,2601.716831922531,15.2,106.0859375,37,21850.98727798462,10.6,25.390625,13,21882.3715133667,9.4,41.90234375,33,21884.707101345062
2026-02-13T22:30:24,gaming,10.1,48.2,4250.369757308314,1104.75137052944,0.0,21489.437785495324,22.0,2607.3359375,79.142,50.0,1815.0,99.7,19.26953125,3,5067.624738693237,71.5,6435.80078125,140,2603.049944162369,14.1,106.08984375,37,21852.320847272873,3.5,4.8046875,403,1771011023.6104531,3.5,25.390625,13,21883.703456640244
2026-02-13T22:30:26,gaming,11.3,48.2,1891.6008037892718,1310.2062028631856,385.0893087634621,206792.95880597914,22.0,2607.3359375,79.051,50.0,1815.0,98.7,19.39453125,3,5068.95510840416,59.9,6435.78515625,140,2604.3796389102936,16.4,106.09375,37,21853.653363227844,11.8,4.8046875,399,1771011024.9395332,10.6,25.390625,13,21885.034017562866
2026-02-13T22:30:27,gaming,8.9,48.2,53.60056690009718,454.4724123078662,0.0,107068.26478928707,22.0,2607.3359375,79.086,50.0,1815.0,100.1,19.390625,3,5070.281591653824,57.9,6435.77734375,140,2605.702857017517,14.1,106.08984375,37,21854.97859454155,5.9,4.8046875,399,1771011026.2646382,2.4,41.90234375,33,21888.69409418106
2026-02-13T22:30:28,gaming,8.0,48.2,0.0,0.0,0.0,16724.9596172714,22.0,2607.3359375,78.998,50.0,1815.0,98.6,19.39453125,3,5071.597157001495,73.6,6435.76171875,140,2607.019800901413,14.3,106.0703125,37,21856.291871786118,4.7,327.9609375,95,21857.3147919178,2.4,41.90234375,33,21890.00710916519
2026-02-13T22:30:30,gaming,9.4,48.2,449.88926665323186,786.1701326364556,0.0,18225.81702482049,22.0,2607.3359375,79.035,50.0,1815.0,98.5,19.390625,3,5072.913968086243,63.8,6435.765625,140,2608.3420758247375,17.7,327.9609375,95,21858.63759446144,14.2,106.0703125,37,21857.610246419907,11.9,25.4296875,14,21888.99148631096
2026-02-13T22:30:31,gaming,10.1,48.2,5098.281948256133,4811.7345232691,0.0,9652.123789036901,22.0,2607.3359375,79.042,50.0,1815.0,99.9,19.390625,3,5074.243850231171,61.5,6435.75,140,2609.6644966602325,17.7,327.9609375,95,21859.958868980408,11.8,106.0703125,37,21858.937358379364,8.2,41.13671875,33,21892.652380228043
2026-02-13T22:30:32,gaming,9.6,48.2,53.82284971092833,50.03250818198972,0.0,14360.845984842625,22.0,2607.3359375,79.106,50.0,1815.0,99.7,19.390625,3,5075.560095787048,65.6,6435.74609375,140,2610.973890542984,19.1,327.9609375,95,21861.26737499237,17.8,106.0703125,37,21860.256672620773,3.6,88.9453125,147,21894.0108025074
2026-02-13T22:30:34,gaming,9.9,48.2,88.78238247137432,54.34094099541015,0.0,20377.087507912674,22.0,2607.3359375,78.896,50.0,1815.0,100.2,19.390625,3,5076.869460821152,68.9,6435.73828125,140,2612.2885270118713,21.5,106.07421875,37,21861.56306910515,15.5,327.9609375,95,21862.581464767456,3.6,77.34765625,105,21867.56698322296
2026-02-13T22:30:35,gaming,9.6,48.2,403.0372418517354,877.8273260028329,0.0,82073.03834071703,22.0,2607.3359375,78.965,50.0,1815.0,99.2,19.390625,3,5078.177295207977,71.9,6435.7265625,140,2613.5917553901672,20.3,106.07421875,37,21862.874311447144,18.0,327.9609375,95,21863.886885643005,8.3,88.9375,147,21896.628172397614
2026-02-13T22:30:36,gaming,9.9,48.2,120.34140712093503,994.7207449363364,0.0,29247.531857239905,22.0,2607.3359375,78.967,50.0,1815.0,100.0,19.2734375,3,5079.490251779556,66.9,6435.71875,140,2614.8987624645233,16.8,327.9609375,95,21865.19153690338,16.7,106.05859375,37,21864.18439221382,10.7,88.94921875,147,21897.940749168396
2026-02-13T22:30:38,gaming,11.9,48.2,54.633161499891486,948.0007741953001,0.0,21274.614776746475,23.0,2607.3359375,79.208,50.0,1815.0,100.7,18.625,3,5080.793569326401,49.2,6435.703125,140,2616.2013664245605,18.0,106.05859375,37,21865.486911296844,12.0,88.94140625,147,21899.244734048843,7.2,25.4296875,14,21896.858993053436
2026-02-13T22:30:39,gaming,8.7,48.2,222.4908379983995,742.4006999877867,0.0,63416.76998948195,23.0,2607.3359375,79.186,50.0,1815.0,96.9,19.2734375,3,5082.099350452423,68.9,6435.69921875,140,2617.5158627033234,22.7,105.9140625,37,21866.79555773735,9.6,88.95703125,147,21900.550277471542,7.1,327.9609375,95,21867.81357240677
2026-02-13T22:30:40,gaming,8.9,48.2,4165.132885214055,551.2005969131251,0.0,117395.09792988298,23.0,2607.3359375,79.248,50.0,1815.0,99.6,19.2734375,3,5083.417605400085,68.1,6435.65625,140,2618.84757399559,23.7,105.92578125,37,21868.115921020508,9.4,327.9609375,95,21869.143393993378,5.9,88.9453125,147,21901.868637800217
2026-02-13T22:30:42,gaming,9.5,48.2,4162.307111455909,554.3717035887711,0.0,12340.796184236991,22.0,2607.3359375,79.029,50.0,1815.0,100.2,19.2734375,3,5084.743471622467,70.2,6435.69140625,140,2620.161406993866,26.0,105.953125,37,21869.438676595688,7.1,88.96484375,147,21903.194437503815,4.8,327.9609375,95,21870.454804182053
2026-02-13T22:30:43,gaming,9.6,48.2,687.0479964996883,117.17097614723367,0.0,78300.6460861306,22.0,2607.3359375,79.221,50.0,1815.0,99.9,19.2734375,3,5086.056844711304,56.0,6435.671875,140,2621.4727654457092,33.3,105.953125,37,21870.751752853394,19.0,327.9609375,95,21871.77010035515,6.0,88.94140625,147,21904.50714826584
2026-02-13T22:30:44,gaming,9.7,48.2,2745.774822844059,186.14134797919053,0.0,18282.879174576494,22.0,2607.3359375,79.069,50.0,1815.0,100.8,19.2734375,3,5087.374212503433,60.5,6435.66796875,140,2622.790025472641,36.9,328.2421875,95,21873.083427906036,22.5,105.98046875,37,21872.06849837303,8.3,88.9375,147,21905.824645757675
2026-02-13T22:30:45,gaming,9.5,48.2,401.1461145155935,551.5759074589411,0.0,88300.768964887,22.0,2607.3359375,79.312,50.0,1815.0,98.7,19.2734375,3,5088.68856549263,52.0,6435.6484375,140,2624.112767457962,14.2,328.2421875,95,21874.407249450684,9.5,25.390625,13,21904.76674103737,5.9,88.94921875,147,21907.139688014984
2026-02-13T22:30:47,gaming,12.3,48.2,50.10548096899341,545.0868990263223,0.0,13993.094321522523,22.0,2607.3359375,79.206,50.0,1815.0,99.5,19.2734375,3,5090.0076406002045,59.6,6435.640625,140,2625.424479484558,11.9,25.421875,14,21906.07667851448,11.9,328.2421875,95,21875.720498800278,9.5,88.953125,147,21908.45909023285
2026-02-13T22:30:48,gaming,13.7,48.2,54.042373987121465,50.23657300211291,0.0,0.0,22.0,2607.3359375,79.349,50.0,1815.0,100.1,19.2734375,3,5091.318286418915,59.5,6435.65234375,140,2626.737858772278,9.5,25.390625,13,21907.386742591858,8.3,88.9375,147,21909.769787549973,7.2,41.14453125,33,21909.727413892746
2026-02-13T22:30:49,gaming,10.3,48.2,88.17779994479591,53.9708947937975,0.0,14789.545480396115,22.0,2607.3359375,79.287,50.0,1815.0,99.7,19.26171875,2,5092.6350710392,65.1,6435.73046875,140,2628.058375597,8.3,25.42578125,14,21908.71200489998,3.5,41.14453125,33,21911.04861807823,1.2,88.9453125,147,21911.085986614227
2026-02-13T22:30:51,gaming,9.8,48.2,1096.308902410438,952.0577310406434,0.0,19047.228354344228,22.0,2607.3359375,79.306,50.0,1815.0,100.8,19.26171875,2,5093.952327251434,51.1,6434.70703125,140,2629.374561548233,2.4,20.38671875,4,5307.658674478531,1.2,4.8046875,399,1771011049.9381554,1.2,106.08984375,37,21878.649876594543
2026-02-13T22:30:52,gaming,8.7,48.2,0.0,0.0,0.0,13965.516297742523,22.0,2607.3359375,79.224,50.0,1815.0,99.2,19.26171875,2,5095.275327920914,43.7,6434.68359375,140,2630.6976947784424,7.1,4.8046875,399,1771011051.2582226,7.1,25.390625,13,21911.35409450531,4.7,190.359375,277,21908.297221899033
2026-02-13T22:30:53,gaming,7.9,48.2,107.40198711048846,152.78310842477936,0.0,15490.089408611293,22.0,2607.3359375,79.277,50.0,1815.0,99.3,19.26171875,2,5096.597062826157,53.4,6434.671875,140,2632.0145666599274,2.4,4.8046875,399,1771011052.5808613,2.4,20.38671875,4,5310.2915115356445,1.2,46.83984375,33,21915.015287160873
2026-02-13T22:30:55,gaming,6.5,48.2,840.7215257725583,649.23232162654,0.0,16014.905870251856,22.0,2607.3359375,79.285,50.0,1815.0,100.4,19.26171875,2,5097.904966831207,62.2,6434.65625,140,2633.3212819099426,6.0,25.390625,13,21913.976087331772,3.6,24.515625,4,2616.0884346961975,3.6,20.38671875,4,5311.605443477631
2026-02-13T22:30:56,gaming,9.4,48.2,240.4092187698391,41.082588017630734,0.0,79462.85469010175,22.0,2607.3359375,79.267,50.0,1815.0,98.5,19.26171875,2,5099.22188949585,43.7,6434.62109375,140,2634.645231962204,15.3,25.4296875,14,21915.3020734787,8.3,41.73828125,33,21917.634918689728,4.8,4.8046875,399,1771011055.2060797
2026-02-13T22:30:57,gaming,7.0,48.2,49.98292169920661,140.86096115230953,0.0,12020.135351663746,22.0,2607.3359375,79.235,50.0,1815.0,99.3,18.62890625,3,5100.544450998306,54.7,6435.63671875,140,2635.959493637085,4.8,25.390625,14,21916.616405248642,0.0,4.8046875,399,1771011056.5260067,0.0,59.328125,4,21932.907601594925
2026-02-13T22:30:59,gaming,7.6,48.2,343.8603044000813,103.99307219163606,0.0,37698.62727974755,22.0,2607.3359375,79.28,50.0,1815.0,100.0,19.27734375,3,5101.856642961502,71.2,6435.59375,140,2637.276957511902,3.6,20.38671875,4,5315.555045366287,2.4,25.4296875,13,21917.93043279648,1.2,17.265625,6,21920.27418422699
2026-02-13T22:31:00,gaming,7.4,48.2,497.95501209001065,552.7757473659751,0.0,110713.52048621449,22.0,2607.3359375,79.267,50.0,1815.0,100.9,19.27734375,3,5103.172833919525,57.1,6435.578125,140,2638.591071844101,2.4,25.390625,13,21919.2444088459,2.4,11.29296875,4,21908.08937549591,1.2,22.18359375,5,21918.209780216217
2026-02-13T22:31:02,gaming,8.9,48.2,0.0,0.0,0.0,12092.007868560886,31.0,2576.9296875,69.498,50.0,1815.0,98.9,19.2734375,3,5104.484125137329,43.1,6436.72265625,138,2640.188307285309,27.9,283.953125,243,21918.952914237976,24.9,73.60546875,29,21919.355568647385,10.7,4.8046875,399,1771011060.4695885
2026-02-13T22:31:03,gaming,15.2,48.4,135.5903688160396,165.03986068558666,40208.372899221584,2743907.3224585983,38.0,2591.9296875,85.078,51.0,1815.0,98.4,19.28515625,3,5106.119210958481,53.8,6436.828125,138,2641.6122357845306,26.4,49.16796875,31,21923.239470243454,25.1,283.984375,244,21920.384976148605,17.2,89.30859375,148,21924.56600689888
2026-02-13T22:31:06,gaming,15.8,48.6,6920.719443467746,4740.155861454051,377246.113976947,352253.19138299493,27.0,2623.7109375,81.372,50.0,1815.0,161.8,6436.07421875,138,2644.104474544525,100.2,19.296875,3,5107.9462678432465,32.3,4.8046875,405,1771011063.8511949,24.7,312.14453125,36,21819.116308689117,18.7,284.57421875,246,21922.725822210312
2026-02-13T22:31:08,gaming,20.0,48.6,14723.381975068596,7338.043246263388,6980.983657344057,232772.1738245659,23.0,2623.7109375,81.141,50.0,1815.0,156.3,6435.5859375,138,2646.093623161316,98.5,19.2890625,3,5110.250508069992,13.4,304.37109375,36,21821.097326755524,11.5,25.390625,13,21926.602121829987,7.3,4.8046875,405,1771011066.1881042
2026-02-13T22:31:10,gaming,15.7,48.6,448.89892325404014,547.8001700440284,0.0,65854.90687810868,23.0,2630.4609375,80.863,50.0,1815.0,156.9,6435.57421875,138,2648.1753923892975,100.2,19.2890625,3,5112.200484514236,12.8,4.8046875,405,1771011068.139985,11.2,25.390625,13,21928.69223022461,11.0,41.2890625,37,21930.741581201553
