ts,scenario,cpu,ram,net_in_bps,net_out_bps,disk_read_bps,disk_write_bps,gpu_util,gpu_mem_used_mb,gpu_power_w,gpu_temp_c,gpu_clock_mhz,p1_cpu,p1_rss_mb,p1_threads,p1_age_s,p2_cpu,p2_rss_mb,p2_threads,p2_age_s,p3_cpu,p3_rss_mb,p3_threads,p3_age_s,p4_cpu,p4_rss_mb,p4_threads,p4_age_s,p5_cpu,p5_rss_mb,p5_threads,p5_age_s
2026-02-13T16:28:26,idle_without_VPN,11.8,30.7,4595.998223996539,107.43891952199702,8149.441006705551,8149.441006705551,7.0,1260.84765625,53.539,51.0,1815.0,99.8,38.56640625,4,2.672071695327759,71.9,67.1328125,41,1.5677239894866943,27.5,96.0,47,163.0406849384308,25.9,421.14453125,93,163.99532961845398,25.6,245.76171875,180,162.1788420677185
2026-02-13T16:28:28,idle_without_VPN,17.9,30.6,3395.3862320947205,936.341281563928,6053602.66106466,20634829.14126328,8.0,1260.89453125,54.108,52.0,1815.0,99.1,38.91015625,4,5.068366050720215,67.1,65.96875,19,168.56118035316467,66.9,623.546875,15,56.68533802032471,26.7,244.484375,182,164.63378047943115,12.5,419.5703125,93,166.49077081680298
2026-02-13T16:28:30,idle_without_VPN,12.4,30.6,7912.116401942946,2465.2213305733067,6002542.209042366,23550884.67943179,0.0,1272.875,52.537,52.0,1815.0,99.1,38.921875,4,7.434352397918701,20.2,115.73828125,149,170.97810244560242,19.0,143.02734375,26,62.517985582351685,16.7,283.734375,36,63.43944191932678,11.5,4.59765625,417,1770989308.4738834
2026-02-13T16:28:32,idle_without_VPN,10.0,30.6,14846.268659901976,3836.130274118941,1706611.7648275455,10758349.308001092,5.0,1272.875,53.584,52.0,1815.0,99.5,38.21484375,4,9.207944393157959,84.4,54.95703125,89,170.56657719612122,8.9,4.59765625,417,1770989310.4053829,5.1,60.69140625,38,172.85984539985657,5.1,30.73828125,17,170.6515200138092
2026-02-13T16:28:33,idle_without_VPN,8.5,30.5,294.63980686481204,5200.0729621821265,2537468.236187132,20366991.178120214,3.0,1272.5625,53.294,52.0,1815.0,98.8,38.92578125,4,10.931218385696411,9.2,142.09375,26,65.92585396766663,8.2,4.6015625,417,1770989312.1259203,6.3,30.73828125,17,172.38421869277954,5.4,243.890625,182,170.51499700546265
2026-02-13T16:28:35,idle_without_VPN,6.2,30.4,413.8531653299765,393.1012157790464,1855428.25187159,9298087.684321815,3.0,1272.5625,53.294,52.0,1815.0,99.4,38.21875,4,12.596947193145752,7.4,115.6640625,149,176.280503988266,5.6,30.73828125,17,174.05061149597168,4.6,60.73828125,38,176.27630496025085,2.8,54.95703125,89,173.96582651138306
2026-02-13T16:28:37,idle_without_VPN,5.5,30.4,522.6904970594625,469.0966557711074,3137414.7822758867,11140350.661161028,4.0,1272.5625,54.695,52.0,1815.0,99.0,38.9296875,4,14.30192232131958,6.6,115.66015625,149,177.9445197582245,5.5,30.734375,17,175.75494050979614,2.8,4.62109375,417,1770989315.474648,2.8,60.58984375,38,177.9462959766388
2026-02-13T16:28:39,idle_without_VPN,6.0,30.2,1113.3728156543277,0.0,719198.9330770093,9910876.531099776,4.0,1272.5625,53.739,52.0,1815.0,99.5,38.92578125,4,16.060647010803223,7.1,115.671875,149,179.69397115707397,5.3,30.734375,17,177.50982403755188,2.7,60.60546875,38,179.70342540740967,1.8,4.62109375,417,1770989317.2270365
2026-02-13T16:28:40,idle_without_VPN,7.8,29.9,1335.6188457543221,837.3111955017811,276300.56755949755,23774549.040494904,3.0,1272.5625,53.673,52.0,1815.0,99.8,38.921875,4,17.860479831695557,9.5,115.69140625,149,181.51003098487854,5.2,4.625,417,1770989319.0426226,3.4,414.72265625,93,179.31650161743164,2.6,8.14453125,16,182.63800168037415
2026-02-13T16:28:42,idle_without_VPN,6.0,29.9,7461.155575884512,8283.10699865401,24343.550453100972,6283070.371945361,4.0,1272.5625,53.834,52.0,1815.0,100.4,38.921875,4,19.51059055328369,6.5,115.67578125,149,183.19170808792114,4.8,30.73828125,17,180.96225452423096,4.7,60.65234375,38,183.18077945709229,2.9,54.95703125,89,180.8768014907837
2026-02-13T16:28:44,idle_without_VPN,7.2,29.9,1672.9949316509235,1310.9949693840629,262444.6577990035,6291415.25285906,3.0,1272.5625,53.75,51.0,1815.0,99.4,38.921875,4,21.239521503448486,10.8,80.16796875,62,181.2904725074768,6.4,115.58984375,149,184.88796758651733,4.5,414.921875,93,182.6867914199829,4.5,30.734375,16,182.69225001335144
2026-02-13T16:28:45,idle_without_VPN,6.4,29.9,91.34857970307134,252.37972982066506,2398.485785024232,5528509.734480855,3.0,1272.5625,53.604,51.0,1815.0,99.3,38.2265625,4,22.93957829475403,7.4,30.69921875,16,184.39226961135864,4.6,254.56640625,281,181.43021082878113,3.7,115.203125,149,186.5928156375885,3.6,93.4921875,27,152.8697545528412
2026-02-13T16:28:47,idle_without_VPN,8.1,29.9,989.3189603293177,921.3504821387539,99343.1924650593,10355486.793004503,3.0,1272.5625,53.676,51.0,1815.0,98.5,38.92578125,4,24.605417490005493,6.4,4.625,417,1770989325.8479702,6.4,115.19921875,149,188.31202459335327,5.6,54.45703125,89,185.98174500465393,3.7,60.56640625,38,188.29837203025818
2026-02-13T16:28:49,idle_without_VPN,11.8,30.0,1135.958246189526,671.497015346364,139092.99350835223,4794221.405279818,7.0,1272.5625,53.706,51.0,1815.0,98.9,38.92578125,4,26.453913927078247,91.3,245.72265625,181,186.04520225524902,51.5,417.75,93,187.90884399414062,4.2,8.3203125,16,191.28120112419128,4.2,30.69921875,17,187.9135890007019
2026-02-13T16:28:51,idle_without_VPN,6.1,29.8,295.77698248323543,545.1096454029876,80099.34018190627,5188935.381159116,3.0,1272.5625,53.668,50.0,1815.0,99.6,38.92578125,4,28.086024284362793,4.8,115.1953125,149,191.77404594421387,3.8,4.625,417,1770989329.3090503,3.8,12.05078125,6,178.552738904953,2.9,60.64453125,38,191.7607650756836
2026-02-13T16:28:52,idle_without_VPN,9.2,29.9,3185.512247206396,1034.301312236819,114928918.34981947,8331625.240068179,3.0,1272.5625,53.765,50.0,1815.0,100.7,38.93359375,4,29.916961431503296,16.0,373.09375,93,191.36539483070374,5.1,30.703125,16,191.37085342407227,4.4,115.19140625,149,193.54510402679443,4.4,93.609375,27,159.81584906578064
2026-02-13T16:28:54,idle_without_VPN,6.3,30.0,3710.4359072099,1398.7435020517023,3406527.405348585,5175872.971195846,3.0,1272.5625,53.549,50.0,1815.0,98.2,38.94921875,6,31.620221376419067,5.4,115.171875,149,195.2907555103302,3.6,93.59375,27,161.56604599952698,2.8,30.7421875,16,193.07054495811462,1.8,4.625,417,1770989332.8229766
2026-02-13T16:28:56,idle_without_VPN,6.3,29.6,690.5247035740836,351.19469460125214,82616.17896781888,3734737.2668687534,3.0,1272.5625,53.414,50.0,1815.0,98.2,38.953125,6,33.259849071502686,5.7,30.73828125,17,194.71593356132507,4.7,93.07421875,27,163.23656344413757,3.7,4.625,417,1770989334.501143,3.7,115.19140625,149,196.9691698551178
2026-02-13T16:28:58,idle_without_VPN,8.7,29.6,8009.904302579059,4055.492042896241,3266727.453084149,12878518.488973487,3.0,1272.5625,53.454,49.0,1815.0,99.8,38.95703125,6,35.13830542564392,19.9,393.80078125,93,196.5950310230255,19.1,79.43359375,62,195.18997716903687,5.8,27.44140625,16,196.51077461242676,5.8,30.703125,16,196.60024428367615
2026-02-13T16:28:59,idle_without_VPN,7.5,29.6,6874.291029353088,3338.736871622296,65653.475317646,7035609.634039832,4.0,1272.5625,53.452,49.0,1815.0,99.0,38.9453125,6,36.84315204620361,5.6,93.21875,27,166.7794704437256,4.7,115.18359375,149,200.51809358596802,3.7,60.5859375,38,200.51144576072693,3.7,30.7421875,17,198.2982656955719
2026-02-13T16:29:01,idle_without_VPN,7.8,29.6,6641.187649530338,3485.586675683449,489008.7567791744,4097333.2836739635,4.0,1272.5625,53.329,49.0,1815.0,99.7,38.26171875,6,38.456504344940186,8.5,115.12109375,149,202.17667651176453,6.8,30.703125,16,199.91233348846436,6.7,60.50390625,35,202.15472292900085,3.9,54.4609375,89,199.82498478889465
2026-02-13T16:29:02,idle_without_VPN,6.0,29.5,356949.978328248,1090.6112146383794,25410.372782473278,3425318.2510773977,4.0,1272.5625,53.182,49.0,1815.0,99.7,38.265625,6,40.07041382789612,6.8,115.18359375,149,203.78902435302734,4.9,93.49609375,27,170.04249620437622,4.9,64.1640625,18,201.40639805793762,4.9,30.703125,16,201.5204734802246
2026-02-13T16:29:04,idle_without_VPN,6.5,29.6,4108094.207240233,12186.346583011953,20222.94159992584,3266005.0683880234,4.0,1272.5625,53.182,49.0,1815.0,95.3,38.95703125,6,41.759002685546875,57.8,100.25390625,18,203.0817482471466,7.7,115.1640625,149,205.41241097450256,6.5,30.6953125,16,203.2087287902832,4.8,93.4296875,27,171.67513847351074
2026-02-13T16:29:06,idle_without_VPN,10.2,29.5,8126.754562600735,2969.720156361686,466450.8117958058,6349350.201756769,7.0,1272.5625,53.196,48.0,1815.0,99.8,38.95703125,6,43.37172198295593,32.4,68.15625,19,204.71997833251953,8.3,115.1875,149,207.106698513031,4.6,93.87890625,27,173.3651225566864,3.8,30.6953125,16,204.83492970466614
2026-02-13T16:29:07,idle_without_VPN,5.8,29.4,9673.673649858632,16676.873655577678,470792.9470261563,4927334.335519676,3.0,1272.5625,53.069,48.0,1815.0,98.4,38.95703125,6,44.95997500419617,7.8,115.1875,149,208.70665335655212,6.8,93.890625,27,174.96757888793945,4.9,30.6953125,16,206.43044090270996,2.0,4.62890625,417,1770989346.2391596
2026-02-13T16:29:09,idle_without_VPN,5.7,29.4,2697.537109226089,19610.01164297818,84505.63670661613,3039562.120291099,3.0,1272.5625,53.209,48.0,1815.0,100.3,38.96875,6,46.53393769264221,7.0,115.1953125,149,210.2572033405304,5.0,54.4609375,89,207.9074101448059,4.0,93.3984375,27,176.51614904403687,4.0,30.66015625,15,207.994074344635
2026-02-13T16:29:10,idle_without_VPN,6.0,29.4,3031.0269250615042,5823.853122189006,20273.666111536106,2757218.5911689103,3.0,1272.5625,53.01,48.0,1815.0,97.7,38.9609375,6,48.11727857589722,8.7,93.41015625,27,178.14071226119995,7.7,115.16015625,149,211.8744490146637,5.9,30.66015625,15,209.58554673194885,4.0,94.01953125,31,202.56774473190308
2026-02-13T16:29:12,idle_without_VPN,6.0,29.4,2656.3123760838325,466.1126402699447,0.0,2082760.7722316654,3.0,1272.5625,53.095,48.0,1815.0,100.3,38.95703125,6,49.613101959228516,9.4,93.4296875,27,179.63259363174438,7.3,115.12890625,149,213.3810064792633,4.2,30.66015625,15,211.082044839859,2.1,60.3203125,35,213.35435104370117
2026-02-13T16:29:13,idle_without_VPN,5.9,29.3,838.1427649210178,0.0,0.0,2130940.1197802504,3.0,1272.5625,53.032,47.0,1815.0,100.5,38.95703125,6,51.13621711730957,11.2,93.4453125,27,181.1628601551056,5.1,115.1796875,149,214.91056275367737,5.1,30.66015625,15,212.60365891456604,3.1,4.62890625,417,1770989352.4480627
2026-02-13T16:29:15,idle_without_VPN,5.9,29.3,1248.1565691366538,57.40185291216697,0.0,2269161.9919585558,3.0,1272.5625,53.02,47.0,1815.0,98.7,38.95703125,6,52.70347023010254,11.7,477.80859375,13,103.79179549217224,9.4,115.125,149,216.4116723537445,8.3,93.47265625,27,182.6611819267273,4.1,397.28125,89,214.14318871498108
2026-02-13T16:29:17,idle_without_VPN,8.3,29.1,2117.570312563993,849.5267330640207,823861.0312933336,4303522.529923562,4.0,1249.6796875,53.372,47.0,1815.0,98.7,38.2890625,6,54.31847310066223,23.2,245.46484375,171,213.89711022377014,10.7,94.0625,27,184.27399492263794,7.7,60.14453125,35,217.99782633781433,7.7,30.69921875,16,215.76593112945557
2026-02-13T16:29:18,idle_without_VPN,10.0,29.1,3532.817994226365,603.0626074907099,136283.8311879695,2297356.0114543433,8.0,1271.43359375,53.514,47.0,1815.0,100.0,38.9609375,6,55.895564556121826,27.3,245.80859375,174,215.49651408195496,9.2,93.83984375,27,185.96330285072327,8.3,115.24609375,149,219.70223116874695,7.3,144.83203125,49,112.4824481010437
2026-02-13T16:29:20,idle_without_VPN,10.8,29.1,2596.4084987295137,301.9713743599828,175898.66639016895,1608216.3784244019,3.0,1289.16796875,54.236,47.0,1815.0,97.9,38.96484375,6,57.33189415931702,23.5,115.9765625,149,221.16543698310852,21.7,245.9609375,177,216.93578672409058,18.4,165.4609375,47,211.2039031982422,8.6,93.8671875,27,187.4170036315918
2026-02-13T16:29:21,idle_without_VPN,12.1,29.2,12060.296027744167,7386.164872681801,239763.9945534658,2154081.125168116,4.0,1289.16796875,54.481,47.0,1815.0,99.9,38.97265625,6,58.80268454551697,33.8,118.6640625,149,222.6451952457428,29.7,203.47265625,82,133.35796880722046,12.7,93.8125,27,188.8883035182953,7.4,4.62890625,417,1770989360.184078
2026-02-13T16:29:22,idle_without_VPN,6.5,29.1,363.6526721954163,0.0,0.0,1531061.781237473,4.0,1289.23046875,53.578,47.0,1815.0,99.4,38.2265625,3,60.185465812683105,22.6,118.453125,149,224.0253448486328,9.1,93.84375,27,190.26610946655273,3.4,203.41796875,82,134.73940420150757,2.3,4.62890625,417,1770989361.5643706
2026-02-13T16:29:24,idle_without_VPN,6.4,29.1,1318.6041387186626,39.38308821394236,0.0,1726647.939804629,7.0,1290.01171875,53.925,47.0,1815.0,98.9,38.90625,3,61.607868671417236,18.7,201.84375,80,136.1629981994629,14.8,118.41015625,149,225.3963279724121,10.3,93.85546875,27,191.63793659210205,4.5,398.3046875,89,223.0653281211853
2026-02-13T16:29:25,idle_without_VPN,10.7,29.3,628.2523770050888,4635.950232515573,167195.2172017411,1569443.4764814596,8.0,1290.01171875,53.537,47.0,1815.0,100.1,38.90625,3,63.090779066085815,24.2,192.05078125,80,137.64879369735718,23.7,118.31640625,149,226.84531211853027,9.7,93.8671875,27,193.08874559402466,4.3,4.62890625,418,1770989364.3845544
2026-02-13T16:29:27,idle_without_VPN,10.0,29.1,6498.079238975804,2267.636347697506,3402111.4939844,2563609.1900555827,6.0,1290.01171875,53.736,47.0,1815.0,100.0,38.9140625,3,64.56047439575195,27.4,36.8125,11,2.6138155460357666,15.8,119.0625,149,228.32692670822144,15.7,193.65234375,80,139.13870429992676,13.7,35.4140625,34,229.03876852989197
2026-02-13T16:29:28,idle_without_VPN,8.8,29.0,549.5038634760905,84.63770125886107,481275.61714614433,2497643.175476034,7.0,1290.07421875,53.582,48.0,1815.0,99.2,38.921875,3,66.0559434890747,16.0,118.06640625,149,229.8860695362091,8.0,93.76171875,27,196.128582239151,6.0,60.80078125,35,229.85774850845337,5.1,397.6328125,90,227.53117680549622
2026-02-13T16:29:30,idle_without_VPN,7.0,29.0,410.68452488442495,115.81587812484648,58206.36034348112,1168128.8941432368,8.0,1293.07421875,53.819,48.0,1815.0,99.3,38.91796875,3,67.4568510055542,20.1,193.36328125,80,142.0110969543457,15.5,118.4609375,149,231.2939829826355,12.2,93.8203125,27,197.53578805923462,7.8,4.62890625,418,1770989368.8333783
2026-02-13T16:29:31,idle_without_VPN,8.3,29.0,298.8160271501711,440.3604610634101,576837.8901909065,2485966.3389445664,10.0,1294.88671875,54.316,48.0,1815.0,99.9,38.93359375,3,68.8642303943634,22.4,118.3046875,149,232.69212889671326,18.9,194.46484375,80,143.419193983078,13.4,93.83984375,27,198.93593502044678,5.6,30.66015625,15,230.33934378623962
2026-02-13T16:29:33,idle_without_VPN,8.1,29.0,475.20672909864777,245.3820461268315,0.0,1486627.679755465,3.0,1294.88671875,53.646,48.0,1815.0,98.7,38.9375,3,70.27367377281189,28.7,118.4765625,149,234.10644221305847,14.4,94.00390625,27,200.34969758987427,13.3,194.41796875,80,144.82767963409424,4.4,4.62890625,418,1770989371.6436923
2026-02-13T16:29:34,idle_without_VPN,7.2,29.0,38.66406917361619,78.04413962822527,0.0,1595411.2383391068,4.0,1294.88671875,53.385,48.0,1815.0,100.1,38.26171875,3,71.6785318851471,13.4,35.390625,34,236.21824407577515,13.4,94.03125,27,201.74822878837585,12.2,195.19921875,81,146.2327663898468,10.1,118.3671875,149,235.50298810005188
2026-02-13T16:29:35,idle_without_VPN,7.1,28.9,6628.588496096557,9436.561989594904,260333.13560881524,13230188.453468218,3.0,1295.44921875,53.977,48.0,1815.0,99.6,38.9375,3,73.07466626167297,14.6,94.02734375,27,203.14398312568665,13.4,195.63671875,81,147.62916564941406,8.9,118.2734375,149,236.9015724658966,8.9,335.98828125,97,204.23767685890198
2026-02-13T16:29:37,idle_without_VPN,8.2,29.0,13236.894057878955,4743.750551821826,17568.175642190054,334161.3408608233,3.0,1296.19921875,53.551,48.0,1815.0,99.2,38.9375,3,74.4929780960083,22.3,118.48828125,149,238.30014157295227,14.5,94.05078125,27,204.54223251342773,13.2,195.56640625,81,149.04766869544983,6.6,335.98828125,97,205.65398502349854
2026-02-13T16:29:38,idle_without_VPN,8.5,28.9,0.0,76.23085090109397,11564.502418180775,423188.51036530273,3.0,1296.19921875,53.502,48.0,1815.0,99.6,38.94921875,3,75.87373924255371,16.6,94.0703125,27,205.95733451843262,9.9,118.27734375,149,239.7168025970459,7.9,335.98828125,97,207.03363752365112,4.4,60.3203125,35,239.68054604530334
2026-02-13T16:29:40,idle_without_VPN,7.6,29.0,384.9272758075542,285.66031599818496,495449.252067252,160883.88997017776,4.0,1296.01171875,53.955,49.0,1815.0,100.2,38.953125,3,77.2925353050232,21.1,94.1328125,27,207.36234140396118,6.7,118.2890625,149,241.11828804016113,6.7,60.32421875,35,241.08732891082764,6.6,195.35546875,81,151.84703254699707
2026-02-13T16:29:41,idle_without_VPN,7.7,28.9,1876.1113502650871,696.020901811173,0.0,226839.91229794078,4.0,1308.92578125,53.945,49.0,1815.0,99.1,38.28515625,3,78.75875210762024,21.2,94.14453125,27,208.83974504470825,21.0,335.98828125,97,209.91477942466736,15.0,118.3515625,149,242.58036994934082,14.8,246.33203125,180,238.36473989486694
2026-02-13T16:29:42,idle_without_VPN,8.6,28.6,1249.7015558115431,843.2242331600377,283392.52997116017,269001.5030585622,3.0,1308.92578125,52.841,49.0,1815.0,100.0,38.94921875,3,80.10256767272949,22.8,94.16015625,27,210.20313501358032,19.1,116.94921875,149,243.96739721298218,11.7,335.98828125,97,211.25333261489868,4.5,4.6328125,418,1770989381.5059817
2026-02-13T16:29:44,idle_without_VPN,6.4,28.6,1680.102031421624,158.65551477121795,0.0,139473.16498529408,3.0,1308.92578125,52.885,49.0,1815.0,98.9,38.94921875,3,81.47710657119751,21.6,336.13671875,97,212.63005781173706,21.0,94.328125,27,211.54325771331787,5.7,25.41796875,8,20.579447746276855,4.7,4.6328125,418,1770989382.8430254
2026-02-13T16:29:45,idle_without_VPN,9.7,28.8,1798.7421964339978,0.0,441493.05635610723,334656.2037640307,3.0,1308.92578125,52.863,49.0,1815.0,100.2,38.9453125,3,82.8180878162384,34.1,71.50390625,12,20.960571765899658,19.3,94.21875,27,212.91632652282715,6.8,116.98046875,149,246.678959608078,5.8,30.6953125,16,244.30099153518677
2026-02-13T16:29:46,idle_without_VPN,8.8,28.6,4434.070149898811,689.8101772174463,279508.11688301584,1585904.75014059,4.0,1308.92578125,53.082,49.0,1815.0,99.9,38.28515625,3,84.16305184364319,29.0,94.2265625,27,214.2646312713623,27.8,37.98046875,11,22.30876874923706,10.4,116.953125,149,248.0260627269745,8.2,336.14453125,97,215.31630945205688
2026-02-13T16:29:48,idle_without_VPN,6.8,28.6,1167.082366429996,0.0,0.0,58605.489908115494,3.0,1308.92578125,52.885,49.0,1815.0,100.6,38.9453125,3,85.49827575683594,31.6,94.24609375,27,215.59828519821167,9.4,336.13671875,97,216.64736914634705,8.2,116.95703125,149,249.3624563217163,2.3,4.63671875,418,1770989386.9029996
2026-02-13T16:29:49,idle_without_VPN,8.6,28.6,1048.7918612559265,0.0,265404.6162920745,142346.37123804577,4.0,1308.92578125,53.118,50.0,1815.0,100.0,38.9453125,3,86.82690238952637,42.2,336.14453125,97,217.98168563842773,23.5,94.265625,27,216.93021941184998,9.4,116.95703125,149,250.69197058677673,4.7,59.6875,35,250.65107941627502
2026-02-13T16:29:50,idle_without_VPN,9.9,28.6,0.0,0.0,0.0,52366.10799520694,3.0,1308.92578125,53.079,50.0,1815.0,100.3,38.94140625,3,88.15067410469055,24.8,336.14453125,97,219.30343651771545,10.6,94.25,27,218.25911164283752,9.4,116.87890625,149,252.0213406085968,5.9,59.6875,35,251.9804916381836
2026-02-13T16:29:52,idle_without_VPN,8.9,28.6,753.3749781563233,738.2469665467586,37178.60133166627,186667.56085274107,5.0,1308.92578125,52.964,50.0,1815.0,99.4,38.29296875,3,89.47076320648193,5.9,116.8984375,149,253.3403823375702,4.7,30.69921875,16,250.9549858570099,3.6,59.671875,35,253.29469323158264,3.5,4.63671875,418,1770989390.8811288
2026-02-13T16:29:53,idle_without_VPN,8.3,28.6,2929.082051601229,1329.4748552475742,0.0,49976.75312429811,6.0,1308.92578125,53.157,50.0,1815.0,99.9,38.25,3,90.80069732666016,41.2,243.69921875,178,250.40749335289001,5.9,66.5859375,24,211.24738478660583,4.7,30.66015625,15,252.282084941864,4.7,183.88671875,106,226.92893290519714
2026-02-13T16:29:55,idle_without_VPN,9.2,28.5,146.399349470645,315.6735972960783,0.0,135077.79977824847,7.0,1329.37109375,54.295,50.0,1815.0,100.2,38.890625,3,92.2054398059845,13.4,277.94921875,36,148.14049005508423,4.6,30.66015625,15,253.64256238937378,4.6,243.69921875,178,251.78140830993652,3.6,4.63671875,418,1770989393.5152216
2026-02-13T16:29:56,idle_without_VPN,8.6,28.6,12540.125356180512,3605.7300953323565,0.0,130242.7264836166,3.0,1332.05859375,53.407,50.0,1815.0,100.3,38.88671875,3,93.93416261672974,17.2,107.828125,58,253.98486971855164,13.1,147.359375,25,148.8886637687683,10.7,243.6953125,178,253.52666020393372,5.6,146.17578125,47,150.55205464363098
2026-02-13T16:29:58,idle_without_VPN,9.2,28.6,8939.60300386375,4050.2316460485436,9848.470657295835,147419.29515139703,3.0,1328.55078125,53.3,50.0,1815.0,98.7,38.89453125,3,95.51794219017029,23.7,279.6796875,36,151.3878951072693,7.9,243.6953125,178,255.10277938842773,6.0,30.66015625,15,256.96984243392944,5.7,116.92578125,149,259.2150104045868
2026-02-13T16:29:59,idle_without_VPN,7.2,28.6,3355.0972952722,1415.760500951204,20897.13517800408,113954.69026755348,3.0,1328.55078125,53.384,50.0,1815.0,100.4,38.89453125,3,96.99662280082703,8.5,147.8046875,25,151.91170167922974,6.9,116.95703125,149,260.79545617103577,6.3,54.47265625,89,258.3829097747803,5.2,381.2578125,89,258.4648952484131
2026-02-13T16:30:01,idle_without_VPN,5.5,28.6,3606.7509084653957,1704.1450127311662,0.0,121722.67490854557,3.0,1327.61328125,53.052,51.0,1815.0,98.1,38.89453125,3,98.44645142555237,4.3,19.6328125,19,259.79727005958557,4.3,30.69921875,16,259.9186098575592,3.3,116.90625,149,262.2325451374054,3.2,94.4453125,27,228.48960828781128
2026-02-13T16:30:02,idle_without_VPN,5.7,28.6,1069.9769072778765,1140.4872217050174,0.0,32596.302250123717,3.0,1327.61328125,53.144,51.0,1815.0,100.7,38.89453125,3,99.93623232841492,7.4,54.47265625,89,261.3088414669037,5.3,30.6953125,16,261.39572167396545,4.3,116.921875,149,263.69707918167114,3.1,255.0078125,277,258.39229369163513
2026-02-13T16:30:04,idle_without_VPN,7.4,28.6,4026.5156594215405,2470.3325583992364,21801.200450747692,33723.73194725034,3.0,1327.61328125,53.06,51.0,1815.0,99.9,38.89453125,3,101.39001274108887,5.2,116.875,149,265.19962763786316,4.3,30.6953125,16,262.86052322387695,4.3,54.47265625,89,262.77271127700806,4.2,59.2109375,35,265.17097520828247
2026-02-13T16:30:05,idle_without_VPN,5.4,28.6,0.0,0.0,0.0,73080.94769440191,3.0,1329.99609375,53.191,51.0,1815.0,100.3,38.89453125,3,102.8230926990509,6.5,30.66015625,15,264.30010056495667,6.5,54.47265625,89,264.21219277381897,5.5,116.91015625,149,266.61836338043213,4.4,59.8046875,35,266.5942325592041
2026-02-13T16:30:07,idle_without_VPN,7.1,28.6,241.05671627851842,496.49465710774393,0.0,6661.931068060873,3.0,1325.05859375,53.241,51.0,1815.0,99.3,38.890625,3,104.30143857002258,8.4,274.65234375,36,160.15463852882385,5.3,59.8046875,35,268.0609595775604,4.3,116.87890625,148,268.0850546360016,2.1,30.66015625,15,265.77795577049255
2026-02-13T16:30:08,idle_without_VPN,5.5,28.6,364.37791572422896,66.0005281311811,0.0,7040.05633399265,4.0,1325.05859375,53.413,51.0,1815.0,100.0,38.2421875,3,105.75564312934875,6.5,30.69921875,16,267.22710037231445,5.4,275.83203125,36,161.61497688293457,4.3,116.84375,148,269.53323674201965,4.3,54.47265625,89,267.1390492916107
2026-02-13T16:30:10,idle_without_VPN,6.4,28.6,3221.684602038835,2386.784427509629,41289.60863126254,13184.917041915769,4.0,1325.37109375,53.52,51.0,1815.0,99.0,38.890625,3,107.30256152153015,19.7,280.53515625,36,163.2007875442505,6.3,116.83984375,148,271.011084318161,5.1,54.47265625,89,268.6589684486389,4.1,30.6953125,16,268.74437952041626
2026-02-13T16:30:11,idle_without_VPN,6.9,28.6,135.58003620377553,422.432242431208,0.0,10283.996820197493,5.0,1325.55859375,53.516,51.0,1815.0,98.7,38.890625,3,108.83703637123108,10.4,283.578125,36,164.70805716514587,6.9,116.84375,148,272.6041691303253,3.0,30.66015625,15,270.31425523757935,3.0,54.47265625,89,270.2271318435669
2026-02-13T16:30:13,idle_without_VPN,5.7,28.6,504.2630113348055,326.2878308636977,0.0,6903.279727364183,3.0,1321.74609375,53.494,51.0,1815.0,99.3,38.890625,3,110.31637024879456,7.4,116.87109375,148,274.0872588157654,6.4,284.76171875,36,166.17013669013977,5.3,30.66015625,15,271.7883560657501,4.2,59.8046875,35,274.08410811424255
2026-02-13T16:30:14,idle_without_VPN,5.7,28.6,34.38885416181563,0.0,0.0,83457.6223882271,3.0,1321.74609375,53.299,52.0,1815.0,98.6,38.890625,3,111.74256157875061,10.0,416.69921875,12,162.74027180671692,2.1,4.63671875,417,1770989413.0780637,2.1,116.81640625,148,275.54334926605225,1.1,8.1171875,16,276.67076349258423
2026-02-13T16:30:15,idle_without_VPN,5.2,28.4,0.0,399.4805266564657,0.0,7978.277752231258,3.0,1321.37109375,53.24,52.0,1815.0,99.9,38.890625,3,113.14933323860168,3.3,30.66015625,15,274.6230833530426,3.3,12.0546875,6,263.51484060287476,2.2,116.83984375,148,276.9517800807953,2.2,59.15234375,35,276.92734694480896
2026-02-13T16:30:17,idle_without_VPN,5.8,28.5,3884.9701280476284,527.3970337168105,268583.28510652034,40792.89142074838,3.0,1321.37109375,53.196,52.0,1815.0,99.2,38.89453125,3,114.59843564033508,5.5,116.84765625,148,278.37395691871643,4.4,59.1640625,35,278.35251665115356,3.3,4.63671875,417,1770989415.9089537,3.3,30.6953125,16,276.06258845329285
2026-02-13T16:30:18,idle_without_VPN,5.3,28.5,966.9445977793903,344.0868311039474,0.0,18961.810496843755,3.0,1321.37109375,53.324,52.0,1815.0,99.5,38.890625,3,116.07464861869812,5.2,116.8359375,148,279.86037158966064,4.2,30.69921875,16,277.54274129867554,4.2,54.47265625,89,277.4568223953247,3.2,59.7578125,35,279.83840441703796
2026-02-13T16:30:20,idle_without_VPN,5.6,28.4,1220.806321484012,0.0,0.0,10452.388571903246,3.0,1321.37109375,53.135,52.0,1815.0,99.2,38.890625,3,117.50781083106995,5.3,116.85546875,148,281.3270683288574,4.3,30.66015625,15,278.98550486564636,4.3,54.47265625,89,278.8978579044342,3.2,59.8125,35,281.29723596572876
2026-02-13T16:30:21,idle_without_VPN,5.2,28.4,1530.1851632100063,301.605856550501,29274.350436750054,46838.96069880008,3.0,1321.37109375,53.128,52.0,1815.0,101.0,38.890625,3,118.9009222984314,6.7,116.80078125,148,282.7244610786438,3.4,30.66015625,15,280.3778762817383,2.2,12.03125,5,269.2750473022461,1.1,4.63671875,417,1770989420.262958
2026-02-13T16:30:23,idle_without_VPN,5.6,28.4,2294.0707413717796,425.5189082369301,0.0,13961.038581210305,3.0,1321.37109375,54.542,52.0,1815.0,98.4,38.87890625,3,120.29815554618835,5.6,116.8359375,148,284.1177361011505,4.5,59.8125,35,284.089702129364,4.5,54.47265625,89,281.6866137981415,3.4,30.66015625,15,281.77441668510437
2026-02-13T16:30:24,idle_without_VPN,5.6,28.3,3093.4102143815603,0.0,351593.1795499786,2986148.983591493,3.0,1321.37109375,53.512,52.0,1815.0,98.5,38.875,3,121.69441556930542,4.5,59.81640625,35,285.4744665622711,3.4,30.6953125,16,283.1667697429657,2.2,4.640625,417,1770989423.045686,2.2,116.828125,148,285.5066318511963
2026-02-13T16:30:25,idle_without_VPN,5.4,28.3,61.307143721522806,61.307143721522806,23359.447505428598,291628.10245058517,3.0,1321.37109375,53.494,52.0,1815.0,99.2,38.875,3,123.09647703170776,6.6,30.6953125,16,284.5741651058197,3.3,116.81640625,148,286.90924191474915,3.3,59.81640625,35,286.88094449043274,2.2,4.640625,417,1770989424.4483094
2026-02-13T16:30:27,idle_without_VPN,5.6,28.3,252.2806852543457,346.88594222472534,0.0,8439.935652145385,3.0,1321.37109375,53.64,52.0,1815.0,100.1,38.875,3,124.48532772064209,5.6,116.8359375,148,288.30973291397095,5.6,30.6953125,16,285.96349239349365,2.3,135.07421875,53,243.67978835105896,2.2,59.81640625,35,288.28079628944397
2026-02-13T16:30:28,idle_without_VPN,6.9,28.3,6334.966801863889,2905.359276574799,0.0,204172.6989655702,3.0,1321.37109375,53.62,52.0,1815.0,99.7,38.875,3,125.87994456291199,5.6,116.8359375,148,289.69326615333557,2.3,4.640625,417,1770989427.2322893,2.3,59.171875,35,289.66111302375793,2.3,30.66015625,15,287.3488118648529
2026-02-13T16:30:29,idle_without_VPN,6.0,28.3,1841.5400709946189,2760.875885252836,1139666.6178925452,2797029.734247877,3.0,1321.37109375,53.509,51.0,1815.0,100.4,38.87890625,3,127.26475286483765,9.0,25.24609375,64,291.07723474502563,6.7,116.80859375,148,291.08751916885376,4.5,4.640625,417,1770989428.6262043,4.5,95.05078125,27,257.3289816379547
2026-02-13T16:30:31,idle_without_VPN,5.3,28.3,0.0,242.47318264623033,0.0,26602.7720389007,3.0,1321.37109375,53.56,51.0,1815.0,99.6,38.87890625,3,128.64508748054504,5.6,116.84765625,148,292.4740080833435,4.5,4.640625,417,1770989430.0110292,3.4,30.66015625,15,290.12276244163513,2.3,126.86328125,33,244.43068075180054
2026-02-13T16:30:32,idle_without_VPN,5.6,28.3,655.2532859260143,611.1907005383647,0.0,386795.58827000955,4.0,1321.37109375,53.504,51.0,1815.0,99.0,38.87890625,3,130.0818247795105,6.7,116.7578125,148,293.88275933265686,5.5,30.69921875,16,291.5555958747864,3.3,59.74609375,35,293.8598346710205,2.2,255.15625,276,288.5250382423401
2026-02-13T16:30:34,idle_without_VPN,5.8,28.3,725.8551158010689,146.95647566833372,0.0,8438.323238376097,4.0,1321.37109375,53.468,51.0,1815.0,99.5,38.88671875,3,131.63693118095398,7.2,30.6953125,16,293.07597041130066,6.4,59.75,35,295.3206949234009,6.2,383.94140625,88,293.0719847679138,5.4,116.80859375,148,295.34038853645325
2026-02-13T16:30:35,idle_without_VPN,8.4,28.3,5620.922684851096,1667.6849994414883,40614.419964101595,134535.2661310865,3.0,1328.87109375,53.508,50.0,1815.0,99.5,38.87890625,3,133.16040921211243,13.2,280.9140625,36,188.99091053009033,11.0,383.7421875,88,294.63515067100525,6.0,54.47265625,89,294.55018734931946,5.8,116.71875,148,296.9489471912384
2026-02-13T16:30:37,idle_without_VPN,7.1,28.4,2941.1174872321144,708.0971399482123,33401.52650934216,143348.21793592678,1.0,1324.62109375,51.764,50.0,1815.0,100.2,38.875,2,134.59447693824768,26.1,54.47265625,89,295.9850227832794,6.5,30.66015625,16,296.0728735923767,5.3,116.83984375,148,298.4220781326294,4.3,59.8046875,35,298.39730739593506
2026-02-13T16:30:38,idle_without_VPN,8.6,28.3,1979.8266698170562,2126.8104270813146,33446.97054191124,6461.346581960126,1.0,1324.62109375,51.327,50.0,1815.0,99.7,38.87890625,2,135.92646884918213,99.6,54.484375,89,297.3186857700348,5.9,30.66015625,15,297.4045717716217,3.5,255.20703125,276,294.36836099624634,2.3,116.734375,148,299.7684962749481
2026-02-13T16:30:40,idle_without_VPN,9.3,28.5,1024.1469337845529,577.1275127217424,595816.5588264042,282836.09288448916,1.0,1324.62109375,51.289,50.0,1815.0,100.0,38.23828125,2,137.33294987678528,98.1,54.5078125,89,298.72083592414856,3.3,30.66015625,15,298.80930185317993,2.3,4.640625,417,1770989438.6832907,2.3,60.14453125,37,301.11493611335754
2026-02-13T16:30:41,idle_without_VPN,12.6,29.5,110.06529350148375,116.4152142804155,40672365.819489,5085897.082116561,0.0,1324.62109375,51.138,49.0,1815.0,100.4,615.3359375,8,2.3641741275787354,100.3,38.8828125,2,138.75064706802368,99.7,54.5078125,89,300.1311209201813,4.4,30.66015625,15,300.21969079971313,2.2,95.4140625,26,268.80619764328003
2026-02-13T16:30:42,idle_without_VPN,13.7,30.6,2048.1449124876367,464.1222235350824,39544.07160646521,76525.10153473359,0.0,1324.62109375,51.269,49.0,1815.0,100.3,54.80078125,91,301.53384804725647,99.3,38.8828125,2,140.15130162239075,99.0,1254.875,8,3.771315336227417,4.5,95.4921875,26,270.1996898651123,4.5,30.75390625,16,301.6216666698456
2026-02-13T16:30:44,idle_without_VPN,14.7,30.8,260.0843081021312,613.7193494756923,7891616.080353451,98173.8645440208,0.0,1324.62109375,51.131,49.0,1815.0,99.9,38.8828125,2,141.68386673927307,72.3,54.94140625,91,303.0684540271759,15.3,415.81640625,90,303.1503255367279,6.2,4.640625,417,1770989443.0064502,3.1,95.390625,26,271.7188274860382
2026-02-13T16:30:45,idle_without_VPN,8.2,28.4,5081.003648427538,4456.922328099011,122067.5013963933,526326.3442562135,0.0,1324.62109375,51.282,49.0,1815.0,98.1,38.8828125,2,143.06925463676453,11.0,4.640625,416,1770989444.4323614,4.4,95.390625,26,273.13438415527344,3.4,412.01171875,90,304.5430111885071,3.4,30.78515625,17,304.54561495780945
2026-02-13T16:30:47,idle_without_VPN,7.4,28.3,413.881525610105,1125.6990430601081,480924.46209900425,159681.95030631,0.0,1324.62109375,51.173,49.0,1815.0,100.7,38.8828125,2,144.40384197235107,76.1,55.0703125,91,305.79320454597473,12.6,4.640625,416,1770989445.7943046,4.6,60.125,37,308.2125473022461,3.4,95.3984375,26,274.49562191963196
2026-02-13T16:30:48,idle_without_VPN,6.9,28.3,451.3119679658037,223.39187712019717,15456.302849397425,131378.57421987812,0.0,1324.62109375,51.254,48.0,1815.0,99.6,38.87890625,2,145.73728489875793,4.7,95.38671875,26,275.81705808639526,3.6,59.44140625,37,309.53280663490295,3.5,4.640625,416,1770989447.1196086,3.5,30.7890625,17,307.21653175354004
2026-02-13T16:30:49,idle_without_VPN,5.5,28.3,0.0,180.53214181999638,42956.162408821045,46791.53405246578,0.0,1324.62109375,51.135,48.0,1815.0,99.3,38.8828125,2,147.0896716117859,60.1,55.14453125,91,308.47938776016235,4.6,30.7890625,17,308.5678565502167,3.5,95.38671875,26,277.16073060035706,2.3,12.03125,5,297.43833327293396
2026-02-13T16:30:51,idle_without_VPN,8.0,28.3,396.86044312009363,556.7892784072956,41320.87240605632,42079.05355112157,0.0,1324.62109375,51.289,48.0,1815.0,100.1,38.8828125,2,148.43225193023682,13.9,55.1640625,91,309.8252463340759,5.8,95.390625,26,278.5067300796509,3.5,22.9921875,10,295.5604386329651,2.3,59.50390625,37,312.22551012039185
2026-02-13T16:30:52,idle_without_VPN,6.5,28.2,259.9681972806784,575.3273456865013,442796.7403864355,206840.15114549975,0.0,1324.62109375,51.149,48.0,1815.0,98.3,38.8828125,2,149.78268837928772,38.2,55.25390625,91,311.17541790008545,6.9,30.79296875,17,311.2628722190857,4.6,370.09765625,90,311.2586922645569,4.6,236.6328125,168,309.38968539237976
2026-02-13T16:30:53,idle_without_VPN,8.7,28.2,24100.63903450921,5553.2760956134725,14828.0436034112,306199.1004104413,0.0,1324.62109375,51.245,48.0,1815.0,100.5,38.89453125,3,151.16660833358765,35.1,55.3125,91,312.5569953918457,5.7,4.640625,416,1770989452.5399625,3.5,66.5625,23,271.61704564094543,3.4,376.6953125,90,312.642226934433
2026-02-13T16:30:55,idle_without_VPN,5.4,28.2,296.37196873233484,0.0,15327.51999908641,186229.36798889987,0.0,1324.62109375,51.057,48.0,1815.0,99.0,38.89453125,3,152.50749945640564,16.3,55.40234375,91,313.8948817253113,7.0,95.28125,26,282.5902509689331,4.7,59.50390625,37,316.3078660964966,3.5,12.171875,8,302.846075296402
2026-02-13T16:30:56,idle_without_VPN,8.7,28.2,58.09261592972399,243.54212062845826,73214.57072250753,165876.76179318113,0.0,1324.62109375,51.084,47.0,1815.0,98.7,38.25,3,153.83803009986877,57.4,55.42578125,91,315.2289698123932,5.8,95.17578125,26,283.9281277656555,4.7,30.7265625,15,315.3172972202301,3.5,255.640625,278,312.279310464859
2026-02-13T16:30:57,idle_without_VPN,5.1,28.2,592.2169735614052,676.1768482941615,0.0,15352.662808275416,0.0,1324.62109375,51.062,47.0,1815.0,100.7,38.89453125,3,155.17212295532227,7.0,95.1875,26,285.26917934417725,4.7,30.7265625,15,316.6533041000366,3.5,59.6953125,37,318.9854266643524,3.5,81.6484375,60,315.2238759994507
2026-02-13T16:30:59,idle_without_VPN,7.0,28.2,37.85618472334767,0.0,49618.85844058626,22871.192562457727,1.0,1324.62109375,51.1,47.0,1815.0,98.2,38.89453125,3,156.49340271949768,75.0,55.65234375,91,317.8779854774475,7.2,95.1953125,26,286.5751402378082,3.6,30.7265625,16,317.96581768989563,2.4,59.6953125,37,320.29417419433594
2026-02-13T16:31:00,idle_without_VPN,7.0,28.2,473.4650073006538,31.564333820043586,24626.19263369496,17315.291695566768,0.0,1324.62109375,51.044,47.0,1815.0,99.6,38.89453125,3,157.8425748348236,7.0,95.1953125,26,287.91164088249207,4.6,30.765625,16,319.3182055950165,3.5,59.50390625,37,321.6313428878784,2.3,375.93359375,91,319.3146958351135
2026-02-13T16:31:01,idle_without_VPN,6.2,28.2,1456.109273528353,103.00924623242517,24110.049861029343,13561.903046829006,1.0,1324.62109375,50.89,47.0,1815.0,98.2,38.89453125,3,159.21073007583618,69.3,55.65234375,91,320.5842604637146,8.8,415.54296875,11,210.23460817337036,8.0,95.40625,26,289.2784628868103,5.8,30.76171875,16,320.6715302467346
2026-02-13T16:31:03,idle_without_VPN,8.8,28.2,7163.9039471144715,2334.9853823306544,3490752.508347121,120991.62810033347,0.0,1324.62109375,50.723,47.0,1815.0,100.4,38.2578125,3,160.61199164390564,5.5,55.7109375,91,321.9984676837921,4.4,30.7578125,15,322.0864682197571,3.3,19.51953125,18,324.6179175376892,3.3,106.68359375,16,281.33496260643005
2026-02-13T16:31:04,idle_without_VPN,5.8,28.2,457.18892727701,138.2717731276811,24359.620762622868,127126.77085493809,0.0,1324.62109375,50.653,47.0,1815.0,99.0,38.90625,3,161.93788647651672,49.4,55.88671875,91,323.32793855667114,11.6,95.44140625,26,292.03362560272217,4.7,30.76171875,16,323.416143655777,3.5,60.15625,37,325.74915623664856
2026-02-13T16:31:05,idle_without_VPN,8.2,28.2,0.0,40.494282069550586,39930.36169702648,268762.04988383205,0.0,1324.62109375,50.727,47.0,1815.0,100.3,38.91015625,3,163.29323363304138,24.2,55.91015625,91,324.68209958076477,9.3,95.4453125,26,293.3710479736328,5.8,30.7578125,16,324.77014899253845,1.2,4.640625,416,1770989464.663689
2026-02-13T16:31:07,idle_without_VPN,5.4,28.2,1305.6199221789884,490.53792971263016,62121.90206691542,411605.2406887648,0.0,1324.62109375,50.54,47.0,1815.0,98.4,38.91015625,3,164.62690138816833,25.7,55.91015625,91,326.01870822906494,11.7,95.42578125,26,294.7105655670166,4.7,30.765625,16,326.1059489250183,1.2,116.95703125,149,328.46731543540955
2026-02-13T16:31:08,idle_without_VPN,8.8,28.2,0.0,40.54554034246286,0.0,33061.13393258009,0.0,1324.62109375,50.449,47.0,1815.0,100.1,38.91015625,3,165.95390796661377,48.3,56.01953125,91,327.34487748146057,12.9,95.53515625,26,296.0442886352539,5.9,30.7265625,15,327.4322135448456,4.7,60.15625,37,329.7597177028656
2026-02-13T16:31:10,idle_without_VPN,5.3,28.2,0.0,0.0,36510.71221189551,56667.66791221282,0.0,1324.62109375,50.602,47.0,1815.0,99.4,38.91015625,3,167.32112336158752,8.1,95.546875,26,297.3976163864136,3.5,60.15625,37,331.1156940460205,3.4,30.765625,16,328.8013014793396,3.4,56.01953125,91,328.71309781074524
2026-02-13T16:31:11,idle_without_VPN,8.0,28.2,4822.828728391931,2954.7325752657675,0.0,58404.30034960021,0.0,1324.62109375,50.672,48.0,1815.0,100.5,38.91015625,3,168.65799021720886,71.3,56.078125,91,330.0503282546997,17.5,95.49609375,26,298.7404417991638,3.5,30.76171875,16,330.13789558410645,2.3,59.53515625,37,332.4556202888489
2026-02-13T16:31:12,idle_without_VPN,6.2,28.2,262.4217514311579,360.82990821784205,24429.07940595506,11451.130971541434,0.0,1324.62109375,50.442,48.0,1815.0,98.6,38.91015625,3,170.00547099113464,10.4,95.66796875,28,300.0924229621887,4.6,30.765625,16,331.4852149486542,2.3,23.1640625,12,317.1243562698364,2.3,48.8984375,61,301.4962725639343
2026-02-13T16:31:14,idle_without_VPN,6.6,28.2,97.85761152385311,81.54800960321091,0.0,75913.78348517089,0.0,1324.62109375,50.493,48.0,1815.0,99.5,38.90625,3,171.33986711502075,75.2,56.1796875,91,332.72660064697266,15.2,95.68359375,28,301.4275577068329,2.4,30.7265625,16,332.81416964530945,2.3,59.6484375,37,335.1482615470886
2026-02-13T16:31:15,idle_without_VPN,7.3,28.2,241.3068793136749,0.0,0.0,18417.26045345613,0.0,1324.62109375,50.743,48.0,1815.0,99.3,38.90625,3,172.6930754184723,16.3,95.703125,28,302.7709617614746,5.7,30.76171875,16,334.17377042770386,3.5,170.765625,39,301.37835717201233,2.3,59.515625,37,336.48623919487
2026-02-13T16:31:16,idle_without_VPN,5.9,28.2,0.0,40.07361335789377,0.0,11778.67391141648,0.0,1324.62109375,50.599,48.0,1815.0,99.7,38.90625,3,174.02526783943176,56.5,56.26953125,91,335.414363861084,14.0,95.59765625,28,304.1103882789612,3.5,30.7265625,16,335.5017001628876,2.3,59.55859375,37,337.8276844024658
2026-02-13T16:31:18,idle_without_VPN,8.2,28.2,262.6630767123239,361.16173047944534,73354.63378729628,129898.83066500381,0.0,1324.62109375,50.664,48.0,1815.0,97.8,38.90234375,3,175.36743474006653,19.8,56.28515625,91,336.75846099853516,12.8,95.6015625,28,305.45735931396484,3.5,59.55859375,37,339.17315316200256,3.5,30.765625,16,336.8462481498718
2026-02-13T16:31:19,idle_without_VPN,5.6,28.2,0.0,40.22688652654335,12205.135349090488,20596.165901590197,0.0,1324.62109375,50.647,48.0,1815.0,100.5,38.8984375,3,176.6886191368103,31.9,56.28515625,91,338.08236598968506,14.1,95.6328125,28,306.79094314575195,3.5,59.55859375,37,340.50627040863037,2.4,30.7265625,15,338.1708359718323
2026-02-13T16:31:20,idle_without_VPN,9.0,28.2,0.0,41.47842783986117,0.0,12191.585308782898,0.0,1324.62109375,50.745,48.0,1815.0,98.2,38.90234375,3,178.00961303710938,43.9,56.3671875,91,339.39808106422424,12.0,95.7734375,28,308.0925600528717,8.3,336.47265625,98,309.14189624786377,4.8,59.57421875,37,341.8146975040436
2026-02-13T16:31:22,idle_without_VPN,5.8,28.2,3996.212183660835,3683.7728362193793,0.0,15033.226240267437,0.0,1324.62109375,50.567,48.0,1815.0,100.0,38.90625,3,179.33818769454956,12.7,336.47265625,98,310.49080657958984,11.8,95.78125,28,309.42187309265137,4.7,56.48828125,91,340.72818541526794,3.5,59.57421875,37,343.1359453201294
2026-02-13T16:31:23,idle_without_VPN,8.1,28.1,309.823732147821,358.7432688027401,36431.71311609975,3706547.312551524,1.0,1324.62109375,50.612,49.0,1815.0,99.5,38.90625,3,180.735995054245,67.1,56.5390625,91,342.12535881996155,16.0,95.8125,28,310.7906913757324,15.5,336.47265625,98,311.90335726737976,6.7,30.7265625,15,342.2122938632965
2026-02-13T16:31:24,idle_without_VPN,7.4,28.1,1312.0787306149753,4056.286452450171,153302.77043689112,26032.545923245663,0.0,1324.62109375,50.75,49.0,1815.0,99.6,38.91015625,3,182.1478943824768,18.0,336.45703125,97,313.29072523117065,15.4,95.828125,28,312.2101285457611,4.5,30.7265625,15,343.6170334815979,2.3,23.1640625,12,329.2675693035126
2026-02-13T16:31:26,idle_without_VPN,9.3,28.2,2386.6569323273056,118.4712376155251,130872.66316761811,41173.422120149524,0.0,1324.62109375,50.632,49.0,1815.0,99.9,38.91015625,3,183.5562708377838,71.0,56.6875,91,344.94269251823425,22.1,390.56640625,91,345.02470898628235,21.0,336.45703125,97,314.7076361179352,17.8,95.859375,28,313.6136209964752
2026-02-13T16:31:27,idle_without_VPN,8.7,28.1,2659.1928714229825,458.6277367933871,1254409.753609998,180545.27460380414,0.0,1324.62109375,50.749,49.0,1815.0,99.2,38.91015625,3,184.92727994918823,21.3,95.875,28,315.0040180683136,13.7,336.46484375,97,316.0736198425293,6.8,30.76171875,16,346.40636372566223,2.3,59.52734375,37,348.7219069004059
2026-02-13T16:31:28,idle_without_VPN,7.6,28.2,0.0,0.0,12050.703957262464,55357.92130367444,0.0,1324.62109375,50.792,49.0,1815.0,99.9,38.91015625,3,186.2880117893219,73.8,56.796875,91,347.6737458705902,20.7,95.96875,28,316.36341285705566,9.3,336.4921875,97,317.4215030670166,4.6,30.7265625,15,347.7615931034088
2026-02-13T16:31:30,idle_without_VPN,8.4,28.2,37.35928710036521,40.34803006839443,70390.87438302411,131600.33036826248,4.0,1324.62109375,50.91,49.0,1815.0,99.8,38.90625,3,187.60308456420898,16.4,95.8984375,28,317.6948471069336,10.6,336.4921875,97,318.7436933517456,3.5,59.50390625,37,351.4104628562927,2.4,30.765625,16,349.0845172405243
2026-02-13T16:31:31,idle_without_VPN,6.4,28.1,0.0,40.67651640036874,0.0,3471.062732831466,0.0,1324.62109375,50.81,49.0,1815.0,100.9,38.90625,3,188.93481135368347,48.3,57.00390625,91,350.32337284088135,20.0,95.91015625,28,319.02519822120667,9.3,336.4921875,97,320.08424282073975,3.5,59.50390625,37,352.74542593955994
2026-02-13T16:31:33,idle_without_VPN,8.9,28.2,686.8755126280249,663.7809997305534,0.0,9154.366918842918,0.0,1324.62109375,50.791,50.0,1815.0,99.4,38.90625,3,190.30325865745544,25.2,57.09765625,91,351.6870713233948,15.1,95.98828125,28,320.37519907951355,5.7,30.76171875,16,351.7749044895172,4.6,97.71484375,33,344.71120977401733
2026-02-13T16:31:34,idle_without_VPN,6.4,28.2,547.4983161316716,473.43355718547724,77329.4173405285,77329.4173405285,0.0,1324.62109375,50.796,50.0,1815.0,99.7,38.90625,3,191.6499719619751,28.6,95.953125,28,321.7422239780426,27.7,57.17578125,91,353.03980350494385,8.2,336.4921875,97,322.7825675010681,3.5,30.765625,16,353.1249511241913
2026-02-13T16:31:35,idle_without_VPN,9.9,28.1,369.5183188491825,0.0,74436.73937735663,226799.44029038347,0.0,1324.62109375,50.872,50.0,1815.0,99.7,38.90625,3,192.9817020893097,46.8,57.1953125,91,354.374463558197,22.4,95.96875,28,323.06743693351746,8.2,30.765625,16,354.46214270591736,5.9,336.4921875,97,324.1159973144531
2026-02-13T16:31:37,idle_without_VPN,6.9,28.2,456.41968742119354,888.0665957553815,0.0,117612.14682179807,0.0,1324.62109375,50.865,50.0,1815.0,99.5,38.90625,3,194.31671237945557,30.6,95.98828125,28,324.3957781791687,17.6,336.2109375,97,325.4490520954132,4.7,30.765625,16,355.7924871444702,3.5,57.28515625,91,355.7081768512726
2026-02-13T16:31:38,idle_without_VPN,9.7,28.1,560.9110356724593,709.7855464809674,0.0,17323.579439535475,0.0,1324.62109375,50.886,50.0,1815.0,99.8,38.90625,3,195.63161516189575,72.5,57.3046875,91,357.02241110801697,39.1,336.21484375,97,326.76689052581787,24.7,95.9921875,28,325.7225956916809,4.7,59.71875,37,359.4413859844208
2026-02-13T16:31:39,idle_without_VPN,9.5,28.1,361.04939789690235,0.0,3119.954290687156,57329.16009137649,0.0,1324.62109375,50.883,50.0,1815.0,86.5,38.91015625,3,196.98577857017517,23.0,336.23046875,97,328.126681804657,3.5,96.0546875,28,327.0475354194641,3.5,58.484375,37,360.7658383846283,2.3,30.7265625,15,358.45620822906494
2026-02-13T16:31:41,idle_without_VPN,8.0,28.2,1175.1372661270173,637.3502674046965,0.0,6697.628351655282,0.0,1324.62109375,50.956,50.0,1815.0,75.2,38.91015625,3,198.33653450012207,73.7,57.328125,91,359.7260391712189,5.7,30.7265625,16,359.813688993454,2.3,4.640625,416,1770989499.7096727,2.3,59.5078125,37,362.1346654891968
2026-02-13T16:31:42,idle_without_VPN,7.9,28.1,795.3555871875103,312.8300268715254,0.0,9821.682353098458,0.0,1324.62109375,51.083,50.0,1815.0,88.4,38.91015625,3,199.69755291938782,3.5,255.98046875,278,358.1363377571106,3.4,59.41796875,37,363.4993236064911,3.4,30.765625,16,361.1787235736847,2.3,97.828125,33,354.1043379306793
2026-02-13T16:31:43,idle_without_VPN,7.3,28.1,1476.0271000781536,935.5101338523508,24329.203227042723,6842.588407605766,1.0,1324.62109375,51.073,50.0,1815.0,97.0,38.91015625,3,201.03429460525513,57.5,57.5390625,91,362.42300510406494,2.3,30.7265625,15,362.5103368759155,2.3,12.14453125,7,351.38392543792725,1.2,32.4140625,13,365.7676725387573
2026-02-13T16:31:45,idle_without_VPN,9.9,28.1,5521.003361938036,1348.8030075589431,0.0,93071.04310918853,1.0,1324.62109375,51.134,50.0,1815.0,99.7,38.91015625,3,202.41285133361816,17.0,57.5625,91,363.80409717559814,5.7,18.94921875,8,366.4235780239105,3.4,30.7265625,15,363.891902923584,3.4,46.8203125,54,362.8112940788269
2026-02-13T16:31:46,idle_without_VPN,5.3,28.1,0.0,174.98369551857863,127138.36107919166,117101.1220466239,1.0,1324.62109375,51.038,51.0,1815.0,100.2,38.91015625,3,203.80052399635315,38.3,57.6484375,91,365.1898338794708,9.0,387.42578125,91,365.2750988006592,5.6,30.76171875,16,365.2782406806946,3.4,4.640625,416,1770989505.1673667
2026-02-13T16:31:47,idle_without_VPN,8.1,28.2,499.4052991811614,444.0819576551046,0.0,119043.86916050104,0.0,1324.62109375,51.052,51.0,1815.0,99.1,38.91015625,3,205.10972476005554,35.8,57.66796875,91,366.4979667663574,7.1,48.8828125,60,336.59526538848877,4.7,4.640625,416,1770989506.5016935,3.6,30.7265625,15,366.58646273612976
2026-02-13T16:31:49,idle_without_VPN,5.8,28.2,410.4763896586208,83.61556085638573,0.0,119482.07561500122,0.0,1324.62109375,51.08,51.0,1815.0,100.2,38.91015625,3,206.41922760009766,10.7,57.7578125,91,367.8079209327698,4.8,30.765625,16,367.89648723602295,3.6,4.640625,416,1770989507.818225,2.4,256.03125,278,364.85489892959595
2026-02-13T16:31:50,idle_without_VPN,7.6,28.2,32.052745605184896,32.052745605184896,12503.623428460698,70723.62001723082,0.0,1324.62109375,51.035,51.0,1815.0,99.6,38.91015625,3,207.73653078079224,64.0,57.7734375,91,369.1260657310486,3.6,30.7265625,15,369.21392464637756,3.6,256.03515625,278,366.1703505516052,2.4,4.640625,416,1770989509.1282303
2026-02-13T16:31:51,idle_without_VPN,5.7,28.1,0.0,41.14942756776938,0.0,9753.938386434224,0.0,1324.62109375,51.049,51.0,1815.0,99.4,38.91015625,3,209.0564260482788,3.6,4.640625,416,1770989510.440929,3.5,30.7265625,15,370.53462266921997,2.4,58.4140625,37,372.863742351532,2.4,12.14453125,7,359.4044895172119
2026-02-13T16:31:53,idle_without_VPN,7.0,28.2,504.64245070280475,448.73894568482933,0.0,10443.379099574211,0.0,1324.62109375,51.017,51.0,1815.0,97.9,38.90625,3,210.36520886421204,81.1,57.859375,91,371.7568871974945,3.6,30.7265625,15,371.843829870224,3.5,4.640625,416,1770989511.7637496,2.4,96.0625,28,340.46439838409424
2026-02-13T16:31:54,idle_without_VPN,7.0,28.1,0.0,41.017175996922795,0.0,40057.07024766149,0.0,1324.62109375,51.148,51.0,1815.0,99.0,38.90625,3,211.69143199920654,8.2,30.7265625,15,373.1710755825043,5.9,59.4921875,37,375.5007908344269,3.5,248.13671875,51,354.6689381599426,2.4,95.34375,29,301.3021352291107
2026-02-13T16:31:55,idle_without_VPN,6.3,28.1,0.0,40.68675360211083,24689.32485248088,14659.286631160521,0.0,1324.62109375,51.131,51.0,1815.0,98.4,38.90625,3,213.01005244255066,53.3,58.06640625,91,374.4018247127533,3.6,30.765625,16,374.4900166988373,2.4,59.6640625,37,376.827605009079,2.4,25.4375,15,360.13204288482666
2026-02-13T16:31:57,idle_without_VPN,7.7,28.1,197.10275454942644,50.226956757768896,0.0,112605.79299293255,0.0,1324.62109375,51.283,51.0,1815.0,100.3,38.90625,3,214.33478355407715,21.3,58.08984375,91,375.7218189239502,4.7,30.7265625,15,375.8101155757904,3.5,81.6484375,60,374.38695788383484,2.4,12.14453125,7,364.67660212516785
2026-02-13T16:31:58,idle_without_VPN,5.1,28.1,318.81795168583,315.7959805798032,0.0,37520.79325242906,5.0,1324.62109375,51.219,52.0,1815.0,99.2,38.90234375,3,215.64177823066711,27.4,58.17578125,91,377.03488087654114,4.8,30.76171875,16,377.1231310367584,1.2,116.9453125,149,379.50637578964233,1.2,60.26953125,36,379.4623177051544
2026-02-13T16:31:59,idle_without_VPN,7.9,28.1,340.2669474618335,135.7981468328406,12641.572941529888,43060.357832086185,0.0,1324.62109375,51.299,52.0,1815.0,99.5,38.90234375,3,216.94493985176086,49.3,58.19921875,91,378.33485984802246,9.5,414.62890625,11,267.908162355423,3.6,30.7265625,15,378.42288184165955,3.6,12.14453125,7,367.2843403816223
2026-02-13T16:32:00,idle_without_VPN,6.0,28.1,50.01871274444792,131.86751541718087,12416.766509167192,43070.658828673695,4.0,1324.62109375,51.351,52.0,1815.0,100.3,38.90234375,3,218.2696282863617,7.0,30.76171875,15,379.7538089752197,5.9,60.30859375,36,382.0774405002594,2.4,20.140625,19,379.6400737762451,2.4,256.05078125,278,376.7053165435791
2026-02-13T16:32:02,idle_without_VPN,7.1,28.1,0.0,0.0,0.0,11343.97469961531,0.0,1324.62109375,51.231,52.0,1815.0,99.4,38.90234375,3,219.59017324447632,76.0,58.3046875,91,380.9806046485901,4.8,30.7265625,15,381.0641133785248,2.4,96.265625,28,349.6769506931305,2.4,60.30859375,36,383.39426016807556
2026-02-13T16:32:03,idle_without_VPN,6.1,28.1,311.772238737546,360.99943432768487,0.0,26349.97523952159,9.0,1318.43359375,54.632,53.0,1815.0,98.3,38.91015625,3,220.94144415855408,3.5,60.30859375,36,384.73185300827026,3.5,30.765625,16,382.41512060165405,3.3,119.6796875,99,277.19637656211853,2.2,277.15625,35,276.8079743385315
2026-02-13T16:32:05,idle_without_VPN,7.6,28.1,0.0,0.0,19265.286957881333,51947.470190001455,4.0,1328.80859375,53.412,52.0,1815.0,96.8,38.91015625,3,222.55497932434082,19.4,58.3046875,91,383.93554282188416,8.9,121.0546875,99,278.7721242904663,8.8,30.765625,16,384.01996064186096,8.3,116.94921875,149,386.2705419063568
2026-02-13T16:32:06,idle_without_VPN,7.6,28.1,0.0,34.562890085413635,0.0,7209.562850409245,4.0,1329.99609375,55.08,52.0,1815.0,99.2,38.91015625,3,224.11444735527039,10.8,121.3515625,99,280.3660788536072,9.0,117.08203125,149,387.8313846588135,6.9,280.52734375,35,280.0055191516876,6.0,4.640625,416,1770989525.3629777
2026-02-13T16:32:08,idle_without_VPN,7.1,28.1,261.4824743621102,344.0558873185661,71743.78473598493,296583.68154250906,5.0,1334.37109375,54.098,52.0,1815.0,100.0,38.91015625,3,225.70823407173157,10.0,276.8828125,35,281.56047916412354,7.8,117.046875,149,389.43327379226685,7.0,121.08203125,99,281.92561864852905,5.9,30.7265625,15,387.1819784641266
2026-02-13T16:32:10,idle_without_VPN,6.2,28.1,50.09994730523957,105.33835074434987,0.0,121349.78005749104,4.0,1362.92578125,54.267,52.0,1815.0,100.0,38.91015625,3,227.41077280044556,36.4,292.0,35,283.321581363678,20.1,132.40625,99,283.71185517311096,8.3,30.7265625,15,388.8690936565399,6.1,146.76171875,31,282.04259157180786
2026-02-13T16:32:11,idle_without_VPN,10.2,28.1,129.2382425802058,91.12953002450408,27146.658544026814,139126.62503813743,3.0,1352.92578125,54.297,52.0,1815.0,96.6,38.91015625,3,229.14291214942932,14.5,281.48828125,35,285.0487666130066,11.3,117.07421875,149,392.79693579673767,8.3,132.57421875,99,285.40449690818787,6.0,4.640625,416,1770989530.3305378
2026-02-13T16:32:13,idle_without_VPN,8.2,28.1,309.2303286594564,361.58034492857695,0.0,9661.621607249786,3.0,1352.73828125,53.853,52.0,1815.0,97.5,38.91015625,3,230.6157350540161,10.5,117.01171875,149,394.4317886829376,5.2,57.40625,91,392.0011034011841,4.9,59.46875,36,394.39938282966614,4.1,30.765625,16,392.0893051624298
2026-02-13T16:32:14,idle_without_VPN,5.3,28.1,36.39987107360729,0.0,0.0,15282.121871543282,4.0,1335.30078125,54.044,51.0,1815.0,98.2,38.91015625,3,232.0472915172577,9.5,130.34375,99,288.2637765407562,6.5,282.48046875,35,287.88892889022827,4.6,117.03515625,149,395.8049259185791,4.4,30.7265625,15,393.5244891643524
2026-02-13T16:32:16,idle_without_VPN,7.7,28.1,357.2106470645775,42.709968670764695,437350.0791886305,7951.819621611464,4.0,1339.48828125,54.034,51.0,1815.0,100.0,38.92578125,3,233.7036111354828,19.9,282.90625,35,289.62267446517944,18.2,130.3984375,99,289.9776155948639,12.2,167.59375,51,302.02381920814514,8.9,117.0546875,149,397.38803029060364
2026-02-13T16:32:18,idle_without_VPN,8.5,28.1,19818.224032451115,6842.966013101944,1162691.7813169863,297425.5611486443,3.0,1342.17578125,54.153,51.0,1815.0,98.7,38.28125,3,235.5243215560913,12.6,283.94140625,35,291.4807984828949,11.0,57.33203125,24,394.14497089385986,7.6,4.640625,416,1770989536.538847,7.6,128.640625,99,291.83316588401794
2026-02-13T16:32:20,idle_without_VPN,9.3,28.1,20288.856534707564,21972.72782313851,3136805.5421981546,600239.3836642931,3.0,1338.17578125,53.977,51.0,1815.0,98.5,38.921875,3,237.4112832546234,30.1,286.97265625,35,293.3526165485382,24.8,59.109375,24,396.0349369049072,17.1,76.8671875,30,397.836466550827,16.7,128.6875,99,293.70731711387634
2026-02-13T16:32:21,idle_without_VPN,12.2,28.2,24700.83430669014,8303.686955252251,2216872.0934702517,851693.3227486509,3.0,1338.17578125,53.678,50.0,1815.0,97.8,38.921875,3,239.10432505607605,14.8,99.1171875,45,399.5280349254608,9.4,59.61328125,24,397.69307351112366,6.6,18.92578125,8,402.97117948532104,6.5,30.7578125,16,400.54216742515564
2026-02-13T16:32:23,idle_without_VPN,9.4,28.3,1520951.3061944472,24303.337205303887,1458461.8101162908,3237306.0271304944,3.0,1358.17578125,53.738,50.0,1815.0,98.8,38.91015625,3,241.0174322128296,78.6,97.60546875,46,401.4352557659149,13.9,58.23828125,24,399.60297441482544,11.5,236.6328125,159,400.5982599258423,11.4,29.88671875,10,399.68487882614136
2026-02-13T16:32:25,idle_without_VPN,17.3,28.3,3093947.179941571,24392.29124807483,116846046.07476114,130096053.52142781,4.0,1361.80078125,53.971,50.0,1815.0,98.8,38.8984375,3,242.66211986541748,19.2,19.51171875,10,406.5865795612335,13.9,40.12109375,6,406.29607605934143,13.3,86.92578125,46,403.0844943523407,8.9,4.64453125,417,1770989543.923562
2026-02-13T16:32:27,idle_without_VPN,6.9,28.2,47.76242701644809,580.8943826324768,463971.96129621187,319559.0360209664,5.0,1366.67578125,54.357,50.0,1815.0,99.6,38.90234375,3,244.17166471481323,22.0,296.59375,37,300.09699511528015,15.2,119.9453125,148,407.93346309661865,7.0,129.48046875,101,300.459819316864,6.3,30.68359375,13,405.60828828811646
2026-02-13T16:32:28,idle_without_VPN,8.8,28.3,13428.392886380007,5317.724537899543,67354.47102618337,303742.7587623077,2.0,1366.61328125,53.235,49.0,1815.0,96.6,38.90234375,3,245.8830122947693,31.2,300.4296875,37,301.750599861145,12.3,148.1875,25,300.8335235118866,10.8,118.50390625,148,409.52017426490784,9.9,236.7421875,159,405.47917222976685
2026-02-13T16:32:30,idle_without_VPN,9.0,28.3,15804.112108929594,5925.634315003775,79318.29462174988,279782.890794688,6.0,1346.67578125,53.295,49.0,1815.0,99.7,38.90625,3,247.38816261291504,13.6,301.51171875,37,303.2477924823761,6.1,30.6875,14,408.85566544532776,5.2,130.16796875,101,303.61368227005005,4.1,56.65625,89,408.7751431465149
2026-02-13T16:32:31,idle_without_VPN,8.2,28.3,60733.61163208089,6117.103274117836,0.0,142582.98015798535,1.0,1348.55078125,51.444,49.0,1815.0,98.6,38.90234375,3,248.87780117988586,75.2,56.65625,89,410.2703466415405,34.6,302.3515625,37,304.69179821014404,7.6,143.55859375,48,305.4397933483124,6.5,97.078125,28,378.89163088798523
2026-02-13T16:32:32,idle_without_VPN,11.3,28.3,0.0,248.27769931020472,23112.39673578633,172620.71312040417,8.0,1348.30078125,54.662,49.0,1815.0,98.6,38.90234375,3,250.24083876609802,58.6,56.65625,89,411.6313042640686,4.6,30.6484375,13,411.70882964134216,3.4,129.1953125,101,306.42055106163025,3.3,59.328125,33,414.03139996528625
2026-02-13T16:32:34,idle_without_VPN,6.0,28.3,428.5423717577542,242.21960142829587,0.0,59439.83023925613,3.0,1347.55078125,53.156,49.0,1815.0,98.7,38.90234375,3,251.64897847175598,4.5,117.6015625,148,415.4468443393707,3.4,59.328125,33,415.42790937423706,2.3,184.04296875,107,387.7744436264038,2.2,4.64453125,417,1770989552.986385
2026-02-13T16:32:35,idle_without_VPN,5.5,28.2,55.89834009688877,273.0418920117259,0.0,59441.43488456848,3.0,1341.92578125,53.271,48.0,1815.0,100.9,38.90234375,3,253.01146841049194,5.6,117.609375,148,416.84124660491943,5.6,96.984375,28,383.08512926101685,3.4,59.30078125,33,416.8012464046478,3.4,30.6875,14,414.4846408367157
2026-02-13T16:32:37,idle_without_VPN,6.1,28.2,430.4087562223844,48.393488774578145,0.0,159927.28217576953,3.0,1323.67578125,53.165,48.0,1815.0,100.0,38.90234375,3,254.3867757320404,5.7,30.6484375,13,415.8565638065338,3.4,117.54296875,148,418.2102198600769,3.4,96.9921875,28,384.45385932922363,3.4,59.28515625,33,418.17069005966187
2026-02-13T16:32:38,idle_without_VPN,6.1,28.2,252.32936442489168,385.6624944903174,101298.77030002924,2760758.5152058695,3.0,1323.67578125,53.141,48.0,1815.0,98.6,38.90234375,3,255.78111910820007,5.6,117.58984375,148,419.60245394706726,5.6,97.0,28,385.8513488769531,4.5,398.85546875,88,417.2447853088379,4.5,11.4765625,4,179.74081182479858
2026-02-13T16:32:39,idle_without_VPN,5.3,28.2,944.1669342724441,0.0,141120.70252380183,1469757.103944702,3.0,1323.67578125,53.177,48.0,1815.0,100.1,38.90234375,3,257.1547598838806,6.9,59.30859375,33,420.93750405311584,5.7,97.00390625,28,387.2201437950134,3.4,4.64453125,417,1770989558.5045722,3.4,117.625,148,420.96689462661743
2026-02-13T16:32:41,idle_without_VPN,6.5,28.2,283.5232437831261,300.8818097290318,47400.457409619776,87024.2772754738,3.0,1323.67578125,53.123,48.0,1815.0,99.6,38.90234375,3,258.5202372074127,6.8,117.5546875,148,422.34863090515137,4.6,97.03125,28,388.5908553600311,4.6,30.6875,14,419.9870991706848,3.4,4.64453125,417,1770989559.8883328
2026-02-13T16:32:42,idle_without_VPN,5.2,28.2,0.0,0.0,0.0,83377.69049111805,3.0,1323.67578125,53.104,48.0,1815.0,99.9,38.90234375,3,259.8970808982849,5.7,117.59375,148,423.718435049057,4.5,30.6484375,13,421.36745500564575,3.4,56.25,89,421.2887387275696,2.3,97.6875,30,414.305814743042
2026-02-13T16:32:43,idle_without_VPN,5.8,28.2,256.4548194005843,352.62537667580347,0.0,54834.70320274313,3.0,1323.67578125,53.147,47.0,1815.0,100.9,38.90234375,3,261.25996828079224,8.0,117.61328125,148,425.09187960624695,6.8,97.04296875,28,391.34290862083435,4.6,30.6875,14,422.7339241504669,2.3,59.453125,33,425.0612757205963
2026-02-13T16:32:45,idle_without_VPN,5.8,28.2,36.631418396023484,39.56193186770536,60016.91590004487,139539.32946760434,3.0,1323.67578125,53.243,47.0,1815.0,99.9,38.8984375,3,262.6367247104645,5.7,117.58984375,148,426.4564309120178,5.7,56.25,89,424.01815366744995,3.5,97.203125,28,392.6964817047119,3.4,30.6875,14,424.0978744029999
2026-02-13T16:32:46,idle_without_VPN,5.6,28.2,0.0,0.0,0.0,4735.586680173673,3.0,1323.67578125,53.155,47.0,1815.0,97.4,38.8984375,3,264.04816365242004,7.8,117.58984375,148,427.86137318611145,5.5,97.2109375,28,394.1156222820282,5.5,59.453125,33,427.8351004123688,4.4,30.6484375,13,425.52075028419495
2026-02-13T16:32:48,idle_without_VPN,6.0,28.2,254.4503555578305,388.9042366196387,0.0,214293.4630807038,7.0,1323.67578125,53.136,47.0,1815.0,98.3,38.8984375,3,265.41456365585327,10.2,97.21875,28,395.48964166641235,6.8,117.60546875,148,429.24310541152954,5.7,59.453125,33,429.2074043750763,4.6,30.6484375,13,426.8827602863312
2026-02-13T16:32:49,idle_without_VPN,6.5,28.2,0.0,0.0,0.0,31603.968621097083,3.0,1323.67578125,53.024,47.0,1815.0,100.2,38.8984375,3,266.78627038002014,5.7,117.59375,148,430.604807138443,5.7,97.1328125,28,396.8539423942566,4.6,30.68359375,14,428.255313873291,3.4,4.64453125,417,1770989568.1438055
2026-02-13T16:32:50,idle_without_VPN,5.8,28.2,0.0,39.64618940975438,3007.2368855991467,4510.85532839872,4.0,1323.67578125,53.139,47.0,1815.0,100.1,38.88671875,2,268.1440517902374,5.7,117.12109375,148,431.96803045272827,5.7,97.14453125,28,398.2162461280823,4.6,30.6875,14,429.6099328994751,3.5,91.27734375,118,386.4510087966919
2026-02-13T16:32:52,idle_without_VPN,5.6,28.2,191.79739973602437,383.59479947204875,0.0,47240.28075922442,3.0,1323.67578125,52.804,47.0,1815.0,99.0,38.88671875,2,269.53292322158813,7.9,97.21484375,28,399.59314823150635,5.7,117.125,148,433.34772419929504,3.4,30.68359375,14,430.99850153923035,2.3,4.64453125,417,1770989570.8840008
2026-02-13T16:32:53,idle_without_VPN,5.8,28.2,412.9152590279369,481.9742570535152,11786.068996365362,58193.71566955398,4.0,1323.67578125,52.785,47.0,1815.0,100.3,38.90234375,3,270.935485124588,11.2,97.1875,28,400.9854168891907,6.7,117.109375,148,434.7388093471527,5.5,125.25,101,327.1225917339325,3.3,30.6484375,14,432.39874720573425
2026-02-13T16:32:55,idle_without_VPN,7.1,28.2,189.27250738563546,122.67662515735633,45941.344607500025,19022.58800154298,3.0,1323.67578125,52.693,47.0,1815.0,100.1,38.8984375,3,272.3404107093811,6.6,97.16015625,26,402.4079728126526,4.4,117.13671875,148,436.161780834198,2.3,97.2421875,31,391.84108901023865,2.2,30.6875,14,433.80910873413086
2026-02-13T16:32:56,idle_without_VPN,6.1,28.2,113.69454494652818,120.2538456165202,0.0,52614.33710756258,3.0,1323.67578125,52.553,47.0,1815.0,100.2,38.8984375,3,273.7131941318512,10.3,97.171875,26,403.7744860649109,5.7,30.68359375,14,435.1725764274597,4.6,59.4375,33,437.4949917793274,3.4,117.1171875,148,437.53035378456116
2026-02-13T16:32:57,idle_without_VPN,6.9,28.2,111.67738344612671,78.74687294278166,35186.96635348731,190596.06774805626,3.0,1323.67578125,52.457,47.0,1815.0,96.5,38.8984375,3,275.12254571914673,13.3,97.3125,26,405.1806962490082,5.6,117.10546875,148,438.9309470653534,4.5,24.9453125,9,422.25407242774963,3.3,59.45703125,33,438.8995633125305
2026-02-13T16:32:59,idle_without_VPN,6.0,28.2,253.5562235863729,348.63980743126274,0.0,19915.68883442056,3.0,1323.67578125,52.664,47.0,1815.0,100.1,38.8984375,3,276.49637055397034,10.2,97.32421875,26,406.56401324272156,5.7,30.6796875,14,437.96522998809814,4.5,117.12109375,148,440.318391084671,2.3,59.4765625,33,440.28322982788086
2026-02-13T16:33:00,idle_without_VPN,5.8,28.1,226.44477231115303,87.37418867311371,0.0,14539.064995206121,3.0,1319.67578125,52.569,47.0,1815.0,99.5,38.8984375,3,277.8780062198639,11.3,97.24609375,26,407.9406702518463,4.5,56.25,89,439.26577949523926,3.4,117.06640625,148,441.6969544887543,3.4,30.6484375,13,439.3472099304199
2026-02-13T16:33:01,idle_without_VPN,5.8,28.2,524.2916715103047,39.652311290695316,12030.804966421334,41355.89207207334,3.0,1319.67578125,52.688,47.0,1815.0,99.8,38.8984375,3,279.2400949001312,9.2,97.3203125,26,409.2972996234894,6.9,117.09765625,148,443.05463433265686,5.8,30.6484375,13,440.6993763446808,3.5,59.5078125,33,443.01490664482117
2026-02-13T16:33:03,idle_without_VPN,6.5,28.2,642.6044899811375,466.82478644369627,0.0,37622.61982598085,3.0,1319.67578125,52.479,47.0,1815.0,100.6,38.89453125,3,280.59132266044617,13.6,97.32421875,26,410.67872166633606,4.5,117.109375,148,444.43843388557434,3.5,183.984375,104,416.7241985797882,3.4,59.51171875,33,444.39713525772095
2026-02-13T16:33:04,idle_without_VPN,6.0,28.1,44.86923982246876,31.40846787572813,281802.75634634244,2101268.3788433797,3.0,1319.67578125,52.766,48.0,1815.0,100.1,38.89453125,3,281.9331591129303,5.8,97.35546875,26,412.0237820148468,5.8,30.6875,14,443.408509016037,4.7,117.0625,148,445.77628350257874,2.3,4.64453125,417,1770989583.316682
2026-02-13T16:33:05,idle_without_VPN,5.6,28.2,298.06496849485967,40.64522297657177,0.0,8478.29243718712,3.0,1319.67578125,52.674,48.0,1815.0,99.3,38.89453125,3,283.2707870006561,13.0,97.359375,26,413.3499445915222,7.0,336.54296875,94,414.40745997428894,5.9,117.09765625,148,447.10807847976685,3.5,30.6875,14,444.74379682540894
2026-02-13T16:33:07,idle_without_VPN,6.6,28.1,0.0,0.0,0.0,109873.6940899961,3.0,1319.67578125,52.812,48.0,1815.0,98.5,38.89453125,3,284.60217118263245,15.2,97.37109375,26,414.6860730648041,10.6,336.55859375,95,415.7364671230316,4.7,30.6484375,13,446.0747594833374,3.5,117.109375,148,448.44167399406433
2026-02-13T16:33:08,idle_without_VPN,7.0,28.1,304.15819129117705,362.5925236082012,0.0,9205.654814251191,3.0,1319.67578125,52.719,48.0,1815.0,100.0,38.89453125,3,285.93049216270447,16.4,97.33203125,26,416.02141284942627,11.7,336.55078125,95,417.072288274765,5.9,4.64453125,417,1770989587.3178751,4.7,117.140625,148,449.77919602394104
2026-02-13T16:33:10,idle_without_VPN,6.8,28.1,156.81925246033015,340.26818930071636,0.0,8710.865646098338,3.0,1319.67578125,52.893,48.0,1815.0,99.1,38.89453125,3,287.3340735435486,16.5,336.55078125,95,418.4949140548706,16.0,97.33984375,26,417.3866903781891,6.9,117.109375,148,451.1356794834137,3.4,59.33984375,33,451.1031596660614
2026-02-13T16:33:11,idle_without_VPN,7.2,28.1,0.0,513.5192770282524,0.0,28728.669041824003,3.0,1319.67578125,52.809,48.0,1815.0,99.4,38.89453125,3,288.7324388027191,15.6,97.35546875,26,418.791704416275,14.6,336.27734375,95,419.88323402404785,5.6,117.109375,148,452.5404107570648,3.4,30.68359375,14,450.19881534576416
2026-02-13T16:33:12,idle_without_VPN,6.8,28.1,0.0,173.15407607713473,0.0,15082.366659797563,4.0,1319.67578125,52.892,48.0,1815.0,99.8,38.89453125,3,290.1258931159973,21.2,336.28125,95,421.2835223674774,19.0,97.34765625,26,420.1868305206299,4.5,117.015625,148,453.9327013492584,3.4,30.6484375,13,451.59026622772217
2026-02-13T16:33:14,idle_without_VPN,7.1,28.1,307.3233983848893,385.2263063475705,0.0,5854.868092020961,4.0,1319.67578125,52.913,49.0,1815.0,99.8,38.89453125,3,291.50234723091125,12.6,336.296875,95,422.6432309150696,12.4,97.359375,26,421.57535195350647,6.8,30.6484375,13,452.971111536026,5.6,117.1015625,148,455.3276207447052
2026-02-13T16:33:15,idle_without_VPN,6.8,28.1,386.28690945028933,218.2078725139039,0.0,9436.016108709358,4.0,1319.67578125,53.025,49.0,1815.0,99.6,38.89453125,3,292.86764192581177,18.4,97.36328125,26,422.93584275245667,13.6,336.30078125,95,424.01761651039124,4.6,117.125,148,456.6898584365845,3.5,59.33203125,33,456.6504108905792
2026-02-13T16:33:16,idle_without_VPN,7.2,28.1,56.5762077637838,39.8934798334373,0.0,14854.881217978105,3.0,1319.67578125,52.82,49.0,1815.0,100.9,38.89453125,3,294.2308347225189,19.3,97.36328125,26,424.3141145706177,11.6,336.30078125,95,425.36555337905884,5.7,30.6875,14,455.70192980766296,2.3,117.0625,148,458.0660970211029
2026-02-13T16:33:18,idle_without_VPN,6.8,28.1,321.49587726778793,402.9913438310179,61248.70294366788,227003.00528496905,3.0,1319.67578125,52.966,49.0,1815.0,99.5,38.91015625,3,295.56563568115234,18.8,97.3671875,26,425.64292216300964,12.9,336.30078125,95,426.69654059410095,8.2,117.10546875,148,459.40164160728455,4.7,30.6484375,13,457.02883791923523
2026-02-13T16:33:19,idle_without_VPN,6.9,28.1,0.0,221.11566114818552,0.0,6524.036320792566,3.0,1319.67578125,52.951,49.0,1815.0,99.4,38.2890625,3,296.88515400886536,25.8,97.37890625,26,426.9766056537628,7.0,117.125,148,460.73851799964905,4.7,30.6484375,13,458.3589403629303,3.5,290.03125,37,352.6975612640381
2026-02-13T16:33:20,idle_without_VPN,6.9,28.1,41.042878468782995,82.84581024254345,0.0,70046.51258672297,3.0,1319.67578125,53.06,49.0,1815.0,100.3,38.91015625,3,298.21047353744507,24.9,97.421875,26,428.29603934288025,7.1,336.30078125,95,429.343138217926,3.6,4.64453125,417,1770989599.5918496,3.6,30.68359375,14,459.6788840293884
2026-02-13T16:33:22,idle_without_VPN,7.4,28.2,131.85787951735782,130.35949452284237,0.0,67894.82087148314,3.0,1319.67578125,53.084,49.0,1815.0,100.4,38.91015625,3,299.54742217063904,24.7,97.36328125,26,429.626585483551,7.0,117.08984375,148,463.3871078491211,7.0,30.68359375,14,461.0234274864197,4.7,336.30078125,95,430.680477142334
2026-02-13T16:33:23,idle_without_VPN,7.1,28.1,265.15967339487963,364.5945509179595,9256.483143966709,6942.362357975031,3.0,1319.67578125,53.163,49.0,1815.0,99.4,39.0,3,300.86777567863464,32.8,97.37890625,26,430.961092710495,9.5,336.30078125,95,431.99467515945435,5.9,117.1328125,148,464.71788716316223,5.9,30.6484375,13,462.34086513519287
2026-02-13T16:33:24,idle_without_VPN,7.8,28.1,0.0,0.0,0.0,0.0,3.0,1319.67578125,52.986,50.0,1815.0,100.6,39.0,3,302.2031321525574,27.3,97.3828125,26,432.278422832489,16.4,336.6171875,95,433.32508754730225,4.7,117.13671875,148,466.0332946777344,4.7,30.6484375,13,463.67216753959656
2026-02-13T16:33:26,idle_without_VPN,8.1,28.2,198.77529304330795,248.46911630413496,0.0,370468.95828289737,3.0,1319.67578125,53.152,50.0,1815.0,96.1,38.37890625,3,303.53638458251953,34.7,339.37890625,95,434.67726492881775,22.3,97.40234375,26,433.60762310028076,9.2,125.25,101,359.7005136013031,5.9,30.6484375,13,465.0013439655304
2026-02-13T16:33:27,idle_without_VPN,9.0,28.1,0.0,0.0,0.0,28143.960760226917,3.0,1319.67578125,53.045,50.0,1815.0,78.5,38.99609375,3,304.91026282310486,23.8,339.38671875,95,436.0571312904358,12.6,97.49609375,26,434.9737584590912,4.6,117.09765625,148,468.7285521030426,3.4,4.64453125,417,1770989606.267202
2026-02-13T16:33:29,idle_without_VPN,7.0,28.2,293.77050193913425,350.20916979936203,0.0,48160.99657406102,3.0,1319.67578125,53.005,50.0,1815.0,73.0,38.99609375,3,306.301735162735,6.7,339.34375,95,437.4462215900421,4.5,4.64453125,417,1770989607.649764,4.5,117.13671875,148,470.1121726036072,3.4,30.6484375,13,467.7668409347534
2026-02-13T16:33:30,idle_without_VPN,7.0,28.2,36.11602305471534,78.01060979818513,0.0,9985.358054167697,3.0,1319.67578125,53.168,50.0,1815.0,87.6,38.99609375,3,307.6569104194641,6.8,4.64453125,417,1770989609.0338013,5.6,117.10546875,148,471.49455070495605,4.6,30.6484375,13,469.1281635761261,3.5,25.15625,9,454.77741146087646
2026-02-13T16:33:31,idle_without_VPN,7.6,28.1,0.0,0.0,0.0,38378.6594799585,3.0,1319.67578125,53.218,50.0,1815.0,99.2,38.99609375,3,308.9956383705139,8.2,117.10546875,148,472.8277997970581,4.7,30.6484375,13,470.4677336215973,2.3,4.64453125,417,1770989610.367181,2.3,59.26171875,33,472.7925627231598
2026-02-13T16:33:32,idle_without_VPN,7.7,28.2,2232.8918389770606,212.62058897392603,0.0,71933.37692833772,3.0,1319.67578125,53.214,50.0,1815.0,99.2,38.37890625,3,310.3025794029236,5.9,117.1171875,148,474.1586346626282,4.8,30.68359375,14,471.77879071235657,2.4,56.25390625,89,471.69717264175415,2.3,4.64453125,417,1770989611.6985245
2026-02-13T16:33:34,idle_without_VPN,7.1,28.1,2389.272230932541,413.45399171492664,0.0,7475.985931975476,4.0,1319.67578125,53.345,50.0,1815.0,99.5,38.99609375,3,311.60580492019653,7.2,30.6484375,13,473.0789284706116,4.8,56.25390625,89,472.99750900268555,3.6,117.08203125,148,475.4611072540283,3.6,59.3359375,33,475.4170129299164
2026-02-13T16:33:35,idle_without_VPN,6.2,28.2,1275.4787041771594,159.52802027697962,0.0,4198.419673831539,3.0,1319.67578125,53.154,51.0,1815.0,100.0,39.00390625,3,313.0362741947174,6.7,30.6484375,13,474.48352575302124,5.6,56.25390625,89,474.4013991355896,4.7,117.109375,148,476.802206993103,2.3,97.83984375,26,443.041912317276
2026-02-13T16:33:37,idle_without_VPN,8.5,28.2,3832.924063035551,1668.6889910917807,21535.880606575607,33313.31531329664,4.0,1333.98828125,53.432,51.0,1815.0,99.4,38.3828125,3,314.4909710884094,6.4,388.9453125,86,475.9509325027466,5.1,117.11328125,148,478.3225049972534,4.2,56.25390625,89,475.8794891834259,3.3,295.3046875,37,370.29031252861023
2026-02-13T16:33:38,idle_without_VPN,7.0,28.2,254.81283740507698,350.36765143198085,23720.75868207262,240913.95536480006,4.0,1334.17578125,53.321,51.0,1815.0,100.9,38.99609375,3,315.8535792827606,7.9,117.09375,148,479.70370602607727,6.8,30.68359375,14,477.33101081848145,5.7,56.25390625,89,477.25026750564575,3.4,59.30078125,33,479.6654932498932
2026-02-13T16:33:39,idle_without_VPN,6.1,28.2,1262.6166150362708,2464.6814563496655,24495.80890557047,12247.904452785235,3.0,1333.67578125,53.403,51.0,1815.0,98.9,39.00390625,3,317.2120020389557,7.0,30.76171875,16,478.6775527000427,3.5,4.64453125,417,1770989618.5821605,3.5,117.17578125,148,481.04594445228577,3.5,19.31640625,11,481.21740317344666
2026-02-13T16:33:41,idle_without_VPN,5.5,28.2,964.471830662045,436.9799294307266,0.0,1519.4140839968218,3.0,1333.67578125,53.348,51.0,1815.0,100.1,39.00390625,3,318.5697193145752,5.8,30.76953125,15,480.0351457595825,4.7,59.41796875,35,482.3515558242798,4.6,117.1875,148,482.3922278881073,3.5,257.07421875,276,477.008332490921
2026-02-13T16:33:42,idle_without_VPN,6.1,28.2,1224.273529842041,421.75930214654045,11996.709038834928,175451.8696929608,3.0,1325.73828125,53.474,51.0,1815.0,98.7,38.3828125,3,319.9630262851715,8.0,117.15234375,148,483.761647939682,6.7,30.76171875,16,481.42933225631714,4.6,4.64453125,417,1770989621.2976332,3.4,59.41796875,35,483.7285406589508
2026-02-13T16:33:44,idle_without_VPN,5.7,28.2,1400.7408536383696,796.7647313737805,0.0,5827.7648923339375,3.0,1325.73828125,53.398,51.0,1815.0,96.6,39.00390625,3,321.3209493160248,5.6,4.64453125,417,1770989622.700771,4.6,30.76171875,16,482.7938985824585,3.5,296.296875,37,377.1359932422638,3.4,59.421875,35,485.1215274333954
2026-02-13T16:33:45,idle_without_VPN,5.8,28.2,37.468378855215846,0.0,0.0,8440.876388503026,3.0,1325.73828125,53.336,51.0,1815.0,99.1,39.00390625,3,322.6615002155304,3.5,4.64453125,417,1770989624.0356867,3.5,117.19921875,148,486.4968180656433,3.5,30.765625,16,484.1283712387085,2.3,97.94921875,26,452.73804116249084
2026-02-13T16:33:46,idle_without_VPN,5.6,28.2,0.0,0.0,0.0,0.0,3.0,1325.73828125,53.444,51.0,1815.0,98.1,38.3828125,3,324.0157072544098,4.7,117.14453125,148,487.8376338481903,3.5,4.64453125,417,1770989625.3748035,3.5,59.4296875,35,487.80215430259705,3.5,115.8984375,27,377.95280027389526
2026-02-13T16:33:48,idle_without_VPN,6.0,28.2,328.0794675551738,80.18085642043485,12052.139005434903,50468.33208525866,3.0,1325.73828125,53.466,52.0,1815.0,98.8,39.00390625,3,325.3598244190216,4.6,117.16015625,148,489.1968500614166,3.5,30.7265625,15,486.82845640182495,3.4,4.64453125,417,1770989626.736907,2.3,59.4296875,35,489.1557388305664
2026-02-13T16:33:49,idle_without_VPN,5.1,28.2,951.277239974524,729.9108382194461,0.0,69305.63237650871,3.0,1325.73828125,53.44,52.0,1815.0,100.1,39.00390625,3,326.6874532699585,5.9,117.1875,148,490.5315639972687,3.5,30.76171875,16,488.1588270664215,2.4,23.28515625,6,487.11599564552307,2.3,56.25390625,89,488.07883191108704
2026-02-13T16:33:50,idle_without_VPN,5.3,28.2,0.0,0.0,0.0,5039.599981514857,3.0,1325.73828125,53.486,52.0,1815.0,98.9,39.00390625,3,328.0146110057831,7.1,117.17578125,148,491.8569142818451,5.9,30.7734375,16,489.4913866519928,2.4,59.44921875,35,491.82019877433777,2.4,23.90625,15,491.40622758865356
2026-02-13T16:33:52,idle_without_VPN,5.6,28.2,297.6871183907797,0.0,0.0,10776.875073864185,7.0,1325.73828125,53.532,52.0,1815.0,100.2,39.00390625,3,329.34050822257996,5.9,117.15234375,148,493.1871519088745,4.7,59.44921875,35,493.14807987213135,4.7,30.7265625,15,490.8141372203827,3.5,25.19140625,9,476.46242570877075
2026-02-13T16:33:53,idle_without_VPN,5.3,28.2,0.0,40.650752575621006,0.0,79398.44769733146,3.0,1325.73828125,53.452,52.0,1815.0,99.8,39.0,3,330.6710727214813,8.2,117.16796875,148,494.51525712013245,5.9,30.765625,15,492.1408908367157,3.5,56.25390625,89,492.0604841709137,3.5,68.296875,24,451.103315114975
2026-02-13T16:33:54,idle_without_VPN,6.2,28.2,265.9872129692085,406.5372743677107,0.0,66932.05504534265,7.0,1325.73828125,53.514,52.0,1815.0,98.8,39.0,3,332.0004997253418,7.1,117.1953125,148,495.83341813087463,5.9,30.76171875,16,493.4685597419739,3.6,59.46875,35,495.7913601398468,2.4,56.25390625,89,493.3875777721405
2026-02-13T16:33:56,idle_without_VPN,5.9,28.2,158.35172617669582,703.6194625398465,0.0,57365.15363382188,3.0,1325.73828125,53.475,52.0,1815.0,99.5,39.0,3,333.3342535495758,4.7,30.76171875,16,494.80915355682373,3.5,117.1796875,148,497.17460894584656,2.3,59.46875,35,497.13582158088684,2.3,56.25390625,89,494.72767996788025
2026-02-13T16:33:57,idle_without_VPN,5.2,28.2,0.0,361.5162472278124,24577.10454182771,77955.50346860976,4.0,1325.73828125,53.696,52.0,1815.0,98.8,39.0,3,334.67892050743103,3.5,117.171875,148,498.5075614452362,3.5,59.4296875,35,498.47078347206116,3.5,30.76171875,16,496.1479744911194,3.5,81.65234375,59,494.73185753822327
2026-02-13T16:33:58,idle_without_VPN,5.5,28.2,264.0681528509763,363.0937101700924,0.0,96408.88198632006,4.0,1325.73828125,55.624,52.0,1815.0,100.2,39.0,3,336.0043725967407,4.7,117.171875,148,499.8402714729309,3.5,59.4296875,35,499.80201983451843,2.4,30.7265625,15,497.4749617576599,2.3,4.64453125,417,1770989637.378911
2026-02-13T16:34:00,idle_without_VPN,5.6,28.2,95.7588451524653,221.442329415076,0.0,8426.778373416946,3.0,1325.73828125,53.972,52.0,1815.0,99.7,39.0,3,337.337233543396,8.2,117.14453125,148,501.17909836769104,4.7,4.64453125,417,1770989638.71695,3.5,59.43359375,35,501.13679027557373,3.5,30.7265625,15,498.8046009540558
2026-02-13T16:34:01,idle_without_VPN,5.7,28.2,544.7943650767559,146.18272036637708,12345.658198364546,43209.80369427591,3.0,1325.73828125,54.027,52.0,1815.0,100.6,39.0,3,338.6574363708496,5.9,117.17578125,148,502.5030446052551,5.9,59.4296875,35,502.46719098091125,4.7,30.765625,16,500.12901067733765,3.6,257.13671875,276,497.08832001686096
2026-02-13T16:34:02,idle_without_VPN,5.6,28.2,0.0,0.0,0.0,21104.268547150452,3.0,1325.73828125,54.045,52.0,1815.0,98.4,39.0,3,340.00780963897705,7.0,117.171875,148,503.8371834754944,3.5,30.765625,15,501.47882413864136,3.4,257.1484375,276,498.4562819004059,2.3,59.44140625,35,503.80017709732056
2026-02-13T16:34:04,idle_without_VPN,5.7,28.2,316.7372015689773,397.02639917599714,0.0,14708.391723091487,3.0,1325.73828125,53.948,52.0,1815.0,98.6,39.00390625,3,341.3697497844696,5.7,117.14453125,148,505.202223777771,4.6,30.7265625,15,502.8389654159546,2.3,59.44140625,35,505.16689896583557,2.3,56.25390625,89,502.76054978370667
2026-02-13T16:34:05,idle_without_VPN,5.5,28.2,0.0,178.61120703851947,0.0,9106.948182943266,3.0,1325.73828125,53.941,52.0,1815.0,99.4,38.3828125,3,342.72221636772156,5.8,117.1875,148,506.54829001426697,2.3,59.3984375,35,506.5141053199768,2.3,30.7265625,15,504.1845118999481,2.3,56.25390625,89,504.1075212955475
2026-02-13T16:34:06,idle_without_VPN,5.4,28.2,44.594518589005816,40.13506673010523,0.0,6088.638271352261,3.0,1321.48828125,53.795,51.0,1815.0,100.6,39.00390625,3,344.0415406227112,7.0,117.18359375,148,507.8919999599457,3.5,257.18359375,276,502.48054552078247,2.3,4.64453125,417,1770989645.4301822,2.3,59.3984375,35,507.8507332801819
2026-02-13T16:34:08,idle_without_VPN,7.3,28.2,0.0,0.0,0.0,80566.29125726073,3.0,1321.48828125,53.732,51.0,1815.0,98.1,39.00390625,3,345.36379861831665,5.9,117.1328125,148,509.2135145664215,4.7,59.3984375,35,509.1733422279358,4.7,30.7578125,16,506.8388659954071,1.2,4.64453125,417,1770989646.7527466
2026-02-13T16:34:09,idle_without_VPN,5.2,28.2,639.4127967360256,633.3520119328406,0.0,6594.133865865364,3.0,1321.48828125,53.818,51.0,1815.0,99.4,38.3828125,3,346.6837418079376,7.1,117.16015625,148,510.5326635837555,4.7,30.7265625,15,508.1554536819458,2.4,59.40234375,35,510.4908490180969,2.4,23.30859375,6,507.1136796474457
2026-02-13T16:34:10,idle_without_VPN,5.6,28.2,0.0,0.0,0.0,181050.6869531,3.0,1321.48828125,53.852,51.0,1815.0,99.0,39.0,3,347.99426221847534,8.4,117.203125,148,511.8399348258972,3.6,59.484375,35,511.7999019622803,3.6,56.25390625,89,509.3871386051178,2.4,12.046875,4,498.3294291496277
2026-02-13T16:34:11,idle_without_VPN,5.5,28.2,40.95481547113177,81.90963094226353,0.0,9707.808111675678,3.0,1321.48828125,53.818,50.0,1815.0,100.0,38.3828125,3,349.30733036994934,8.3,117.1875,148,513.1626875400543,3.6,56.25390625,89,510.7017915248871,3.5,98.1171875,26,479.40893292427063,2.4,59.484375,35,513.1220769882202
2026-02-13T16:34:13,idle_without_VPN,5.5,28.2,0.0,0.0,0.0,12899.182455631335,3.0,1321.48828125,53.812,50.0,1815.0,100.3,39.0,3,350.61527371406555,6.0,117.1640625,148,514.4693245887756,4.8,30.765625,16,512.0864372253418,3.6,59.4921875,35,514.4222092628479,2.4,4.64453125,417,1770989652.0095348
2026-02-13T16:34:14,idle_without_VPN,4.9,28.2,557.1877417463442,544.9754076806709,0.0,3517.1522109139096,3.0,1321.48828125,53.807,50.0,1815.0,100.4,39.0,3,351.93821454048157,8.3,117.1640625,148,515.7852919101715,3.5,30.7265625,15,513.4107248783112,3.5,56.25390625,89,513.3312294483185,2.4,102.28515625,39,489.2777211666107
2026-02-13T16:34:15,idle_without_VPN,6.3,28.2,5166.225196637175,4770.978303387196,24811.20727589139,77922.6978508464,3.0,1321.48828125,53.689,50.0,1815.0,98.5,39.0,3,353.25529527664185,5.9,117.203125,148,517.099526643753,5.9,30.7265625,15,514.727166891098,3.6,98.28125,26,483.34389185905457,3.6,59.49609375,35,517.0589506626129
2026-02-13T16:34:17,idle_without_VPN,5.4,28.2,712.8918941594796,40.866414314874625,0.0,16273.914322723407,3.0,1321.48828125,53.65,50.0,1815.0,99.6,39.0078125,3,354.60418367385864,8.3,117.13671875,148,518.4245002269745,4.6,30.7265625,15,516.0746066570282,4.6,56.25390625,89,515.9940857887268,2.4,59.5078125,35,518.3868026733398
2026-02-13T16:34:18,idle_without_VPN,5.3,28.2,484.1037640524764,469.60963938024656,0.0,89422.95157778918,3.0,1321.48828125,53.624,49.0,1815.0,98.4,39.01171875,3,356.0013382434845,6.8,59.453125,35,519.7731468677521,4.5,30.76171875,16,517.4639081954956,3.4,117.171875,148,519.8024020195007,3.4,188.359375,90,500.0098695755005
2026-02-13T16:34:20,idle_without_VPN,6.2,28.2,0.0,0.0,0.0,6668.892062500183,4.0,1321.48828125,53.647,49.0,1815.0,98.4,39.01171875,3,357.3355188369751,5.7,4.64453125,417,1770989658.7246728,5.7,98.36328125,26,487.4246094226837,4.6,59.4921875,35,521.1379640102386,4.6,30.76171875,16,518.8102924823761
2026-02-13T16:34:21,idle_without_VPN,5.9,28.2,41.11226765799257,41.11226765799257,0.0,10134.93531598513,4.0,1321.48828125,53.647,49.0,1815.0,100.3,39.0078125,3,358.6602408885956,4.8,117.12890625,148,522.5013155937195,4.7,98.421875,26,488.7444360256195,3.6,30.7265625,15,520.1307260990143,2.4,4.64453125,417,1770989660.0392838
2026-02-13T16:34:22,idle_without_VPN,6.8,28.2,0.0,0.0,0.0,3855.5793090174743,8.0,1321.48828125,53.588,49.0,1815.0,100.5,39.01171875,3,359.98175621032715,7.1,98.3984375,26,490.06724190711975,5.9,30.765625,16,521.4525291919708,3.6,56.25390625,89,521.3705010414124,3.5,4.64453125,417,1770989661.3646705
2026-02-13T16:34:23,idle_without_VPN,5.6,28.2,505.71818715107497,449.69551372415947,0.0,13954.188062228464,3.0,1321.48828125,53.378,49.0,1815.0,99.1,39.0,3,361.30604434013367,3.5,117.18359375,148,525.150470495224,3.5,59.671875,35,525.1105892658234,2.4,98.44140625,26,491.39370346069336,2.4,30.76171875,16,522.7794613838196
2026-02-13T16:34:25,idle_without_VPN,5.6,28.2,0.0,41.84856116654455,1558.2882412560589,58825.38110741622,3.0,1321.48828125,53.502,48.0,1815.0,99.8,39.0,3,362.62100744247437,4.8,4.64453125,416,1770989663.9991086,4.8,117.1796875,148,526.4605557918549,3.6,98.46484375,26,492.70694637298584,3.6,59.3984375,35,526.4229445457458
2026-02-13T16:34:26,idle_without_VPN,6.7,28.2,178.02312727547113,125.52912820706298,0.0,75956.53430420102,3.0,1321.48828125,53.324,48.0,1815.0,98.3,39.0,3,363.92425870895386,7.2,98.48046875,26,494.01292872428894,4.8,4.64453125,416,1770989665.3144095,4.8,59.4375,35,527.7299709320068,4.8,30.765625,16,525.3979275226593
2026-02-13T16:34:27,idle_without_VPN,5.3,28.2,421.36141079872743,83.96694780409423,0.0,160630.29782101052,3.0,1321.48828125,53.386,48.0,1815.0,98.8,39.0,3,365.23599648475647,3.6,98.4921875,26,495.32740926742554,2.4,117.16015625,148,529.0850653648376,2.4,30.7265625,15,526.7061870098114,1.2,60.21875,4,543.0066206455231
2026-02-13T16:34:29,idle_without_VPN,5.4,28.2,511.38332224525016,454.73307397257275,0.0,7447.2110161703495,3.0,1321.48828125,53.303,48.0,1815.0,99.8,39.0,3,366.5359001159668,6.0,117.18359375,148,530.3891351222992,4.8,30.7265625,15,528.0075039863586,3.6,98.484375,26,496.62841296195984,2.4,59.48046875,35,530.3449466228485
2026-02-13T16:34:30,idle_without_VPN,5.4,28.2,38.564823192090024,0.0,0.0,14216.536421532066,3.0,1321.48828125,53.344,48.0,1815.0,100.0,39.0,3,367.84773421287537,9.6,98.4296875,26,497.93504214286804,4.8,117.12890625,148,531.6953883171082,4.8,59.4921875,35,531.6495063304901,3.6,30.76171875,15,529.3221535682678
2026-02-13T16:34:31,idle_without_VPN,5.6,28.2,0.0,0.0,0.0,5107.641830235641,3.0,1321.48828125,53.089,48.0,1815.0,98.8,39.0,3,369.14437317848206,4.8,117.16796875,148,532.989928483963,4.8,98.4453125,26,499.22872614860535,2.4,59.49609375,35,532.9462060928345,2.4,56.25390625,89,530.528781414032
2026-02-13T16:34:33,idle_without_VPN,5.3,28.2,174.9309629616955,130.82443811237914,0.0,22965.295650355925,3.0,1321.48828125,53.036,48.0,1815.0,99.4,39.00390625,3,370.5118896961212,7.0,98.47265625,26,500.5775215625763,4.7,117.1640625,148,534.331375837326,3.4,30.7578125,16,531.9816906452179,3.4,184.03515625,106,506.6442687511444
2026-02-13T16:34:34,idle_without_VPN,5.6,28.2,671.0515192507513,572.6697866691313,0.0,4510.875858070695,3.0,1321.48828125,53.135,48.0,1815.0,99.9,39.0,3,371.84088110923767,5.7,117.078125,148,535.6925082206726,5.7,98.5,26,501.93748354911804,3.5,59.48046875,35,535.6519532203674,3.5,30.7265625,15,533.3145060539246
2026-02-13T16:34:35,idle_without_VPN,6.0,28.1,1846.8648860294231,0.0,0.0,7876.674899184212,3.0,1321.48828125,53.105,47.0,1815.0,98.1,39.0,3,373.1314432621002,8.4,98.53515625,26,503.2351243495941,4.8,117.09375,147,536.9941470623016,4.8,30.765625,16,534.6069312095642,3.6,4.64453125,416,1770989674.5298529
2026-02-13T16:34:37,idle_without_VPN,5.7,28.2,2592.709147004378,92.43169864543238,0.0,0.0,7.0,1321.48828125,53.085,47.0,1815.0,100.8,39.0,3,374.43358969688416,7.2,117.11328125,147,538.2893877029419,6.0,98.54296875,26,504.5312511920929,3.6,59.51171875,35,538.2488243579865,3.6,30.76171875,15,535.9076900482178
2026-02-13T16:34:38,idle_without_VPN,5.4,28.2,2186.117845480782,0.0,0.0,80998.80692613575,3.0,1321.48828125,53.002,47.0,1815.0,99.7,38.390625,3,375.7187855243683,6.1,98.56640625,26,505.8212733268738,4.9,117.11328125,147,539.5779881477356,3.6,30.7265625,15,537.1979455947876,2.4,59.51171875,35,539.5363366603851
2026-02-13T16:34:39,idle_without_VPN,5.7,28.1,802.2801111204948,464.4779590697602,0.0,8807.87833495249,3.0,1321.48828125,53.033,47.0,1815.0,100.2,39.0,3,376.99694991111755,7.4,98.6484375,26,507.09556913375854,6.1,59.68359375,35,540.810159444809,4.9,117.0078125,147,540.8563981056213,3.7,302.046875,35,432.79168486595154
2026-02-13T16:34:40,idle_without_VPN,6.6,28.2,322.3119059118419,51.38305746420668,0.0,24315.08561700156,3.0,1321.48828125,53.0,47.0,1815.0,100.0,39.0,3,378.27836322784424,8.5,98.66796875,26,508.3841779232025,6.1,117.08984375,147,542.1441516876221,4.9,30.76953125,15,539.7538681030273,3.6,4.64453125,416,1770989679.6821833
2026-02-13T16:34:42,idle_without_VPN,5.8,28.1,0.0,0.0,0.0,8447.07445095237,4.0,1321.48828125,52.873,47.0,1815.0,99.6,38.390625,3,379.54971051216125,7.4,117.10546875,147,543.4148969650269,7.4,98.69140625,26,509.65184450149536,2.5,30.76171875,16,541.0213177204132,2.5,111.69140625,49,511.369268655777
2026-02-13T16:34:43,idle_without_VPN,5.8,28.1,51.73950824078162,94.07183316505748,12843.940954802516,126432.54377383726,5.0,1321.48828125,53.029,47.0,1815.0,99.3,38.390625,3,380.83925676345825,9.7,98.69921875,26,510.9341220855713,4.9,59.453125,35,544.6471881866455,3.7,117.109375,147,544.6921124458313,3.6,30.765625,15,542.3109579086304
2026-02-13T16:34:44,idle_without_VPN,5.7,28.1,671.0621652186873,1227.2164254341747,0.0,8236.598630629367,4.0,1321.48828125,52.688,47.0,1815.0,97.8,39.0,3,382.14865946769714,9.6,98.88671875,26,512.2405135631561,4.8,117.05078125,147,545.9967770576477,3.6,59.1875,35,545.9610087871552,2.4,4.64453125,416,1770989683.5354826
2026-02-13T16:34:46,idle_without_VPN,5.8,28.2,38.49207886027654,227.10326527563157,25226.168801870834,68977.80531761555,4.0,1321.48828125,52.737,47.0,1815.0,100.3,39.0,3,383.4257957935333,9.7,98.88671875,26,513.5270037651062,4.9,30.7265625,15,544.8986082077026,3.6,4.64453125,416,1770989684.8333292,3.6,117.09375,147,547.292097568512
2026-02-13T16:34:47,idle_without_VPN,5.6,28.1,0.0,187.01893857958987,0.0,12316.865531681538,3.0,1321.48828125,52.668,47.0,1815.0,100.4,39.00390625,3,384.73313164711,9.6,98.8984375,26,514.8329463005066,4.8,117.10546875,147,548.5856268405914,4.8,30.76171875,15,546.2109463214874,3.6,59.49609375,35,548.5465142726898
2026-02-13T16:34:48,idle_without_VPN,6.1,28.1,387.3637329330803,366.446091354694,0.0,18246.381276079817,4.0,1321.48828125,52.834,47.0,1815.0,99.3,39.00390625,3,386.00708842277527,11.0,98.90625,26,516.1114678382874,8.6,30.765625,16,547.4862916469574,3.7,184.03515625,106,522.1127684116364,3.6,117.109375,147,549.8771481513977
2026-02-13T16:34:49,idle_without_VPN,6.1,28.2,304.9744334929632,221.3019607141246,16415.44437919047,5605.273690455282,4.0,1321.48828125,52.768,47.0,1815.0,100.0,39.00390625,3,387.288925409317,12.2,98.8359375,26,517.3935766220093,7.3,30.765625,16,548.7659711837769,4.9,117.03515625,147,551.15389752388,4.9,59.49609375,35,551.1073353290558
2026-02-13T16:34:51,idle_without_VPN,6.9,28.1,0.0,42.3427476970102,0.0,12445.631323091591,4.0,1321.48828125,52.822,48.0,1815.0,97.5,38.39453125,3,388.5866858959198,11.0,98.890625,26,518.6673743724823,8.6,59.49609375,35,552.3821918964386,3.7,117.1015625,147,552.4270901679993,3.6,30.765625,16,550.0589156150818
2026-02-13T16:34:52,idle_without_VPN,6.7,28.1,0.0,0.0,12644.92026868084,88119.2881223696,3.0,1321.48828125,52.747,48.0,1815.0,100.6,39.0,3,389.86044239997864,16.9,98.859375,26,519.9651041030884,9.6,59.49609375,35,553.6805627346039,6.1,56.25390625,89,551.2544484138489,4.9,30.7265625,15,551.3425250053406
2026-02-13T16:34:53,idle_without_VPN,6.2,28.1,520.6390183260021,748.8106362971866,0.0,93137.92944704191,4.0,1321.48828125,52.971,48.0,1815.0,100.5,38.9921875,3,391.12056732177734,9.8,99.140625,26,521.2371516227722,6.2,56.25390625,89,552.5117197036743,6.2,68.2421875,22,511.5406641960144,5.0,30.765625,16,552.5999646186829
2026-02-13T16:34:55,idle_without_VPN,6.0,28.1,0.0,0.0,0.0,6061.9348093108265,3.0,1321.48828125,52.926,48.0,1815.0,99.7,38.9921875,3,392.3901195526123,14.9,99.171875,26,522.4982843399048,9.8,339.19140625,96,523.5071678161621,4.9,117.01171875,147,556.2631769180298,3.7,59.66796875,35,556.2127914428711
2026-02-13T16:34:56,idle_without_VPN,6.2,28.1,0.0,0.0,0.0,19114.99298724925,3.0,1321.48828125,52.866,48.0,1815.0,98.0,38.9921875,3,393.6493647098541,11.1,99.1875,26,523.7612035274506,8.7,339.19140625,96,524.7604103088379,6.2,56.25390625,89,555.0403730869293,5.0,30.7265625,15,555.1283404827118
2026-02-13T16:34:57,idle_without_VPN,6.7,28.1,0.0,0.0,0.0,14193.284248540014,3.0,1321.48828125,52.958,48.0,1815.0,98.9,38.9921875,3,394.91367411613464,14.8,98.953125,26,525.0252814292908,12.3,339.19140625,96,526.0313761234283,6.2,117.09375,147,558.7881393432617,5.0,59.453125,35,558.7403919696808
2026-02-13T16:34:58,idle_without_VPN,7.3,28.1,332.98008925390104,329.8238798770868,0.0,6463.916803715539,3.0,1321.48828125,52.954,48.0,1815.0,99.9,38.99609375,3,396.1807019710541,22.2,339.19140625,96,527.2996232509613,14.7,99.0546875,26,526.3005566596985,4.9,4.64453125,416,1770989697.5940526,4.9,117.10546875,147,560.0560305118561
2026-02-13T16:35:00,idle_without_VPN,6.8,28.1,39.5134675199098,0.0,0.0,79709.72775856365,3.0,1321.48828125,52.936,49.0,1815.0,100.4,38.99609375,3,397.44164395332336,13.6,99.07421875,26,527.5609891414642,13.6,339.19140625,96,528.5606639385223,6.2,4.64453125,416,1770989698.8600535,5.0,59.46484375,35,561.2740557193756
2026-02-13T16:35:01,idle_without_VPN,7.0,28.1,384.9777329046985,0.0,0.0,16156.442561246362,3.0,1321.48828125,52.883,49.0,1815.0,97.4,38.99609375,3,398.6932861804962,17.6,339.19140625,96,529.8027958869934,14.9,98.98046875,26,528.820187330246,3.7,117.0859375,147,562.5850381851196,2.5,4.64453125,416,1770989700.1267047
2026-02-13T16:35:02,idle_without_VPN,6.7,28.1,319.2358195736358,0.0,0.0,23526.712521305522,3.0,1321.48828125,53.072,49.0,1815.0,99.9,38.39453125,3,399.9449574947357,18.7,339.73046875,96,531.0557110309601,12.5,98.88671875,26,530.0651752948761,6.3,4.64453125,416,1770989701.3672051,3.7,257.5390625,276,558.3739399909973
2026-02-13T16:35:03,idle_without_VPN,7.7,28.1,336.1459415799918,375.9736597766733,0.0,88092.54021614799,3.0,1321.48828125,52.905,49.0,1815.0,100.7,39.0,3,401.20158290863037,16.2,98.84375,26,531.3217535018921,12.4,339.734375,96,532.3141086101532,7.4,163.4296875,164,542.7768766880035,5.0,117.09765625,147,565.0826594829559
2026-02-13T16:35:05,idle_without_VPN,7.0,28.1,315.56263871636753,43.031268915868296,26112.011478429118,86496.03802229646,3.0,1321.48828125,53.011,49.0,1815.0,98.7,38.98046875,2,402.45202898979187,22.4,98.91015625,26,532.5756013393402,16.2,339.69921875,96,533.5675072669983,3.7,117.12109375,147,566.3381354808807,3.7,59.52734375,35,566.2883768081665
2026-02-13T16:35:06,idle_without_VPN,7.5,28.1,0.0,0.0,0.0,3693.174379349939,3.0,1321.48828125,52.944,49.0,1815.0,99.1,38.98046875,2,403.71266078948975,20.0,101.40234375,26,533.8230712413788,8.7,339.69921875,96,534.8234918117523,3.8,4.64453125,416,1770989705.1257706,3.8,59.52734375,35,567.5375092029572
2026-02-13T16:35:07,idle_without_VPN,6.5,28.1,0.0,0.0,0.0,6897.9723436581535,3.0,1321.48828125,53.154,49.0,1815.0,100.4,38.375,2,404.9731647968292,19.8,101.34375,26,535.0853567123413,4.9,30.7265625,15,566.4557013511658,3.7,4.64453125,416,1770989706.3879952,3.7,117.08984375,147,568.8472926616669
2026-02-13T16:35:08,idle_without_VPN,6.8,28.1,415.49438364319377,407.5651015125985,0.0,10555.460372248466,3.0,1321.48828125,53.042,49.0,1815.0,99.8,38.98046875,2,406.22529697418213,23.5,100.50390625,26,536.3464024066925,5.0,59.4375,35,570.060661315918,5.0,339.68359375,95,537.3340456485748,2.5,30.76171875,16,567.7084996700287
2026-02-13T16:35:10,idle_without_VPN,7.3,28.1,921.7744960763738,139.4684889715557,0.0,7387.020657252053,4.0,1321.48828125,53.189,50.0,1815.0,100.1,38.98046875,2,407.4745635986328,22.6,100.60546875,26,537.592734336853,11.3,30.7265625,15,568.9563460350037,6.3,4.64453125,416,1770989708.8960261,6.3,59.4765625,35,571.30739402771
2026-02-13T16:35:11,idle_without_VPN,7.3,28.1,362.7079649239919,174.99068483175046,0.0,13846.535643414145,4.0,1321.48828125,53.136,50.0,1815.0,96.7,38.98046875,2,408.7836558818817,33.1,99.375,26,538.8684267997742,13.0,305.46875,35,464.59151315689087,6.2,117.1328125,147,572.612954378128,5.9,339.68359375,95,539.920342206955
2026-02-13T16:35:12,idle_without_VPN,7.3,28.1,116.8781214514498,82.41405999781718,0.0,6904.799790362573,4.0,1321.48828125,53.387,50.0,1815.0,99.4,38.984375,2,410.11963534355164,28.0,99.375,26,540.2061448097229,7.0,117.0859375,147,573.9516110420227,5.9,339.68359375,95,541.2513332366943,4.7,4.64453125,416,1770989711.488849
2026-02-13T16:35:14,idle_without_VPN,7.5,28.1,774.5276404947657,311.30053242962697,0.0,83124.68953986901,3.0,1321.48828125,53.211,50.0,1815.0,95.4,38.984375,2,411.4452986717224,28.3,99.31640625,26,541.5299842357635,22.2,339.68359375,95,542.5879018306732,5.8,117.09375,147,575.2925472259521,3.5,4.64453125,416,1770989712.8305407
2026-02-13T16:35:15,idle_without_VPN,8.6,28.1,37.7674210538922,0.0,0.0,52596.42125649244,3.0,1321.48828125,53.237,50.0,1815.0,87.3,38.984375,2,412.7521004676819,46.6,339.68359375,95,543.8610038757324,17.6,99.25390625,26,542.8632175922394,6.0,30.765625,16,574.2346141338348,4.7,117.12890625,147,576.6142363548279
2026-02-13T16:35:16,idle_without_VPN,9.5,28.1,0.0,0.0,12820.424766741864,40464.46567002901,3.0,1321.48828125,53.32,50.0,1815.0,100.4,38.984375,2,414.01268219947815,17.2,339.68359375,95,545.1353182792664,5.0,30.7265625,15,575.4963028430939,3.7,56.25390625,89,575.4087407588959,2.5,117.04296875,147,577.8897621631622
2026-02-13T16:35:17,idle_without_VPN,7.9,28.1,175.05300890384447,43.3689886923939,0.0,71055.75107361816,3.0,1321.48828125,53.297,50.0,1815.0,98.1,38.37890625,2,415.30305194854736,4.9,117.09375,147,579.1606731414795,4.9,30.7578125,16,576.7844786643982,3.6,56.25390625,89,576.6967670917511,2.4,59.5,35,579.1263265609741
2026-02-13T16:35:19,idle_without_VPN,7.6,28.1,576.3712394198162,554.6213813285024,130449.43458653134,4374.82859893855,7.0,1321.48828125,53.168,50.0,1815.0,100.3,38.98046875,2,416.56463384628296,7.3,117.1015625,147,580.448757648468,4.9,30.7265625,15,578.0493466854095,3.7,56.25390625,89,577.9620358943939,2.5,59.5,35,580.3940291404724
2026-02-13T16:35:20,idle_without_VPN,7.6,28.1,0.0,0.0,0.0,7753.939153087233,3.0,1321.48828125,53.304,50.0,1815.0,99.1,38.98046875,2,417.84213519096375,6.2,117.12890625,147,581.703675031662,6.1,56.25390625,89,579.2367548942566,4.9,30.7265625,15,579.3250253200531,3.7,59.50390625,35,581.6602666378021
2026-02-13T16:35:21,idle_without_VPN,7.6,28.1,0.0,42.39322464332347,0.0,19695.578145401836,3.0,1321.48828125,53.249,51.0,1815.0,99.4,38.37890625,2,419.1000940799713,6.2,56.25390625,89,580.49476146698,6.1,117.12109375,147,582.9791679382324,5.0,30.7578125,15,580.5837140083313,2.5,25.2265625,9,566.1991572380066
2026-02-13T16:35:22,idle_without_VPN,6.5,28.1,0.0,43.014654529480836,0.0,14274.492762375863,3.0,1321.48828125,53.261,51.0,1815.0,100.3,38.98828125,3,420.346657037735,6.3,30.7265625,15,581.8280866146088,6.2,117.0859375,147,584.2328956127167,2.5,59.50390625,35,584.183632850647,2.5,23.265625,6,580.7803947925568
2026-02-13T16:35:24,idle_without_VPN,5.6,28.1,2683.0360210247186,336.78950654304276,0.0,4950.322316269031,3.0,1321.48828125,53.258,51.0,1815.0,100.0,38.98828125,3,421.5967240333557,6.3,4.64453125,416,1770989723.0141082,6.3,117.08984375,147,585.4727370738983,3.8,59.50390625,35,585.4251449108124,3.7,30.7265625,15,583.0818040370941
2026-02-13T16:35:25,idle_without_VPN,5.4,28.1,1069.6711180267637,0.0,3264.8084198491983,112635.89048479733,3.0,1321.48828125,53.224,51.0,1815.0,98.1,38.98828125,3,422.85558438301086,3.7,117.12109375,147,586.7254974842072,2.5,4.64453125,416,1770989724.2675304,2.5,59.50390625,35,586.6807870864868,2.5,30.7265625,16,584.3353629112244
2026-02-13T16:35:26,idle_without_VPN,5.7,28.1,62.26896258084213,43.90760181982458,0.0,8174.797138818249,3.0,1321.48828125,53.322,51.0,1815.0,99.0,38.98828125,3,424.1021192073822,6.2,117.1328125,147,587.9805710315704,6.2,30.7265625,15,585.5875132083893,3.8,59.50390625,35,587.9287111759186,3.7,25.23046875,9,571.2083427906036
2026-02-13T16:35:27,idle_without_VPN,6.2,28.1,1070.2760055164672,0.0,0.0,83299.6931625812,3.0,1321.48828125,53.337,51.0,1815.0,100.6,38.98828125,3,425.3447217941284,5.0,117.03125,147,589.2333891391754,5.0,59.421875,35,589.1824719905853,3.8,30.76171875,16,586.8301229476929,3.8,56.25390625,89,586.7418737411499
2026-02-13T16:35:29,idle_without_VPN,5.1,28.1,340.3201569552165,337.094373476968,0.0,21057.91454600619,3.0,1321.48828125,53.348,51.0,1815.0,96.5,38.98828125,3,426.60816645622253,5.0,117.08203125,147,590.4754114151001,3.7,30.7265625,15,588.0890147686005,2.5,59.46875,35,590.4252469539642,2.5,56.25390625,89,588.0004618167877
2026-02-13T16:35:30,idle_without_VPN,5.3,28.1,39.04248042711649,0.0,0.0,17590.979981241606,3.0,1321.48828125,53.363,51.0,1815.0,100.0,38.390625,3,427.90466928482056,4.8,56.25390625,89,589.2993333339691,3.7,117.09765625,147,591.7577254772186,3.6,59.48828125,35,591.7122831344604,3.6,30.765625,16,589.3877427577972
2026-02-13T16:35:31,idle_without_VPN,5.5,28.1,1158.3439711821854,41.20591201833861,12502.178935341848,159012.08833387913,3.0,1321.48828125,53.439,52.0,1815.0,98.7,38.9921875,3,429.20307326316833,6.0,30.76171875,16,590.6867845058441,4.8,117.1171875,147,593.0675094127655,4.8,56.25390625,89,590.598525762558,2.5,170.59375,35,557.8474440574646
2026-02-13T16:35:33,idle_without_VPN,5.4,28.1,139.51514335975978,43.59848229992493,0.0,99436.24763095606,4.0,1321.48828125,53.385,51.0,1815.0,99.7,38.9921875,3,430.45673727989197,8.8,30.7265625,15,591.9352385997772,5.0,117.11328125,147,594.3252704143524,3.7,124.7734375,99,486.5885167121887,2.5,59.48828125,35,594.2757198810577
2026-02-13T16:35:34,idle_without_VPN,6.1,28.1,753.1910782597663,1264.7925653796076,25870.6134721342,82058.35210692565,4.0,1321.48828125,53.492,52.0,1815.0,98.0,38.9921875,3,431.71652936935425,5.0,56.25390625,89,593.1102228164673,5.0,257.76171875,276,590.1456806659698,4.9,117.09375,147,595.5919771194458,3.7,30.7265625,15,593.1980106830597
2026-02-13T16:35:35,idle_without_VPN,5.5,28.1,0.0,193.31373295617647,0.0,0.0,4.0,1321.48828125,53.524,52.0,1815.0,99.4,38.9921875,3,432.95813035964966,5.0,30.76171875,16,594.4435317516327,3.8,117.1015625,147,596.8420956134796,3.8,59.4921875,35,596.7934856414795,2.5,23.3203125,6,593.3900899887085
2026-02-13T16:35:36,idle_without_VPN,5.2,28.1,194.57400565690335,333.67029895708635,0.0,8644.87482984721,4.0,1321.48828125,53.516,52.0,1815.0,99.0,38.9921875,3,434.20444679260254,5.0,117.109375,147,598.0836315155029,3.8,12.05078125,4,584.5191695690155,2.5,99.5625,26,564.3230547904968,2.5,59.3515625,35,598.0388476848602
2026-02-13T16:35:38,idle_without_VPN,5.4,28.1,0.0,193.70748658859043,0.0,15638.06165588222,3.0,1321.48828125,53.349,52.0,1815.0,100.0,38.9921875,3,435.43897819519043,5.0,117.10546875,147,599.3256647586823,3.8,30.7265625,15,596.9236898422241,2.5,56.25390625,89,596.836098909378,2.5,12.05078125,4,585.7620632648468
2026-02-13T16:35:39,idle_without_VPN,5.9,28.1,2223.7452644046707,412.78622820657307,0.0,55509.30757517185,3.0,1321.48828125,53.619,52.0,1815.0,99.8,38.390625,3,436.7073109149933,6.2,117.12109375,150,600.5778906345367,6.2,30.765625,16,598.186087846756,3.8,4.64453125,416,1770989738.1144185,3.7,59.51171875,36,600.5323703289032
2026-02-13T16:35:40,idle_without_VPN,5.6,28.1,1840.8979751844913,167.4261564732356,0.0,2426.0997768197158,3.0,1321.48828125,53.493,52.0,1815.0,99.9,38.99609375,3,437.9589400291443,2.5,117.16796875,150,601.8427650928497,2.5,59.51171875,36,601.7929480075836,2.5,30.76171875,16,599.4443328380585,2.5,257.83203125,276,596.390299320221
2026-02-13T16:35:41,idle_without_VPN,5.3,28.1,4537.3028909933055,676.0908191112851,0.0,48168.281754041745,3.0,1321.48828125,53.549,52.0,1815.0,98.8,39.0,3,439.22425985336304,6.2,58.9140625,36,603.056291103363,5.0,117.1640625,150,603.0914187431335,3.7,25.2421875,9,586.3277626037598,2.5,4.64453125,416,1770989740.6332586
2026-02-13T16:35:43,idle_without_VPN,6.6,28.1,1718.150384639773,521.7214638289722,44185.49299676348,8837.098599352696,3.0,1321.48828125,55.362,52.0,1815.0,99.6,39.00390625,3,440.5451157093048,6.1,117.16796875,150,604.3720633983612,6.0,30.8046875,17,601.9917244911194,4.9,4.64453125,416,1770989741.9085455,4.9,402.8828125,86,601.9872310161591
2026-02-13T16:35:44,idle_without_VPN,8.0,28.2,36229.73400443126,3091.6667902343224,28275688.803810906,181281.7045411444,3.0,1321.48828125,53.749,52.0,1815.0,99.3,39.01171875,3,442.03831911087036,16.7,412.796875,89,603.4816160202026,5.4,117.15625,150,605.8182227611542,4.3,4.64453125,416,1770989743.3563864,4.3,19.71875,9,605.9956243038177
2026-02-13T16:35:46,idle_without_VPN,7.2,28.3,5637.501647822909,4648.563605038376,193160.54360497225,121790.56333916448,3.0,1321.48828125,53.787,52.0,1815.0,99.7,39.01953125,3,443.44882798194885,7.6,117.17578125,150,607.256311416626,7.6,410.4921875,89,604.9167895317078,5.4,59.5234375,36,607.2310636043549,5.4,30.7265625,15,604.9202396869659
2026-02-13T16:35:47,idle_without_VPN,5.8,28.2,0.0,38.965626005893036,11822.459564454659,74629.27600062003,3.0,1321.48828125,53.901,52.0,1815.0,99.7,39.01953125,3,444.8277060985565,6.8,30.76171875,16,606.302549123764,5.6,117.16796875,150,608.6451323032379,3.4,4.64453125,416,1770989746.1815455,2.3,59.5234375,36,608.6107287406921
2026-02-13T16:35:49,idle_without_VPN,5.7,28.2,449.8219683223245,533.9822075568239,0.0,62034.80254747102,3.0,1321.48828125,53.692,52.0,1815.0,99.6,39.0234375,3,446.286212682724,9.1,117.1484375,150,610.0246000289917,7.5,409.9296875,90,607.755241394043,4.3,30.7265625,15,607.7581503391266,4.3,126.6171875,32,562.0505223274231
2026-02-13T16:35:50,idle_without_VPN,6.8,28.3,3703.993085206211,1383.8275465688957,1331989.2717523982,166975.98116051694,3.0,1321.48828125,53.835,51.0,1815.0,99.3,39.0234375,3,447.6862027645111,7.4,117.17578125,150,611.4919669628143,5.6,49.46875,22,606.2346160411835,4.5,30.7265625,15,609.1611428260803,2.3,305.0703125,35,503.4919550418854
2026-02-13T16:35:51,idle_without_VPN,6.6,28.4,2144.2627977901752,1175.9314522833552,1829290.5083304658,4333440.406478336,7.0,1321.48828125,53.664,51.0,1815.0,99.5,39.02734375,3,449.1628429889679,11.6,49.484375,24,607.7163820266724,11.0,4.64453125,416,1770989750.454071,5.5,117.12890625,150,612.916764497757,5.3,410.3203125,90,610.632152557373
2026-02-13T16:35:53,idle_without_VPN,8.3,28.3,0.0,37.216307105118474,3794012.292686069,17719858.193993334,3.0,1321.48828125,53.688,51.0,1815.0,99.1,39.01953125,3,450.5664370059967,8.6,35.109375,21,615.0908136367798,6.5,117.15234375,150,614.3671078681946,5.6,30.7265625,15,612.0395724773407,5.4,4.6484375,416,1770989751.9055629
2026-02-13T16:35:54,idle_without_VPN,6.2,28.3,1152.581617832403,473.0745446327027,11743.717180700305,387175.6758012132,7.0,1321.48828125,53.531,51.0,1815.0,99.6,39.02734375,3,451.9631550312042,7.8,117.16796875,150,615.7619490623474,6.7,30.7265625,15,613.4382033348083,3.4,59.49609375,36,615.7404677867889,3.3,68.24609375,22,572.4169435501099
2026-02-13T16:35:56,idle_without_VPN,5.9,28.3,1891.3754181430868,520.627471811634,0.0,125247.27957489304,3.0,1321.48828125,53.594,51.0,1815.0,98.6,39.03125,3,453.373339176178,5.6,117.140625,150,617.167334318161,5.5,30.7265625,15,614.8494822978973,2.2,59.66796875,36,617.1433272361755,2.2,23.27734375,7,613.7980051040649
2026-02-13T16:35:57,idle_without_VPN,5.9,28.3,22112.03729098761,5090.367107391381,2351172.477380358,92795.07533384791,4.0,1321.48828125,53.562,50.0,1815.0,98.9,39.03125,3,454.7789134979248,7.8,117.171875,150,618.5729866027832,4.4,59.41015625,36,618.5563628673553,4.4,30.7265625,15,616.2552123069763,4.4,56.28515625,90,616.1674613952637
2026-02-13T16:35:58,idle_without_VPN,6.1,28.3,1003.5941335042637,2429.8286133715906,141848.84293721107,95892.71269990035,4.0,1321.48828125,53.522,50.0,1815.0,99.1,39.03125,3,456.19762659072876,7.7,117.17578125,150,619.9848470687866,6.6,30.7265625,15,617.6667745113373,5.5,59.45703125,36,619.973551273346,3.3,51.1328125,24,614.7481417655945
2026-02-13T16:36:00,idle_without_VPN,5.7,28.3,68947.23690234996,6359.8397518275715,46626.9669958353,100175.1244051149,3.0,1321.48828125,53.558,50.0,1815.0,100.1,39.03125,3,457.6018168926239,5.6,117.1640625,150,621.3909459114075,5.6,30.7265625,15,619.0725390911102,4.4,56.28515625,90,618.9850587844849,3.4,59.4765625,36,621.370599269867
2026-02-13T16:36:01,idle_without_VPN,6.0,28.3,129415.03767100551,8259.75829564984,0.0,152625.96850657315,3.0,1321.48828125,53.373,50.0,1815.0,100.5,38.3984375,3,459.03290605545044,6.6,117.19140625,150,622.8182444572449,5.4,30.765625,16,620.5108296871185,3.3,59.51953125,36,622.8028273582458,2.2,22.94140625,19,620.3967845439911
2026-02-13T16:36:03,idle_without_VPN,5.7,28.4,125170.17328392639,8027.56443458956,0.0,80768.79559999892,3.0,1321.48828125,53.514,49.0,1815.0,99.5,39.03125,3,460.4303901195526,4.5,30.76171875,16,621.9067330360413,4.4,117.12109375,150,624.2274401187897,3.4,56.28515625,90,621.818865776062,3.3,59.51171875,36,624.2138407230377
2026-02-13T16:36:04,idle_without_VPN,7.1,28.4,166419.27075483417,12198.938672229551,535278.4849712095,139024.20769852115,3.0,1321.48828125,53.435,49.0,1815.0,100.8,39.04296875,3,462.1828694343567,14.4,390.33984375,92,623.6428220272064,5.4,4.6484375,416,1770989763.22214,5.3,55.01171875,24,620.7587823867798,4.5,30.76171875,16,623.6468188762665
2026-02-13T16:36:06,idle_without_VPN,8.0,28.4,131211.63571639085,11362.535689160048,613769.4549797334,267889.9274450986,3.0,1321.48828125,53.556,49.0,1815.0,99.3,39.04296875,3,463.677241563797,5.3,4.6484375,416,1770989764.981397,5.2,30.7265625,15,625.1464576721191,4.2,55.1328125,24,622.2456791400909,3.1,390.50390625,92,625.142632484436
2026-02-13T16:36:07,idle_without_VPN,6.6,28.4,145573.1403712387,13211.992007589171,11101.922097258232,275466.44203821983,3.0,1321.48828125,53.497,49.0,1815.0,99.3,39.04296875,3,465.1406035423279,4.3,30.7265625,15,626.6134045124054,4.2,117.16796875,150,628.9185676574707,3.2,59.4765625,36,628.9097633361816,3.2,56.296875,90,626.5259947776794
2026-02-13T16:36:09,idle_without_VPN,5.7,28.4,126613.11846648766,8382.940873058546,0.0,133620.2489350472,3.0,1321.48828125,53.423,49.0,1815.0,99.0,38.3984375,3,466.59250259399414,6.5,30.76171875,16,628.0665590763092,6.5,57.546875,24,625.1553189754486,4.3,117.12890625,150,630.3705577850342,4.3,56.296875,90,627.9798038005829
2026-02-13T16:36:10,idle_without_VPN,6.1,28.4,142041.17925078084,17207.786662536408,821748.411226801,2443583.498350445,3.0,1321.48828125,53.297,49.0,1815.0,98.6,39.04296875,3,468.06611013412476,6.4,4.6484375,416,1770989769.3730447,6.4,117.16015625,150,631.835620880127,3.2,30.765625,16,629.5417110919952,2.1,99.85546875,26,598.1040396690369
2026-02-13T16:36:12,idle_without_VPN,5.5,28.4,131248.15760296118,8414.637715891571,0.0,33178.338075629545,3.0,1321.48828125,53.273,48.0,1815.0,100.5,39.05078125,3,469.5421793460846,9.6,99.9375,26,599.5753116607666,6.4,117.203125,150,633.305017709732,4.3,30.76171875,16,631.0068264007568,3.2,124.765625,99,525.7344205379486
2026-02-13T16:36:13,idle_without_VPN,5.5,28.4,124445.96939695833,7975.59226655314,105595.86467373793,37166.965526611704,3.0,1321.48828125,53.38,48.0,1815.0,99.0,39.05078125,3,471.0266823768616,10.5,53.671875,24,629.5879671573639,6.4,117.1484375,150,634.7777500152588,4.2,99.921875,28,601.0614016056061,4.2,59.37109375,36,634.7798192501068
2026-02-13T16:36:15,idle_without_VPN,6.9,28.4,91851.44166969426,25901.92432426987,1286593.6294467032,623014.2036443179,3.0,1321.48828125,53.204,48.0,1815.0,98.8,39.05859375,3,472.59317350387573,20.8,58.08984375,29,631.1812336444855,9.3,117.171875,150,636.2890198230743,6.2,100.05078125,28,602.5667252540588,6.1,389.2421875,92,634.0428376197815
2026-02-13T16:36:17,idle_without_VPN,8.3,28.5,222970.1226084371,7810.698120044142,126966188.3845408,1075662.0600012438,3.0,1321.48828125,53.222,48.0,1815.0,100.1,39.06640625,3,474.2313404083252,41.1,552.41015625,94,635.6792988777161,10.6,4.6484375,417,1770989775.4432616,6.8,117.17578125,150,637.9077050685883,3.9,99.96875,28,604.1891796588898
2026-02-13T16:36:18,idle_without_VPN,9.5,29.3,3333.365349638912,3571.0477812990084,10243073.742966287,20707218.879385892,4.0,1321.48828125,53.179,48.0,1815.0,99.3,39.08203125,3,476.0086612701416,97.5,970.4296875,94,637.4570801258087,7.2,100.0390625,28,605.932210445404,6.3,117.140625,150,639.6364798545837,6.1,30.765625,16,637.4654157161713
2026-02-13T16:36:20,idle_without_VPN,9.9,30.2,262.7327212008212,713.3764538691862,0.0,9900024.81367107,4.0,1321.48828125,53.246,47.0,1815.0,99.6,39.08203125,3,477.76670265197754,94.7,885.82421875,94,639.2240107059479,5.4,117.16796875,150,641.3851571083069,4.5,4.6484375,417,1770989778.9161882,3.5,30.7265625,15,639.2284755706787
2026-02-13T16:36:22,idle_without_VPN,7.9,29.7,0.0,137.18641934509773,9032617.976231344,89763098.3887306,4.0,1321.48828125,53.25,47.0,1815.0,97.8,39.078125,3,479.4916481971741,28.2,689.28515625,94,640.9422585964203,5.3,100.05859375,28,609.4492208957672,4.4,4.6484375,417,1770989780.6745455,4.4,117.1953125,150,643.1486644744873
2026-02-13T16:36:23,idle_without_VPN,9.1,27.9,38.21445029467986,244.9198859795391,8888801.571961645,91867056.77473395,7.0,1321.48828125,52.957,47.0,1815.0,100.4,38.41796875,3,481.0794937610626,44.8,206.8828125,94,642.5445642471313,4.9,30.7265625,15,642.5485734939575,4.7,99.9765625,28,611.1195373535156,3.6,4.6484375,417,1770989782.397667
2026-02-13T16:36:25,idle_without_VPN,6.3,27.9,3412.6462627136957,884.2403066138306,0.0,179655.17340725448,3.0,1321.48828125,52.972,47.0,1815.0,98.9,39.06640625,3,482.5960223674774,7.3,4.6484375,417,1770989783.8941615,6.2,207.68359375,94,644.0577239990234,5.2,117.16796875,150,646.3677034378052,5.2,100.1484375,28,612.6298065185547
2026-02-13T16:36:26,idle_without_VPN,6.1,27.9,11300.663872872727,5912.152996002065,292012.1962687424,282107.6890268786,3.0,1321.48828125,52.825,47.0,1815.0,98.9,39.0703125,3,484.0502965450287,8.5,100.1171875,28,614.105208158493,7.5,30.765625,16,645.5238139629364,7.3,4.6484375,417,1770989785.3932898,3.2,12.1171875,6,634.4183282852173
2026-02-13T16:36:28,idle_without_VPN,6.0,27.9,1196.6573559942603,165.934650629814,0.0,139952.45155858307,3.0,1321.48828125,52.834,47.0,1815.0,98.6,39.078125,3,485.50781416893005,8.6,100.296875,28,615.5655596256256,7.5,117.15625,150,649.3094956874847,3.2,59.4765625,36,649.2830295562744,2.2,4.6484375,417,1770989786.8467996
2026-02-13T16:36:29,idle_without_VPN,5.9,27.9,243.17557141264172,334.3664106923824,0.0,94794.25911067342,3.0,1321.48828125,52.597,47.0,1815.0,100.4,39.078125,3,486.95515990257263,9.7,100.13671875,28,617.0084230899811,4.3,117.09765625,150,650.7565245628357,4.3,30.7265625,15,648.4271557331085,2.2,59.37890625,36,650.7299547195435
2026-02-13T16:36:31,idle_without_VPN,5.6,27.9,351.8653178748451,82.46843387691682,0.0,119634.20807744733,3.0,1321.48828125,52.723,47.0,1815.0,100.5,39.0859375,3,488.41646909713745,10.7,100.25,28,618.4643032550812,5.4,30.76171875,16,649.8870568275452,4.3,12.1171875,6,638.780727148056,3.2,117.14453125,150,652.2105195522308
2026-02-13T16:36:32,idle_without_VPN,6.6,27.9,0.0,37.1291860255818,0.0,27811.135488198754,3.0,1321.48828125,52.751,48.0,1815.0,98.6,39.08984375,3,489.87603878974915,9.7,100.11328125,28,619.9220068454742,6.4,117.1875,150,653.6661071777344,5.4,30.7265625,16,651.3457543849945,4.3,59.421875,36,653.6426494121552
2026-02-13T16:36:34,idle_without_VPN,6.2,27.9,240.04338615151138,240.04338615151138,0.0,10474.620486611406,8.0,1321.48828125,52.722,48.0,1815.0,99.6,39.0859375,3,491.33332681655884,16.0,100.28515625,28,621.3839955329895,6.4,117.140625,150,655.1321368217468,4.3,59.4609375,36,655.1022663116455,4.3,30.7265625,15,652.8032488822937
2026-02-13T16:36:35,idle_without_VPN,9.0,28.2,4037.4741991633086,3098.1583851757073,52397.00976391538,81714.38427467756,3.0,1321.48828125,52.643,48.0,1815.0,99.4,39.09375,3,493.0476245880127,8.5,117.15625,150,656.7826511859894,6.6,100.2734375,28,623.0466957092285,4.6,212.95703125,94,654.4989824295044,3.7,30.76171875,16,654.5038893222809
2026-02-13T16:36:37,idle_without_VPN,8.7,28.1,2091.066588761033,580.4909507913288,145128.64299743334,1294970.7874125144,3.0,1321.48828125,52.746,48.0,1815.0,97.8,39.09765625,3,494.9639904499054,23.9,228.96875,94,656.3948271274567,12.8,100.2734375,28,624.7584369182587,11.0,34.24609375,10,3.8227851390838623,6.5,117.17578125,150,658.4781591892242
2026-02-13T16:36:39,idle_without_VPN,9.0,28.1,1701.9472526729348,1249.9998167952338,17341.23369887647,81287.03296348345,9.0,1325.35546875,52.854,48.0,1815.0,99.1,39.08984375,3,496.6355719566345,10.8,100.21875,28,626.6315612792969,5.8,117.1484375,150,660.3681962490082,5.5,229.7890625,94,658.0937435626984,5.0,59.48046875,36,660.356787443161
2026-02-13T16:36:41,idle_without_VPN,8.4,27.9,230.05164833996272,0.0,46273.24583752394,391820.2115073455,4.0,1324.85546875,52.82,48.0,1815.0,99.9,39.08984375,3,498.3082528114319,11.0,100.296875,28,628.3301787376404,10.2,235.66015625,94,659.7733571529388,4.7,30.7265625,15,659.7770130634308,4.0,309.45703125,35,554.1830384731293
2026-02-13T16:36:42,idle_without_VPN,6.3,27.9,5659.550677943182,4427.60159346733,0.0,38631.42556768204,4.0,1324.85546875,52.822,49.0,1815.0,99.0,39.08984375,3,499.82294964790344,16.3,100.265625,28,629.8620128631592,6.1,114.18359375,150,663.5972864627838,4.1,30.7265625,15,661.2961864471436,3.0,4.6484375,418,1770989801.134368
2026-02-13T16:36:44,idle_without_VPN,6.2,28.0,1815.4019472593816,43.49057296519753,13495.256580715839,75573.4368520087,3.0,1321.48046875,52.797,49.0,1815.0,99.1,39.08984375,3,501.46341705322266,64.9,261.72265625,95,662.9117815494537,14.2,100.37890625,28,631.405641078949,10.0,342.11328125,96,632.7362020015717,3.1,114.09375,150,665.1239521503448
2026-02-13T16:36:46,idle_without_VPN,11.7,28.0,7083.087513547293,1698.2308010348,1159033.6856614654,444816.755715959,3.0,1321.48046875,52.759,49.0,1815.0,99.5,39.08984375,3,503.2063388824463,99.4,281.78125,95,664.6536123752594,15.3,100.30859375,28,633.1490395069122,13.7,342.12109375,96,634.44793009758,9.9,30.765625,16,664.6593906879425
2026-02-13T16:36:47,idle_without_VPN,11.2,28.0,210.93802185378283,0.0,6861938.763922083,129419.31459256896,3.0,1321.48046875,52.734,49.0,1815.0,98.9,39.08984375,3,504.91244077682495,94.3,286.41796875,95,666.3603882789612,21.1,342.12109375,96,636.1546635627747,14.6,100.4296875,28,634.8575839996338,5.5,114.140625,150,668.5754475593567
2026-02-13T16:36:49,idle_without_VPN,11.6,28.0,248.6574762727327,342.91600797611744,6379843.034760744,391116.23579538445,3.0,1321.48046875,52.796,49.0,1815.0,100.3,38.4453125,3,506.6252272129059,96.2,291.1015625,95,668.0661075115204,17.3,100.3125,28,636.5739212036133,15.4,342.1015625,96,637.8787200450897,5.4,114.1015625,148,670.3031270503998
2026-02-13T16:36:51,idle_without_VPN,11.7,28.0,0.0,0.0,6025844.799652838,309133.22857925866,3.0,1321.48046875,52.78,50.0,1815.0,99.8,38.45703125,3,508.33100724220276,96.6,295.4375,95,669.780513048172,27.4,100.4140625,28,638.2874503135681,13.8,342.1171875,96,639.5760638713837,8.3,4.6484375,418,1770989809.5393496
2026-02-13T16:36:52,idle_without_VPN,10.8,27.9,0.0,31.861688911746917,6512585.85656358,123557.26947464998,3.0,1321.48046875,52.816,50.0,1815.0,100.4,39.09375,3,509.99642062187195,93.0,299.671875,95,671.4594416618347,14.7,100.43359375,28,639.9833605289459,13.3,342.1015625,96,641.2192945480347,5.6,56.2578125,89,671.3768784999847
2026-02-13T16:36:54,idle_without_VPN,11.1,27.9,218.54345534594714,300.4972511006773,5907189.862827252,89642.55186553759,3.0,1321.48046875,53.079,50.0,1815.0,98.6,39.0703125,3,511.5810647010803,92.2,302.4296875,94,673.0359854698181,21.5,100.37109375,28,641.5801067352295,12.1,342.109375,96,642.76478099823,6.8,114.04296875,148,675.3148634433746
2026-02-13T16:36:55,idle_without_VPN,9.0,27.9,0.0,0.0,13130572.478081064,198567.55360472473,3.0,1321.48046875,53.039,50.0,1815.0,99.3,39.0703125,3,513.0132808685303,15.6,100.3203125,28,643.0855150222778,9.9,342.1171875,96,644.1891353130341,8.6,291.22265625,93,674.4867861270905,6.2,114.11328125,148,676.8378739356995
2026-02-13T16:36:57,idle_without_VPN,6.7,27.9,0.0,0.0,40306.68448450639,83132.53674929444,3.0,1321.48046875,53.021,50.0,1815.0,99.4,38.44140625,3,514.4433851242065,24.1,100.52734375,28,644.5090038776398,6.6,114.15234375,148,678.2565562725067,5.4,342.1015625,96,645.6398329734802,4.4,82.453125,57,674.4944994449615
2026-02-13T16:36:58,idle_without_VPN,7.8,27.9,53.836184854252366,165.64979955154575,238889.09759326917,77038.20011143887,4.0,1321.48046875,52.998,50.0,1815.0,99.0,39.0703125,3,515.8939740657806,20.5,100.4765625,28,645.9592552185059,17.2,79.72265625,57,675.9464716911316,7.7,342.12109375,96,647.0585713386536,4.3,4.6484375,418,1770989817.2461903
2026-02-13T16:37:00,idle_without_VPN,6.9,27.9,247.71686758914834,340.610692935079,0.0,76747.18952216524,3.0,1321.48046875,53.121,50.0,1815.0,100.2,39.07421875,3,517.2968485355377,23.1,100.51953125,28,647.3785815238953,5.5,114.14453125,148,681.1274263858795,4.4,30.953125,14,678.7755923271179,4.4,342.12109375,96,648.4741132259369
2026-02-13T16:37:01,idle_without_VPN,7.1,27.9,35.37258871981256,82.06440582996514,0.0,52883.43503966857,3.0,1321.48046875,53.175,50.0,1815.0,97.2,39.07421875,3,518.7593669891357,33.0,100.47265625,28,648.7967662811279,10.7,342.10546875,96,649.938880443573,4.4,114.078125,148,682.541825056076,4.3,30.98828125,15,680.2304110527039
2026-02-13T16:37:02,idle_without_VPN,7.5,27.9,0.0,3388.0268944793934,0.0,48750.323094684485,4.0,1321.48046875,53.163,50.0,1815.0,100.6,39.07421875,3,520.1883428096771,28.0,100.578125,28,650.2496635913849,26.4,342.12109375,96,651.3573791980743,4.4,30.953125,14,681.6607210636139,4.3,114.125,148,684.0016317367554
2026-02-13T16:37:04,idle_without_VPN,8.3,27.9,302.31842798167935,1374.494248149263,0.0,44276.29144319591,4.0,1321.48046875,53.138,51.0,1815.0,99.7,39.0703125,3,521.5982887744904,40.9,342.12109375,96,652.7701654434204,7.7,100.61328125,28,651.6684103012085,6.6,114.15625,148,685.4213163852692,4.4,4.6484375,418,1770989822.9600663
2026-02-13T16:37:05,idle_without_VPN,8.8,27.9,339.1490137935377,678.2980275870754,0.0,35888.904407446425,4.0,1321.48046875,53.279,51.0,1815.0,100.4,39.06640625,3,523.0305416584015,9.9,342.1171875,96,654.1913185119629,4.4,4.6484375,418,1770989824.3730714,4.4,114.12109375,148,686.8360059261322,2.2,30.9921875,15,684.5011699199677
2026-02-13T16:37:07,idle_without_VPN,7.7,27.9,4527.954971784829,4747.5684813832895,3580.9591374016563,70902.9909205528,4.0,1321.48046875,53.297,51.0,1815.0,100.2,39.0703125,3,524.4340052604675,7.8,30.98828125,15,685.9106554985046,4.4,114.14453125,148,688.2635045051575,2.2,22.30078125,12,688.2487993240356,2.2,59.5625,34,688.2264404296875
2026-02-13T16:37:08,idle_without_VPN,7.8,27.9,198.09611466986289,1207.8162387245238,23349.688796770024,211241.71583327884,3.0,1321.48046875,53.22,51.0,1815.0,99.0,39.0703125,3,525.8390753269196,4.5,114.05859375,148,689.6678717136383,2.2,4.6484375,418,1770989827.2054138,2.2,30.9921875,15,687.3166298866272,2.2,56.2578125,89,687.2284824848175
2026-02-13T16:37:10,idle_without_VPN,7.6,27.9,530.3284624572461,1023.0801755692596,214899.3025195737,15246.234300375163,3.0,1316.91796875,53.254,51.0,1815.0,99.8,39.0703125,3,527.2637560367584,4.4,59.5625,34,691.0512359142303,3.3,114.11328125,148,691.0810647010803,3.3,30.984375,15,688.736704826355,3.3,17.80078125,16,601.4475376605988
2026-02-13T16:37:11,idle_without_VPN,7.2,27.9,123.70552274523244,279.40385309699053,0.0,7280.141108684944,3.0,1316.91796875,53.318,51.0,1815.0,98.2,39.0703125,3,528.6959388256073,5.5,30.953125,14,690.161084651947,4.4,114.15625,148,692.4871253967285,2.2,59.5625,34,692.4608857631683,2.2,56.2578125,89,690.0736346244812
2026-02-13T16:37:12,idle_without_VPN,5.7,27.9,0.0,163.62160271357197,0.0,12513.997432433855,3.0,1316.91796875,53.322,51.0,1815.0,101.0,39.0703125,3,530.1664464473724,7.4,30.953125,14,691.6363866329193,4.3,59.5625,34,693.9255380630493,3.2,4.6484375,418,1770989831.4950106,3.2,114.12890625,148,693.9558293819427
2026-02-13T16:37:14,idle_without_VPN,5.6,27.9,399.64829109477387,637.6488224524189,5634.972118155572,12678.687265850038,3.0,1316.91796875,53.262,51.0,1815.0,97.0,38.4453125,3,531.6002264022827,7.6,30.98828125,15,693.0756070613861,5.4,114.14453125,148,695.4130475521088,2.2,10.41015625,8,695.3641154766083,2.2,23.77734375,16,694.9654941558838
2026-02-13T16:37:15,idle_without_VPN,5.6,27.9,277.70621229038136,91.18711448340879,674850.9650786676,30064.115320590536,3.0,1316.91796875,53.391,51.0,1815.0,100.6,39.0625,3,533.0599021911621,4.3,114.08984375,148,696.8599362373352,4.3,30.953125,15,694.5335690975189,3.2,59.5859375,34,696.838725566864,2.2,4.6484375,418,1770989834.399125
2026-02-13T16:37:17,idle_without_VPN,5.7,27.9,107.77669020153543,82.90514630887341,0.0,71806.91072299222,3.0,1316.91796875,53.359,52.0,1815.0,99.0,39.0625,3,534.4962425231934,6.5,30.953125,14,695.9741351604462,4.3,114.1171875,148,698.3119723796844,3.3,183.89453125,105,670.6451859474182,3.2,59.4609375,34,698.2823677062988
2026-02-13T16:37:18,idle_without_VPN,6.0,27.9,279.8137809784949,170.2907101409527,0.0,42328.1937771105,3.0,1316.91796875,53.429,52.0,1815.0,98.7,38.4453125,3,535.8904001712799,4.5,30.98828125,15,697.3692491054535,4.4,114.140625,148,699.7202155590057,3.3,59.58203125,34,699.6855146884918,2.2,4.6484375,418,1770989837.259412
2026-02-13T16:37:20,idle_without_VPN,6.2,27.9,252.6611324267804,347.40905708682305,11760.227254773778,75338.95585089452,3.0,1316.91796875,53.373,52.0,1815.0,98.3,39.05859375,2,537.2884252071381,5.6,114.10546875,148,701.1133472919464,5.6,30.953125,14,698.7625670433044,4.5,59.5859375,34,701.0805325508118,2.2,4.6484375,418,1770989838.6518195
2026-02-13T16:37:21,idle_without_VPN,5.5,27.9,0.0,0.0,0.0,51747.31024525846,3.0,1316.91796875,53.497,52.0,1815.0,99.4,38.43359375,2,538.6878600120544,6.7,114.14453125,148,702.511237859726,6.7,30.953125,14,700.1628427505493,2.2,4.6484375,418,1770989840.0486646,2.2,56.2578125,89,700.0747933387756
2026-02-13T16:37:22,idle_without_VPN,5.6,27.9,0.0,0.0,0.0,13943.912702120351,3.0,1316.56640625,53.365,52.0,1815.0,99.1,39.0546875,2,540.0757496356964,6.7,30.953125,14,701.5527808666229,5.6,114.0546875,148,703.9052062034607,3.4,183.89453125,105,676.230720281601,2.2,4.6484375,418,1770989841.4436538
2026-02-13T16:37:24,idle_without_VPN,6.1,27.9,8695.045649505664,23683.858745224283,59438.37293077003,14151.993554945246,3.0,1316.56640625,53.544,52.0,1815.0,97.6,38.4375,3,541.5983169078827,4.3,114.09765625,148,705.359888792038,4.1,30.98828125,15,703.070442199707,4.1,105.078125,22,609.2742962837219,3.1,265.328125,90,703.0610585212708
2026-02-13T16:37:25,idle_without_VPN,5.2,27.9,11359.789687133909,8384.415122007593,0.0,37758.69659934973,4.0,1316.56640625,55.311,52.0,1815.0,98.6,39.05859375,3,543.0382151603699,5.4,30.953125,14,704.5050852298737,4.3,59.68359375,34,706.8136820793152,4.2,114.15625,148,706.8435080051422,2.2,258.5078125,276,701.4841470718384
2026-02-13T16:37:27,idle_without_VPN,5.5,27.9,53.95919163070687,113.45265932610162,0.0,16292.908734441131,4.0,1316.56640625,53.708,52.0,1815.0,99.7,39.05859375,3,544.527019739151,5.2,253.296875,51,687.5291137695312,4.3,114.1171875,148,708.2913439273834,4.3,59.64453125,34,708.2605640888214,4.2,30.953125,14,705.9910323619843
2026-02-13T16:37:28,idle_without_VPN,5.6,27.9,105.26699413681285,74.22672663493213,284685.138605075,298504.80552765145,4.0,1316.56640625,53.866,52.0,1815.0,99.9,39.05078125,3,545.9818451404572,19.9,148.69921875,25,600.9288897514343,6.3,114.15625,148,709.7723019123077,4.4,30.98828125,15,707.4217257499695,3.2,59.734375,34,709.7327094078064
2026-02-13T16:37:30,idle_without_VPN,6.7,28.0,6124.2256186387485,3526.804518800107,1485848.8767575137,131469.67534710004,3.0,1316.56640625,53.91,52.0,1815.0,100.1,39.06640625,3,547.4172163009644,4.2,4.6484375,418,1770989848.7925138,4.2,114.10546875,148,711.2522883415222,4.2,30.98828125,15,708.89666223526,3.2,265.59765625,90,708.8911693096161
2026-02-13T16:37:31,idle_without_VPN,6.5,27.9,58048.04366624607,6212.868511460156,0.0,64586.72915962756,3.0,1316.56640625,53.931,52.0,1815.0,99.0,38.4453125,3,548.8209323883057,9.8,148.23046875,25,603.7517495155334,6.7,114.12890625,148,712.6449069976807,5.6,30.9921875,15,710.2997379302979,4.4,258.5546875,276,707.2606165409088
2026-02-13T16:37:32,idle_without_VPN,5.9,28.0,6105.189380779514,2231.6238316774266,0.0,68278.10431036967,3.0,1316.56640625,53.822,51.0,1815.0,100.6,39.0703125,3,550.2500514984131,6.5,114.15625,148,714.0792760848999,5.5,30.953125,14,711.7269299030304,2.2,59.65625,34,714.0479452610016,2.2,258.5625,276,708.686689376831
2026-02-13T16:37:34,idle_without_VPN,5.3,27.9,118.48385773238992,101.86721914796938,0.0,64732.644224525226,3.0,1316.56640625,53.846,51.0,1815.0,97.3,39.0703125,3,551.6316256523132,5.6,114.10546875,148,715.4674046039581,4.5,30.98828125,15,713.1021184921265,3.4,56.2578125,89,713.0140471458435,2.3,59.65625,34,715.4262940883636
2026-02-13T16:37:35,idle_without_VPN,5.4,27.9,256.7890009614836,398.31475717321035,0.0,56773.71366712074,3.0,1316.56640625,53.724,51.0,1815.0,99.0,39.0703125,3,553.0356814861298,6.8,114.14453125,148,716.8437564373016,5.5,30.98828125,15,714.510543346405,4.3,102.41015625,44,690.4421710968018,3.3,56.2578125,89,714.4226639270782
2026-02-13T16:37:37,idle_without_VPN,6.1,28.0,405.8208966321221,221.97585956723458,1394.4986515144062,118532.38537872453,3.0,1316.56640625,53.792,51.0,1815.0,98.9,39.06640625,3,554.5049381256104,5.3,56.2578125,89,715.8900847434998,4.3,114.078125,148,718.3062055110931,4.3,30.953125,14,715.9779455661774,2.2,342.140625,95,685.6686735153198
2026-02-13T16:37:38,idle_without_VPN,6.0,28.0,0.0,0.0,0.0,14779.162253684348,3.0,1316.56640625,53.708,50.0,1815.0,99.8,39.06640625,3,555.8975558280945,6.7,56.2578125,89,717.2891960144043,4.5,30.953125,14,717.376303434372,4.4,114.1171875,148,719.7265498638153,3.3,4.6484375,417,1770989857.2652218
2026-02-13T16:37:39,idle_without_VPN,5.9,28.0,652.946374748645,510.04565300230854,0.0,6003.295961774298,3.0,1316.56640625,53.738,50.0,1815.0,99.5,39.07421875,3,557.2491762638092,4.6,114.140625,148,721.0886170864105,4.6,59.609375,34,721.050288438797,4.6,30.953125,14,718.7290070056915,3.5,56.2578125,89,718.6433327198029
2026-02-13T16:37:41,idle_without_VPN,5.7,27.9,791.2357478298791,311.2096076807687,0.0,72153.65394681672,8.0,1316.56640625,53.628,50.0,1815.0,100.1,38.45703125,3,558.6251378059387,5.7,30.98828125,15,720.0978841781616,3.4,114.07421875,148,722.4532716274261,2.3,59.6484375,34,722.4105865955353,2.3,56.2578125,89,720.0095036029816
2026-02-13T16:37:42,idle_without_VPN,5.7,27.9,787.324907149162,309.6713920512474,8974.627513032376,30289.36785648427,3.0,1316.56640625,53.707,50.0,1815.0,98.3,39.07421875,3,559.9890418052673,4.6,30.953125,14,721.4628274440765,3.4,114.13671875,148,723.8201098442078,3.4,23.75,16,723.372273683548,3.4,12.06640625,4,710.3286490440369
2026-02-13T16:37:44,idle_without_VPN,5.9,27.8,1177.2274080457826,463.02821986216304,0.0,23110.641212742932,3.0,1316.56640625,53.523,50.0,1815.0,99.2,39.07421875,3,561.3595609664917,4.5,114.1328125,148,725.1988911628723,4.5,30.98828125,15,722.8389110565186,2.3,4.6484375,417,1770989862.7381206,2.3,14.2890625,9,89.73937368392944
2026-02-13T16:37:45,idle_without_VPN,5.5,27.8,260.3434146506618,357.97219514466,0.0,6437.582616816365,3.0,1316.56640625,53.639,50.0,1815.0,100.2,39.07421875,3,562.7158744335175,4.6,30.98828125,15,724.1921606063843,3.5,114.0859375,148,726.5458464622498,2.3,59.5703125,34,726.5161418914795,2.3,48.91015625,58,694.215836763382
2026-02-13T16:37:46,idle_without_VPN,5.4,27.8,5053.664874111806,2823.2188732835,0.0,17719.8588854184,4.0,1316.56640625,53.48,49.0,1815.0,99.2,39.07421875,3,564.069776058197,4.6,114.1171875,148,727.90469789505,4.6,59.66015625,34,727.8669221401215,3.5,30.953125,14,725.5454533100128,2.3,4.6484375,417,1770989865.444164
2026-02-13T16:37:48,idle_without_VPN,5.5,27.8,2108.5130784553717,79.80136303876233,0.0,6372.395081554012,4.0,1316.56640625,53.685,49.0,1815.0,100.7,39.07421875,3,565.4349884986877,5.7,30.953125,14,726.9154403209686,4.6,114.171875,148,729.2728946208954,3.4,4.6484375,417,1770989866.810482,3.4,59.66015625,34,729.2331426143646
2026-02-13T16:37:49,idle_without_VPN,6.1,27.8,2439.0287499267224,120.01221571796654,0.0,12738.857629380253,4.0,1316.56640625,53.583,49.0,1815.0,99.3,39.07421875,3,566.8035094738007,5.7,114.08203125,148,730.6417849063873,5.7,59.66015625,34,730.6022164821625,5.7,30.9921875,15,728.2822396755219,2.3,4.6484375,417,1770989868.1774666
2026-02-13T16:37:50,idle_without_VPN,5.4,27.8,610.7900286205205,398.56637460830575,0.0,4164.611914274542,4.0,1316.56640625,53.5,49.0,1815.0,100.7,39.078125,3,568.1536192893982,7.0,114.1015625,148,731.9880976676941,5.8,30.9921875,15,729.6256020069122,3.5,59.66015625,34,731.9562330245972,2.3,258.734375,277,726.582380771637
2026-02-13T16:37:52,idle_without_VPN,5.4,27.8,171.44256128588478,128.76587221042848,0.0,9795.03594780128,3.0,1316.56640625,53.247,49.0,1815.0,99.1,39.078125,3,569.5091741085052,9.2,114.12890625,148,733.3489940166473,4.6,30.953125,14,730.9834551811218,3.5,59.66015625,34,733.3047621250153,2.3,101.12109375,26,699.589574098587
2026-02-13T16:37:53,idle_without_VPN,5.4,27.8,0.0,0.0,0.0,28129.214803611394,3.0,1316.56640625,53.435,48.0,1815.0,98.6,39.06640625,3,570.9038202762604,6.9,114.125,148,734.7152523994446,5.6,30.9921875,15,732.3807415962219,4.5,101.109375,26,700.964873790741,3.4,102.37109375,43,708.2760796546936
2026-02-13T16:37:54,idle_without_VPN,6.5,27.8,296.85117542101716,428.94284678060853,11635.429804062069,140352.37201149872,3.0,1316.56640625,53.255,48.0,1815.0,97.7,39.0625,3,572.2952969074249,7.8,114.13671875,148,736.1237535476685,5.5,59.5546875,34,736.0947215557098,4.5,30.953125,14,733.7688894271851,4.5,91.24609375,116,690.6023659706116
2026-02-13T16:37:56,idle_without_VPN,6.9,27.8,97.52068312091197,81.2672359340933,0.0,6808.7167851691265,3.0,1316.56640625,53.262,48.0,1815.0,97.8,39.0546875,3,573.6378934383392,8.1,30.953125,14,735.113926410675,6.9,114.15625,148,737.4750838279724,3.5,59.6328125,34,737.435240983963,2.3,4.65234375,408,1770989875.0144045
2026-02-13T16:37:57,idle_without_VPN,6.4,27.8,404.67014814980837,788.776296030661,0.0,74077.40439742699,3.0,1316.56640625,53.209,48.0,1815.0,99.6,39.05859375,3,574.970933675766,8.0,114.0859375,148,738.83731508255,6.9,101.22265625,26,705.0787093639374,4.7,56.2578125,89,736.365341424942,4.7,12.06640625,4,725.2946302890778
2026-02-13T16:37:58,idle_without_VPN,5.8,27.8,303.0119749380091,184.40880292944493,87757.16510527875,1306954.9231750444,5.0,1316.56640625,53.448,48.0,1815.0,99.6,39.05859375,3,576.2733502388,4.8,114.1171875,148,740.1449437141418,3.6,30.9921875,15,737.7536470890045,1.2,4.65234375,408,1770989877.6837714,1.2,101.16796875,26,706.3877921104431
2026-02-13T16:38:00,idle_without_VPN,5.5,27.8,269.342503609428,554.7537361273729,0.0,16846.149316662402,3.0,1316.56640625,53.151,48.0,1815.0,100.8,39.05859375,3,577.5905060768127,7.2,101.26953125,26,707.6951129436493,6.0,114.13671875,148,741.4536921977997,4.8,30.953125,14,739.0685391426086,2.4,59.66796875,34,741.4087047576904
2026-02-13T16:38:01,idle_without_VPN,5.8,27.8,38.166662480831604,183.96331315760833,0.0,0.0,3.0,1316.56640625,53.242,47.0,1815.0,97.8,39.0546875,3,578.8840322494507,6.0,114.171875,148,742.7578542232513,4.8,30.9921875,15,740.3661618232727,3.6,101.14453125,26,708.9963438510895,3.6,59.671875,34,742.7108623981476
2026-02-13T16:38:02,idle_without_VPN,6.8,27.7,152.56668599916338,124.82728854477004,0.0,17753.21437081174,3.0,1316.56640625,53.181,47.0,1815.0,100.1,39.0546875,3,580.1952774524689,7.2,30.953125,14,741.6740410327911,6.0,101.234375,26,710.3057975769043,4.8,4.65234375,408,1770989881.5971632,4.8,59.671875,34,744.0225999355316
2026-02-13T16:38:04,idle_without_VPN,6.4,27.8,0.0,0.0,0.0,92591.1263274416,3.0,1316.56640625,53.347,47.0,1815.0,99.7,38.44921875,3,581.4965026378632,4.8,114.1328125,148,745.3651707172394,4.8,101.16796875,26,711.60666847229,3.6,30.953125,14,742.9780979156494,2.4,59.671875,34,745.3224723339081
2026-02-13T16:38:05,idle_without_VPN,5.6,27.8,271.7439134421662,373.64788098297856,0.0,4743.166489172356,3.0,1316.56640625,53.038,47.0,1815.0,99.7,39.0546875,3,582.7816812992096,8.5,114.12890625,148,746.655809879303,4.8,101.20703125,26,712.8994195461273,4.8,59.671875,34,746.6133871078491,3.6,4.65234375,408,1770989884.1972346
2026-02-13T16:38:06,idle_without_VPN,6.7,27.8,153.8318551335159,434.3030657557342,0.0,7955.7484675111245,3.0,1316.56640625,53.101,47.0,1815.0,99.1,39.0546875,3,584.0753355026245,6.0,114.01171875,148,747.9469983577728,6.0,101.21875,26,714.1913783550262,3.6,59.671875,34,747.9059548377991,3.6,30.98828125,15,745.5606327056885
2026-02-13T16:38:08,idle_without_VPN,5.6,27.8,0.0,0.0,0.0,7901.801469911845,4.0,1316.56640625,53.058,47.0,1815.0,97.7,39.0546875,3,585.386545419693,6.0,101.16796875,26,715.4827394485474,4.8,114.10546875,148,749.2392756938934,3.6,30.953125,14,746.8658895492554,3.6,56.2578125,89,746.7779190540314
2026-02-13T16:38:09,idle_without_VPN,5.6,27.8,118.74771424169121,124.83734061306,0.0,30009.678758105347,4.0,1316.56640625,53.051,47.0,1815.0,99.4,39.05859375,3,586.6759152412415,8.3,114.1328125,148,750.5518362522125,6.0,101.2578125,26,716.7932121753693,3.6,4.65234375,408,1770989888.0935843,3.6,30.953125,14,748.1596474647522
2026-02-13T16:38:10,idle_without_VPN,5.9,27.7,397.7220568292649,465.0529562137467,51309.277000713984,117450.14188444686,3.0,1316.56640625,52.658,47.0,1815.0,99.8,39.05859375,3,587.9596118927002,8.5,30.953125,14,749.4451277256012,4.9,101.19921875,26,718.0706923007965,3.7,59.5078125,34,751.7894518375397,3.6,107.1328125,18,708.6927585601807
2026-02-13T16:38:11,idle_without_VPN,6.7,27.8,61.05169662529879,86.09854652285728,0.0,34063.71586067953,4.0,1316.56640625,52.761,47.0,1815.0,100.6,39.05859375,3,589.2326111793518,6.1,101.265625,26,719.353052854538,6.1,59.55078125,34,753.0667510032654,4.9,4.65234375,408,1770989890.6503427,4.9,258.8671875,277,747.6616749763489
2026-02-13T16:38:13,idle_without_VPN,5.9,27.8,60.69075728276372,42.79476475066672,0.0,5178.944621462504,4.0,1316.56640625,52.925,47.0,1815.0,99.7,39.05859375,3,590.5333926677704,7.3,4.65234375,408,1770989891.9347124,6.1,101.3046875,26,720.6314995288849,3.7,114.08984375,148,754.3941555023193,3.7,59.55078125,34,754.3509495258331
2026-02-13T16:38:14,idle_without_VPN,6.4,27.8,59.8786984723191,42.222159179199366,0.0,61708.837153832035,3.0,1316.56640625,52.65,48.0,1815.0,99.3,38.453125,3,591.82390832901,8.4,101.1796875,26,721.9387183189392,6.0,114.1171875,148,755.7020816802979,4.8,30.9921875,15,753.3073780536652,3.6,4.65234375,408,1770989893.2381718
2026-02-13T16:38:15,idle_without_VPN,5.9,27.7,272.77264016873386,375.06238023200905,12696.32652421743,94428.92852386713,3.0,1316.56640625,52.723,48.0,1815.0,98.0,39.05859375,3,593.1163029670715,7.3,101.29296875,26,723.2291491031647,6.1,114.14453125,148,756.985919713974,3.6,4.65234375,408,1770989894.5266237,3.6,30.98828125,15,754.5949265956879
2026-02-13T16:38:17,idle_without_VPN,5.8,27.8,99.1330167946227,126.23970107440235,0.0,38067.07844913512,3.0,1316.56640625,52.894,48.0,1815.0,98.5,39.05859375,3,594.4169430732727,7.3,101.203125,26,724.5187571048737,6.1,4.65234375,408,1770989895.8191476,6.0,30.953125,14,755.8924975395203,4.8,114.08203125,148,758.2790377140045
2026-02-13T16:38:18,idle_without_VPN,5.7,27.8,58.98182223335192,41.589746446594305,1548.6509222295479,74335.2442670183,3.0,1316.56640625,52.858,48.0,1815.0,99.5,39.0546875,3,595.7518057823181,9.4,101.3046875,26,725.8484678268433,5.9,114.10546875,148,759.6035730838776,4.7,30.953125,14,757.2358291149139,2.4,4.65234375,407,1770989897.141931
2026-02-13T16:38:19,idle_without_VPN,6.5,27.7,271.05831482086666,271.05831482086666,0.0,87527.19402215621,3.0,1316.56640625,52.798,48.0,1815.0,99.2,39.0546875,3,597.0278136730194,9.7,101.39453125,26,727.1382684707642,6.1,30.953125,14,758.5083281993866,6.0,114.125,148,760.9011495113373,3.6,4.65234375,407,1770989898.4413605
2026-02-13T16:38:20,idle_without_VPN,7.3,27.8,0.0,103.07765582018833,0.0,9195.776325291952,3.0,1316.56640625,52.817,48.0,1815.0,97.9,39.0546875,3,598.3040759563446,8.5,101.36328125,26,728.426641702652,4.9,114.140625,148,762.1818368434906,3.7,30.953125,14,759.7869737148285,2.5,98.80859375,30,752.6995303630829
2026-02-13T16:38:22,idle_without_VPN,5.7,27.8,93.79824031093854,178.99830859337436,0.0,15608.027187740172,3.0,1316.56640625,52.914,48.0,1815.0,98.8,38.453125,3,599.5851573944092,7.4,101.4140625,26,729.6937258243561,3.7,114.0703125,148,763.4580624103546,3.7,59.484375,34,763.4068281650543,3.7,115.91796875,27,653.5431294441223
2026-02-13T16:38:23,idle_without_VPN,5.5,27.7,0.0,0.0,0.0,15890.448291643559,3.0,1316.56640625,52.81,48.0,1815.0,100.5,39.078125,4,600.8750946521759,16.9,101.375,26,730.9913792610168,6.1,114.11328125,148,764.7476944923401,6.1,30.953125,14,762.355242729187,2.5,146.74609375,25,655.7074854373932
2026-02-13T16:38:24,idle_without_VPN,6.7,27.7,275.92578759847316,421.7274821817573,0.0,12441.744604440244,3.0,1316.56640625,52.734,49.0,1815.0,99.0,39.07421875,4,602.152660369873,8.6,101.49609375,26,732.2673041820526,6.1,30.953125,14,763.6346001625061,4.9,4.65234375,407,1770989903.566332,4.9,114.13671875,148,766.025110244751
2026-02-13T16:38:26,idle_without_VPN,6.2,27.8,309.1702835154788,0.0,0.0,73551.29815511673,3.0,1316.56640625,53.044,49.0,1815.0,98.9,39.0703125,4,603.463874578476,15.8,101.5234375,26,733.5494782924652,6.0,30.953125,14,764.9387631416321,4.9,114.16796875,148,767.3056633472443,3.7,59.65234375,34,767.2674837112427
2026-02-13T16:38:27,idle_without_VPN,5.9,27.7,0.0,0.0,0.0,2673.4963455565467,3.0,1316.56640625,53.041,49.0,1815.0,97.6,39.07421875,4,604.7604727745056,7.1,59.66015625,34,768.595166683197,7.0,114.1015625,148,768.644252538681,7.0,101.48046875,26,734.8812646865845,4.8,30.98828125,15,766.2469491958618
2026-02-13T16:38:28,idle_without_VPN,6.2,27.7,0.0,0.0,0.0,12613.941405761501,3.0,1316.56640625,52.889,49.0,1815.0,99.3,39.07421875,4,606.0197517871857,13.6,101.59375,26,736.1443452835083,7.4,114.109375,148,769.9048073291779,3.7,59.66015625,34,769.8606786727905,2.5,30.9921875,15,767.502044916153
2026-02-13T16:38:29,idle_without_VPN,5.6,27.8,613.2547736214461,710.9971796999284,38743.82857717393,189683.3274090807,3.0,1316.56640625,52.726,49.0,1815.0,100.7,39.07421875,4,607.2917454242706,9.9,101.546875,26,737.4147574901581,4.9,114.140625,148,771.1756081581116,4.9,59.66796875,34,771.1272892951965,4.9,30.953125,14,768.7737281322479
2026-02-13T16:38:31,idle_without_VPN,6.1,27.7,124.86530996158324,0.0,0.0,16185.073088691295,3.0,1316.56640625,53.041,49.0,1815.0,99.8,39.07421875,4,608.560031414032,9.9,101.6484375,26,738.677925825119,6.2,114.1640625,148,772.4363179206848,4.9,30.953125,14,770.0398962497711,3.7,4.65234375,407,1770989909.9773645
2026-02-13T16:38:32,idle_without_VPN,6.6,27.7,0.0,42.519166836717744,0.0,94739.00284803478,4.0,1316.56640625,53.05,49.0,1815.0,99.8,39.07421875,4,609.8602142333984,12.2,101.65234375,26,739.9527430534363,6.1,114.109375,148,773.7103538513184,4.8,30.9921875,15,771.3404734134674,2.4,259.0078125,277,768.2959649562836
2026-02-13T16:38:33,idle_without_VPN,7.2,27.7,0.0,0.0,0.0,83055.71808182911,4.0,1316.56640625,52.974,50.0,1815.0,98.2,39.07421875,4,611.1651952266693,12.9,101.67578125,26,741.2816386222839,7.2,342.22265625,95,742.2901902198792,4.8,30.98828125,15,772.6412782669067,2.3,114.11328125,148,775.0446066856384
2026-02-13T16:38:35,idle_without_VPN,6.2,27.8,522.3619856725875,464.4955381579595,12811.944271346816,54450.76315322397,4.0,1316.56640625,53.036,50.0,1815.0,97.8,39.07421875,4,612.4263892173767,16.1,342.22265625,95,743.5528290271759,14.7,101.69921875,26,742.5549454689026,3.7,4.65234375,407,1770989913.8573427,3.7,114.11328125,148,776.3170189857483
2026-02-13T16:38:36,idle_without_VPN,6.7,27.7,0.0,42.88802196849168,0.0,23178.593206082616,3.0,1316.56640625,53.14,50.0,1815.0,100.3,39.07421875,4,613.7041079998016,20.9,342.22265625,95,744.8214066028595,14.8,101.625,26,743.8254091739655,4.9,30.9921875,15,775.1862082481384,3.7,114.1484375,148,777.5835309028625
2026-02-13T16:38:37,idle_without_VPN,6.5,27.7,0.0,0.0,0.0,10002.329072285414,3.0,1316.56640625,53.09,50.0,1815.0,99.3,39.07421875,4,614.978654384613,17.3,101.734375,26,745.0920836925507,13.5,342.20703125,95,746.0987317562103,7.4,114.10546875,148,778.8581376075745,3.7,59.6796875,34,778.8046152591705
2026-02-13T16:38:38,idle_without_VPN,7.0,27.8,0.0,42.585969850380046,0.0,13728.45487324844,3.0,1316.56640625,52.999,50.0,1815.0,100.9,39.07421875,4,616.2335216999054,18.7,342.21484375,95,747.3501970767975,17.2,101.68359375,26,746.3664152622223,5.0,30.953125,14,777.7150413990021,3.7,114.125,148,780.1261789798737
2026-02-13T16:38:40,idle_without_VPN,7.1,27.7,721.7056139179209,663.0174650938262,0.0,42636.14703761256,3.0,1316.56640625,53.089,50.0,1815.0,99.2,39.07421875,4,617.5096008777618,17.4,101.73828125,26,747.6220993995667,17.1,342.22265625,95,748.6324954032898,7.4,114.13671875,148,781.3847794532776,3.7,59.1015625,34,781.3384737968445
2026-02-13T16:38:41,idle_without_VPN,6.2,27.7,0.0,0.0,212307.71074192924,3618.8814331010667,3.0,1316.56640625,53.215,50.0,1815.0,101.2,39.07421875,4,618.7764093875885,18.3,102.08984375,26,748.8999543190002,12.5,342.20703125,95,749.8858585357666,6.1,114.13671875,148,782.6626000404358,2.5,30.9921875,14,780.2613706588745
2026-02-13T16:38:42,idle_without_VPN,7.0,27.7,879.3204738913817,0.0,0.0,6895.140004279807,3.0,1316.56640625,53.08,50.0,1815.0,98.9,39.07421875,4,620.0403833389282,24.7,102.0078125,26,750.166428565979,11.0,342.21484375,95,751.1593544483185,6.2,114.0546875,148,783.9194965362549,4.9,30.98828125,15,781.5275592803955
2026-02-13T16:38:43,idle_without_VPN,6.6,27.8,0.0,0.0,0.0,103808.1316631124,3.0,1316.56640625,53.152,50.0,1815.0,99.6,38.47265625,4,621.3109147548676,17.3,101.87109375,26,751.4333124160767,4.9,114.10546875,148,785.1959660053253,4.9,30.9921875,15,782.7945730686188,4.9,56.2578125,89,782.7062256336212
2026-02-13T16:38:45,idle_without_VPN,7.1,27.7,474.1974483189273,398.5779216767063,0.0,16938.773967857494,3.0,1316.56640625,53.17,51.0,1815.0,99.5,39.07421875,4,622.5829205513,28.4,101.83203125,26,752.7002501487732,4.9,56.2578125,89,783.9739308357239,3.7,114.13671875,148,786.4633731842041,3.7,30.953125,14,784.0586020946503
2026-02-13T16:38:46,idle_without_VPN,6.6,27.7,515.8699317501134,780.8608693360379,0.0,86703.78038314368,3.0,1316.56640625,53.254,51.0,1815.0,99.2,38.47265625,4,623.8586394786835,28.2,101.95703125,26,753.9770398139954,8.6,114.15234375,148,787.7372086048126,3.7,30.953125,14,785.3411362171173,3.7,56.2578125,89,785.2524678707123
2026-02-13T16:38:47,idle_without_VPN,6.9,27.7,42.50838578712214,275.5173152869027,25794.718249489226,91087.59881850882,5.0,1316.56640625,53.303,51.0,1815.0,95.6,39.078125,4,625.1493120193481,23.3,102.0234375,26,755.2513902187347,4.9,114.078125,148,789.010425567627,4.9,30.953125,14,786.6252248287201,3.6,341.94140625,95,756.282840013504
2026-02-13T16:38:49,idle_without_VPN,7.0,27.8,50.16308180401784,274.3768565340976,0.0,117132.31610576967,3.0,1316.56640625,53.332,51.0,1815.0,96.5,38.4765625,4,626.4772651195526,30.7,101.95703125,26,756.5742707252502,8.2,341.953125,95,757.6158282756805,4.7,114.11328125,148,790.3301000595093,3.5,30.953125,14,787.9526762962341
2026-02-13T16:38:50,idle_without_VPN,7.5,27.7,1483.0434685678422,446.491546036137,21551.861292841953,10391.07598047737,3.0,1316.56640625,53.329,51.0,1815.0,94.9,39.078125,4,627.8113341331482,29.4,102.43359375,26,757.9038286209106,16.4,341.96484375,95,758.9512696266174,5.9,30.984375,15,789.2873427867889,4.7,59.66796875,34,791.6184513568878
2026-02-13T16:38:51,idle_without_VPN,8.1,27.7,2099.5550736413284,211.82676857058675,0.0,4982.045836062987,3.0,1316.56640625,53.402,51.0,1815.0,92.4,39.078125,4,629.1130404472351,24.4,341.96875,95,760.2301275730133,19.9,102.3828125,26,759.2373082637787,2.4,30.953125,14,790.5978624820709,2.4,259.1015625,276,787.5423767566681
2026-02-13T16:38:53,idle_without_VPN,8.2,27.8,2258.8076484165863,0.0,0.0,7645.6787765471645,3.0,1316.56640625,53.377,51.0,1815.0,99.7,39.0703125,4,630.3822576999664,4.9,30.953125,14,791.8683173656464,4.9,341.96875,95,761.5069301128387,3.7,114.09765625,148,794.2625455856323,2.5,4.65234375,407,1770989931.8039331
2026-02-13T16:38:54,idle_without_VPN,7.4,27.7,122.67070324913267,86.4985728038756,0.0,111120.78472782971,3.0,1316.56640625,53.493,51.0,1815.0,100.5,39.0703125,4,631.6575610637665,4.9,114.1171875,148,795.5345175266266,3.7,4.65234375,407,1770989933.0756185,3.7,30.953125,14,793.1347348690033,2.5,102.3125,40,768.9808945655823
2026-02-13T16:38:55,idle_without_VPN,7.5,27.7,962.7211946128035,788.326617555894,0.0,111107.495247117,4.0,1316.56640625,53.473,51.0,1815.0,98.3,39.0703125,4,632.9134047031403,6.2,114.13671875,148,796.801301240921,6.2,59.59375,34,796.7495875358582,3.7,4.65234375,407,1770989934.3425338,3.7,30.98828125,15,794.401177406311
2026-02-13T16:38:56,idle_without_VPN,7.2,27.7,164.0802576843045,88.47464875134067,0.0,8236.185483761168,4.0,1316.56640625,53.561,52.0,1815.0,100.0,39.0703125,4,634.1631655693054,5.0,114.12109375,148,798.0494630336761,2.5,4.65234375,407,1770989935.5886464,2.5,59.671875,34,798.0029091835022,2.5,30.953125,14,795.642543554306
2026-02-13T16:38:58,idle_without_VPN,6.9,27.7,93.98477545040444,43.0763554147687,0.0,8020.034171767846,3.0,1316.56640625,53.421,52.0,1815.0,76.9,38.4765625,4,635.4634926319122,4.8,30.98828125,15,796.9433612823486,4.8,81.890625,57,795.5162880420685,3.7,114.0703125,148,799.3253901004791,3.7,59.671875,34,799.2841746807098
2026-02-13T16:38:59,idle_without_VPN,6.7,27.7,59.76958774046037,42.1452221246836,0.0,43156.707455676005,3.0,1315.31640625,53.493,52.0,1815.0,87.7,38.4765625,4,636.7644865512848,6.0,114.109375,148,800.6323804855347,4.8,30.953125,14,798.2505598068237,3.6,59.68359375,34,800.5924110412598,1.2,69.1171875,4,814.552693605423
2026-02-13T16:39:00,idle_without_VPN,6.0,27.7,527.0925188399505,468.70203022594393,0.0,14543.96602882929,3.0,1315.31640625,53.535,52.0,1815.0,100.0,39.078125,4,638.0139923095703,6.3,30.953125,14,799.4986350536346,4.9,114.15625,148,801.8959610462189,2.5,56.2578125,89,799.4106283187866,1.2,59.68359375,34,801.8504066467285
2026-02-13T16:39:01,idle_without_VPN,5.8,27.8,300.2907869704114,157.7124027059455,0.0,8564.261383304676,3.0,1315.31640625,53.447,52.0,1815.0,97.2,39.078125,4,639.2679374217987,7.5,114.1484375,148,803.151873588562,5.0,56.2578125,89,800.6623795032501,3.7,101.9453125,26,769.3892703056335,3.7,30.98828125,14,800.7502048015594
2026-02-13T16:39:03,idle_without_VPN,5.4,27.8,61.99215253498284,129.54770337438723,0.0,18311.528133410317,3.0,1315.31640625,53.519,52.0,1815.0,99.5,39.078125,4,640.5234475135803,8.7,114.03125,147,804.4068050384521,6.2,30.98828125,15,802.0042459964752,3.7,98.98828125,30,794.9237909317017,1.2,59.6640625,33,804.3578553199768
2026-02-13T16:39:04,idle_without_VPN,4.8,27.7,0.0,0.0,0.0,126310.54482383173,3.0,1315.31640625,53.442,52.0,1815.0,99.0,38.484375,4,641.8185935020447,5.0,114.07421875,147,805.6640980243683,3.6,30.9921875,15,803.2972247600555,3.6,56.2578125,89,803.2087125778198,2.5,59.63671875,34,805.629741191864
2026-02-13T16:39:05,idle_without_VPN,6.0,27.7,697.1382606468921,723.1851846710617,0.0,10590.372873827073,3.0,1315.31640625,53.539,52.0,1815.0,100.1,39.078125,4,643.0974352359772,19.2,318.8828125,35,698.903970003128,8.4,114.1015625,147,806.9657642841339,7.3,260.78515625,73,804.5786225795746,4.9,30.953125,14,804.5812764167786
2026-02-13T16:39:07,idle_without_VPN,6.7,27.7,420.7323670584996,0.0,25157.952926592912,81763.34701142697,3.0,1315.31640625,55.478,52.0,1815.0,100.8,38.484375,4,644.3842282295227,6.0,114.13671875,147,808.268856048584,4.9,30.953125,13,805.8645946979523,3.7,56.21875,88,805.7755451202393,3.6,59.51953125,34,808.2233288288116
2026-02-13T16:39:08,idle_without_VPN,5.7,27.7,0.0,0.0,0.0,0.0,3.0,1315.31640625,53.876,52.0,1815.0,99.2,39.078125,4,645.6287369728088,7.5,113.984375,147,809.5132060050964,5.0,56.26171875,89,807.0243546962738,3.8,59.55859375,34,809.4632415771484,3.8,30.9140625,13,807.1121196746826
2026-02-13T16:39:09,idle_without_VPN,5.9,27.7,1188.2532087117004,0.0,0.0,82620.27248721353,3.0,1315.31640625,53.782,52.0,1815.0,99.5,39.078125,4,646.838143825531,5.2,259.2265625,275,805.263546705246,5.1,114.0859375,147,810.7403366565704,3.8,4.65234375,407,1770989948.2823648,3.8,59.53125,34,810.6835353374481
2026-02-13T16:39:10,idle_without_VPN,6.0,27.7,325.36229685231217,399.6836336967489,0.0,9724.534029778752,3.0,1315.31640625,54.013,52.0,1815.0,99.4,39.078125,4,648.0477623939514,6.4,114.078125,147,811.9545247554779,6.4,30.9140625,13,809.5330259799957,5.2,56.26171875,89,809.4457757472992,3.9,59.6328125,34,811.9008486270905
2026-02-13T16:39:11,idle_without_VPN,6.3,27.7,0.0,0.0,0.0,9303.979493869114,3.0,1315.31640625,54.077,52.0,1815.0,98.8,39.078125,4,649.2649023532867,3.9,114.10546875,147,813.1643574237823,3.8,30.9140625,13,810.7526140213013,3.8,56.26171875,89,810.66392827034,2.6,4.65234375,407,1770989950.704347
2026-02-13T16:39:13,idle_without_VPN,5.1,27.7,0.0,0.0,0.0,9190.042710049367,3.0,1315.31640625,53.943,52.0,1815.0,99.2,39.078125,4,650.4940207004547,6.4,114.09765625,147,814.3912153244019,6.4,59.6796875,34,814.3355598449707,3.8,56.26171875,89,811.8864297866821,2.6,30.9140625,13,811.9730358123779
2026-02-13T16:39:14,idle_without_VPN,5.5,27.7,75.29102074758747,0.0,0.0,15922.41412679415,3.0,1315.31640625,53.99,51.0,1815.0,100.5,39.078125,4,651.7223677635193,7.6,30.94921875,14,813.2100973129272,6.4,114.1328125,147,815.6102528572083,3.8,59.6796875,34,815.5640783309937,2.5,56.26171875,89,813.1219305992126
2026-02-13T16:39:15,idle_without_VPN,5.8,27.7,338.9927029965492,489.8363459567362,0.0,9550.18677150087,3.0,1315.31640625,53.818,51.0,1815.0,99.1,39.07421875,4,652.9831078052521,6.2,30.9140625,13,814.4610631465912,5.1,114.08203125,147,816.8458223342896,2.5,56.26171875,89,814.372156381607,1.3,4.65234375,407,1770989954.387196
2026-02-13T16:39:16,idle_without_VPN,5.3,27.7,86.99212594862041,42.70522546568638,0.0,31582.88674440095,3.0,1315.31640625,53.824,51.0,1815.0,100.0,39.07421875,4,654.2168214321136,7.4,114.109375,147,818.1081666946411,5.0,30.94921875,14,815.7000679969788,2.5,4.65234375,407,1770989955.6497371,2.5,59.68359375,34,818.0548932552338
2026-02-13T16:39:18,idle_without_VPN,5.6,27.7,0.0,0.0,0.0,9530.21180780865,3.0,1315.31640625,53.672,51.0,1815.0,99.4,39.07421875,4,655.4427356719971,5.1,30.94921875,14,816.9280562400818,3.8,59.68359375,34,819.2939836978912,2.6,312.5546875,35,711.2189030647278,2.5,4.65234375,407,1770989956.8845553
2026-02-13T16:39:19,idle_without_VPN,5.2,27.7,0.0,0.0,0.0,73146.1656470973,4.0,1315.31640625,53.878,51.0,1815.0,99.5,39.078125,4,656.7146010398865,3.8,114.08984375,147,820.570351600647,3.8,59.68359375,34,820.5222961902618,3.7,124.640625,99,712.8365135192871,2.5,102.18359375,26,786.8100836277008
2026-02-13T16:39:20,idle_without_VPN,6.1,27.7,275.7077749145787,379.09819050754567,20051.474539242085,94642.95982522264,4.0,1315.31640625,53.702,50.0,1815.0,98.8,39.078125,4,657.9954795837402,6.1,4.65234375,407,1770989959.3868866,4.9,114.0390625,147,821.8461863994598,4.9,30.94921875,14,819.4772443771362,2.4,102.2109375,26,788.0899732112885
2026-02-13T16:39:21,idle_without_VPN,5.5,27.7,0.0,0.0,0.0,3177.3114532408267,3.0,1315.31640625,53.682,50.0,1815.0,99.4,39.078125,4,659.2697718143463,6.1,114.09375,147,823.1359403133392,4.9,30.94921875,14,820.751650094986,2.5,12.06640625,4,809.5869913101196,2.4,4.65234375,407,1770989960.6766386
2026-02-13T16:39:23,idle_without_VPN,5.3,27.7,0.0,0.0,0.0,9534.200189760517,8.0,1315.31640625,53.731,50.0,1815.0,99.3,39.06640625,4,660.5600447654724,4.8,114.11328125,147,824.4285726547241,3.6,30.953125,14,822.0409553050995,2.4,4.65234375,407,1770989961.9661744,2.4,59.6640625,34,824.3806161880493
2026-02-13T16:39:24,idle_without_VPN,5.7,27.7,0.0,83.1824183573034,0.0,72559.71545004481,3.0,1315.31640625,53.722,50.0,1815.0,99.3,39.06640625,4,661.8654901981354,7.2,114.1171875,147,825.7268126010895,4.8,30.9140625,13,823.346296787262,3.6,59.6640625,34,825.6841266155243,2.4,4.65234375,407,1770989963.265289
2026-02-13T16:39:25,idle_without_VPN,5.0,27.7,270.7546418054723,372.28763248252443,0.0,22448.021211508247,3.0,1315.31640625,53.461,50.0,1815.0,100.4,39.06640625,4,663.141845703125,4.8,114.05859375,147,827.0257890224457,2.5,30.9140625,13,824.6215867996216,2.5,12.06640625,4,813.451826095581,2.4,59.6640625,34,826.9825932979584
2026-02-13T16:39:27,idle_without_VPN,5.4,27.7,886.2126593285103,0.0,0.0,9810.613655701563,3.0,1315.31640625,53.483,49.0,1815.0,100.0,39.0703125,4,664.3764176368713,6.2,4.65234375,407,1770989965.8155758,5.0,114.078125,147,828.2760138511658,3.8,30.9140625,13,825.8621108531952,2.5,12.06640625,4,814.6889839172363
2026-02-13T16:39:28,idle_without_VPN,5.4,27.7,0.0,0.0,0.0,16657.386922823935,3.0,1315.31640625,53.459,49.0,1815.0,98.4,39.0703125,4,665.6153311729431,8.9,114.09765625,147,829.5044379234314,7.6,30.953125,14,827.0991082191467,3.8,102.4375,26,795.7409753799438,1.3,4.65234375,407,1770989967.045289
2026-02-13T16:39:29,idle_without_VPN,5.4,27.7,0.0,0.0,0.0,18595.139463405274,3.0,1315.31640625,53.492,49.0,1815.0,100.1,39.0703125,4,666.848141670227,7.6,114.11328125,147,830.7427134513855,5.0,59.6640625,34,830.692302942276,3.8,30.9140625,13,828.3347406387329,2.5,12.06640625,4,817.1618130207062
2026-02-13T16:39:30,idle_without_VPN,6.3,27.7,606.706855181184,392.57502394076613,0.0,31561.734156163413,3.0,1315.31640625,53.417,49.0,1815.0,98.7,39.0703125,4,668.0823750495911,7.6,59.6640625,34,831.9296624660492,5.1,114.14453125,147,831.9782400131226,3.8,4.65234375,407,1770989969.517473,3.8,30.9140625,13,829.5683023929596
2026-02-13T16:39:31,idle_without_VPN,5.1,27.7,40.60584093112881,43.85430820561911,0.0,4158.0381113475905,3.0,1315.31640625,53.555,49.0,1815.0,98.1,39.0703125,4,669.3244352340698,6.3,114.046875,147,833.2104730606079,6.3,30.94921875,14,830.8058009147644,3.8,56.26171875,89,830.7174248695374,2.5,59.6640625,34,833.1652007102966
2026-02-13T16:39:33,idle_without_VPN,5.8,27.7,0.0,0.0,0.0,6933.152565651562,3.0,1315.31640625,53.449,49.0,1815.0,98.9,39.0390625,2,670.5724973678589,8.7,114.08984375,147,834.4656248092651,3.8,30.9140625,13,832.0527064800262,3.8,56.26171875,89,831.9645080566406,2.5,12.06640625,4,820.8873283863068
2026-02-13T16:39:34,idle_without_VPN,6.0,27.7,0.0,0.0,0.0,7014.4415142047965,3.0,1315.31640625,53.439,49.0,1815.0,100.6,39.0390625,2,671.8159704208374,6.3,114.08984375,147,835.7057387828827,3.8,4.65234375,407,1770989973.246964,3.8,30.9453125,14,833.2976474761963,2.5,59.66796875,34,835.6571629047394
2026-02-13T16:39:35,idle_without_VPN,6.0,27.7,453.4788634520284,1189.9799962925567,0.0,105798.87015686472,3.0,1315.31640625,53.481,48.0,1815.0,99.5,39.0390625,2,673.0584995746613,5.0,114.1328125,147,836.9490838050842,5.0,59.6796875,34,836.900420665741,3.8,4.65234375,407,1770989974.48908,3.8,56.26171875,89,834.4548292160034
2026-02-13T16:39:36,idle_without_VPN,5.8,27.7,43.59673689152365,194.5706220529111,0.0,29762.039051280142,3.0,1315.31640625,53.312,48.0,1815.0,100.3,39.0390625,2,674.2871618270874,5.1,30.9140625,13,835.7738375663757,5.0,114.1484375,147,838.1933403015137,3.8,4.65234375,407,1770989975.7291439,3.8,56.26171875,89,835.6853640079498
2026-02-13T16:39:38,idle_without_VPN,5.9,27.7,0.0,195.72981726244728,0.0,140132.80327689502,3.0,1315.31640625,53.393,48.0,1815.0,99.0,39.04296875,2,675.6603102684021,4.7,30.9140625,13,837.1075069904327,3.8,114.08203125,147,839.4162218570709,3.5,260.4765625,72,837.1022233963013,3.5,56.26171875,89,837.0220968723297
2026-02-13T16:39:39,idle_without_VPN,8.1,27.8,3397.9003646912743,1418.5344080308305,11004.388135027048,77718.49120362852,3.0,1315.56640625,53.45,48.0,1815.0,99.8,38.4453125,2,677.2249846458435,17.6,264.81640625,80,838.697637796402,6.3,114.09375,147,840.9121408462524,6.3,318.71484375,35,733.0207626819611,4.0,102.72265625,26,807.2325234413147
2026-02-13T16:39:41,idle_without_VPN,8.9,27.8,2633.3912766265853,1660.507064036257,11154.468116920882,88538.59067805951,3.0,1323.50390625,53.442,48.0,1815.0,99.7,39.0390625,2,678.5574615001678,6.4,114.03515625,147,842.3819642066956,5.3,4.65234375,407,1770989979.918772,4.7,320.1171875,35,734.3398773670197,3.7,30.953125,14,839.9696786403656
2026-02-13T16:39:42,idle_without_VPN,7.3,27.8,924.7542778622164,494.9175922437721,0.0,9686.460520979026,4.0,1323.50390625,53.35,48.0,1815.0,99.5,38.4453125,2,679.8140077590942,4.7,114.09375,147,843.7004818916321,4.7,265.78515625,80,841.2978439331055,4.7,30.94921875,14,841.3004820346832,3.7,315.97265625,35,735.5924084186554
2026-02-13T16:39:43,idle_without_VPN,6.1,27.7,7040.810793979803,5661.724308323481,0.0,0.0,7.0,1322.75390625,53.332,48.0,1815.0,98.6,39.0390625,2,681.051726102829,6.3,30.94921875,14,842.5355656147003,3.8,114.12109375,147,844.9421348571777,3.8,102.79296875,26,811.1791045665741,2.5,59.6796875,34,844.8932921886444
2026-02-13T16:39:44,idle_without_VPN,6.1,27.8,1192.3520349597625,432.4091276985336,0.0,27674.18417270615,4.0,1322.75390625,53.117,47.0,1815.0,100.4,39.0390625,2,682.2956557273865,6.3,102.75,26,812.4199249744415,3.8,114.1171875,147,846.1875410079956,3.8,30.9140625,13,843.779762506485,2.5,4.65234375,407,1770989983.7237372
2026-02-13T16:39:46,idle_without_VPN,5.2,27.7,5638.501597893548,5361.158704926158,0.0,7820.265689237017,3.0,1319.56640625,53.16,47.0,1815.0,99.2,39.0390625,2,683.5394854545593,3.8,102.7890625,26,813.6630373001099,3.8,30.953125,14,845.0172646045685,2.5,269.30859375,80,845.0147585868835,2.5,23.1875,5,843.9650137424469
2026-02-13T16:39:47,idle_without_VPN,5.4,27.7,40.51756715923081,0.0,0.0,10787.39708047361,3.0,1319.56640625,53.025,47.0,1815.0,99.7,39.04296875,2,684.7926802635193,5.1,114.0546875,147,848.6641898155212,3.8,102.80078125,26,814.9059023857117,3.7,30.9140625,13,846.2738227844238,2.5,59.6796875,34,848.6201803684235
2026-02-13T16:39:48,idle_without_VPN,5.2,27.7,47.49566296603298,33.24696407622309,0.0,7700.630155559481,3.0,1319.56640625,52.976,47.0,1815.0,99.7,39.04296875,2,686.0307409763336,5.0,30.94921875,14,847.5180776119232,4.9,114.0703125,147,849.9262564182281,3.8,36.3125,15,720.6581888198853,3.7,59.12109375,34,849.8808443546295
2026-02-13T16:39:49,idle_without_VPN,6.0,27.7,0.0,0.0,0.0,121770.71110401348,3.0,1319.56640625,52.818,47.0,1815.0,98.1,39.04296875,2,687.2731034755707,6.3,102.671875,26,817.4041478633881,5.1,30.9140625,13,848.7576284408569,3.8,114.109375,147,851.1607112884521,2.5,4.65234375,407,1770989988.701206
2026-02-13T16:39:51,idle_without_VPN,5.9,27.7,495.58642590768943,698.3263274153805,0.0,16476.63961459331,3.0,1319.56640625,52.793,47.0,1815.0,100.1,39.046875,2,688.5067830085754,5.1,30.953125,14,849.9906299114227,3.8,114.140625,147,852.4047539234161,3.8,59.6484375,34,852.3509378433228,2.5,102.671875,26,818.6389536857605
2026-02-13T16:39:52,idle_without_VPN,5.4,27.7,0.0,0.0,0.0,29436.14438121509,3.0,1319.56640625,52.716,47.0,1815.0,99.9,38.453125,2,689.7422256469727,7.6,30.953125,14,851.2276391983032,5.1,114.14453125,147,853.6360552310944,5.1,102.72265625,26,819.8745560646057,2.5,48.91015625,58,821.1881442070007
2026-02-13T16:39:53,idle_without_VPN,5.6,27.7,238.4495463634727,0.0,13288.290366051486,172747.77475866931,3.0,1319.56640625,52.78,47.0,1815.0,100.1,39.05078125,3,690.977573633194,6.3,114.04296875,147,854.8717279434204,5.1,59.6484375,34,854.822535276413,5.1,12.06640625,4,841.2918910980225,3.8,102.7421875,26,821.109025478363
2026-02-13T16:39:54,idle_without_VPN,7.1,27.7,2273.2065667567076,130.63478673805838,0.0,81748.34654541609,3.0,1319.56640625,52.637,48.0,1815.0,100.4,39.05078125,3,692.2212905883789,5.0,114.0859375,147,856.1112570762634,3.8,30.9140625,13,853.7015199661255,2.5,102.71484375,26,822.3466694355011,2.5,56.26171875,89,853.6170027256012
2026-02-13T16:39:56,idle_without_VPN,5.9,27.7,2500.293099028363,389.2382952491887,0.0,163467.21662299812,3.0,1319.56640625,52.743,48.0,1815.0,100.1,39.05078125,3,693.453940153122,7.5,114.09375,147,857.3579225540161,6.3,30.953125,14,854.9419124126434,5.0,102.74609375,26,823.5921771526337,3.8,315.9921875,35,749.2316262722015
2026-02-13T16:39:57,idle_without_VPN,5.6,27.7,876.1306799116912,0.0,0.0,0.0,3.0,1319.56640625,52.769,48.0,1815.0,99.6,39.05078125,3,694.6928908824921,7.7,114.125,147,858.5797169208527,3.8,102.73828125,26,824.8187201023102,3.8,259.58984375,275,853.117486000061,2.6,59.66796875,34,858.5305528640747
2026-02-13T16:39:58,idle_without_VPN,6.0,27.7,0.0,0.0,0.0,5332.333377328085,7.0,1319.56640625,52.839,48.0,1815.0,99.7,39.05078125,3,695.9315502643585,6.3,102.78515625,26,826.0588912963867,5.0,114.1640625,147,859.8254437446594,3.8,59.66796875,34,859.7720530033112,3.8,81.875,56,855.9841458797455
2026-02-13T16:39:59,idle_without_VPN,5.3,27.7,0.0,0.0,0.0,26143.839959465797,3.0,1319.56640625,52.736,48.0,1815.0,100.3,39.05078125,3,697.1618824005127,10.1,102.8046875,26,827.3016977310181,5.1,30.94921875,14,858.6471037864685,3.8,114.0859375,147,861.0625147819519,3.8,59.66796875,34,861.0151734352112
2026-02-13T16:40:01,idle_without_VPN,6.2,27.7,285.0653936122661,391.9649162168659,13268.498320861841,42293.33839774712,7.0,1319.56640625,52.746,48.0,1815.0,100.9,39.05078125,3,698.4004516601562,8.9,102.859375,26,828.5292890071869,5.1,114.078125,147,862.29345703125,3.8,23.87890625,18,859.7833297252655,3.8,30.9140625,13,859.8838248252869
2026-02-13T16:40:02,idle_without_VPN,6.3,27.7,40.334189835828475,0.0,0.0,9499.508390134322,3.0,1319.56640625,52.83,48.0,1815.0,99.7,39.0546875,3,699.6386711597443,6.3,114.09375,147,863.532958984375,5.0,102.96875,26,829.7723026275635,3.8,4.65234375,407,1770990001.0738287,2.5,59.671875,34,863.4871301651001
2026-02-13T16:40:03,idle_without_VPN,6.2,27.7,0.0,44.08991685317099,0.0,12541.13190490197,3.0,1319.56640625,52.914,48.0,1815.0,98.4,39.0546875,3,700.8608551025391,6.4,114.1171875,147,864.7582535743713,5.1,102.98828125,26,830.9910469055176,2.6,59.5546875,34,864.7058782577515,2.6,259.62890625,275,859.2877562046051
2026-02-13T16:40:04,idle_without_VPN,5.6,27.7,0.0,44.07895086637987,0.0,102811.70406522736,4.0,1319.56640625,52.806,49.0,1815.0,98.7,39.05859375,3,702.0953395366669,7.6,102.95703125,26,832.2281036376953,3.8,114.15234375,147,865.987325668335,2.5,30.94921875,14,863.5796892642975,1.3,4.65234375,407,1770990003.526077
2026-02-13T16:40:05,idle_without_VPN,5.5,27.7,282.09883619506155,431.16242577540663,0.0,22157.581315684834,3.0,1319.56640625,52.949,49.0,1815.0,100.1,39.05859375,3,703.3283352851868,12.6,102.9765625,26,833.4661641120911,5.1,56.26171875,89,864.725962638855,3.8,114.09375,147,867.2299239635468,2.5,183.9140625,105,839.4221305847168
2026-02-13T16:40:07,idle_without_VPN,5.6,27.7,97.41299454152845,0.0,13300.120854736684,9559.461864341993,4.0,1319.56640625,53.039,49.0,1815.0,99.9,39.05859375,3,704.5790462493896,8.9,103.41015625,28,834.6969199180603,5.1,114.0859375,147,868.4619739055634,5.0,30.9140625,14,866.0565354824066,2.5,98.328125,30,858.9761712551117
2026-02-13T16:40:08,idle_without_VPN,6.3,27.7,618.8676183225626,0.0,0.0,9538.985698123688,3.0,1319.56640625,52.925,49.0,1815.0,99.4,39.0625,3,705.820965051651,11.3,103.35546875,28,835.940726518631,7.6,114.1015625,147,869.7021987438202,6.2,30.9140625,13,867.3054671287537,3.8,4.65234375,407,1770990007.2403584
2026-02-13T16:40:09,idle_without_VPN,5.6,27.7,52.39209576472846,95.25835593586993,0.0,59339.60519098457,3.0,1319.56640625,52.969,49.0,1815.0,99.2,39.0625,3,707.0658786296844,7.5,103.36328125,28,837.1967256069183,5.0,114.11328125,147,870.958505153656,3.8,30.953125,14,868.5546383857727,2.5,59.65625,34,870.9108419418335
2026-02-13T16:40:10,idle_without_VPN,5.6,27.7,604.0944958060699,390.8846737568687,0.0,115779.39427641468,3.0,1315.31640625,53.103,49.0,1815.0,99.0,39.0625,3,708.312705039978,15.1,103.3125,28,838.4379076957703,5.0,114.03515625,147,872.2010827064514,5.0,30.953125,14,869.7964732646942,2.5,59.6796875,34,872.1523597240448
2026-02-13T16:40:12,idle_without_VPN,6.4,27.7,0.0,0.0,0.0,9476.994458719764,3.0,1315.31640625,52.906,49.0,1815.0,100.3,39.0625,3,709.5437586307526,12.6,103.2578125,28,839.6754107475281,5.1,30.9140625,13,871.0239684581757,3.8,114.078125,147,873.4372053146362,2.5,4.65234375,407,1770990010.9787416
2026-02-13T16:40:13,idle_without_VPN,6.2,27.7,0.0,0.0,0.0,6134.669659449682,3.0,1315.31640625,53.083,49.0,1815.0,95.5,38.46875,3,710.8042035102844,10.0,103.2109375,28,840.9295110702515,7.5,114.11328125,147,874.6928400993347,6.2,30.9453125,14,872.2911875247955,3.8,315.9921875,35,766.5740282535553
2026-02-13T16:40:14,idle_without_VPN,5.9,27.7,0.0,0.0,0.0,89083.94359631655,3.0,1315.31640625,53.072,50.0,1815.0,100.8,39.0625,3,712.0279376506805,12.7,103.2265625,28,842.1580903530121,6.4,30.94921875,14,873.5132911205292,5.1,114.12109375,147,875.9241881370544,2.6,59.6796875,34,875.8703422546387
2026-02-13T16:40:15,idle_without_VPN,6.8,27.7,285.42046458504666,392.45313880443916,0.0,6642.512630342904,3.0,1315.31640625,53.07,50.0,1815.0,99.3,39.0625,3,713.2715916633606,12.6,103.07421875,28,843.4016997814178,6.3,114.1015625,147,877.161438703537,3.8,30.9140625,13,874.7531147003174,3.8,12.06640625,4,863.5775592327118
2026-02-13T16:40:17,idle_without_VPN,6.2,27.7,40.293705799260046,43.51720226320085,0.0,16091.694347992492,3.0,1315.31640625,53.071,50.0,1815.0,100.2,39.0625,3,714.5033481121063,15.3,103.04296875,28,844.6291198730469,6.3,30.953125,14,875.9892406463623,3.8,114.0234375,147,878.3982183933258,1.3,4.65234375,407,1770990015.9400804
2026-02-13T16:40:18,idle_without_VPN,5.6,27.7,0.0,0.0,0.0,10065.484256595637,3.0,1315.31640625,53.098,50.0,1815.0,100.3,39.0625,3,715.7340514659882,14.0,103.09765625,28,845.861314535141,6.4,342.265625,95,846.830164194107,5.1,114.0859375,147,879.6233322620392,3.8,30.94921875,14,877.220764875412
2026-02-13T16:40:19,idle_without_VPN,5.9,27.7,0.0,87.62092179135658,0.0,9969.313768261014,3.0,1315.31640625,53.033,50.0,1815.0,99.2,39.0625,3,716.9623980522156,10.1,103.05078125,28,847.0929961204529,6.4,30.9140625,13,878.448245048523,6.3,114.12109375,147,880.853554725647,2.6,342.30078125,95,848.054319858551
2026-02-13T16:40:20,idle_without_VPN,6.4,27.7,779.7879628725872,1158.310036516989,13308.381233025488,47826.99505618535,3.0,1315.31640625,53.109,50.0,1815.0,99.6,39.0546875,3,718.2169933319092,15.1,102.88671875,28,848.3339900970459,6.3,114.1171875,147,882.0896277427673,6.2,342.30859375,95,849.3227097988129,5.0,30.94921875,14,879.7059535980225
2026-02-13T16:40:22,idle_without_VPN,6.7,27.7,0.0,190.40034869372647,25888.127078821697,82113.90307813758,3.0,1315.31640625,53.191,50.0,1815.0,99.8,39.0546875,3,719.4534430503845,18.7,102.88671875,28,849.5888454914093,10.2,342.03515625,95,850.55362200737,7.6,30.9140625,13,880.9343814849854,6.2,114.140625,147,883.3497078418732
2026-02-13T16:40:23,idle_without_VPN,6.3,27.7,0.0,194.50921979237643,0.0,11570.473754952318,3.0,1315.31640625,53.141,50.0,1815.0,99.9,39.04296875,3,720.6892185211182,13.9,102.82421875,28,850.8260097503662,8.9,342.0390625,95,851.7817459106445,5.1,30.9140625,13,882.1713290214539,5.0,114.06640625,147,884.5914030075073
2026-02-13T16:40:24,idle_without_VPN,6.4,27.7,127.28989392694042,89.75569443566312,0.0,40106.108117288306,3.0,1315.31640625,53.158,50.0,1815.0,99.7,39.04296875,3,721.9121854305267,25.3,342.05078125,95,853.0180871486664,16.7,102.85546875,28,852.0449631214142,6.4,30.953125,14,883.4005401134491,5.1,114.078125,147,885.8132667541504
2026-02-13T16:40:25,idle_without_VPN,7.7,27.7,415.0608226777936,682.2358010550348,0.0,87849.09380770939,4.0,1315.31640625,53.372,51.0,1815.0,99.2,39.04296875,3,723.1585114002228,17.6,342.0625,95,854.2580764293671,16.5,102.83984375,28,853.2783625125885,6.3,30.94921875,14,884.6358716487885,5.0,59.66796875,34,886.9951283931732
2026-02-13T16:40:27,idle_without_VPN,6.9,27.7,62.30778996613555,87.8699602086527,0.0,70347.0925074072,4.0,1315.31640625,53.304,51.0,1815.0,98.4,39.046875,3,724.4274146556854,19.4,342.0625,95,855.5439450740814,17.4,103.18359375,28,854.5373578071594,4.9,30.953125,14,885.9089820384979,3.7,114.1484375,147,888.2935886383057
2026-02-13T16:40:28,idle_without_VPN,8.1,27.7,61.1057019599244,43.087353946100535,0.0,7219.873708495683,3.0,1315.31640625,53.263,51.0,1815.0,99.5,39.046875,3,725.6676416397095,20.9,103.20703125,28,855.8073501586914,19.3,342.0625,95,856.7611014842987,3.8,30.9140625,13,887.1532280445099,3.7,113.984375,147,889.5666415691376
2026-02-13T16:40:29,idle_without_VPN,6.9,27.7,63.976058138486636,45.11132304636878,0.0,13018.30762530846,3.0,1315.31640625,53.152,51.0,1815.0,98.5,39.046875,3,726.889196395874,14.2,103.0078125,28,857.0193722248077,10.2,342.0625,95,857.9841034412384,5.1,30.9140625,13,888.3727712631226,3.9,59.66796875,34,890.7336208820343
2026-02-13T16:40:30,idle_without_VPN,6.8,27.7,287.8493788523186,592.8715899657129,0.0,20934.500280168624,4.0,1315.31640625,53.291,51.0,1815.0,99.9,39.046875,3,728.1096739768982,21.7,103.0390625,28,858.2453639507294,12.9,342.0625,95,859.1989598274231,7.7,30.9140625,13,889.592559337616,2.6,114.08984375,147,892.0066759586334
2026-02-13T16:40:31,idle_without_VPN,7.1,27.7,40.89560539634661,0.0,0.0,4606.480991844483,3.0,1315.31640625,53.191,51.0,1815.0,98.6,39.046875,3,729.329708814621,18.0,103.04296875,28,859.4636149406433,6.4,114.1171875,147,893.230936050415,6.4,59.5703125,34,893.1758959293365,6.4,30.9140625,13,890.8145332336426
2026-02-13T16:40:33,idle_without_VPN,7.1,27.7,0.0,0.0,0.0,17534.738899829892,3.0,1315.31640625,53.32,51.0,1815.0,97.6,39.05078125,3,730.5783710479736,20.3,102.90234375,28,860.6945555210114,3.8,114.14453125,147,894.4602015018463,3.8,59.6484375,34,894.4089107513428,3.8,30.94921875,14,892.0584814548492
2026-02-13T16:40:34,idle_without_VPN,7.1,27.7,0.0,43.02298054954248,0.0,7750.510273813875,3.0,1315.31640625,53.4,51.0,1815.0,100.5,39.05078125,3,731.838125705719,26.0,102.94140625,28,861.9579076766968,6.2,30.9140625,13,893.3172225952148,5.0,342.0625,95,862.942355632782,3.7,316.02734375,35,787.618155002594
2026-02-13T16:40:35,idle_without_VPN,6.4,27.7,0.0,280.6720959778625,0.0,89406.82039149365,3.0,1315.31640625,53.286,51.0,1815.0,98.9,39.05078125,3,733.0547070503235,18.9,102.90234375,28,863.2002837657928,7.5,114.08984375,147,896.9664256572723,5.2,124.64453125,99,789.1736121177673,5.1,342.0625,95,864.1567921638489
2026-02-13T16:40:36,idle_without_VPN,7.2,27.7,343.9329938244964,251.7786988284591,0.0,8004.258765370098,3.0,1315.31640625,53.489,51.0,1815.0,100.2,39.05078125,3,734.2866768836975,26.8,102.92578125,28,864.4240064620972,8.9,342.0625,95,865.3845374584198,7.7,114.09375,147,898.1857829093933,5.1,30.94921875,14,895.7692859172821
2026-02-13T16:40:38,idle_without_VPN,7.9,27.7,0.0,0.0,0.0,0.0,3.0,1315.31640625,53.291,52.0,1815.0,99.1,39.05078125,3,735.5168733596802,25.5,102.8125,28,865.6487221717834,22.9,342.0625,95,866.6103687286377,7.7,114.08984375,147,899.4097497463226,7.6,315.953125,35,791.288140296936
2026-02-13T16:40:39,idle_without_VPN,8.9,27.7,0.0,44.00396573520849,0.0,4589.450648531374,3.0,1315.31640625,53.428,52.0,1815.0,99.9,39.05859375,3,736.9097862243652,36.4,342.38671875,95,868.0703449249268,14.1,102.78125,28,866.8712394237518,8.3,30.953125,14,898.3201577663422,7.6,114.09765625,147,900.6362056732178
2026-02-13T16:40:41,idle_without_VPN,13.0,28.0,6298.120406886892,3658.850701642704,2740.291181921469,186682.3367684001,3.0,1315.31640625,53.405,52.0,1815.0,99.5,39.05859375,3,738.3228471279144,39.4,342.3359375,95,869.4585633277893,6.3,114.09375,147,902.1362347602844,4.4,91.24609375,116,856.6298904418945,4.2,263.22265625,80,899.7924387454987
2026-02-13T16:40:42,idle_without_VPN,11.2,28.0,6712.805313779181,3437.168746534555,249246.36541393923,585728.9587227572,3.0,1315.31640625,53.346,52.0,1815.0,98.9,39.078125,3,739.7461628913879,18.5,90.33203125,12,3.3011891841888428,16.1,16.65234375,10,1.591383457183838,10.1,30.8203125,10,901.1820261478424,9.2,4.65234375,408,1770990041.0332334
2026-02-13T16:40:44,idle_without_VPN,14.4,28.1,14303.361205167137,2842.5856776538267,1872118.2872247626,1818148.9037083588,3.0,1315.31640625,53.378,52.0,1815.0,96.6,39.09765625,3,741.6372630596161,34.9,79.9296875,14,5.182351112365723,30.0,301.75,86,903.0633177757263,9.2,51.26953125,23,900.216584444046,8.1,4.65234375,408,1770990042.781616
2026-02-13T16:40:45,idle_without_VPN,13.5,28.2,280520.4771926879,25691.864873813924,1203480.3220305599,1746751.8034330192,3.0,1315.31640625,53.398,52.0,1815.0,75.2,39.09375,3,743.2366724014282,33.8,30.7421875,19,1.9258317947387695,29.5,299.1484375,86,904.704047203064,24.5,47.90234375,13,6.777352333068848,8.6,24.16796875,20,904.5778152942657
2026-02-13T16:40:47,idle_without_VPN,10.9,28.0,139027.1094395989,6251.193988606525,67673.35494590424,945058.4018195526,3.0,1315.31640625,55.244,52.0,1815.0,100.5,39.09765625,3,744.5898680686951,13.7,30.8203125,19,3.412863254547119,7.2,4.65234375,408,1770990045.9620745,4.1,114.10546875,147,908.4224305152893,3.5,30.9140625,13,906.0569658279419
2026-02-13T16:40:48,idle_without_VPN,6.4,28.0,360.91651428787054,0.0,12117.328217402604,227578.57058309266,4.0,1315.31640625,53.677,52.0,1815.0,97.8,39.09765625,3,745.9469950199127,4.6,56.26171875,89,907.3341507911682,3.5,114.13671875,147,909.7733280658722,3.5,59.65234375,34,909.7332999706268,3.4,30.953125,14,907.4226634502411
2026-02-13T16:40:50,idle_without_VPN,6.2,28.0,6847.448877760085,10091.286443913212,1277775.3712823659,281569.21244203945,4.0,1315.31640625,53.965,52.0,1815.0,99.1,38.484375,3,747.3035109043121,8.0,31.95703125,25,6.133251905441284,4.6,114.07421875,147,911.1353740692139,3.5,30.9140625,13,908.7782206535339,3.4,4.65234375,408,1770990048.675491
2026-02-13T16:40:51,idle_without_VPN,5.6,28.0,626.5788538751328,749.8159270306685,24326.701284099945,110990.574608706,4.0,1315.31640625,53.731,52.0,1815.0,100.1,39.09765625,3,748.6457521915436,4.7,59.65234375,34,912.4550971984863,4.7,30.953125,14,910.1111972332001,3.5,114.07421875,147,912.4814565181732,2.3,12.06640625,4,898.9917252063751
2026-02-13T16:40:52,idle_without_VPN,6.0,28.0,293.92490913859245,0.0,0.0,89305.66936251374,3.0,1315.31640625,53.81,51.0,1815.0,99.1,39.09765625,3,750.1130673885345,7.4,297.55859375,86,911.5776355266571,5.3,30.94921875,14,911.581258058548,4.6,4.65234375,408,1770990051.3736284,4.6,114.1171875,147,913.8443574905396
2026-02-13T16:40:54,idle_without_VPN,7.6,28.0,5363.3454211458775,5196.824114824658,0.0,24359.688238989766,3.0,1315.31640625,53.773,51.0,1815.0,100.7,39.0859375,3,751.4944410324097,6.8,59.6796875,34,915.2739152908325,5.7,30.9140625,13,912.9597344398499,5.3,4.65234375,408,1770990052.8406699,3.2,114.0859375,147,915.3003509044647
2026-02-13T16:40:55,idle_without_VPN,5.6,28.0,0.0,0.0,23400.659573997145,196711.7945439135,3.0,1315.31640625,53.758,51.0,1815.0,97.3,39.08984375,3,752.8908505439758,5.6,4.65234375,408,1770990054.2434406,4.5,30.9140625,13,914.3615283966064,4.4,114.12109375,147,916.7059075832367,2.2,59.6796875,34,916.6829800605774
2026-02-13T16:40:56,idle_without_VPN,5.6,28.0,527.6442740600163,427.0036768278606,0.0,52264.099865476055,3.0,1315.31640625,53.668,51.0,1815.0,99.3,39.08984375,3,754.260760307312,4.6,30.9140625,14,915.7310888767242,3.4,114.13671875,147,918.091548204422,3.4,59.6015625,34,918.06583070755,2.2,4.65234375,408,1770990055.6319432
2026-02-13T16:40:58,idle_without_VPN,5.7,28.0,1744.8370971447794,0.0,0.0,10054.451034151492,3.0,1315.31640625,53.901,51.0,1815.0,98.0,39.09375,3,755.64795088768,6.8,114.08203125,147,919.4677994251251,4.5,30.9140625,13,917.1132049560547,3.4,81.875,56,915.7001543045044,2.3,4.65234375,408,1770990057.0072916
2026-02-13T16:40:59,idle_without_VPN,5.5,28.0,2271.3814793823562,0.0,47817.94302370771,14569.529515035942,3.0,1315.31640625,53.674,51.0,1815.0,99.1,39.09375,3,757.003794670105,8.0,114.109375,147,920.8380644321442,3.5,12.06640625,4,907.3483085632324,3.4,30.9140625,13,918.4756095409393,2.3,260.0859375,276,915.4501404762268
2026-02-13T16:41:01,idle_without_VPN,5.7,28.0,1381.7117844772874,262.6147668120978,24447.047383235287,100080.10022511946,3.0,1315.31640625,53.739,50.0,1815.0,98.4,39.09375,3,758.3375358581543,7.0,114.1328125,147,922.1826214790344,5.9,30.9140625,13,919.807510137558,3.5,59.57421875,34,922.1553754806519,2.3,91.24609375,116,876.6447215080261
2026-02-13T16:41:02,idle_without_VPN,5.5,28.0,331.77323367328984,49.09648749425366,0.0,6093.915538680696,3.0,1315.31640625,53.473,50.0,1815.0,99.7,39.09375,3,759.7007007598877,7.0,114.09765625,147,923.5221936702728,3.5,4.65234375,408,1770990061.0625298,3.4,30.94921875,14,921.1687779426575,2.3,56.26171875,89,921.081659078598
2026-02-13T16:41:03,idle_without_VPN,5.6,28.0,47.325797309673405,86.04690419940619,0.0,8444.069532101727,3.0,1315.31640625,53.582,50.0,1815.0,100.2,39.09375,3,761.0729455947876,6.7,114.12890625,147,924.9181890487671,4.5,30.9140625,13,922.5497517585754,3.3,59.6796875,34,924.8902492523193,2.3,56.26171875,89,922.4613454341888
2026-02-13T16:41:05,idle_without_VPN,5.8,27.9,518.0048004373092,964.6367803598188,13939.03826631305,114149.42147818524,3.0,1315.31640625,53.375,50.0,1815.0,96.9,39.08984375,3,762.4274048805237,5.8,114.140625,147,926.2763521671295,3.5,30.9140625,13,923.8931822776794,3.5,56.26171875,89,923.804327249527,2.3,12.06640625,4,912.7769982814789
2026-02-13T16:41:06,idle_without_VPN,5.3,27.9,315.33041494719185,1619.2440976079733,0.0,11860.01029867732,3.0,1315.31640625,53.51,50.0,1815.0,98.8,39.08984375,3,763.7709393501282,8.2,114.05859375,147,927.6170129776001,5.8,30.9140625,13,925.2446963787079,3.5,59.6875,34,927.5789849758148,3.5,56.26171875,89,925.1568038463593
2026-02-13T16:41:07,idle_without_VPN,5.8,27.9,0.0,480.8306045116203,0.0,8778.699532912931,8.0,1315.31640625,53.529,49.0,1815.0,99.8,39.08984375,3,765.1175456047058,8.2,114.10546875,147,928.9581727981567,7.0,59.6875,34,928.923787355423,4.7,30.9140625,13,926.5868055820465,3.5,91.24609375,116,883.423975944519
2026-02-13T16:41:09,idle_without_VPN,5.7,27.9,0.0,40.226279242953375,0.0,11060.736929617993,3.0,1315.31640625,53.598,49.0,1815.0,100.6,39.08984375,3,766.452409029007,8.2,114.125,147,930.2968719005585,4.7,30.9140625,13,927.9248859882355,3.5,111.76171875,48,898.2967977523804,3.5,125.64453125,99,822.6154270172119
2026-02-13T16:41:10,idle_without_VPN,6.7,27.9,914.1793519141376,1727.858530775825,0.0,127687.33097745349,3.0,1315.31640625,53.381,49.0,1815.0,100.0,39.08984375,3,767.8120090961456,7.0,114.0703125,147,931.6437859535217,4.7,4.65234375,408,1770990069.181045,3.5,30.9140625,13,929.283118724823,3.4,59.6484375,34,931.6209344863892
2026-02-13T16:41:11,idle_without_VPN,5.4,27.9,4697.32728744002,3121.6837085902007,24251.14551045133,423637.19813569664,4.0,1315.31640625,53.334,49.0,1815.0,99.0,39.08984375,3,769.1533169746399,5.8,114.10546875,147,932.9913101196289,3.5,4.65234375,408,1770990070.532061,3.5,30.9140625,13,930.6209142208099,2.3,59.6484375,34,932.9613974094391
2026-02-13T16:41:13,idle_without_VPN,5.6,27.9,107.18949252239518,81.88086234349633,91468.3669524439,9146.83669524439,6.0,1315.31640625,53.287,49.0,1815.0,99.3,39.08984375,3,770.4909818172455,5.8,114.109375,147,934.336044549942,4.7,30.9140625,13,931.9620411396027,3.5,103.22265625,28,900.5828101634979,2.3,59.6484375,34,934.2974374294281
2026-02-13T16:41:14,idle_without_VPN,6.0,27.9,1427.9426700427618,1461.5676936701423,3060.6243728389077,76898.18736757756,4.0,1315.31640625,53.184,49.0,1815.0,100.8,39.08984375,3,771.8086998462677,4.7,114.046875,147,935.6755740642548,4.7,59.6484375,34,935.6284165382385,3.5,4.65234375,408,1770990073.2139122,3.5,30.94921875,14,933.2872824668884
2026-02-13T16:41:15,idle_without_VPN,5.5,27.9,59.584171485769986,495.7708627469836,40676.12773428564,207682.92141255457,3.0,1315.31640625,53.175,48.0,1815.0,97.1,39.0859375,3,773.1440033912659,2.4,114.1015625,147,936.9835114479065,2.4,292.27734375,85,934.6079297065735,2.4,30.94921875,14,934.6117784976959,2.4,56.26171875,89,934.5238347053528
2026-02-13T16:41:17,idle_without_VPN,7.5,27.9,302.37083915335245,413.69144660284536,0.0,47368.42280229234,3.0,1315.31640625,53.302,48.0,1815.0,100.4,39.08984375,3,774.4669420719147,4.7,30.9140625,13,935.940735578537,2.4,4.65234375,408,1770990075.8534591,2.4,114.1328125,147,938.3125560283661,1.2,56.26171875,89,935.8550453186035
2026-02-13T16:41:18,idle_without_VPN,5.2,27.9,0.0,50.315565315668195,443411.2558436776,44106.92949853483,3.0,1315.31640625,53.208,48.0,1815.0,99.5,39.08984375,3,775.8023774623871,4.7,30.9140625,13,937.2684636116028,3.6,114.1328125,147,939.6258857250214,3.5,59.6328125,33,939.5936679840088,2.3,260.171875,276,934.2505712509155
2026-02-13T16:41:19,idle_without_VPN,5.4,27.9,0.0,175.89537326556405,0.0,9342.160903731203,3.0,1315.31640625,53.266,48.0,1815.0,99.2,39.08984375,3,777.1565854549408,3.4,114.0859375,147,940.9949750900269,3.4,59.6328125,33,940.9571986198425,3.4,30.9140625,13,938.627338886261,2.3,103.39453125,28,907.2384355068207
2026-02-13T16:41:21,idle_without_VPN,5.9,27.9,312.033898826031,1494.2468394485993,0.0,84756.02465013544,3.0,1315.31640625,53.074,48.0,1815.0,97.4,39.08984375,3,778.5043668746948,6.9,114.09375,147,942.3596398830414,5.7,4.65234375,408,1770990079.899861,4.6,30.9140625,13,939.973742723465,3.4,59.6328125,33,942.3190274238586
2026-02-13T16:41:22,idle_without_VPN,5.9,27.8,303.5477858482526,1054.1112165277627,0.0,6958.946254670388,3.0,1315.31640625,53.144,48.0,1815.0,99.6,39.08984375,3,779.8380205631256,5.9,114.13671875,147,943.6884615421295,3.5,4.65234375,408,1770990081.2254467,3.5,30.9140625,13,941.3087084293365,2.3,59.6328125,33,943.6499998569489
2026-02-13T16:41:23,idle_without_VPN,5.5,27.8,0.0,486.73122959699936,0.0,132858.87640303178,3.0,1315.31640625,52.979,47.0,1815.0,99.1,39.078125,3,781.1622881889343,4.7,114.078125,147,945.0177354812622,4.7,30.9140625,13,942.6314203739166,3.6,254.53515625,85,942.6264946460724,3.5,4.65234375,408,1770990082.5580072
2026-02-13T16:41:25,idle_without_VPN,5.9,27.9,526.2854752138841,489.56788391989215,25065.87565669848,63839.65206315394,3.0,1315.31640625,53.008,47.0,1815.0,99.9,39.08203125,3,782.4597437381744,4.8,4.65234375,408,1770990083.864478,4.8,114.10546875,147,946.3247680664062,4.8,59.625,33,946.2786915302277,4.8,30.9140625,13,943.9344494342804
2026-02-13T16:41:26,idle_without_VPN,6.2,27.8,272.181565111972,825.0503692456651,0.0,16627.819250476834,3.0,1315.31640625,52.925,47.0,1815.0,99.1,39.078125,3,783.7526571750641,6.0,59.625,33,947.5782725811005,4.8,4.65234375,408,1770990085.1602964,4.8,30.9140625,13,945.2284188270569,3.6,114.11328125,147,947.6188328266144
2026-02-13T16:41:27,idle_without_VPN,5.5,27.8,32.36883851389901,32.36883851389901,0.0,20518.76087128684,3.0,1315.31640625,52.968,47.0,1815.0,99.4,39.078125,3,785.0572581291199,6.0,30.94921875,14,946.5335028171539,4.8,113.984375,147,948.9195878505707,2.4,102.88671875,28,915.1658625602722,2.4,56.26171875,89,946.4483201503754
2026-02-13T16:41:29,idle_without_VPN,5.6,27.9,305.4102046463991,41.64684608814533,0.0,18164.194797555534,3.0,1315.31640625,52.786,47.0,1815.0,98.2,39.078125,3,786.3462324142456,8.4,114.07421875,147,950.2149422168732,3.6,102.9296875,28,916.4583594799042,3.6,30.9140625,13,947.8214797973633,2.4,59.5,33,950.1741483211517
2026-02-13T16:41:30,idle_without_VPN,5.9,27.8,92.51392902044688,0.0,0.0,188284.3483424135,3.0,1315.31640625,52.685,47.0,1815.0,99.2,39.078125,3,787.6541984081268,8.5,114.10546875,147,951.5079865455627,4.8,30.9140625,13,949.1267120838165,3.6,58.96875,33,951.465651512146,3.6,56.26171875,89,949.0393352508545
2026-02-13T16:41:31,idle_without_VPN,5.3,27.8,894.1867518371469,897.9692677078623,0.0,20141.140508385954,4.0,1315.31640625,52.728,47.0,1815.0,100.1,38.4765625,3,788.9800345897675,5.9,30.9140625,13,950.4529941082001,4.7,114.13671875,147,952.8297369480133,3.5,4.65234375,408,1770990090.3705492,3.5,102.9609375,28,919.0725057125092
2026-02-13T16:41:33,idle_without_VPN,5.4,27.9,37.94572363510693,81.96276305183098,0.0,22536.724181362708,4.0,1315.31640625,52.636,48.0,1815.0,96.4,39.078125,3,790.3086371421814,7.1,114.0703125,147,954.1529903411865,3.5,260.26171875,275,948.7589733600616,2.4,4.65234375,408,1770990091.6909168,2.4,59.63671875,33,954.1142358779907
2026-02-13T16:41:34,idle_without_VPN,6.6,27.8,292.4519144356704,0.0,0.0,10587.350114519624,4.0,1315.31640625,52.562,48.0,1815.0,98.6,39.08203125,3,791.6717240810394,5.8,114.07421875,147,955.5019631385803,4.6,4.65234375,408,1770990093.042353,3.5,102.91796875,28,921.7480430603027,3.5,30.9140625,13,953.1355967521667
2026-02-13T16:41:35,idle_without_VPN,5.4,27.8,0.0,79.87368461886369,0.0,25748.909293429242,3.0,1315.31640625,52.713,48.0,1815.0,99.7,39.08203125,3,792.9726393222809,7.0,59.65234375,33,956.8049836158752,4.7,30.953125,14,954.4516167640686,4.6,114.0859375,147,956.8558492660522,2.4,77.75390625,65,953.0334997177124
2026-02-13T16:41:36,idle_without_VPN,5.7,27.9,276.2435554334788,379.8348887210333,0.0,0.0,3.0,1315.31640625,52.768,48.0,1815.0,100.6,38.48046875,3,794.2613432407379,7.3,102.90234375,28,924.3733775615692,4.9,30.94921875,14,955.7370879650116,3.7,59.65234375,33,958.0867111682892,2.5,4.65234375,408,1770990095.6696122
2026-02-13T16:41:38,idle_without_VPN,5.6,27.8,57.17809779753277,1160.5608498904624,0.0,7912.212451982913,3.0,1315.31640625,52.668,48.0,1815.0,96.8,39.0859375,3,795.5550909042358,6.0,114.1015625,147,959.4255828857422,6.0,30.9453125,14,957.0304319858551,4.8,103.0,28,925.665253162384,2.4,12.06640625,4,945.8987460136414
2026-02-13T16:41:39,idle_without_VPN,5.7,27.8,512.4890256379922,1023.4274036946289,0.0,7939.3156165401515,3.0,1315.31640625,52.568,48.0,1815.0,98.9,39.0859375,3,796.847766160965,4.8,114.11328125,147,960.716466665268,4.8,30.9140625,13,958.3245253562927,3.6,102.984375,28,926.9540498256683,3.6,59.6328125,33,960.669086933136
2026-02-13T16:41:40,idle_without_VPN,5.6,27.8,1232.4255823466058,970.2398060156024,62436.79882859242,258332.25515330114,3.0,1315.31640625,52.912,48.0,1815.0,99.8,39.08203125,3,798.1632611751556,6.0,30.94921875,14,959.6336591243744,4.8,103.0,28,928.2660396099091,3.6,114.12109375,147,962.0286755561829,1.2,59.6328125,33,961.9852209091187
2026-02-13T16:41:42,idle_without_VPN,5.1,27.9,1100.0874001909701,698.5170345268538,0.0,337159.0944451027,3.0,1315.31640625,52.922,48.0,1815.0,100.8,39.078125,3,799.4490787982941,6.0,113.984375,147,963.3262922763824,6.0,30.94921875,14,960.9267683029175,3.6,103.03515625,28,929.563313961029,2.4,316.56640625,35,855.2630398273468
2026-02-13T16:41:43,idle_without_VPN,5.6,27.8,1240.3188706281849,883.163060328099,0.0,5179.148307968129,3.0,1315.31640625,52.87,49.0,1815.0,100.0,39.078125,3,800.7777342796326,7.3,114.078125,147,964.6096193790436,6.0,102.98828125,28,930.863064289093,3.6,30.9140625,13,962.2463841438293,2.4,4.65234375,408,1770990102.1507552
2026-02-13T16:41:44,idle_without_VPN,5.4,27.8,803.149730319816,629.025127540452,213964.31189528233,2688298.1340037473,3.0,1315.31640625,52.777,49.0,1815.0,100.0,39.078125,3,802.168927192688,6.8,114.12109375,147,965.9892311096191,5.6,56.26171875,89,963.5497131347656,4.5,30.9140625,13,963.6369562149048,4.5,48.18359375,54,962.5539228916168
2026-02-13T16:41:46,idle_without_VPN,5.7,27.8,4839.106706376979,749.1104629692697,1504.0963021186908,192900.35074672208,3.0,1315.31640625,52.973,49.0,1815.0,98.8,39.078125,3,803.4820857048035,4.7,59.6328125,33,967.305144071579,4.7,30.94921875,14,964.9604303836823,4.6,114.12890625,147,967.3527112007141,3.4,19.22265625,10,967.5189340114594
2026-02-13T16:41:47,idle_without_VPN,5.3,27.8,316.5004412133226,840.0646039169532,0.0,31039.08804575629,3.0,1315.31640625,52.852,49.0,1815.0,99.6,39.0625,2,804.7675039768219,8.6,102.96484375,28,934.8657574653625,6.2,114.0703125,147,968.6227929592133,4.9,30.94921875,14,966.2419991493225,4.9,56.26171875,89,966.1539118289948
2026-02-13T16:41:48,idle_without_VPN,5.5,27.8,0.0,0.0,0.0,14910.091786058241,3.0,1315.31640625,53.001,49.0,1815.0,100.3,39.0625,2,806.0601713657379,6.0,102.99609375,28,936.1709578037262,4.8,114.07421875,147,969.9252715110779,4.8,56.26171875,89,967.4487047195435,3.7,316.62890625,35,861.8489382266998
2026-02-13T16:41:49,idle_without_VPN,5.8,27.8,0.0,0.0,0.0,37644.56814238078,3.0,1315.31640625,53.049,49.0,1815.0,99.8,39.0703125,2,807.327935218811,6.2,102.96875,28,937.4405703544617,6.1,114.11328125,147,971.2051107883453,3.7,30.9140625,13,968.8066966533661,2.5,59.6328125,33,971.1550939083099
2026-02-13T16:41:51,idle_without_VPN,5.6,27.8,42.58773150215625,42.58773150215625,0.0,13729.022777584001,3.0,1315.31640625,53.11,49.0,1815.0,99.5,38.46875,2,808.6002087593079,7.4,102.9921875,28,938.7108974456787,4.9,114.10546875,147,972.4696907997131,4.9,30.953125,14,970.0745394229889,3.7,56.26171875,89,969.9866795539856
2026-02-13T16:41:52,idle_without_VPN,5.2,27.8,316.97971080528157,446.2335734637459,0.0,5514.831473427812,3.0,1315.31640625,53.118,49.0,1815.0,99.0,39.0703125,2,809.895201921463,6.0,102.953125,28,940.0044798851013,3.6,114.08984375,147,973.7691562175751,3.6,30.953125,14,971.3717775344849,2.4,125.64453125,99,866.0294680595398
2026-02-13T16:41:53,idle_without_VPN,5.8,27.8,0.0,0.0,0.0,12055.983123553575,3.0,1315.31640625,53.169,50.0,1815.0,100.5,39.07421875,3,811.184597492218,9.7,102.984375,28,941.2914986610413,6.1,59.59765625,33,975.0066804885864,4.9,30.953125,13,972.6540820598602,3.7,114.09375,147,975.0467021465302
2026-02-13T16:41:55,idle_without_VPN,5.7,27.8,242.185256827373,212.688334521475,0.0,9538.373191970382,4.0,1315.31640625,53.227,50.0,1815.0,98.5,39.0703125,3,812.4698197841644,7.3,102.984375,28,942.5718123912811,4.8,114.12890625,147,976.336457490921,3.7,59.6171875,33,976.2853200435638,2.4,30.9140625,13,973.9386925697327
2026-02-13T16:41:56,idle_without_VPN,5.9,27.8,611.5517533782088,1920.909700572976,0.0,88722.40532872982,3.0,1315.31640625,53.236,50.0,1815.0,98.4,39.0703125,3,813.7561473846436,10.9,102.93359375,28,943.8630208969116,6.0,30.9140625,13,975.233033657074,3.7,114.109375,147,977.6193056106567,3.6,59.48828125,33,977.5763139724731
2026-02-13T16:41:57,idle_without_VPN,5.8,27.8,112.82232746432108,782.7048967837275,0.0,97077.34487596694,4.0,1315.31640625,53.172,50.0,1815.0,98.6,39.0703125,3,815.0384945869446,14.7,103.0234375,28,945.1370785236359,4.9,114.05078125,147,978.8972330093384,3.7,30.9140625,13,976.5038750171661,3.7,81.875,56,975.0907859802246
2026-02-13T16:41:58,idle_without_VPN,6.4,27.8,224.73476693767537,995.0325543033628,0.0,23409.613240183786,4.0,1315.31640625,53.287,50.0,1815.0,100.3,39.0703125,3,816.3158385753632,9.7,102.984375,28,946.4262347221375,4.8,114.08203125,147,980.1876513957977,4.8,30.9140625,13,977.7935883998871,2.4,59.609375,33,980.1416053771973
2026-02-13T16:42:00,idle_without_VPN,6.2,27.8,0.0,380.8832741814603,12946.8704651225,78490.40219480517,3.0,1315.31640625,53.195,50.0,1815.0,100.0,39.0703125,3,817.5808691978455,12.3,102.98828125,28,947.6921837329865,5.0,30.9140625,13,979.0536553859711,4.9,114.1328125,147,981.4536049365997,2.5,59.609375,33,981.4095458984375
2026-02-13T16:42:01,idle_without_VPN,6.1,27.8,1584.108700279959,1026.2576423804787,0.0,87172.26995339504,3.0,1315.31640625,53.186,50.0,1815.0,99.4,39.07421875,3,818.8854701519012,13.4,102.98828125,28,948.9729690551758,3.7,4.65234375,407,1770990120.2699656,3.6,30.9140625,13,980.3590445518494,2.4,114.1484375,147,982.7315015792847
2026-02-13T16:42:02,idle_without_VPN,5.4,27.8,2149.227859706106,0.0,0.0,0.0,5.0,1315.31640625,53.203,50.0,1815.0,98.7,39.07421875,3,820.1675395965576,10.7,102.890625,28,950.2831678390503,4.9,30.9140625,13,981.6359405517578,4.8,114.046875,147,984.0410223007202,4.8,59.61328125,33,983.9988787174225
2026-02-13T16:42:04,idle_without_VPN,6.0,27.8,1975.9282503461386,232.4158029713361,61313.652374377154,9681.103006480604,3.0,1315.31640625,53.299,50.0,1815.0,99.0,39.07421875,3,821.4458396434784,14.8,103.82421875,28,951.5486385822296,4.9,114.07421875,147,985.3064653873444,4.9,30.953125,14,982.9249405860901,3.7,59.62109375,33,985.2656292915344
2026-02-13T16:42:05,idle_without_VPN,5.7,27.8,32.81834465930157,32.81834465930157,0.0,9601.709980321375,3.0,1315.31640625,53.406,51.0,1815.0,99.0,39.07421875,3,822.7239234447479,7.4,30.9140625,13,984.1940228939056,7.3,103.76953125,28,952.8250551223755,6.1,114.09765625,147,986.5849030017853,3.7,59.62109375,33,986.5446782112122
2026-02-13T16:42:06,idle_without_VPN,6.5,27.8,273.65485007782064,829.5162642983938,0.0,9553.042039080285,3.0,1315.31640625,53.228,51.0,1815.0,99.9,38.4765625,3,824.0373232364655,14.4,103.80859375,28,954.1254179477692,6.1,114.1328125,147,987.8799166679382,2.4,4.65234375,407,1770990125.414934,2.4,30.94921875,14,985.5076580047607
2026-02-13T16:42:08,idle_without_VPN,5.8,27.8,0.0,40.32289591110364,0.0,15675.152425294216,3.0,1315.31640625,53.355,51.0,1815.0,97.8,39.078125,3,825.3790376186371,9.4,103.3125,28,955.4560823440552,7.0,114.078125,147,989.2137749195099,4.6,30.953125,14,986.8519892692566,3.5,56.26171875,89,986.7637758255005
2026-02-13T16:42:09,idle_without_VPN,6.2,27.8,0.0,180.35829524969975,0.0,6513.853119723596,5.0,1325.69140625,53.365,51.0,1815.0,100.1,39.078125,3,826.7840428352356,17.4,321.015625,35,882.6241133213043,15.2,53.984375,16,980.4984064102173,11.7,103.3046875,28,956.7894821166992,9.8,343.09375,95,957.9525856971741
2026-02-13T16:42:11,idle_without_VPN,10.3,27.9,20731.98366893153,5653.554684926684,2552694.326436836,177450.65657055075,7.0,1325.62109375,54.107,51.0,1815.0,98.7,39.08203125,3,828.3206238746643,26.5,240.92578125,159,987.9011838436127,22.8,103.27734375,28,958.299462556839,21.5,321.6328125,35,884.1529912948608,16.4,343.09375,95,959.4765729904175
2026-02-13T16:42:12,idle_without_VPN,11.3,27.9,70261.84131952212,849.7858763218729,2776940.409485776,58648.54499405126,6.0,1326.19140625,53.679,51.0,1815.0,100.4,39.08203125,3,829.7516684532166,29.0,320.58203125,35,885.5534317493439,21.7,114.078125,147,993.5332627296448,21.5,103.01953125,28,959.8241665363312,14.5,343.09375,95,960.8802933692932
2026-02-13T16:42:13,idle_without_VPN,9.8,27.9,281.34814212537606,0.0,721706.2968588232,1671855.9175217496,7.0,1326.19140625,53.736,51.0,1815.0,99.9,38.4765625,3,831.0497040748596,23.2,343.09375,95,962.1575748920441,18.7,103.078125,28,961.1603412628174,16.8,114.14453125,147,994.9199056625366,6.0,240.8984375,158,990.6536235809326
2026-02-13T16:42:15,idle_without_VPN,7.4,27.9,0.0,0.0,64231.950082645984,792060.2344566283,4.0,1326.19140625,53.359,51.0,1815.0,97.6,39.0859375,3,832.3623616695404,14.7,103.00390625,28,962.4412369728088,11.7,343.09375,95,963.4953894615173,6.1,114.140625,147,996.1934552192688,4.8,30.94921875,14,993.8295702934265
2026-02-13T16:42:16,idle_without_VPN,6.6,27.9,410.8524411254942,89.31574807075961,0.0,107464.70807873795,3.0,1325.94140625,53.323,51.0,1815.0,98.3,38.48046875,3,833.7127497196198,23.2,343.09375,95,964.8400342464447,16.2,103.0546875,28,963.7912719249725,7.0,114.078125,147,997.5399281978607,5.8,59.59765625,33,997.5071957111359
2026-02-13T16:42:17,idle_without_VPN,7.8,27.8,301.9841728368484,363.5829344602851,0.0,13461.583027951054,4.0,1321.06640625,53.324,52.0,1815.0,98.0,39.0859375,3,835.0045049190521,19.0,102.98046875,28,965.1072220802307,12.3,343.40625,95,966.1136357784271,8.5,30.9140625,13,996.4756577014923,4.7,59.609375,33,998.8259286880493
2026-02-13T16:42:18,idle_without_VPN,7.4,27.8,0.0,42.24028646027602,0.0,40050.049384558,4.0,1308.87109375,53.454,52.0,1815.0,98.3,39.0859375,3,836.2758796215057,20.8,103.0390625,28,966.3858811855316,9.8,343.41796875,95,967.3935678005219,4.9,114.09375,147,1000.146947145462,4.9,30.9140625,13,997.7489392757416
2026-02-13T16:42:20,idle_without_VPN,7.0,27.8,889.9613151412557,84.4603005582211,0.0,28829.115923872803,4.0,1303.55859375,53.39,52.0,1815.0,100.0,39.0859375,3,837.5573987960815,23.2,103.015625,28,967.66486287117,9.8,343.41796875,95,968.6718103885651,4.9,59.62109375,33,1001.3789668083191,4.9,30.9140625,13,999.026303768158
2026-02-13T16:42:21,idle_without_VPN,6.8,27.8,0.0,0.0,0.0,20544.080854509717,3.0,1303.55859375,53.335,52.0,1815.0,98.6,39.0859375,3,838.840573310852,20.9,102.97265625,28,968.936936378479,4.9,343.375,95,969.9563655853271,3.7,114.078125,147,1002.6967766284943,3.7,59.62109375,33,1002.6542682647705
2026-02-13T16:42:22,idle_without_VPN,6.6,27.8,272.44822202206205,374.61630528033527,0.0,1188.8649688235434,3.0,1303.55859375,53.338,52.0,1815.0,99.4,39.0859375,3,840.1608095169067,19.2,103.0625,28,970.240674495697,14.1,343.375,95,971.2895274162292,4.8,114.11328125,147,1003.9889817237854,4.7,30.94921875,14,1001.629221200943
2026-02-13T16:42:24,idle_without_VPN,6.3,27.8,0.0,40.36833120464203,0.0,7272.280110347365,3.0,1303.55859375,53.384,52.0,1815.0,98.6,39.0703125,3,841.4756879806519,22.3,102.984375,28,971.5732209682465,9.6,343.375,95,972.5906193256378,6.0,68.25390625,22,961.890368938446,5.9,30.9140625,13,1002.9522259235382
2026-02-13T16:42:25,idle_without_VPN,7.6,27.8,306.66038136461606,41.817324731538555,123704.93929472029,23789.41140283082,3.0,1303.55859375,55.169,52.0,1815.0,98.9,39.0703125,3,842.7388725280762,29.3,103.02734375,28,972.8534934520721,12.4,343.375,95,973.8484406471252,4.9,114.046875,147,1006.6161153316498,3.7,59.5390625,33,1006.570671081543
2026-02-13T16:42:26,idle_without_VPN,7.9,27.8,0.0,182.56099781121327,0.0,112165.47705520943,3.0,1303.55859375,54.084,52.0,1815.0,100.2,39.0703125,3,844.0017240047455,26.0,103.04296875,28,974.1148896217346,12.4,343.375,95,975.1128575801849,6.2,59.6171875,33,1007.8317897319794,3.7,4.65234375,407,1770990145.417557
2026-02-13T16:42:27,idle_without_VPN,7.0,27.8,5123.786399202983,4910.8559895960625,0.0,8105.603696560876,3.0,1303.55859375,53.629,52.0,1815.0,98.1,39.0703125,3,845.2596187591553,27.5,343.375,95,976.3636193275452,22.2,102.98828125,28,975.3792564868927,6.2,30.94921875,14,1006.7322340011597,5.0,59.48046875,33,1009.0924272537231
2026-02-13T16:42:29,idle_without_VPN,7.9,27.8,52.837893386675624,96.06889706668295,0.0,10657.24298126403,3.0,1303.55859375,53.787,52.0,1815.0,100.8,39.06640625,3,846.5466701984406,16.9,343.3671875,95,977.660887002945,14.5,148.01953125,23,901.3614234924316,6.3,114.12890625,147,1010.3898944854736,6.2,30.9140625,13,1007.9893143177032
2026-02-13T16:42:30,idle_without_VPN,8.9,27.8,6353.723889002208,3427.5546726499288,0.0,190448.9795049619,3.0,1303.55859375,53.734,52.0,1815.0,98.2,39.06640625,3,847.804062128067,10.9,4.65234375,407,1770990149.2206886,8.5,114.12109375,147,1011.6805975437164,6.2,343.3671875,95,978.917587518692,3.6,30.9140625,13,1009.280871629715
2026-02-13T16:42:31,idle_without_VPN,7.5,27.8,621.1844304364196,675.9948213572801,0.0,99643.70198714126,3.0,1303.55859375,53.877,52.0,1815.0,100.2,38.48046875,3,849.0672678947449,5.0,114.0703125,147,1012.9425578117371,4.9,30.9140625,13,1010.544674873352,4.9,148.48828125,23,903.9067530632019,3.7,4.65234375,407,1770990150.480497
2026-02-13T16:42:33,idle_without_VPN,7.7,27.8,72517.63500129891,11780.520304067837,0.0,108969.6200306627,3.0,1303.55859375,53.672,51.0,1815.0,86.4,38.484375,3,850.3511664867401,7.2,114.0703125,147,1014.2369160652161,4.8,4.65234375,407,1770990151.7769582,3.7,247.8515625,48,993.30513048172,3.6,59.62109375,33,1014.1876413822174
2026-02-13T16:42:34,idle_without_VPN,7.5,27.8,0.0,0.0,0.0,15025.734414966262,3.0,1303.55859375,53.785,51.0,1815.0,100.3,39.0859375,3,851.6125082969666,5.0,114.09765625,147,1015.4961934089661,3.7,30.953125,13,1013.0890483856201,2.5,59.65234375,33,1015.4449203014374,2.5,56.26171875,89,1013.0001854896545
2026-02-13T16:42:35,idle_without_VPN,7.2,27.8,43.22110405471422,86.44220810942844,0.0,0.0,7.0,1303.55859375,53.636,51.0,1815.0,99.8,39.0859375,3,852.8656601905823,6.3,114.08984375,147,1016.7452564239502,5.0,260.7265625,276,1011.3067123889923,3.8,4.65234375,407,1770990154.2863414,2.5,59.8203125,33,1016.6960225105286
2026-02-13T16:42:36,idle_without_VPN,6.6,27.8,62.00585231019177,160.57925854690689,0.0,15059.472643131705,3.0,1303.55859375,53.872,51.0,1815.0,100.1,39.0859375,3,854.1302750110626,3.7,30.9140625,13,1015.6065390110016,3.7,23.34375,6,1014.5550315380096,2.5,114.046875,147,1018.004264831543,2.5,103.05859375,28,984.2500622272491
2026-02-13T16:42:38,idle_without_VPN,6.0,27.8,3000.375378642571,704.4290526352463,3252.9215328004157,216725.89712282768,3.0,1303.55859375,53.745,51.0,1815.0,98.6,39.0859375,3,855.3820230960846,7.5,114.08984375,147,1019.2619264125824,5.0,30.94921875,14,1016.8630106449127,3.8,59.6484375,33,1019.2106728553772,3.7,56.26171875,89,1016.774799823761
2026-02-13T16:42:39,idle_without_VPN,6.9,27.8,0.0,0.0,0.0,31938.757880524103,4.0,1317.44140625,53.967,50.0,1815.0,100.0,39.0859375,3,856.7570762634277,19.8,317.66796875,35,912.5887880325317,6.1,114.12890625,147,1020.5387012958527,5.5,143.10546875,47,913.3365998268127,4.6,30.953125,13,1018.2202184200287
2026-02-13T16:42:41,idle_without_VPN,8.2,27.9,2970.721992281564,1319.1569918711505,0.0,87956.83506625472,4.0,1326.31640625,53.735,50.0,1815.0,98.1,39.09375,3,858.2550466060638,9.4,229.4453125,77,1019.7178258895874,7.7,114.16796875,147,1021.9622228145599,5.5,4.65234375,407,1770990159.5034935,4.2,30.9140625,13,1019.7202022075653
2026-02-13T16:42:42,idle_without_VPN,8.2,27.8,1758.7284140161057,1124.4642705054043,20888.007492018758,7180.252575381448,4.0,1334.50390625,54.023,50.0,1815.0,97.9,39.0859375,3,859.6745035648346,10.0,322.7421875,35,915.5442271232605,7.6,239.8515625,80,1021.1505715847015,5.5,30.953125,14,1021.1533870697021,5.0,4.65234375,407,1770990161.072303
2026-02-13T16:42:43,idle_without_VPN,8.0,27.8,54.885433292924226,38.70126706552349,46115.02251647541,203914.8651900397,3.0,1333.75390625,53.767,50.0,1815.0,98.6,39.0859375,3,861.1328427791595,27.8,324.3828125,35,916.9496378898621,7.5,241.79296875,80,1022.5989866256714,6.6,114.1796875,147,1024.9496531486511,6.6,129.265625,99,917.2978377342224
2026-02-13T16:42:45,idle_without_VPN,7.1,27.9,336.53142130910135,2023.5030332560068,0.0,90570.09738616225,3.0,1328.30859375,53.84,50.0,1815.0,100.1,39.0859375,3,862.523129940033,11.2,320.41015625,35,918.3386328220367,7.9,114.1171875,147,1026.345163822174,6.8,129.1328125,99,918.6737217903137,6.7,30.9140625,13,1023.9956905841827
2026-02-13T16:42:46,idle_without_VPN,6.5,27.8,0.0,0.0,47765.121107781124,388464.7740093762,3.0,1328.30859375,53.774,49.0,1815.0,101.0,39.0859375,3,863.8693614006042,11.9,321.625,35,919.6532833576202,5.7,4.65234375,407,1770990165.2536533,5.7,114.15234375,147,1027.7122223377228,4.6,30.9453125,14,1025.354161977768
2026-02-13T16:42:47,idle_without_VPN,5.8,27.8,314.5097220240344,378.6634464169966,0.0,9613.67030903317,3.0,1328.30859375,53.476,49.0,1815.0,98.0,39.0859375,3,865.0964584350586,6.4,30.94921875,14,1026.583167552948,4.9,114.140625,147,1028.9948556423187,3.8,260.82421875,276,1023.5371813774109,3.7,4.65234375,407,1770990166.5344348
2026-02-13T16:42:48,idle_without_VPN,5.9,27.8,171.42129898811993,956.5631919950278,0.0,14489.951310693912,3.0,1326.99609375,53.3,49.0,1815.0,98.6,39.0859375,3,866.3327467441559,6.3,59.6484375,33,1030.1833171844482,3.8,114.0234375,147,1030.2304334640503,3.8,30.9140625,13,1027.8190455436707,1.3,4.65234375,407,1770990167.7702975
2026-02-13T16:42:50,idle_without_VPN,5.3,27.8,0.0,196.65506002506174,26738.560194610887,117398.99085446342,3.0,1324.68359375,53.304,49.0,1815.0,98.9,39.0859375,3,867.564975976944,5.1,30.9140625,13,1029.0488193035126,3.8,4.65234375,407,1770990168.9938538,3.8,114.046875,147,1031.4517889022827,3.8,59.6484375,33,1031.4050669670105
2026-02-13T16:42:51,idle_without_VPN,5.8,27.8,474.596331431613,50.042470321020424,0.0,90915.86866064098,3.0,1324.68359375,53.174,49.0,1815.0,98.7,39.0859375,3,868.7994358539581,6.3,114.09765625,147,1032.6909627914429,5.1,30.94921875,14,1030.2822108268738,2.5,183.94921875,105,1004.8913908004761,1.3,4.65234375,407,1770990170.2321
2026-02-13T16:42:52,idle_without_VPN,5.3,27.8,608.0046759164335,589.309344972479,0.0,6242.6148543291565,3.0,1317.30859375,53.18,48.0,1815.0,99.8,39.0859375,3,870.0366811752319,6.4,30.953125,14,1031.5122256278992,6.3,114.11328125,147,1033.9226746559143,1.3,4.65234375,407,1770990171.462961,1.3,103.07421875,28,1000.1582350730896
2026-02-13T16:42:53,idle_without_VPN,8.9,27.8,33.84705103857886,77.36468808818026,0.0,9902.680075287073,3.0,1306.62109375,53.226,48.0,1815.0,98.5,39.0859375,3,871.2736361026764,7.6,114.12109375,147,1035.161553144455,3.8,30.9140625,13,1032.7569179534912,2.5,59.65234375,33,1035.1165900230408,2.5,245.30859375,80,1032.753916501999
2026-02-13T16:42:55,idle_without_VPN,6.3,27.8,368.3387463866223,0.0,0.0,122831.27879503362,3.0,1306.62109375,53.172,48.0,1815.0,98.7,39.0859375,3,872.5243899822235,11.2,319.39453125,35,928.3198308944702,7.6,114.05078125,147,1036.4004182815552,6.3,30.953125,14,1034.0072762966156,3.7,260.875,276,1030.9623222351074
2026-02-13T16:42:56,idle_without_VPN,6.2,27.8,0.0,0.0,0.0,61996.08604154389,3.0,1306.62109375,53.275,48.0,1815.0,99.7,39.0859375,3,873.7623152732849,6.2,114.06640625,147,1037.6555852890015,6.2,59.4921875,33,1037.6065561771393,5.0,30.9140625,13,1035.2457084655762,5.0,56.26171875,89,1035.1581830978394
2026-02-13T16:42:57,idle_without_VPN,5.4,27.8,687.5662465641038,877.3801511250472,0.0,6673.628781816515,3.0,1306.62109375,53.142,48.0,1815.0,99.8,39.0859375,3,874.9991536140442,5.1,114.08984375,147,1038.8845818042755,5.0,30.9140625,13,1036.485811471939,2.5,4.65234375,407,1770990176.4247973,2.5,59.53125,33,1038.8431782722473
2026-02-13T16:42:58,idle_without_VPN,5.3,27.8,0.0,0.0,0.0,40287.17573443704,3.0,1306.62109375,53.125,48.0,1815.0,99.0,39.0859375,3,876.2306084632874,5.1,30.94921875,14,1037.7148804664612,5.0,114.08203125,147,1040.1315596103668,3.8,81.875,56,1036.2836055755615,2.5,59.609375,33,1040.0818638801575
2026-02-13T16:43:00,idle_without_VPN,5.7,27.8,0.0,0.0,0.0,23783.034190163133,3.0,1306.62109375,53.231,48.0,1815.0,100.0,39.078125,3,877.4648253917694,7.7,114.12890625,147,1041.3561091423035,5.1,30.94921875,14,1038.9465053081512,3.8,59.62109375,33,1041.3109602928162,2.5,56.26171875,89,1038.858716249466
2026-02-13T16:43:01,idle_without_VPN,5.7,27.8,0.0,0.0,0.0,92183.47709202838,4.0,1306.62109375,53.372,47.0,1815.0,98.5,39.08203125,3,878.7180562019348,3.8,4.65234375,407,1770990180.1421254,3.8,114.07421875,147,1042.6055898666382,3.8,59.62109375,33,1042.5539364814758,3.7,26.85546875,19,1040.0987656116486
2026-02-13T16:43:02,idle_without_VPN,4.9,27.8,574.1716621559915,518.1939235056859,0.0,13511.426746222329,4.0,1306.62109375,53.14,47.0,1815.0,98.2,39.08203125,3,879.959043264389,3.8,114.10546875,147,1043.8505008220673,3.8,30.953125,13,1041.4476172924042,3.8,247.97265625,49,1022.9033796787262,2.5,59.58203125,33,1043.8032765388489
2026-02-13T16:43:03,idle_without_VPN,5.4,27.8,321.7116298096627,0.0,0.0,108147.10141480381,4.0,1306.62109375,53.233,47.0,1815.0,99.2,39.08203125,3,881.1877672672272,5.1,114.1015625,147,1045.0821805000305,3.8,30.9140625,13,1042.671499490738,2.5,59.6171875,33,1045.0359601974487,1.3,4.65234375,407,1770990182.6232836
2026-02-13T16:43:05,idle_without_VPN,5.2,27.8,1118.5012992211675,141.9542130302576,0.0,7100.973966754954,4.0,1306.62109375,52.968,47.0,1815.0,99.5,39.08203125,3,882.4129922389984,5.1,114.0859375,147,1046.3106951713562,5.1,103.09765625,28,1012.5433068275452,3.8,56.26171875,89,1043.8098638057709,2.5,30.9140625,13,1043.8983647823334
2026-02-13T16:43:06,idle_without_VPN,5.6,27.8,2255.6179359283205,44.083738161465554,0.0,13793.311851409666,3.0,1306.62109375,53.041,47.0,1815.0,100.0,38.48046875,3,883.6468782424927,7.7,114.11328125,147,1047.5325028896332,6.4,30.9140625,13,1045.1243646144867,3.8,59.64453125,33,1047.4829182624817,3.8,56.26171875,89,1045.0388879776
2026-02-13T16:43:07,idle_without_VPN,5.3,27.8,2797.788831566189,521.5670779214299,0.0,3708.921442996835,3.0,1306.62109375,52.933,47.0,1815.0,99.8,39.08203125,3,884.8838272094727,5.0,114.0703125,147,1048.7774336338043,3.8,59.64453125,33,1048.7284536361694,3.8,30.94921875,14,1046.3673644065857,2.5,260.95703125,276,1043.3173670768738
2026-02-13T16:43:08,idle_without_VPN,5.3,27.7,0.0,0.0,26676.359850996334,87114.9876384099,3.0,1306.62109375,52.785,47.0,1815.0,100.3,39.08203125,3,886.12974858284,6.4,114.08203125,147,1050.0058336257935,5.1,59.6484375,33,1049.9629895687103,3.8,30.9140625,13,1047.6093695163727,2.5,77.8046875,68,1046.1889953613281
2026-02-13T16:43:10,idle_without_VPN,5.4,27.8,0.0,0.0,0.0,40293.95916301871,3.0,1306.62109375,52.693,47.0,1815.0,100.5,39.08203125,3,887.3886413574219,8.7,30.953125,14,1048.873018503189,6.2,114.11328125,147,1051.2620978355408,2.5,4.65234375,407,1770990188.8020468,2.5,59.66796875,33,1051.2199265956879
2026-02-13T16:43:11,idle_without_VPN,5.5,27.8,0.0,0.0,0.0,124055.80950940112,3.0,1306.62109375,52.841,47.0,1815.0,98.4,39.08203125,3,888.6593782901764,4.9,114.140625,147,1052.5367002487183,2.5,4.65234375,407,1770990190.069891,2.5,59.66796875,33,1052.49005651474,2.5,30.953125,14,1050.1403465270996
2026-02-13T16:43:12,idle_without_VPN,5.3,27.8,522.7279836737238,519.5790199166531,7658.27985719576,47158.88122588968,3.0,1306.62109375,52.79,48.0,1815.0,100.3,39.08203125,3,889.9361248016357,3.7,114.04296875,147,1053.79927110672,3.7,59.4765625,33,1053.7557373046875,3.7,30.953125,14,1051.4190707206726,2.5,103.125,28,1020.0404047966003
2026-02-13T16:43:13,idle_without_VPN,5.0,27.8,0.0,0.0,0.0,17081.084900440892,3.0,1306.62109375,52.611,48.0,1815.0,98.4,39.0859375,3,891.2220380306244,4.8,114.08984375,147,1055.0902361869812,3.7,30.953125,14,1052.7029972076416,2.4,314.47265625,35,947.0189843177795,2.4,124.3515625,99,947.359480381012
2026-02-13T16:43:15,idle_without_VPN,5.1,27.8,60.632526600284336,42.75370465404665,0.0,211337.0034855449,3.0,1306.62109375,52.555,48.0,1815.0,99.1,39.0859375,3,892.5152094364166,6.1,114.11328125,147,1056.3781983852386,3.7,59.59765625,33,1056.3343641757965,3.6,30.94921875,13,1053.9928233623505,1.2,4.65234375,407,1770990193.9163635
2026-02-13T16:43:16,idle_without_VPN,5.1,27.8,0.0,0.0,12699.754547653734,785797.3126360748,3.0,1306.62109375,52.621,48.0,1815.0,97.3,39.0859375,3,893.7683608531952,2.5,30.94921875,14,1055.2549786567688,2.5,23.2421875,6,1054.200839996338,2.5,25.5625,9,1040.8740525245667,2.4,4.65234375,407,1770990195.2053857
2026-02-13T16:43:17,idle_without_VPN,5.6,27.7,588.9198209953868,579.9967934045476,0.0,0.0,3.0,1306.62109375,52.64,48.0,1815.0,99.9,39.0859375,3,895.0194725990295,5.0,30.9140625,13,1056.4988815784454,3.8,114.0703125,147,1058.8974664211273,2.5,4.65234375,407,1770990196.4378731,2.5,103.09375,28,1025.1363408565521
2026-02-13T16:43:18,idle_without_VPN,5.9,27.8,87.86375192581998,0.0,0.0,7770.350715767062,3.0,1306.62109375,52.4,48.0,1815.0,99.2,39.0859375,3,896.2637326717377,5.0,59.61328125,33,1060.1006927490234,5.0,30.953125,14,1057.7473585605621,2.5,114.1015625,147,1060.1487345695496,2.5,56.26171875,89,1057.6584017276764
2026-02-13T16:43:20,idle_without_VPN,5.6,27.8,0.0,43.7144549532066,0.0,156258.12875718056,3.0,1306.62109375,52.647,48.0,1815.0,99.4,39.0859375,3,897.48943400383,7.6,30.94921875,14,1058.9756445884705,3.8,114.08984375,147,1061.3831350803375,3.8,59.61328125,33,1061.3355774879456,3.8,56.26171875,89,1058.8866052627563
2026-02-13T16:43:21,idle_without_VPN,5.4,27.8,0.0,44.26597058295838,0.0,109123.81488895221,3.0,1306.62109375,52.664,49.0,1815.0,99.8,39.0859375,3,898.7100887298584,6.4,30.94921875,14,1060.1956086158752,5.1,114.09765625,147,1062.6093513965607,5.1,103.09375,28,1028.8464841842651,2.6,59.61328125,33,1062.5590312480927
2026-02-13T16:43:22,idle_without_VPN,5.5,27.8,542.5912620962007,628.3925911927385,0.0,1673.534495140089,3.0,1306.62109375,52.719,49.0,1815.0,99.8,39.0859375,3,899.9622075557709,6.4,114.109375,147,1063.8294808864594,3.8,4.65234375,407,1770990201.3700194,3.8,59.61328125,33,1063.785816192627,3.8,30.9140625,13,1061.444133758545
2026-02-13T16:43:23,idle_without_VPN,5.0,27.8,0.0,0.0,0.0,7969.057363734111,3.0,1306.62109375,52.568,49.0,1815.0,100.1,39.07421875,3,901.2262337207794,4.9,114.06640625,147,1065.1135964393616,3.7,103.1328125,28,1031.3476293087006,2.5,30.9140625,13,1062.708472251892,2.5,56.26171875,89,1062.6196672916412
2026-02-13T16:43:25,idle_without_VPN,4.9,27.8,252.09460606715587,177.75901709863555,0.0,5378.0182627659915,3.0,1306.62109375,52.665,49.0,1815.0,99.5,39.07421875,3,902.4513573646545,3.8,30.9140625,13,1063.9369523525238,3.8,56.26171875,89,1063.8476984500885,2.6,314.0546875,35,958.230813741684,2.6,183.94921875,105,1038.5394048690796
2026-02-13T16:43:26,idle_without_VPN,5.9,27.8,98.38451388929613,45.09290219926072,0.0,18889.826666744855,3.0,1306.62109375,52.699,49.0,1815.0,98.3,39.07421875,3,903.6748404502869,6.4,30.9140625,13,1065.1591002941132,5.1,103.16015625,28,1033.8085186481476,3.8,4.65234375,407,1770990205.112694,3.8,114.09375,147,1067.5727701187134
2026-02-13T16:43:27,idle_without_VPN,5.6,27.8,550.2237017243069,581.9673768237861,0.0,5417.587216977791,4.0,1306.62109375,52.919,49.0,1815.0,100.7,39.078125,3,904.9009470939636,5.1,114.1171875,147,1068.7976870536804,3.8,4.65234375,407,1770990206.3397546,3.8,103.16015625,28,1035.0319714546204,3.8,30.953125,14,1066.3863463401794
2026-02-13T16:43:28,idle_without_VPN,5.9,27.7,63.63873205614583,44.87346491138488,0.0,14202.859585043418,4.0,1306.62109375,52.837,49.0,1815.0,98.2,39.078125,3,906.1261904239655,6.3,103.1640625,28,1036.2654149532318,5.1,114.0859375,147,1070.025362253189,5.1,56.26171875,89,1067.525149345398,3.8,4.65234375,407,1770990207.5656707
2026-02-13T16:43:30,idle_without_VPN,5.8,27.8,63.56386487974661,44.82067395366748,0.0,0.0,3.0,1306.62109375,52.781,49.0,1815.0,98.2,39.078125,3,907.353845834732,3.8,114.03515625,147,1071.2531790733337,3.8,103.19921875,28,1037.4866256713867,2.6,59.50390625,33,1071.1992444992065,2.5,4.65234375,407,1770990208.7931228
2026-02-13T16:43:31,idle_without_VPN,5.4,27.8,53.72677998641809,97.68505452076016,0.0,98779.12713139267,4.0,1306.62109375,52.785,49.0,1815.0,99.2,39.078125,3,908.580183506012,5.1,114.1015625,147,1072.479255437851,5.1,103.11328125,28,1038.710251569748,5.1,30.9140625,13,1070.0674302577972,2.6,59.67578125,33,1072.4274373054504
2026-02-13T16:43:32,idle_without_VPN,6.0,27.7,531.7590921523582,541.6064827477722,0.0,9243.41730556198,7.0,1306.62109375,53.001,50.0,1815.0,99.7,39.078125,3,909.8020942211151,6.4,30.9140625,13,1071.2869906425476,5.1,103.1875,28,1039.936583518982,3.8,114.1171875,147,1073.7033569812775,2.6,4.65234375,407,1770990211.2415943
2026-02-13T16:43:33,idle_without_VPN,5.1,27.7,0.0,0.0,0.0,31867.131588376073,3.0,1306.62109375,52.909,50.0,1815.0,100.1,39.078125,3,911.0192716121674,7.7,103.15625,28,1041.1567413806915,3.9,114.109375,147,1074.9200370311737,3.8,25.5625,9,1058.1198234558105,2.6,30.9140625,13,1072.5046501159668
2026-02-13T16:43:34,idle_without_VPN,6.0,27.8,627.5892771668582,0.0,0.0,9252.834578543836,3.0,1306.62109375,52.771,50.0,1815.0,100.6,39.07421875,3,912.2463705539703,5.1,103.16796875,28,1042.3733749389648,3.9,59.59375,33,1076.0873301029205,3.8,114.12890625,147,1076.139904499054,3.8,30.9140625,13,1073.726812362671
2026-02-13T16:43:36,idle_without_VPN,5.2,27.8,0.0,43.64854211878467,0.0,109671.00360512415,3.0,1306.62109375,52.964,50.0,1815.0,98.4,38.48046875,3,913.468487739563,7.6,103.19140625,28,1043.6093127727509,3.8,114.05859375,147,1077.3748190402985,3.8,30.94921875,14,1074.9537646770477,2.5,4.65234375,407,1770990214.9156952
2026-02-13T16:43:37,idle_without_VPN,5.7,27.7,668.4498311357535,1167.724087724804,0.0,5915.368382198865,3.0,1306.62109375,52.862,50.0,1815.0,97.9,39.07421875,3,914.6812229156494,7.7,103.1171875,28,1044.8218502998352,6.4,30.9140625,13,1076.1669719219208,5.2,4.65234375,407,1770990216.126415,3.9,114.07421875,147,1078.5843889713287
2026-02-13T16:43:38,idle_without_VPN,6.2,27.7,324.18880482555875,394.59344425737197,13412.90247035847,63711.28673420273,5.0,1306.62109375,52.997,50.0,1815.0,100.4,39.07421875,3,915.9414083957672,7.7,114.0859375,147,1079.8116014003754,6.3,103.1875,28,1046.0548202991486,6.3,59.59765625,33,1079.7693617343903,6.2,30.953125,13,1077.4237055778503
2026-02-13T16:43:39,idle_without_VPN,5.5,27.8,422.65022626921456,355.21438311679816,0.0,9635.484193684802,6.0,1306.62109375,52.893,50.0,1815.0,98.1,38.484375,3,917.2157475948334,4.9,114.11328125,147,1081.0853815078735,4.9,103.15625,28,1047.3297317028046,3.7,59.59765625,33,1081.0422735214233,2.5,30.94921875,14,1078.6994633674622
2026-02-13T16:43:41,idle_without_VPN,5.3,27.8,845.1558784886239,374.7537197751041,0.0,118415.90342015005,3.0,1306.62109375,53.004,50.0,1815.0,97.6,39.078125,3,918.4812784194946,6.1,114.14453125,147,1082.3599960803986,4.9,59.46484375,33,1082.3143682479858,3.8,12.0703125,4,1068.7931747436523,3.7,30.9453125,14,1079.966106414795
2026-02-13T16:43:42,idle_without_VPN,6.0,27.7,1378.2016418733162,1096.6249385569402,52573.82002433623,55448.95080691712,3.0,1306.62109375,52.828,51.0,1815.0,99.6,39.08203125,3,919.7192697525024,8.8,103.0859375,28,1049.8405034542084,5.0,4.65234375,407,1770990221.1471214,5.0,114.078125,147,1083.60573387146,3.8,59.60546875,33,1083.5557601451874
2026-02-13T16:43:43,idle_without_VPN,5.5,27.7,907.1590207529873,377.4429497061537,0.0,0.0,3.0,1306.62109375,53.12,51.0,1815.0,99.3,38.48828125,3,920.9621267318726,10.1,103.04296875,28,1051.0812933444977,6.3,114.09765625,147,1084.842407464981,5.1,30.9140625,13,1082.4382333755493,3.8,183.94921875,105,1057.0537054538727
2026-02-13T16:43:44,idle_without_VPN,5.6,27.8,431.4940613329206,169.71566048715985,0.0,6148.189964817866,3.0,1306.62109375,52.983,51.0,1815.0,99.4,39.08203125,3,922.2058436870575,8.8,103.12890625,28,1052.3273103237152,6.3,30.94921875,14,1083.6869156360626,5.0,114.078125,147,1086.089607477188,2.5,12.0703125,4,1072.516489982605
2026-02-13T16:43:46,idle_without_VPN,6.9,27.7,0.0,0.0,0.0,92122.27113692128,3.0,1306.62109375,53.163,51.0,1815.0,99.0,39.08203125,3,923.4663696289062,7.5,114.125,147,1087.339691400528,7.5,103.1328125,28,1053.5770182609558,3.7,59.61328125,33,1087.2953906059265,2.5,30.94921875,14,1084.946541070938
2026-02-13T16:43:47,idle_without_VPN,5.5,27.7,885.255358533295,718.5721423770259,0.0,13883.35610932216,3.0,1306.62109375,53.001,51.0,1815.0,99.7,38.48828125,3,924.7201879024506,7.5,114.1484375,147,1088.5885829925537,6.3,30.9140625,13,1086.1966886520386,6.2,49.01953125,59,1056.162602186203,5.0,103.0859375,28,1054.825449705124
2026-02-13T16:43:48,idle_without_VPN,6.6,27.7,0.0,0.0,0.0,9836.287273686376,3.0,1306.62109375,52.989,51.0,1815.0,100.5,39.08203125,3,925.9325375556946,10.1,103.09765625,28,1056.0674679279327,7.5,114.08984375,147,1089.8375351428986,6.4,30.9140625,13,1087.4200813770294,3.9,12.0703125,4,1076.2377526760101
2026-02-13T16:43:49,idle_without_VPN,7.3,27.7,0.0,45.23462999629723,0.0,10293.391359157413,3.0,1306.62109375,53.083,51.0,1815.0,99.6,38.48828125,3,927.1246564388275,14.3,103.0703125,28,1057.2688345909119,5.2,114.07421875,147,1091.0299882888794,3.9,30.953125,14,1088.610507965088,3.9,56.2578125,89,1088.5225522518158
2026-02-13T16:43:50,idle_without_VPN,6.0,27.7,0.0,0.0,0.0,19281.547587551013,4.0,1306.62109375,53.123,51.0,1815.0,99.2,39.08203125,3,928.3220570087433,9.2,103.12890625,28,1058.4588396549225,6.5,114.08203125,147,1092.227103471756,5.2,30.953125,14,1089.8092050552368,3.9,4.65234375,407,1770990229.766753
2026-02-13T16:43:52,idle_without_VPN,5.7,27.7,499.51820372156124,596.4147114668808,0.0,56026.22903012133,3.0,1306.62109375,53.143,51.0,1815.0,99.1,39.08203125,3,929.5203623771667,11.8,103.109375,28,1059.655719280243,7.8,59.61328125,33,1093.3683466911316,5.2,114.10546875,147,1093.4209434986115,3.9,56.2578125,89,1090.9121987819672
2026-02-13T16:43:53,idle_without_VPN,6.0,27.7,0.0,0.0,13759.37188870041,38268.253065448014,4.0,1306.62109375,53.181,51.0,1815.0,100.3,39.07421875,3,930.722989320755,9.1,103.05859375,28,1060.8549921512604,7.9,114.12109375,147,1094.612625837326,6.5,30.9140625,13,1092.2094464302063,5.2,56.2578125,89,1092.1207237243652
2026-02-13T16:43:54,idle_without_VPN,6.4,27.7,0.0,0.0,0.0,7593.507754650138,4.0,1306.62109375,53.369,51.0,1815.0,99.9,39.07421875,3,931.9250347614288,13.0,103.14453125,28,1062.0592441558838,6.5,30.953125,14,1093.413908958435,5.2,92.5234375,30,1051.3641357421875,5.1,114.1484375,147,1095.8276953697205
2026-02-13T16:43:55,idle_without_VPN,6.4,27.7,0.0,0.0,0.0,85376.63600373076,3.0,1306.62109375,53.245,52.0,1815.0,100.5,39.07421875,3,933.1221175193787,10.4,103.0703125,28,1063.259648323059,5.2,343.40625,95,1064.2117035388947,3.9,59.625,33,1096.9730608463287,2.6,114.07421875,147,1097.0242195129395
2026-02-13T16:43:56,idle_without_VPN,5.7,27.7,395.56511213228293,90.31930678707518,0.0,3853.6237562485408,3.0,1306.62109375,53.282,52.0,1815.0,100.1,39.07421875,3,934.3238205909729,10.4,103.1484375,28,1064.4592361450195,3.9,30.9140625,13,1095.8081679344177,3.9,343.40625,95,1065.4120614528656,2.6,114.078125,147,1098.223973274231
2026-02-13T16:43:58,idle_without_VPN,5.8,27.7,1455.5358798509055,649.4954154941112,0.0,83988.08408768979,3.0,1306.62109375,53.182,52.0,1815.0,99.4,39.07421875,3,935.5189290046692,14.3,103.19140625,28,1065.6581962108612,11.8,343.3671875,95,1066.6070673465729,5.2,114.0859375,147,1099.42227268219,5.2,30.94921875,13,1097.0055096149445
2026-02-13T16:43:59,idle_without_VPN,7.1,27.7,0.0,0.0,0.0,15478.596053618698,3.0,1306.62109375,53.307,52.0,1815.0,98.6,39.07421875,3,936.7071990966797,17.1,103.0546875,28,1066.8463804721832,7.9,343.3671875,95,1067.7947895526886,6.6,30.953125,14,1098.196012020111,3.9,114.09765625,147,1100.6151077747345
2026-02-13T16:44:00,idle_without_VPN,6.7,27.7,458.1765258779538,348.2477257130967,0.0,7733.616964269638,7.0,1306.62109375,53.37,52.0,1815.0,100.5,39.07421875,3,937.9045450687408,14.4,103.1171875,28,1068.0440657138824,14.3,343.375,95,1068.9980192184448,7.8,59.59375,33,1101.758469581604,3.9,114.12109375,147,1101.8085029125214
2026-02-13T16:44:01,idle_without_VPN,7.0,27.7,0.0,0.0,0.0,30482.83038961423,3.0,1306.62109375,53.32,52.0,1815.0,98.5,39.06640625,2,939.1417968273163,15.2,343.4140625,95,1070.2303709983826,12.9,103.1171875,28,1069.2580080032349,3.9,4.65234375,407,1770990240.5566347,2.6,59.51953125,33,1102.9719944000244
2026-02-13T16:44:02,idle_without_VPN,6.7,27.7,791.8684816916136,643.2408589741107,0.0,14138.304132602676,6.0,1306.62109375,53.353,52.0,1815.0,99.3,39.06640625,2,940.3376338481903,18.3,343.4140625,95,1071.4277629852295,16.7,103.08203125,28,1070.477859735489,3.9,30.9140625,13,1101.8236463069916,3.8,4.65234375,407,1770990241.7864704
2026-02-13T16:44:04,idle_without_VPN,6.5,27.7,143.39887896209524,155.977727993858,0.0,7728.444845115027,3.0,1306.62109375,55.254,52.0,1815.0,100.2,39.06640625,2,941.5385267734528,18.3,343.4140625,95,1072.621640920639,17.0,103.16015625,28,1071.6733601093292,5.2,114.07421875,147,1105.4386525154114,2.6,4.65234375,407,1770990242.9801326
2026-02-13T16:44:05,idle_without_VPN,6.6,27.7,197.32220021041348,109.90097226909106,0.0,0.0,3.0,1306.62109375,53.618,52.0,1815.0,100.1,39.0703125,2,942.7713370323181,26.2,343.375,95,1073.8724617958069,14.2,103.05859375,28,1072.8797352313995,5.2,114.10546875,147,1106.6411125659943,2.6,59.59765625,33,1106.5991637706757
2026-02-13T16:44:06,idle_without_VPN,6.8,27.7,4745.048152159548,11509.80797163642,0.0,164329.34802349657,3.0,1306.62109375,53.677,52.0,1815.0,98.1,39.0703125,2,944.014482498169,16.2,103.15234375,28,1074.1347393989563,8.8,343.390625,95,1075.1108403205872,3.8,30.94921875,14,1105.498898267746,3.7,114.0859375,147,1107.895096063614
2026-02-13T16:44:07,idle_without_VPN,6.3,27.7,529.0813799251811,624.0238974884421,0.0,17865.422792074824,3.0,1306.62109375,53.839,52.0,1815.0,100.1,39.0703125,2,945.2319645881653,16.5,103.12109375,28,1075.3632998466492,11.7,343.40234375,95,1076.3166806697845,6.4,56.2578125,89,1106.629981994629,3.8,114.12890625,147,1109.1288740634918
2026-02-13T16:44:09,idle_without_VPN,7.4,27.7,2001.9026565539646,0.0,0.0,140565.44338941318,3.0,1306.62109375,53.756,52.0,1815.0,100.0,39.0703125,2,946.420337677002,20.8,103.125,28,1076.5629618167877,11.8,343.40234375,95,1077.5090837478638,7.9,30.9140625,13,1107.9044728279114,5.2,114.046875,147,1110.3289878368378
2026-02-13T16:44:10,idle_without_VPN,6.2,27.7,2108.8669097064667,91.58127124662903,0.0,73318.30064602853,3.0,1306.62109375,53.839,51.0,1815.0,100.1,39.0703125,2,947.6683604717255,21.9,103.2734375,28,1077.7761843204498,13.5,343.40234375,95,1078.7781941890717,6.5,114.1015625,147,1111.5361578464508,5.1,59.51171875,33,1111.4911856651306
2026-02-13T16:44:11,idle_without_VPN,7.2,27.7,25122.720503507448,3021.1707905565877,0.0,94099.73324353316,4.0,1306.62109375,53.683,51.0,1815.0,97.4,38.4765625,2,948.9362103939056,25.8,103.3203125,28,1079.0466048717499,6.1,114.08984375,147,1112.808182001114,2.5,59.578125,33,1112.7660381793976,2.5,30.953125,14,1110.4193058013916
2026-02-13T16:44:12,idle_without_VPN,7.0,27.7,1330.9719757062596,2570.4545448337867,0.0,10997.82223082088,3.0,1306.62109375,53.603,51.0,1815.0,99.2,39.0703125,2,950.1959505081177,20.9,103.26171875,28,1080.3160648345947,7.4,114.08984375,147,1114.0687074661255,3.7,59.4921875,33,1114.0301640033722,3.7,30.9140625,13,1111.6768383979797
2026-02-13T16:44:14,idle_without_VPN,6.7,27.7,377.27422394158845,0.0,0.0,8150.396736628409,4.0,1306.62109375,53.588,51.0,1815.0,95.0,39.0703125,2,951.4291512966156,20.2,103.21875,28,1081.5555086135864,8.8,343.40234375,95,1082.5316452980042,6.2,114.1171875,147,1115.320371389389,5.1,30.94921875,14,1112.9155344963074
2026-02-13T16:44:15,idle_without_VPN,7.5,27.7,63.62844669948876,44.86621241630618,0.0,8353.27300259955,3.0,1306.62109375,53.549,51.0,1815.0,98.8,39.07421875,2,952.6623663902283,30.4,103.203125,28,1082.7882287502289,11.5,343.40234375,95,1083.755049943924,7.7,114.0390625,147,1116.5448606014252,7.6,30.94921875,14,1114.1442940235138
2026-02-13T16:44:16,idle_without_VPN,7.6,27.7,63.527120257078884,70.042722334728,0.0,19181.932516598998,3.0,1306.62109375,53.47,51.0,1815.0,98.0,38.48046875,2,953.8736624717712,33.5,343.41015625,95,1084.9674577713013,25.5,103.25390625,28,1084.0121552944183,6.4,114.08984375,147,1117.7745208740234,1.3,4.65234375,407,1770990255.3146138
2026-02-13T16:44:17,idle_without_VPN,7.4,27.7,385.67388147882104,398.8593133242508,0.0,0.0,7.0,1306.62109375,53.51,50.0,1815.0,99.7,39.07421875,2,955.0965895652771,48.5,343.40625,95,1086.1928989887238,6.4,103.2734375,28,1085.2252213954926,5.2,114.09375,147,1118.9869203567505,5.1,56.2578125,89,1116.494236946106
2026-02-13T16:44:18,idle_without_VPN,9.5,27.7,0.0,0.0,0.0,8308.692014270553,3.0,1306.62109375,53.399,50.0,1815.0,100.0,39.07421875,2,956.3158156871796,12.9,343.40625,95,1087.4060170650482,5.1,114.1328125,147,1120.2184219360352,5.1,56.2578125,89,1117.7139058113098,2.6,30.9140625,13,1117.8028001785278
2026-02-13T16:44:20,idle_without_VPN,7.8,27.7,0.0,0.0,0.0,8536.748938761726,6.0,1306.62109375,53.47,50.0,1815.0,100.1,39.07421875,2,957.51686668396,7.8,30.94921875,14,1119.0015783309937,3.9,114.109375,147,1121.4181818962097,2.6,59.6328125,33,1121.3654570579529,2.6,56.2578125,89,1118.912733078003
2026-02-13T16:44:21,idle_without_VPN,7.4,27.7,71.57695735248507,71.57695735248507,0.0,111220.60424334052,3.0,1306.62109375,53.437,50.0,1815.0,99.2,38.48046875,2,958.7148931026459,6.5,114.109375,147,1122.6187312602997,3.9,59.6328125,33,1122.5686764717102,2.6,4.65234375,407,1770990260.1596923,2.6,12.0703125,4,1109.0183064937592
2026-02-13T16:44:22,idle_without_VPN,6.9,27.7,293.5277563003608,455.30157653408236,0.0,2134.7473185480785,3.0,1306.62109375,53.486,50.0,1815.0,100.1,39.07421875,2,959.9169015884399,3.9,114.0703125,147,1123.8200228214264,3.9,59.63671875,33,1123.7660892009735,2.6,30.9140625,13,1121.4027035236359,1.3,8.1640625,15,1124.9416961669922
2026-02-13T16:44:23,idle_without_VPN,7.6,27.7,0.0,0.0,0.0,8848.155800145425,3.0,1306.62109375,53.481,50.0,1815.0,98.9,39.078125,3,961.1328854560852,6.4,114.1015625,147,1125.0352561473846,6.4,30.9140625,13,1122.6170482635498,2.6,4.65234375,407,1770990262.5758579,1.3,19.0859375,9,1125.1978919506073
2026-02-13T16:44:25,idle_without_VPN,7.2,27.7,0.0,44.87501562752926,0.0,42548.16296536107,3.0,1306.62109375,53.428,49.0,1815.0,99.6,39.06640625,3,962.3564825057983,3.9,114.1171875,147,1126.2377672195435,3.9,59.4765625,33,1126.1915702819824,3.9,30.9140625,13,1123.8300054073334,3.9,56.2578125,89,1123.7414598464966
2026-02-13T16:44:26,idle_without_VPN,5.6,27.7,223.7749477705921,466.86859606814176,0.0,77893.00052469301,3.0,1306.62109375,53.411,49.0,1815.0,99.6,39.078125,3,963.5953199863434,7.6,114.11328125,147,1127.4793376922607,5.0,30.953125,14,1125.0793943405151,2.5,59.51953125,33,1127.4317119121552,2.5,25.5625,9,1110.6846780776978
2026-02-13T16:44:27,idle_without_VPN,5.3,27.7,286.17064775499495,981.2726472735195,0.0,34548.60183805757,3.0,1306.62109375,53.509,49.0,1815.0,99.7,39.078125,3,964.8338112831116,6.3,114.10546875,147,1128.7129685878754,3.8,59.6171875,33,1128.6691896915436,3.8,261.5625,277,1123.2597591876984,2.5,103.28515625,28,1094.9535341262817
2026-02-13T16:44:28,idle_without_VPN,6.2,27.7,0.0,193.20628419556735,0.0,14366.21001155422,3.0,1306.62109375,53.356,49.0,1815.0,98.7,39.0859375,3,966.0842883586884,6.3,114.0390625,147,1129.9596621990204,6.3,56.2578125,89,1127.4769644737244,3.8,59.6171875,33,1129.9173884391785,3.8,30.9140625,13,1127.5650341510773
2026-02-13T16:44:29,idle_without_VPN,5.3,27.7,0.0,0.0,0.0,0.0,3.0,1306.62109375,53.4,49.0,1815.0,98.5,39.0859375,3,967.3368499279022,5.0,30.9140625,13,1128.8209793567657,5.0,56.2578125,89,1128.7330598831177,2.5,114.10546875,147,1131.2104392051697,2.5,59.4453125,33,1131.1628470420837
2026-02-13T16:44:31,idle_without_VPN,5.6,27.7,157.87157131100903,278.26857771485936,0.0,15512.875209227232,3.0,1306.62109375,53.108,48.0,1815.0,100.7,39.0859375,3,968.5618436336517,5.1,30.9140625,13,1130.046108007431,5.0,59.60546875,33,1132.4158654212952,3.8,56.2578125,89,1129.957002878189,3.7,114.08984375,147,1132.464032649994
2026-02-13T16:44:32,idle_without_VPN,5.3,27.7,333.84579233297814,401.9436902715458,0.0,19984.241658459665,3.0,1306.62109375,53.354,48.0,1815.0,98.9,39.0859375,3,969.7781927585602,6.4,56.2578125,89,1131.175901889801,5.2,114.12890625,147,1133.672728061676,5.2,59.625,33,1133.6246948242188,3.9,4.65234375,407,1770990271.2104263
2026-02-13T16:44:33,idle_without_VPN,5.8,27.7,0.0,0.0,0.0,26124.5720941257,4.0,1306.62109375,53.201,48.0,1815.0,98.7,39.0859375,3,970.9815545082092,6.4,4.65234375,407,1770990272.4233735,3.9,30.9140625,13,1132.4666295051575,3.9,56.2578125,89,1132.3777215480804,2.6,114.1328125,147,1134.8814589977264
2026-02-13T16:44:34,idle_without_VPN,6.0,27.7,0.0,0.0,0.0,9863.668732376365,4.0,1306.62109375,53.202,48.0,1815.0,99.7,39.0859375,3,972.1719844341278,7.9,4.65234375,407,1770990273.6184053,5.3,30.94921875,14,1133.6560218334198,3.9,114.03515625,147,1136.078813791275,2.6,59.66796875,33,1136.0279304981232
2026-02-13T16:44:35,idle_without_VPN,6.0,27.7,0.0,245.12480800711134,0.0,101679.43222445491,4.0,1306.62109375,53.048,48.0,1815.0,100.4,39.0859375,3,973.370215177536,6.5,4.65234375,407,1770990274.8208454,2.6,59.67578125,33,1137.2239434719086,2.6,98.74609375,30,1127.7580244541168,2.6,313.8203125,35,1029.136570930481
2026-02-13T16:44:37,idle_without_VPN,5.0,27.7,0.0,0.0,0.0,9885.34254351195,4.0,1306.62109375,53.096,48.0,1815.0,99.2,39.08203125,3,974.5667071342468,5.2,114.0859375,147,1138.4738516807556,5.2,30.9140625,13,1136.0514695644379,2.6,4.65234375,407,1770990276.0138502,2.6,103.2421875,28,1104.7068343162537
2026-02-13T16:44:38,idle_without_VPN,5.8,27.7,294.4225264704973,404.8309738969338,0.0,9849.771794649365,3.0,1306.62109375,53.028,48.0,1815.0,99.7,39.08984375,3,975.7732439041138,7.7,30.9140625,13,1137.2630767822266,3.9,114.11328125,147,1139.6695356369019,2.6,4.65234375,407,1770990277.2089021,2.6,12.0703125,4,1126.072728395462
2026-02-13T16:44:39,idle_without_VPN,6.3,27.7,0.0,89.83079951097093,0.0,10646.613275374333,3.0,1306.62109375,53.046,48.0,1815.0,100.3,39.08984375,3,976.9723587036133,6.5,30.953125,14,1138.4595003128052,5.2,59.68359375,33,1140.8277940750122,5.2,261.76171875,277,1135.3912386894226,2.6,114.11328125,147,1140.8720963001251
2026-02-13T16:44:40,idle_without_VPN,5.6,27.7,0.0,0.0,0.0,6789.3591926370855,3.0,1306.62109375,52.944,47.0,1815.0,99.9,39.08984375,3,978.1768350601196,3.9,114.13671875,147,1142.0753772258759,3.9,30.953125,14,1139.6625249385834,2.6,59.48046875,33,1142.0294704437256,2.6,124.33203125,99,1034.2734081745148
2026-02-13T16:44:42,idle_without_VPN,5.0,27.7,275.1096357717973,330.1315629261568,0.0,56769.29017429185,3.0,1306.62109375,52.997,47.0,1815.0,100.4,39.0859375,3,979.3753733634949,5.2,114.0859375,147,1143.2773842811584,2.6,4.65234375,407,1770990280.818165,2.6,261.7734375,277,1137.798589706421,1.3,59.4921875,33,1143.2273879051208
2026-02-13T16:44:43,idle_without_VPN,5.5,27.7,293.869895451311,404.0711062455526,0.0,33340.875411203284,3.0,1306.62109375,52.954,47.0,1815.0,98.6,39.0859375,3,980.5660698413849,6.6,30.94921875,13,1142.0512659549713,6.5,114.08203125,147,1144.4725329875946,3.9,59.5234375,33,1144.420185804367,2.6,4.65234375,407,1770990282.0143957
2026-02-13T16:44:44,idle_without_VPN,5.3,27.7,0.0,0.0,0.0,10727.986194537762,3.0,1306.62109375,52.77,47.0,1815.0,98.1,38.49609375,3,981.7587404251099,6.5,114.078125,147,1145.6676890850067,3.9,59.5234375,33,1145.616239309311,3.9,30.953125,14,1143.2484891414642,3.9,49.01953125,59,1113.1901528835297
2026-02-13T16:44:45,idle_without_VPN,5.9,27.7,0.0,45.14162508116796,0.0,7276.161198268257,3.0,1306.62109375,52.826,47.0,1815.0,99.7,39.0859375,3,982.9818027019501,9.1,59.62109375,33,1146.8137936592102,5.2,114.09375,147,1146.8645691871643,5.2,30.9140625,13,1144.4577209949493,3.9,105.12109375,18,1103.7093222141266
2026-02-13T16:44:46,idle_without_VPN,7.1,27.7,0.0,0.0,0.0,97093.53321829213,3.0,1306.62109375,52.672,47.0,1815.0,99.2,39.08984375,3,984.2107756137848,7.6,114.13671875,147,1148.0976030826569,5.1,103.29296875,28,1114.3325989246368,3.8,30.94921875,14,1145.6945116519928,3.8,56.2578125,89,1145.6066002845764
2026-02-13T16:44:48,idle_without_VPN,5.3,27.7,331.1662039284822,398.7175191576751,0.0,4217.838219188629,3.0,1306.62109375,52.636,47.0,1815.0,98.6,39.08984375,3,985.3991091251373,6.6,30.9140625,13,1146.88419008255,6.5,114.1328125,147,1149.3081874847412,2.6,59.625,33,1149.2554440498352,1.3,4.65234375,407,1770990286.850756
2026-02-13T16:44:49,idle_without_VPN,5.2,27.7,91.2296439810083,46.45954091625422,0.0,10812.402249600982,3.0,1306.62109375,52.586,47.0,1815.0,101.0,38.49609375,3,986.6059715747833,10.3,99.53125,30,1140.9928894042969,5.3,114.0625,147,1150.4933438301086,5.2,63.62890625,33,1150.4469792842865,2.6,30.9140625,13,1148.0890882015228
2026-02-13T16:44:50,idle_without_VPN,5.4,27.7,0.0,44.32318693015156,0.0,0.0,3.0,1306.62109375,52.767,48.0,1815.0,100.0,39.0859375,3,987.8088941574097,6.5,30.9140625,13,1149.2926561832428,6.4,114.08203125,147,1151.711916923523,5.2,56.2578125,89,1149.2041733264923,5.2,25.5625,9,1134.8914318084717
2026-02-13T16:44:51,idle_without_VPN,6.8,27.7,0.0,0.0,0.0,81824.73134029421,3.0,1306.62109375,52.691,48.0,1815.0,98.3,39.0859375,3,989.0350999832153,5.2,114.0859375,147,1152.9083440303802,3.8,30.9140625,13,1150.5124168395996,2.6,4.65234375,407,1770990290.448925,2.6,56.2578125,89,1150.4236335754395
2026-02-13T16:44:52,idle_without_VPN,5.3,27.7,335.08827928153664,527.483463558017,0.0,820.8861195796496,3.0,1306.62109375,52.705,48.0,1815.0,99.3,39.08203125,3,990.2449567317963,6.3,114.09765625,147,1154.1554913520813,5.1,30.9140625,13,1151.7318649291992,3.9,25.5625,9,1137.3329837322235,1.3,4.65234375,407,1770990291.69666
2026-02-13T16:44:54,idle_without_VPN,5.8,27.7,100.68149921505808,0.0,0.0,7732.3391397164605,3.0,1306.62109375,52.535,48.0,1815.0,97.9,39.08203125,3,991.4746108055115,5.3,114.12109375,147,1155.3464024066925,3.9,4.65234375,407,1770990292.8876495,3.8,30.9140625,13,1152.9546518325806,3.8,56.2578125,89,1152.866737127304
2026-02-13T16:44:55,idle_without_VPN,5.2,27.7,726.0025922484284,129.4178534008068,0.0,4444.398477764292,3.0,1306.62109375,52.74,48.0,1815.0,99.5,39.08203125,3,992.746209859848,4.9,114.05078125,147,1156.6169066429138,3.7,4.65234375,407,1770990294.156533,3.7,30.9140625,13,1154.229182958603,2.5,59.61328125,33,1156.5717639923096
2026-02-13T16:44:56,idle_without_VPN,5.2,27.7,100.43550826724987,43.84089646586304,0.0,85704.96705471989,4.0,1306.62109375,52.681,48.0,1815.0,97.9,39.08984375,3,993.9758937358856,8.9,30.9140625,13,1155.4576456546783,3.7,114.08984375,147,1157.8721814155579,2.6,183.94921875,105,1130.056794643402,2.5,23.265625,6,1154.404589176178
2026-02-13T16:44:57,idle_without_VPN,6.0,27.7,353.23574625636456,487.9582169215827,0.0,60145.36836722323,4.0,1306.62109375,52.673,48.0,1815.0,99.1,39.08984375,3,995.1889152526855,5.1,4.65234375,407,1770990296.6290982,3.9,30.9140625,13,1156.6719353199005,3.9,82.484375,56,1155.2414665222168,3.8,114.1015625,147,1159.0882885456085
2026-02-13T16:44:59,idle_without_VPN,5.4,27.7,395.1343868262309,0.0,0.0,12377.54298648919,4.0,1306.62109375,52.748,48.0,1815.0,98.4,38.49609375,3,996.3801033496857,3.9,4.65234375,407,1770990297.8270867,3.9,114.1015625,147,1160.2856829166412,3.9,30.953125,13,1157.868273973465,1.3,59.625,33,1160.2305278778076
2026-02-13T16:45:00,idle_without_VPN,5.4,27.7,0.0,0.0,0.0,8169.110189777468,3.0,1306.62109375,52.782,49.0,1815.0,99.5,38.59765625,3,997.5733363628387,5.3,30.953125,14,1159.0586490631104,2.6,114.109375,147,1161.4747383594513,2.6,56.2578125,89,1158.9730126857758,1.3,4.65234375,407,1770990299.0172143
2026-02-13T16:45:01,idle_without_VPN,5.4,27.7,0.0,0.0,0.0,98378.86216175053,3.0,1306.62109375,52.671,49.0,1815.0,98.1,39.19140625,3,998.7992224693298,3.8,30.953125,14,1160.2804684638977,2.6,114.04296875,147,1162.6816766262054,1.3,12.02734375,11,1162.6015141010284,1.3,56.2578125,89,1160.1924588680267
2026-02-13T16:45:02,idle_without_VPN,5.0,27.7,324.5522987811028,434.3510864284411,26455.04907079397,105820.19628317589,3.0,1306.62109375,52.717,49.0,1815.0,100.5,39.19140625,3,1000.0114986896515,3.8,114.08984375,147,1163.9173500537872,3.8,30.953125,14,1161.4987471103668,2.6,56.2578125,89,1161.4098680019379,2.5,4.65234375,407,1770990301.458837
2026-02-13T16:45:03,idle_without_VPN,5.3,27.7,0.0,0.0,0.0,15494.060330093538,3.0,1306.62109375,52.733,49.0,1815.0,100.0,39.19140625,3,1001.2144334316254,5.3,114.08984375,147,1165.1066987514496,5.2,59.6328125,33,1165.0593087673187,3.9,103.265625,28,1131.3448083400726,3.9,30.9140625,13,1162.694143295288
2026-02-13T16:45:05,idle_without_VPN,5.2,27.7,0.0,0.0,0.0,8003.283781411448,3.0,1306.62109375,52.837,49.0,1815.0,99.2,39.19140625,3,1002.4120185375214,5.2,30.9140625,13,1163.8997793197632,2.6,114.1328125,147,1166.32119679451,2.6,183.94921875,105,1138.4902172088623,1.3,4.65234375,407,1770990303.8633912
2026-02-13T16:45:06,idle_without_VPN,7.7,27.7,0.0,0.0,0.0,14999.25218791689,3.0,1306.62109375,52.756,49.0,1815.0,100.7,39.19140625,3,1003.6067984104156,6.6,30.94921875,14,1165.0913228988647,3.9,56.2578125,89,1165.0039825439453,2.6,114.1015625,147,1167.5147819519043,2.6,59.65234375,33,1167.461666584015
2026-02-13T16:45:07,idle_without_VPN,5.7,27.7,334.569607210992,343.018334665815,0.0,8651.496913738782,3.0,1306.62109375,52.788,49.0,1815.0,99.6,39.19140625,3,1004.7987768650055,5.2,30.953125,14,1166.2851622104645,4.0,59.8203125,33,1168.647587299347,1.3,114.1015625,147,1168.7015850543976,1.3,66.4609375,15,1166.2003018856049
2026-02-13T16:45:08,idle_without_VPN,5.3,27.7,293.90148533821974,155.30021668440023,0.0,8549.861391657303,3.0,1306.62109375,52.828,49.0,1815.0,98.5,38.6015625,3,1005.9884421825409,5.3,30.9140625,13,1167.4720520973206,3.9,114.046875,147,1169.8993878364563,3.9,103.328125,28,1136.1303915977478,3.9,59.8203125,33,1169.842973947525
2026-02-13T16:45:09,idle_without_VPN,5.9,27.7,0.0,0.0,13789.397601405117,5601.942775570828,3.0,1306.62109375,52.995,50.0,1815.0,98.5,39.19140625,3,1007.17809009552,6.6,30.953125,14,1168.663628578186,4.0,114.0859375,147,1171.0847911834717,4.0,103.31640625,28,1137.3162643909454,1.3,8.1640625,15,1172.206220149994
2026-02-13T16:45:11,idle_without_VPN,5.7,27.7,0.0,0.0,0.0,101068.55386731104,3.0,1306.62109375,52.996,50.0,1815.0,98.5,39.1953125,3,1008.3838584423065,7.8,30.94921875,14,1169.8638799190521,5.2,114.08984375,147,1172.2819108963013,3.9,59.53125,33,1172.234368801117,2.6,4.65234375,407,1770990309.8223279
2026-02-13T16:45:12,idle_without_VPN,5.8,27.7,1286.1353212043841,785.1843633017044,0.0,0.0,3.0,1306.62109375,53.079,50.0,1815.0,99.7,39.1953125,3,1009.5910868644714,5.2,103.35546875,28,1139.71985912323,3.9,114.1171875,147,1173.481529712677,3.9,30.9140625,13,1171.0736064910889,2.6,59.53515625,33,1173.4333808422089
2026-02-13T16:45:13,idle_without_VPN,5.8,27.7,2172.8260457314095,595.3510518349478,26908.22519521044,86190.40882840844,3.0,1306.62109375,52.913,50.0,1815.0,99.8,39.19921875,3,1010.7965545654297,6.4,114.13671875,147,1174.701185464859,5.2,30.9140625,13,1172.2863187789917,3.9,59.6328125,33,1174.6478099822998,2.6,103.37890625,28,1140.93434882164
2026-02-13T16:45:14,idle_without_VPN,5.9,27.7,2345.5622808102985,201.7417950304361,0.0,93434.07549426206,3.0,1306.62109375,53.078,50.0,1815.0,100.2,39.19921875,3,1011.9821124076843,5.3,30.94921875,14,1173.4717161655426,5.2,114.125,147,1175.8931028842926,3.9,103.37890625,28,1142.128113269806,2.6,59.6328125,33,1175.8412020206451
2026-02-13T16:45:15,idle_without_VPN,5.5,27.7,2127.8790962250896,46.31315801043923,0.0,9053.801362331684,3.0,1306.62109375,53.027,50.0,1815.0,99.3,39.19921875,3,1013.1783902645111,6.6,103.25390625,28,1143.3169767856598,5.3,30.9140625,13,1174.6641297340393,5.2,56.2578125,89,1174.577696800232,3.9,114.046875,147,1177.0812728404999
2026-02-13T16:45:17,idle_without_VPN,5.8,27.7,597.8163892198345,201.22032095248616,0.0,91055.1175178188,3.0,1306.62109375,52.869,50.0,1815.0,100.3,38.609375,3,1014.377429485321,6.5,103.71484375,28,1144.5110363960266,5.2,114.06640625,147,1178.2794935703278,5.2,59.6328125,33,1178.2234055995941,2.6,4.65234375,407,1770990315.8209982
2026-02-13T16:45:18,idle_without_VPN,6.4,27.7,5961.6742026915435,5618.16542695816,0.0,7274.696798013066,4.0,1306.62109375,53.055,50.0,1815.0,99.0,39.19921875,3,1015.5770509243011,6.5,103.71875,28,1145.711706161499,5.2,114.10546875,147,1179.4770634174347,3.9,30.94921875,14,1177.057567358017,3.9,262.11328125,277,1173.997056722641
2026-02-13T16:45:19,idle_without_VPN,5.4,27.7,54.803341604592624,99.6424392810775,0.0,9353.103633850475,4.0,1306.62109375,52.991,50.0,1815.0,99.3,38.609375,3,1016.7724254131317,6.5,114.12890625,147,1180.6799130439758,5.2,30.953125,14,1178.258056640625,3.9,56.2578125,89,1178.1696135997772,2.6,4.65234375,407,1770990318.2213984
2026-02-13T16:45:20,idle_without_VPN,5.6,27.7,0.0,45.51295846547269,0.0,9493.666002871934,4.0,1306.62109375,53.105,50.0,1815.0,98.5,39.19921875,3,1017.9618270397186,7.9,114.1328125,147,1181.8692004680634,3.9,103.3125,28,1148.1052145957947,2.6,4.65234375,407,1770990319.4090867,2.6,30.9140625,13,1179.4477968215942
2026-02-13T16:45:21,idle_without_VPN,5.2,27.7,0.0,247.18279029431923,0.0,10296.210600463033,3.0,1306.62109375,53.051,51.0,1815.0,100.9,39.19921875,3,1019.1543035507202,6.5,103.3125,28,1149.3020091056824,5.2,114.12890625,147,1183.0647127628326,5.2,30.94921875,14,1180.6401777267456,2.6,56.2578125,89,1180.5512945652008
2026-02-13T16:45:22,idle_without_VPN,5.4,27.7,294.7343913915866,405.2597881634316,0.0,2572.22741578112,3.0,1306.62109375,53.148,51.0,1815.0,98.4,39.1953125,3,1020.3459749221802,6.6,114.05078125,147,1184.253327846527,4.0,103.31640625,28,1150.4883449077606,3.9,30.953125,14,1181.8365695476532,2.6,59.62890625,33,1184.1989424228668
2026-02-13T16:45:24,idle_without_VPN,5.6,27.7,35.250194649621676,80.57187348484955,0.0,9453.766488889014,3.0,1306.62109375,53.049,51.0,1815.0,99.7,39.1953125,3,1021.5373666286469,5.3,103.30078125,28,1151.678535938263,5.3,30.9140625,13,1183.0232598781586,5.2,114.08203125,147,1185.4474728107452,3.9,59.51953125,33,1185.3908183574677
2026-02-13T16:45:25,idle_without_VPN,6.0,27.7,0.0,0.0,0.0,6484.783611415319,3.0,1306.62109375,53.075,51.0,1815.0,97.3,39.1953125,3,1022.7421875,7.9,103.2890625,28,1152.8657848834991,5.3,114.078125,147,1186.6324112415314,2.6,4.65234375,407,1770990324.1724164,2.6,59.484375,33,1186.5797560214996
2026-02-13T16:45:26,idle_without_VPN,5.4,27.7,169.7022074484841,204.4507546879356,0.0,92266.28208399106,3.0,1306.62109375,53.031,51.0,1815.0,100.9,39.1953125,3,1023.9656722545624,6.3,103.33984375,28,1154.1017382144928,3.9,183.94921875,105,1160.0367136001587,3.8,114.1328125,147,1187.8675322532654,3.8,59.48828125,33,1187.8168232440948
2026-02-13T16:45:27,idle_without_VPN,6.1,27.7,404.6109391717252,514.9593771276502,27393.163749543575,85603.63671732368,3.0,1306.62109375,53.172,51.0,1815.0,99.3,39.1953125,3,1025.1610081195831,7.8,103.29296875,28,1155.3012924194336,3.9,114.12109375,147,1189.0692646503448,3.9,30.94921875,14,1186.6486647129059,2.6,59.609375,33,1189.0137436389923
2026-02-13T16:45:29,idle_without_VPN,5.7,27.7,100.27658936078905,35.09680627627617,0.0,18397.411594726098,3.0,1306.62109375,53.171,51.0,1815.0,98.5,39.1953125,3,1026.3671696186066,9.1,103.3515625,28,1156.498896598816,5.2,4.65234375,407,1770990327.8026252,5.2,114.13671875,147,1190.2619285583496,5.2,30.9140625,13,1187.8484456539154
2026-02-13T16:45:30,idle_without_VPN,5.8,27.7,0.0,0.0,0.0,66050.73749589577,7.0,1306.62109375,53.208,51.0,1815.0,99.8,39.1953125,3,1027.5723893642426,6.4,103.3671875,28,1157.7120642662048,5.1,114.07421875,147,1191.4772040843964,3.9,30.9140625,13,1189.0518071651459,2.6,4.65234375,407,1770990329.0185897
2026-02-13T16:45:31,idle_without_VPN,5.8,27.7,0.0,45.3111521981546,0.0,17184.674018855672,3.0,1306.62109375,53.148,51.0,1815.0,100.0,39.1953125,3,1028.7600293159485,9.2,103.328125,28,1158.902961730957,3.9,59.625,33,1192.6150534152985,2.6,114.09375,147,1192.6707124710083,2.6,30.953125,13,1190.2497808933258
2026-02-13T16:45:32,idle_without_VPN,5.3,27.7,340.1927406887908,297.880210752374,0.0,79723.57640499901,7.0,1306.62109375,53.274,52.0,1815.0,100.1,39.19921875,3,1029.9781646728516,10.5,103.31640625,28,1160.0926492214203,4.0,114.08203125,147,1193.8519089221954,2.6,59.625,33,1193.808786392212,2.6,30.953125,14,1191.4611582756042
2026-02-13T16:45:33,idle_without_VPN,5.7,27.7,582.1640813976614,148.3322179999521,0.0,28173.55159947477,3.0,1306.62109375,53.354,52.0,1815.0,97.5,39.19921875,3,1031.2284526824951,11.2,103.37890625,28,1161.3442568778992,7.5,114.109375,147,1195.1046800613403,6.3,30.9140625,13,1192.706957101822,3.8,23.1953125,10,1178.3118426799774
2026-02-13T16:45:35,idle_without_VPN,6.2,27.7,439.774462957386,49.75550493313491,0.0,9861.220074489705,3.0,1306.62109375,53.299,52.0,1815.0,98.0,39.1875,3,1032.4399387836456,12.5,103.3125,28,1162.5889477729797,5.1,30.9140625,13,1193.9260382652283,5.0,114.14453125,147,1196.3525478839874,2.6,56.2578125,89,1193.837515592575
2026-02-13T16:45:36,idle_without_VPN,5.7,27.7,0.0,0.0,0.0,6877.539112898787,3.0,1306.62109375,53.252,52.0,1815.0,99.9,39.19921875,3,1033.627893447876,13.2,103.359375,28,1163.7728996276855,3.9,114.06640625,147,1197.5421607494354,3.9,30.9140625,13,1195.1142485141754,3.9,56.2578125,89,1195.02561044693
2026-02-13T16:45:37,idle_without_VPN,5.9,27.7,0.0,0.0,0.0,20792.382826426052,3.0,1306.62109375,53.174,52.0,1815.0,97.3,39.19921875,3,1034.83225607872,13.1,103.39453125,28,1164.9649422168732,5.3,114.08984375,147,1198.7250707149506,3.9,59.5,33,1198.677498102188,3.9,30.94921875,14,1196.3155105113983
2026-02-13T16:45:38,idle_without_VPN,5.5,27.7,288.93627254509016,397.287374749499,0.0,10506.773547094188,3.0,1306.62109375,53.265,52.0,1815.0,98.0,39.19921875,3,1036.059781074524,10.3,103.34765625,28,1166.1824145317078,7.7,114.0859375,147,1199.9422380924225,5.1,30.9453125,14,1197.5385031700134,5.1,56.2578125,89,1197.4528286457062
2026-02-13T16:45:39,idle_without_VPN,5.7,27.7,564.2581823052689,261.4260930968296,0.0,7482.307062050874,4.0,1306.62109375,53.405,52.0,1815.0,99.6,39.203125,3,1037.266979932785,12.8,103.40625,28,1167.4061777591705,6.3,114.1015625,147,1201.1738820075989,3.9,30.953125,14,1198.754063129425,2.6,56.2578125,89,1198.6660137176514
2026-02-13T16:45:41,idle_without_VPN,7.0,27.7,1306.4550936150129,353.72730504008007,0.0,10678.56015215336,3.0,1306.62109375,53.427,52.0,1815.0,99.8,39.20703125,3,1038.534967660904,16.8,103.40625,28,1168.6123957633972,5.2,60.76953125,33,1202.3285200595856,5.0,56.2578125,89,1199.9128367900848,3.8,30.9140625,13,1199.9970469474792
2026-02-13T16:45:42,idle_without_VPN,8.2,27.8,4542.043650340327,1720.2298518815226,12421.43935355966,78022.16593954661,4.0,1318.99609375,55.098,52.0,1815.0,99.2,39.20703125,3,1039.9368312358856,19.6,224.265625,77,1201.4182102680206,10.6,103.66796875,28,1169.9328763484955,5.6,228.99609375,23,1094.7310628890991,5.4,30.94921875,14,1201.4221415519714
2026-02-13T16:45:43,idle_without_VPN,10.3,27.8,2699.2629413025893,1608.5553343142874,24035.176103424794,96140.70441369918,3.0,1327.00390625,53.849,52.0,1815.0,100.0,39.20703125,3,1041.2026450634003,13.7,103.62109375,28,1171.2997813224792,7.0,321.65625,35,1097.0489687919617,5.0,30.9140625,13,1202.6745789051056,5.0,56.2578125,89,1202.58651137352
2026-02-13T16:45:45,idle_without_VPN,7.6,27.8,293.66107265729386,0.0,24299.712194025768,10631.124084886274,3.0,1326.25390625,53.931,52.0,1815.0,94.5,39.20703125,3,1042.5240802764893,13.9,103.6171875,28,1172.6475043296814,9.3,225.73046875,79,1204.007145166397,4.7,30.94921875,14,1204.0090811252594,3.7,321.8046875,35,1098.2983899116516
2026-02-13T16:45:46,idle_without_VPN,6.1,27.8,6717.597653391169,5660.220616291214,0.0,141174.47505797292,3.0,1320.80859375,53.887,52.0,1815.0,98.2,39.20703125,3,1043.74928855896,12.7,103.4296875,28,1173.8743739128113,6.4,25.6953125,9,1190.8415069580078,5.1,114.12890625,147,1207.6353616714478,5.1,30.9140625,13,1205.233612537384
2026-02-13T16:45:47,idle_without_VPN,6.6,27.7,376.8305597981609,53.716667271444095,0.0,120012.80135118274,3.0,1320.68359375,53.793,52.0,1815.0,99.7,39.19921875,3,1044.9579055309296,14.1,103.60546875,28,1175.0954415798187,6.5,30.953125,13,1206.443510055542,6.5,343.5234375,95,1176.0463705062866,3.8,114.0859375,147,1208.8629865646362
2026-02-13T16:45:48,idle_without_VPN,7.0,27.7,294.4312163556256,404.8429224889852,0.0,5567.426636542739,3.0,1312.74609375,53.781,51.0,1815.0,99.4,38.61328125,3,1046.1658370494843,16.8,343.5234375,95,1177.2549200057983,13.0,103.62890625,28,1176.3018734455109,5.2,114.07421875,147,1210.0644109249115,3.9,30.953125,14,1207.6531064510345
2026-02-13T16:45:49,idle_without_VPN,7.2,27.8,0.0,0.0,0.0,10940.848591493408,3.0,1309.55859375,53.828,51.0,1815.0,100.0,39.20703125,3,1047.36963224411,20.7,343.5234375,95,1178.4598848819733,16.8,103.51953125,28,1177.5086410045624,5.1,114.11328125,147,1211.2768127918243,3.9,30.953125,14,1208.8546068668365
2026-02-13T16:45:51,idle_without_VPN,6.7,27.8,0.0,90.23648967106205,0.0,23956.11696156195,3.0,1309.55859375,53.675,51.0,1815.0,99.8,39.20703125,3,1048.5747418403625,20.8,343.5234375,95,1179.6644196510315,16.9,103.58984375,28,1178.7080414295197,7.8,114.140625,147,1212.4732370376587,3.9,30.9140625,13,1210.054706811905
2026-02-13T16:45:52,idle_without_VPN,6.8,27.8,0.0,0.0,13437.362239786002,3710811.5660309033,3.0,1309.55859375,53.648,51.0,1815.0,100.0,39.2109375,3,1049.856231212616,13.3,46.69140625,21,1208.3991718292236,13.3,343.53125,95,1180.9592077732086,12.5,103.6875,28,1179.962587594986,7.7,114.140625,147,1213.69402217865
2026-02-13T16:45:53,idle_without_VPN,9.6,27.8,580.3427688178955,417.41231233158794,1436419.7318814187,16768293.617859082,3.0,1309.55859375,53.642,51.0,1815.0,99.2,39.203125,3,1051.1005365848541,22.5,103.59765625,28,1181.2141225337982,18.8,343.53125,95,1182.2072653770447,6.3,30.94921875,14,1212.57776927948,4.9,114.0546875,147,1214.9799263477325
2026-02-13T16:45:54,idle_without_VPN,7.1,27.8,0.0,0.0,0.0,72290.74467302133,3.0,1309.55859375,53.716,50.0,1815.0,98.5,39.203125,3,1052.3535978794098,17.6,343.53125,95,1183.4476056098938,13.7,103.6328125,28,1182.470763683319,5.0,114.078125,147,1216.2337799072266,3.8,30.9140625,13,1213.8246273994446
2026-02-13T16:45:56,idle_without_VPN,8.2,27.8,0.0,0.0,0.0,215733.064554694,3.0,1309.55859375,53.7,50.0,1815.0,100.0,38.60546875,3,1053.5878648757935,20.2,103.60546875,28,1183.7110040187836,13.8,343.53125,95,1184.6898560523987,6.3,30.94921875,14,1215.0654909610748,5.0,114.109375,147,1217.4724216461182
2026-02-13T16:45:57,idle_without_VPN,7.1,27.8,170.21321012742746,949.8218282110693,26309.181459695956,242948.84754187986,3.0,1309.55859375,53.662,50.0,1815.0,99.2,39.203125,3,1054.8166534900665,19.0,103.57421875,28,1184.9461674690247,10.2,343.50390625,95,1185.9181530475616,6.3,114.12890625,147,1218.7120485305786,2.5,30.953125,14,1216.2979295253754
2026-02-13T16:45:58,idle_without_VPN,6.9,27.8,287.97216857780785,593.1244949400872,0.0,52777.44471389642,3.0,1309.55859375,53.51,50.0,1815.0,100.3,39.203125,3,1056.0473268032074,22.9,103.6015625,28,1186.1730859279633,7.7,113.9921875,147,1219.9334375858307,7.6,30.9140625,13,1217.5260424613953,7.6,343.25,95,1187.1508355140686
2026-02-13T16:45:59,idle_without_VPN,7.3,27.8,0.0,0.0,0.0,0.0,3.0,1309.55859375,53.63,50.0,1815.0,99.7,39.203125,3,1057.284865617752,20.3,103.55859375,28,1187.4066247940063,6.3,114.08203125,147,1221.1722810268402,3.8,59.640625,33,1221.1192660331726,2.5,30.94921875,14,1218.7657778263092
2026-02-13T16:46:01,idle_without_VPN,6.4,27.8,0.0,192.4146480932276,0.0,45374.727304706685,3.0,1309.55859375,53.726,50.0,1815.0,98.4,39.20703125,3,1058.5708558559418,23.5,103.59375,28,1188.6726989746094,10.9,343.25,95,1189.6831624507904,3.7,59.66015625,33,1222.3869497776031,3.7,30.9140625,14,1220.039002418518
2026-02-13T16:46:02,idle_without_VPN,7.8,27.8,32.76778057289795,32.76778057289795,25565.110328874285,43141.12367997536,4.0,1309.55859375,53.695,49.0,1815.0,96.8,39.2109375,3,1059.8298394680023,28.2,103.51171875,28,1189.9461092948914,12.6,343.25,95,1190.9282076358795,6.1,4.65234375,407,1770990361.2469053,4.9,30.9140625,13,1221.3074328899384
2026-02-13T16:46:03,idle_without_VPN,7.1,27.8,324.6485962561568,434.4799621537621,13231.449256370332,52512.314236219754,4.0,1309.55859375,53.64,49.0,1815.0,98.2,39.2109375,3,1061.0548663139343,26.5,103.5,28,1191.1829950809479,20.4,343.25,95,1192.1510360240936,5.0,114.12109375,147,1224.944342136383,2.6,30.9140625,13,1222.5311133861542
2026-02-13T16:46:04,idle_without_VPN,7.5,27.8,0.0,44.01739221353873,0.0,8764.351871851266,4.0,1309.55859375,53.598,49.0,1815.0,101.0,39.2109375,3,1062.2772552967072,26.9,343.25,95,1193.370775938034,19.2,103.58203125,28,1192.4036660194397,5.1,114.0625,147,1226.1704308986664,5.1,59.53515625,33,1226.1161615848541
2026-02-13T16:46:06,idle_without_VPN,8.2,27.8,0.0,199.04173167149392,0.0,46091.78822042627,4.0,1309.55859375,53.559,49.0,1815.0,97.8,39.2109375,3,1063.4913201332092,21.9,343.25,95,1194.5823664665222,5.2,4.65234375,407,1770990364.9222548,3.9,114.09765625,147,1227.380618095398,3.9,30.9140625,13,1224.9654622077942
2026-02-13T16:46:07,idle_without_VPN,7.4,27.8,0.0,0.0,0.0,103264.9740401591,3.0,1309.55859375,53.469,49.0,1815.0,100.2,39.2109375,3,1064.7082998752594,2.6,114.109375,147,1228.5966951847076,2.6,59.4765625,33,1228.5462725162506,2.6,30.9140625,13,1226.1862287521362,2.6,23.3125,6,1225.1349475383759
2026-02-13T16:46:08,idle_without_VPN,7.8,27.7,636.2108110089397,727.7989997403037,0.0,15491.48792256215,3.0,1309.55859375,53.417,49.0,1815.0,98.9,38.61328125,3,1065.924634218216,5.1,4.65234375,407,1770990367.3607855,5.1,114.09765625,147,1229.819032907486,5.1,59.4765625,33,1229.7642798423767,2.6,30.9140625,14,1227.4049088954926
2026-02-13T16:46:09,idle_without_VPN,7.4,27.7,0.0,0.0,0.0,9297.924183702167,3.0,1309.55859375,53.231,48.0,1815.0,100.2,39.2109375,3,1067.1584780216217,7.6,30.953125,14,1228.6331579685211,6.4,4.65234375,407,1770990368.572278,5.2,114.09765625,147,1231.0331027507782,2.5,56.2578125,89,1228.544097185135
2026-02-13T16:46:11,idle_without_VPN,8.2,27.8,5161.200032192763,2916.954235061846,0.0,56646.411368820074,3.0,1309.55859375,53.397,48.0,1815.0,96.7,39.2109375,3,1068.3838102817535,5.1,30.953125,14,1229.8619992733002,3.8,4.65234375,407,1770990369.8114464,3.8,114.05859375,147,1232.2710433006287,3.8,59.5859375,33,1232.2221093177795
2026-02-13T16:46:12,idle_without_VPN,7.3,27.8,0.0,0.0,0.0,30239.516839952295,3.0,1309.55859375,53.467,48.0,1815.0,100.4,39.2109375,3,1069.5971779823303,5.1,114.09375,147,1233.487559556961,3.9,30.94921875,14,1231.0773022174835,3.8,4.65234375,407,1770990371.0295558,2.6,183.953125,105,1205.6784672737122
2026-02-13T16:46:13,idle_without_VPN,6.6,27.7,746.989614447164,784.749529023614,13449.096530881687,93303.10718299169,3.0,1309.55859375,53.47,48.0,1815.0,99.6,39.2109375,3,1070.8212101459503,5.1,114.09375,147,1234.7060356140137,3.8,30.9140625,13,1232.2995917797089,2.6,12.0625,4,1221.1272904872894,1.3,59.5859375,33,1234.6589379310608
2026-02-13T16:46:14,idle_without_VPN,5.1,27.7,0.0,0.0,0.0,19269.74133230545,3.0,1309.55859375,53.361,48.0,1815.0,99.9,39.2109375,3,1072.0412459373474,5.1,114.12109375,147,1235.9311745166779,3.9,183.953125,105,1208.1132280826569,3.8,30.9140625,13,1233.5206265449524,3.8,262.40625,275,1230.4531943798065
2026-02-13T16:46:15,idle_without_VPN,5.5,27.8,34.57574008954795,79.03026306182389,13487.831562551277,49736.378886907834,3.0,1309.55859375,53.344,48.0,1815.0,99.5,39.19921875,2,1073.2505543231964,3.9,114.1171875,147,1237.144395828247,2.6,4.65234375,407,1770990374.6845753,2.6,221.96484375,80,1234.7282712459564,2.6,30.9140625,13,1234.731009721756
2026-02-13T16:46:17,idle_without_VPN,5.3,27.8,796.985855530834,0.0,40678.55531781054,127120.48536815794,3.0,1309.55859375,53.235,48.0,1815.0,98.4,39.19921875,2,1074.473034620285,7.8,114.015625,147,1238.3528861999512,6.4,30.9140625,13,1235.9468262195587,3.8,25.40625,12,1221.5657753944397,2.6,56.2578125,89,1235.8592519760132
2026-02-13T16:46:18,idle_without_VPN,5.3,27.8,2747.0625375567984,515.3724737512465,0.0,20360.394024740603,3.0,1309.55859375,53.291,48.0,1815.0,99.2,39.19921875,2,1075.7331767082214,5.0,114.0625,147,1239.607578754425,3.7,30.94921875,14,1237.2106127738953,2.5,59.484375,33,1239.5627088546753,2.5,56.2578125,89,1237.1222207546234
2026-02-13T16:46:19,idle_without_VPN,5.4,27.7,2658.9411609995373,0.0,0.0,16054.955277544228,3.0,1309.55859375,53.133,47.0,1815.0,100.3,39.19921875,2,1076.9790999889374,6.3,114.0859375,147,1240.8530399799347,6.3,59.59375,33,1240.810035943985,3.8,30.9140625,13,1238.4523904323578,2.5,56.2578125,89,1238.3648416996002
2026-02-13T16:46:20,idle_without_VPN,5.9,27.8,600.2200105904258,0.0,0.0,9374.258414738531,3.0,1309.55859375,53.045,47.0,1815.0,99.6,39.19921875,2,1078.234355688095,6.2,114.11328125,147,1242.1085572242737,5.0,59.51171875,33,1242.060879945755,5.0,30.94921875,14,1239.7087416648865,1.2,4.65625,407,1770990379.6495538
2026-02-13T16:46:22,idle_without_VPN,5.1,27.8,0.0,43.40502576121837,0.0,6173.1592193732795,3.0,1309.55859375,53.098,47.0,1815.0,100.0,39.19921875,2,1079.4834575653076,7.5,114.12109375,147,1243.3538661003113,6.3,30.9140625,13,1240.9546699523926,2.5,59.43359375,33,1243.313355922699,2.5,56.2578125,89,1240.8684372901917
2026-02-13T16:46:23,idle_without_VPN,5.3,27.8,1043.876955115525,668.2091381903361,0.0,9821.715179524941,3.0,1309.55859375,53.064,47.0,1815.0,98.6,39.2109375,3,1080.7505431175232,7.5,114.08203125,147,1244.6041088104248,5.0,59.5546875,33,1244.5610175132751,3.7,30.9140625,13,1242.2258112430573,3.7,56.2578125,89,1242.1371717453003
2026-02-13T16:46:24,idle_without_VPN,5.4,27.7,0.0,42.13025436737026,0.0,54725.64004342259,4.0,1309.55859375,53.031,47.0,1815.0,99.0,39.2109375,3,1082.0286648273468,6.1,30.9140625,13,1243.5046689510345,4.9,114.06640625,147,1245.8854475021362,2.5,99.36328125,30,1236.4095749855042,2.4,4.65625,407,1770990383.4272506
2026-02-13T16:46:25,idle_without_VPN,5.4,27.8,124.92843403996953,88.09056246408107,0.0,13120.688867377312,4.0,1309.55859375,52.757,47.0,1815.0,100.2,38.61328125,3,1083.2602307796478,7.6,216.69921875,79,1244.7375376224518,5.1,56.2578125,89,1244.6511769294739,5.0,114.09375,147,1247.13600730896,3.8,30.9140625,13,1244.7400739192963
2026-02-13T16:46:27,idle_without_VPN,5.9,27.8,63.30699029329114,89.27908887515417,0.0,0.0,3.0,1309.55859375,52.796,48.0,1815.0,97.6,39.2109375,3,1084.4768962860107,5.2,59.6328125,33,1248.3149409294128,3.9,56.2578125,89,1245.8701510429382,3.8,4.65625,407,1770990385.9077642,3.8,114.09765625,147,1248.3662822246552
2026-02-13T16:46:28,idle_without_VPN,5.4,27.8,409.29646510195465,387.1944559864491,0.0,490789.02848961425,3.0,1309.55859375,52.721,48.0,1815.0,101.0,39.2109375,3,1085.6989850997925,6.4,30.9140625,13,1247.1750557422638,5.1,59.6328125,33,1249.538455247879,3.8,56.2578125,89,1247.0867700576782,2.6,4.65625,407,1770990387.129382
2026-02-13T16:46:29,idle_without_VPN,5.7,27.7,0.0,0.0,0.0,18596.902430369333,3.0,1309.55859375,52.826,48.0,1815.0,99.7,39.2109375,3,1086.9057323932648,9.0,114.0703125,147,1250.7993593215942,3.9,30.9140625,13,1248.3844480514526,2.6,56.2578125,89,1248.2959988117218,1.3,103.30859375,28,1217.0381903648376
2026-02-13T16:46:30,idle_without_VPN,6.5,27.7,49.405191959340065,0.0,0.0,10539.774284659214,3.0,1309.55859375,52.814,48.0,1815.0,100.0,39.2109375,3,1088.1248133182526,6.4,114.08984375,147,1252.0137887001038,6.4,30.9140625,13,1249.6028761863708,5.1,59.609375,33,1251.9669218063354,2.6,25.40625,12,1235.2069318294525
2026-02-13T16:46:31,idle_without_VPN,5.1,27.8,389.1717237520999,45.157056553513705,0.0,111398.3533305589,8.0,1309.55859375,52.916,48.0,1815.0,99.4,39.2109375,3,1089.3351848125458,6.4,114.0859375,147,1253.2332293987274,2.6,59.6875,33,1253.1787810325623,2.6,30.9140625,13,1250.8124239444733,1.3,56.2578125,89,1250.7241749763489
2026-02-13T16:46:33,idle_without_VPN,5.3,27.8,40.481574207944774,0.0,0.0,15337.658835906117,3.0,1309.55859375,52.857,48.0,1815.0,100.4,39.2109375,3,1090.6108753681183,5.1,114.0859375,147,1254.46981215477,5.0,116.14453125,25,1144.5659346580505,4.9,30.9140625,13,1252.083493232727,3.7,56.2578125,89,1251.995359659195
2026-02-13T16:46:34,idle_without_VPN,5.8,27.7,330.2719894432162,369.4037417469148,0.0,6812.055441027854,3.0,1309.55859375,52.844,48.0,1815.0,97.1,38.61328125,3,1091.8819642066956,7.4,30.9140625,13,1253.3583221435547,6.1,114.01953125,147,1255.747942686081,2.4,59.5078125,33,1255.7058386802673,1.2,4.65625,407,1770990393.2857344
2026-02-13T16:46:35,idle_without_VPN,5.1,27.7,0.0,0.0,0.0,3633.1133489242125,3.0,1309.55859375,52.882,48.0,1815.0,99.4,39.2109375,3,1093.138917684555,3.7,114.07421875,147,1257.0144698619843,2.5,4.65625,407,1770990394.5539956,2.5,59.48046875,33,1256.9727926254272,2.5,30.94921875,14,1254.6131534576416
2026-02-13T16:46:37,idle_without_VPN,5.4,27.8,0.0,0.0,0.0,10339.313319929437,3.0,1309.55859375,52.833,48.0,1815.0,99.5,38.61328125,3,1094.363603591919,5.1,30.953125,14,1255.8341608047485,5.1,56.2578125,89,1255.7457427978516,3.8,4.65625,407,1770990395.7919154,2.5,114.08984375,147,1258.2494893074036
2026-02-13T16:46:38,idle_without_VPN,5.7,27.8,0.0,0.0,0.0,7463.3386475875595,3.0,1309.55859375,52.842,49.0,1815.0,100.6,39.21484375,3,1095.6064054965973,5.0,262.5625,276,1254.0198385715485,3.7,56.2578125,89,1256.997132062912,2.5,4.65625,407,1770990397.0277033,2.5,114.1171875,147,1259.4884140491486
2026-02-13T16:46:39,idle_without_VPN,5.2,27.7,346.03992409784075,342.7599248172925,0.0,0.0,3.0,1309.55859375,52.837,49.0,1815.0,98.1,39.2109375,3,1096.849023103714,7.6,30.953125,14,1258.320185661316,5.1,59.59375,33,1260.6635777950287,5.1,56.2578125,89,1258.2316498756409,3.8,114.125,147,1260.7076590061188
2026-02-13T16:46:40,idle_without_VPN,6.5,27.7,468.364795999284,177.3873313751441,0.0,7568.526138672815,3.0,1309.55859375,53.035,49.0,1815.0,96.6,39.21484375,3,1098.143040895462,7.2,30.953125,14,1259.6192529201508,2.4,4.65625,407,1770990399.5330133,2.4,114.05859375,147,1261.9983234405518,2.4,8.16015625,15,1263.1237263679504
2026-02-13T16:46:42,idle_without_VPN,5.5,27.8,417.1151773059646,0.0,0.0,80484.55242106732,3.0,1309.55859375,53.052,49.0,1815.0,98.1,39.21484375,3,1099.4174032211304,6.1,30.94921875,14,1260.8921377658844,2.5,124.359375,99,1155.521588563919,2.4,4.65625,407,1770990400.8168201,1.3,86.28515625,9,1151.2671971321106
2026-02-13T16:46:43,idle_without_VPN,6.0,27.8,766.8202031027821,281.7543961296235,0.0,7376.842371393779,3.0,1309.55859375,52.956,49.0,1815.0,100.1,39.21484375,3,1100.6348598003387,5.0,114.0859375,147,1264.5276596546173,5.0,59.4921875,33,1264.4774203300476,3.9,25.71875,9,1247.71572971344,2.6,30.953125,14,1262.113825559616
2026-02-13T16:46:44,idle_without_VPN,5.4,27.7,0.0,54.39112464308927,0.0,50211.24912506278,3.0,1309.55859375,53.015,49.0,1815.0,98.6,39.21484375,3,1101.8714237213135,5.2,4.65625,407,1770990403.2810109,5.1,30.9140625,13,1263.3511867523193,5.0,48.125,53,1262.2664649486542,3.8,59.59765625,33,1265.6950657367706
2026-02-13T16:46:45,idle_without_VPN,5.8,27.7,5737.045102602624,1731.7867298106676,0.0,103130.387498345,3.0,1309.55859375,53.121,49.0,1815.0,98.0,39.21484375,3,1103.1146397590637,5.0,19.1484375,10,1267.1573839187622,3.8,113.9765625,147,1266.9873805046082,2.5,4.65625,407,1770990404.5262785,2.5,59.6171875,33,1266.9444825649261
2026-02-13T16:46:47,idle_without_VPN,5.4,27.8,207.74971921054993,439.56311246093185,26283.94903124054,194254.81080901212,4.0,1309.55859375,53.146,49.0,1815.0,99.4,39.21484375,3,1104.355883359909,3.8,114.0859375,147,1268.2352607250214,3.8,30.953125,14,1265.8339953422546,1.3,4.65625,407,1770990405.7752068,1.3,8.16015625,15,1269.3579967021942
2026-02-13T16:46:48,idle_without_VPN,7.8,28.0,6157.192625475937,4083.183480829527,14432.79214487206,74328.8795460911,4.0,1309.55859375,53.201,50.0,1815.0,99.8,39.21875,3,1105.8280518054962,4.4,114.08203125,147,1269.6496653556824,4.3,30.9453125,14,1267.2851717472076,3.3,4.65625,408,1770990407.191862,2.2,19.6484375,10,1269.8298723697662
2026-02-13T16:46:49,idle_without_VPN,7.0,28.0,1597.294096254308,225.50915711657913,24549.780931548386,900286.4975991261,4.0,1309.55859375,53.18,50.0,1815.0,99.4,39.21875,3,1107.148119211197,30.8,34.23046875,10,2.544532299041748,4.7,4.65625,408,1770990408.5275526,4.7,114.09765625,147,1270.988584280014,3.6,30.9140625,13,1268.6048827171326
2026-02-13T16:46:51,idle_without_VPN,6.2,27.8,0.0,188.160830357334,76750.88077778988,269827.31523441756,3.0,1309.55859375,53.295,50.0,1815.0,101.1,39.21875,3,1108.4004616737366,8.7,30.9140625,13,1269.86558842659,6.1,114.07421875,147,1272.2683987617493,2.4,4.65625,408,1770990409.8082595,1.2,59.6171875,33,1272.2178575992584
2026-02-13T16:46:52,idle_without_VPN,5.9,27.8,0.0,85.7742898010765,13012.277445378126,138255.4478571426,3.0,1309.55859375,53.205,50.0,1815.0,99.1,39.21875,3,1109.6622860431671,6.2,114.10546875,147,1273.527682542801,3.7,59.6171875,33,1273.4831614494324,3.7,30.953125,14,1271.1225352287292,3.7,56.2578125,89,1271.0408351421356
2026-02-13T16:46:53,idle_without_VPN,5.2,27.8,333.40015817889275,386.0422884176653,0.0,53905.54136450308,3.0,1309.55859375,53.21,50.0,1815.0,100.9,38.61328125,3,1110.9165694713593,6.2,114.12109375,147,1274.7777335643768,3.7,30.9140625,13,1272.3814895153046,2.5,59.6171875,33,1274.736489057541,2.5,56.2578125,89,1272.3002660274506
2026-02-13T16:46:54,idle_without_VPN,5.0,27.8,0.0,42.9874927829839,0.0,5298.606517843349,3.0,1309.55859375,53.148,50.0,1815.0,98.4,39.21484375,3,1112.1709296703339,6.2,114.1328125,147,1276.0385949611664,5.0,25.71875,9,1259.2675416469574,3.8,30.953125,14,1273.6309669017792,3.8,56.2578125,89,1273.5493156909943
2026-02-13T16:46:56,idle_without_VPN,5.8,27.8,0.0,191.55735147836103,0.0,8139.200328375174,3.0,1309.55859375,53.234,50.0,1815.0,99.6,39.21875,3,1113.4255216121674,7.5,30.9140625,13,1274.8895750045776,6.2,114.046875,147,1277.2962737083435,3.7,56.2578125,89,1274.8080232143402,2.5,103.51953125,28,1243.5345838069916
2026-02-13T16:46:57,idle_without_VPN,5.5,27.8,0.0,0.0,13119.541609805978,113566.03205988299,3.0,1309.55859375,53.214,50.0,1815.0,100.0,39.21875,3,1114.691389799118,5.0,30.9140625,13,1276.15269947052,3.8,114.07421875,147,1278.5445909500122,2.5,103.484375,28,1244.7802231311798,2.5,59.6171875,33,1278.495215177536
2026-02-13T16:46:58,idle_without_VPN,6.0,27.8,278.1426863241089,382.44619369564975,0.0,0.0,3.0,1309.55859375,53.245,51.0,1815.0,100.5,39.21875,3,1115.9822075366974,4.9,114.09765625,147,1279.8121690750122,3.7,59.53125,33,1279.7791059017181,3.6,116.109375,25,1169.9181203842163,3.6,30.9140625,13,1277.439664363861
2026-02-13T16:46:59,idle_without_VPN,5.6,27.8,0.0,0.0,0.0,152387.15016119144,3.0,1309.55859375,53.284,51.0,1815.0,99.4,39.22265625,3,1117.2715220451355,6.0,59.61328125,33,1281.0817120075226,4.8,114.11328125,147,1281.1269228458405,3.6,103.5234375,28,1247.367511510849,3.6,30.9140625,14,1278.7330236434937
2026-02-13T16:47:01,idle_without_VPN,5.1,27.8,689.9641869489868,0.0,63938.762663869915,398018.7975825902,3.0,1309.55859375,53.237,51.0,1815.0,100.6,39.22265625,3,1118.5607006549835,4.9,114.0625,147,1282.407921075821,3.6,30.953125,14,1280.0196919441223,2.4,103.51171875,28,1248.650954246521,2.4,59.61328125,33,1282.3656883239746
2026-02-13T16:47:02,idle_without_VPN,5.4,27.8,0.0,0.0,0.0,130709.9842377964,3.0,1309.55859375,53.343,51.0,1815.0,100.3,39.22265625,3,1119.8225104808807,6.2,30.9140625,13,1281.282945394516,4.9,114.078125,147,1283.6826679706573,3.7,103.5625,28,1249.9216425418854,2.5,59.51953125,33,1283.6363234519958
2026-02-13T16:47:03,idle_without_VPN,5.3,27.8,318.63576265568383,432.77394629354075,0.0,5681.5451410844325,3.0,1309.55859375,53.202,51.0,1815.0,97.2,39.22265625,3,1121.0755593776703,6.2,30.9140625,13,1282.5384731292725,3.7,114.12109375,147,1284.9444761276245,2.5,4.65625,408,1770990422.485774,2.5,103.59765625,28,1251.1844987869263
2026-02-13T16:47:05,idle_without_VPN,6.0,27.8,316.7858008073445,43.198063746456064,0.0,9010.796111853355,3.0,1309.55859375,53.36,51.0,1815.0,97.0,38.62109375,3,1122.348610162735,7.5,114.08203125,147,1286.1979258060455,7.5,103.55859375,28,1252.4384217262268,6.2,59.609375,33,1286.1548216342926,4.9,30.9453125,14,1283.80757522583
2026-02-13T16:47:06,idle_without_VPN,6.0,27.8,1651.24149234032,0.0,38356.24850260464,98287.88678792439,3.0,1309.55859375,53.263,51.0,1815.0,97.4,39.22265625,3,1123.615522146225,6.1,114.0234375,147,1287.479614019394,3.7,59.6640625,33,1287.4292693138123,2.5,30.94921875,14,1285.0782418251038,2.4,103.52734375,28,1253.7172033786774
2026-02-13T16:47:07,idle_without_VPN,6.5,27.8,1497.9397083879992,139.23157545914094,0.0,12290.787350875891,3.0,1309.55859375,53.316,51.0,1815.0,99.1,39.22265625,3,1124.8611681461334,7.5,103.5859375,28,1254.9641852378845,6.3,59.6640625,33,1288.6790788173676,5.0,114.07421875,147,1288.7276475429535,5.0,30.9140625,13,1286.3258926868439
2026-02-13T16:47:09,idle_without_VPN,6.7,27.9,4258.595394208763,1255.721588921491,1825905.2082782874,7941.857370921772,4.0,1309.55859375,53.36,51.0,1815.0,99.8,39.2265625,3,1126.5212564468384,16.2,229.06640625,79,1287.96360373497,6.7,30.94921875,14,1287.966984987259,4.4,114.12109375,147,1290.1476488113403,3.3,103.5859375,28,1256.3870923519135
2026-02-13T16:47:10,idle_without_VPN,9.8,27.9,151825.38160419057,4344.943289090874,2124201.3909862037,17754057.64000527,4.0,1309.55859375,53.378,52.0,1815.0,99.0,38.62109375,3,1128.1149973869324,16.6,235.421875,79,1289.5593655109406,14.9,40.93359375,12,1288.0402903556824,6.9,103.5625,28,1258.2086164951324,4.3,114.0859375,147,1291.9599783420563
2026-02-13T16:47:12,idle_without_VPN,6.3,27.9,279.4978200026655,2259.0180946369283,336527.6609016709,4032041.6941676834,4.0,1309.55859375,53.475,52.0,1815.0,98.4,39.22265625,3,1129.417153596878,7.2,114.109375,147,1293.2541632652283,6.0,30.9140625,13,1290.8748862743378,3.6,4.65625,408,1770990430.7938879,2.4,103.5703125,28,1259.4955682754517
2026-02-13T16:47:13,idle_without_VPN,5.4,27.9,1229.8849073301208,1656.9070583844918,0.0,127504.68922502181,3.0,1309.55859375,53.455,52.0,1815.0,99.6,39.22265625,3,1130.7190101146698,6.0,103.5546875,28,1260.8065016269684,4.9,12.1015625,5,1281.029064655304,4.8,114.1171875,147,1294.5622823238373,2.4,4.65625,408,1770990432.102442
2026-02-13T16:47:14,idle_without_VPN,5.8,27.9,670.7445216041366,1881.5084144301652,0.0,111153.72786787438,3.0,1309.55859375,53.41,52.0,1815.0,99.5,39.22265625,3,1131.9912719726562,6.1,103.60546875,28,1262.08766579628,4.9,30.953125,14,1293.4536623954773,4.9,56.2578125,89,1293.3720262050629,3.6,114.08203125,147,1295.8492271900177
2026-02-13T16:47:15,idle_without_VPN,5.3,27.9,122.63497417925686,1165.03225470294,0.0,86536.2689593115,3.0,1309.55859375,53.387,52.0,1815.0,100.4,39.22265625,3,1133.2518560886383,7.4,103.5625,28,1263.3575699329376,6.2,30.9140625,13,1294.716846704483,4.9,114.0859375,147,1297.119372844696,3.7,102.76171875,39,1270.56706905365
2026-02-13T16:47:17,idle_without_VPN,6.4,27.9,409.3702839427594,275.29358241887115,0.0,58492.34940800729,3.0,1309.55859375,53.472,52.0,1815.0,99.5,39.22265625,3,1134.5243394374847,11.2,103.8515625,28,1264.6179988384247,4.9,30.9140625,13,1295.981500864029,3.7,114.1328125,147,1298.377727508545,2.5,59.6640625,33,1298.3331532478333
2026-02-13T16:47:18,idle_without_VPN,5.3,27.9,39.34598467400171,1114.2782859677286,64464.461289884406,46736.734435166196,3.0,1309.55859375,53.474,52.0,1815.0,98.9,39.22265625,3,1135.7881271839142,4.9,114.14453125,147,1299.6517324447632,3.7,103.9609375,28,1265.8890566825867,3.7,30.94921875,13,1297.2499635219574,3.7,56.2578125,89,1297.1700913906097
2026-02-13T16:47:19,idle_without_VPN,5.7,27.9,816.4075163345166,1003.3344819140439,0.0,58896.37315490336,3.0,1309.55859375,54.252,52.0,1815.0,100.9,39.22265625,3,1137.0430989265442,7.5,103.9140625,28,1267.1371703147888,5.0,114.078125,147,1300.9014995098114,3.7,59.60546875,33,1300.8552613258362,2.5,56.2578125,89,1298.4258134365082
2026-02-13T16:47:20,idle_without_VPN,5.6,27.9,1554.2217598941206,0.0,0.0,38956.19986859552,3.0,1309.55859375,53.641,52.0,1815.0,99.2,39.22265625,3,1138.305997133255,12.3,103.890625,28,1268.406881570816,3.7,114.0859375,147,1302.164048910141,3.7,30.9140625,13,1299.76398396492,2.5,59.60546875,33,1302.1231486797333
2026-02-13T16:47:22,idle_without_VPN,5.3,27.9,2175.161820903725,0.0,0.0,109635.08354192412,3.0,1309.55859375,53.777,52.0,1815.0,100.1,39.22265625,3,1139.5682139396667,7.4,103.76171875,28,1269.6677882671356,4.9,30.94921875,14,1301.0299718379974,3.7,114.09375,147,1303.4338524341583,3.7,56.2578125,89,1300.9495923519135
2026-02-13T16:47:23,idle_without_VPN,6.3,27.9,2291.9371513685537,0.0,0.0,9799.347152406677,3.0,1309.55859375,54.024,52.0,1815.0,99.8,38.6171875,3,1140.836513519287,13.7,103.98828125,28,1270.9256851673126,5.0,114.1328125,147,1304.6901443004608,4.9,30.94921875,14,1302.295330286026,2.5,59.66015625,33,1304.6451189517975
2026-02-13T16:47:24,idle_without_VPN,6.7,27.9,277.22166917902,423.7081193702067,12903.408601787112,49194.24529431337,3.0,1309.55859375,53.902,52.0,1815.0,100.8,39.21875,3,1142.1226394176483,13.4,103.921875,28,1272.2085857391357,6.1,30.953125,14,1303.585339307785,4.9,114.10546875,147,1305.9601156711578,4.9,59.671875,33,1305.926141500473
2026-02-13T16:47:26,idle_without_VPN,6.1,27.9,0.0,0.0,0.0,123220.22454100556,3.0,1309.55859375,53.915,52.0,1815.0,98.5,39.21875,3,1143.3915143013,13.4,103.84765625,28,1273.4928138256073,4.9,59.671875,33,1307.2106161117554,4.8,114.10546875,147,1307.2580540180206,3.7,30.953125,14,1304.8540751934052
2026-02-13T16:47:27,idle_without_VPN,5.3,27.9,0.0,42.92213361036882,0.0,10174.135374309646,3.0,1309.55859375,53.79,51.0,1815.0,98.5,39.21875,3,1144.6599645614624,9.9,103.8671875,28,1274.7502343654633,5.0,262.9296875,276,1303.0727713108063,4.9,56.2578125,89,1306.0392572879791,3.7,114.1015625,147,1308.515281200409
2026-02-13T16:47:28,idle_without_VPN,6.6,27.9,5924.098952084482,3189.168952297684,0.0,0.0,3.0,1309.55859375,53.87,51.0,1815.0,98.1,39.21875,3,1145.9498343467712,13.5,103.921875,28,1276.021392583847,4.9,114.1015625,147,1309.779821395874,4.9,30.94921875,14,1307.4058775901794,2.5,59.62109375,33,1309.7417831420898
2026-02-13T16:47:29,idle_without_VPN,6.1,27.9,1663.777096905567,2457.4003027432273,0.0,26644.923369762753,3.0,1309.55859375,53.668,51.0,1815.0,97.1,39.21875,3,1147.3009831905365,17.2,149.875,23,1202.1255631446838,10.7,103.86328125,28,1277.3351953029633,10.4,30.953125,14,1308.7558555603027,3.6,4.65625,408,1770990448.6274436
2026-02-13T16:47:31,idle_without_VPN,7.0,27.9,23650.71016385388,6845.852061039089,0.0,76385.45140270088,7.0,1309.55859375,53.823,51.0,1815.0,99.9,39.21875,3,1148.6317775249481,9.2,103.83203125,28,1278.6971714496613,5.8,114.09765625,147,1312.4465308189392,4.7,30.9140625,14,1310.0867347717285,4.6,59.484375,33,1312.4143030643463
2026-02-13T16:47:32,idle_without_VPN,5.4,27.9,18605.517589805437,5229.4912991355695,0.0,161943.9748047747,3.0,1309.55859375,53.72,51.0,1815.0,99.8,39.22265625,3,1149.9317893981934,14.2,103.80859375,28,1280.0176541805267,7.2,150.23828125,23,1204.7515749931335,5.9,114.140625,147,1313.7693061828613,4.8,343.53515625,95,1281.043174982071
2026-02-13T16:47:33,idle_without_VPN,6.4,27.9,48469.85734365748,4370.447587991479,0.0,76861.98470760424,3.0,1309.55859375,53.735,50.0,1815.0,98.7,39.22265625,3,1151.212709903717,15.7,103.95703125,28,1281.3153276443481,9.8,343.5390625,95,1282.3175492286682,3.6,114.04296875,147,1315.0731165409088,3.6,59.62109375,33,1315.0279846191406
2026-02-13T16:47:35,idle_without_VPN,5.6,27.9,490.12843195586987,888.0622874827417,0.0,62534.71440517336,4.0,1309.55859375,53.641,50.0,1815.0,99.3,39.22265625,3,1152.4713213443756,11.2,103.8828125,28,1282.5754721164703,9.9,343.2578125,95,1283.57363820076,4.9,114.07421875,147,1316.3374857902527,3.7,59.62109375,33,1316.2893164157867
2026-02-13T16:47:36,idle_without_VPN,7.6,27.9,204.80443589374315,457.42313697668703,26112.96402866216,82827.0577784128,4.0,1309.55859375,53.641,50.0,1815.0,99.8,38.62109375,3,1153.739660024643,17.4,103.90625,28,1283.8321073055267,14.9,343.2578125,95,1284.8307297229767,7.4,30.9140625,13,1315.1981060504913,5.0,114.08984375,147,1317.5918281078339
2026-02-13T16:47:37,idle_without_VPN,7.9,27.8,453.62281667933183,191.7949102100333,0.0,115312.51165889205,4.0,1309.55859375,53.554,50.0,1815.0,100.1,39.22265625,3,1154.9729301929474,23.7,103.9375,28,1285.0829129219055,20.1,343.2578125,95,1286.0745403766632,6.2,114.1015625,147,1318.8465778827667,3.8,30.94921875,14,1316.4388065338135
2026-02-13T16:47:38,idle_without_VPN,7.8,27.9,492.12204418614175,441.54506411480907,0.0,538460.1916419723,4.0,1309.55859375,53.551,50.0,1815.0,99.6,39.22265625,3,1156.2279489040375,16.2,103.875,28,1286.3413770198822,16.2,343.2578125,95,1287.3303489685059,6.3,114.1328125,147,1320.0924019813538,5.0,4.65625,408,1770990457.6335375
2026-02-13T16:47:40,idle_without_VPN,8.5,27.8,578.2444949124875,412.8045293804416,0.0,8144.73676465457,3.0,1309.55859375,53.58,49.0,1815.0,100.6,39.22265625,3,1157.4854443073273,26.2,343.2578125,95,1288.5836000442505,15.0,103.92578125,28,1287.5884652137756,6.2,114.0859375,147,1321.351235628128,3.8,59.62109375,33,1321.3015751838684
2026-02-13T16:47:41,idle_without_VPN,6.8,27.8,1253.1709643052295,339.3004398885168,0.0,4506.934144934261,3.0,1309.55859375,53.563,49.0,1815.0,100.5,39.22265625,3,1158.7447907924652,16.3,103.91796875,28,1288.836811542511,11.2,343.2578125,95,1289.843017578125,7.5,114.1171875,147,1322.5986483097076,6.2,30.953125,14,1320.2030527591705
2026-02-13T16:47:42,idle_without_VPN,6.4,27.8,1164.3910410655496,377.59763746901814,0.0,98282.8193793836,3.0,1309.55859375,53.448,49.0,1815.0,99.6,39.22265625,3,1160.015445947647,22.1,343.26171875,95,1291.1165692806244,19.7,103.90625,28,1290.104493379593,4.9,114.125,147,1323.8642175197601,4.9,30.9140625,13,1321.4758214950562
2026-02-13T16:47:43,idle_without_VPN,7.0,27.9,1543.0820847360783,877.7307947711569,0.0,14444.941079662467,3.0,1309.55859375,53.409,49.0,1815.0,99.1,39.22265625,3,1161.2763822078705,17.2,103.96484375,28,1291.3792340755463,7.5,343.26171875,95,1292.3726544380188,5.0,56.2578125,89,1322.6552822589874,4.9,114.11328125,147,1325.1415798664093
2026-02-13T16:47:45,idle_without_VPN,6.7,27.8,316.65577125897096,192.71222442780808,0.0,8188.270448716825,3.0,1309.55859375,53.469,49.0,1815.0,97.6,39.22265625,3,1162.5414617061615,18.7,103.93359375,28,1292.6314268112183,8.6,343.26171875,95,1293.6415448188782,5.0,4.65625,408,1770990463.93348,3.7,114.078125,147,1326.3923182487488
2026-02-13T16:47:46,idle_without_VPN,6.6,27.8,529.9014956764938,0.0,0.0,8098.793008548205,3.0,1309.55859375,53.339,49.0,1815.0,100.6,39.22265625,3,1163.7991619110107,19.7,104.01953125,28,1293.9028000831604,6.2,30.9140625,14,1325.2603673934937,6.2,56.2578125,89,1325.1788141727448,4.9,114.10546875,147,1327.6600234508514
2026-02-13T16:47:47,idle_without_VPN,7.3,27.8,0.0,0.0,0.0,15987.766923757128,3.0,1309.55859375,53.277,49.0,1815.0,98.4,39.22265625,3,1165.1008841991425,23.2,104.0390625,28,1295.1825835704803,4.8,30.953125,14,1326.562584400177,4.8,56.2578125,89,1326.481012582779,3.7,4.65625,408,1770990466.47882
2026-02-13T16:47:49,idle_without_VPN,6.8,27.8,307.8418044850313,370.63540639491333,51754.18038387153,177218.86010234797,3.0,1309.55859375,53.15,48.0,1815.0,98.8,39.21875,3,1166.3815689086914,26.4,104.01171875,28,1296.4832170009613,4.9,30.94921875,14,1327.846927165985,3.6,4.65625,407,1770990467.7866988,3.6,114.13671875,147,1330.2466125488281
2026-02-13T16:47:50,idle_without_VPN,7.3,27.8,0.0,0.0,0.0,8156.764708116641,3.0,1309.55859375,53.245,48.0,1815.0,100.3,39.22265625,3,1167.6117565631866,27.5,103.98046875,28,1297.7324948310852,10.1,343.26171875,95,1298.7251389026642,6.3,30.9140625,13,1329.0902607440948,5.0,114.1015625,147,1331.4985747337341
2026-02-13T16:47:51,idle_without_VPN,7.6,27.8,269.98432463944556,156.34913128373864,0.0,38374.84657322938,3.0,1309.55859375,53.121,48.0,1815.0,98.7,38.625,3,1168.8622119426727,30.1,103.9453125,28,1298.976523399353,24.1,343.26171875,95,1299.9558300971985,5.1,125.359375,99,1224.9638140201569,5.0,114.08984375,147,1332.742961883545
2026-02-13T16:47:52,idle_without_VPN,8.1,27.8,0.0,43.99845213507452,13349.456292241872,205665.0610023513,3.0,1309.55859375,53.068,48.0,1815.0,99.6,39.22265625,3,1170.0853955745697,45.9,343.26171875,95,1301.1805493831635,15.3,103.96484375,28,1300.204466342926,7.7,114.1015625,147,1333.967537164688,5.1,30.9140625,13,1331.5623135566711
2026-02-13T16:47:53,idle_without_VPN,7.9,27.8,601.0015721665037,475.6589982922061,0.0,5347.949818636695,3.0,1309.55859375,52.93,48.0,1815.0,100.6,39.21484375,3,1171.3284010887146,31.5,343.57421875,95,1302.4195182323456,6.3,114.1015625,147,1335.211033821106,5.0,103.70703125,28,1301.4524128437042,5.0,59.52734375,33,1335.1639547348022
2026-02-13T16:47:55,idle_without_VPN,8.1,27.8,0.0,0.0,26840.33209930139,239466.0879484546,3.0,1309.55859375,53.113,48.0,1815.0,99.6,39.2109375,3,1172.5517678260803,10.2,343.5859375,95,1303.6461482048035,5.1,56.2578125,89,1333.9448091983795,3.8,91.26171875,116,1290.8588376045227,3.8,125.359375,99,1228.6539568901062
2026-02-13T16:47:56,idle_without_VPN,7.9,27.8,0.0,43.8847704284634,0.0,15811.520249188588,3.0,1309.55859375,53.105,48.0,1815.0,99.6,38.61328125,3,1173.7758724689484,5.1,30.94921875,14,1335.258719444275,5.1,56.2578125,89,1335.169721364975,3.8,114.07421875,147,1337.6623494625092,3.8,59.58984375,33,1337.6164155006409
2026-02-13T16:47:57,idle_without_VPN,7.2,27.8,104.02078989557222,45.40590035124185,0.0,90455.1579942703,4.0,1309.55859375,53.075,47.0,1815.0,99.6,39.2109375,3,1174.9988663196564,5.1,114.11328125,147,1338.876737356186,5.1,56.2578125,89,1336.3961827754974,3.8,30.94921875,14,1336.4845967292786,2.6,4.65625,404,1770990476.4163702
2026-02-13T16:47:58,idle_without_VPN,7.5,27.8,345.7171517081512,327.22530405864546,0.0,21817.16425291254,4.0,1309.55859375,52.993,47.0,1815.0,97.2,39.20703125,3,1176.2196562290192,5.0,114.08984375,147,1340.1226229667664,3.8,30.953125,14,1337.7043135166168,2.6,56.2578125,89,1337.6161425113678,2.6,81.875,56,1336.272933959961
2026-02-13T16:48:00,idle_without_VPN,8.2,27.8,0.0,109.50986096463154,0.0,13592.496682155479,4.0,1309.55859375,53.08,47.0,1815.0,99.9,39.20703125,3,1177.440505027771,5.2,4.65625,404,1770990478.8656483,5.1,30.94921875,14,1338.9216442108154,3.8,263.3046875,277,1335.8616924285889,2.6,114.09375,147,1341.325635433197
2026-02-13T16:48:01,idle_without_VPN,7.1,27.8,0.0,0.0,0.0,32219.869762295744,3.0,1309.55859375,52.941,47.0,1815.0,92.3,39.2109375,3,1178.6939742565155,5.1,114.125,147,1342.5631341934204,5.0,59.61328125,33,1342.5203194618225,2.5,4.65625,404,1770990480.1034813,2.5,30.94921875,14,1340.1740078926086
2026-02-13T16:48:02,idle_without_VPN,5.5,27.7,208.52123616327887,95.8718327187489,0.0,6544.850446933259,3.0,1309.55859375,52.917,47.0,1815.0,94.8,38.62109375,3,1179.9459824562073,5.0,30.9140625,13,1341.4298238754272,3.7,4.65625,404,1770990481.3567,3.7,114.08984375,147,1343.8174381256104,2.5,59.63671875,33,1343.7725577354431
2026-02-13T16:48:03,idle_without_VPN,5.2,27.7,479.67409772585495,0.0,0.0,6571.05386048529,3.0,1309.55859375,52.723,47.0,1815.0,99.5,39.21484375,3,1181.1547982692719,3.8,114.09765625,147,1345.063331604004,2.6,30.9140625,13,1342.6428174972534,2.5,59.63671875,33,1345.0143773555756,1.3,56.21875,88,1342.5551652908325
2026-02-13T16:48:04,idle_without_VPN,5.3,27.8,346.2655069266998,406.77792561291915,3442.484263038258,17212.421315191288,3.0,1309.55859375,52.719,47.0,1815.0,99.3,39.2109375,3,1182.3512456417084,5.2,30.953125,14,1343.839085817337,2.6,4.65625,404,1770990483.7930763,2.6,114.10546875,147,1346.2551755905151,2.6,36.44140625,16,1216.9480395317078
2026-02-13T16:48:06,idle_without_VPN,5.8,27.8,0.0,90.00233894704466,0.0,64428.34100623997,3.0,1309.55859375,52.73,47.0,1815.0,100.2,39.21484375,3,1183.5514643192291,5.2,30.9140625,14,1345.0357434749603,3.9,59.640625,33,1347.3970353603363,2.6,4.65625,404,1770990484.9925234,2.6,183.9375,105,1319.6231422424316
2026-02-13T16:48:07,idle_without_VPN,5.7,27.7,0.0,0.0,0.0,95246.16376237667,3.0,1309.55859375,52.821,48.0,1815.0,100.7,39.21484375,3,1184.7462408542633,5.2,114.11328125,147,1348.6514115333557,2.6,4.65625,404,1770990486.1918359,2.6,59.640625,33,1348.5986921787262,2.6,30.9140625,13,1346.2334718704224
2026-02-13T16:48:08,idle_without_VPN,5.8,27.7,0.0,0.0,0.0,9929.697768195856,3.0,1309.55859375,52.934,48.0,1815.0,97.9,39.21484375,3,1185.9438273906708,6.6,114.03515625,147,1349.837359905243,5.2,30.953125,13,1347.430501461029,4.0,4.65625,404,1770990487.3768232,2.6,59.640625,33,1349.793847322464
2026-02-13T16:48:09,idle_without_VPN,5.4,27.7,346.69105105055223,500.9602747237645,0.0,44164.12700081293,3.0,1309.55859375,52.895,48.0,1815.0,100.1,38.62109375,3,1187.146021604538,5.2,114.07421875,147,1351.0465166568756,5.2,30.953125,14,1348.630609512329,2.6,92.515625,30,1306.5827240943909,1.3,4.65625,404,1770990488.5844567
2026-02-13T16:48:11,idle_without_VPN,5.3,27.8,109.19062738328357,263.0501477870013,0.0,152893.34879172023,3.0,1309.55859375,52.882,48.0,1815.0,97.3,39.2109375,3,1188.3818650245667,3.8,30.9140625,13,1349.8637430667877,2.5,163.83984375,164,1329.9394967556,2.5,318.3125,35,1244.1551895141602,1.3,4.65625,404,1770990489.7917898
2026-02-13T16:48:12,idle_without_VPN,6.6,27.8,4952.830040557198,4713.138314122747,0.0,16362.955191258496,3.0,1309.55859375,52.874,48.0,1815.0,97.2,39.21484375,3,1189.6035730838776,6.2,4.65625,404,1770990491.0422568,5.0,114.12890625,147,1353.5009005069733,5.0,59.625,33,1353.4496171474457,3.9,263.3828125,276,1348.017285823822
2026-02-13T16:48:13,idle_without_VPN,5.0,27.7,0.0,0.0,13649.327347604854,71658.96857492549,3.0,1309.55859375,52.85,48.0,1815.0,101.0,38.62109375,3,1190.8102860450745,6.5,114.1484375,147,1354.7017674446106,5.2,30.9140625,13,1352.295096874237,2.6,59.515625,33,1354.6542530059814,1.3,33.3984375,12,1355.5895488262177
2026-02-13T16:48:14,idle_without_VPN,5.2,27.7,356.33858227267876,446.66626940691594,0.0,3394.33216974161,3.0,1309.55859375,53.007,48.0,1815.0,99.3,39.21484375,3,1192.0061688423157,7.8,30.94921875,14,1353.4929087162018,6.5,114.140625,147,1355.9088833332062,3.9,4.65625,404,1770990493.4502866,3.9,263.39453125,276,1350.4205272197723
2026-02-13T16:48:15,idle_without_VPN,6.2,27.8,65.01060181895355,45.84080897490315,0.0,10241.670194247452,0.0,1309.55859375,51.879,48.0,1815.0,100.0,39.21484375,3,1193.1934833526611,6.5,30.9140625,13,1354.6853320598602,5.2,114.0546875,147,1357.1080758571625,2.6,4.65625,404,1770990494.6492264,1.3,59.6171875,33,1357.0537993907928
2026-02-13T16:48:16,idle_without_VPN,7.0,27.8,72.19582293904078,36.09791146952039,0.0,116173.3927979079,0.0,1309.55859375,50.857,48.0,1815.0,99.4,39.21484375,3,1194.3407618999481,98.1,56.24609375,89,1355.7431635856628,6.8,30.9140625,13,1355.8319737911224,2.7,114.01171875,147,1358.2718043327332,2.7,59.62109375,33,1358.2110583782196
2026-02-13T16:48:18,idle_without_VPN,9.6,27.8,178.51948354086616,95.32593781308388,0.0,9317.677121511617,0.0,1309.55859375,50.752,48.0,1815.0,101.5,56.24609375,89,1356.913021326065,98.0,39.21484375,3,1195.5213406085968,2.7,30.9140625,13,1356.9998433589935,2.7,263.41015625,276,1353.9303386211395,1.4,4.65625,404,1770990496.968412
2026-02-13T16:48:19,idle_without_VPN,9.7,27.7,298.0957681322351,409.8816811818233,0.0,7371.095357451632,1.0,1309.55859375,50.876,49.0,1815.0,100.7,39.21484375,3,1196.7004528045654,100.1,56.24609375,89,1358.0986635684967,6.6,30.94921875,14,1358.1869621276855,4.0,59.6328125,33,1360.5565030574799,1.3,104.203125,28,1326.8450927734375
2026-02-13T16:48:20,idle_without_VPN,8.9,27.7,0.0,0.0,0.0,7353.166576901928,0.0,1309.55859375,50.831,49.0,1815.0,100.3,56.24609375,89,1359.2820026874542,99.1,39.21484375,3,1197.8828151226044,2.6,30.9140625,13,1359.370679616928,2.6,343.53515625,95,1328.9614944458008,1.3,59.6328125,33,1361.7344856262207
2026-02-13T16:48:21,idle_without_VPN,9.3,27.7,0.0,0.0,0.0,6957.25333969939,1.0,1309.55859375,50.823,49.0,1815.0,100.1,39.2109375,3,1199.0537250041962,99.8,56.24609375,89,1360.4557218551636,6.7,30.953125,14,1360.5445158481598,2.7,102.8359375,43,1336.349681377411,2.7,149.0234375,23,1253.8380303382874
2026-02-13T16:48:22,idle_without_VPN,9.8,27.8,339.61418851229365,46.69695092044037,27821.194322927095,3912.3554516616227,0.0,1309.55859375,50.755,49.0,1815.0,101.8,56.24609375,89,1361.6371693611145,99.0,39.203125,3,1200.2372279167175,9.3,30.9140625,13,1361.7255623340607,5.3,59.50390625,33,1364.1000137329102,2.6,12.078125,12,1364.06431889534
2026-02-13T16:48:24,idle_without_VPN,9.6,27.8,1612.2461482181702,1037.700248125877,0.0,7289.86518134595,0.0,1309.55859375,50.867,49.0,1815.0,100.7,39.203125,3,1201.4337956905365,99.2,56.24609375,89,1362.833565711975,6.6,68.25390625,22,1321.8110566139221,3.9,4.65625,404,1770990502.8813372,3.9,30.9140625,13,1362.922322511673
2026-02-13T16:48:25,idle_without_VPN,9.3,27.8,2178.6799852940494,455.23391132408733,41667.89052030082,123701.54998214306,2.0,1309.55859375,50.971,49.0,1815.0,99.9,56.24609375,89,1364.006718635559,99.8,39.20703125,3,1202.6055972576141,5.3,30.9140625,13,1364.0959086418152,2.7,59.58203125,33,1366.4604761600494,2.7,25.40625,12,1349.67551779747
2026-02-13T16:48:26,idle_without_VPN,9.3,27.7,2057.7628675936767,259.9008540562251,0.0,4391.7240025342335,0.0,1309.55859375,50.853,49.0,1815.0,100.7,56.24609375,89,1365.1708436012268,97.6,39.19921875,3,1203.7741599082947,5.4,30.953125,14,1365.259759902954,2.7,77.75390625,65,1363.8366031646729,2.7,125.359375,99,1259.8603165149689
2026-02-13T16:48:27,idle_without_VPN,9.6,27.7,1551.270145418934,0.0,0.0,172247.05614675776,1.0,1309.55859375,50.872,49.0,1815.0,100.0,39.203125,3,1204.993382692337,99.8,56.24609375,89,1366.3926877975464,6.4,24.40234375,7,1245.632836818695,5.2,27.95703125,4,1368.7079529762268,4.0,59.5234375,33,1368.8074100017548
2026-02-13T16:48:28,idle_without_VPN,10.4,27.8,0.0,196.76756747497257,93638.50115589068,28844.00258819847,5.0,1309.55859375,50.925,49.0,1815.0,100.2,56.24609375,89,1367.5766718387604,100.0,38.59765625,2,1206.1810331344604,6.5,116.109375,25,1260.164357662201,5.1,19.0390625,8,1370.252851009369,3.9,27.73828125,4,1369.9087071418762
2026-02-13T16:48:29,idle_without_VPN,6.8,27.8,331.0247069303317,441.9263853943007,0.0,8173.1176371022,0.0,1309.55859375,51.133,49.0,1815.0,101.0,39.19140625,2,1207.3565318584442,5.3,30.9453125,14,1368.8443801403046,2.7,56.24609375,89,1368.7561693191528,2.7,263.49609375,277,1365.7650318145752,2.6,59.60546875,33,1371.217618227005
2026-02-13T16:48:31,idle_without_VPN,5.1,27.8,0.0,0.0,0.0,0.0,0.0,1309.55859375,51.038,50.0,1815.0,99.0,39.1953125,2,1208.5082697868347,25.8,56.24609375,89,1369.9083986282349,5.4,104.08984375,28,1338.669311761856,4.1,30.9140625,13,1369.9947745800018,2.7,183.9375,105,1344.5598590373993
2026-02-13T16:48:32,idle_without_VPN,7.8,27.8,0.0,0.0,0.0,91134.48802010088,0.0,1309.55859375,51.12,50.0,1815.0,100.5,38.609375,2,1209.6592123508453,59.7,56.24609375,89,1371.0596866607666,5.4,30.9140625,13,1371.1482889652252,4.1,59.6328125,33,1373.523150920868,2.7,102.83203125,43,1346.9526047706604
2026-02-13T16:48:33,idle_without_VPN,5.7,27.7,42.786359138622245,206.23025104815923,0.0,5257.587810953902,0.0,1309.55859375,51.186,50.0,1815.0,100.1,39.203125,2,1210.8300075531006,4.0,12.06640625,4,1361.1222877502441,2.7,4.65625,404,1770990512.288154,2.7,30.94921875,14,1372.3167016506195,1.3,59.6328125,33,1374.6987719535828
2026-02-13T16:48:34,idle_without_VPN,6.2,27.7,303.3724943533566,417.1371797358653,0.0,11914.265232786367,0.0,1309.55859375,51.106,50.0,1815.0,100.4,39.203125,2,1211.981775045395,66.3,56.24609375,89,1373.3827681541443,8.1,30.94921875,14,1373.471803188324,4.1,59.6640625,33,1375.8510973453522,2.7,12.06640625,4,1362.2689838409424
2026-02-13T16:48:35,idle_without_VPN,7.9,27.7,401.8060724340953,104.36521361924554,0.0,12468.164187045866,0.0,1309.55859375,51.129,50.0,1815.0,99.4,39.203125,2,1213.1456043720245,20.1,56.24609375,89,1374.5461962223053,2.7,59.6640625,33,1377.0022416114807,2.7,30.953125,14,1374.6348540782928,2.7,263.53125,277,1371.5561094284058
2026-02-13T16:48:36,idle_without_VPN,5.0,27.8,0.0,0.0,0.0,15498.188321562091,1.0,1309.55859375,51.062,50.0,1815.0,99.6,39.203125,2,1214.3372027873993,10.5,56.24609375,89,1375.736799955368,5.3,30.953125,14,1375.8257060050964,3.9,59.53125,33,1378.193285226822,2.6,12.06640625,4,1364.6389708518982
2026-02-13T16:48:38,idle_without_VPN,7.9,27.8,0.0,91.08606211915502,0.0,8636.308112038401,0.0,1309.55859375,51.159,50.0,1815.0,100.4,39.203125,2,1215.5361518859863,73.7,56.24609375,89,1376.9242522716522,6.6,30.9140625,13,1377.0134568214417,2.6,25.40625,12,1362.6068694591522,2.6,125.265625,99,1271.6218838691711
2026-02-13T16:48:39,idle_without_VPN,6.1,27.7,459.7670140528992,670.423900491682,0.0,0.0,2.0,1309.55859375,51.229,50.0,1815.0,98.7,39.20703125,2,1216.7234241962433,3.9,30.9453125,14,1378.21182513237,2.6,114.0,147,1380.6318504810333,2.6,59.6328125,33,1380.5762565135956,2.6,189.1171875,79,1378.2096242904663
2026-02-13T16:48:40,idle_without_VPN,5.0,27.7,55.829278902904825,55.829278902904825,27718.39107712705,198792.83600627058,0.0,1309.55859375,51.064,50.0,1815.0,100.4,39.20703125,2,1217.8902287483215,57.6,56.24609375,89,1379.2890195846558,4.0,30.9140625,13,1379.378214597702,1.3,114.00390625,147,1381.8124694824219,1.3,104.12109375,28,1348.040325641632
2026-02-13T16:48:41,idle_without_VPN,9.3,27.7,0.0,47.43905262850513,0.0,8832.289071198045,1.0,1309.55859375,51.112,50.0,1815.0,100.1,39.20703125,2,1219.0453927516937,28.4,56.24609375,89,1380.445140361786,6.8,30.9140625,13,1380.534173965454,1.4,8.1640625,15,1384.0904126167297,1.4,241.01171875,154,1378.658164024353
2026-02-13T16:48:43,idle_without_VPN,5.2,27.8,0.0,0.0,0.0,100766.02151360773,1.0,1309.55859375,51.233,51.0,1815.0,99.1,39.2109375,2,1220.3373982906342,8.6,56.24609375,89,1381.720026731491,6.2,30.9140625,13,1381.8064696788788,4.9,189.7578125,79,1381.801498889923,4.0,59.62890625,33,1384.0840406417847
2026-02-13T16:48:44,idle_without_VPN,10.2,27.8,3934.859855426834,1706.9253345105058,23227.794585232663,54440.14355913905,1.0,1310.43359375,51.216,51.0,1815.0,100.1,39.20703125,2,1221.7734143733978,61.2,56.24609375,89,1383.175455570221,17.1,192.86328125,79,1383.2623891830444,3.2,30.94921875,14,1383.264438867569,2.3,323.17578125,35,1277.5413150787354
2026-02-13T16:48:45,idle_without_VPN,8.4,27.8,714.4477289213921,704.6813561811418,12308.634690481691,106546.61903948215,1.0,1322.19140625,51.262,51.0,1815.0,100.7,39.20703125,2,1222.9678156375885,4.7,4.65625,404,1770990524.4167354,3.9,30.94921875,14,1384.4571523666382,3.7,59.66015625,33,1386.8304269313812,2.5,12.06640625,4,1373.3301446437836
2026-02-13T16:48:46,idle_without_VPN,8.3,27.8,0.0,0.0,0.0,8622.054619475753,0.0,1322.19140625,51.252,51.0,1815.0,99.9,38.61328125,2,1224.202965259552,81.3,56.24609375,89,1385.5984539985657,12.7,194.96484375,79,1385.6855292320251,7.6,30.94921875,14,1385.6878018379211,6.3,104.3984375,28,1354.3596601486206
2026-02-13T16:48:47,idle_without_VPN,7.5,27.8,1028.2939725313734,2643.572421049406,0.0,107929.73535689295,0.0,1316.31640625,51.262,51.0,1815.0,99.3,39.20703125,2,1225.3675889968872,4.0,104.29296875,28,1355.5173330307007,4.0,59.66015625,33,1389.2283182144165,4.0,30.9140625,13,1386.857215166092,4.0,56.24609375,89,1386.7676599025726
2026-02-13T16:48:49,idle_without_VPN,5.2,27.8,42.94845473567111,0.0,0.0,27267.114942582877,0.0,1316.12109375,51.301,51.0,1815.0,100.1,39.20703125,2,1226.5228600502014,25.7,56.24609375,89,1387.9246966838837,6.8,30.9453125,14,1388.013236284256,2.7,104.40625,28,1356.681693315506,2.7,126.515625,99,1282.6018974781036
2026-02-13T16:48:50,idle_without_VPN,8.8,27.8,1002.9109526717704,423.56797652106184,57353.20435802543,129044.70980555721,0.0,1311.74609375,51.224,51.0,1815.0,100.5,39.20703125,2,1227.6727950572968,61.1,56.24609375,89,1389.0746159553528,5.5,59.31640625,33,1391.5371737480164,2.7,104.33203125,28,1357.824278831482,2.7,30.94921875,14,1389.163349866867
2026-02-13T16:48:51,idle_without_VPN,5.6,27.8,0.0,0.0,0.0,9681.80449471129,1.0,1309.55859375,51.371,51.0,1815.0,100.2,38.6171875,2,1228.842116355896,5.4,30.9140625,13,1390.3291292190552,4.0,126.4296875,99,1284.9219527244568,1.3,104.3046875,28,1358.9909844398499,1.3,59.64453125,33,1392.7037794589996
2026-02-13T16:48:52,idle_without_VPN,6.3,27.8,0.0,46.56264025794716,0.0,16776.346830715185,0.0,1309.55859375,51.315,51.0,1815.0,100.1,39.2109375,2,1229.9976274967194,65.0,56.24609375,89,1391.3939228057861,5.4,30.9140625,13,1391.4823427200317,4.0,104.3203125,28,1360.1511368751526,4.0,59.72265625,33,1393.861911535263
2026-02-13T16:48:53,idle_without_VPN,8.3,27.8,0.0,0.0,0.0,9712.849482477677,1.0,1309.55859375,51.367,51.0,1815.0,99.7,39.2109375,3,1231.1732285022736,19.9,56.24609375,89,1392.5718984603882,5.4,104.39453125,28,1361.3127706050873,4.0,59.72265625,33,1395.0246987342834,2.7,105.12890625,18,1351.908328294754
2026-02-13T16:48:55,idle_without_VPN,4.9,27.8,294.0862466010355,404.36858907642386,0.0,6416.427198568048,1.0,1309.55859375,51.204,52.0,1815.0,100.1,39.21484375,3,1232.3747384548187,11.8,56.24609375,89,1393.7660565376282,6.5,104.32421875,28,1362.5126128196716,5.2,30.9140625,13,1393.8555781841278,3.9,59.46875,33,1396.2244024276733
2026-02-13T16:48:56,idle_without_VPN,9.4,27.8,0.0,0.0,0.0,163156.00233495183,0.0,1309.55859375,51.168,52.0,1815.0,96.4,39.21875,3,1233.5582704544067,73.6,56.24609375,89,1394.9547636508942,6.6,30.94921875,14,1395.0436260700226,5.2,104.3515625,28,1363.7060639858246,1.3,59.57421875,33,1397.4171478748322
2026-02-13T16:48:57,idle_without_VPN,7.7,27.8,0.0,0.0,0.0,114852.9665087202,0.0,1309.55859375,51.368,52.0,1815.0,98.2,39.21875,3,1234.7360136508942,5.3,91.26171875,116,1353.043135881424,4.0,59.59375,33,1398.5929024219513,4.0,30.9140625,13,1396.2206172943115,2.7,114.0078125,147,1398.6491348743439
2026-02-13T16:48:58,idle_without_VPN,5.4,27.8,0.0,52.994494863924466,0.0,30196.605073431023,0.0,1309.55859375,51.345,52.0,1815.0,96.6,39.21875,3,1235.8998925685883,57.4,56.24609375,89,1397.3021955490112,5.4,104.33203125,28,1366.049866437912,5.4,25.796875,9,1382.9729614257812,4.0,30.94921875,14,1397.3910856246948
2026-02-13T16:48:59,idle_without_VPN,9.7,27.8,368.2117214000839,461.549111243361,0.0,0.0,0.0,1309.55859375,51.466,52.0,1815.0,100.6,39.21875,3,1237.0652594566345,28.2,56.25,89,1398.4659476280212,5.3,104.36328125,28,1367.2184278964996,1.3,4.65625,404,1770990538.5263605,1.3,8.1640625,15,1402.1090722084045
2026-02-13T16:49:00,idle_without_VPN,5.3,27.8,67.29175955160179,47.449317632539724,0.0,203186.60525119555,0.0,1309.55859375,51.352,52.0,1815.0,98.9,39.21875,3,1238.2178921699524,2.7,114.0078125,147,1402.146984577179,2.7,104.14453125,28,1368.3775696754456,2.7,59.6484375,33,1402.0888464450836,2.7,30.94921875,14,1399.7104139328003
2026-02-13T16:49:01,idle_without_VPN,8.0,27.8,0.0,0.0,0.0,124035.25080753095,0.0,1309.55859375,51.413,52.0,1815.0,99.5,39.21875,3,1239.3644170761108,87.4,56.33984375,89,1400.7655124664307,6.8,104.203125,28,1369.5258073806763,6.8,30.94921875,14,1400.8547070026398,4.1,59.6484375,33,1403.2364361286163
2026-02-13T16:49:03,idle_without_VPN,6.7,27.8,674.1343114922074,274.4874661389526,0.0,17235.74127000819,1.0,1309.55859375,51.529,52.0,1815.0,100.8,39.21875,3,1240.5576510429382,5.3,30.9140625,13,1402.0356757640839,4.0,104.18359375,28,1370.6926593780518,1.3,98.64453125,30,1394.9347007274628,0.0,4.65625,404,1770990541.9951804
2026-02-13T16:49:04,idle_without_VPN,4.7,27.8,976.7007508952568,340.0861962808527,0.0,10293.052167239206,1.0,1309.55859375,51.903,52.0,1815.0,98.2,38.625,3,1241.7342302799225,42.1,56.33984375,89,1403.1354620456696,5.3,104.15625,28,1371.8818519115448,5.2,59.38671875,33,1405.5958218574524,3.9,30.953125,14,1403.2244279384613
2026-02-13T16:49:05,idle_without_VPN,9.2,27.8,0.0,112.76473589458391,0.0,6998.247851882056,1.0,1309.55859375,53.656,52.0,1815.0,97.4,39.21875,3,1242.9053485393524,42.8,56.34765625,89,1404.3034081459045,6.7,104.23046875,28,1373.0463981628418,5.4,30.9140625,13,1404.3924782276154,2.7,59.5234375,33,1406.7589240074158
2026-02-13T16:49:06,idle_without_VPN,6.0,27.8,0.0,0.0,0.0,0.0,0.0,1309.55859375,51.773,52.0,1815.0,99.7,39.21484375,3,1244.064556837082,8.0,104.17578125,28,1374.2195694446564,6.7,30.9140625,13,1405.5518414974213,5.3,59.63671875,33,1407.931993484497,2.7,105.12890625,18,1364.7992856502533
2026-02-13T16:49:07,idle_without_VPN,6.3,27.8,341.70902697513816,0.0,0.0,17672.224425380882,0.0,1309.55859375,51.91,52.0,1815.0,99.3,39.21484375,3,1245.2446308135986,85.0,56.44140625,89,1406.6401481628418,9.4,104.1484375,28,1375.3840327262878,4.0,30.9140625,14,1406.7283282279968,2.7,59.64453125,33,1409.095689535141
2026-02-13T16:49:09,idle_without_VPN,7.4,27.8,176.91323338937357,584.9819651224097,0.0,10254.29156551237,1.0,1309.55859375,51.788,52.0,1815.0,98.5,39.21484375,3,1246.418725013733,13.2,104.16015625,28,1376.5720045566559,4.0,30.9453125,13,1407.906815290451,2.7,98.64453125,30,1400.795711517334,1.3,114.00390625,147,1410.3425755500793
2026-02-13T16:49:10,idle_without_VPN,5.5,27.8,305.98841244243783,886.6709678729734,28484.739485550577,210520.02776039724,0.0,1309.55859375,51.847,52.0,1815.0,99.6,39.21484375,3,1247.562736272812,30.0,56.52734375,89,1408.9655680656433,6.8,104.19921875,28,1377.7227149009705,4.1,30.953125,14,1409.0543959140778,2.7,59.53515625,33,1411.4329969882965
2026-02-13T16:49:11,idle_without_VPN,8.3,27.8,0.0,260.1903125283228,0.0,4064.260881798344,1.0,1309.55859375,51.693,51.0,1815.0,100.2,39.21484375,3,1248.7017300128937,56.4,56.53515625,89,1410.1017060279846,9.7,104.22265625,28,1378.856565952301,2.8,114.00390625,147,1412.625394821167,2.8,30.9140625,13,1410.1880776882172
2026-02-13T16:49:12,idle_without_VPN,6.3,27.8,0.0,0.0,0.0,93202.63288127913,1.0,1309.55859375,51.643,51.0,1815.0,100.3,39.21484375,3,1249.8547141551971,13.6,104.109375,28,1380.0090725421906,4.1,30.9140625,14,1411.3427693843842,1.4,114.01171875,147,1413.778212070465,1.4,17.92578125,6,1413.7298665046692
2026-02-13T16:49:13,idle_without_VPN,5.4,27.7,0.0,209.5157253809599,0.0,7566.908189692428,0.0,1309.55859375,51.745,51.0,1815.0,98.0,39.21484375,3,1250.9860565662384,67.4,56.62109375,89,1412.3894333839417,4.1,104.11328125,28,1381.1519536972046,2.8,30.9140625,13,1412.478811264038,2.8,248.18359375,49,1393.8947277069092
2026-02-13T16:49:14,idle_without_VPN,8.5,27.7,1073.828545760658,808.4470229949308,0.0,0.0,0.0,1309.55859375,51.674,51.0,1815.0,100.3,39.21484375,3,1252.1395559310913,20.4,56.6796875,89,1413.535723209381,9.5,104.16015625,28,1382.2990026474,4.1,30.9140625,13,1413.6245698928833,2.7,59.64453125,33,1416.0088138580322
2026-02-13T16:49:15,idle_without_VPN,5.9,27.8,343.0883830225673,0.0,0.0,7984.602368525204,0.0,1309.55859375,51.603,51.0,1815.0,99.1,39.21484375,3,1253.305905342102,16.3,104.15234375,28,1383.4487900733948,6.7,56.6796875,89,1414.701653957367,4.0,25.80078125,9,1400.3783249855042,2.7,59.64453125,33,1417.1600451469421
2026-02-13T16:49:17,idle_without_VPN,7.2,27.8,0.0,0.0,0.0,145011.88703985457,0.0,1309.55859375,51.6,50.0,1815.0,98.9,39.21484375,3,1254.4908182621002,77.5,56.74609375,89,1415.8907816410065,9.2,104.00390625,28,1384.6321032047272,3.9,30.9140625,13,1415.980060338974,2.6,59.64453125,33,1418.3451600074768
2026-02-13T16:49:18,idle_without_VPN,6.4,27.8,0.0,0.0,0.0,3056.512833588409,0.0,1309.55859375,51.597,50.0,1815.0,99.7,39.21875,3,1255.634924173355,12.1,104.02734375,28,1385.793312549591,4.1,30.94921875,14,1417.1243832111359,2.7,59.64453125,33,1419.503936290741,2.7,263.83984375,277,1414.0402812957764
2026-02-13T16:49:19,idle_without_VPN,5.3,27.8,573.3312329042255,676.2142915695543,0.0,8104.019390253592,0.0,1309.55859375,51.364,50.0,1815.0,99.9,39.21875,3,1256.7610301971436,47.0,56.8671875,89,1418.165054321289,9.6,104.0078125,28,1386.9278898239136,4.1,59.64453125,33,1420.6378302574158,1.4,30.94921875,14,1418.2542624473572
2026-02-13T16:49:20,idle_without_VPN,9.5,27.7,58.510216733185956,106.38221224215629,0.0,8170.1539001976025,1.0,1309.55859375,51.469,50.0,1815.0,98.5,39.21875,3,1257.9038717746735,42.5,56.87890625,89,1419.3040804862976,13.8,104.05078125,28,1388.0621674060822,5.5,30.9140625,13,1419.39253282547,2.8,59.6875,33,1421.7742063999176
2026-02-13T16:49:21,idle_without_VPN,5.5,27.7,0.0,0.0,0.0,3587.5185112561862,1.0,1309.55859375,51.501,50.0,1815.0,98.7,39.21875,3,1259.0431802272797,12.3,104.07421875,28,1389.2078449726105,6.8,343.26171875,95,1390.114108800888,5.5,30.9140625,13,1420.5323708057404,1.4,59.6875,33,1422.9206821918488
2026-02-13T16:49:22,idle_without_VPN,6.6,27.8,57.437204578393,94.85841362189147,0.0,18714.085564450954,0.0,1309.55859375,51.458,50.0,1815.0,99.7,39.21875,3,1260.1875522136688,83.3,56.9921875,89,1421.5870838165283,10.9,104.078125,28,1390.350327014923,2.7,343.26171875,95,1391.2547445297241,1.4,59.5,33,1424.0613951683044
2026-02-13T16:49:23,idle_without_VPN,8.5,27.8,0.0,0.0,0.0,4927.848145396044,0.0,1309.55859375,51.518,49.0,1815.0,100.5,39.20703125,3,1261.3375344276428,10.9,104.08984375,28,1391.4939510822296,8.1,343.26171875,95,1392.414485692978,5.4,30.953125,14,1422.8270468711853,4.1,57.00390625,89,1422.7386946678162
2026-02-13T16:49:25,idle_without_VPN,6.4,27.8,523.7724930197438,440.2473114086219,0.0,8909.35270518634,0.0,1309.55859375,51.363,49.0,1815.0,97.4,39.20703125,3,1262.476892709732,21.9,57.0859375,89,1423.8797364234924,15.0,104.06640625,28,1392.6420257091522,11.0,343.26171875,95,1393.5466167926788,4.1,30.953125,14,1423.9690945148468
2026-02-13T16:49:26,idle_without_VPN,8.7,27.8,0.0,0.0,0.0,8588.048837276363,1.0,1309.55859375,51.425,49.0,1815.0,100.0,39.20703125,3,1263.6181197166443,64.6,57.09375,89,1425.0171043872833,11.0,104.0,28,1393.7782464027405,8.2,343.26171875,95,1394.6900815963745,4.1,321.3203125,35,1319.3676567077637
2026-02-13T16:49:27,idle_without_VPN,7.2,27.8,0.0,95.2374391042106,0.0,76497.50705001694,1.0,1309.55859375,51.536,49.0,1815.0,99.1,39.20703125,3,1264.7691497802734,23.2,343.26171875,95,1395.8355741500854,12.3,104.046875,28,1394.921178817749,8.1,30.953125,14,1426.2606432437897,2.7,59.625,33,1428.6337187290192
2026-02-13T16:49:28,idle_without_VPN,7.1,27.8,2150.4465240182353,94.63006504561473,0.0,45783.588167390255,1.0,1309.55859375,51.404,49.0,1815.0,100.2,38.62109375,3,1265.9080038070679,60.4,57.1796875,89,1427.3098676204681,19.0,104.0234375,28,1396.0701019763947,17.7,343.57421875,95,1396.9799373149872,2.7,111.921875,47,1397.6738679409027
2026-02-13T16:49:29,idle_without_VPN,9.9,27.7,2822.536998200326,837.7352903692988,0.0,14357.170499383465,1.0,1309.55859375,51.524,49.0,1815.0,99.5,39.2109375,3,1267.0545506477356,27.2,57.1796875,89,1428.4587244987488,15.0,343.578125,95,1398.1268949508667,13.6,104.02734375,28,1397.2171227931976,6.8,30.9140625,13,1428.547623872757
2026-02-13T16:49:30,idle_without_VPN,6.5,27.8,1942.864450885826,0.0,0.0,8913.499989727086,0.0,1309.55859375,51.354,49.0,1815.0,100.8,38.62109375,3,1268.21710562706,21.7,104.2890625,28,1398.3690690994263,18.8,343.54296875,95,1399.290521621704,4.0,23.265625,5,1428.653883934021,2.7,30.9140625,14,1429.7052142620087
2026-02-13T16:49:31,idle_without_VPN,10.4,27.8,0.0,0.0,0.0,36695.001258571436,0.0,1309.55859375,51.382,48.0,1815.0,99.6,39.21484375,3,1269.377457857132,86.2,57.21875,89,1430.7784304618835,22.9,343.54296875,95,1400.4490928649902,13.4,104.28515625,28,1399.5312094688416,4.0,59.640625,33,1433.2420854568481
2026-02-13T16:49:33,idle_without_VPN,8.0,27.8,67.99784339506483,47.947197265750845,0.0,110693.51490938144,3.0,1309.55859375,51.292,48.0,1815.0,99.5,39.21484375,3,1270.5396859645844,16.3,104.18359375,28,1400.6815121173859,9.3,343.578125,95,1401.61958360672,5.4,59.640625,33,1434.392728805542,5.4,30.953125,14,1432.0270035266876
2026-02-13T16:49:34,idle_without_VPN,6.3,27.8,176.12180404321617,102.59522565624243,0.0,9192.532218799322,0.0,1309.55859375,51.247,48.0,1815.0,100.7,39.21484375,3,1271.688269853592,40.6,57.3828125,89,1433.0915286540985,22.7,104.2890625,28,1401.8501806259155,19.2,343.53515625,95,1402.7601425647736,5.4,30.9453125,14,1433.1807324886322
2026-02-13T16:49:35,idle_without_VPN,10.1,27.8,741.9375584879616,734.9049749951847,0.0,5851.10946599037,0.0,1309.55859375,51.192,48.0,1815.0,99.8,39.21484375,3,1272.830675125122,47.9,57.4609375,89,1434.2329063415527,19.2,104.1640625,28,1402.9901864528656,6.9,343.53515625,95,1403.900071144104,4.1,321.375,35,1328.5754158496857
2026-02-13T16:49:36,idle_without_VPN,6.1,27.7,0.0,0.0,0.0,0.0,0.0,1309.55859375,51.226,48.0,1815.0,100.2,39.21484375,3,1273.9849195480347,19.1,104.19921875,28,1404.1358151435852,9.5,343.53515625,95,1405.051882982254,6.8,59.05078125,33,1437.849286556244,2.7,30.94921875,14,1435.4731640815735
2026-02-13T16:49:37,idle_without_VPN,7.9,27.7,0.0,0.0,0.0,108771.83387023215,0.0,1309.55859375,51.181,48.0,1815.0,100.0,39.21484375,3,1275.1250953674316,77.8,57.4609375,89,1436.5282330513,28.4,104.30078125,28,1405.289166212082,4.1,248.14453125,48,1418.0314671993256,4.1,343.5234375,95,1406.1934576034546
2026-02-13T16:49:38,idle_without_VPN,8.7,27.8,0.0,0.0,0.0,9344.457725784414,5.0,1309.55859375,51.097,48.0,1815.0,99.4,39.21484375,3,1276.2726800441742,21.8,104.328125,28,1406.4353370666504,16.3,343.53125,95,1407.346731185913,8.2,57.484375,89,1437.6763458251953,4.1,59.61328125,33,1440.1493055820465
2026-02-13T16:49:40,idle_without_VPN,7.0,27.8,2000.7005077981125,751.0268165457777,0.0,5812.598245265926,0.0,1309.55859375,51.242,47.0,1815.0,101.0,39.21875,3,1277.4327409267426,27.2,104.3671875,28,1407.5856952667236,17.6,57.5703125,89,1438.8338112831116,9.4,343.53125,95,1408.509753227234,8.1,30.9140625,13,1438.9218368530273
2026-02-13T16:49:41,idle_without_VPN,9.8,27.8,926.7230894351602,364.4996195923079,0.0,122361.83456200645,0.0,1309.55859375,51.089,47.0,1815.0,97.2,39.22265625,3,1278.606736421585,68.1,57.5859375,89,1440.0041100978851,34.9,104.20703125,28,1408.7502481937408,10.7,343.53125,95,1409.68293094635,5.3,30.953125,14,1440.0928461551666
2026-02-13T16:49:42,idle_without_VPN,7.7,27.8,976.7073304084056,464.4482410333677,0.0,13113.83268800097,0.0,1309.55859375,50.968,47.0,1815.0,93.0,39.22265625,3,1279.78271651268,21.3,104.23046875,28,1409.9230251312256,21.2,343.53125,95,1410.8603324890137,4.0,30.9140625,13,1441.2685260772705,4.0,124.26953125,99,1335.8662343025208
2026-02-13T16:49:43,idle_without_VPN,7.3,27.7,915.1374189798136,359.9427325115408,0.0,9562.252214646216,0.0,1309.55859375,50.784,47.0,1815.0,82.0,39.22265625,3,1280.9643375873566,62.3,57.5859375,89,1442.3586790561676,35.6,343.53125,95,1412.0444102287292,18.5,104.23828125,28,1411.1027252674103,4.0,59.61328125,33,1444.8131911754608
2026-02-13T16:49:44,idle_without_VPN,11.1,27.7,1492.7721038237764,724.9164023645073,0.0,0.0,0.0,1309.55859375,50.969,47.0,1815.0,87.0,39.22265625,3,1282.130925655365,22.7,57.6171875,89,1443.5304746627808,6.7,30.94921875,14,1443.6195895671844,5.3,4.65625,404,1770990583.597044,2.7,23.2578125,5,1442.564423084259
2026-02-13T16:49:45,idle_without_VPN,8.1,27.8,341.6159745883503,0.0,0.0,9717.076610513075,0.0,1309.55859375,50.807,47.0,1815.0,100.7,38.6328125,3,1283.2953763008118,6.7,4.65625,404,1770990584.7546916,5.4,57.7890625,89,1444.6966252326965,4.1,59.61328125,33,1447.1569466590881,4.0,264.015625,277,1441.704942703247
2026-02-13T16:49:47,idle_without_VPN,10.6,27.8,0.0,0.0,0.0,94092.28668775389,1.0,1309.55859375,50.704,47.0,1815.0,99.8,38.6328125,3,1284.4535303115845,81.1,57.8046875,89,1445.8525109291077,5.4,30.9140625,13,1445.9419419765472,4.0,264.02734375,277,1442.868189573288,2.7,98.69921875,30,1438.8340644836426
2026-02-13T16:49:48,idle_without_VPN,8.2,27.8,343.32610085071656,0.0,0.0,26189.885996208195,1.0,1309.55859375,50.845,47.0,1815.0,99.7,39.22265625,3,1285.6131200790405,5.4,30.9140625,13,1447.0960721969604,2.7,23.1953125,5,1446.0469155311584,1.4,4.65625,404,1770990587.0734353,1.3,59.59375,33,1449.4817385673523
2026-02-13T16:49:49,idle_without_VPN,6.8,27.8,43.50990115648695,0.0,0.0,43217.51462071535,1.0,1309.55859375,50.789,48.0,1815.0,100.7,39.22265625,3,1286.7452943325043,45.4,57.8046875,89,1448.145230293274,4.1,264.0390625,277,1445.1521775722504,2.7,59.56640625,33,1450.6192140579224,2.7,30.9140625,13,1448.234563589096
2026-02-13T16:49:50,idle_without_VPN,10.4,27.7,645.3695215415318,522.2745174327928,0.0,25209.856841469755,1.0,1309.55859375,50.88,48.0,1815.0,98.3,38.6328125,3,1287.889643907547,42.2,57.8359375,89,1449.293375968933,4.1,30.9140625,13,1449.382833480835,1.4,4.65625,404,1770990589.359302,1.4,114.01171875,147,1451.8167879581451
2026-02-13T16:49:51,idle_without_VPN,6.0,27.7,0.0,0.0,0.0,0.0,1.0,1309.55859375,50.704,48.0,1815.0,100.2,39.22265625,3,1289.0279741287231,4.1,58.91015625,33,1452.9043283462524,4.1,30.953125,14,1450.5213389396667,2.7,175.7265625,45,1357.3202362060547,1.4,114.0078125,147,1452.9622135162354
2026-02-13T16:49:52,idle_without_VPN,6.2,27.8,0.0,0.0,0.0,35615.600338917866,0.0,1309.55859375,50.591,48.0,1815.0,97.7,39.22265625,3,1290.1640927791595,82.8,58.0390625,89,1451.5641231536865,2.8,59.5859375,33,1454.0381145477295,2.8,30.9140625,14,1451.6532649993896,2.8,98.70703125,30,1444.537656545639
2026-02-13T16:49:53,idle_without_VPN,7.3,27.8,0.0,46.97423257814627,0.0,6680.77974444747,0.0,1309.55859375,50.797,48.0,1815.0,100.0,39.2109375,3,1291.320678472519,6.8,58.0546875,89,1452.718778371811,4.1,30.9140625,13,1452.8078022003174,2.7,4.65625,404,1770990592.7885077,1.4,104.171875,28,1421.4771811962128
2026-02-13T16:49:55,idle_without_VPN,4.6,27.8,789.2802935759175,771.9334739368863,0.0,10213.807403461544,0.0,1309.55859375,50.721,48.0,1815.0,100.4,39.2109375,3,1292.472491979599,20.3,58.0546875,89,1453.87105178833,5.4,30.9140625,13,1453.9595062732697,2.7,25.8125,9,1439.5429050922394,1.4,59.62109375,33,1456.3414797782898
2026-02-13T16:49:56,idle_without_VPN,7.8,27.8,0.0,0.0,0.0,10773.572553895447,5.0,1309.55859375,50.774,48.0,1815.0,99.8,38.62109375,3,1293.6154351234436,67.2,58.1484375,89,1455.010080575943,4.1,30.9140625,13,1455.0995466709137,2.7,59.62890625,33,1457.4776923656464,1.4,4.65625,404,1770990595.081438
2026-02-13T16:49:57,idle_without_VPN,7.5,27.7,400.72023448864013,150.92060779442292,0.0,110133.87985807266,0.0,1309.55859375,50.688,48.0,1815.0,100.8,39.2109375,3,1294.7774395942688,5.4,30.9140625,13,1456.265597820282,1.3,17.92578125,6,1458.6445231437683,1.3,59.62890625,33,1458.6358919143677,1.3,23.23046875,5,1455.2125928401947
2026-02-13T16:49:58,idle_without_VPN,5.5,27.7,181.05972313428202,804.5200905306305,0.0,45914.012809900945,0.0,1309.55859375,50.763,48.0,1815.0,98.4,39.21484375,3,1295.9520146846771,59.9,58.3203125,89,1457.3521835803986,4.0,4.65625,404,1770990597.4050827,4.0,81.875,56,1456.0050554275513,4.0,264.08984375,277,1454.3595912456512
2026-02-13T16:49:59,idle_without_VPN,9.1,27.7,634.3305293144784,710.0080321415409,0.0,0.0,0.0,1309.55859375,50.82,48.0,1815.0,95.0,39.21484375,3,1297.135904788971,25.2,58.3359375,89,1458.5319621562958,6.6,30.9140625,13,1458.6212844848633,4.0,59.62890625,33,1460.9883344173431,2.6,105.08203125,16,1417.8681454658508
2026-02-13T16:50:00,idle_without_VPN,5.3,27.8,0.0,203.17033326834525,0.0,31077.473716200326,2.0,1309.55859375,50.878,49.0,1815.0,98.5,39.21484375,3,1298.3092467784882,5.3,30.953125,14,1459.7970788478851,5.3,58.3359375,89,1459.7080738544464,4.0,28.5390625,18,1459.702668428421,2.7,183.9296875,105,1434.3725938796997
2026-02-13T16:50:02,idle_without_VPN,7.8,27.8,0.0,0.0,0.0,74235.13496455406,0.0,1309.55859375,50.854,49.0,1815.0,100.1,39.21875,3,1299.4646661281586,80.9,58.359375,89,1460.8674955368042,5.4,59.62890625,33,1463.3363995552063,4.1,30.94921875,14,1460.9555225372314,1.4,264.125,277,1457.8714969158173
2026-02-13T16:50:03,idle_without_VPN,6.1,27.8,36.723487065012755,247.44635331901452,0.0,895.3535893945967,0.0,1309.55859375,50.873,49.0,1815.0,97.7,39.21875,3,1300.6004521846771,4.1,30.953125,14,1462.0936682224274,4.1,105.08203125,16,1421.3405854701996,2.8,59.62890625,33,1464.4719026088715,2.7,25.8125,9,1447.6712379455566
2026-02-13T16:50:04,idle_without_VPN,5.7,27.8,80.43221574435178,36.719055013725814,0.0,7609.587019987369,1.0,1309.55859375,50.984,49.0,1815.0,99.0,39.2265625,3,1301.7369689941406,42.7,58.4453125,89,1463.1402883529663,8.3,30.9140625,13,1463.2270708084106,4.1,264.140625,277,1460.140406370163,2.8,25.81640625,9,1448.803840637207
2026-02-13T16:50:05,idle_without_VPN,9.5,27.7,592.937490463526,527.2527984061893,0.0,108617.62699557,1.0,1309.55859375,50.943,49.0,1815.0,100.2,39.2265625,3,1302.8754284381866,43.8,58.46484375,89,1464.278870344162,6.9,59.6328125,33,1466.7495367527008,2.8,4.65625,404,1770990604.3469467,1.4,104.1796875,28,1433.034230709076
2026-02-13T16:50:06,idle_without_VPN,4.8,27.7,0.0,0.0,0.0,0.0,0.0,1309.55859375,51.176,49.0,1815.0,99.1,38.63671875,3,1304.026849269867,4.1,30.9140625,13,1465.517060995102,2.7,59.6328125,33,1467.897987127304,2.7,12.0703125,4,1454.3165464401245,1.4,8.16796875,15,1469.074688911438
2026-02-13T16:50:07,idle_without_VPN,6.5,27.8,0.0,210.0662547057375,0.0,107553.9224093376,0.0,1309.55859375,50.987,49.0,1815.0,97.5,39.2265625,3,1305.1637332439423,78.3,58.58984375,89,1466.565984249115,4.1,30.94921875,14,1466.6520931720734,2.7,59.46484375,33,1469.0432057380676,1.4,4.65625,404,1770990606.6405382
2026-02-13T16:50:08,idle_without_VPN,7.0,27.8,156.9950760120751,83.73070720644004,0.0,4465.637717676803,0.0,1309.55859375,51.147,49.0,1815.0,99.1,39.2265625,3,1306.314979314804,6.8,58.62109375,89,1467.7123384475708,4.1,59.578125,33,1470.1846702098846,4.1,30.953125,14,1467.8016664981842,1.4,8.16796875,15,1471.3650867938995
2026-02-13T16:50:10,idle_without_VPN,5.0,27.8,525.8114995149984,518.8239712822409,0.0,8049.632524136587,1.0,1309.55859375,51.08,49.0,1815.0,99.9,39.2265625,3,1307.473289012909,20.2,58.79296875,89,1468.8738331794739,5.4,30.94921875,14,1468.962947845459,1.4,114.00390625,147,1471.392460823059,1.4,59.578125,33,1471.3352370262146
2026-02-13T16:50:11,idle_without_VPN,7.9,27.8,0.0,0.0,0.0,11855.286097481832,1.0,1309.55859375,50.997,49.0,1815.0,99.6,39.2265625,3,1308.633888721466,66.0,58.80859375,89,1470.0342383384705,4.0,59.6328125,33,1472.5017459392548,4.0,30.953125,13,1470.1224241256714,2.7,104.140625,28,1438.7894945144653
2026-02-13T16:50:12,idle_without_VPN,5.3,27.7,0.0,141.42030033568292,0.0,11549.613730482277,0.0,1309.55859375,51.218,50.0,1815.0,99.3,39.22265625,3,1309.7822170257568,4.1,30.953125,13,1471.2738301753998,2.7,25.40625,12,1456.8479640483856,2.7,343.26171875,95,1440.853718996048,1.4,4.65625,404,1770990611.2510226
2026-02-13T16:50:13,idle_without_VPN,5.5,27.7,68.04707614837186,47.981912668723744,0.0,8040.023766453783,1.0,1309.55859375,51.131,50.0,1815.0,99.5,38.63671875,3,1310.9285378456116,60.2,58.80859375,89,1472.3279931545258,5.5,30.94921875,14,1472.4170043468475,2.7,59.6328125,33,1474.7960119247437,2.7,98.73046875,30,1465.3020606040955
2026-02-13T16:50:14,idle_without_VPN,8.8,27.7,524.8320119193316,517.8575001330282,0.0,0.0,1.0,1309.55859375,51.305,50.0,1815.0,99.8,39.2265625,3,1312.0712208747864,27.3,58.83203125,89,1473.4746594429016,4.1,59.6328125,33,1475.9523487091064,4.1,30.94921875,14,1473.5637753009796,1.4,4.65625,404,1770990613.5440106
2026-02-13T16:50:15,idle_without_VPN,5.0,27.8,0.0,0.0,0.0,8112.652804988643,0.0,1309.55859375,51.098,50.0,1815.0,100.8,39.22265625,3,1313.202196598053,8.3,59.49609375,33,1477.0767514705658,4.2,30.9140625,13,1474.686152458191,4.2,264.22265625,277,1471.6056380271912,2.8,186.44140625,71,1474.683089017868
2026-02-13T16:50:16,idle_without_VPN,7.9,27.8,0.0,0.0,0.0,26707.507065072357,0.0,1309.55859375,51.143,50.0,1815.0,98.4,39.22265625,3,1314.3297278881073,88.2,58.93359375,89,1475.7317190170288,2.8,4.65625,404,1770990615.8124864,2.8,30.9140625,13,1475.821105003357,1.4,114.01171875,147,1478.2712116241455
2026-02-13T16:50:18,idle_without_VPN,6.8,27.8,0.0,95.65445656708692,0.0,87166.65928344596,0.0,1309.55859375,51.24,50.0,1815.0,100.3,39.2265625,3,1315.4666352272034,4.1,59.57421875,33,1479.34623670578,4.1,30.94921875,14,1476.959640264511,2.7,264.2421875,277,1473.8756594657898,1.4,189.30078125,69,1476.9578895568848
2026-02-13T16:50:19,idle_without_VPN,4.7,27.7,113.16947820963732,0.0,0.0,31687.453898698448,0.0,1309.55859375,51.172,50.0,1815.0,99.5,39.2265625,3,1316.5969169139862,31.8,58.93359375,89,1478.0020771026611,4.1,59.46875,33,1480.4757719039917,4.1,30.9453125,14,1478.0911600589752,4.1,12.0703125,4,1466.8879039287567
2026-02-13T16:50:20,idle_without_VPN,8.7,27.7,535.8008198589374,528.6805431830711,0.0,9113.954145108835,0.0,1309.55859375,51.167,50.0,1815.0,99.5,39.2265625,3,1317.727979183197,56.8,59.08984375,89,1479.1292517185211,6.9,30.9140625,13,1479.2186229228973,2.8,59.4921875,33,1481.60276055336,1.4,8.16796875,15,1482.7817964553833
2026-02-13T16:50:21,idle_without_VPN,5.4,27.7,0.0,0.0,0.0,3613.263677716299,1.0,1309.55859375,51.214,50.0,1815.0,98.9,39.2265625,3,1318.8654816150665,4.1,59.609375,33,1482.7366712093353,4.1,30.953125,14,1480.3570175170898,4.1,321.37890625,35,1374.6130020618439,1.4,264.25,276,1477.274158000946
2026-02-13T16:50:22,idle_without_VPN,5.7,27.7,0.0,47.384203146751176,0.0,141071.54762031283,1.0,1309.55859375,51.341,50.0,1815.0,99.8,39.2265625,3,1319.992437839508,66.6,59.29296875,89,1481.3948736190796,4.2,30.9140625,13,1481.4832587242126,1.4,33.390625,10,1484.8201200962067,1.4,104.12890625,28,1450.1647481918335
2026-02-13T16:50:23,idle_without_VPN,8.4,27.7,0.0,47.96439207597475,0.0,9095.469904777434,0.0,1309.55859375,51.289,51.0,1815.0,100.0,39.19921875,3,1321.1337015628815,22.0,59.3203125,89,1482.5313153266907,5.5,59.62890625,33,1485.0086069107056,4.1,30.9140625,13,1482.6208007335663,4.1,264.265625,276,1479.5377068519592
2026-02-13T16:50:24,idle_without_VPN,5.1,27.8,424.5228320466522,529.7764267689627,0.0,5388.984049782295,0.0,1309.55859375,51.298,51.0,1815.0,100.6,38.625,3,1322.2681000232697,5.5,30.9140625,13,1483.7615284919739,2.8,59.62890625,33,1486.1420683860779,2.8,170.7734375,35,1450.871282339096,2.8,149.08984375,23,1377.0305109024048
2026-02-13T16:50:25,idle_without_VPN,7.7,27.8,430.3932570991682,47.625483367530904,0.0,9482.76291051282,0.0,1309.55859375,51.19,51.0,1815.0,100.7,39.2109375,3,1323.4014246463776,85.8,59.51171875,89,1484.8014492988586,4.1,30.94921875,14,1484.8910212516785,2.7,104.1015625,28,1453.5686721801758,2.7,59.62890625,33,1487.280259847641
2026-02-13T16:50:27,idle_without_VPN,6.5,27.8,417.588254346333,48.454333310228506,0.0,16238.368574075124,0.0,1309.55859375,51.221,51.0,1815.0,99.7,39.2109375,3,1324.5454292297363,6.8,30.94921875,14,1486.0341608524323,5.5,59.62890625,33,1488.413974761963,2.7,170.7734375,35,1453.157277584076,2.7,149.08984375,23,1379.317073583603
2026-02-13T16:50:28,idle_without_VPN,5.2,27.7,0.0,0.0,14200.61260983499,42601.83782950497,0.0,1309.55859375,51.285,51.0,1815.0,100.2,39.2109375,3,1325.683444738388,38.3,59.51171875,89,1487.0867521762848,6.8,30.9140625,13,1487.1752350330353,2.7,105.0859375,16,1446.4230120182037,1.4,59.62890625,33,1489.5570759773254
2026-02-13T16:50:29,idle_without_VPN,9.0,27.7,422.38334074803976,49.0107251922831,0.0,16881.07596441111,0.0,1309.55859375,51.356,51.0,1815.0,99.8,39.2109375,3,1326.811062335968,50.0,59.53515625,89,1488.2126505374908,4.1,59.63671875,33,1490.6875586509705,2.8,104.11328125,28,1456.9782705307007,2.8,30.9140625,13,1488.301959991455
2026-02-13T16:50:30,idle_without_VPN,5.1,27.7,312.63294367018847,429.87029754650916,0.0,9549.515370289393,1.0,1309.55859375,51.3,51.0,1815.0,98.5,39.2109375,3,1327.9372198581696,4.2,30.94921875,14,1489.4302294254303,2.8,104.16015625,28,1458.100334405899,1.4,4.65625,404,1770990629.41512,1.4,113.9921875,147,1491.871780872345
2026-02-13T16:50:31,idle_without_VPN,6.0,27.7,1157.4924960042836,0.0,0.0,9536.67380615943,1.0,1309.55859375,51.268,51.0,1815.0,100.3,39.2421875,3,1329.05926156044,72.6,59.62109375,89,1490.459891319275,4.2,30.9140625,13,1490.549437046051,2.8,59.4609375,33,1492.9420130252838,2.8,23.32421875,5,1489.497151374817
2026-02-13T16:50:32,idle_without_VPN,7.9,27.8,2187.69639623346,0.0,0.0,108367.45205667663,1.0,1309.55859375,51.33,51.0,1815.0,99.6,38.66015625,3,1330.1888453960419,16.6,59.63671875,89,1491.5915250778198,4.1,30.953125,14,1491.680181503296,2.8,59.57421875,33,1494.0664422512054,2.8,264.32421875,276,1488.5942029953003
2026-02-13T16:50:33,idle_without_VPN,5.0,27.8,2217.575349552617,0.0,0.0,9495.567566065207,0.0,1309.55859375,51.22,51.0,1815.0,100.7,39.24609375,3,1331.3374288082123,8.2,59.63671875,89,1492.7383751869202,5.4,30.94921875,14,1492.8273639678955,4.1,58.9140625,33,1495.19695520401,2.7,105.0859375,16,1452.0747649669647
2026-02-13T16:50:35,idle_without_VPN,7.4,27.8,916.1712410632987,468.379679420001,0.0,0.0,1.0,1309.55859375,51.139,51.0,1815.0,99.5,39.25390625,3,1332.4847826957703,78.9,59.75,89,1493.8873636722565,4.1,30.94921875,14,1493.9765934944153,1.4,23.29296875,5,1492.9209496974945,1.4,102.7734375,40,1469.7681112289429
2026-02-13T16:50:36,idle_without_VPN,5.9,27.7,0.0,0.0,0.0,6349.795633233518,0.0,1309.55859375,51.298,52.0,1815.0,100.0,39.265625,3,1333.6247906684875,2.8,104.140625,28,1463.7836337089539,2.8,59.625,33,1497.4959571361542,2.7,264.34765625,276,1492.0354895591736,1.4,114.00390625,147,1497.5517745018005
2026-02-13T16:50:37,idle_without_VPN,4.9,27.7,0.0,0.0,0.0,16967.09467276368,0.0,1309.55859375,51.278,52.0,1815.0,98.2,39.265625,3,1334.7709276676178,47.7,59.83984375,89,1496.1685526371002,4.1,30.9140625,13,1496.258069038391,2.7,104.265625,28,1464.932785987854,2.7,59.625,33,1498.6425881385803
2026-02-13T16:50:38,idle_without_VPN,8.7,27.7,346.50818911176816,0.0,0.0,47489.12232190374,4.0,1309.55859375,51.329,52.0,1815.0,100.0,39.2734375,3,1335.9276173114777,40.4,59.85546875,89,1497.3291718959808,5.4,30.9140625,13,1497.4178318977356,4.0,264.37109375,276,1494.337319135666,2.7,104.17578125,28,1466.0712361335754
2026-02-13T16:50:39,idle_without_VPN,6.6,27.7,0.0,0.0,0.0,16736.534247449097,1.0,1309.55859375,51.351,52.0,1815.0,98.7,39.2734375,3,1337.0676922798157,6.7,59.625,33,1500.944254398346,4.1,30.9140625,13,1498.5573201179504,2.7,104.19921875,28,1467.2348902225494,1.4,121.625,47,1490.0051448345184
2026-02-13T16:50:40,idle_without_VPN,6.6,27.8,310.3817426635696,426.77489616240814,0.0,21218.824589364027,5.0,1309.55859375,51.378,52.0,1815.0,99.4,39.2734375,3,1338.1999199390411,84.1,59.85546875,89,1499.601743221283,4.1,30.94921875,14,1499.6903777122498,4.1,264.375,276,1496.6057958602905,2.8,25.82421875,9,1485.2624790668488
2026-02-13T16:50:41,idle_without_VPN,7.6,27.8,0.0,47.93296524944706,0.0,0.0,0.0,1309.55859375,51.516,52.0,1815.0,98.8,39.2734375,3,1339.3539180755615,6.9,104.20703125,28,1469.501935005188,4.1,59.87890625,89,1500.7545328140259,2.7,59.62890625,33,1503.2129032611847,2.7,30.95703125,13,1500.8434739112854
2026-02-13T16:50:43,idle_without_VPN,5.2,27.8,0.0,0.0,0.0,92912.4468775689,0.0,1309.55859375,51.473,52.0,1815.0,98.6,39.25,2,1340.5112364292145,21.6,59.96484375,89,1501.9134950637817,5.3,59.55078125,33,1504.3819303512573,4.0,20.19140625,6,1505.3472542762756,2.7,30.9140625,13,1502.0030636787415
2026-02-13T16:50:44,idle_without_VPN,8.1,27.7,0.0,0.0,0.0,6742.630140817122,0.0,1309.55859375,51.571,52.0,1815.0,99.8,39.2578125,2,1341.6539726257324,64.3,59.984375,89,1503.0549104213715,4.1,104.1796875,28,1471.8103249073029,4.1,30.94921875,14,1503.1438481807709,1.4,114.015625,147,1505.5808317661285
2026-02-13T16:50:45,idle_without_VPN,6.0,27.7,308.4316369535943,424.09350081119214,0.0,10318.440218083882,0.0,1309.55859375,53.34,52.0,1815.0,97.7,39.2578125,2,1342.7895216941833,5.5,59.67578125,33,1506.666386604309,2.7,104.1484375,28,1472.9482097625732,1.4,114.0,147,1506.722101688385,1.4,8.16796875,15,1507.8446326255798
2026-02-13T16:50:46,idle_without_VPN,5.6,27.7,0.0,0.0,0.0,10403.861396783135,0.0,1309.55859375,51.797,52.0,1815.0,100.5,38.671875,2,1343.92449593544,58.1,60.07421875,89,1505.3191225528717,4.1,104.19921875,28,1474.0881288051605,2.8,59.67578125,33,1507.7980916500092,2.8,30.9140625,13,1505.407250404358
2026-02-13T16:50:47,idle_without_VPN,8.8,27.8,186.28475202779128,827.7369641989593,0.0,22044.867258835977,0.0,1309.55859375,51.692,52.0,1815.0,99.6,39.2578125,2,1345.0849747657776,28.1,60.109375,89,1506.4856646060944,6.8,104.20703125,28,1475.2298874855042,4.0,30.953125,14,1506.5747249126434,2.7,59.51953125,33,1508.9432611465454
2026-02-13T16:50:48,idle_without_VPN,4.7,27.8,42.46666244123289,204.68931296674253,0.0,0.0,1.0,1309.55859375,51.787,52.0,1815.0,100.0,39.2578125,2,1346.2411577701569,8.0,104.1796875,28,1476.4011905193329,2.7,59.51953125,33,1510.112585067749,2.7,30.953125,14,1507.7341706752777,1.4,321.41015625,35,1401.987449645996
2026-02-13T16:50:49,idle_without_VPN,6.7,27.8,308.09025714480083,729.0885914818724,0.0,33609.84623397827,0.0,1309.55859375,51.649,52.0,1815.0,100.9,39.26171875,2,1347.37184715271,88.6,60.26171875,89,1508.7747039794922,4.1,104.2578125,28,1477.5401239395142,2.8,30.9140625,13,1508.8631761074066,2.7,59.59765625,33,1511.2541213035583
2026-02-13T16:50:51,idle_without_VPN,6.8,27.8,58.49267341527794,106.35031530050534,0.0,29948.248788622306,0.0,1309.55859375,51.576,52.0,1815.0,99.2,39.26171875,2,1348.5060288906097,5.5,104.15234375,28,1478.6694729328156,4.2,30.9140625,13,1509.9929213523865,1.4,59.61328125,33,1512.3814244270325,1.4,60.26171875,89,1509.9034748077393
2026-02-13T16:50:52,idle_without_VPN,5.1,27.8,37.07725109246499,249.83004902779982,0.0,108477.44319624043,0.0,1309.55859375,51.633,51.0,1815.0,99.7,38.671875,2,1349.6341087818146,34.5,60.29296875,89,1511.0357196331024,5.5,104.12890625,28,1479.804414987564,2.8,59.60546875,33,1513.515961408615,1.4,30.953125,14,1511.125295639038
2026-02-13T16:50:53,idle_without_VPN,8.3,27.7,0.0,48.058002540687816,0.0,25517.019423085207,5.0,1309.55859375,51.516,51.0,1815.0,100.7,39.25390625,3,1350.767068862915,53.7,60.3203125,89,1512.1713979244232,8.3,104.12109375,28,1480.9294505119324,4.2,59.609375,33,1514.641633272171,2.8,30.9140625,14,1512.260414838791
2026-02-13T16:50:54,idle_without_VPN,5.3,27.7,47.43268856224508,0.0,14391.429063033767,128173.66509264449,1.0,1309.55859375,51.67,51.0,1815.0,99.3,39.25390625,3,1351.8998284339905,6.9,104.1875,28,1482.0666184425354,4.1,30.9140625,13,1513.3908412456512,1.4,59.609375,33,1515.7755517959595,1.4,98.80078125,30,1506.2781388759613
2026-02-13T16:50:55,idle_without_VPN,6.4,27.7,310.3351601634583,426.7108452247552,0.0,115557.52872995684,1.0,1309.55859375,51.534,51.0,1815.0,99.5,39.25390625,3,1353.0313394069672,70.3,60.52734375,89,1514.434327840805,5.5,30.94921875,14,1514.5235841274261,4.1,59.51171875,33,1516.9146795272827,2.7,104.1484375,28,1483.2038714885712
2026-02-13T16:50:56,idle_without_VPN,7.8,27.8,0.0,262.59150338340527,0.0,17260.06854671464,1.0,1309.55859375,51.576,51.0,1815.0,99.4,39.25390625,3,1354.1627452373505,18.0,60.6796875,89,1515.5656452178955,6.9,104.171875,28,1484.3287966251373,6.9,30.9140625,13,1515.6548535823822,5.6,59.51171875,33,1518.0400779247284
2026-02-13T16:50:57,idle_without_VPN,5.8,27.8,0.0,0.0,0.0,87021.24363194301,1.0,1309.55859375,51.466,50.0,1815.0,100.8,39.25,3,1355.295946598053,6.9,104.0859375,28,1485.4623692035675,4.1,30.9140625,13,1516.7862808704376,2.8,114.0078125,147,1519.2323172092438,2.8,59.6328125,33,1519.1723501682281
2026-02-13T16:50:59,idle_without_VPN,7.9,27.8,180.14873105637923,48.569510824023816,0.0,13564.139750127379,0.0,1309.55859375,51.436,50.0,1815.0,99.2,39.25390625,3,1356.4279763698578,85.4,60.90234375,89,1517.8315761089325,5.5,104.1484375,28,1486.590601682663,4.1,58.36328125,33,1520.3033742904663,4.1,81.875,56,1516.4814314842224
2026-02-13T16:51:00,idle_without_VPN,6.9,27.8,312.38600918964715,429.5307626357648,0.0,4998.1761470343545,0.0,1309.55859375,51.48,50.0,1815.0,100.7,39.25390625,3,1357.5611708164215,12.4,104.171875,28,1487.721557378769,4.1,30.9140625,13,1519.0507514476776,2.8,4.65625,404,1770990659.0361173,2.8,264.5078125,276,1515.9685444831848
2026-02-13T16:51:01,idle_without_VPN,5.4,27.8,0.0,0.0,0.0,18391.989194604488,0.0,1309.55859375,51.495,50.0,1815.0,99.2,39.26171875,3,1358.7103991508484,39.5,60.90234375,89,1520.1096181869507,8.2,104.140625,28,1488.869462966919,5.5,30.9140625,13,1520.1978948116302,4.1,4.65625,404,1770990660.1771748
2026-02-13T16:51:02,idle_without_VPN,9.0,27.8,114.45019544351693,171.6752931652754,0.0,10654.272739469214,0.0,1309.55859375,51.595,50.0,1815.0,99.6,39.2578125,3,1359.8554689884186,47.7,60.94140625,89,1521.2559101581573,10.9,104.234375,28,1490.0165345668793,4.1,4.65625,404,1770990661.3299217,4.1,64.0078125,33,1523.7273859977722
2026-02-13T16:51:03,idle_without_VPN,5.9,27.7,115.50962166167928,115.50962166167928,0.0,17473.45549500312,0.0,1309.55859375,51.387,50.0,1815.0,99.6,38.671875,3,1360.9851462841034,10.9,104.16796875,28,1491.1586368083954,4.1,30.9140625,13,1522.4797987937927,2.8,91.24609375,115,1479.2918479442596,2.7,4.65625,404,1770990662.4728758
2026-02-13T16:51:04,idle_without_VPN,7.2,27.7,44.2375907469346,0.0,0.0,34880.455552142994,0.0,1309.55859375,51.384,49.0,1815.0,99.0,39.26171875,3,1362.1209683418274,75.8,61.11328125,89,1523.5240066051483,15.2,104.15234375,28,1492.2875080108643,5.5,59.5390625,33,1525.999178647995,5.5,30.953125,14,1523.6133697032928
2026-02-13T16:51:05,idle_without_VPN,7.8,27.8,310.5532527849763,522.294106956551,0.0,18971.980533773098,1.0,1309.55859375,51.486,49.0,1815.0,97.7,39.26171875,3,1363.2572071552277,11.0,61.6328125,89,1524.6579117774963,9.6,104.15625,28,1493.421707391739,4.1,59.5390625,33,1527.133085489273,2.8,30.953125,14,1524.7474205493927
2026-02-13T16:51:07,idle_without_VPN,5.5,27.8,5660.842772468731,5413.038105930981,0.0,8548.382255600094,1.0,1309.55859375,51.369,49.0,1815.0,100.1,38.66796875,3,1364.4120788574219,13.5,61.6328125,89,1525.8114099502563,12.3,104.17578125,28,1494.5658702850342,6.8,30.953125,14,1525.9006145000458,2.7,111.96875,47,1496.18013215065
2026-02-13T16:51:08,idle_without_VPN,8.4,27.8,857.8780128553138,66.18898495977872,0.0,103426.73597870878,0.0,1309.55859375,51.337,49.0,1815.0,99.7,39.26171875,3,1365.5712733268738,72.8,61.66796875,89,1526.9702117443085,13.5,104.1171875,28,1495.7248888015747,4.0,59.58203125,33,1529.4394960403442,1.4,12.0703125,4,1515.8606007099152
2026-02-13T16:51:09,idle_without_VPN,6.1,27.8,0.0,0.0,0.0,0.0,0.0,1309.55859375,51.23,49.0,1815.0,99.4,39.2578125,3,1366.7342953681946,14.8,104.140625,28,1496.883334159851,2.7,59.58203125,33,1530.5943758487701,2.7,98.8125,30,1521.1091103553772,2.7,12.0703125,4,1517.0230283737183
2026-02-13T16:51:10,idle_without_VPN,6.0,27.7,1251.6698157935652,1359.367692897754,0.0,22143.36194444551,0.0,1309.55859375,51.336,49.0,1815.0,99.5,39.26171875,3,1367.912425994873,55.7,61.75390625,89,1529.309133052826,13.3,104.20703125,28,1498.0607824325562,2.7,114.00390625,147,1531.8293144702911,2.7,343.61328125,95,1498.9895610809326
2026-02-13T16:51:11,idle_without_VPN,8.9,27.7,5095.723067352327,2234.8005092281737,0.0,79154.19482339296,0.0,1309.55859375,51.324,48.0,1815.0,100.8,39.265625,3,1369.0592017173767,29.8,61.77734375,89,1530.4629175662994,12.1,104.19140625,28,1499.2231957912445,2.7,59.4453125,33,1532.9335489273071,2.7,30.9140625,13,1530.5520634651184
2026-02-13T16:51:12,idle_without_VPN,5.4,27.8,0.0,0.0,0.0,91741.46018149245,0.0,1309.55859375,51.098,48.0,1815.0,99.6,39.26171875,3,1370.1878879070282,13.8,104.11328125,28,1500.3538641929626,5.5,30.94921875,14,1531.6797358989716,2.8,343.61328125,95,1501.2533650398254,1.4,59.44921875,33,1534.0639207363129
2026-02-13T16:51:13,idle_without_VPN,7.1,27.8,69.29428492575379,48.86135475533921,0.0,15919.917767557794,0.0,1309.55859375,51.216,48.0,1815.0,97.4,39.265625,3,1371.3105626106262,87.8,61.890625,89,1532.7120895385742,13.9,104.125,28,1501.4782826900482,7.0,30.9140625,13,1532.801518201828,6.9,343.59765625,95,1502.3822886943817
2026-02-13T16:51:15,idle_without_VPN,7.9,27.8,0.0,0.0,0.0,9038.363982634424,1.0,1309.55859375,51.062,48.0,1815.0,99.2,38.67578125,3,1372.477056503296,8.2,104.1640625,28,1502.61923289299,4.1,59.4765625,33,1536.3370988368988,2.7,30.9140625,13,1533.95916056633,2.7,321.3828125,35,1428.2329716682434
2026-02-13T16:51:16,idle_without_VPN,5.8,27.8,1300.2503113643818,409.1815024059563,0.0,15582.71374451774,6.0,1309.55859375,51.201,48.0,1815.0,99.7,39.265625,3,1373.651615858078,33.2,61.97265625,89,1535.048734664917,15.7,104.16015625,28,1503.810286283493,12.1,343.61328125,95,1504.7187957763672,5.3,30.953125,14,1535.1378235816956
2026-02-13T16:51:17,idle_without_VPN,9.8,27.8,0.0,0.0,70801.8001597792,166384.23037548113,1.0,1309.55859375,51.063,48.0,1815.0,98.5,39.265625,3,1374.7937505245209,53.1,61.99609375,89,1536.1956589221954,19.2,104.171875,28,1504.9528255462646,16.3,343.61328125,95,1505.8661921024323,4.1,30.953125,14,1536.2849247455597
2026-02-13T16:51:18,idle_without_VPN,6.7,27.7,57.54906452439771,104.6346627716322,0.0,22322.061391281535,0.0,1309.55859375,51.161,48.0,1815.0,100.0,39.265625,3,1375.9499039649963,16.2,343.61328125,95,1507.025889158249,15.0,104.19140625,28,1506.0974791049957,5.5,59.51953125,33,1539.8079941272736,4.1,30.953125,14,1537.4374084472656
2026-02-13T16:51:19,idle_without_VPN,7.2,27.7,386.59320761704475,0.0,0.0,15976.874445734013,1.0,1309.55859375,51.055,48.0,1815.0,99.1,39.265625,3,1377.116619348526,73.8,62.08203125,89,1538.513617515564,18.7,343.61328125,95,1508.1969628334045,17.5,104.2109375,28,1507.2611122131348,5.4,30.9140625,13,1538.6028192043304
2026-02-13T16:51:20,idle_without_VPN,9.1,27.8,298.4676509016426,501.9683219709444,0.0,8682.695298956876,0.0,1309.55859375,51.166,47.0,1815.0,100.4,39.265625,3,1378.2996020317078,18.5,343.61328125,95,1509.3792214393616,15.9,104.1796875,28,1508.4374508857727,11.9,62.12109375,89,1539.6964921951294,6.6,30.9140625,14,1539.784850358963
2026-02-13T16:51:22,idle_without_VPN,6.7,27.8,0.0,0.0,0.0,5594.733109909712,0.0,1309.55859375,51.03,47.0,1815.0,99.8,39.265625,3,1379.4897511005402,18.4,104.26953125,28,1509.6288754940033,18.4,62.31640625,89,1540.8876311779022,14.5,343.61328125,95,1510.5657336711884,3.9,30.9140625,13,1540.974757194519
2026-02-13T16:51:23,idle_without_VPN,9.0,27.8,0.0,0.0,0.0,95542.53624372075,1.0,1309.55859375,51.09,47.0,1815.0,100.1,39.25390625,3,1380.676257610321,66.0,62.34765625,89,1542.0695247650146,21.0,104.26171875,28,1510.8176293373108,10.5,343.61328125,95,1511.7556629180908,4.0,114.00390625,147,1544.5809915065765
2026-02-13T16:51:24,idle_without_VPN,6.8,27.7,0.0,0.0,0.0,5619.426308716835,1.0,1309.55859375,51.006,47.0,1815.0,100.6,39.2578125,3,1381.8406438827515,11.9,104.3046875,28,1511.9955995082855,10.8,343.61328125,95,1512.910127401352,6.7,30.94921875,13,1543.3309981822968,2.6,114.00390625,147,1545.7669110298157
2026-02-13T16:51:25,idle_without_VPN,6.7,27.7,677.8190169202974,775.3970759113942,0.0,0.0,0.0,1309.55859375,50.937,47.0,1815.0,97.9,39.2578125,3,1382.9743208885193,63.3,62.43359375,89,1544.3776304721832,24.7,104.20703125,28,1513.1346578598022,6.9,30.94921875,14,1544.467135667801,6.9,343.61328125,95,1514.0428211688995
2026-02-13T16:51:26,idle_without_VPN,10.2,27.7,0.0,0.0,0.0,26245.75884735664,0.0,1309.55859375,50.817,47.0,1815.0,100.7,39.2578125,3,1384.1068439483643,26.1,104.2421875,28,1514.2704820632935,24.9,62.46484375,89,1545.505568742752,5.5,59.45703125,33,1547.9805002212524,4.2,30.9140625,13,1545.5950639247894
2026-02-13T16:51:27,idle_without_VPN,6.2,27.8,0.0,0.0,0.0,68982.30563256648,0.0,1309.55859375,50.682,47.0,1815.0,98.5,39.26171875,3,1385.2643699645996,24.6,104.2421875,28,1515.4158959388733,10.8,343.61328125,95,1516.3402302265167,5.4,30.9140625,13,1546.7462253570557,5.4,49.00390625,58,1516.6815819740295
2026-02-13T16:51:29,idle_without_VPN,9.6,27.8,118.46578134899525,56.24993934556609,0.0,16581.80030162627,0.0,1309.55859375,50.793,48.0,1815.0,98.6,39.26953125,3,1386.4373965263367,84.6,62.69140625,89,1547.8394403457642,29.4,104.16015625,28,1516.5846529006958,4.0,4.65625,404,1770990687.896369,4.0,343.61328125,95,1517.5151393413544
2026-02-13T16:51:30,idle_without_VPN,8.5,27.8,0.0,0.0,0.0,121000.07481812,0.0,1309.55859375,50.889,48.0,1815.0,99.9,39.26953125,3,1387.5953788757324,34.6,104.26171875,28,1517.7572464942932,24.4,343.61328125,95,1518.66601395607,5.4,30.94921875,14,1549.0859591960907,2.7,4.65625,404,1770990689.0701673
2026-02-13T16:51:31,idle_without_VPN,8.2,27.8,525.7518408277226,580.2612290071855,0.0,17105.397684187577,0.0,1309.55859375,50.834,48.0,1815.0,99.5,39.26953125,3,1388.7257351875305,41.4,62.77734375,89,1550.1300692558289,23.4,343.61328125,95,1519.799724817276,16.5,104.28125,28,1518.8903739452362,4.1,30.9140625,14,1550.218956708908
2026-02-13T16:51:32,idle_without_VPN,10.6,27.7,186.85671800997167,617.8611288914628,0.0,97475.74602905088,1.0,1309.55859375,50.913,48.0,1815.0,97.5,39.26953125,3,1389.8804757595062,42.2,62.91796875,89,1551.278163909912,24.4,343.61328125,95,1520.9540739059448,21.9,104.19140625,28,1520.0327157974243,5.5,59.4296875,33,1553.7458605766296
2026-02-13T16:51:33,idle_without_VPN,8.0,27.7,0.0,415.3515956274206,0.0,19854.150961111558,1.0,1309.55859375,50.904,48.0,1815.0,99.0,39.2734375,3,1391.0325906276703,8.1,30.9140625,14,1552.5208585262299,2.7,147.421875,23,1445.7936165332794,1.4,23.31640625,5,1551.469387292862,1.4,102.75390625,39,1528.3125727176666
2026-02-13T16:51:34,idle_without_VPN,8.9,27.8,466.25989629891524,269.06351158602814,0.0,33206.11832889718,2.0,1309.55859375,50.925,48.0,1815.0,99.7,39.2734375,3,1392.160403728485,59.6,62.91796875,89,1553.560530424118,4.2,30.9140625,13,1553.6494677066803,4.1,59.5390625,33,1556.0396542549133,2.7,104.23046875,28,1522.331053495407
2026-02-13T16:51:35,idle_without_VPN,8.4,27.8,2491.0353404420853,476.4226850898834,0.0,10428.166430517596,0.0,1309.55859375,50.826,48.0,1815.0,98.3,39.2734375,3,1393.3053574562073,6.8,62.9453125,89,1554.70774435997,5.4,30.9140625,13,1554.7969970703125,2.8,59.43359375,33,1557.1714601516724,2.7,25.40625,12,1540.372683763504
2026-02-13T16:51:37,idle_without_VPN,7.6,27.8,2057.957961764292,208.1275152266867,0.0,6632.4452985101825,0.0,1309.55859375,50.736,48.0,1815.0,86.6,39.2734375,3,1394.4774496555328,18.7,63.12109375,89,1555.8783719539642,5.3,30.9140625,13,1555.9669518470764,1.4,114.0,147,1558.3881192207336,1.3,59.4375,33,1558.337149143219
2026-02-13T16:51:38,idle_without_VPN,8.8,27.8,1526.2071330614751,0.0,0.0,16893.184053753623,0.0,1309.55859375,50.781,48.0,1815.0,85.0,39.2734375,3,1395.653535604477,66.7,63.26171875,89,1557.048421382904,5.3,30.953125,14,1557.137366771698,4.0,59.52734375,33,1559.5128102302551,2.7,102.75390625,39,1532.940098285675
2026-02-13T16:51:39,idle_without_VPN,5.9,27.7,0.0,0.0,0.0,10098.69550746983,0.0,1309.55859375,50.901,49.0,1815.0,100.0,39.26953125,3,1396.8251497745514,9.3,30.953125,14,1558.3126308918,6.7,58.9921875,33,1560.683352947235,4.0,4.65625,404,1770990698.2802577,4.0,264.796875,277,1555.2351748943329
2026-02-13T16:51:40,idle_without_VPN,6.5,27.7,964.0205065342797,739.336747315648,0.0,0.0,0.0,1309.55859375,50.932,49.0,1815.0,99.9,39.2734375,3,1397.997934103012,62.5,63.26171875,89,1559.3988139629364,4.0,30.9140625,13,1559.4881937503815,4.0,147.41796875,23,1452.77188038826,2.7,264.8046875,277,1556.4089002609253
2026-02-13T16:51:41,idle_without_VPN,8.5,27.8,1903.0745617312796,1031.6214140063678,0.0,7495.185966203193,0.0,1309.55859375,50.885,49.0,1815.0,99.3,38.68359375,3,1399.1471779346466,23.2,63.28515625,89,1560.5458884239197,6.8,59.55078125,33,1563.0225863456726,4.1,30.9140625,13,1560.6352818012238,2.7,183.9296875,105,1535.1982073783875
2026-02-13T16:51:42,idle_without_VPN,5.2,27.8,942.3404456373198,417.8466911081993,0.0,103835.77689664508,1.0,1309.55859375,50.894,49.0,1815.0,98.8,38.68359375,3,1400.2855200767517,5.5,30.9140625,13,1561.7781870365143,4.1,59.55078125,33,1564.1623072624207,2.7,63.37109375,89,1561.6889131069183,1.4,4.65625,404,1770990701.7638047
2026-02-13T16:51:44,idle_without_VPN,7.1,27.8,545.9327515278038,236.24642570165904,0.0,62970.732675414496,1.0,1309.55859375,50.881,49.0,1815.0,100.0,38.68359375,3,1401.425854921341,85.1,63.38671875,89,1562.8272333145142,4.1,30.94921875,14,1562.9159607887268,3.7,183.9296875,105,1537.6148719787598,1.4,104.15625,28,1531.5753364562988
2026-02-13T16:51:45,idle_without_VPN,8.8,27.8,14942.14359748895,3035.765040765174,8572.288147199528,96633.06638661287,1.0,1309.55859375,50.847,49.0,1815.0,100.1,38.6875,3,1402.9549233913422,9.1,19.3515625,10,1566.8855335712433,9.1,98.25390625,30,1557.3840959072113,7.2,183.6484375,71,1564.4261548519135,3.1,30.94921875,14,1564.439168214798
2026-02-13T16:51:46,idle_without_VPN,9.4,27.8,4163.502247101346,3412.4390966438486,22292.425103434136,35528.55250859816,1.0,1322.94140625,51.101,49.0,1815.0,100.0,39.28125,3,1404.252037525177,74.6,63.38671875,89,1565.6508276462555,33.9,326.0703125,35,1460.002478837967,13.1,189.3046875,77,1565.7362985610962,6.0,30.9140625,13,1565.7397592067719
2026-02-13T16:51:48,idle_without_VPN,9.8,27.8,693.036769540933,0.0,0.0,153734.99814468191,0.0,1323.50390625,51.237,49.0,1815.0,99.9,39.28515625,3,1405.5027639865875,7.4,326.69921875,35,1461.2628829479218,3.7,229.5703125,23,1460.27498793602,2.5,59.3828125,33,1569.3609490394592,2.5,30.94921875,14,1566.989539384842
2026-02-13T16:51:49,idle_without_VPN,5.0,27.8,725.7979780784518,2078.880751595937,0.0,16812.916503794113,0.0,1322.62890625,51.087,49.0,1815.0,97.0,39.28125,3,1406.678846359253,35.7,63.58984375,89,1568.0812661647797,4.0,30.9140625,13,1568.170425415039,2.6,59.40234375,33,1570.5467331409454,1.3,114.015625,147,1570.6002535820007
2026-02-13T16:51:50,idle_without_VPN,8.9,27.8,6549.470508450627,3750.676653136134,0.0,54249.56658426762,0.0,1321.50390625,51.113,49.0,1815.0,101.0,39.28125,3,1407.8537480831146,50.7,63.60546875,89,1569.2523245811462,4.0,59.3984375,33,1571.713656425476,4.0,30.9140625,13,1569.3405311107635,2.7,4.65625,404,1770990709.3025656
2026-02-13T16:51:51,idle_without_VPN,5.4,27.8,840.8285418047749,649.6542455795444,0.0,10394.46792927271,1.0,1317.06640625,51.164,50.0,1815.0,98.1,38.69140625,3,1409.0324132442474,4.0,30.94921875,14,1570.5212075710297,2.7,59.515625,33,1572.887217760086,2.6,114.01171875,147,1572.9426186084747,2.6,264.90625,277,1567.4427342414856
2026-02-13T16:51:52,idle_without_VPN,6.1,27.8,0.0,0.0,0.0,13882.871217813039,0.0,1312.37109375,51.143,50.0,1815.0,100.6,39.26171875,3,1410.2122976779938,81.0,63.60546875,89,1571.609097480774,2.7,30.9140625,13,1571.6983134746552,2.7,105.11328125,17,1530.9454939365387,2.6,104.27734375,28,1540.35782456398
2026-02-13T16:51:54,idle_without_VPN,7.9,27.8,0.0,45.89995622639062,0.0,34815.966796906665,0.0,1312.12109375,51.285,50.0,1815.0,99.3,39.26171875,3,1411.392336845398,5.3,30.9140625,13,1572.869651556015,4.0,59.5546875,33,1575.2419784069061,4.0,63.69921875,89,1572.7848708629608,1.3,4.65625,404,1770990712.8400047
2026-02-13T16:51:55,idle_without_VPN,6.4,27.8,0.0,0.0,0.0,112558.60642266877,0.0,1308.12109375,51.219,50.0,1815.0,99.4,39.265625,3,1412.6024539470673,59.6,306.2109375,35,1468.3529913425446,28.2,63.83984375,89,1574.004302740097,3.9,116.17578125,25,1466.5749053955078,3.8,30.9140625,14,1574.0933561325073
2026-02-13T16:51:56,idle_without_VPN,9.4,27.7,508.17531585275077,560.8623887338052,13922.983904567673,94415.23460284954,0.0,1308.12109375,51.268,50.0,1815.0,101.2,39.2734375,3,1413.7604999542236,56.9,63.859375,89,1575.1581280231476,5.3,59.5546875,33,1577.6291377544403,4.1,30.94921875,14,1575.247320175171,4.0,25.40625,12,1560.8308267593384
2026-02-13T16:51:57,idle_without_VPN,5.5,27.7,0.0,0.0,0.0,124270.26764825867,0.0,1308.12109375,51.1,50.0,1815.0,97.4,39.2734375,3,1414.9315969944,2.7,30.94921875,14,1576.418847322464,1.3,114.00390625,147,1578.850216627121,1.3,12.03515625,10,1578.7643728256226,1.3,12.0703125,4,1565.2173540592194
2026-02-13T16:51:58,idle_without_VPN,5.7,27.7,0.0,0.0,0.0,13659.05481596016,3.0,1308.12109375,51.134,50.0,1815.0,101.3,38.6796875,3,1416.0889511108398,71.3,63.98046875,89,1577.4906222820282,4.0,30.9140625,13,1577.5798697471619,4.0,81.875,56,1576.1420214176178,2.7,59.5546875,33,1579.959793806076
2026-02-13T16:51:59,idle_without_VPN,7.8,27.8,0.0,0.0,0.0,5260.349213911678,1.0,1308.12109375,51.193,50.0,1815.0,98.1,39.2734375,3,1417.2518713474274,17.5,64.0078125,89,1578.6520717144012,2.7,4.65625,404,1770990718.719583,2.7,59.4296875,33,1581.1192083358765,2.7,30.9140625,13,1578.7412059307098
2026-02-13T16:52:01,idle_without_VPN,5.1,27.7,858.8965936371242,570.2935128777685,0.0,10617.828312487909,1.0,1308.12109375,51.216,50.0,1815.0,99.0,39.2734375,3,1418.420548915863,12.0,64.18359375,89,1579.8225061893463,6.7,30.9140625,13,1579.910875082016,2.7,29.05859375,19,1579.8166646957397,1.3,59.43359375,33,1582.2777698040009
2026-02-13T16:52:02,idle_without_VPN,7.8,27.7,0.0,0.0,13805.123832421556,118637.78293487275,0.0,1308.12109375,51.192,50.0,1815.0,98.1,38.6796875,3,1419.6151330471039,72.1,64.20703125,89,1581.0143246650696,5.2,30.9140625,13,1581.1035659313202,2.6,59.51171875,33,1583.4729421138763,1.3,4.65625,404,1770990721.0639849
2026-02-13T16:52:03,idle_without_VPN,5.9,27.7,0.0,0.0,0.0,264947.7220982263,0.0,1308.12109375,51.25,51.0,1815.0,100.2,39.2734375,3,1420.8005917072296,2.7,59.51171875,33,1584.6499264240265,2.6,30.94921875,14,1582.2859349250793,2.6,25.82421875,9,1567.874392747879,2.6,25.40625,12,1567.8688066005707
2026-02-13T16:52:04,idle_without_VPN,5.3,27.7,41.65655123453958,0.0,0.0,8104.69860819202,0.0,1308.12109375,51.236,51.0,1815.0,98.7,39.2734375,3,1421.9876034259796,60.3,64.20703125,89,1583.388901233673,5.2,30.9140625,13,1583.4759888648987,2.6,104.3125,28,1552.1279649734497,2.6,59.41796875,33,1585.8418123722076
2026-02-13T16:52:05,idle_without_VPN,8.1,27.8,295.6029232833339,497.15037097651606,0.0,8169.389879830318,1.0,1308.12109375,51.326,51.0,1815.0,100.3,39.27734375,3,1423.1712248325348,23.7,64.23046875,89,1584.574331521988,4.0,30.953125,14,1584.6627609729767,1.3,4.65625,404,1770990724.6290202,1.3,59.5078125,33,1587.0392043590546
2026-02-13T16:52:06,idle_without_VPN,4.6,27.7,0.0,0.0,0.0,8333.916671841043,1.0,1308.12109375,51.374,51.0,1815.0,99.8,39.2734375,3,1424.3304512500763,5.4,30.953125,14,1585.82084441185,5.4,64.31640625,89,1585.7319703102112,2.7,49.00390625,58,1555.74081158638,1.4,97.22265625,30,1578.7012598514557
2026-02-13T16:52:08,idle_without_VPN,7.3,27.7,0.0,0.0,0.0,100860.37185817024,1.0,1308.12109375,51.354,51.0,1815.0,98.0,39.26953125,3,1425.4780507087708,81.7,64.33203125,89,1586.8793370723724,2.7,30.9453125,14,1586.9684844017029,1.4,114.0078125,147,1589.4133813381195,1.4,59.40625,33,1589.3540470600128
2026-02-13T16:52:09,idle_without_VPN,6.4,27.7,192.07021940055995,0.0,0.0,0.0,1.0,1308.12109375,51.383,51.0,1815.0,99.8,39.27734375,3,1426.6528170108795,5.4,30.9140625,13,1588.1347858905792,2.7,59.40625,33,1590.512256860733,2.7,127.87890625,32,1542.3608989715576,1.3,11.98046875,10,1590.4778065681458
2026-02-13T16:52:10,idle_without_VPN,5.7,27.7,190.1326115743487,0.0,0.0,5262.048493300894,4.0,1308.12109375,51.334,51.0,1815.0,99.5,38.68359375,3,1427.8141918182373,45.5,64.33203125,89,1589.2140800952911,4.0,30.9140625,13,1589.3034427165985,2.7,59.515625,33,1591.6765048503876,1.3,114.0078125,147,1591.738543510437
2026-02-13T16:52:11,idle_without_VPN,8.2,27.7,303.621550210833,417.4796315398954,0.0,9274.258260985445,0.0,1308.12109375,51.436,51.0,1815.0,98.8,39.27734375,3,1428.9691870212555,40.5,64.359375,89,1590.3723068237305,5.4,30.9140625,13,1590.4614901542664,2.7,59.34765625,33,1592.8353943824768,2.7,12.0703125,4,1579.25488114357
2026-02-13T16:52:12,idle_without_VPN,5.3,27.7,249.89993365431104,150.98120991614624,0.0,15993.595753875907,0.0,1308.12109375,51.412,51.0,1815.0,99.0,39.27734375,3,1430.1215770244598,6.8,30.9140625,13,1591.6143712997437,2.7,184.29296875,79,1591.6125099658966,1.4,18.96875,10,1594.212858915329,1.4,104.23828125,28,1560.2799735069275
2026-02-13T16:52:13,idle_without_VPN,8.0,27.7,0.0,0.0,0.0,8877.101731327044,0.0,1308.12109375,51.286,51.0,1815.0,98.8,39.27734375,3,1431.2756853103638,85.9,64.4765625,89,1592.6721897125244,6.8,59.5078125,33,1595.1439034938812,2.7,30.9140625,13,1592.7601878643036,2.7,247.734375,50,1574.1834454536438
2026-02-13T16:52:15,idle_without_VPN,7.1,27.7,0.0,0.0,0.0,5298.7359994176895,0.0,1308.12109375,51.389,51.0,1815.0,99.4,39.26953125,3,1432.4384036064148,4.0,59.5078125,33,1596.304592370987,4.0,30.9140625,13,1593.9240946769714,1.3,104.359375,28,1562.5942857265472,1.3,265.0390625,277,1590.8461420536041
2026-02-13T16:52:16,idle_without_VPN,4.8,27.7,628.6994817376163,473.6776917201219,0.0,12787.575212109763,0.0,1308.12109375,51.31,52.0,1815.0,98.5,39.2734375,3,1433.5969321727753,28.2,64.65234375,89,1594.9966983795166,5.4,30.953125,14,1595.0859653949738,4.0,59.5234375,33,1597.4675018787384,1.4,111.9375,48,1565.3538315296173
2026-02-13T16:52:17,idle_without_VPN,7.9,27.7,0.0,0.0,0.0,0.0,1.0,1308.12109375,51.352,52.0,1815.0,100.0,39.2734375,3,1434.7538340091705,58.0,64.79296875,89,1596.1551082134247,4.1,30.94921875,14,1596.2439014911652,2.7,59.5078125,33,1598.6113839149475,1.3,184.33203125,79,1596.2410154342651
2026-02-13T16:52:18,idle_without_VPN,5.1,27.7,0.0,0.0,0.0,106314.47975162326,1.0,1308.12109375,51.301,52.0,1815.0,99.1,39.2734375,3,1435.9512913227081,5.2,30.9140625,13,1597.43816280365,2.6,265.05859375,277,1594.3614134788513,2.6,163.87890625,164,1577.4960079193115,1.3,104.27734375,28,1566.0814702510834
2026-02-13T16:52:19,idle_without_VPN,7.1,27.7,86.32702647771102,90.47736428913943,0.0,41224.47541335615,0.0,1308.12109375,51.209,52.0,1815.0,98.2,39.2734375,3,1437.1448991298676,73.2,64.79296875,89,1598.5443487167358,5.2,59.39453125,33,1601.002182483673,3.9,30.953125,14,1598.6323659420013,2.6,4.65625,404,1770990738.592515
2026-02-13T16:52:20,idle_without_VPN,8.3,27.7,293.676175767894,403.80474168085425,0.0,8970.472278001125,0.0,1308.12109375,51.29,52.0,1815.0,100.4,39.2734375,3,1438.3273210525513,10.5,64.81640625,89,1599.731608390808,7.9,30.9140625,13,1599.8177955150604,2.7,265.07421875,277,1596.7364785671234,2.6,59.39453125,33,1602.1935076713562
2026-02-13T16:52:22,idle_without_VPN,5.1,27.7,182.0361336195875,855.2263636090055,0.0,17145.74300054681,0.0,1308.12109375,51.274,52.0,1815.0,99.8,39.2734375,3,1439.4860939979553,18.9,64.90234375,89,1600.8863842487335,5.4,59.41015625,33,1603.356029033661,4.0,104.2734375,28,1569.64554977417,2.7,30.953125,14,1600.9753725528717
2026-02-13T16:52:23,idle_without_VPN,7.7,27.7,0.0,209.2925766289772,0.0,39572.797227507195,0.0,1308.12109375,51.447,52.0,1815.0,100.4,38.671875,3,1440.6382143497467,67.7,64.91796875,89,1602.0408935546875,4.1,30.953125,14,1602.1296291351318,4.0,183.9296875,105,1576.6999299526215,2.7,127.8984375,32,1556.3502414226532
2026-02-13T16:52:24,idle_without_VPN,5.7,27.7,0.0,254.02994972245622,0.0,18076.59899855526,0.0,1308.12109375,51.493,52.0,1815.0,99.5,39.265625,3,1441.8002078533173,4.0,59.50390625,33,1605.6653652191162,2.7,30.94921875,14,1603.2912337779999,1.3,4.65625,404,1770990743.2679596,1.3,114.01171875,147,1605.723947763443
2026-02-13T16:52:25,idle_without_VPN,5.2,27.7,0.0,0.0,0.0,0.0,0.0,1317.30859375,53.537,52.0,1815.0,99.3,39.265625,3,1442.9491593837738,58.4,64.91796875,89,1604.3519558906555,23.1,154.6015625,23,1497.7863864898682,4.1,30.953125,14,1604.4410738945007,1.4,4.65625,404,1770990744.4188752
2026-02-13T16:52:26,idle_without_VPN,9.4,27.8,286.95528951698094,635.051620834455,0.0,780935.7769982128,1.0,1317.30859375,51.685,52.0,1815.0,99.9,39.265625,3,1444.184515953064,26.6,64.9453125,89,1605.5863590240479,16.5,315.88671875,35,1499.9269044399261,5.1,104.22265625,28,1574.337045431137,3.8,30.9140625,13,1605.6755938529968
2026-02-13T16:52:27,idle_without_VPN,5.1,27.8,36.05359141610628,36.05359141610628,0.0,122183.9044714977,5.0,1317.30859375,51.813,52.0,1815.0,98.3,39.265625,3,1445.3443491458893,6.7,147.06640625,23,1500.1125292778015,5.4,65.12109375,89,1606.7400035858154,4.1,30.9140625,13,1606.8290030956268,4.0,104.22265625,28,1575.4976108074188
2026-02-13T16:52:29,idle_without_VPN,7.5,27.7,791.9561977447722,4659.024590014924,0.0,17745.364255812838,1.0,1313.30859375,51.773,52.0,1815.0,99.9,39.265625,3,1446.48659491539,81.5,65.14453125,89,1607.8896267414093,4.1,104.19921875,28,1576.648163318634,4.1,30.9140625,13,1607.9789288043976,2.7,127.91015625,32,1562.19584274292
2026-02-13T16:52:30,idle_without_VPN,6.8,27.7,1213.1807182065654,300.6730310252583,0.0,6712.70022754065,1.0,1309.30859375,51.768,52.0,1815.0,98.9,39.26171875,3,1447.718355178833,27.9,154.16796875,23,1502.4875717163086,6.3,143.26953125,47,1504.2166833877563,5.4,59.42578125,33,1611.5104727745056,5.1,30.9140625,13,1609.2015013694763
2026-02-13T16:52:31,idle_without_VPN,8.4,27.7,6858.8882313195345,3784.604758918705,0.0,863647.1295940351,0.0,1309.30859375,51.834,51.0,1815.0,98.4,39.2578125,3,1448.8776683807373,52.3,65.22265625,88,1610.2781293392181,5.1,104.2421875,28,1579.033188343048,2.7,30.9140625,13,1610.3649008274078,2.7,247.69140625,49,1591.7778012752533
2026-02-13T16:52:32,idle_without_VPN,8.4,27.7,1024.482825172192,287.86401963666856,0.0,78368.58772658452,0.0,1307.18359375,51.701,51.0,1815.0,100.4,39.26171875,3,1450.045247077942,33.4,65.33203125,88,1611.447529554367,10.5,156.8515625,23,1504.8293459415436,4.1,104.22265625,28,1580.1866953372955,4.0,30.9140625,13,1611.5361850261688
2026-02-13T16:52:33,idle_without_VPN,5.9,27.8,65707.45666809886,11820.10008903685,0.0,61942.73504616596,0.0,1307.18359375,51.866,51.0,1815.0,100.1,39.26171875,3,1451.234292268753,7.9,104.203125,28,1581.3777570724487,4.0,167.24609375,79,1612.715324163437,4.0,30.953125,14,1612.7171711921692,2.6,59.515625,33,1615.089345216751
2026-02-13T16:52:35,idle_without_VPN,7.1,27.8,42.43006072299063,45.82446558082988,0.0,13903.48229770957,0.0,1307.18359375,51.734,51.0,1815.0,98.9,39.265625,3,1452.4008598327637,86.6,65.34765625,88,1613.8011527061462,4.0,59.515625,33,1616.2679035663605,4.0,30.9140625,13,1613.8907601833344,2.7,4.65625,404,1770990753.8635266
2026-02-13T16:52:36,idle_without_VPN,6.5,27.8,303.5834666124914,417.42726659217567,0.0,126290.72211079641,1.0,1307.18359375,51.878,51.0,1815.0,100.5,39.26953125,3,1453.5516951084137,6.8,104.203125,28,1583.7086434364319,4.1,30.9140625,13,1615.037197113037,2.7,114.015625,147,1617.4788687229156,2.7,59.52734375,33,1617.4206454753876
2026-02-13T16:52:37,idle_without_VPN,6.0,27.8,0.0,0.0,0.0,67032.30880357651,0.0,1307.18359375,51.682,50.0,1815.0,100.1,39.2734375,3,1454.7379434108734,38.2,65.3828125,89,1616.1353332996368,6.6,30.94921875,14,1616.2243738174438,5.4,104.30859375,28,1584.8759615421295,4.0,59.52734375,33,1618.5871949195862
2026-02-13T16:52:38,idle_without_VPN,8.8,27.7,569.9063661553357,254.9803297465354,0.0,110664.84033290691,5.0,1307.18359375,51.858,50.0,1815.0,100.8,39.2734375,3,1455.9158744812012,46.3,65.4140625,89,1617.3152329921722,5.3,104.1953125,28,1586.0588715076447,2.7,265.1640625,276,1614.3228449821472,2.7,25.40625,12,1602.9784007072449
2026-02-13T16:52:39,idle_without_VPN,5.1,27.7,2156.549711300444,102.40837568502306,0.0,10486.617670146363,0.0,1307.18359375,51.824,50.0,1815.0,99.0,39.2734375,3,1457.0681157112122,9.4,104.21875,28,1587.228574514389,5.4,30.9140625,13,1618.5574123859406,4.0,4.65625,404,1770990758.5420306,2.7,183.9296875,105,1593.1229498386383
2026-02-13T16:52:40,idle_without_VPN,6.5,27.8,2395.539615071166,46.9202536140163,0.0,126344.07847234968,0.0,1307.18359375,51.639,50.0,1815.0,100.7,39.2734375,3,1458.2320108413696,81.9,65.58984375,89,1619.6319303512573,6.8,104.25,28,1588.3807890415192,5.4,30.9140625,13,1619.7187979221344,1.4,4.65625,404,1770990759.6913526
2026-02-13T16:52:42,idle_without_VPN,7.6,27.8,1854.813542307936,412.1807871795413,0.0,0.0,0.0,1307.18359375,51.665,50.0,1815.0,99.6,39.2734375,3,1459.4084503650665,9.3,104.3359375,28,1589.5597052574158,4.0,59.51953125,33,1623.2742512226105,4.0,65.60546875,89,1620.8070685863495,2.7,30.94921875,14,1620.895443201065
2026-02-13T16:52:43,idle_without_VPN,4.9,27.7,123.7313065459948,108.4767619033379,0.0,39919.44838042835,0.0,1307.18359375,51.48,50.0,1815.0,98.8,39.2734375,3,1460.5946552753448,26.4,65.609375,89,1621.9923856258392,8.0,104.33203125,28,1590.7372245788574,4.0,30.9140625,13,1622.0808489322662,2.6,97.20703125,30,1614.9709243774414
2026-02-13T16:52:44,idle_without_VPN,8.6,27.7,0.0,0.0,0.0,3868.3486177716222,1.0,1307.18359375,51.597,49.0,1815.0,98.6,39.2734375,3,1461.7859213352203,57.6,65.640625,89,1623.1851584911346,6.6,104.37890625,28,1591.9271893501282,3.9,30.9140625,13,1623.274243593216,2.6,308.390625,35,1517.5415754318237
2026-02-13T16:52:45,idle_without_VPN,5.4,27.7,0.0,0.0,0.0,7330.777777398483,1.0,1307.18359375,51.434,49.0,1815.0,99.2,39.27734375,3,1462.981262922287,6.6,104.2578125,28,1593.1090307235718,3.9,30.953125,14,1624.46613073349,1.3,114.00390625,147,1626.881528377533,1.3,59.52734375,33,1626.8242659568787
2026-02-13T16:52:46,idle_without_VPN,6.1,27.8,294.64351446799543,405.1348323934937,13714.31630978306,48857.25185360215,0.0,1307.18359375,51.454,49.0,1815.0,100.1,39.2890625,3,1464.1679077148438,75.2,65.84375,89,1625.561279296875,9.1,104.21875,28,1594.3141133785248,3.9,59.52734375,33,1628.0277338027954,2.6,177.72265625,79,1625.6478786468506
2026-02-13T16:52:47,idle_without_VPN,7.8,27.8,92.63714007425453,0.0,0.0,114263.70150249868,0.0,1307.18359375,51.458,49.0,1815.0,98.0,39.28125,3,1465.3484354019165,9.2,65.859375,89,1626.747477531433,7.9,59.41015625,33,1629.2125120162964,6.6,30.9453125,14,1626.8364989757538,5.3,104.2890625,28,1595.4985795021057
2026-02-13T16:52:49,idle_without_VPN,5.8,27.7,42.71080951178383,0.0,0.0,11371.325924417326,0.0,1307.18359375,51.438,49.0,1815.0,100.1,39.28125,3,1466.5035116672516,21.6,65.859375,89,1627.9045822620392,8.1,104.25390625,28,1596.6616532802582,4.0,30.953125,14,1627.9939985275269,2.7,343.703125,95,1597.577561378479
2026-02-13T16:52:50,idle_without_VPN,8.8,27.7,0.0,60.83918756001523,0.0,13349.856013169057,0.0,1307.18359375,51.407,49.0,1815.0,98.5,39.28125,3,1467.6614046096802,66.1,65.88671875,89,1629.062183380127,13.6,104.2578125,28,1597.8135831356049,2.7,59.5234375,33,1631.527020931244,2.7,30.953125,14,1629.1508541107178
2026-02-13T16:52:51,idle_without_VPN,5.9,27.7,302.0863977384775,415.36879689040654,0.0,3515.1871736841017,1.0,1307.18359375,51.472,49.0,1815.0,100.8,39.28125,3,1468.8237245082855,8.0,104.20703125,28,1598.9784696102142,4.0,30.953125,14,1630.3149061203003,2.7,23.2421875,5,1629.2591223716736,1.4,12.0703125,4,1619.112238407135
2026-02-13T16:52:52,idle_without_VPN,6.0,27.7,321.8581148191676,0.0,0.0,183446.97985768708,1.0,1307.18359375,51.38,48.0,1815.0,99.1,39.28125,3,1469.974628686905,61.1,66.0625,89,1631.3767292499542,14.9,104.2265625,28,1600.1349954605103,2.7,59.53125,33,1633.8478019237518,2.7,30.953125,14,1631.4652166366577
2026-02-13T16:52:53,idle_without_VPN,9.7,27.7,1059.794112100811,0.0,0.0,8464.431135071172,1.0,1307.18359375,51.344,48.0,1815.0,98.9,39.265625,3,1471.1282017230988,25.7,66.08203125,89,1632.52974152565,13.6,104.30859375,28,1601.2812089920044,4.1,30.94921875,14,1632.6186878681183,2.7,59.53515625,33,1634.9964129924774
2026-02-13T16:52:54,idle_without_VPN,5.1,27.8,0.0,0.0,0.0,4875.600825344525,0.0,1307.18359375,51.23,48.0,1815.0,98.9,39.26953125,3,1472.2814099788666,10.8,104.265625,28,1602.4384980201721,4.1,59.53515625,33,1636.1519660949707,4.1,30.9375,13,1633.7751023769379,4.1,183.9296875,105,1608.3339717388153
2026-02-13T16:52:56,idle_without_VPN,8.3,27.8,0.0,0.0,0.0,8845.216382000928,0.0,1307.18359375,51.136,48.0,1815.0,98.4,39.26953125,3,1473.4407510757446,84.9,66.44140625,89,1634.8453738689423,12.1,104.27734375,28,1603.5965859889984,4.0,30.9140625,13,1634.934005022049,1.4,12.02734375,10,1637.2700967788696
2026-02-13T16:52:57,idle_without_VPN,6.9,27.7,302.7575366149403,416.2916128455429,0.0,8367.117375540169,0.0,1307.18359375,51.124,48.0,1815.0,100.4,39.25390625,2,1474.5927429199219,8.1,104.2578125,28,1604.753602027893,2.7,59.4140625,33,1638.4633359909058,2.7,30.9140625,13,1636.0843315124512,2.7,12.0703125,4,1624.8788931369781
2026-02-13T16:52:58,idle_without_VPN,5.1,27.7,0.0,0.0,0.0,7166.417189187137,0.0,1307.18359375,51.092,48.0,1815.0,100.1,39.24609375,2,1475.748440504074,40.7,66.44140625,89,1637.1479287147522,13.6,104.28125,28,1605.9040842056274,4.1,81.875,56,1635.7989246845245,2.7,59.52734375,33,1639.6147413253784
2026-02-13T16:52:59,idle_without_VPN,9.0,27.7,0.0,0.0,0.0,17288.711820819026,0.0,1307.18359375,51.074,48.0,1815.0,99.8,39.25390625,2,1476.905800819397,45.8,66.46875,89,1638.3065519332886,13.5,104.30078125,28,1607.0621774196625,5.4,30.9140625,13,1638.3957455158234,1.4,163.87890625,164,1618.4341950416565
2026-02-13T16:53:00,idle_without_VPN,5.4,27.7,0.0,0.0,0.0,13313.090828310966,0.0,1307.18359375,51.091,47.0,1815.0,99.7,39.25,2,1478.0651397705078,10.9,104.359375,28,1608.2114202976227,5.4,30.9140625,13,1639.5500662326813,4.1,59.44140625,33,1641.9232409000397,1.3,265.29296875,276,1636.4741840362549
2026-02-13T16:53:01,idle_without_VPN,7.2,27.8,298.39200604223623,410.2890083080748,0.0,15624.890498211642,1.0,1307.18359375,50.933,47.0,1815.0,98.3,39.2578125,2,1479.241131067276,82.1,66.64453125,89,1640.6414737701416,11.9,104.2578125,28,1609.390867471695,4.0,26.9375,19,1640.632625579834,4.0,30.94921875,14,1640.7305705547333
2026-02-13T16:53:03,idle_without_VPN,7.8,27.8,0.0,0.0,0.0,106804.82549251226,1.0,1307.18359375,51.04,47.0,1815.0,99.0,39.26171875,2,1480.4094290733337,15.9,104.3359375,28,1610.5692694187164,10.7,343.703125,95,1611.4843771457672,4.0,30.9140625,13,1641.8969507217407,4.0,12.0703125,4,1630.698831319809
2026-02-13T16:53:04,idle_without_VPN,6.3,27.8,43.21541415273327,0.0,0.0,90275.27154849368,0.0,1307.18359375,50.894,47.0,1815.0,98.5,39.26171875,2,1481.5513434410095,24.6,66.78515625,89,1642.951210975647,13.6,104.2734375,28,1611.7205622196198,5.5,343.703125,95,1612.6229832172394,5.4,59.53125,33,1645.4308009147644
2026-02-13T16:53:05,idle_without_VPN,9.0,27.7,0.0,0.0,0.0,5407.914244978492,0.0,1307.18359375,51.074,47.0,1815.0,99.4,38.671875,2,1482.7308599948883,61.1,66.8125,89,1644.1267733573914,18.4,343.703125,95,1613.8143637180328,17.9,104.25390625,28,1612.8581869602203,5.5,59.53125,33,1646.5724730491638
2026-02-13T16:53:06,idle_without_VPN,7.5,27.7,346.1899423161261,500.23618459076596,298525.0534161795,10984365.033654422,0.0,1307.18359375,50.86,47.0,1815.0,98.7,39.26171875,2,1483.9019730091095,17.5,343.703125,95,1614.9724280834198,16.9,104.30859375,28,1614.0631160736084,3.9,52.78125,4,1661.7568213939667,2.7,30.94921875,14,1645.3927595615387
2026-02-13T16:53:07,idle_without_VPN,6.7,27.7,0.0,0.0,0.0,12493.237984802307,0.0,1307.18359375,50.698,47.0,1815.0,98.9,39.26171875,2,1485.0549442768097,65.0,66.8984375,89,1646.4586789608002,16.3,104.33203125,28,1615.2114593982697,12.2,343.703125,95,1616.122284412384,4.1,30.953125,14,1646.54722738266
2026-02-13T16:53:08,idle_without_VPN,10.4,27.7,0.0,54.05878124398445,0.0,45534.93212396522,0.0,1307.18359375,50.826,48.0,1815.0,99.1,38.671875,2,1486.2219293117523,25.0,343.703125,95,1617.3092172145844,20.1,66.91796875,89,1647.6228992938995,13.6,104.34765625,28,1616.3646626472473,6.7,265.3515625,276,1644.631675004959
2026-02-13T16:53:10,idle_without_VPN,9.1,27.7,492.6190069283234,0.0,0.0,15871.045012330202,0.0,1307.18359375,50.788,48.0,1815.0,100.7,38.671875,2,1487.4018816947937,17.0,104.27734375,28,1617.556314945221,12.0,343.6875,95,1618.4770452976227,9.3,67.0078125,89,1648.8027181625366,3.9,59.48828125,33,1651.2665667533875
2026-02-13T16:53:11,idle_without_VPN,9.2,27.7,520.8310694395994,806.9455056120111,0.0,14912.215882902217,1.0,1307.18359375,50.884,48.0,1815.0,99.7,39.26171875,2,1488.5614676475525,77.0,67.04296875,89,1649.9590725898743,21.4,104.28515625,28,1618.725126504898,12.2,343.6953125,95,1619.6262683868408,5.4,30.9140625,13,1650.0479078292847
2026-02-13T16:53:12,idle_without_VPN,7.3,27.7,306.10032138154463,677.4208816938161,0.0,39626.077967938145,3.0,1307.18359375,50.948,48.0,1815.0,99.9,39.26171875,2,1489.7185552120209,23.1,104.3046875,28,1619.872566461563,14.9,343.42578125,95,1620.7806022167206,5.5,59.4921875,33,1653.5819656848907,4.1,30.9140625,13,1651.2038724422455
2026-02-13T16:53:13,idle_without_VPN,7.0,27.7,410.21882380420425,256.1704047384904,0.0,101914.27993920483,1.0,1307.18359375,51.062,48.0,1815.0,99.8,39.26171875,2,1490.8616371154785,50.3,67.1171875,89,1652.2642788887024,19.1,104.3515625,28,1621.0197541713715,6.8,30.9140625,13,1652.3538837432861,6.8,343.44140625,95,1621.933498620987
2026-02-13T16:53:14,idle_without_VPN,9.9,27.7,52.239410370984196,0.0,0.0,0.0,1.0,1307.18359375,51.048,48.0,1815.0,98.3,39.26171875,2,1492.0214681625366,36.4,67.140625,89,1653.423949956894,14.9,104.3515625,28,1622.173103570938,6.7,343.44921875,95,1623.0967950820923,5.4,59.4921875,33,1655.8827295303345
2026-02-13T16:53:15,idle_without_VPN,6.1,27.7,66.99165951507608,254.22475918541693,0.0,9674.28272792073,0.0,1307.18359375,51.001,48.0,1815.0,100.4,39.26171875,2,1493.1886439323425,25.5,104.3203125,28,1623.3373003005981,9.4,343.453125,95,1624.2594933509827,4.0,30.94921875,14,1654.6716978549957,4.0,265.40234375,276,1651.5983560085297
2026-02-13T16:53:16,idle_without_VPN,9.0,27.7,302.6104664139985,416.08939131924797,0.0,13204.820352610845,0.0,1307.18359375,50.997,48.0,1815.0,98.2,39.26171875,2,1494.350032567978,85.8,67.2578125,89,1655.7478687763214,26.8,104.32421875,28,1624.5031414031982,9.4,343.453125,95,1625.4209911823273,5.4,30.94921875,14,1655.8371024131775
2026-02-13T16:53:18,idle_without_VPN,8.2,27.7,66.65500833911618,47.000326392966535,0.0,19688.864001708163,0.0,1307.18359375,51.11,48.0,1815.0,99.0,39.26171875,2,1495.517683506012,30.6,104.265625,28,1625.6768209934235,10.7,343.453125,95,1626.5857572555542,5.3,30.9140625,13,1657.005152463913,2.7,265.41796875,276,1653.9234912395477
2026-02-13T16:53:19,idle_without_VPN,7.8,27.7,110.84530306549601,47.62884116095532,0.0,9754.38666976365,1.0,1307.18359375,51.078,49.0,1815.0,100.5,39.265625,2,1496.6685347557068,32.5,67.34765625,89,1658.0703394412994,24.5,104.29296875,28,1626.8270206451416,6.8,343.453125,95,1627.73459482193,5.4,59.59375,33,1660.537947177887
2026-02-13T16:53:20,idle_without_VPN,10.3,27.7,0.0,210.51800736376626,0.0,14311.730425925089,5.0,1307.18359375,51.056,49.0,1815.0,96.5,39.265625,2,1497.8182520866394,54.6,67.37109375,89,1659.2156829833984,33.9,343.453125,95,1628.8870162963867,21.8,104.2578125,28,1627.9729504585266,5.5,30.9140625,13,1659.3049590587616
2026-02-13T16:53:21,idle_without_VPN,8.8,27.7,303.6181160518571,464.0526887383498,0.0,6624.395259313245,0.0,1307.18359375,51.14,49.0,1815.0,100.3,39.265625,2,1498.9713959693909,19.0,343.453125,95,1630.040685415268,4.1,30.9140625,13,1660.4600622653961,2.7,59.59375,33,1662.8387007713318,1.4,265.4375,276,1657.3792626857758
2026-02-13T16:53:22,idle_without_VPN,8.6,27.7,345.31915419130866,0.0,0.0,89294.64997270203,0.0,1307.18359375,51.005,49.0,1815.0,100.1,39.265625,2,1500.1107020378113,71.2,67.45703125,89,1661.512559890747,4.1,114.00390625,147,1664.0482921600342,4.1,59.6015625,33,1663.9883651733398,4.1,30.953125,14,1661.6010239124298
2026-02-13T16:53:23,idle_without_VPN,10.0,27.7,46.93734762984362,47.80655777113702,0.0,10235.818623871082,0.0,1307.18359375,51.225,49.0,1815.0,87.2,39.26953125,3,1501.2931957244873,14.6,67.47265625,89,1662.6920893192291,6.6,30.9140625,13,1662.781105518341,2.7,4.65625,403,1770990802.739251,1.3,59.6015625,33,1665.1497294902802
2026-02-13T16:53:25,idle_without_VPN,5.9,27.7,0.0,0.0,0.0,75338.2727455205,0.0,1307.18359375,51.203,49.0,1815.0,73.1,39.26953125,3,1502.4907100200653,16.9,67.47265625,89,1663.8913943767548,3.9,59.4296875,33,1666.3463337421417,3.9,30.9453125,14,1663.9798755645752,1.3,114.0,147,1666.3990371227264
2026-02-13T16:53:26,idle_without_VPN,8.6,27.7,165.06417385248236,265.10306709641105,0.0,16219.63922461564,0.0,1307.18359375,51.201,49.0,1815.0,82.2,39.26953125,3,1503.6877896785736,66.7,67.50390625,89,1665.0856614112854,3.9,59.515625,33,1667.5386428833008,3.9,30.953125,14,1665.174809217453,2.6,105.3125,18,1624.4219448566437
2026-02-13T16:53:27,idle_without_VPN,6.4,27.7,350.7709337864042,461.54070235053183,0.0,32223.93267320077,0.0,1307.18359375,51.262,49.0,1815.0,98.2,39.2734375,3,1504.8807899951935,2.6,30.9140625,13,1666.369616985321,2.6,105.3125,18,1625.6170234680176,2.6,102.75390625,39,1642.1745376586914,2.6,152.3828125,23,1559.6630265712738
2026-02-13T16:53:28,idle_without_VPN,6.9,27.7,55.38272357280344,91.46540711266023,0.0,96238.39092602547,1.0,1307.18359375,51.209,49.0,1815.0,99.0,39.26953125,3,1506.0650820732117,64.7,67.67578125,89,1667.4641416072845,7.9,30.953125,14,1667.5532960891724,6.5,59.53515625,33,1669.9288330078125,2.6,91.26171875,116,1624.372035741806
2026-02-13T16:53:29,idle_without_VPN,7.9,27.7,0.0,45.77714736369373,0.0,10416.844200093861,0.0,1307.18359375,51.207,49.0,1815.0,97.9,39.27734375,3,1507.2458226680756,19.9,67.69140625,89,1668.6442472934723,2.7,30.9140625,13,1668.7332203388214,2.6,114.01171875,147,1671.1590359210968,1.3,59.40234375,33,1671.105165719986
2026-02-13T16:53:31,idle_without_VPN,5.1,27.7,35.670299016884194,35.670299016884194,0.0,0.0,0.0,1307.18359375,51.207,49.0,1815.0,96.3,39.27734375,3,1508.413934469223,10.7,67.69140625,89,1669.8145830631256,4.0,59.40234375,33,1672.2795436382294,4.0,30.94921875,14,1669.903397321701,2.7,12.0703125,4,1658.709040403366
2026-02-13T16:53:32,idle_without_VPN,7.7,27.7,300.4485799564466,413.1167974401141,0.0,17480.64465201144,0.0,1307.18359375,51.327,50.0,1815.0,101.0,38.6875,3,1509.6047885417938,73.8,67.71875,89,1671.0011823177338,5.3,30.9140625,13,1671.0880100727081,1.3,104.4453125,28,1639.7405083179474,1.3,59.48046875,33,1673.4521470069885
2026-02-13T16:53:33,idle_without_VPN,6.0,27.7,55.10926013888397,100.19865479797085,0.0,24795.827107337853,1.0,1307.18359375,51.298,50.0,1815.0,99.2,39.27734375,3,1510.7854309082031,4.0,25.83984375,9,1657.8533158302307,3.9,30.953125,14,1672.2765431404114,2.6,59.48046875,33,1674.652658700943,2.6,105.3125,18,1631.5237214565277
2026-02-13T16:53:34,idle_without_VPN,5.4,27.7,42.91275672890578,46.34577726721824,0.0,7470.252691367918,1.0,1307.18359375,51.189,50.0,1815.0,100.8,39.27734375,3,1511.9331078529358,55.8,67.92578125,89,1673.3348805904388,4.0,59.50390625,33,1675.8100354671478,2.7,30.953125,14,1673.4237177371979,0.0,4.65625,403,1770990813.409842
2026-02-13T16:53:35,idle_without_VPN,7.9,27.7,0.0,47.27969138791937,0.0,4034.533665102453,1.0,1307.18359375,51.346,50.0,1815.0,99.7,39.28125,3,1513.0770153999329,31.4,67.95703125,89,1674.4803631305695,4.1,30.9453125,14,1674.5693199634552,1.4,104.51953125,28,1643.2402737140656,1.4,265.58203125,276,1671.4891226291656
2026-02-13T16:53:36,idle_without_VPN,4.7,27.7,305.8380606437246,420.5273333851213,0.0,7562.541135917553,1.0,1307.18359375,51.253,50.0,1815.0,98.5,39.28125,3,1514.2347633838654,4.1,30.953125,14,1675.7237842082977,2.7,59.5234375,33,1678.1035552024841,1.4,67.95703125,89,1675.6347064971924,1.4,97.19140625,30,1668.6041831970215
2026-02-13T16:53:37,idle_without_VPN,6.7,27.7,0.0,0.0,0.0,96485.30446362907,1.0,1307.18359375,51.329,50.0,1815.0,99.7,38.69140625,3,1515.3792905807495,87.1,68.18359375,89,1676.7829599380493,8.2,30.953125,14,1676.872065782547,5.4,59.5234375,33,1679.2514901161194,2.7,25.83984375,9,1662.4442675113678
2026-02-13T16:53:39,idle_without_VPN,7.1,27.7,0.0,0.0,0.0,0.0,0.0,1307.18359375,51.262,50.0,1815.0,100.3,39.28125,3,1516.5322470664978,8.1,30.9140625,13,1678.022812128067,1.4,4.65625,403,1770990818.0038376,1.4,8.16796875,15,1681.5824851989746,1.4,265.609375,276,1674.9385631084442
2026-02-13T16:53:40,idle_without_VPN,5.0,27.7,470.34826075178995,184.99783168716044,0.0,4467.872161501233,0.0,1307.18359375,51.186,50.0,1815.0,99.4,38.69140625,3,1517.7109208106995,34.7,68.26953125,89,1679.1055040359497,4.0,59.4140625,33,1681.5587346553802,2.7,30.953125,14,1679.1905794143677,2.6,265.609375,275,1676.1258471012115
2026-02-13T16:53:41,idle_without_VPN,8.7,27.7,900.6177820961605,648.3111307111508,0.0,53041.20756003807,0.0,1307.18359375,51.247,50.0,1815.0,100.9,39.28125,3,1518.8877050876617,50.3,68.2890625,89,1680.2865965366364,5.3,30.9140625,13,1680.3746399879456,1.3,59.421875,33,1682.7523334026337,0.0,4.65625,403,1770990820.3469353
2026-02-13T16:53:42,idle_without_VPN,4.6,27.7,2322.333901327008,517.9611260729341,0.0,84341.05365667607,0.0,1307.18359375,51.28,50.0,1815.0,97.6,39.28125,3,1520.0719175338745,3.9,30.953125,14,1681.5618455410004,2.7,59.51171875,33,1683.9294693470001,1.3,23.33203125,5,1680.506534576416,1.3,91.26171875,116,1638.3792777061462
2026-02-13T16:53:43,idle_without_VPN,6.4,27.7,3684.22993573322,534.9703742297553,0.0,4306.67974222696,0.0,1307.18359375,51.205,51.0,1815.0,100.0,39.28125,3,1521.2593989372253,81.7,68.37890625,89,1682.6583721637726,4.0,30.9140625,13,1682.747192621231,2.6,59.51171875,33,1685.1158752441406,1.3,114.0078125,147,1685.170377254486
2026-02-13T16:53:45,idle_without_VPN,7.0,27.7,7831.367724270322,5239.832256016004,0.0,7807.646575819481,2.0,1307.18359375,51.304,51.0,1815.0,100.5,39.28125,3,1522.4255385398865,6.7,30.9140625,13,1683.9114854335785,4.0,59.43359375,33,1686.2955586910248,2.7,68.40234375,89,1683.8248286247253,1.4,183.9296875,105,1658.484160900116
2026-02-13T16:53:46,idle_without_VPN,4.9,27.7,309.9206358740017,0.0,0.0,7978.292123505026,1.0,1307.18359375,51.472,51.0,1815.0,98.7,39.28125,3,1523.5810062885284,25.7,68.48828125,89,1684.9812467098236,5.4,30.953125,14,1685.0704517364502,2.7,343.71875,95,1654.6530921459198,1.4,113.99609375,147,1687.510549068451
2026-02-13T16:53:47,idle_without_VPN,8.8,27.7,304.7176301952994,418.9867415185367,0.0,0.0,0.0,1307.18359375,51.427,51.0,1815.0,98.2,39.28125,3,1524.7420063018799,59.2,68.50390625,89,1686.1417503356934,5.4,30.953125,14,1686.2299358844757,4.1,59.51171875,33,1688.6043627262115,4.0,308.3203125,35,1580.497406244278
2026-02-13T16:53:48,idle_without_VPN,5.6,27.7,0.0,0.0,0.0,25667.942937227952,0.0,1307.18359375,51.446,51.0,1815.0,101.0,39.2734375,3,1525.9329009056091,4.0,59.53125,33,1689.7840299606323,3.9,30.9140625,13,1687.4169654846191,1.3,105.08984375,28,1656.070604801178,1.3,265.67578125,275,1684.3406958580017
2026-02-13T16:53:49,idle_without_VPN,5.7,27.7,42.264946740353224,0.0,0.0,8223.068037803123,0.0,1307.18359375,51.292,51.0,1815.0,98.7,39.27734375,3,1527.1048645973206,69.0,68.50390625,89,1688.5065252780914,4.0,114.00390625,147,1691.0220501422882,4.0,30.94921875,14,1688.5929861068726,2.7,308.34765625,35,1582.8589997291565
2026-02-13T16:53:50,idle_without_VPN,7.6,27.7,186.62241511154204,45.80732007283304,0.0,9989.388910697813,0.0,1307.18359375,51.455,51.0,1815.0,98.9,39.28125,3,1528.2898695468903,17.2,68.52734375,89,1689.6862506866455,6.6,30.9140625,13,1689.774661064148,4.0,4.65625,403,1770990829.7429085,2.6,59.53125,33,1692.1490395069122
2026-02-13T16:53:52,idle_without_VPN,5.1,27.7,939.6504335163515,407.5186467938299,0.0,4742.035162691838,0.0,1307.18359375,51.412,51.0,1815.0,100.9,39.28125,3,1529.4820492267609,15.8,68.61328125,89,1690.8756709098816,3.9,59.53125,33,1693.3353006839752,2.6,30.94921875,14,1690.9647421836853,2.6,12.0703125,4,1679.7740025520325
2026-02-13T16:53:53,idle_without_VPN,8.6,27.7,0.0,0.0,0.0,90941.9613030225,0.0,1307.18359375,51.431,51.0,1815.0,98.7,39.2734375,3,1530.6529326438904,68.9,68.63671875,89,1692.0543506145477,6.6,30.9140625,13,1692.1432602405548,4.0,59.43359375,33,1694.5159375667572,2.7,308.34765625,35,1586.4062356948853
2026-02-13T16:53:54,idle_without_VPN,6.1,27.7,0.0,0.0,0.0,14871.279714169445,1.0,1307.18359375,51.526,51.0,1815.0,100.1,39.2734375,3,1531.808413028717,4.0,59.53125,33,1695.6848611831665,2.7,105.03515625,28,1661.9727907180786,2.7,30.9140625,13,1693.3015010356903,2.7,265.6953125,275,1690.211933374405
2026-02-13T16:53:55,idle_without_VPN,5.0,27.7,345.5113091655924,0.0,0.0,114360.75332058719,1.0,1307.18359375,51.432,52.0,1815.0,96.7,39.2734375,3,1532.9718854427338,59.3,68.84765625,89,1694.3716707229614,6.7,30.9140625,13,1694.460781097412,2.7,59.53125,33,1696.8377573490143,2.7,265.6953125,275,1691.3838868141174
2026-02-13T16:53:56,idle_without_VPN,9.2,27.7,725.8409933298353,939.9812863856754,0.0,12328.976872484029,5.0,1307.18359375,51.55,52.0,1815.0,100.2,39.2734375,3,1534.1418426036835,26.7,68.890625,89,1695.5438725948334,6.7,30.9140625,14,1695.6306495666504,1.3,8.0390625,14,1700.515127658844,1.3,8.16796875,15,1699.1779944896698
2026-02-13T16:53:57,idle_without_VPN,4.6,27.7,0.0,46.08292518568073,0.0,104864.25642252681,1.0,1307.18359375,51.379,52.0,1815.0,100.4,39.2734375,3,1535.29425907135,5.4,30.9140625,14,1696.781576871872,4.0,59.42578125,33,1699.1683657169342,1.4,308.48828125,35,1591.0336575508118,1.4,127.671875,51,1654.373589515686
2026-02-13T16:53:59,idle_without_VPN,7.2,27.7,178.47056023624813,251.08358229315303,0.0,32698.606173480446,1.0,1307.18359375,51.465,52.0,1815.0,100.1,39.2734375,3,1536.4333741664886,87.7,68.9921875,89,1697.8330256938934,5.5,59.44921875,33,1700.3050034046173,5.5,30.9140625,13,1697.9220008850098,4.1,81.875,56,1696.486091852188
2026-02-13T16:54:00,idle_without_VPN,6.5,27.7,0.0,104.87523214840495,0.0,7159.482514664444,0.0,1307.18359375,51.605,52.0,1815.0,99.4,39.2734375,3,1537.580647468567,4.1,30.9140625,13,1699.071039199829,2.7,343.453125,95,1668.649849653244,1.4,4.65625,403,1770990839.0580912,1.4,59.52734375,33,1701.4505927562714
2026-02-13T16:54:01,idle_without_VPN,5.9,27.7,194.81366576973363,123.73300393483082,0.0,16624.09947901727,0.0,1307.18359375,51.602,52.0,1815.0,100.3,39.2734375,3,1538.7333335876465,38.2,68.9921875,89,1700.1278684139252,6.8,30.9140625,13,1700.2170162200928,4.1,59.52734375,33,1702.5956780910492,2.7,114.0078125,147,1702.6528952121735
2026-02-13T16:54:02,idle_without_VPN,8.2,27.7,301.5743048999249,414.6646692373968,0.0,9650.377756797598,4.0,1307.18359375,51.668,52.0,1815.0,100.1,39.2734375,3,1539.8881433010101,48.4,69.01953125,89,1701.2893435955048,4.0,59.56640625,33,1703.7612597942352,2.7,30.9140625,13,1701.3779973983765,1.4,91.26171875,116,1658.1954860687256
2026-02-13T16:54:03,idle_without_VPN,4.9,27.7,696.112682966854,374.5625048173709,0.0,103229.77394948163,1.0,1307.18359375,51.575,52.0,1815.0,97.0,39.26953125,3,1541.0327758789062,8.2,30.9140625,13,1702.5242779254913,4.1,265.73828125,275,1699.4446682929993,1.4,59.56640625,33,1704.9132823944092,1.4,12.2421875,10,1704.877093076706
2026-02-13T16:54:04,idle_without_VPN,6.9,27.7,43.46710988712843,46.944478678098704,0.0,9347.167310128098,0.0,1307.18359375,51.822,52.0,1815.0,100.2,39.26953125,3,1542.2020037174225,77.7,69.1015625,89,1703.601103067398,5.4,59.57421875,33,1706.0701081752777,4.0,30.95703125,14,1703.6902391910553,1.4,4.65625,403,1770990843.6653326
2026-02-13T16:54:05,idle_without_VPN,7.7,27.7,73.45421489488217,73.45421489488217,0.0,5685.014585352741,0.0,1307.18359375,53.543,52.0,1815.0,99.1,39.265625,3,1543.3692224025726,9.4,69.1328125,89,1704.769830942154,5.4,124.296875,99,1599.4485502243042,4.0,59.57421875,33,1707.2391300201416,4.0,30.94921875,14,1704.8587357997894
2026-02-13T16:54:07,idle_without_VPN,5.0,27.7,366.4713349041434,1104.5755728096717,0.0,9689.983841221294,0.0,1307.18359375,51.823,52.0,1815.0,99.9,39.27734375,3,1544.526539325714,21.6,69.3515625,89,1705.9292962551117,4.1,59.7421875,33,1708.3956453800201,4.0,30.953125,14,1706.0185005664825,2.7,77.75390625,65,1704.589789390564
2026-02-13T16:54:08,idle_without_VPN,8.7,27.7,0.0,489.9876626634079,0.0,13415.704988431275,0.0,1307.18359375,51.892,52.0,1815.0,98.9,39.2734375,3,1545.6637103557587,68.7,69.37109375,89,1707.0662269592285,6.9,30.94921875,14,1707.155514240265,4.1,58.37890625,33,1709.5391857624054,1.4,4.65625,403,1770990847.1431782
2026-02-13T16:54:09,idle_without_VPN,5.7,27.7,0.0,211.44943633133826,0.0,6289.08530963914,0.0,1307.18359375,51.864,52.0,1815.0,99.5,39.28125,3,1546.8097276687622,2.7,61.8046875,33,1710.682832479477,2.7,30.953125,14,1708.2995483875275,2.7,265.8046875,276,1705.219782114029,1.4,104.8203125,28,1676.9683299064636
2026-02-13T16:54:10,idle_without_VPN,5.3,27.7,0.0,155.8934308886049,0.0,0.0,0.0,1307.18359375,51.906,52.0,1815.0,98.2,39.28125,3,1547.9562368392944,57.2,69.4609375,89,1709.3573110103607,5.5,30.9140625,13,1709.441391468048,5.5,25.8515625,9,1695.022953748703,2.7,265.81640625,276,1706.3659653663635
2026-02-13T16:54:11,idle_without_VPN,9.1,27.7,0.0,209.4991377150246,0.0,10236.771144116721,0.0,1307.18359375,51.801,52.0,1815.0,99.4,39.28125,3,1549.103181362152,30.0,69.484375,89,1710.5029973983765,6.8,30.9140625,13,1710.589840888977,2.7,4.65625,403,1770990850.5743186,2.7,59.421875,33,1712.9735834598541
2026-02-13T16:54:12,idle_without_VPN,5.6,27.7,343.09762287566934,505.0675666697671,0.0,95412.48818081558,5.0,1307.18359375,51.788,51.0,1815.0,101.0,39.28125,3,1550.2475802898407,5.4,30.9140625,13,1711.7380514144897,4.1,59.5390625,33,1714.1181423664093,2.7,4.65625,403,1770990851.7237,2.7,12.0703125,4,1700.5288672447205
2026-02-13T16:54:14,idle_without_VPN,7.1,27.7,0.0,203.43906111982807,0.0,38611.33077253564,0.0,1307.18359375,51.771,51.0,1815.0,100.2,39.28125,3,1551.3861072063446,87.8,69.5859375,89,1712.7875335216522,6.9,30.953125,14,1712.8765985965729,4.1,4.65625,403,1770990852.863613,2.7,104.89453125,28,1681.5446238517761
2026-02-13T16:54:15,idle_without_VPN,6.9,27.7,0.0,0.0,0.0,10227.990917586729,0.0,1307.18359375,51.849,51.0,1815.0,99.3,39.28125,3,1552.5502016544342,4.0,30.9140625,13,1714.0383822917938,2.7,4.65625,403,1770990854.014616,2.7,104.90625,28,1682.7045059204102,2.7,59.54296875,33,1716.4182612895966
2026-02-13T16:54:16,idle_without_VPN,5.1,27.7,0.0,209.054769093571,0.0,13768.121556237174,0.0,1307.18359375,51.758,51.0,1815.0,99.6,39.28125,3,1553.7271535396576,36.0,69.5859375,89,1715.122303724289,5.4,4.65625,403,1770990855.16761,5.4,59.54296875,33,1717.5766232013702,4.0,104.921875,28,1683.8635234832764
2026-02-13T16:54:17,idle_without_VPN,8.6,27.7,294.05830675699036,404.33017179086175,0.0,23524.66454055923,1.0,1307.18359375,51.711,50.0,1815.0,101.1,39.28515625,3,1554.9016335010529,49.0,69.609375,89,1716.3028755187988,5.3,30.9140625,13,1716.3920204639435,3.9,4.65625,403,1770990856.3652692,1.3,59.54296875,33,1718.770593881607
2026-02-13T16:54:18,idle_without_VPN,5.1,27.7,0.0,0.0,0.0,81229.98169197046,1.0,1307.18359375,51.763,50.0,1815.0,99.2,39.28515625,3,1556.0509564876556,5.4,59.54296875,33,1719.9273569583893,5.4,30.9140625,13,1717.5421330928802,2.7,104.8515625,28,1686.2167072296143,2.7,183.9296875,105,1692.1050674915314
2026-02-13T16:54:19,idle_without_VPN,6.4,27.7,43.56913600791459,0.0,0.0,10261.402912584044,1.0,1307.18359375,51.681,50.0,1815.0,98.1,39.27734375,3,1557.1978750228882,77.6,69.6953125,89,1718.6003849506378,4.1,30.953125,13,1718.6896409988403,2.7,106.4375,28,1687.3632516860962,2.7,23.22265625,5,1717.6330471038818
2026-02-13T16:54:20,idle_without_VPN,8.4,27.7,0.0,0.0,0.0,6716.512878809519,3.0,1307.18359375,51.981,50.0,1815.0,101.3,39.28515625,3,1558.3399348258972,10.9,69.97265625,89,1719.744146347046,5.5,59.41015625,33,1722.2132577896118,4.1,105.00390625,28,1688.5012419223785,4.1,30.953125,14,1719.8333163261414
2026-02-13T16:54:22,idle_without_VPN,6.1,27.7,469.1714447488822,684.1372703429155,0.0,10482.14311468048,5.0,1307.18359375,59.921,50.0,1815.0,99.4,39.28515625,3,1559.565789937973,70.8,70.18359375,89,1720.957745552063,6.7,114.1171875,147,1723.4476585388184,6.6,105.08984375,28,1689.6907324790955,3.9,30.94921875,14,1721.0463445186615
2026-02-13T16:54:23,idle_without_VPN,9.1,27.7,53.85357381169618,53.85357381169618,0.0,44701.73011666611,3.0,1307.18359375,53.714,50.0,1815.0,99.1,38.68359375,3,1560.7951061725616,14.0,114.09375,147,1724.672930240631,7.7,105.17578125,28,1690.9155819416046,5.1,70.23046875,89,1722.1893198490143,3.8,59.59765625,33,1724.6309640407562
2026-02-13T16:54:24,idle_without_VPN,5.4,27.7,0.0,43.49323556725143,0.0,9897.127382414548,3.0,1307.18359375,53.643,50.0,1815.0,96.7,39.2734375,3,1562.006236076355,5.1,30.953125,14,1723.4943182468414,3.8,114.109375,147,1725.9125454425812,3.8,104.9375,28,1692.1458337306976,2.5,4.65625,403,1770990863.4550912
2026-02-13T16:54:25,idle_without_VPN,5.3,27.7,0.0,0.0,13808.300020154002,145850.16896287666,2.0,1307.18359375,53.721,50.0,1815.0,98.7,39.26953125,3,1563.1942539215088,7.9,114.12890625,147,1727.101807832718,5.2,105.015625,28,1693.3411309719086,3.9,59.4140625,33,1727.0530951023102,2.6,30.9140625,13,1724.6823468208313
2026-02-13T16:54:27,idle_without_VPN,5.7,27.7,0.0,45.25751609642951,0.0,0.0,2.0,1307.18359375,53.597,49.0,1815.0,100.3,39.2734375,3,1564.393171787262,6.5,114.1015625,147,1728.2965414524078,3.9,104.94921875,28,1694.5302364826202,3.9,59.41796875,33,1728.244380235672,3.9,30.9140625,13,1725.8757565021515
2026-02-13T16:54:28,idle_without_VPN,5.9,27.7,387.0804850533891,543.5956377054117,0.0,100385.1164020198,2.0,1307.18359375,53.398,49.0,1815.0,99.6,39.26953125,3,1565.5691528320312,5.3,4.65625,403,1770990867.0243669,5.3,104.97265625,28,1695.7148106098175,5.3,30.94921875,14,1727.0576498508453,2.7,97.546875,30,1719.944736480713
2026-02-13T16:54:29,idle_without_VPN,6.4,27.7,312.88151098060365,45.540705102298105,0.0,14249.180618674607,3.0,1307.18359375,53.619,49.0,1815.0,98.8,39.27734375,3,1566.755378484726,6.6,105.01171875,28,1696.8968493938446,5.3,59.5078125,33,1730.6112079620361,3.9,183.9296875,105,1702.8207178115845,2.6,128.05859375,32,1682.4678628444672
2026-02-13T16:54:30,idle_without_VPN,5.7,27.7,464.49178184425466,0.0,0.0,76814.05700338272,6.0,1307.18359375,53.498,49.0,1815.0,99.1,39.27734375,3,1567.9381728172302,6.6,104.9453125,28,1698.080069065094,4.0,4.65625,403,1770990869.3890264,4.0,114.1015625,147,1731.8486404418945,4.0,59.5078125,33,1731.795742034912
2026-02-13T16:54:31,idle_without_VPN,6.2,27.7,495.8357354259522,0.0,0.0,14247.688071015116,3.0,1307.18359375,53.471,49.0,1815.0,100.1,38.6875,3,1569.124368429184,7.9,104.95703125,28,1699.268468618393,6.6,70.23046875,89,1730.5224273204803,5.3,114.10546875,147,1733.0335125923157,5.3,30.9140625,13,1730.61141705513
2026-02-13T16:54:32,idle_without_VPN,6.0,27.7,628.984485792142,406.98996139491544,0.0,18082.463078174093,7.0,1307.18359375,53.361,49.0,1815.0,98.7,39.28125,3,1570.3424954414368,7.8,104.9609375,28,1700.464295387268,3.9,114.1171875,147,1734.223457813263,3.9,59.5078125,33,1734.178411245346,3.9,30.9140625,13,1731.8270337581635
2026-02-13T16:54:34,idle_without_VPN,6.4,27.7,0.0,0.0,0.0,76540.61761228477,3.0,1307.18359375,53.569,48.0,1815.0,98.2,39.28515625,3,1571.5669322013855,6.3,4.65625,403,1770990873.0103004,5.1,30.9140625,13,1733.0533072948456,5.1,266.015625,276,1729.9756708145142,5.0,114.09765625,147,1735.471663236618
2026-02-13T16:54:35,idle_without_VPN,5.4,27.7,374.0678015788094,0.0,0.0,7729.616276570196,3.0,1307.18359375,53.417,48.0,1815.0,99.9,39.28515625,3,1572.740309715271,9.2,105.01171875,28,1702.8909471035004,5.3,114.10546875,147,1736.6577768325806,4.0,30.94921875,14,1734.2290756702423,3.9,59.40234375,33,1736.604398727417
2026-02-13T16:54:36,idle_without_VPN,5.6,27.7,0.0,0.0,0.0,0.0,3.0,1307.18359375,53.474,48.0,1815.0,98.9,39.28515625,3,1573.9260821342468,9.3,104.95703125,28,1704.0685770511627,6.6,114.0,147,1737.8343839645386,4.0,30.9140625,13,1735.4138016700745,2.6,266.02734375,276,1732.3376700878143
2026-02-13T16:54:37,idle_without_VPN,5.8,27.7,298.4686163151131,462.96552417060155,0.0,7814.451045341143,3.0,1307.18359375,53.449,48.0,1815.0,100.3,38.6953125,3,1575.109790802002,9.2,105.0390625,28,1705.2522149085999,6.6,114.09765625,147,1739.020158290863,5.3,30.953125,14,1736.600109577179,2.6,59.5390625,33,1738.965842962265
2026-02-13T16:54:39,idle_without_VPN,6.2,27.7,45.42052815916367,0.0,0.0,14642.23248508743,3.0,1307.18359375,53.468,48.0,1815.0,100.4,38.6953125,3,1576.293218612671,21.2,27.11328125,8,1618.0128057003021,15.8,105.09765625,28,1706.4354348182678,5.3,59.4296875,33,1740.147143125534,3.9,4.65625,403,1770990877.7460723
2026-02-13T16:54:40,idle_without_VPN,10.6,27.8,163.81144675476705,152.16263276331696,0.0,30566.487913565066,3.0,1307.18359375,53.077,48.0,1815.0,100.3,28.05078125,8,1619.6482095718384,96.6,39.28515625,3,1577.9425253868103,26.3,31.2578125,6,1741.5697417259216,18.4,227.8359375,72,1739.3940873146057,10.6,104.96875,28,1707.9065942764282
2026-02-13T16:54:42,idle_without_VPN,15.7,27.9,829.6823541385147,0.0,0.0,120017.09949530811,4.0,1307.18359375,53.223,48.0,1815.0,100.7,39.296875,3,1579.4793496131897,80.2,52.6875,17,3.45876145362854,42.2,238.625,72,1740.9493985176086,30.3,22.4609375,7,1621.1463179588318,11.9,105.01171875,28,1709.4789338111877
2026-02-13T16:54:43,idle_without_VPN,12.0,28.0,519.6859686991379,406.59368535528404,63417.84422177251,212311.91326419494,3.0,1307.18359375,53.123,47.0,1815.0,99.5,38.70703125,3,1580.8927173614502,91.0,43.10546875,17,4.866742372512817,16.6,234.1015625,72,1742.3593130111694,9.6,105.0546875,28,1710.9515974521637,5.2,114.1015625,147,1744.6969842910767
2026-02-13T16:54:44,idle_without_VPN,10.3,27.9,336.8773308051861,39.08914176009543,11644.299974498246,347509.57736393204,3.0,1307.18359375,53.039,47.0,1815.0,98.2,38.70703125,3,1582.2604112625122,32.3,42.80078125,17,6.173720836639404,29.6,249.7109375,72,1743.7314286231995,11.1,105.05859375,28,1712.3605053424835,4.5,114.0390625,147,1746.0973842144012
2026-02-13T16:54:46,idle_without_VPN,10.5,27.9,1018.5688232547745,0.0,0.0,22174.94707696347,3.0,1307.18359375,52.76,47.0,1815.0,100.7,39.3046875,3,1583.6423316001892,99.0,252.74609375,72,1745.0759863853455,26.9,45.53515625,17,7.683400630950928,11.1,105.03515625,28,1713.6268427371979,3.7,59.53125,33,1747.3379180431366
2026-02-13T16:54:48,idle_without_VPN,12.9,28.0,5691.927548126821,1624.3134957340196,37302.61637940394,368363.33674661384,4.0,1321.19140625,53.0,47.0,1815.0,107.9,549.27734375,12,1636.443081855774,100.0,39.30078125,3,1585.2525560855865,14.7,105.03515625,28,1715.2185730934143,12.6,246.3125,77,1746.6791362762451,11.9,343.734375,95,1716.5662896633148
2026-02-13T16:54:49,idle_without_VPN,14.2,28.2,2169.420941456431,419.7049664517017,18584.98964958022,259318.68370429898,3.0,1321.75390625,52.873,47.0,1815.0,100.1,39.29296875,3,1586.8746447563171,18.3,104.98828125,28,1716.9251747131348,16.8,248.578125,78,1748.3535985946655,16.3,525.9765625,11,1637.7795298099518,8.0,114.09375,147,1750.6860132217407
2026-02-13T16:54:50,idle_without_VPN,8.1,28.2,599.2242347650042,317.5506772767411,12506.611289668572,177828.379274975,3.0,1316.81640625,52.8,47.0,1815.0,100.4,39.30078125,3,1588.1044127941132,14.3,105.01953125,28,1718.2386140823364,11.5,343.734375,95,1719.1911070346832,7.2,114.1328125,147,1751.994483947754,4.8,59.5390625,33,1751.9520132541656
2026-02-13T16:54:51,idle_without_VPN,6.4,28.3,6566.4474750855525,5632.476324615269,0.0,68732.41854749236,3.0,1315.80859375,52.688,48.0,1815.0,100.0,39.3046875,3,1589.3380658626556,17.9,105.0703125,28,1719.4583494663239,16.5,343.734375,95,1720.4228467941284,5.1,114.12109375,147,1753.218275308609,3.8,59.421875,33,1753.1712012290955
2026-02-13T16:54:53,idle_without_VPN,7.2,28.2,285.39668475564036,1022.4011916956321,0.0,97138.65342955613,3.0,1311.49609375,52.829,48.0,1815.0,100.8,39.2890625,3,1590.54762673378,15.5,343.453125,95,1721.6353480815887,15.3,104.98828125,28,1720.6824886798859,7.7,30.953125,14,1752.0329003334045,6.3,114.078125,147,1754.4484610557556
2026-02-13T16:54:54,idle_without_VPN,7.4,28.2,345.26825791990893,341.1579215161005,0.0,69448.2438787474,3.0,1308.87109375,52.717,48.0,1815.0,100.4,39.28515625,3,1591.7769734859467,17.6,343.453125,95,1722.8809373378754,16.7,105.03125,28,1721.8974723815918,6.3,68.2890625,22,1712.1854934692383,5.1,114.08984375,147,1755.6645295619965
2026-02-13T16:54:55,idle_without_VPN,7.5,28.2,0.0,0.0,0.0,0.0,3.0,1308.87109375,52.726,48.0,1815.0,99.7,39.2890625,3,1593.0307085514069,18.9,343.453125,95,1724.121154308319,14.9,105.03125,28,1723.156225681305,8.7,114.109375,147,1756.917228460312,3.7,59.51171875,33,1756.8710496425629
2026-02-13T16:54:56,idle_without_VPN,6.6,28.2,0.0,236.3146577120758,26249.351538675593,150113.47911180105,3.0,1308.87109375,52.776,48.0,1815.0,98.8,39.29296875,3,1594.2641866207123,15.2,343.453125,95,1725.3510270118713,13.8,105.01953125,28,1724.3991286754608,5.0,114.10546875,147,1758.1624257564545,5.0,59.51171875,33,1758.1110453605652
2026-02-13T16:54:58,idle_without_VPN,6.3,28.1,291.0856221276294,400.2427304254904,0.0,49537.48042026565,3.0,1308.87109375,53.04,48.0,1815.0,99.8,39.2890625,3,1595.4881970882416,19.3,105.01953125,28,1725.613651752472,15.3,343.453125,95,1726.5760748386383,5.1,30.953125,14,1756.9639692306519,3.9,114.109375,147,1759.3769516944885
2026-02-13T16:54:59,idle_without_VPN,7.2,28.1,0.0,0.0,0.0,53383.617844340355,3.0,1308.87109375,53.025,48.0,1815.0,99.5,38.69140625,3,1596.711357831955,12.8,104.9609375,28,1726.8366396427155,7.7,343.44921875,95,1727.794261455536,5.1,114.08984375,147,1760.5988907814026,5.1,59.5234375,33,1760.5543467998505
2026-02-13T16:55:00,idle_without_VPN,6.6,28.1,0.0,0.0,0.0,40695.30414451248,3.0,1308.87109375,52.979,49.0,1815.0,99.3,39.30078125,3,1597.9381458759308,23.0,104.9765625,28,1728.058168888092,8.9,343.44921875,95,1729.0272889137268,6.4,114.10546875,147,1761.822907924652,5.1,30.9140625,13,1759.4197432994843
2026-02-13T16:55:01,idle_without_VPN,7.4,28.1,0.0,195.4497221664712,0.0,125399.24415049146,4.0,1308.87109375,53.093,49.0,1815.0,98.1,39.296875,3,1599.1806914806366,20.2,105.13671875,28,1729.295061826706,6.3,343.44921875,95,1730.273017168045,3.8,114.12890625,147,1763.0569417476654,3.8,59.5234375,33,1763.0088725090027
2026-02-13T16:55:03,idle_without_VPN,6.4,28.1,282.563259341088,388.524481593996,0.0,15618.041970852863,4.0,1308.87109375,53.163,49.0,1815.0,99.1,39.296875,3,1600.441342830658,20.1,105.09765625,28,1730.5383851528168,6.1,343.44921875,95,1731.5489373207092,5.0,114.10546875,147,1764.2999477386475,5.0,30.9140625,13,1761.9179210662842
2026-02-13T16:55:04,idle_without_VPN,7.2,28.1,0.0,0.0,25583.46977185045,18787.860613702673,4.0,1308.87109375,53.146,49.0,1815.0,100.7,39.296875,3,1601.697513103485,26.9,104.93359375,28,1731.8171174526215,5.0,30.9140625,13,1763.1799492835999,3.7,114.0,147,1765.5809643268585,2.5,314.37890625,35,1657.4716882705688
2026-02-13T16:55:05,idle_without_VPN,6.8,28.1,39.913889693008876,0.0,0.0,8991.80107004104,9.0,1308.87109375,53.033,49.0,1815.0,96.8,39.296875,3,1602.9724991321564,26.1,104.9609375,28,1733.0728261470795,6.2,114.08984375,147,1766.832846879959,3.7,30.953125,14,1764.4495379924774,3.7,343.44921875,95,1734.072766304016
2026-02-13T16:55:06,idle_without_VPN,6.5,28.1,51.78748845967129,103.57497691934257,0.0,21694.249711105935,3.0,1308.87109375,53.099,49.0,1815.0,97.7,39.296875,3,1604.252806186676,32.9,105.01171875,28,1734.3538708686829,8.6,343.76171875,95,1735.3416676521301,4.9,114.1015625,147,1768.1113188266754,4.9,30.9453125,14,1765.728556394577
2026-02-13T16:55:08,idle_without_VPN,7.7,28.1,433.43198690497843,537.4556637621732,0.0,34296.29103655393,7.0,1308.87109375,53.182,49.0,1815.0,98.7,39.296875,3,1605.4875116348267,44.4,343.765625,95,1736.5746185779572,23.6,105.01171875,28,1735.6140396595001,5.1,124.4609375,99,1661.5860378742218,4.9,114.11328125,147,1769.380271434784
2026-02-13T16:55:09,idle_without_VPN,9.9,28.1,0.0,50.63614765722466,0.0,9617.601206636737,3.0,1308.87109375,53.124,49.0,1815.0,98.8,39.296875,3,1606.7051966190338,37.1,343.7734375,95,1737.7961242198944,6.4,104.96875,28,1736.837388753891,5.1,30.9140625,13,1768.184642791748,3.8,114.1484375,147,1770.6036386489868
2026-02-13T16:55:10,idle_without_VPN,9.1,28.1,0.0,43.980143222782516,0.0,10007.925924473177,3.0,1308.87109375,53.113,49.0,1815.0,99.6,39.296875,3,1607.9444131851196,5.1,114.05859375,147,1771.827885389328,5.0,30.94921875,14,1769.4296357631683,3.8,59.54296875,33,1771.7859773635864,2.5,314.37890625,35,1663.7057330608368
2026-02-13T16:55:11,idle_without_VPN,7.5,28.1,323.51152136922605,44.115207459439915,0.0,3346.2201806271464,3.0,1308.87109375,53.268,50.0,1815.0,100.6,39.28515625,2,1609.155882358551,7.7,114.08984375,147,1773.0516140460968,2.6,30.953125,14,1770.641333580017,1.3,4.66015625,403,1770990910.592997,1.3,59.54296875,33,1773.0015165805817
2026-02-13T16:55:13,idle_without_VPN,7.5,28.1,697.5195396519016,690.9079800343479,0.0,10155.355572562283,3.0,1308.87109375,53.163,50.0,1815.0,100.2,38.69140625,2,1610.3574316501617,5.2,114.09375,147,1774.262033700943,3.9,4.66015625,403,1770990911.8033931,3.9,59.5546875,33,1774.2104063034058,3.8,183.9296875,105,1746.4500284194946
2026-02-13T16:55:14,idle_without_VPN,6.5,28.1,0.0,0.0,0.0,6618.4223856936205,3.0,1308.87109375,53.196,50.0,1815.0,73.0,39.28515625,2,1611.6417834758759,7.6,114.11328125,147,1775.5047817230225,3.7,30.9140625,13,1773.1172559261322,2.5,59.5546875,33,1775.464117050171,2.4,124.4609375,99,1667.754408121109
2026-02-13T16:55:15,idle_without_VPN,6.3,28.1,0.0,0.0,0.0,9596.818381342928,3.0,1308.87109375,53.229,50.0,1815.0,87.6,39.28515625,2,1612.9090025424957,6.2,30.9140625,13,1774.3856091499329,3.7,114.15625,147,1776.781723499298,2.5,59.5546875,33,1776.735871553421,2.5,91.26171875,116,1731.216180562973
2026-02-13T16:55:16,idle_without_VPN,6.5,28.1,0.0,0.0,0.0,39135.472716486816,3.0,1308.87109375,53.322,50.0,1815.0,98.3,39.28125,2,1614.164484500885,7.5,114.09765625,147,1778.0396301746368,5.0,30.94921875,14,1775.6440703868866,3.7,58.23046875,33,1777.9921584129333,1.3,314.3515625,35,1669.932107925415
2026-02-13T16:55:18,idle_without_VPN,5.6,28.1,782.1864247217062,669.9875523231008,0.0,13130.473752705362,3.0,1308.87109375,53.191,50.0,1815.0,98.6,39.27734375,2,1615.4011113643646,5.0,114.09765625,147,1779.2848930358887,5.0,30.9140625,13,1776.8826026916504,2.5,4.66015625,403,1770990916.8248577,2.5,59.4375,33,1779.2379257678986
2026-02-13T16:55:19,idle_without_VPN,5.5,28.1,0.0,0.0,0.0,19396.743650668584,3.0,1308.87109375,53.216,50.0,1815.0,98.8,39.2890625,2,1616.6350231170654,7.5,114.09375,147,1780.5272657871246,6.3,59.52734375,33,1780.4793574810028,3.8,30.9140625,13,1778.1178576946259,3.8,61.54296875,89,1778.0315837860107
2026-02-13T16:55:20,idle_without_VPN,5.4,28.0,41.1028323423898,44.39105892978099,0.0,10522.32507965179,3.0,1308.87109375,53.259,50.0,1815.0,99.1,39.2890625,2,1617.8497672080994,6.4,114.125,147,1781.7445690631866,5.2,30.9140625,13,1779.3312582969666,2.6,104.890625,28,1747.980630159378,2.6,61.54296875,89,1779.244854927063
2026-02-13T16:55:21,idle_without_VPN,6.0,28.0,344.8834349582553,98.53812427378723,0.0,3783.8639721134296,3.0,1308.87109375,53.283,50.0,1815.0,100.4,39.2890625,2,1619.06387758255,5.2,114.1171875,147,1782.9570817947388,5.2,30.9140625,13,1780.5444803237915,5.2,128.109375,32,1734.7776486873627,5.1,61.54296875,89,1780.4599175453186
2026-02-13T16:55:22,idle_without_VPN,5.7,28.1,550.6600192175142,489.658759603598,0.0,0.0,3.0,1308.87109375,53.228,51.0,1815.0,98.3,39.29296875,3,1620.3198292255402,6.4,114.0859375,147,1784.1757986545563,5.0,30.9140625,13,1781.7993071079254,2.5,105.328125,18,1741.0473260879517,1.3,4.66015625,403,1770990921.7143686
2026-02-13T16:55:24,idle_without_VPN,5.4,28.1,0.0,0.0,0.0,68066.22144601886,4.0,1308.87109375,53.251,51.0,1815.0,99.3,38.69921875,3,1621.5792796611786,6.2,68.2890625,22,1741.968694448471,6.1,114.09375,147,1785.4521505832672,3.7,30.953125,14,1783.0534918308258,3.7,61.54296875,89,1782.9652516841888
2026-02-13T16:55:25,idle_without_VPN,5.5,28.0,0.0,0.0,0.0,23338.314945100705,4.0,1308.87109375,53.473,51.0,1815.0,98.3,39.296875,3,1622.8030519485474,5.1,30.94921875,14,1784.2871675491333,5.0,114.125,147,1786.6944653987885,3.8,61.54296875,89,1784.198341846466,2.6,314.37890625,35,1678.569501876831
2026-02-13T16:55:26,idle_without_VPN,5.1,28.0,802.6086632520625,0.0,0.0,4176.175158384715,4.0,1308.87109375,53.371,51.0,1815.0,100.1,39.296875,3,1624.0209226608276,6.4,114.11328125,147,1787.9209551811218,3.8,30.94921875,14,1785.5050117969513,2.6,61.54296875,89,1785.4157876968384,1.3,59.58984375,33,1787.8672950267792
2026-02-13T16:55:27,idle_without_VPN,5.1,28.1,550.24755527476,578.2541673695831,10121.919100623129,10965.412359008391,3.0,1308.87109375,53.371,51.0,1815.0,100.3,39.296875,3,1625.2669839859009,6.4,114.0390625,147,1789.1386015415192,5.0,30.9140625,13,1786.743752002716,3.8,59.58984375,33,1789.0890526771545,1.3,105.82421875,28,1755.3756115436554
2026-02-13T16:55:29,idle_without_VPN,5.4,28.1,62.01600767950065,43.72923618426328,19539.812881171896,19946.89231619631,3.0,1308.87109375,53.249,51.0,1815.0,98.5,39.296875,3,1626.551506280899,5.0,114.09375,147,1790.3896412849426,4.9,59.609375,33,1790.3743584156036,3.6,30.9140625,13,1788.0299422740936,3.6,23.3125,6,1786.9814448356628
2026-02-13T16:55:30,idle_without_VPN,5.9,28.1,308.78724980144744,0.0,19163.523866465584,2134337.4706276045,3.0,1308.87109375,53.36,51.0,1815.0,99.7,39.296875,3,1627.7895619869232,3.7,4.66015625,403,1770990929.2160025,3.6,114.109375,147,1791.6778824329376,2.5,59.51953125,33,1791.6336607933044,2.5,30.953125,14,1789.2742986679077
2026-02-13T16:55:31,idle_without_VPN,4.9,28.1,0.0,0.0,0.0,37477.07841965069,3.0,1308.87109375,53.356,51.0,1815.0,100.8,39.296875,3,1629.0137286186218,3.8,114.13671875,147,1792.9083189964294,3.8,59.48828125,33,1792.8599593639374,3.8,30.953125,14,1790.4962267875671,2.6,314.453125,35,1684.7823600769043
2026-02-13T16:55:32,idle_without_VPN,5.3,28.1,490.22899451422603,412.05294223288763,0.0,7504.901019008484,3.0,1308.87109375,53.565,51.0,1815.0,99.0,38.69921875,3,1630.2600655555725,3.8,114.13671875,147,1794.1341955661774,3.8,30.9140625,13,1791.7399373054504,1.3,58.16796875,33,1794.0908319950104,1.3,12.015625,11,1794.0562539100647
2026-02-13T16:55:34,idle_without_VPN,5.5,28.1,0.0,0.0,0.0,14371.910038280768,3.0,1308.87109375,53.367,51.0,1815.0,97.9,39.296875,3,1631.4888882637024,5.0,114.06640625,147,1795.378482580185,3.8,4.66015625,403,1770990932.9199045,3.8,30.953125,14,1792.9712438583374,2.5,197.6796875,80,1792.9682595729828
2026-02-13T16:55:35,idle_without_VPN,5.7,28.1,40.40759191482844,0.0,0.0,7861.70108294902,3.0,1308.87109375,53.481,52.0,1815.0,98.8,39.296875,3,1632.7386229038239,6.3,114.09375,147,1796.6177234649658,6.3,59.42578125,33,1796.5743067264557,5.0,116.27734375,25,1686.709270954132,3.7,102.7578125,39,1770.0547211170197
2026-02-13T16:55:36,idle_without_VPN,5.9,28.1,61.7688080045993,92.65321200689895,0.0,7703.6790290864365,3.0,1308.87109375,53.487,52.0,1815.0,99.2,39.30078125,3,1634.0297405719757,7.3,30.9140625,13,1795.504627943039,6.2,114.10546875,147,1797.8824446201324,3.7,59.42578125,33,1797.8432552814484,2.5,4.66015625,403,1770990935.421066
2026-02-13T16:55:37,idle_without_VPN,5.3,28.1,676.2303372988887,1278.3532403732415,0.0,0.0,3.0,1308.87109375,53.415,52.0,1815.0,99.4,39.30078125,3,1635.319530248642,6.0,114.125,147,1799.1772882938385,4.8,30.9140625,13,1796.7944588661194,1.2,4.66015625,403,1770990936.7172263,1.2,105.16796875,28,1765.418752193451
2026-02-13T16:55:39,idle_without_VPN,5.5,28.1,305.7121839679604,372.1042239205983,0.0,33202.19598003546,3.0,1308.87109375,53.428,52.0,1815.0,99.8,39.30078125,3,1636.5866119861603,7.3,30.9140625,13,1798.0714137554169,4.8,114.08203125,147,1800.4714634418488,3.6,105.05078125,28,1766.709022283554,2.5,23.34765625,6,1797.018593788147
2026-02-13T16:55:40,idle_without_VPN,5.5,28.0,436.1154152137394,171.53333585401253,0.0,18227.84429301507,3.0,1308.87109375,53.494,52.0,1815.0,101.2,39.30078125,3,1637.8374910354614,6.3,114.125,147,1801.7088685035706,5.0,61.54296875,89,1799.230304479599,3.8,59.5234375,33,1801.662444114685,2.5,30.953125,14,1799.3191874027252
2026-02-13T16:55:41,idle_without_VPN,5.3,28.0,853.1841633720237,526.3149059762484,0.0,34443.94692945313,3.0,1308.87109375,53.549,52.0,1815.0,97.9,39.30078125,3,1639.1153254508972,4.9,114.14453125,147,1802.974526643753,3.7,61.54296875,89,1800.5047957897186,2.5,4.66015625,403,1770990940.5122764,2.5,30.9140625,14,1800.5924153327942
2026-02-13T16:55:43,idle_without_VPN,5.3,28.1,2269.647133343841,1191.0184062870362,0.0,14385.878941469626,3.0,1308.87109375,55.193,52.0,1815.0,100.4,38.703125,3,1640.3754432201385,8.6,114.13671875,147,1804.2524361610413,7.4,59.5234375,33,1804.2076716423035,6.2,30.9140625,13,1801.8581204414368,3.7,20.21875,6,1805.1605215072632
2026-02-13T16:55:44,idle_without_VPN,5.9,28.1,433.1139896442543,170.3528122533987,0.0,302392.3127698066,3.0,1308.87109375,53.913,52.0,1815.0,99.7,39.30078125,3,1641.6132185459137,5.1,61.54296875,89,1803.0018165111542,5.0,114.03125,147,1805.4948999881744,3.8,4.66015625,403,1770990943.0354252,3.8,30.94921875,14,1803.0897629261017
2026-02-13T16:55:45,idle_without_VPN,6.1,28.0,0.0,0.0,0.0,31423.844922404405,3.0,1308.87109375,53.833,52.0,1815.0,99.5,39.30078125,3,1642.8689255714417,6.3,59.50390625,33,1806.686306476593,5.0,114.12890625,147,1806.7369315624237,3.7,61.54296875,89,1804.2549803256989,2.5,218.515625,80,1804.340411901474
2026-02-13T16:55:46,idle_without_VPN,5.5,28.1,0.0,187.49967798707794,31867.16518817723,895467.3417877802,4.0,1308.87109375,53.939,52.0,1815.0,99.9,39.30078125,3,1644.1665306091309,6.0,30.953125,14,1805.6466953754425,3.6,114.13671875,147,1808.0187361240387,3.6,59.5078125,33,1807.981436252594,2.4,61.54296875,89,1805.5581963062286
2026-02-13T16:55:48,idle_without_VPN,5.3,28.0,5799.124268144572,2064.0691546514836,0.0,22710.113974261007,4.0,1308.87109375,53.899,52.0,1815.0,98.1,38.703125,3,1645.456959247589,6.0,114.171875,147,1809.3293941020966,6.0,30.953125,14,1806.9418051242828,4.9,128.140625,32,1761.1812331676483,4.8,61.54296875,89,1806.8527579307556
2026-02-13T16:55:49,idle_without_VPN,5.7,28.0,573.4998070714357,181.8608567625693,0.0,93929.53724719369,3.0,1308.87109375,53.953,51.0,1815.0,100.8,38.703125,3,1646.6976146697998,5.1,30.9140625,13,1808.179862499237,5.0,114.16796875,147,1810.5838069915771,3.8,59.37109375,33,1810.5394620895386,2.5,23.3046875,6,1807.1263937950134
2026-02-13T16:55:50,idle_without_VPN,5.3,28.0,2243.7800249227885,0.0,186759.29054501723,36860.386291779716,5.0,1308.87109375,53.904,51.0,1815.0,98.9,39.29296875,3,1647.9458012580872,5.0,114.10546875,147,1811.8298633098602,3.8,59.375,33,1811.7850365638733,2.5,30.94921875,14,1809.432769060135,2.5,183.9296875,105,1784.0495340824127
2026-02-13T16:55:51,idle_without_VPN,5.3,28.0,2224.2143153239244,0.0,0.0,11798.904663783364,4.0,1308.87109375,53.946,51.0,1815.0,99.2,38.69921875,3,1649.2214498519897,3.7,30.9140625,13,1810.698581457138,2.5,114.12109375,147,1813.089007616043,2.5,59.453125,33,1813.0440936088562,2.5,219.99609375,80,1810.6956825256348
2026-02-13T16:55:53,idle_without_VPN,5.8,28.0,1464.1328258627884,426.24646120897194,0.0,28395.30328946014,4.0,1308.87109375,53.827,51.0,1815.0,99.8,38.69921875,3,1650.520363330841,13.2,39.8828125,16,1809.054592370987,6.0,30.94921875,14,1812.0027928352356,5.0,59.47265625,33,1814.301517009735,4.8,61.54296875,89,1811.9142923355103
2026-02-13T16:55:54,idle_without_VPN,8.6,28.0,0.0,40.5103538273103,4646051.459746563,22986739.059192527,3.0,1308.87109375,53.966,51.0,1815.0,100.6,39.30078125,3,1651.8408374786377,5.9,114.171875,147,1815.6829676628113,4.8,30.9140625,13,1813.3104474544525,3.6,61.54296875,89,1813.2214143276215,3.6,183.9296875,105,1787.915164232254
2026-02-13T16:55:55,idle_without_VPN,5.5,28.0,0.0,0.0,0.0,60027.284273878555,3.0,1308.87109375,53.784,51.0,1815.0,99.3,39.30078125,3,1653.115489244461,7.3,114.13671875,147,1816.9749007225037,6.1,30.9140625,13,1814.5908806324005,3.7,61.54296875,89,1814.505158662796,2.4,104.79296875,28,1783.2131555080414
2026-02-13T16:55:57,idle_without_VPN,5.6,28.0,0.0,42.28640561358229,0.0,0.0,3.0,1308.87109375,53.735,50.0,1815.0,99.8,39.296875,3,1654.398722410202,6.1,114.125,147,1818.2500586509705,3.7,104.93359375,28,1784.4946131706238,2.4,4.66015625,403,1770990955.789909,2.4,30.9140625,13,1815.8697319030762
2026-02-13T16:55:58,idle_without_VPN,5.7,28.0,271.40567030938035,414.8188938251325,0.0,82112.55188996525,3.0,1308.87109375,53.615,50.0,1815.0,99.2,39.30078125,3,1655.6907234191895,8.5,104.7890625,28,1785.7882208824158,4.8,114.1484375,147,1819.54629611969,3.6,30.94921875,14,1817.1655888557434,3.6,61.54296875,89,1817.077825307846
2026-02-13T16:55:59,idle_without_VPN,5.7,28.0,0.0,0.0,0.0,170338.95893612542,3.0,1308.87109375,53.702,50.0,1815.0,99.9,39.30078125,3,1656.9568824768066,7.3,114.0234375,147,1820.827499628067,3.7,81.875,56,1817.0094113349915,2.5,59.49609375,33,1820.7781414985657,2.5,30.9140625,13,1818.4330825805664
2026-02-13T16:56:00,idle_without_VPN,5.3,28.0,0.0,0.0,0.0,36415.67341764663,3.0,1308.87109375,53.529,50.0,1815.0,98.6,39.30078125,3,1658.2242798805237,4.9,114.13671875,147,1822.0901029109955,3.7,104.84375,28,1788.3310627937317,3.7,30.9140625,13,1819.698867559433,3.7,61.13671875,89,1819.6101863384247
2026-02-13T16:56:02,idle_without_VPN,5.7,28.0,0.0,0.0,0.0,48519.6837241164,3.0,1308.87109375,53.596,50.0,1815.0,99.8,39.30078125,3,1659.4768869876862,7.5,114.12890625,147,1823.347648382187,5.0,61.13671875,89,1820.868304491043,3.7,30.94921875,14,1820.956252336502,2.5,23.33984375,6,1819.9100015163422
2026-02-13T16:56:03,idle_without_VPN,5.8,28.0,276.4941546308714,380.17946261744817,0.0,42228.19816180581,3.0,1308.87109375,53.515,49.0,1815.0,100.1,39.30078125,3,1660.7562508583069,6.1,114.1640625,147,1824.6197826862335,6.1,30.94921875,14,1822.233990907669,3.7,59.38671875,33,1824.5729203224182,3.7,61.13671875,89,1822.1453807353973
2026-02-13T16:56:04,idle_without_VPN,5.5,28.0,32.951673708023556,0.0,12854.291000768046,71903.69028554625,3.0,1308.87109375,53.543,49.0,1815.0,99.1,39.30078125,3,1662.0331509113312,8.5,104.796875,28,1792.1392560005188,6.1,114.16796875,147,1825.8969376087189,6.1,61.13671875,89,1823.421983718872,4.9,59.38671875,33,1825.854516029358
2026-02-13T16:56:05,idle_without_VPN,5.8,28.0,350.3987769213205,42.424964021863914,0.0,54706.205458711636,3.0,1308.87109375,53.44,49.0,1815.0,99.6,39.30078125,3,1663.303601026535,7.4,114.1171875,147,1827.1723301410675,4.9,30.94921875,14,1824.7833971977234,3.7,59.41015625,33,1827.127234697342,2.5,104.78515625,28,1793.4113910198212
2026-02-13T16:56:07,idle_without_VPN,5.5,28.0,431.3813965063506,0.0,0.0,6448.6795623723065,3.0,1308.87109375,53.448,49.0,1815.0,100.7,39.30078125,3,1664.575677871704,6.2,104.86328125,28,1794.6801445484161,4.9,114.1171875,147,1828.4392731189728,4.9,59.5,33,1828.3983502388,3.7,30.9140625,13,1826.0496048927307
2026-02-13T16:56:09,idle_without_VPN,6.2,28.0,276.1229705201636,379.669084465225,0.0,12852.269173302162,3.0,1318.6328125,53.462,49.0,1815.0,98.5,39.32421875,3,1666.2147195339203,14.7,223.1875,81,1827.6470651626587,7.7,49.07421875,17,1826.380154132843,7.4,114.1484375,147,1829.713619709015,4.9,104.78515625,28,1795.9496426582336
2026-02-13T16:56:10,idle_without_VPN,14.0,28.3,55224.17367667517,11752.337529850396,9426180.063504271,846735.3124030699,3.0,1318.6328125,53.26,48.0,1815.0,98.8,39.33203125,3,1668.0161118507385,16.5,224.0625,81,1829.445485830307,14.9,49.03515625,17,1828.1694269180298,9.7,36.11328125,31,1832.3573076725006,8.9,20.14453125,13,1831.8195431232452
2026-02-13T16:56:12,idle_without_VPN,11.4,28.3,58052.22059511829,30704.050100732424,728240.0743498661,1651869.020561489,3.0,1318.6328125,53.329,48.0,1815.0,99.6,39.33203125,3,1669.5985231399536,12.6,230.21875,81,1831.0507423877716,9.3,34.2109375,11,1834.203632593155,7.8,28.18359375,11,1829.695069551468,7.5,36.1015625,31,1834.028558254242
2026-02-13T16:56:13,idle_without_VPN,7.1,28.3,26865.44874282094,12451.385252380582,2462614.4093848197,1058085.3658711016,4.0,1318.6328125,53.459,48.0,1815.0,100.5,39.33984375,3,1671.02938747406,7.3,114.140625,147,1834.8146107196808,6.2,78.3359375,47,4.933527231216431,5.4,223.6875,81,1832.4860553741455,5.4,30.9140625,13,1832.4900152683258
2026-02-13T16:56:15,idle_without_VPN,6.5,28.3,21113.107756183133,13962.946682507158,255762.20982971037,350045.9405509791,4.0,1318.6328125,53.263,48.0,1815.0,99.9,39.33984375,3,1672.453113079071,7.5,114.09375,147,1836.2690968513489,6.5,104.8671875,28,1802.5150744915009,5.5,30.9140625,13,1833.9162528514862,3.3,61.13671875,89,1833.8305151462555
2026-02-13T16:56:16,idle_without_VPN,5.7,28.3,3164.3409124421446,2014.5223829381391,58981.29864556553,65248.06162665687,3.0,1318.6328125,53.37,48.0,1815.0,99.7,39.34375,3,1673.8636577129364,6.8,114.1484375,147,1837.656183719635,6.7,104.87890625,28,1803.9113733768463,3.3,12.06640625,4,1824.1955647468567,2.2,30.9140625,13,1835.323571920395
2026-02-13T16:56:18,idle_without_VPN,7.1,28.3,115.23903880610517,120.86045533323225,0.0,116205.92244877103,3.0,1318.6328125,53.42,48.0,1815.0,99.6,39.34375,3,1675.291142463684,5.5,114.1875,147,1839.0811669826508,5.5,30.953125,14,1836.749274969101,4.4,104.78515625,28,1805.33465051651,3.3,61.13671875,89,1836.6637864112854
2026-02-13T16:56:19,idle_without_VPN,5.2,28.3,244.9158730042872,382.68105156919876,11399.720634381369,54861.155552960336,7.0,1308.87109375,53.348,48.0,1815.0,97.0,39.33984375,3,1676.7248117923737,8.7,104.8984375,28,1806.7726426124573,4.5,30.45703125,11,11.576591968536377,4.3,30.9140625,13,1838.189534664154,3.3,60.0625,33,1840.4887986183167
2026-02-13T16:56:20,idle_without_VPN,6.4,28.2,78.66037120148614,115.8452739512796,67733.73054731607,861865.9551804434,3.0,1308.87109375,53.383,47.0,1815.0,100.5,39.33984375,3,1678.0777390003204,10.1,104.81640625,28,1808.1588418483734,4.5,4.66015625,403,1770990979.4528744,4.5,114.16015625,147,1841.9162185192108,3.5,30.9140625,13,1839.5478291511536
2026-02-13T16:56:22,idle_without_VPN,6.3,28.2,57.90374782831551,86.85562174247326,0.0,46370.50903010128,3.0,1308.87109375,52.978,47.0,1815.0,100.2,39.34375,3,1679.5279686450958,6.5,30.953125,14,1840.9903995990753,4.3,49.09375,17,1839.7020297050476,3.4,104.82421875,28,1809.5201170444489,3.4,59.42578125,33,1843.2396094799042
2026-02-13T16:56:23,idle_without_VPN,8.8,28.2,4454.50340251436,3382.9580952219417,0.0,146670.22525044857,2.0,1308.87109375,53.135,47.0,1815.0,97.3,39.33203125,3,1681.1014320850372,10.9,104.84375,28,1811.097706079483,5.0,230.7265625,80,1842.5558805465698,5.0,30.9140625,13,1842.5646667480469,4.0,114.1328125,147,1844.8379464149475
2026-02-13T16:56:25,idle_without_VPN,7.6,28.3,3622.559948216996,1541.3872627347153,1284268.1402291118,321749.4304559119,2.0,1308.87109375,53.109,47.0,1815.0,99.2,39.33203125,3,1682.5352518558502,11.5,104.734375,28,1812.5894060134888,5.2,114.1875,147,1846.3387751579285,4.3,30.94921875,14,1843.9985842704773,3.1,4.66015625,403,1770990983.8767314
2026-02-13T16:56:26,idle_without_VPN,5.9,28.2,149.86857701847316,495.55600231108343,0.0,110755.70612565201,7.0,1308.87109375,52.855,47.0,1815.0,100.5,39.33203125,3,1683.9196336269379,12.2,104.859375,28,1813.99924826622,5.5,114.15234375,147,1847.7533395290375,3.4,30.94921875,14,1845.3911826610565,3.3,59.45703125,33,1847.7155539989471
2026-02-13T16:56:28,idle_without_VPN,6.0,28.3,0.0,350.2907768202336,23813.95886897389,228837.26100654594,2.0,1308.87109375,52.742,47.0,1815.0,98.4,38.7109375,3,1685.3336834907532,9.0,104.8125,28,1815.3847043514252,6.8,114.19140625,147,1849.130839586258,5.6,30.953125,14,1846.794902086258,5.5,26.25,9,1832.4744086265564
2026-02-13T16:56:29,idle_without_VPN,6.5,28.2,740.7437948123905,503.78916626546265,56924.701379954065,270748.11093840655,3.0,1308.87109375,52.833,47.0,1815.0,99.7,39.33203125,3,1686.7753322124481,12.0,104.734375,28,1816.8209280967712,6.5,114.10546875,147,1850.5707156658173,6.5,59.52734375,33,1850.5418694019318,5.4,30.9140625,13,1848.2422285079956
2026-02-13T16:56:30,idle_without_VPN,7.0,28.2,283.0011778763705,0.0,0.0,27442.53846073896,2.0,1308.87109375,52.782,48.0,1815.0,99.3,38.7109375,3,1688.1282088756561,13.5,104.73046875,28,1818.2119438648224,6.9,30.9140625,13,1849.5978319644928,6.7,114.1328125,147,1851.966105222702,5.6,59.52734375,33,1851.929398059845
2026-02-13T16:56:32,idle_without_VPN,6.0,28.3,364.54975434537664,274.7011280218697,0.0,7541.3928979730445,3.0,1308.87109375,52.77,48.0,1815.0,98.5,39.3359375,3,1689.5556919574738,12.2,49.52734375,17,1849.7204954624176,10.4,104.73828125,28,1819.5668210983276,6.9,114.1484375,147,1853.3231287002563,3.4,30.94921875,14,1850.9894585609436
2026-02-13T16:56:33,idle_without_VPN,7.7,28.3,5043.3784160302885,4358.971722888775,990145.2730865498,126933.04557809162,3.0,1308.87109375,52.772,48.0,1815.0,100.2,39.3359375,3,1691.0369009971619,12.3,104.72265625,28,1821.0957345962524,8.8,455.7734375,11,1742.0256230831146,6.2,114.140625,147,1854.8418064117432,4.1,30.9453125,14,1852.5017800331116
2026-02-13T16:56:35,idle_without_VPN,7.9,28.2,5618.109100459619,2943.2225654494337,92556.1583729818,162696.37214000706,3.0,1308.87109375,52.912,48.0,1815.0,98.6,39.33203125,3,1692.4152565002441,12.2,104.76171875,28,1822.5022940635681,5.5,114.1796875,147,1856.2588114738464,4.5,30.9140625,13,1853.8866279125214,3.4,61.13671875,89,1853.7987201213837
2026-02-13T16:56:36,idle_without_VPN,6.3,28.2,0.0,178.45121376388795,0.0,10615.255603813683,3.0,1308.87109375,52.987,48.0,1815.0,99.2,39.33984375,3,1693.7851359844208,12.7,104.80078125,28,1823.8578362464905,6.9,114.046875,147,1857.61199259758,6.9,30.9140625,14,1855.2473556995392,3.5,59.51171875,33,1857.5730302333832
2026-02-13T16:56:37,idle_without_VPN,6.8,28.2,0.0,0.0,11866.67105327005,155750.05757416942,4.0,1308.87109375,53.083,48.0,1815.0,98.8,39.33984375,3,1695.1919648647308,11.3,104.78515625,28,1825.2390387058258,7.8,343.453125,95,1826.32563996315,6.7,30.9140625,13,1856.6498699188232,5.7,114.13671875,147,1858.9883019924164
2026-02-13T16:56:39,idle_without_VPN,6.3,28.2,2510.8526933653143,408.84181980681706,0.0,10105.441946121602,4.0,1308.87109375,53.132,49.0,1815.0,100.5,39.3359375,3,1696.6067478656769,11.0,104.80078125,28,1826.6578814983368,9.9,343.453125,95,1827.7496285438538,4.4,114.1640625,147,1860.4116344451904,4.4,59.39453125,33,1860.3806567192078
2026-02-13T16:56:40,idle_without_VPN,6.9,28.2,5018.924170418042,3506.575837957515,93020.42263363031,16351.24616606783,3.0,1308.87109375,53.073,49.0,1815.0,99.1,39.33984375,3,1697.9934689998627,20.0,104.71875,28,1828.0644648075104,19.3,343.453125,95,1829.1240274906158,5.6,114.1328125,147,1861.8147761821747,4.5,59.39453125,33,1861.7820055484772
2026-02-13T16:56:42,idle_without_VPN,7.3,28.2,826.8431917121915,0.0,0.0,22242.226663221125,3.0,1308.87109375,53.162,49.0,1815.0,100.1,39.3359375,3,1699.4146115779877,17.0,104.75,28,1829.4459986686707,16.3,343.453125,95,1830.5627689361572,6.6,30.94921875,14,1860.8813889026642,5.7,4.66015625,403,1770991000.7354627
2026-02-13T16:56:43,idle_without_VPN,7.7,28.2,649.9737316460304,82.97536999736558,11328.90385030698,171703.6989812152,3.0,1308.87109375,53.133,49.0,1815.0,98.0,39.32421875,3,1700.8497698307037,25.2,343.453125,95,1831.9886720180511,18.3,104.703125,28,1830.8938331604004,5.5,30.94921875,13,1862.3096907138824,3.3,61.13671875,89,1862.2213716506958
2026-02-13T16:56:44,idle_without_VPN,7.0,28.2,4597.823490517571,1241.8400795648342,11488.598454878738,81856.263991011,3.0,1308.87109375,53.138,49.0,1815.0,98.7,39.33203125,3,1702.2584080696106,18.9,343.765625,95,1833.3913769721985,8.7,104.78125,28,1832.3328456878662,6.6,4.66015625,403,1770991003.6092772,5.5,30.9140625,13,1863.7250247001648
2026-02-13T16:56:46,idle_without_VPN,7.3,28.2,1328.543272088249,247.70671306144047,14747.190359006687,157426.2570823964,3.0,1308.87109375,53.133,49.0,1815.0,98.2,39.328125,3,1703.6588943004608,19.4,106.01171875,28,1833.702541589737,16.7,343.71875,95,1834.7945318222046,5.6,30.953125,14,1865.1211397647858,3.4,59.43359375,33,1867.4234595298767
2026-02-13T16:56:47,idle_without_VPN,7.2,28.2,0.0,0.0,0.0,25829.741873918018,3.0,1308.87109375,53.173,49.0,1815.0,99.0,39.3359375,3,1705.0474503040314,17.7,105.046875,28,1835.1155498027802,11.2,343.734375,95,1836.1924595832825,4.5,30.953125,14,1866.5136218070984,4.4,114.0390625,147,1868.86878490448
2026-02-13T16:56:49,idle_without_VPN,7.5,28.2,251.92652743771393,346.39897522685663,0.0,304510.4644374404,3.0,1308.87109375,53.031,49.0,1815.0,99.9,39.3359375,3,1706.424075603485,21.3,104.98828125,28,1836.5065569877625,12.7,343.734375,95,1837.5446848869324,8.0,30.94921875,13,1867.8881704807281,5.6,59.4140625,33,1870.225331068039
2026-02-13T16:56:50,idle_without_VPN,7.3,28.2,37.25965753803114,0.0,0.0,56086.21729884752,3.0,1308.87109375,53.073,50.0,1815.0,98.0,39.33203125,3,1707.7630007266998,21.0,105.0078125,28,1837.8460440635681,5.8,114.16796875,147,1871.6059937477112,5.7,343.7265625,95,1838.9123334884644,3.5,59.40234375,33,1871.5611717700958
2026-02-13T16:56:51,idle_without_VPN,6.5,28.2,2197.788335688361,39.22028094090267,0.0,42764.63225556202,3.0,1308.87109375,53.054,50.0,1815.0,98.3,38.71484375,3,1709.1778230667114,22.4,105.01171875,28,1839.2415323257446,5.7,114.0703125,147,1872.9844391345978,5.6,343.7265625,95,1840.30748128891,4.4,30.9140625,13,1870.6486222743988
2026-02-13T16:56:53,idle_without_VPN,7.1,28.1,212.20361215395226,0.0,369.55186878511415,1132306.9259575896,3.0,1308.87109375,53.203,50.0,1815.0,99.4,39.328125,3,1710.5293655395508,29.8,105.0078125,28,1840.6050305366516,7.0,343.7265625,95,1841.65527510643,6.8,114.125,147,1874.366087436676,3.5,61.13671875,89,1871.9064588546753
2026-02-13T16:56:54,idle_without_VPN,6.9,28.1,3298.464563993581,402.0734730045367,0.0,71490.125585563,3.0,1308.87109375,53.061,50.0,1815.0,99.6,39.32421875,3,1711.8782818317413,22.8,105.0390625,28,1841.9757690429688,5.7,114.15625,147,1875.7343440055847,4.7,343.734375,95,1842.986009836197,4.6,30.9140625,13,1873.35098528862
2026-02-13T16:56:55,idle_without_VPN,7.4,28.1,2112.408882740022,41.404747610875205,0.0,32584.002860588014,3.0,1308.87109375,53.22,50.0,1815.0,99.2,39.33203125,3,1713.217042684555,29.8,105.0078125,28,1843.2872405052185,15.1,343.734375,95,1844.330802679062,7.2,114.1640625,147,1877.03968501091,3.5,30.9140625,13,1874.6790521144867
2026-02-13T16:56:57,idle_without_VPN,7.8,28.1,529.1889101440858,0.0,0.0,11730.846901964986,3.0,1308.87109375,53.125,50.0,1815.0,99.6,39.3203125,3,1714.5665066242218,39.3,343.734375,95,1845.6821975708008,21.9,105.02734375,28,1844.6402332782745,6.9,30.9140625,13,1876.0316689014435,5.8,114.14453125,147,1878.3940284252167
2026-02-13T16:56:58,idle_without_VPN,9.1,28.1,0.0,40.000031082742616,0.0,12894.824834970064,4.0,1308.87109375,53.067,50.0,1815.0,98.6,39.328125,3,1715.9127790927887,18.4,343.7265625,95,1847.0437381267548,5.8,114.1640625,147,1879.7437026500702,4.7,30.9140625,13,1877.3748857975006,3.5,82.703125,56,1875.961534023285
2026-02-13T16:56:59,idle_without_VPN,8.5,28.1,405.58979416957277,393.1886673694239,252481.10582665316,31746.884608380944,4.0,1308.87109375,53.171,50.0,1815.0,87.6,38.71484375,3,1717.2860560417175,13.6,80.76953125,56,1877.3359005451202,5.7,4.66015625,402,1770991018.6505458,5.7,114.19921875,147,1881.1111369132996,3.4,30.9453125,14,1878.752660036087
2026-02-13T16:57:01,idle_without_VPN,7.0,28.1,0.0,0.0,0.0,12228.896493134362,3.0,1308.87109375,53.232,51.0,1815.0,81.3,39.328125,3,1718.6319239139557,4.7,114.11328125,147,1882.4517431259155,4.7,59.4140625,33,1882.4193069934845,4.6,30.9140625,13,1880.099594116211,2.3,4.66015625,402,1770991019.9902968
2026-02-13T16:57:02,idle_without_VPN,6.8,28.1,0.0,0.0,0.0,5966.235014495492,3.0,1308.87109375,53.184,51.0,1815.0,71.5,39.328125,3,1720.00838804245,4.6,114.1484375,147,1883.8257658481598,4.6,59.4140625,33,1883.7879211902618,3.4,30.9140625,13,1881.4762148857117,2.3,98.015625,30,1874.3863561153412
2026-02-13T16:57:04,idle_without_VPN,7.9,28.1,760.6078022218247,360.20956582716553,48774.16137613455,9526.203393776279,3.0,1308.87109375,53.07,51.0,1815.0,99.5,39.33203125,3,1721.3114981651306,5.8,114.1640625,147,1885.1689500808716,3.6,30.953125,14,1882.7843625545502,3.6,267.0703125,276,1879.7218742370605,3.6,23.25,10,1868.4018881320953
2026-02-13T16:57:05,idle_without_VPN,6.8,28.1,38.070487199749195,0.0,12474.937245613815,40543.5460482449,3.0,1308.87109375,53.16,51.0,1815.0,98.5,39.32421875,3,1722.6277582645416,4.7,30.9140625,13,1884.1012284755707,2.4,4.66015625,402,1770991024.0207832,2.4,114.13671875,147,1886.4801278114319,2.4,59.53515625,33,1886.4356362819672
2026-02-13T16:57:06,idle_without_VPN,5.3,28.1,0.0,41.12748203131895,0.0,0.0,3.0,1308.87109375,53.162,51.0,1815.0,99.9,39.33203125,3,1723.9422857761383,4.8,114.1328125,147,1887.793259859085,4.8,30.94921875,14,1885.4124281406403,3.6,4.66015625,402,1770991025.3338573,2.4,59.5546875,33,1887.7564895153046
2026-02-13T16:57:07,idle_without_VPN,5.9,28.1,0.0,0.0,0.0,31633.778359728432,3.0,1308.87109375,53.057,51.0,1815.0,100.4,39.3203125,3,1725.2493093013763,7.1,114.171875,147,1889.1061198711395,4.8,4.66015625,402,1770991026.645013,4.8,30.9140625,13,1886.722454071045,3.5,183.9609375,105,1861.3579590320587
2026-02-13T16:57:09,idle_without_VPN,5.5,28.1,262.9760258887271,361.59203559699984,0.0,46283.78055641598,7.0,1308.87109375,53.21,51.0,1815.0,94.3,39.328125,3,1726.6255400180817,5.8,114.09375,147,1890.4449005126953,4.6,30.953125,14,1888.0921897888184,2.3,4.66015625,402,1770991027.9834228,2.3,59.55859375,33,1890.412977218628
2026-02-13T16:57:10,idle_without_VPN,5.8,28.1,48.61721068249258,88.39492851362287,0.0,115031.26697239457,3.0,1308.87109375,53.376,51.0,1815.0,99.6,39.328125,3,1727.9907295703888,4.6,30.9140625,13,1889.464191198349,3.5,114.1484375,147,1891.803450345993,3.4,247.99609375,49,1870.9420402050018,2.3,4.66015625,402,1770991029.3420208
2026-02-13T16:57:12,idle_without_VPN,5.6,28.1,2476.695790106594,667.643715049335,5970.892263847328,746.361532980916,3.0,1308.87109375,53.367,51.0,1815.0,98.0,39.328125,3,1729.3302121162415,5.7,114.15234375,147,1893.1723601818085,4.6,4.66015625,402,1770991030.7125628,3.5,30.9140625,13,1890.8000230789185,3.4,59.4140625,33,1893.1327726840973
2026-02-13T16:57:13,idle_without_VPN,4.8,28.1,8580.679076250279,3352.7353932718934,32028.974632127407,83504.11243376073,3.0,1308.87109375,53.245,52.0,1815.0,98.3,39.33203125,3,1730.6652400493622,4.7,114.109375,147,1894.5161340236664,4.7,30.9140625,13,1892.1393976211548,3.5,21.51953125,10,1892.020892381668,2.3,11.05078125,8,1894.4561882019043
2026-02-13T16:57:14,idle_without_VPN,5.6,28.1,2719.3221150843938,1546.8551861443239,126213.52275791136,552972.9965830991,3.0,1308.87109375,53.428,52.0,1815.0,100.5,39.33203125,3,1731.9552824497223,4.9,30.9140625,13,1893.4249906539917,4.8,114.140625,147,1895.8139889240265,3.6,267.1328125,276,1890.3631637096405,2.4,4.66015625,402,1770991033.3537369
2026-02-13T16:57:15,idle_without_VPN,5.4,28.1,283.4030817138912,1266.8425799438887,0.0,224750.96567223372,3.0,1308.87109375,53.474,52.0,1815.0,100.0,39.328125,3,1733.2521543502808,3.6,114.16015625,147,1897.1109974384308,3.6,59.37890625,33,1897.0668880939484,3.6,30.953125,14,1894.72700881958,2.4,4.66015625,402,1770991034.6518645
2026-02-13T16:57:17,idle_without_VPN,6.0,28.1,682.1622633622504,185.97410121074927,0.0,75858.91305154147,3.0,1308.87109375,53.481,52.0,1815.0,100.6,39.328125,3,1734.541465997696,6.0,4.66015625,402,1770991035.9477625,3.6,30.9140625,13,1896.0137491226196,2.4,114.1484375,147,1898.4070663452148,2.4,59.37890625,33,1898.3637969493866
2026-02-13T16:57:18,idle_without_VPN,5.8,28.1,334.2393253058848,774.1915534992122,0.0,30246.327037912997,4.0,1308.87109375,53.31,52.0,1815.0,98.2,39.32421875,3,1735.8304722309113,4.9,114.12109375,147,1899.6965568065643,4.8,30.953125,14,1897.3076009750366,3.6,59.42578125,33,1899.6491374969482,2.4,4.66015625,402,1770991037.235332
2026-02-13T16:57:19,idle_without_VPN,5.2,28.0,275.38949129248465,378.6605505271664,0.0,1602.2661311562742,9.0,1308.87109375,53.541,52.0,1815.0,100.6,39.33203125,3,1737.1200547218323,6.1,59.59765625,33,1900.934255361557,6.1,30.953125,14,1898.5914015769958,4.9,114.1484375,147,1900.9746778011322,3.7,4.66015625,402,1770991038.512878
2026-02-13T16:57:21,idle_without_VPN,5.1,28.1,377.3644690954331,218.84046056149091,0.0,7522.544170820437,3.0,1308.87109375,53.643,52.0,1815.0,99.7,39.33203125,3,1738.419983625412,6.0,30.9140625,13,1899.8897132873535,4.8,4.66015625,402,1770991039.807004,4.8,114.17578125,147,1902.2688791751862,3.6,59.59765625,33,1902.225131034851
2026-02-13T16:57:22,idle_without_VPN,5.6,28.1,91.85708578564984,2717.4387878254747,0.0,7446.547754356681,3.0,1308.87109375,55.559,52.0,1815.0,99.3,39.3203125,3,1739.7111535072327,4.8,114.1875,147,1903.5715827941895,3.6,4.66015625,402,1770991041.1123273,3.6,30.9140625,13,1901.1795341968536,2.4,104.796875,28,1869.8146052360535
2026-02-13T16:57:23,idle_without_VPN,5.7,28.0,0.0,2141.5961533964214,51018.40985423041,122364.46738475576,4.0,1308.87109375,53.646,52.0,1815.0,100.1,39.3203125,3,1740.9906878471375,4.9,4.66015625,402,1770991042.3971589,4.9,114.12890625,147,1904.8557205200195,4.9,30.9140625,13,1902.4666254520416,2.4,59.41015625,33,1904.809166431427
2026-02-13T16:57:24,idle_without_VPN,5.3,28.1,1673.5511661245273,1386.8995120930408,0.0,17010.573625760662,3.0,1308.87109375,54.019,52.0,1815.0,99.8,39.3046875,2,1742.2898526191711,6.0,30.94921875,14,1903.7633309364319,4.8,114.12890625,147,1906.1527202129364,2.4,59.57421875,33,1906.1076261997223,2.4,61.1484375,89,1903.6767444610596
2026-02-13T16:57:26,idle_without_VPN,5.7,28.1,3095.6654521406863,532.4727662873827,0.0,14451.524476430053,3.0,1308.87109375,53.912,52.0,1815.0,98.0,39.3046875,2,1743.596914768219,6.0,114.15625,147,1907.4620451927185,3.6,30.9140625,13,1905.070313692093,2.4,59.35546875,33,1907.4144871234894,2.4,12.31640625,12,1907.3794260025024
2026-02-13T16:57:27,idle_without_VPN,5.6,28.1,1767.9893298437225,1098.9784420802068,0.0,7947.414722387936,3.0,1308.87109375,53.942,52.0,1815.0,98.8,39.3046875,2,1744.8934235572815,4.9,4.66015625,402,1770991046.2906218,4.9,114.171875,147,1908.7500026226044,3.6,30.9140625,13,1906.3708703517914,3.6,26.35546875,9,1891.9876058101654
2026-02-13T16:57:28,idle_without_VPN,5.7,28.0,1279.9558439146067,638.4320815661022,0.0,21369.69756796561,3.0,1308.87109375,53.839,51.0,1815.0,99.8,39.30078125,2,1746.1926152706146,6.0,30.94921875,14,1907.667428970337,4.8,61.1484375,89,1907.5786254405975,2.4,4.66015625,402,1770991047.5842452,2.4,114.140625,147,1910.044181585312
2026-02-13T16:57:30,idle_without_VPN,5.3,28.1,884.4982826300746,3129.7631539218028,0.0,7917.187424940528,8.0,1308.87109375,53.983,51.0,1815.0,98.6,39.30078125,2,1747.4766476154327,13.9,154.9453125,23,1802.3562774658203,6.1,30.94921875,14,1908.9457404613495,6.0,114.15625,147,1911.3411748409271,3.6,59.39453125,33,1911.2923755645752
2026-02-13T16:57:31,idle_without_VPN,7.2,28.1,14695.632768918977,5922.816733030462,72770.47570601506,975958.2028280667,3.0,1308.87109375,53.779,51.0,1815.0,99.5,39.30078125,2,1748.8583016395569,14.8,316.7109375,35,1804.6397280693054,4.5,208.19921875,79,1910.3231091499329,3.5,114.15234375,147,1912.6917951107025,3.5,104.859375,28,1878.934194803238
2026-02-13T16:57:32,idle_without_VPN,5.8,28.0,8037.4521518929205,2434.1095030306683,0.0,153712.32214996265,3.0,1308.87109375,53.89,51.0,1815.0,99.5,39.2890625,2,1750.1622059345245,4.8,30.94921875,14,1911.6382031440735,3.5,114.125,147,1914.0186643600464,2.4,310.90625,35,1805.940663576126,1.2,4.66015625,402,1770991051.5568714
2026-02-13T16:57:34,idle_without_VPN,5.6,28.1,75119.00178073341,13385.36853265588,0.0,14953.245875709279,3.0,1308.87109375,53.814,51.0,1815.0,98.8,39.296875,2,1751.4752044677734,6.0,114.1328125,147,1915.319393157959,4.8,152.640625,23,1806.2937219142914,3.6,4.66015625,402,1770991052.8579066,3.6,30.9140625,13,1912.947393655777
2026-02-13T16:57:35,idle_without_VPN,5.9,28.0,38.371897924609534,82.8832995171566,0.0,165422.7868289087,3.0,1308.87109375,53.841,50.0,1815.0,100.8,39.296875,2,1752.79225730896,7.1,30.94921875,14,1914.2626576423645,4.8,59.3515625,33,1916.5857791900635,3.6,114.16015625,147,1916.622861623764,2.4,4.66015625,402,1770991054.1622305
2026-02-13T16:57:36,idle_without_VPN,4.9,28.0,130.43020096602072,168.96639670598137,0.0,4932.6330547149655,3.0,1308.87109375,53.644,50.0,1815.0,98.5,39.30078125,2,1754.1090455055237,4.7,30.9140625,13,1915.5849332809448,4.6,114.03515625,147,1917.970496416092,2.4,105.34765625,18,1874.8404550552368,2.4,183.96875,105,1890.1882240772247
2026-02-13T16:57:38,idle_without_VPN,5.3,28.0,542.8517152562493,187.190246640086,0.0,37537.884126225246,3.0,1308.87109375,53.628,50.0,1815.0,99.0,39.30078125,2,1755.3868963718414,4.9,114.1328125,147,1919.2531945705414,3.7,59.4375,33,1919.2083184719086,3.7,30.9140625,13,1916.863133430481,1.2,4.66015625,402,1770991056.7936165
2026-02-13T16:57:39,idle_without_VPN,5.1,28.0,725.7557167225006,1013.2456023563867,0.0,9599.662268122807,3.0,1308.87109375,53.646,50.0,1815.0,99.5,39.30078125,2,1756.6750371456146,4.9,114.1328125,147,1920.5336349010468,3.7,59.4375,33,1920.4883937835693,3.6,30.9140625,13,1918.1476500034332,1.2,104.84375,28,1886.7734560966492
2026-02-13T16:57:40,idle_without_VPN,5.2,28.0,418.6775571643716,164.67466070286972,0.0,104198.66832700829,3.0,1308.87109375,53.583,50.0,1815.0,98.4,39.296875,2,1757.9608364105225,6.1,30.94921875,14,1919.4406080245972,4.9,114.1484375,147,1921.819590330124,3.6,59.4453125,33,1921.777923822403,2.4,104.78125,28,1888.0598773956299
2026-02-13T16:57:41,idle_without_VPN,5.9,28.0,1682.4490007637414,661.742464122288,0.0,31563.866967946113,3.0,1308.87109375,53.485,49.0,1815.0,98.9,39.30078125,2,1759.2405123710632,6.1,114.0859375,147,1923.103245973587,4.9,30.9453125,14,1920.7180695533752,3.7,4.66015625,402,1770991060.6417656,3.7,61.1484375,89,1920.6300644874573
2026-02-13T16:57:43,idle_without_VPN,5.5,28.0,1259.775736462876,376.53813525274154,0.0,8727.007315816627,4.0,1308.87109375,53.463,49.0,1815.0,99.8,39.2890625,2,1760.5409350395203,6.0,114.14453125,147,1924.3940501213074,4.8,30.953125,14,1922.0124983787537,1.2,4.66015625,402,1770991061.9335804,1.2,59.3984375,33,1924.3503186702728
2026-02-13T16:57:44,idle_without_VPN,5.3,28.0,1247.104011686727,819.2823501093325,0.0,91103.57842197828,8.0,1308.87109375,53.709,49.0,1815.0,99.0,39.296875,2,1761.8191735744476,7.3,114.15625,147,1925.6861155033112,3.7,61.1484375,89,1923.204100370407,3.7,12.06640625,4,1912.118361711502,3.6,104.79296875,28,1891.9242684841156
2026-02-13T16:57:45,idle_without_VPN,5.5,28.0,0.0,0.0,0.0,2801.640747246562,4.0,1308.87109375,53.49,49.0,1815.0,100.7,39.296875,2,1763.106590270996,6.1,114.1640625,147,1926.9675569534302,4.8,30.953125,13,1924.5820400714874,3.6,267.34765625,276,1921.520102739334,3.6,12.06640625,4,1913.4201970100403
2026-02-13T16:57:47,idle_without_VPN,5.9,28.0,57.0744479632168,1675.983451676623,0.0,110175.28030607558,3.0,1308.87109375,53.542,49.0,1815.0,99.6,39.296875,2,1764.4086873531342,4.8,114.1015625,147,1928.2637586593628,4.8,61.1484375,89,1925.7967202663422,3.6,104.7734375,28,1894.5023188591003,3.6,30.9140625,13,1925.8844006061554
2026-02-13T16:57:48,idle_without_VPN,5.6,28.1,530.468120298866,1608.4445379453045,0.0,9103.899807587242,3.0,1308.87109375,53.396,49.0,1815.0,98.6,39.3125,2,1765.8977506160736,6.9,114.14453125,147,1929.6136105060577,6.5,61.1484375,89,1927.241780757904,4.3,30.953125,14,1927.3296222686768,3.4,59.421875,33,1929.5832879543304
2026-02-13T16:57:50,idle_without_VPN,8.7,28.1,4249.554024511714,1606.9252849576947,21197.95802636624,13248.7237664789,3.0,1320.75390625,53.535,48.0,1815.0,100.8,39.30078125,2,1767.3231472969055,10.6,217.6171875,79,1928.7957792282104,6.8,314.46875,35,1823.1064598560333,6.1,114.15234375,147,1931.1591727733612,4.3,30.94921875,14,1928.7989892959595
2026-02-13T16:57:51,idle_without_VPN,6.7,28.1,92.47855118618048,583.7708543627643,11837.254551831102,126510.6580226949,3.0,1319.69140625,53.435,48.0,1815.0,96.7,39.30078125,2,1768.7126274108887,6.8,4.66015625,402,1770991070.0801566,4.5,216.70703125,79,1930.1803035736084,4.5,30.9140625,13,1930.183268070221,3.4,114.13671875,147,1932.5401773452759
2026-02-13T16:57:52,idle_without_VPN,5.6,28.0,2172.358566393323,2175.3111434458456,0.0,215042.0918893082,3.0,1314.49609375,53.393,48.0,1815.0,99.4,39.3046875,2,1770.0486533641815,4.7,30.9140625,13,1931.522524356842,4.7,125.640625,99,1826.1774089336395,4.6,114.16796875,147,1933.8984384536743,4.6,104.86328125,28,1900.1407387256622
2026-02-13T16:57:54,idle_without_VPN,5.2,28.1,320.45058125693294,448.02332450613847,0.0,90977.59061429057,3.0,1314.12109375,53.322,48.0,1815.0,97.9,39.31640625,3,1771.37322473526,3.6,59.3359375,33,1935.174393415451,3.5,30.9140625,13,1932.8461730480194,2.4,4.66015625,402,1770991072.7542825,2.4,104.7734375,28,1901.4577050209045
2026-02-13T16:57:55,idle_without_VPN,5.2,28.0,182.14551879504415,99.35210116093319,0.0,178809.69673182254,3.0,1307.93359375,53.287,48.0,1815.0,98.7,39.31640625,3,1772.6874113082886,9.5,30.94921875,14,1934.165689945221,4.7,104.828125,28,1902.7801492214203,3.6,314.20703125,35,1828.4706728458405,2.4,114.109375,147,1936.5406248569489
2026-02-13T16:57:56,idle_without_VPN,6.4,28.0,0.0,448.47216507173084,0.0,63410.73329535664,3.0,1307.93359375,53.12,48.0,1815.0,98.8,39.31640625,3,1773.9686448574066,6.1,30.94921875,14,1935.4501552581787,6.0,104.79296875,28,1904.0810143947601,4.8,4.66015625,402,1770991075.3804727,4.8,114.12890625,147,1937.8400149345398
2026-02-13T16:57:57,idle_without_VPN,5.5,28.0,2197.7645439926355,0.0,0.0,13070.117709174352,3.0,1307.93359375,53.27,48.0,1815.0,100.0,39.31640625,3,1775.2186288833618,5.0,30.9140625,13,1936.6997632980347,3.7,4.66015625,402,1770991076.6350517,3.7,114.16796875,147,1939.0966579914093,2.5,104.796875,28,1905.3342733383179
2026-02-13T16:57:59,idle_without_VPN,5.7,28.0,2877.730643128133,711.2413974962618,0.0,56055.411894357065,7.0,1307.93359375,53.148,47.0,1815.0,99.5,39.31640625,3,1776.4746360778809,5.0,114.1953125,147,1940.3446424007416,5.0,104.88671875,28,1906.5860648155212,5.0,30.953125,14,1937.9549112319946,3.7,4.66015625,402,1770991077.8855097
2026-02-13T16:58:00,idle_without_VPN,5.7,28.0,1886.0094284088125,881.2392823603964,12891.271787672084,45925.155743581796,3.0,1307.93359375,53.108,47.0,1815.0,100.7,39.30859375,3,1777.7462837696075,8.6,30.953125,14,1939.2310149669647,6.2,104.875,28,1907.854879617691,6.1,114.11328125,147,1941.615390777588,3.7,105.3515625,18,1898.4796242713928
2026-02-13T16:58:01,idle_without_VPN,6.2,28.0,0.0,572.2729481886532,12968.354056878139,101315.26606936047,4.0,1307.93359375,52.945,47.0,1815.0,97.6,39.30859375,3,1778.9952952861786,8.7,104.80078125,28,1909.1139760017395,5.0,30.9140625,13,1940.4806287288666,4.9,114.1171875,147,1942.8787305355072,2.5,59.4296875,33,1942.8305616378784
2026-02-13T16:58:02,idle_without_VPN,5.1,28.0,2448.9841335971278,194.78718686366594,0.0,3724.3956724803843,3.0,1307.93359375,53.193,47.0,1815.0,98.4,39.30859375,3,1780.2339437007904,7.6,104.8671875,28,1910.35502743721,6.3,114.13671875,147,1944.1170592308044,5.0,30.953125,14,1941.7194373607635,3.8,59.40625,33,1944.0673604011536
2026-02-13T16:58:04,idle_without_VPN,6.1,28.0,1710.5722537013344,1208.2613538049106,0.0,7768.649338938646,4.0,1307.93359375,53.027,47.0,1815.0,99.7,39.30859375,3,1781.487057685852,6.2,114.16796875,147,1945.3682491779327,6.2,30.9140625,13,1942.9719734191895,2.5,104.89453125,28,1911.603202342987,2.5,61.1484375,89,1942.8826458454132
2026-02-13T16:58:05,idle_without_VPN,5.6,28.0,2024.6929968801771,1753.658396500998,0.0,123075.52139123103,4.0,1307.93359375,52.949,47.0,1815.0,100.1,39.3125,3,1782.7207865715027,7.6,30.9140625,13,1944.2029237747192,6.3,114.03515625,147,1946.6071376800537,5.0,59.41015625,33,1946.5599472522736,3.8,104.90625,28,1912.8447108268738
2026-02-13T16:58:06,idle_without_VPN,5.6,28.0,220.53529393798456,516.4741994062359,0.0,60608.28783989787,3.0,1307.93359375,52.869,47.0,1815.0,100.2,39.30859375,3,1783.952300310135,10.1,104.81640625,28,1914.0760071277618,7.6,114.1171875,147,1947.8423039913177,3.8,30.94921875,14,1945.4371371269226,2.5,59.4765625,33,1947.7880399227142
2026-02-13T16:58:07,idle_without_VPN,5.6,28.0,0.0,44.38776173733049,0.0,0.0,3.0,1307.93359375,52.813,47.0,1815.0,98.8,39.30859375,3,1785.16974401474,7.7,114.140625,147,1949.0608665943146,3.9,4.66015625,402,1770991086.6018806,3.8,30.94921875,14,1946.655268907547,2.6,59.4765625,33,1949.0129733085632
2026-02-13T16:58:09,idle_without_VPN,5.9,28.0,1790.5347015186765,955.3306181720227,0.0,7480.311790206764,3.0,1307.93359375,52.706,48.0,1815.0,100.1,39.30859375,3,1786.4025130271912,10.2,104.7734375,28,1916.5271027088165,6.4,114.16796875,147,1950.2891719341278,5.1,30.9140625,13,1947.8890590667725,3.8,61.1484375,89,1947.8003504276276
2026-02-13T16:58:10,idle_without_VPN,6.2,28.0,123.77817268176894,407.9793717997779,0.0,117576.23476634556,3.0,1307.93359375,52.739,48.0,1815.0,99.0,39.30859375,3,1787.6330893039703,11.5,104.86328125,28,1917.7551929950714,7.6,30.9140625,13,1949.1170041561127,6.4,114.14453125,147,1951.5172157287598,2.5,59.4765625,33,1951.4673702716827
2026-02-13T16:58:11,idle_without_VPN,5.5,28.0,0.0,0.0,0.0,4572.798918432145,3.0,1307.93359375,52.879,48.0,1815.0,100.7,39.3125,3,1788.8594155311584,7.6,104.80078125,28,1918.9821186065674,6.3,114.0390625,147,1952.7486608028412,3.8,30.9140625,14,1950.3440124988556,2.6,25.40625,12,1935.9340205192566
2026-02-13T16:58:12,idle_without_VPN,5.2,28.0,0.0,0.0,0.0,7923.8768579086245,3.0,1307.93359375,52.84,48.0,1815.0,98.4,39.3125,3,1790.0978121757507,7.6,104.78125,28,1920.2142407894135,6.4,114.12890625,147,1953.9761517047882,3.8,61.1484375,89,1951.485771894455,2.5,30.953125,14,1951.5746338367462
2026-02-13T16:58:14,idle_without_VPN,5.8,28.0,175.68150088007638,638.0432691053683,0.0,24122.667175387942,3.0,1307.93359375,52.843,48.0,1815.0,100.5,38.71484375,3,1791.356852531433,6.2,114.140625,147,1955.230658531189,6.2,59.046875,33,1955.1851727962494,5.0,104.91796875,28,1921.471607685089,3.7,30.9140625,13,1952.8295545578003
2026-02-13T16:58:15,idle_without_VPN,5.8,28.0,755.378895924994,477.33517465898564,0.0,109854.59211545787,3.0,1307.93359375,52.808,48.0,1815.0,97.7,39.3125,3,1792.620949268341,10.1,104.8671875,28,1922.7119073867798,7.5,114.1796875,147,1956.4737734794617,4.9,30.94921875,13,1954.097119808197,2.5,61.1484375,89,1954.0086443424225
2026-02-13T16:58:16,idle_without_VPN,6.3,28.0,60.612553499394444,42.73962105726531,0.0,10742.40948173883,3.0,1307.93359375,53.082,48.0,1815.0,96.8,39.3125,3,1793.9286634922028,15.6,104.76953125,28,1924.0172064304352,4.8,59.53515625,33,1957.731789112091,3.6,30.9140625,13,1955.3978984355927,2.4,114.1640625,147,1957.768694639206
2026-02-13T16:58:17,idle_without_VPN,5.6,28.0,299.8758721471344,0.0,12406.985578935984,345844.72301284055,3.0,1307.93359375,52.977,49.0,1815.0,100.6,38.71875,3,1795.2184505462646,13.2,104.76171875,28,1925.3207206726074,3.6,114.125,147,1959.0823876857758,3.6,30.94921875,14,1956.6959955692291,3.6,61.1484375,89,1956.6075975894928
2026-02-13T16:58:19,idle_without_VPN,6.2,28.0,393.93996316731074,372.66720515627594,0.0,8471.28496794985,3.0,1307.93359375,52.956,49.0,1815.0,97.3,39.31640625,3,1796.4873809814453,13.5,104.7109375,28,1926.5926721096039,4.9,30.9140625,13,1957.959265947342,3.7,114.12890625,147,1960.3507812023163,3.7,218.3046875,79,1957.956651210785
2026-02-13T16:58:20,idle_without_VPN,6.4,28.0,0.0,42.74932391520666,0.0,160914.7884500105,4.0,1307.93359375,52.825,49.0,1815.0,99.0,39.30859375,3,1797.7666442394257,11.0,104.80859375,28,1927.8713150024414,11.0,451.6171875,11,1848.672106742859,6.2,114.15234375,147,1961.6172907352448,4.9,4.66015625,402,1770991099.1553912
2026-02-13T16:58:21,idle_without_VPN,6.3,28.0,39.098258529076126,0.0,0.0,4804.394008052875,3.0,1307.93359375,53.042,49.0,1815.0,99.4,38.71875,3,1799.0241153240204,11.1,104.90625,28,1929.140623807907,5.0,30.9140625,13,1960.501359462738,4.9,114.171875,147,1962.896595954895,3.7,4.66015625,402,1770991100.4354565
2026-02-13T16:58:22,idle_without_VPN,5.9,28.0,0.0,0.0,0.0,0.0,3.0,1307.93359375,52.962,49.0,1815.0,100.1,39.3046875,3,1800.257619380951,10.1,104.88671875,28,1930.376424074173,5.1,30.9140625,13,1961.7317790985107,3.8,114.12109375,147,1964.1401646137238,3.8,61.1484375,89,1961.643703699112
2026-02-13T16:58:24,idle_without_VPN,6.6,28.0,680.3698544631256,655.320608039899,0.0,11997.780996518397,3.0,1307.93359375,52.95,49.0,1815.0,101.0,39.30859375,3,1801.4951124191284,8.8,104.74609375,28,1931.6130411624908,6.3,59.46484375,33,1965.3276357650757,3.8,30.94921875,14,1962.9759707450867,2.5,4.66015625,402,1770991102.9160194
2026-02-13T16:58:25,idle_without_VPN,6.1,28.0,0.0,0.0,0.0,21831.400924956033,3.0,1307.93359375,53.002,49.0,1815.0,96.9,38.7109375,3,1802.7361469268799,16.4,104.71484375,28,1932.8536348342896,6.3,30.9140625,13,1964.2139866352081,5.1,343.73046875,95,1933.815708398819,5.0,114.140625,147,1966.6157548427582
2026-02-13T16:58:26,idle_without_VPN,7.0,28.0,0.0,0.0,0.0,9151.848080295898,4.0,1307.93359375,53.137,49.0,1815.0,99.0,39.30078125,3,1803.9669075012207,10.2,104.78125,28,1934.0804467201233,6.4,267.61328125,276,1962.3716385364532,6.3,343.73046875,95,1935.0526797771454,5.1,114.13671875,147,1967.8472077846527
2026-02-13T16:58:27,idle_without_VPN,5.9,28.0,0.0,0.0,0.0,8708.921686022226,4.0,1307.93359375,53.117,50.0,1815.0,100.0,39.30078125,3,1805.2017397880554,14.0,343.73046875,95,1936.2811527252197,11.3,106.15625,28,1935.319617986679,7.6,30.94921875,14,1966.6817889213562,5.1,114.16796875,147,1969.0813086032867
2026-02-13T16:58:29,idle_without_VPN,6.7,28.0,402.4249441494182,437.31259051721054,0.0,14123.817394663452,4.0,1307.93359375,53.095,50.0,1815.0,99.2,39.30859375,3,1806.4302759170532,15.3,106.140625,28,1936.5451395511627,15.1,343.73046875,95,1937.5228180885315,7.7,59.4765625,33,1970.2572994232178,3.8,114.12890625,147,1970.313443660736
2026-02-13T16:58:30,idle_without_VPN,7.3,28.0,0.0,43.63237233587996,13238.384969464023,147690.732315583,3.0,1307.93359375,53.152,50.0,1815.0,99.3,39.30078125,3,1807.6732318401337,14.0,343.73046875,95,1938.7540380954742,11.3,105.01953125,28,1937.787712097168,7.6,30.9140625,13,1969.1477358341217,5.0,114.140625,147,1971.552719116211
2026-02-13T16:58:31,idle_without_VPN,6.5,28.0,0.0,0.0,0.0,15742.004440704633,3.0,1307.93359375,53.193,50.0,1815.0,98.1,39.30859375,3,1808.899151802063,19.0,343.73046875,95,1939.9869494438171,13.9,104.96484375,28,1939.0237593650818,5.1,114.1640625,147,1972.7878625392914,3.8,30.9140625,14,1970.3806207180023
2026-02-13T16:58:32,idle_without_VPN,7.0,28.0,0.0,0.0,0.0,17514.798844028068,3.0,1307.93359375,53.222,50.0,1815.0,100.4,39.30859375,3,1810.1436929702759,18.8,343.73046875,95,1941.2325081825256,12.7,104.98828125,28,1940.2555494308472,6.3,30.94921875,14,1971.6229929924011,5.1,59.72265625,33,1973.9700002670288
2026-02-13T16:58:34,idle_without_VPN,6.6,28.0,0.0,282.5575270812325,0.0,100282.23506592106,3.0,1307.93359375,52.984,50.0,1815.0,100.6,39.30859375,3,1811.3861000537872,18.8,105.0078125,28,1941.502242565155,14.0,343.73046875,95,1942.463783979416,2.5,4.66015625,402,1770991112.803716,2.5,114.08984375,147,1975.2659039497375
2026-02-13T16:58:35,idle_without_VPN,6.8,28.0,283.83947596795855,106.43980348798446,0.0,15688.5819444108,3.0,1307.93359375,53.194,50.0,1815.0,99.2,39.30859375,3,1812.6147544384003,17.7,105.03515625,28,1942.7361345291138,17.7,343.71484375,94,1943.6989011764526,3.8,114.12109375,147,1976.500440120697,3.8,59.47265625,33,1976.4492061138153
2026-02-13T16:58:36,idle_without_VPN,6.4,28.0,94.42223379736548,97.67817289382636,0.0,0.0,3.0,1307.93359375,53.26,50.0,1815.0,100.3,39.30859375,3,1813.8457961082458,16.5,104.953125,28,1943.9648823738098,10.1,343.71484375,94,1944.9324462413788,5.1,30.953125,14,1975.3238587379456,3.8,114.13671875,147,1977.7300899028778
2026-02-13T16:58:37,idle_without_VPN,6.9,28.0,63.00430478568222,44.42611234887849,0.0,9098.467809050315,3.0,1307.93359375,53.21,50.0,1815.0,99.4,39.3125,3,1815.0880761146545,20.2,105.04296875,28,1945.2033197879791,10.1,343.73046875,95,1946.1695942878723,7.6,114.171875,147,1978.9700179100037,5.0,30.9140625,13,1976.5633745193481
2026-02-13T16:58:38,idle_without_VPN,6.9,28.0,0.0,50.24410332268157,0.0,35683.03802426314,3.0,1307.93359375,53.069,50.0,1815.0,100.8,38.72265625,3,1816.3278019428253,24.0,104.80078125,28,1946.4382553100586,8.8,343.72265625,95,1947.409568786621,5.0,30.953125,14,1977.8067770004272,2.5,114.17578125,147,1980.2015163898468
2026-02-13T16:58:40,idle_without_VPN,6.8,28.0,283.3531220575913,389.610542829188,0.0,75423.4492167843,3.0,1307.93359375,53.248,51.0,1815.0,98.8,38.7109375,3,1817.560879945755,26.4,104.78515625,28,1947.6786830425262,7.5,114.08984375,147,1981.443992614746,5.0,4.66015625,402,1770991118.9852386,5.0,343.7265625,95,1948.6491963863373
2026-02-13T16:58:41,idle_without_VPN,6.1,28.0,0.0,0.0,0.0,9962.51128175043,3.0,1307.93359375,53.293,51.0,1815.0,98.4,39.31640625,3,1818.799340248108,22.7,104.9140625,28,1948.917224407196,7.6,343.734375,95,1949.877815246582,5.0,30.9140625,13,1980.2788043022156,3.8,114.12109375,147,1982.67786860466
2026-02-13T16:58:42,idle_without_VPN,7.3,28.0,220.5086100456847,0.0,0.0,9546.72570550729,3.0,1307.93359375,53.316,51.0,1815.0,98.8,39.31640625,3,1820.0335052013397,25.3,104.7734375,28,1950.151489019394,10.1,343.71875,95,1951.1127948760986,6.3,114.13671875,147,1983.9110476970673,5.1,30.9140625,13,1981.5130064487457
2026-02-13T16:58:43,idle_without_VPN,7.1,28.0,0.0,0.0,0.0,6222.833460930161,2.0,1307.93359375,53.281,51.0,1815.0,97.4,39.31640625,3,1821.2686622142792,29.2,104.859375,28,1951.3829469680786,21.3,343.7265625,95,1952.35790848732,5.1,114.1640625,147,1985.1460721492767,3.8,30.953125,14,1982.7450094223022
2026-02-13T16:58:45,idle_without_VPN,9.2,28.0,283.8964570509973,433.9099258336266,0.0,12801.149336117696,2.0,1307.93359375,53.349,51.0,1815.0,99.5,39.3203125,3,1822.524887561798,37.3,343.7265625,95,1953.6142253875732,17.6,104.90625,28,1952.626809835434,5.0,114.16796875,147,1986.3852281570435,5.0,30.9140625,13,1983.9951963424683
2026-02-13T16:58:46,idle_without_VPN,8.8,28.0,0.0,0.0,0.0,9688.285873153543,8.0,1307.93359375,53.376,51.0,1815.0,85.2,39.3203125,3,1823.8090407848358,44.7,343.71875,95,1954.9083421230316,11.0,104.8125,28,1953.904006242752,6.1,114.1328125,147,1987.6585068702698,4.8,124.5,99,1879.9206128120422
2026-02-13T16:58:47,idle_without_VPN,8.4,28.0,455.7234228555875,0.0,0.0,10317.330280703369,3.0,1307.93359375,53.397,51.0,1815.0,79.9,39.32421875,3,1825.0797863006592,10.0,343.7265625,95,1956.1625900268555,4.9,114.1328125,147,1988.9451818466187,4.9,30.9140625,13,1986.556967973709,3.7,61.1484375,89,1986.4679064750671
2026-02-13T16:58:48,idle_without_VPN,7.8,28.0,316.24657091367095,0.0,0.0,10222.111383068152,3.0,1307.93359375,53.437,51.0,1815.0,99.6,39.31640625,3,1826.3197801113129,7.6,30.94921875,14,1987.7949397563934,7.5,114.14453125,147,1990.1953258514404,2.5,4.66015625,402,1770991127.7367141,2.5,121.7734375,48,1979.2571268081665
2026-02-13T16:58:50,idle_without_VPN,7.1,28.0,452.9191972627116,1145.1467647103311,42760.711730221396,297680.3393526951,4.0,1307.93359375,53.335,51.0,1815.0,100.1,39.3203125,3,1827.5529277324677,5.0,114.14453125,147,1991.4396843910217,5.0,30.94921875,13,1989.0333139896393,2.5,4.66015625,402,1770991128.9820035,2.5,247.9765625,48,1970.4789280891418
2026-02-13T16:58:51,idle_without_VPN,7.8,28.0,363.53741851956795,240.45636426742723,0.0,0.0,4.0,1307.93359375,53.328,51.0,1815.0,100.4,39.32421875,3,1828.7823390960693,5.1,30.9140625,13,1990.257895708084,3.8,114.0859375,147,1992.6685075759888,2.5,4.66015625,402,1770991130.2096605,2.5,59.421875,33,1992.61980676651
2026-02-13T16:58:52,idle_without_VPN,6.8,28.0,0.0,195.68495417266388,0.0,7067.393531613554,4.0,1307.93359375,53.318,52.0,1815.0,100.2,39.32421875,3,1830.0147886276245,3.8,114.12890625,147,1993.899691104889,3.8,30.9140625,13,1991.4951915740967,2.5,23.30078125,6,1990.4499747753143,2.5,25.40625,12,1977.0854058265686
2026-02-13T16:58:53,idle_without_VPN,5.1,28.0,0.0,0.0,0.0,7129.807130193428,4.0,1307.93359375,53.496,52.0,1815.0,100.1,39.30859375,3,1831.2482402324677,3.8,30.94921875,14,1992.721756696701,3.8,267.79296875,276,1989.654210805893,2.6,4.66015625,402,1770991132.6623805,2.6,114.1484375,147,1995.1218721866608
2026-02-13T16:58:55,idle_without_VPN,5.7,28.0,460.59569928637745,615.464984934933,0.0,115447.42935144546,3.0,1307.93359375,53.476,52.0,1815.0,98.5,38.7109375,3,1832.485206604004,5.0,30.9140625,13,1993.963440656662,3.8,114.16796875,147,1996.3661971092224,3.8,267.80078125,276,1990.8953812122345,3.8,314.046875,35,1888.2470614910126
2026-02-13T16:58:56,idle_without_VPN,6.2,28.0,33.95054758895502,33.95054758895502,0.0,7449.72015666213,3.0,1307.93359375,53.565,52.0,1815.0,100.4,39.30859375,3,1833.7300941944122,6.3,114.16015625,147,1997.6053471565247,3.8,30.9140625,13,1995.2068955898285,1.3,59.45703125,33,1997.5581257343292,1.3,116.29296875,25,1887.6885585784912
2026-02-13T16:58:57,idle_without_VPN,4.8,28.0,0.0,0.0,0.0,7439.644815891687,3.0,1307.93359375,53.432,52.0,1815.0,99.7,38.7109375,3,1834.9527516365051,5.1,114.0859375,147,1998.8424565792084,5.1,59.45703125,33,1998.790108680725,2.6,97.9609375,30,1989.3235867023468,2.5,30.953125,14,1996.4334671497345
2026-02-13T16:58:58,idle_without_VPN,5.1,28.0,0.0,44.13399881448018,0.0,14645.94923621268,3.0,1307.93359375,53.553,52.0,1815.0,99.4,39.3046875,3,1836.1786909103394,6.4,114.12890625,147,2000.0675749778748,3.8,30.953125,14,1997.657727241516,2.5,59.3984375,33,2000.0181379318237,1.3,4.66015625,402,1770991137.609184
2026-02-13T16:59:00,idle_without_VPN,5.3,28.0,609.9668320482383,635.2462061037135,0.0,116487.35564762935,3.0,1307.93359375,53.592,52.0,1815.0,99.4,39.3125,3,1837.404589176178,5.1,114.13671875,147,2001.2935559749603,5.1,59.40234375,33,2001.23983836174,3.8,82.19140625,56,1997.4567639827728,2.6,30.94921875,14,1998.878837108612
2026-02-13T16:59:01,idle_without_VPN,6.9,28.0,1728.2823828463934,44.85867440139293,0.0,28813.949986407446,3.0,1307.93359375,55.618,52.0,1815.0,98.2,39.32421875,3,1838.6453115940094,5.1,114.16015625,147,2002.5216698646545,5.0,30.9140625,13,2000.1233699321747,3.8,4.66015625,402,1770991140.0611253,3.8,61.1484375,89,2000.0347957611084
2026-02-13T16:59:02,idle_without_VPN,5.4,28.0,2184.5628701942,0.0,0.0,4089.565592465925,3.0,1307.93359375,53.776,52.0,1815.0,97.4,39.32421875,3,1839.912991285324,6.3,114.203125,147,2003.769608259201,2.5,59.42578125,33,2003.7319333553314,2.5,30.94921875,14,2001.3825676441193,2.5,61.1484375,89,2001.294507265091
2026-02-13T16:59:03,idle_without_VPN,5.6,28.0,1755.0116197957393,94.35546342987845,0.0,20531.748842341553,3.0,1307.93359375,53.883,52.0,1815.0,100.3,39.32421875,3,1841.159487247467,7.4,114.12890625,147,2005.0445668697357,6.2,61.1484375,89,2002.549512386322,3.7,4.66015625,402,1770991142.5831556,3.7,30.9140625,13,2002.638162612915
2026-02-13T16:59:05,idle_without_VPN,5.4,28.0,656.4503318261933,712.3012231899507,0.0,92832.27577864668,3.0,1307.93359375,53.983,52.0,1815.0,100.5,38.7265625,3,1842.3882946968079,3.8,114.13671875,147,2006.2769920825958,2.6,59.41796875,33,2006.2218971252441,2.5,61.1484375,89,2003.780417919159,1.3,4.66015625,402,1770991143.8179612
2026-02-13T16:59:06,idle_without_VPN,5.1,28.0,94.9046765796501,53.997488398766436,0.0,33930.05816475215,3.0,1307.93359375,53.913,52.0,1815.0,98.7,39.32421875,3,1843.6231694221497,5.1,30.94921875,14,2005.1010377407074,3.8,114.125,147,2007.5049300193787,3.8,59.4296875,33,2007.454155921936,1.3,4.66015625,402,1770991145.044336
2026-02-13T16:59:07,idle_without_VPN,6.5,28.0,0.0,0.0,0.0,120670.15294957801,3.0,1307.93359375,54.018,51.0,1815.0,98.1,39.32421875,3,1844.8656468391418,7.6,114.14453125,147,2008.737375497818,6.3,30.9140625,13,2006.3419725894928,3.8,4.66015625,402,1770991146.2795026,2.5,91.26171875,116,1963.1725199222565
2026-02-13T16:59:08,idle_without_VPN,5.6,28.0,0.0,43.07610918989669,0.0,1225.275994734839,3.0,1307.93359375,53.83,51.0,1815.0,97.5,39.31640625,3,1846.131606578827,7.4,59.4296875,33,2009.9508278369904,3.7,114.1875,147,2009.9962089061737,3.7,30.9140625,13,2007.6020607948303,2.5,4.66015625,402,1770991147.5364833
2026-02-13T16:59:10,idle_without_VPN,5.7,28.0,277.69418401383433,381.82950301902224,0.0,88862.138884427,3.0,1307.93359375,53.926,51.0,1815.0,100.7,39.3125,3,1847.372269153595,5.0,30.94921875,14,2008.8528337478638,3.7,4.66015625,402,1770991148.800983,3.7,114.13671875,147,2011.260941028595,3.7,59.4296875,33,2011.2086958885193
2026-02-13T16:59:11,idle_without_VPN,5.1,28.0,0.0,44.20794395533228,0.0,5449.038425309105,4.0,1307.93359375,53.803,51.0,1815.0,99.7,39.3203125,3,1848.5942697525024,5.1,114.1328125,147,2012.4817521572113,3.8,30.9453125,14,2010.0731794834137,2.6,59.43359375,33,2012.4333665370941,2.6,267.9140625,276,2007.001094341278
2026-02-13T16:59:12,idle_without_VPN,5.2,28.0,0.0,0.0,0.0,8372.14332984605,4.0,1307.93359375,53.989,51.0,1815.0,100.3,39.3203125,3,1849.840524673462,6.4,114.15234375,147,2013.706803560257,3.8,30.9140625,13,2011.3185195922852,3.7,343.734375,95,1980.9365348815918,2.5,23.37890625,6,2010.2739984989166
2026-02-13T16:59:13,idle_without_VPN,5.2,27.9,0.0,42.501430084964426,0.0,8059.530445741401,4.0,1307.93359375,53.832,50.0,1815.0,98.1,39.32421875,3,1851.1156420707703,6.2,114.16796875,147,2014.9763283729553,3.7,59.609375,33,2014.9335770606995,3.7,30.9140625,13,2012.5884177684784,2.4,12.0703125,4,2001.422289609909
2026-02-13T16:59:14,idle_without_VPN,5.4,28.0,336.3285443061934,463.8205273804016,0.0,17620.48708402308,3.0,1307.93359375,53.886,50.0,1815.0,100.1,39.32421875,3,1852.3643577098846,7.3,114.1171875,147,2016.2563116550446,5.0,30.94921875,14,2013.8479542732239,3.7,59.41796875,33,2016.2092380523682,1.3,164.25390625,164,1993.9043695926666
2026-02-13T16:59:16,idle_without_VPN,5.7,27.9,317.58525244377626,0.0,0.0,12216.336342707746,3.0,1307.93359375,53.826,50.0,1815.0,99.9,39.32421875,3,1853.5846736431122,5.2,114.12890625,147,2017.4672105312347,3.9,59.41796875,33,2017.4119215011597,3.9,30.953125,14,2015.0635750293732,1.3,33.50390625,10,2018.354862689972
2026-02-13T16:59:17,idle_without_VPN,5.0,27.9,0.0,0.0,0.0,9680.948912503194,3.0,1307.93359375,53.721,50.0,1815.0,100.0,39.32421875,3,1854.8059492111206,7.7,114.14453125,147,2018.6879169940948,6.4,61.1484375,89,2016.198231935501,5.1,59.41796875,33,2018.6447396278381,3.8,30.9453125,14,2016.28635764122
2026-02-13T16:59:18,idle_without_VPN,5.2,27.9,448.1488058970186,0.0,0.0,0.0,3.0,1307.93359375,53.651,50.0,1815.0,101.0,39.32421875,3,1856.0107555389404,5.1,114.1875,147,2019.9099791049957,3.9,30.9453125,14,2017.4938366413116,3.9,12.0703125,4,2006.3030171394348,2.6,58.98828125,33,2019.8547785282135
2026-02-13T16:59:19,idle_without_VPN,5.6,28.0,290.8519441579715,399.9214232172108,0.0,93918.73687719226,3.0,1307.93359375,53.742,49.0,1815.0,98.9,39.32421875,3,1857.2266581058502,6.4,114.1640625,147,2021.1230874061584,3.9,59.4296875,33,2021.0700011253357,3.9,30.953125,14,2018.7085800170898,3.9,61.1484375,89,2018.6207790374756
2026-02-13T16:59:21,idle_without_VPN,6.0,27.9,40.85051742186273,44.118558815611756,0.0,5438.020879198367,3.0,1307.93359375,53.711,49.0,1815.0,99.3,39.31640625,3,1858.4854838848114,7.7,114.07421875,147,2022.3436725139618,6.3,61.1484375,89,2019.8703417778015,6.2,30.9140625,13,2019.9591994285583,3.7,12.0703125,4,2008.7891886234283
2026-02-13T16:59:22,idle_without_VPN,5.8,27.9,0.0,42.40407437230976,0.0,8443.122363908788,3.0,1307.93359375,53.8,49.0,1815.0,100.4,39.32421875,3,1859.730474948883,8.6,114.12109375,147,2023.6216332912445,3.7,59.4296875,33,2023.5670874118805,3.7,30.953125,14,2021.211323261261,2.5,61.1484375,89,2021.123637676239
2026-02-13T16:59:23,idle_without_VPN,5.8,27.9,64.02201778847565,45.14373049187385,0.0,45806.932932554475,3.0,1307.93359375,53.9,49.0,1815.0,98.2,39.31640625,3,1860.9392223358154,6.4,114.1484375,147,2024.832355260849,5.2,30.94921875,14,2022.4200048446655,3.9,104.8125,28,1991.0649847984314,3.9,59.43359375,33,2024.7784917354584
2026-02-13T16:59:24,idle_without_VPN,5.5,27.9,288.28891786627986,396.39726206613483,0.0,86381.84302611441,3.0,1307.93359375,53.717,49.0,1815.0,99.1,39.3046875,3,1862.1695642471313,6.4,114.16796875,147,2026.0592997074127,5.1,30.94921875,14,2023.647072315216,3.8,61.1484375,89,2023.5581197738647,3.8,12.0703125,4,2012.4659914970398
2026-02-13T16:59:26,idle_without_VPN,5.8,27.9,195.90618141026815,78.36247256410725,0.0,15045.594732308593,3.0,1307.93359375,53.71,49.0,1815.0,99.4,39.30859375,3,1863.4117181301117,8.8,30.9140625,13,2024.8897559642792,5.1,114.1796875,147,2027.2800345420837,3.8,4.66015625,402,1770991164.8220458,3.8,59.4765625,33,2027.2414808273315
2026-02-13T16:59:27,idle_without_VPN,6.2,27.9,315.76055005390543,0.0,0.0,8981.633423755531,3.0,1307.93359375,53.591,49.0,1815.0,99.6,39.30859375,3,1864.6359498500824,6.2,4.66015625,402,1770991166.0748296,3.8,59.4296875,33,2028.481478214264,2.6,12.0703125,4,2014.9298951625824,2.6,313.6875,35,1920.3917100429535
2026-02-13T16:59:28,idle_without_VPN,5.6,27.9,0.0,0.0,0.0,14850.036003893787,3.0,1307.93359375,53.621,48.0,1815.0,99.0,39.30859375,3,1865.8506209850311,3.9,59.44921875,33,2029.68518948555,3.9,30.9140625,13,2027.3273611068726,2.6,4.66015625,402,1770991167.2817283,2.6,114.11328125,147,2029.7399265766144
2026-02-13T16:59:29,idle_without_VPN,5.2,27.9,0.0,288.69513581075427,0.0,39472.49856903404,3.0,1307.93359375,53.454,48.0,1815.0,99.2,39.30859375,3,1867.0632202625275,5.1,4.66015625,402,1770991168.5012732,3.9,30.9140625,13,2028.5417397022247,3.8,114.14453125,147,2030.959727525711,2.6,59.46875,33,2030.9114463329315
2026-02-13T16:59:30,idle_without_VPN,5.9,28.0,344.14106253869386,207.47260229605467,0.0,40467.03709545905,3.0,1307.93359375,53.523,48.0,1815.0,99.1,39.30859375,3,1868.2766275405884,5.1,114.1328125,147,2032.1740925312042,3.9,59.43359375,33,2032.1157648563385,2.6,4.66015625,402,1770991169.7159393,2.6,104.8125,28,1998.4043400287628
2026-02-13T16:59:32,idle_without_VPN,5.6,27.9,0.0,0.0,0.0,9741.139012244828,3.0,1307.93359375,53.425,48.0,1815.0,99.6,39.30859375,3,1869.500895023346,5.2,114.17578125,147,2033.3866732120514,5.1,30.9140625,13,2030.980397939682,3.9,59.43359375,33,2033.3296461105347,2.5,268.15625,276,2027.9083976745605
2026-02-13T16:59:33,idle_without_VPN,5.6,27.9,6068.959149643082,5125.1353164169595,0.0,14249.85714553369,3.0,1307.93359375,53.501,48.0,1815.0,99.9,39.30859375,3,1870.7212400436401,7.7,49.01953125,59,2002.1364777088165,6.4,114.0859375,147,2034.6072044372559,5.1,268.171875,276,2029.1239879131317,2.6,30.9140625,14,2032.1999428272247
2026-02-13T16:59:34,idle_without_VPN,6.3,27.9,172.55593134031997,374.41381328559993,0.0,106685.1463803699,4.0,1307.93359375,53.387,48.0,1815.0,99.9,39.3046875,3,1871.9570443630219,5.1,114.13671875,147,2035.8367764949799,5.0,30.94921875,14,2033.4362897872925,2.5,4.66015625,402,1770991173.37669,2.5,104.7578125,28,2002.0723459720612
2026-02-13T16:59:35,idle_without_VPN,6.6,28.0,323.2349540225456,970.5089291174442,0.0,32522.904030606776,4.0,1307.93359375,53.325,48.0,1815.0,100.1,39.3125,3,1873.1899349689484,6.3,114.1171875,147,2037.076709985733,5.1,30.9140625,13,2034.6658163070679,2.6,183.96875,105,2009.2560334205627,2.5,104.87109375,28,2003.3127574920654
2026-02-13T16:59:37,idle_without_VPN,5.8,28.0,324.2507641427165,197.33442969291585,0.0,6707.732979437206,3.0,1307.93359375,53.357,48.0,1815.0,100.0,38.71875,3,1874.4402821063995,9.0,114.14453125,147,2038.2981145381927,7.5,30.94921875,14,2035.9135286808014,3.8,4.66015625,402,1770991175.839836,2.5,59.4375,33,2038.2555265426636
2026-02-13T16:59:38,idle_without_VPN,5.4,27.9,0.0,0.0,0.0,9655.79607942468,3.0,1307.93359375,53.392,47.0,1815.0,99.9,39.3125,3,1875.6757562160492,6.1,114.14453125,147,2039.5707125663757,2.6,313.6875,35,1931.430167913437,2.5,4.66015625,402,1770991177.112395,2.5,104.828125,28,2005.802077293396
2026-02-13T16:59:39,idle_without_VPN,5.1,27.9,0.0,199.00321215753195,0.0,155582.52789159145,3.0,1307.93359375,53.382,47.0,1815.0,100.6,39.296875,2,1876.9027633666992,5.2,114.11328125,147,2040.785352230072,5.1,30.94921875,13,2038.3807456493378,3.8,59.40234375,33,2040.7391686439514,3.8,61.1484375,89,2038.295021057129
2026-02-13T16:59:40,idle_without_VPN,5.8,27.9,758.3083018137419,988.3203590627118,0.0,113604.82443120856,3.0,1307.93359375,53.147,47.0,1815.0,99.6,39.30078125,2,1878.1430134773254,6.3,114.14453125,147,2042.0149760246277,5.0,30.9140625,13,2039.6222727298737,2.5,59.6171875,33,2041.9701445102692,2.5,61.1484375,89,2039.5335733890533
2026-02-13T16:59:42,idle_without_VPN,5.5,27.9,1724.806579614943,339.20129395024856,0.0,9830.437500143053,3.0,1307.93359375,53.061,47.0,1815.0,100.5,39.29296875,2,1879.3711223602295,8.8,104.86328125,28,2009.4998393058777,7.5,114.15234375,147,2043.2655375003815,3.8,30.94921875,14,2040.8505594730377,2.5,59.40234375,33,2043.2123529911041
2026-02-13T16:59:43,idle_without_VPN,5.3,27.9,940.4775955930705,447.22011538691464,0.0,0.0,3.0,1307.93359375,53.084,47.0,1815.0,99.3,39.30078125,2,1880.5824689865112,3.9,114.1328125,147,2044.47785115242,2.6,59.4375,33,2044.4225840568542,2.6,30.94921875,14,2042.0630357265472,2.6,61.1484375,89,2041.9743344783783
2026-02-13T16:59:44,idle_without_VPN,5.0,27.9,449.28528195275044,422.6115731911771,0.0,10669.483504629325,3.0,1307.93359375,52.998,47.0,1815.0,98.8,39.296875,2,1881.7849507331848,6.5,114.140625,147,2045.6782796382904,3.9,30.9140625,13,2043.2652218341827,2.6,104.78125,28,2011.912985086441,2.6,61.1484375,89,2043.1757771968842
2026-02-13T16:59:45,idle_without_VPN,6.0,27.9,614.1824968114711,397.41220381918714,0.0,10510.0748117471,3.0,1307.93359375,52.841,48.0,1815.0,98.3,39.30078125,2,1883.0085916519165,7.7,30.9140625,13,2044.4887351989746,6.4,114.09765625,147,2046.9012126922607,3.8,104.890625,28,2013.1393513679504,2.5,59.40625,33,2046.850864648819
2026-02-13T16:59:46,idle_without_VPN,5.7,28.0,0.0,0.0,0.0,7146.58085471076,3.0,1307.93359375,53.142,48.0,1815.0,100.0,39.3046875,2,1884.2584269046783,5.1,114.13671875,147,2048.116023540497,3.8,30.94921875,14,2045.7329926490784,3.8,61.1484375,89,2045.6445291042328,2.6,4.66015625,402,1770991185.6567056
2026-02-13T16:59:48,idle_without_VPN,5.7,27.9,0.0,0.0,0.0,7635.275947457898,4.0,1307.93359375,53.032,48.0,1815.0,99.1,39.2890625,2,1885.487352848053,3.8,30.9140625,13,2046.9655547142029,3.8,61.1484375,89,2046.8765773773193,2.6,26.48046875,9,2032.5702922344208,2.5,114.15234375,147,2049.3900418281555
2026-02-13T16:59:49,idle_without_VPN,5.7,27.9,0.0,0.0,0.0,4200.25572955428,3.0,1307.93359375,53.02,48.0,1815.0,100.5,39.296875,2,1886.7163741588593,9.0,104.96484375,28,2016.8416697978973,5.1,61.1484375,89,2048.1073973178864,3.9,114.1484375,147,2050.6068575382233,3.8,59.46484375,33,2050.5533945560455
2026-02-13T16:59:50,idle_without_VPN,5.4,27.9,288.6778062054989,396.93198353256093,0.0,97835.53286673634,3.0,1307.93359375,52.908,48.0,1815.0,100.1,39.296875,2,1887.9341604709625,7.7,30.9140625,13,2049.4090764522552,6.4,59.46484375,33,2051.774176120758,5.1,104.80078125,28,2018.0611186027527,3.8,114.171875,147,2051.8281326293945
2026-02-13T16:59:51,idle_without_VPN,6.8,27.9,41.29349334961063,0.0,0.0,7611.21669420023,3.0,1307.93359375,52.958,48.0,1815.0,97.9,39.296875,2,1889.1466403007507,9.0,104.86328125,28,2019.2762858867645,5.1,30.9140625,13,2050.623438358307,2.6,4.66015625,402,1770991190.5796037,2.6,114.0859375,147,2053.0410652160645
2026-02-13T16:59:52,idle_without_VPN,5.7,27.9,0.0,44.56903078691669,0.0,4225.804400537287,3.0,1307.93359375,53.136,48.0,1815.0,100.8,39.30859375,3,1890.3555121421814,5.2,104.7890625,28,2020.4842047691345,5.2,268.3671875,276,2048.759637594223,3.9,59.63671875,33,2054.1953003406525,2.6,114.12890625,147,2054.253482103348
2026-02-13T16:59:54,idle_without_VPN,5.7,27.9,44.47993671657947,88.95987343315895,0.0,0.0,4.0,1307.93359375,52.998,48.0,1815.0,100.1,39.30078125,3,1891.5731225013733,7.8,104.90234375,28,2021.69317984581,3.9,114.12109375,147,2055.4627828598022,2.6,4.66015625,402,1770991193.0045276,2.6,59.45703125,33,2055.4063074588776
2026-02-13T16:59:55,idle_without_VPN,5.3,27.9,640.0479279542924,742.0607082452079,0.0,41700.19199504778,4.0,1307.93359375,53.212,48.0,1815.0,98.2,39.31640625,3,1892.7822535037994,6.4,104.9375,28,2022.9121272563934,3.9,30.9140625,13,2054.265908241272,2.6,4.66015625,402,1770991194.2206957,2.6,59.4765625,33,2056.625654935837
2026-02-13T16:59:56,idle_without_VPN,5.7,27.9,0.0,44.37884698131441,0.0,65641.24566836194,4.0,1307.93359375,53.191,49.0,1815.0,99.4,39.31640625,3,1894.0085666179657,6.4,114.1953125,147,2057.895746231079,6.4,104.84375,28,2024.131270647049,5.1,30.9140625,13,2055.494946241379,3.8,59.4765625,33,2057.8448843955994
2026-02-13T16:59:57,idle_without_VPN,6.2,28.0,249.1033674817902,131.87825337271246,0.0,7919.207708702141,4.0,1307.93359375,53.315,49.0,1815.0,100.2,39.30859375,3,1895.2253329753876,7.6,104.84765625,28,2025.361242055893,5.1,114.046875,147,2059.126886367798,3.8,59.4765625,33,2059.0750799179077,3.8,30.9140625,13,2056.7137954235077
2026-02-13T16:59:59,idle_without_VPN,5.5,27.9,168.75524200785358,45.49773681584288,0.0,14823.989886180081,3.0,1307.93359375,53.065,49.0,1815.0,97.9,38.72265625,3,1896.4382808208466,9.1,104.84765625,28,2026.5636610984802,5.2,114.1171875,147,2060.333486557007,5.2,59.4296875,33,2060.2775869369507,5.2,82.19140625,56,2056.491403579712
2026-02-13T17:00:00,idle_without_VPN,6.0,27.9,694.3024277884734,687.721362122232,0.0,104875.86245722382,3.0,1307.93359375,53.118,49.0,1815.0,99.7,39.31640625,3,1897.645092010498,10.2,104.81640625,28,2027.7832214832306,6.4,114.125,147,2061.5515270233154,3.9,30.9140625,13,2059.132448196411,3.9,61.1484375,89,2059.0442068576813
2026-02-13T17:00:01,idle_without_VPN,5.8,27.9,0.0,0.0,0.0,22123.519339653387,3.0,1307.93359375,53.157,49.0,1815.0,100.3,39.31640625,3,1898.8445641994476,11.7,104.921875,28,2028.9874777793884,6.5,114.16015625,147,2062.755618095398,6.5,30.953125,14,2060.329648733139,2.6,59.4296875,33,2062.6993181705475
2026-02-13T17:00:02,idle_without_VPN,6.5,27.9,0.0,0.0,0.0,8562.338176058563,3.0,1307.93359375,53.175,49.0,1815.0,99.9,39.3203125,3,1900.0489547252655,6.5,114.1484375,147,2063.9506986141205,5.2,104.8828125,28,2030.1853363513947,3.9,59.4296875,33,2063.898106098175,2.6,30.953125,14,2061.535557985306
2026-02-13T17:00:03,idle_without_VPN,6.1,27.9,224.3937699664801,0.0,0.0,12249.259913464326,7.0,1307.93359375,53.188,49.0,1815.0,99.2,39.3203125,3,1901.26220870018,9.1,104.81640625,28,2031.392173051834,7.7,114.171875,147,2065.160190343857,3.9,59.4375,33,2065.104996442795,3.9,30.94921875,14,2062.7457404136658
2026-02-13T17:00:05,idle_without_VPN,5.9,27.9,2273.59359105682,0.0,0.0,10140.805098695537,3.0,1307.93359375,53.238,49.0,1815.0,98.1,39.31640625,3,1902.4723327159882,12.9,104.88671875,28,2032.607295036316,5.2,114.11328125,147,2066.3715982437134,5.2,30.953125,14,2063.955896139145,3.9,59.4375,33,2066.321127176285
2026-02-13T17:00:06,idle_without_VPN,5.8,27.9,2360.117146510704,400.6652749600774,0.0,28821.409531012512,3.0,1307.93359375,53.309,50.0,1815.0,100.3,38.72265625,3,1903.702731370926,9.0,104.83203125,28,2033.817015171051,5.1,30.94921875,14,2065.1885302066803,3.9,114.12890625,147,2067.581880092621,3.8,61.1484375,89,2065.100168466568
2026-02-13T17:00:07,idle_without_VPN,5.8,27.9,1450.2303065243957,0.0,0.0,4939.1435716662345,3.0,1307.93359375,53.395,50.0,1815.0,99.5,39.3203125,3,1904.9276010990143,11.3,104.90234375,28,2035.0596339702606,5.0,114.14453125,147,2068.8224246501923,3.8,30.9140625,13,2066.417177915573,2.5,59.5703125,33,2068.775638103485
2026-02-13T17:00:08,idle_without_VPN,5.8,27.9,0.0,0.0,0.0,8481.086629973594,3.0,1307.93359375,53.295,50.0,1815.0,98.6,39.31640625,3,1906.163838148117,12.9,104.83203125,28,2036.2730305194855,7.7,114.14453125,147,2070.0323276519775,3.8,30.9140625,13,2067.645933866501,1.3,4.66015625,402,1770991207.5744412
2026-02-13T17:00:10,idle_without_VPN,5.6,27.9,0.0,0.0,0.0,92331.3067316773,3.0,1307.93359375,53.22,50.0,1815.0,98.8,38.73046875,3,1907.428612947464,13.6,104.92578125,28,2037.5358893871307,7.5,30.9140625,13,2068.903353214264,6.2,114.16015625,147,2071.2966973781586,2.5,59.6328125,33,2071.248963356018
2026-02-13T17:00:11,idle_without_VPN,6.7,27.9,278.4045667252995,382.80627924728685,0.0,112171.73088422978,3.0,1307.93359375,53.388,50.0,1815.0,99.2,39.3203125,3,1908.6730606555939,9.9,104.87890625,28,2038.798362493515,6.2,30.94921875,14,2070.162808895111,4.9,114.11328125,147,2072.561017513275,3.8,25.40625,12,2055.7430713176727
2026-02-13T17:00:12,idle_without_VPN,6.5,27.9,0.0,44.85753364427676,0.0,56567.011315567965,3.0,1307.93359375,53.414,50.0,1815.0,99.9,39.3203125,3,1909.8623940944672,9.1,104.87109375,28,2040.0000536441803,7.8,4.66015625,402,1770991211.3054733,5.3,30.9140625,13,2071.3496537208557,3.9,114.15234375,147,2073.7652003765106
2026-02-13T17:00:13,idle_without_VPN,6.2,27.9,0.0,44.91431311420892,0.0,8942.938788962489,3.0,1307.93359375,53.384,50.0,1815.0,100.5,39.3203125,3,1911.0592975616455,11.7,104.8828125,28,2041.199168920517,7.8,114.1484375,147,2074.964362859726,3.9,4.66015625,402,1770991212.5070612,3.9,59.57421875,33,2074.912333011627
2026-02-13T17:00:14,idle_without_VPN,6.0,27.9,362.1258240111021,90.94865165255791,0.0,12389.04201593743,3.0,1307.93359375,53.443,50.0,1815.0,98.8,39.3203125,3,1912.2614409923553,13.0,104.90625,28,2042.3985896110535,9.1,343.71875,95,2043.3408570289612,5.2,30.94921875,14,2073.747204065323,3.9,114.15234375,147,2076.165361881256
2026-02-13T17:00:16,idle_without_VPN,6.3,27.9,657.9758966571808,438.09534385022414,0.0,12366.61533362762,3.0,1307.93359375,53.579,50.0,1815.0,99.8,38.73828125,3,1913.4669396877289,11.7,104.84765625,28,2043.603243112564,6.4,343.7265625,95,2044.5524253845215,5.2,114.14453125,147,2077.367154598236,3.9,59.59375,33,2077.314621448517
2026-02-13T17:00:17,idle_without_VPN,6.3,27.9,0.0,0.0,0.0,0.0,3.0,1307.93359375,53.325,50.0,1815.0,98.2,39.33203125,3,1914.7073786258698,18.1,104.9375,28,2044.8138146400452,11.3,343.734375,95,2045.8014633655548,5.1,59.59375,33,2078.5298130512238,3.9,114.0703125,147,2078.574788093567
2026-02-13T17:00:18,idle_without_VPN,6.6,27.9,313.0564329031255,0.0,0.0,10118.995811010116,7.0,1307.93359375,53.439,51.0,1815.0,98.3,39.33203125,3,1915.9627685546875,13.7,343.71875,95,2047.058509349823,12.4,104.85546875,28,2046.0756840705872,10.0,30.9140625,13,2077.44637465477,6.2,114.1171875,147,2079.837027311325
2026-02-13T17:00:19,idle_without_VPN,6.8,27.9,0.0,0.0,0.0,97775.25058670074,3.0,1307.93359375,53.546,51.0,1815.0,100.3,39.33203125,3,1917.224529504776,22.4,343.7265625,95,2048.3169219493866,16.2,104.94921875,28,2047.329990386963,6.2,30.9140625,13,2078.7052805423737,5.0,114.15234375,147,2081.087832927704
2026-02-13T17:00:21,idle_without_VPN,7.8,27.9,318.0569477130446,425.6583031582537,0.0,5671.224381112199,3.0,1307.93359375,53.593,51.0,1815.0,99.5,39.33203125,3,1918.4652771949768,25.3,343.7265625,95,2049.550769329071,19.8,104.87109375,28,2048.5921742916107,8.8,30.94921875,14,2079.9508109092712,5.0,59.34375,33,2082.3051266670227
2026-02-13T17:00:22,idle_without_VPN,8.7,27.9,171.34298050667402,98.37874478852096,0.0,9234.484844149169,4.0,1307.93359375,53.58,51.0,1815.0,98.3,39.328125,3,1919.6722407341003,16.7,104.875,28,2049.8069043159485,13.1,343.7265625,95,2050.7459938526154,11.6,30.9140625,13,2081.1585874557495,10.3,59.47265625,33,2083.51824092865
2026-02-13T17:00:23,idle_without_VPN,7.2,27.9,0.0,0.0,0.0,6003.7612551660895,4.0,1307.93359375,53.545,51.0,1815.0,100.5,39.30859375,3,1920.8697667121887,19.6,104.95703125,28,2051.0004694461823,15.5,343.71875,95,2051.956558227539,7.8,30.9140625,13,2082.353898525238,6.5,59.4140625,33,2084.713853120804
2026-02-13T17:00:24,idle_without_VPN,7.1,27.9,229.1387926678983,919.8521317171744,0.0,40935.068341937054,4.0,1307.93359375,53.675,51.0,1815.0,98.8,39.31640625,3,1922.0869591236115,15.4,104.98828125,28,2052.2154211997986,15.4,343.46484375,95,2053.1700308322906,6.4,59.4140625,33,2085.932642698288,5.1,30.9140625,13,2083.5760555267334
2026-02-13T17:00:25,idle_without_VPN,7.6,27.9,290.478210125612,598.2860861962179,0.0,9717.816484202292,4.0,1307.93359375,53.559,51.0,1815.0,101.1,39.3125,3,1923.2924287319183,25.8,104.94921875,28,2053.427985906601,7.8,343.453125,95,2054.3679134845734,6.5,30.9140625,13,2084.7799611091614,3.9,114.1328125,147,2087.1892700195312
2026-02-13T17:00:27,idle_without_VPN,7.2,27.9,0.0,200.41800818662085,0.0,10218.823587540237,4.0,1307.93359375,53.543,51.0,1815.0,97.6,39.3125,3,1924.5247914791107,27.3,105.01171875,28,2054.630490064621,12.4,343.453125,95,2055.629004716873,10.4,114.15234375,147,2088.3933668136597,2.6,59.47265625,33,2088.3478586673737
2026-02-13T17:00:28,idle_without_VPN,6.4,27.9,564.5910216935395,76.70214160262371,0.0,68826.33407311719,7.0,1307.93359375,53.439,51.0,1815.0,98.8,39.31640625,3,1925.78986287117,17.2,104.98046875,28,2055.9022784233093,5.0,343.453125,95,2056.8821597099304,4.9,30.9140625,13,2087.272557258606,3.7,59.47265625,33,2089.6159892082214
2026-02-13T17:00:29,idle_without_VPN,7.3,27.9,0.0,192.1151047852438,0.0,94689.62907390208,3.0,1307.93359375,53.54,51.0,1815.0,98.3,39.3203125,3,1927.0286991596222,33.8,105.04296875,28,2057.153398036957,8.7,4.66015625,402,1770991228.454547,3.8,343.453125,95,2058.115155696869,3.7,59.48046875,33,2090.8667888641357
2026-02-13T17:00:30,idle_without_VPN,6.6,27.9,286.1408087323245,393.4436120069462,0.0,3329.638501612503,3.0,1307.93359375,53.521,52.0,1815.0,99.8,38.7265625,3,1928.2341604232788,30.6,104.90625,28,2058.376638174057,7.6,114.14453125,147,2092.1438138484955,5.1,4.66015625,402,1770991229.6833973,3.9,313.73828125,35,1983.9893462657928
2026-02-13T17:00:32,idle_without_VPN,6.6,27.9,0.0,0.0,0.0,17218.745667969142,3.0,1307.93359375,53.519,52.0,1815.0,98.3,39.31640625,3,1929.426120519638,26.3,104.91796875,28,2059.563259601593,15.0,343.453125,95,2060.6635439395905,3.9,4.66015625,402,1770991230.871783,3.9,59.40625,33,2093.282286167145
2026-02-13T17:00:33,idle_without_VPN,11.4,28.3,4172.4015842495355,3737.2827819684794,31983.386021134284,147417.67579856145,3.0,1307.93359375,53.332,52.0,1815.0,98.6,39.33203125,3,1930.9160044193268,35.4,343.453125,95,2062.032520532608,29.2,4.66015625,404,1770991232.2648594,18.9,104.90234375,28,2060.9730982780457,5.3,30.94921875,14,2092.390012741089
2026-02-13T17:00:34,idle_without_VPN,11.2,28.2,1265.1796539962254,79.53399454691056,0.0,121033.06547938746,3.0,1307.93359375,53.473,52.0,1815.0,98.2,38.734375,3,1932.2368202209473,35.6,343.453125,95,2063.350335121155,30.9,33.953125,11,3.304868698120117,5.8,104.9296875,28,2062.321436405182,4.7,59.4140625,33,2096.038367509842
2026-02-13T17:00:36,idle_without_VPN,10.8,28.1,306.215460254796,368.67732030676933,112321.6589734607,1176257.3731387411,3.0,1307.93359375,53.547,52.0,1815.0,98.3,39.3359375,3,1933.524631023407,9.5,4.66015625,404,1770991234.935469,8.3,114.15234375,147,2097.3959250450134,6.2,343.453125,95,2064.6127593517303,6.0,30.953125,14,2095.0073204040527
2026-02-13T17:00:37,idle_without_VPN,7.5,28.0,0.0,0.0,12964.163161046241,282375.67885153845,3.0,1307.93359375,53.543,52.0,1815.0,101.1,38.73046875,3,1934.7924962043762,5.0,114.16015625,147,2098.657427549362,4.9,59.5234375,33,2098.6109557151794,3.7,30.94921875,14,2096.276620864868,2.5,105.00390625,28,2064.89604640007
2026-02-13T17:00:38,idle_without_VPN,7.2,28.0,0.0,0.0,0.0,48815.95483718373,3.0,1307.93359375,55.44,52.0,1815.0,99.5,39.3359375,3,1936.0636930465698,4.9,59.5234375,33,2099.8857996463776,2.5,114.171875,147,2099.930848121643,2.5,183.96875,105,2072.137705564499,1.2,4.66015625,404,1770991237.4682395
2026-02-13T17:00:40,idle_without_VPN,7.1,28.0,207.24211081098886,259.0526385137361,0.0,153133.07969742885,3.0,1307.93359375,53.847,52.0,1815.0,98.2,39.3359375,3,1937.3368492126465,3.7,59.52734375,34,2101.1554851531982,3.7,30.9140625,13,2098.821256160736,2.5,113.97265625,147,2101.2016355991364,2.4,97.4375,30,2091.7148241996765
2026-02-13T17:00:41,idle_without_VPN,7.4,28.0,276.5640246757986,422.7029695328967,0.0,32584.27054362136,3.0,1307.93359375,53.919,52.0,1815.0,100.4,39.3359375,3,1938.612778186798,4.9,113.9921875,147,2102.475942850113,4.9,30.9140625,13,2100.091550588608,2.5,4.66015625,404,1770991240.0159588,2.5,61.15234375,89,2100.002730846405
2026-02-13T17:00:42,idle_without_VPN,5.1,28.0,0.0,42.43169598329803,6437.045435095878,14081.036889272234,3.0,1307.93359375,53.803,52.0,1815.0,100.1,38.734375,3,1939.892678976059,3.7,114.0234375,147,2103.7488458156586,3.7,59.53125,34,2103.6983218193054,2.4,30.390625,14,2101.3706028461456,2.4,61.15234375,89,2101.283492088318
2026-02-13T17:00:43,idle_without_VPN,5.2,28.0,0.0,42.03536211011592,38261.52071178552,145872.04771368226,3.0,1307.93359375,53.943,52.0,1815.0,100.3,39.3359375,3,1941.1701896190643,4.9,114.03125,147,2105.0306062698364,3.6,59.53125,34,2104.98983502388,2.4,20.33203125,9,2105.937400817871,2.4,30.390625,14,2102.649870634079
2026-02-13T17:00:45,idle_without_VPN,5.3,28.0,60.867322716203596,42.919266017835874,12785.259171567688,10388.023076898748,3.0,1307.93359375,53.939,51.0,1815.0,100.2,39.3359375,3,1942.4805099964142,9.4,49.01953125,59,2073.93904709816,6.1,59.53125,34,2106.2752928733826,4.8,30.42578125,15,2103.9602227211,3.6,113.98828125,147,2106.3186378479004
2026-02-13T17:00:46,idle_without_VPN,6.4,28.0,265.3329897148074,405.53735359819996,0.0,6946.900094351321,3.0,1307.93359375,54.007,51.0,1815.0,97.1,39.33984375,3,1943.7989406585693,7.1,114.00390625,147,2107.6405549049377,4.8,30.390625,14,2105.2755591869354,3.6,61.15234375,89,2105.1875660419464,3.5,58.97265625,34,2107.606015443802
2026-02-13T17:00:47,idle_without_VPN,5.6,28.0,0.0,0.0,0.0,8228.555253397093,4.0,1307.93359375,53.845,51.0,1815.0,98.8,39.33984375,3,1945.0955200195312,4.8,30.421875,15,2106.580233812332,4.8,61.15234375,89,2106.4922647476196,3.6,114.01171875,147,2108.95125579834,2.4,4.66015625,404,1770991246.4888728
2026-02-13T17:00:49,idle_without_VPN,5.4,28.0,0.0,0.0,0.0,139706.40410802196,4.0,1307.93359375,54.003,51.0,1815.0,99.9,38.73828125,3,1946.4254064559937,4.8,30.4296875,15,2107.8710091114044,3.6,114.015625,147,2110.2572202682495,2.4,58.97265625,34,2110.211493253708,2.2,25.40625,12,2093.5770432949066
2026-02-13T17:00:50,idle_without_VPN,7.5,28.1,3038.4309517527017,1219.8426536127097,11097.113846080309,114785.7713453932,3.0,1308.68359375,53.605,51.0,1815.0,97.8,39.33984375,3,1948.0869629383087,9.7,214.32421875,72,2109.476220369339,4.1,58.97265625,34,2111.7235584259033,3.9,30.390625,14,2109.483557701111,3.2,114.01171875,147,2111.7408695220947
2026-02-13T17:00:52,idle_without_VPN,7.8,28.0,1422.4385769067467,1064.6956030192632,32263.82138076623,129727.44846849755,3.0,1320.44140625,53.739,50.0,1815.0,100.7,39.33984375,3,1949.4060289859772,4.4,215.984375,76,2110.8826954364777,4.4,30.42578125,15,2110.8855772018433,2.2,116.375,25,2003.361130475998,2.2,322.8359375,35,2005.2676293849945
2026-02-13T17:00:53,idle_without_VPN,5.9,28.1,3790.8658698808185,3279.6569871428546,0.0,65987.70659882949,7.0,1320.44140625,53.76,50.0,1815.0,100.2,39.3359375,3,1950.794414281845,5.6,217.6796875,79,2112.271287202835,4.5,30.4296875,15,2112.2746407985687,3.4,113.99609375,147,2114.6391665935516,2.3,4.66015625,404,1770991252.180838
2026-02-13T17:00:54,idle_without_VPN,5.6,28.1,11924.14924050864,9459.432260230238,0.0,81099.21280280226,3.0,1314.49609375,53.657,50.0,1815.0,99.8,39.33203125,3,1952.077609539032,4.8,114.0,147,2115.948046684265,4.8,183.96875,105,2088.1664781570435,3.6,59.14453125,34,2115.898702144623,3.6,30.42578125,15,2113.562124490738
2026-02-13T17:00:56,idle_without_VPN,5.5,28.1,225.3793799322048,384.2405400927519,0.0,203141.94777889393,3.0,1314.12109375,53.538,50.0,1815.0,98.6,39.3359375,3,1953.3772015571594,4.8,30.390625,14,2114.8530645370483,3.7,114.02734375,147,2117.226089000702,3.6,268.75390625,276,2111.7898495197296,3.6,12.0703125,4,2103.686520576477
2026-02-13T17:00:57,idle_without_VPN,6.1,28.0,1109.4922223442093,101.98675024333957,0.0,33624.722504470745,3.0,1307.93359375,53.556,50.0,1815.0,98.4,39.3359375,3,1954.6640095710754,6.0,114.02734375,147,2118.523776292801,4.8,4.66015625,404,1770991256.0619183,4.8,30.390625,14,2116.145350933075,1.2,59.14453125,34,2118.4777574539185
2026-02-13T17:00:58,idle_without_VPN,5.7,28.0,0.0,0.0,0.0,23840.04289575189,3.0,1307.93359375,53.61,49.0,1815.0,100.5,39.3359375,3,1955.9546430110931,3.6,4.66015625,404,1770991257.3519187,3.6,113.99609375,147,2119.8116903305054,3.6,30.390625,14,2117.43016910553,2.4,58.97265625,34,2119.770159006119
2026-02-13T17:00:59,idle_without_VPN,5.7,28.1,324.355895081931,74.13849030444138,0.0,7908.1056324737465,3.0,1307.93359375,53.478,49.0,1815.0,99.3,39.33984375,3,1957.2756340503693,5.9,30.42578125,15,2118.7542917728424,4.8,114.0078125,147,2121.104391813278,4.7,82.2109375,57,2117.328579902649,3.6,4.66015625,404,1770991258.644458
2026-02-13T17:01:01,idle_without_VPN,5.2,28.0,833.4907594457288,361.4780713008358,12236.480826844821,46651.583152345884,3.0,1307.93359375,53.376,49.0,1815.0,96.6,39.33984375,3,1958.6173610687256,7.0,114.0390625,147,2122.445741891861,2.3,58.97265625,34,2122.413855791092,2.3,30.42578125,15,2120.095221042633,2.3,247.953125,48,2101.558657884598
2026-02-13T17:01:02,idle_without_VPN,5.7,28.0,0.0,0.0,0.0,4590.672398073649,3.0,1307.93359375,53.62,49.0,1815.0,100.5,39.33984375,3,1959.9394965171814,5.8,113.95703125,147,2123.785517692566,3.5,61.15234375,89,2121.3282101154327,1.2,58.97265625,34,2123.7431361675262,1.2,30.390625,14,2121.4165399074554
2026-02-13T17:01:03,idle_without_VPN,5.1,28.1,300.38387197467506,0.0,0.0,14758.254073584034,3.0,1307.93359375,53.546,49.0,1815.0,97.0,39.34375,3,1961.2600293159485,7.1,113.99609375,147,2125.099241256714,4.7,30.390625,14,2122.7409529685974,3.5,61.15234375,89,2122.6526641845703,2.4,22.296875,11,2125.082495689392
2026-02-13T17:01:05,idle_without_VPN,5.6,28.0,0.0,0.0,0.0,8171.348324505245,2.0,1307.93359375,53.515,49.0,1815.0,97.5,39.34375,3,1962.5586063861847,6.0,30.390625,14,2124.034598827362,5.9,114.0234375,147,2126.416211128235,2.4,268.7578125,276,2120.968321800232,2.4,343.734375,95,2093.650212287903
2026-02-13T17:01:06,idle_without_VPN,5.5,28.0,313.38462790888724,419.40529804721723,0.0,0.0,3.0,1307.93359375,53.327,48.0,1815.0,99.4,39.34375,3,1963.8320310115814,4.9,4.66015625,404,1770991265.237268,4.9,114.06640625,147,2127.6955556869507,3.7,58.97265625,34,2127.6519548892975,3.7,30.390625,14,2125.318293571472
2026-02-13T17:01:07,idle_without_VPN,5.2,28.0,231.74940061301365,0.0,0.0,14831.961639232873,8.0,1307.93359375,53.513,48.0,1815.0,96.6,39.34375,3,1965.1581735610962,4.8,30.42578125,15,2126.6269195079803,3.5,317.84765625,35,2020.9481220245361,2.4,113.9921875,147,2128.9787888526917,2.4,59.14453125,34,2128.9478874206543
2026-02-13T17:01:09,idle_without_VPN,5.9,28.0,2332.1280396707716,514.9044900186491,0.0,4889.021805369655,4.0,1307.93359375,53.444,48.0,1815.0,96.9,38.73828125,3,1966.512556552887,5.7,30.390625,14,2127.99259185791,4.6,59.14453125,34,2130.300977230072,3.5,77.796875,66,2126.5741798877716,2.3,114.015625,147,2130.335473060608
2026-02-13T17:01:10,idle_without_VPN,6.0,28.0,2510.846285612184,651.6138866585809,0.0,111459.80558790208,5.0,1307.93359375,53.443,48.0,1815.0,96.5,39.34375,3,1967.8722281455994,5.7,4.66015625,404,1770991269.2353613,4.6,114.01171875,147,2131.6989312171936,4.6,183.99609375,105,2103.9703516960144,3.5,30.390625,15,2129.3518602848053
2026-02-13T17:01:11,idle_without_VPN,5.6,28.1,6929.63187882036,3005.8654382044947,0.0,120728.52860241088,2.0,1307.93359375,53.39,48.0,1815.0,97.6,39.34375,3,1969.1695473194122,3.6,30.421875,15,2130.654395341873,3.5,4.66015625,404,1770991270.5805008,3.5,113.95703125,147,2133.0401463508606,2.3,59.14453125,34,2132.993230342865
2026-02-13T17:01:13,idle_without_VPN,6.0,28.0,590.6137696727753,0.0,0.0,22057.936013243172,2.0,1307.93359375,53.496,48.0,1815.0,99.7,39.3359375,3,1970.4547908306122,6.1,4.66015625,404,1770991271.8577445,6.1,114.0,147,2134.317746400833,4.9,30.42578125,15,2131.937139749527,2.5,248.0,49,2113.3680799007416
2026-02-13T17:01:14,idle_without_VPN,5.3,28.0,0.0,190.70280313107898,0.0,174212.15409683963,3.0,1307.93359375,53.273,48.0,1815.0,100.3,39.33984375,3,1971.7165386676788,4.9,114.0234375,147,2135.583154439926,3.7,30.390625,15,2133.201406955719,2.5,58.97265625,34,2135.5331048965454,2.5,61.15234375,89,2133.1137585639954
2026-02-13T17:01:15,idle_without_VPN,4.9,28.0,0.0,0.0,0.0,8942.345942051945,3.0,1307.93359375,53.389,47.0,1815.0,100.2,39.33984375,3,1972.9796102046967,6.2,30.390625,14,2134.4605605602264,6.2,128.5078125,32,2088.691406726837,5.0,114.04296875,147,2136.843697309494,3.7,268.76171875,276,2131.3893291950226
2026-02-13T17:01:16,idle_without_VPN,6.1,28.0,278.1425291236785,382.445977545058,0.0,12541.699495031322,3.0,1307.93359375,53.232,47.0,1815.0,100.0,39.33984375,3,1974.2300598621368,6.2,113.95703125,147,2138.109603881836,6.2,30.42578125,15,2135.7166616916656,2.5,4.66015625,404,1770991275.6458616,2.5,58.97265625,34,2138.057481765747
2026-02-13T17:01:18,idle_without_VPN,5.7,28.0,0.0,0.0,0.0,23589.657400301665,3.0,1307.93359375,53.219,47.0,1815.0,98.4,39.33984375,3,1975.500241279602,4.9,30.421875,15,2136.9811432361603,2.5,113.984375,147,2139.3660991191864,1.2,4.66015625,404,1770991276.9043207,1.2,8.16796875,15,2140.4895021915436
2026-02-13T17:01:19,idle_without_VPN,5.6,28.0,52.32490335477813,286.2013653193167,0.0,19483.891285561018,3.0,1307.93359375,53.088,47.0,1815.0,100.2,39.33984375,3,1976.7639858722687,6.2,30.390625,14,2138.244891166687,3.7,58.98046875,34,2140.584592103958,3.7,124.62890625,99,2032.8622329235077,2.5,4.66015625,404,1770991278.1658895
2026-02-13T17:01:20,idle_without_VPN,5.8,28.0,0.0,0.0,0.0,9323.914785461962,3.0,1307.93359375,53.109,47.0,1815.0,98.0,39.33984375,3,1978.0242533683777,3.7,114.04296875,147,2141.8868551254272,3.7,58.98046875,34,2141.8402078151703,3.7,268.76171875,276,2136.4305777549744,2.5,30.390625,14,2139.505246400833
2026-02-13T17:01:21,idle_without_VPN,5.6,28.0,316.4276801699515,423.4778406254574,0.0,6045.185531605043,3.0,1307.93359375,53.037,47.0,1815.0,100.5,39.33984375,3,1979.283579826355,5.0,30.42578125,15,2140.7657079696655,4.9,4.66015625,404,1770991280.6986494,3.7,104.8125,28,2109.3985419273376,3.7,59.07421875,34,2143.1110570430756
2026-02-13T17:01:23,idle_without_VPN,5.8,28.0,0.0,0.0,0.0,9791.055601613085,3.0,1307.93359375,52.95,47.0,1815.0,98.7,39.33203125,3,1980.5498230457306,5.0,113.9921875,147,2144.414823293686,4.9,30.42578125,15,2142.035009622574,3.7,4.66015625,404,1770991281.9556205,2.5,268.765625,276,2138.9619290828705
2026-02-13T17:01:24,idle_without_VPN,6.4,28.0,0.0,41.8033471482795,0.0,50733.780716845285,3.0,1307.93359375,52.806,47.0,1815.0,99.6,39.32421875,3,1981.8670563697815,7.2,113.984375,147,2145.710634469986,4.8,4.66015625,404,1770991283.247986,3.6,104.890625,28,2111.9508335590363,3.6,30.390625,14,2143.3499672412872
2026-02-13T17:01:25,idle_without_VPN,5.3,28.0,32.58783943899435,0.0,0.0,12712.360984963892,3.0,1307.93359375,52.887,48.0,1815.0,100.8,38.734375,3,1983.1546239852905,7.4,30.390625,14,2144.620168685913,6.1,113.99609375,147,2146.996342897415,3.7,59.07421875,34,2146.9568812847137,2.4,11.70703125,5,2146.9839129447937
2026-02-13T17:01:27,idle_without_VPN,7.2,28.0,435.91242741110074,360.03688543852,0.0,332114.68599261035,3.0,1307.93359375,52.987,48.0,1815.0,99.3,39.328125,3,1984.5067148208618,24.1,222.64453125,79,2145.982581615448,6.9,30.390625,14,2145.9853222370148,4.6,114.02734375,147,2148.342045068741,3.5,4.66015625,404,1770991285.8799808
2026-02-13T17:01:28,idle_without_VPN,6.0,28.0,0.0,81.61228614117525,12380.886075342734,53005.66851006108,3.0,1307.93359375,52.929,48.0,1815.0,99.5,39.33203125,3,1985.8093047142029,7.2,30.42578125,15,2147.292476415634,7.1,114.0,147,2149.6672370433807,4.7,60.453125,34,2149.6247181892395,2.4,104.81640625,28,2115.9098324775696
2026-02-13T17:01:29,idle_without_VPN,6.0,28.0,136.57409879692418,42.43827928717983,0.0,26864.202393862783,4.0,1307.93359375,52.954,48.0,1815.0,97.8,38.73046875,3,1987.0887801647186,7.3,104.94140625,28,2117.1971995830536,6.0,114.02734375,147,2150.9581723213196,3.7,30.42578125,15,2148.5724041461945,3.7,61.11328125,88,2148.4844591617584
2026-02-13T17:01:31,idle_without_VPN,5.6,28.0,236.9423210981637,33.171924953742916,0.0,97051.57472180785,4.0,1307.93359375,53.085,48.0,1815.0,98.7,39.33203125,3,1988.354722738266,6.2,114.03515625,147,2152.2238640785217,6.2,105.015625,28,2118.462880373001,3.7,30.390625,14,2149.8367772102356,2.5,58.97265625,34,2152.178345680237
2026-02-13T17:01:32,idle_without_VPN,5.2,28.0,279.79922158547237,384.7239296800245,0.0,36221.28104888297,4.0,1307.93359375,53.137,48.0,1815.0,99.2,39.33203125,3,1989.6141691207886,6.2,113.91015625,147,2153.485427379608,3.7,30.390625,14,2151.0985054969788,3.7,61.11328125,88,2151.0103113651276,2.5,104.90234375,28,2119.7207324504852
2026-02-13T17:01:33,idle_without_VPN,5.8,27.9,0.0,0.0,235004.08804502315,69238.63945867233,4.0,1307.93359375,53.062,48.0,1815.0,98.5,39.328125,3,1990.8674507141113,6.2,113.984375,147,2154.7414786815643,6.2,30.42578125,15,2152.352662563324,5.0,104.97265625,28,2120.979653596878,3.7,59.14453125,34,2154.694053173065
2026-02-13T17:01:34,idle_without_VPN,6.3,27.9,0.0,0.0,1638.7954079038616,84397.96350704887,3.0,1307.93359375,53.085,49.0,1815.0,99.3,39.328125,3,1992.1414937973022,6.3,114.00390625,147,2155.9904668331146,6.2,104.859375,28,2122.2380454540253,5.0,59.14453125,34,2155.955384016037,4.9,30.42578125,15,2153.620381832123
2026-02-13T17:01:36,idle_without_VPN,5.5,27.9,32.49710615416799,0.0,0.0,10300.035169625817,3.0,1307.93359375,53.125,49.0,1815.0,99.8,39.328125,3,1993.394299030304,6.0,114.01953125,147,2157.284021615982,4.9,62.37890625,34,2157.232450723648,3.7,105.0,28,2123.51855635643,3.7,30.390625,14,2154.881135702133
2026-02-13T17:01:37,idle_without_VPN,5.4,27.9,327.51902836933573,438.321485728116,0.0,37542.479669798486,3.0,1307.93359375,53.131,49.0,1815.0,100.6,38.7265625,3,1994.63649892807,8.9,104.94921875,28,2124.7469339370728,5.0,26.5234375,10,2141.710550069809,3.8,124.62890625,99,2050.7243659496307,2.5,4.66015625,403,1770991296.050941
2026-02-13T17:01:38,idle_without_VPN,5.8,27.9,216.9118204644896,0.0,0.0,14195.492370849004,7.0,1307.93359375,53.081,49.0,1815.0,100.1,38.7421875,3,1995.8548011779785,3.9,30.4296875,15,2157.336461544037,3.9,183.99609375,105,2131.910619497299,3.8,104.9375,28,2125.973169326782,3.8,59.14453125,34,2159.685776948929
2026-02-13T17:01:39,idle_without_VPN,6.4,27.9,0.0,0.0,0.0,7502.337409592313,3.0,1307.93359375,53.202,49.0,1815.0,99.7,39.33203125,3,1997.1077842712402,6.2,30.390625,14,2158.5897097587585,3.8,113.984375,147,2160.9691636562347,3.7,61.15234375,89,2158.500586748123,2.5,4.66015625,403,1770991298.504172
2026-02-13T17:01:41,idle_without_VPN,6.1,27.9,1324.111000147882,539.799823659107,0.0,99991.86313801115,3.0,1307.93359375,53.25,49.0,1815.0,98.1,39.33203125,3,1998.3981246948242,7.3,104.84375,28,2128.4982335567474,6.1,113.98828125,147,2162.249873161316,6.1,30.390625,14,2159.8780920505524,4.9,58.97265625,34,2162.2140657901764
2026-02-13T17:01:42,idle_without_VPN,5.2,27.9,1913.5464411109933,791.8659662808907,0.0,7965.331527226248,3.0,1307.93359375,53.199,49.0,1815.0,99.7,39.33203125,3,1999.6837854385376,6.1,114.0078125,147,2163.5332641601562,3.7,104.91015625,28,2129.776073217392,3.6,30.4296875,15,2161.1663460731506,3.6,61.15234375,89,2161.07897233963
2026-02-13T17:01:43,idle_without_VPN,5.7,27.9,1143.3782707228852,328.89578479409994,0.0,261329.4205518705,3.0,1307.93359375,53.085,50.0,1815.0,98.1,39.33203125,3,2000.9734435081482,10.9,104.91015625,28,2131.0641751289368,8.5,113.96484375,147,2164.8191437721252,2.4,58.97265625,34,2164.783413887024,2.4,30.42578125,15,2162.4508559703827
2026-02-13T17:01:44,idle_without_VPN,5.6,27.9,4920.400577123704,899.2028175475202,0.0,80638.0880454004,3.0,1307.93359375,53.221,50.0,1815.0,100.5,39.33203125,3,2002.2481007575989,8.4,104.90625,28,2132.3656508922577,6.0,114.0078125,147,2166.110689640045,4.9,30.4296875,15,2163.7293450832367,3.6,58.97265625,34,2166.0850851535797
2026-02-13T17:01:46,idle_without_VPN,6.9,27.9,3063.2297441084866,641.1967493525705,0.0,112289.18197617156,3.0,1307.93359375,53.239,50.0,1815.0,100.2,39.33203125,3,2003.4799630641937,8.9,30.42578125,15,2164.960303544998,7.5,19.1875,8,2167.5261676311493,6.3,104.92578125,28,2133.5968568325043,6.2,114.0078125,147,2167.3615398406982
2026-02-13T17:01:47,idle_without_VPN,5.8,27.9,2920.9808953079014,483.30435983646055,0.0,0.0,3.0,1307.93359375,53.269,50.0,1815.0,97.9,39.33203125,3,2004.7083756923676,6.4,114.01171875,147,2168.5890276432037,6.4,105.03515625,28,2134.8213500976562,5.1,30.42578125,14,2166.1904425621033,2.6,268.78515625,276,2163.1163787841797
2026-02-13T17:01:48,idle_without_VPN,7.3,27.9,1178.2980428864446,53.11999373668398,0.0,16071.212650516753,3.0,1307.93359375,53.237,50.0,1815.0,97.4,39.3203125,3,2005.9750990867615,5.0,105.0390625,28,2136.0735080242157,4.9,30.4296875,15,2167.45396733284,2.5,4.66015625,403,1770991307.3736863,2.5,114.04296875,147,2169.833513021469
2026-02-13T17:01:49,idle_without_VPN,5.8,27.9,612.6446172472157,52.10637208545907,0.0,21019.39470307973,3.0,1307.93359375,53.348,50.0,1815.0,96.1,39.33203125,3,2007.2109360694885,12.4,104.8828125,28,2137.3368730545044,6.4,97.40234375,30,2161.5858302116394,6.2,113.98828125,147,2171.0988631248474,2.5,4.66015625,403,1770991308.6400616
2026-02-13T17:01:51,idle_without_VPN,5.6,27.9,0.0,0.0,0.0,38569.30327318458,3.0,1307.93359375,53.251,50.0,1815.0,98.8,39.328125,3,2008.4446375370026,10.2,105.0078125,28,2138.5675406455994,7.6,114.0078125,147,2172.332627058029,3.8,30.390625,14,2169.9294481277466,2.5,59.14453125,34,2172.2795531749725
2026-02-13T17:01:52,idle_without_VPN,6.0,27.9,1946.4188633698293,795.7369738288869,0.0,5071.585028220624,4.0,1307.93359375,53.256,50.0,1815.0,100.5,39.328125,3,2009.6721658706665,11.5,105.0,28,2139.791001558304,7.7,114.015625,147,2173.5503330230713,6.4,30.4296875,15,2171.1520574092865,2.6,4.66015625,403,1770991311.087566
2026-02-13T17:01:53,idle_without_VPN,6.3,27.9,0.0,0.0,0.0,8313.272217897265,4.0,1307.93359375,53.306,50.0,1815.0,98.7,39.3046875,2,2010.8915691375732,11.5,105.03515625,28,2141.015871286392,6.4,30.421875,15,2172.3768706321716,6.3,114.0546875,147,2174.779461145401,5.1,61.15234375,89,2172.2880289554596
2026-02-13T17:01:54,idle_without_VPN,6.0,27.9,0.0,0.0,0.0,8417.822117422751,3.0,1307.93359375,53.389,50.0,1815.0,98.4,39.3046875,2,2012.113421678543,9.0,105.0703125,28,2142.232990026474,6.4,114.0390625,147,2175.9950020313263,6.4,30.42578125,15,2173.597810983658,2.6,58.97265625,34,2175.9469017982483
2026-02-13T17:01:55,idle_without_VPN,5.9,27.9,0.0,0.0,0.0,93742.01684700251,3.0,1307.93359375,53.501,51.0,1815.0,97.3,38.71484375,2,2013.3662276268005,12.5,105.07421875,28,2143.483922481537,5.0,113.98046875,147,2177.241464614868,2.5,58.97265625,34,2177.1983592510223,2.5,30.390625,14,2174.847949028015
2026-02-13T17:01:57,idle_without_VPN,5.4,27.9,286.1105878135159,393.40205824358435,0.0,9155.538810032509,3.0,1307.93359375,53.403,51.0,1815.0,100.3,39.3125,2,2014.5969059467316,11.5,104.921875,28,2144.706447839737,5.1,30.42578125,15,2176.0768599510193,3.8,113.984375,147,2178.471399307251,3.8,61.15234375,89,2175.98823928833
2026-02-13T17:01:58,idle_without_VPN,5.9,27.9,592.570062867542,762.5696710672466,0.0,150040.03515317172,3.0,1307.93359375,53.468,51.0,1815.0,99.7,39.3125,2,2015.8193097114563,12.6,104.91796875,28,2145.943400621414,6.4,30.42578125,15,2177.3057930469513,5.1,114.03125,147,2179.7039580345154,3.8,58.97265625,34,2179.6593775749207
2026-02-13T17:01:59,idle_without_VPN,6.1,27.9,0.0,242.00971465879186,0.0,80225.81022343246,3.0,1307.93359375,53.371,51.0,1815.0,100.8,39.3125,2,2017.0428667068481,11.5,105.015625,28,2147.168277978897,6.4,114.05078125,147,2180.9263021945953,5.1,30.42578125,15,2178.5286581516266,3.8,58.97265625,34,2180.8824887275696
2026-02-13T17:02:00,idle_without_VPN,6.2,27.9,0.0,198.05016835181758,0.0,90882.83908034943,3.0,1307.93359375,53.505,51.0,1815.0,99.1,39.3125,2,2018.2575619220734,10.3,105.05078125,28,2148.38200879097,5.1,30.42578125,15,2179.7439086437225,3.9,4.66015625,403,1770991319.6816792,3.9,114.04296875,147,2182.1410324573517
2026-02-13T17:02:02,idle_without_VPN,5.5,27.9,582.4349698401355,430.2820142358305,0.0,18428.50421426766,3.0,1307.93359375,53.402,51.0,1815.0,101.0,39.3125,2,2019.4801149368286,14.1,104.8984375,28,2149.603659391403,7.7,113.9609375,147,2183.3659188747406,6.4,343.453125,95,2150.56205701828,2.6,59.07421875,34,2183.317603826523
2026-02-13T17:02:03,idle_without_VPN,7.0,27.9,0.0,196.68632257477012,143742.60839190503,15878.543950268579,3.0,1307.93359375,53.542,51.0,1815.0,99.9,39.30859375,2,2020.6993420124054,15.3,104.921875,28,2150.8260407447815,7.7,113.99609375,147,2184.5891828536987,5.1,343.453125,95,2151.7810928821564,3.9,30.42578125,15,2182.183259010315
2026-02-13T17:02:04,idle_without_VPN,6.2,27.9,34.53341822892326,34.53341822892326,0.0,19786.004196685935,3.0,1307.93359375,53.521,51.0,1815.0,97.7,39.30859375,2,2021.9143869876862,7.7,105.09765625,28,2152.0451424121857,6.5,343.453125,95,2152.9886689186096,5.1,114.00390625,147,2185.8080921173096,3.9,59.07421875,34,2185.7580513954163
2026-02-13T17:02:05,idle_without_VPN,6.6,27.8,0.0,0.0,0.0,22098.542339206007,3.0,1307.93359375,53.508,51.0,1815.0,100.2,39.30859375,2,2023.1144108772278,16.9,105.0234375,28,2153.245351076126,15.6,343.453125,95,2154.192833662033,5.2,114.01171875,147,2187.0103595256805,5.2,59.07421875,34,2186.9574875831604
2026-02-13T17:02:06,idle_without_VPN,6.7,27.9,333.5161436185679,446.3474757880337,0.0,19539.731876876896,3.0,1307.93359375,53.517,51.0,1815.0,100.0,38.71875,2,2024.3190166950226,22.0,343.453125,95,2155.402325630188,15.6,104.9296875,28,2154.4504017829895,6.5,114.0390625,147,2188.214819431305,5.2,59.07421875,34,2188.1636049747467
2026-02-13T17:02:08,idle_without_VPN,7.2,27.9,4284.246766706514,4277.642918125849,0.0,5917.0483282759715,3.0,1307.93359375,53.641,52.0,1815.0,100.8,39.3125,2,2025.5279331207275,16.8,105.0390625,28,2155.662481546402,14.3,343.453125,95,2156.606645822525,3.9,114.04296875,147,2189.424319267273,3.9,268.86328125,276,2183.9354741573334
2026-02-13T17:02:09,idle_without_VPN,7.9,27.9,0.0,0.0,0.0,80972.96753298286,3.0,1307.93359375,53.71,52.0,1815.0,97.9,39.30078125,2,2026.7404975891113,20.6,343.453125,95,2157.820631980896,19.4,104.90625,28,2156.8678543567657,6.5,58.97265625,34,2190.5801169872284,5.2,4.66015625,403,1770991328.1744094
2026-02-13T17:02:10,idle_without_VPN,7.1,27.8,0.0,0.0,0.0,202003.58339345784,3.0,1307.93359375,53.785,52.0,1815.0,101.0,39.30859375,2,2027.9631235599518,15.4,105.00390625,28,2158.0827460289,8.9,343.453125,95,2159.0454347133636,5.1,113.984375,147,2191.8495354652405,2.6,30.390625,14,2189.4472444057465
2026-02-13T17:02:11,idle_without_VPN,6.5,27.8,288.99435691785027,397.3672407620441,0.0,0.0,3.0,1307.93359375,53.755,52.0,1815.0,98.1,39.30859375,2,2029.1733057498932,19.1,104.90234375,28,2159.3087401390076,18.2,343.453125,95,2160.2476994991302,5.2,30.390625,14,2190.658711671829,3.9,114.0,147,2193.0700528621674
2026-02-13T17:02:13,idle_without_VPN,6.9,27.9,1187.270137960324,208.20603671955578,0.0,10152.522933372626,3.0,1307.93359375,53.672,52.0,1815.0,100.1,39.30859375,2,2030.392421722412,18.1,105.03515625,28,2160.5190892219543,8.9,343.765625,95,2161.4764907360077,5.1,30.390625,14,2191.8736667633057,3.9,114.0078125,147,2194.2800438404083
2026-02-13T17:02:14,idle_without_VPN,7.6,27.9,2232.397685122952,250.49199171518507,0.0,16292.58661423067,4.0,1307.93359375,53.881,52.0,1815.0,99.8,38.70703125,2,2031.6109375953674,20.5,105.0703125,28,2161.7386634349823,6.4,114.02734375,147,2195.5002257823944,5.1,58.97265625,34,2195.4527990818024,5.1,343.77734375,95,2162.696992635727
2026-02-13T17:02:15,idle_without_VPN,6.4,27.9,2829.4548419413704,0.0,0.0,38200.50999586564,4.0,1307.93359375,53.862,52.0,1815.0,99.7,39.30859375,2,2032.833333492279,21.7,105.06640625,28,2162.961446762085,6.4,113.984375,147,2196.7200968265533,6.4,343.72265625,95,2163.914278268814,3.9,12.11328125,5,2183.1229767799377
2026-02-13T17:02:16,idle_without_VPN,6.7,27.9,1256.0234888416305,449.7479940513651,0.0,77036.10731562,4.0,1307.93359375,54.758,52.0,1815.0,100.1,39.30859375,2,2034.0513229370117,24.3,104.90234375,28,2164.1821372509003,6.4,114.00390625,147,2197.9448194503784,5.1,30.4296875,15,2195.5334215164185,3.9,343.73046875,95,2165.130964279175
2026-02-13T17:02:17,idle_without_VPN,6.8,27.9,0.0,44.40365192566364,0.0,11788.347296413222,3.0,1307.93359375,53.905,52.0,1815.0,100.1,39.30859375,2,2035.2693123817444,24.3,105.06640625,28,2165.401648044586,9.0,114.0078125,147,2199.162318944931,7.7,343.73046875,95,2166.3530356884003,5.1,128.5625,32,2150.980847120285
2026-02-13T17:02:19,idle_without_VPN,7.6,27.9,549.9158214138879,0.0,0.0,54210.20921305145,3.0,1307.93359375,54.031,52.0,1815.0,99.6,39.296875,2,2036.4775195121765,32.2,104.91015625,28,2166.616232395172,11.6,343.72265625,95,2167.560905456543,7.7,30.42578125,15,2197.964038848877,5.2,317.890625,35,2092.237038373947
2026-02-13T17:02:20,idle_without_VPN,8.0,27.9,0.0,0.0,0.0,112806.87643168471,3.0,1307.93359375,54.189,52.0,1815.0,100.4,39.3046875,2,2037.69198679924,22.1,104.96875,28,2167.8204181194305,21.9,343.73046875,95,2168.7727138996124,3.9,114.0234375,147,2201.5856890678406,3.9,91.26171875,116,2155.9990618228912
2026-02-13T17:02:21,idle_without_VPN,7.7,27.9,329.12619544445727,396.2613895400928,0.0,3772.6704194230324,3.0,1307.93359375,54.079,52.0,1815.0,99.6,39.30859375,2,2038.9159548282623,23.1,343.73046875,95,2169.9917500019073,11.5,105.0859375,28,2169.0461599826813,6.4,113.94921875,147,2202.8047258853912,3.9,12.11328125,5,2189.2037415504456
2026-02-13T17:02:22,idle_without_VPN,6.9,27.8,0.0,0.0,0.0,0.0,3.0,1307.93359375,54.028,52.0,1815.0,98.8,39.3125,2,2040.1187109947205,12.8,343.72265625,95,2171.208081007004,7.7,124.62890625,99,2096.2161161899567,6.4,114.01171875,147,2204.01633477211,5.2,30.390625,14,2201.60648393631
2026-02-13T17:02:23,idle_without_VPN,8.5,27.9,0.0,0.0,0.0,7187.873132556357,3.0,1307.93359375,54.014,51.0,1815.0,100.9,39.3203125,3,2041.3422672748566,9.0,4.66015625,403,1770991342.7688057,5.2,114.01171875,147,2205.2292091846466,5.1,59.07421875,34,2205.1851897239685,3.8,30.390625,14,2202.8233642578125
2026-02-13T17:02:25,idle_without_VPN,7.2,27.9,242.914617991853,44.83323486426817,0.0,13772.769750303181,3.0,1307.93359375,54.042,51.0,1815.0,100.3,39.31640625,3,2042.5724034309387,5.1,114.03515625,147,2206.4540691375732,5.1,30.4296875,15,2204.0566387176514,5.1,61.1796875,89,2203.9684295654297,3.8,4.66015625,403,1770991343.9951596
2026-02-13T17:02:26,idle_without_VPN,7.9,27.9,1260.826610636151,0.0,0.0,3729.068691791645,3.0,1307.93359375,54.105,51.0,1815.0,99.9,39.31640625,3,2043.7925736904144,5.1,114.04296875,147,2207.6901433467865,3.8,58.97265625,34,2207.636156320572,3.8,12.11328125,5,2194.0879669189453,2.6,30.42578125,15,2205.280772924423
2026-02-13T17:02:27,idle_without_VPN,7.1,27.8,290.91693489480036,444.64008799262103,0.0,7616.734295427501,3.0,1307.93359375,54.018,51.0,1815.0,99.6,39.3203125,3,2045.0158627033234,5.2,113.90625,147,2208.902301311493,2.6,58.97265625,34,2208.861639022827,2.6,30.4296875,15,2206.501180410385,1.3,4.66015625,403,1770991346.4406307
2026-02-13T17:02:28,idle_without_VPN,7.2,27.9,0.0,88.26791163014468,13390.56911248417,42263.98376127816,3.0,1307.93359375,53.785,51.0,1815.0,90.6,39.3203125,3,2046.2574903964996,6.4,113.9765625,147,2210.1242113113403,3.8,30.390625,14,2207.734721660614,3.8,12.11328125,5,2196.5572657585144,2.5,61.1796875,89,2207.6474063396454
2026-02-13T17:02:30,idle_without_VPN,6.1,27.9,290.7121463505499,0.0,129430.10341867963,94645.76312490947,3.0,1307.93359375,53.794,50.0,1815.0,100.9,38.73046875,3,2047.527152299881,7.4,114.0,147,2211.390538454056,6.1,30.42578125,14,2209.005977153778,2.5,61.1796875,89,2208.917773962021,2.5,105.34375,18,2168.2541024684906
2026-02-13T17:02:31,idle_without_VPN,5.5,27.9,710.9447033960673,2505.608213517556,0.0,16911.67577635955,3.0,1307.93359375,53.721,50.0,1815.0,97.4,39.328125,3,2048.8746082782745,23.5,320.3671875,35,2104.629862546921,21.2,154.3125,23,2103.6624188423157,6.1,114.06640625,147,2212.6622104644775,5.8,30.390625,14,2210.35688829422
2026-02-13T17:02:32,idle_without_VPN,8.8,27.8,19636.047120467014,4743.700988106965,0.0,148360.57240252366,3.0,1307.93359375,53.784,50.0,1815.0,99.6,39.32421875,3,2050.0987656116486,4.7,114.0390625,147,2213.9822793006897,3.8,30.3515625,13,2211.5838050842285,3.8,61.1796875,89,2211.4950160980225,3.7,59.12890625,33,2213.9402318000793
2026-02-13T17:02:33,idle_without_VPN,5.7,27.9,9951.478274883384,2465.4195562057275,0.0,61442.8269795589,3.0,1307.93359375,53.793,50.0,1815.0,98.8,39.32421875,3,2051.3322241306305,11.1,152.921875,23,2106.150804758072,6.4,113.9921875,147,2215.2112329006195,5.1,59.12890625,33,2215.1627612113953,5.1,30.3515625,14,2212.8098871707916
2026-02-13T17:02:35,idle_without_VPN,5.2,27.8,61492.41638411762,7682.004377349639,0.0,69244.81079436997,3.0,1307.93359375,53.805,50.0,1815.0,95.6,39.32421875,3,2052.5904076099396,6.2,113.98828125,147,2216.4720220565796,3.8,152.921875,23,2107.3741178512573,3.7,30.3515625,13,2214.0670354366302,3.7,61.1796875,89,2213.978709936142
2026-02-13T17:02:36,idle_without_VPN,6.1,27.8,40.88979254565062,0.0,0.0,147386.43943494675,4.0,1307.93359375,53.7,49.0,1815.0,98.3,39.328125,3,2053.7984874248505,6.4,30.3515625,13,2215.2840168476105,3.8,4.66015625,403,1770991355.2359753,3.8,114.015625,147,2217.6938650608063,2.6,59.12890625,33,2217.644634962082
2026-02-13T17:02:37,idle_without_VPN,6.1,27.8,294.7935356055647,450.565119760778,0.0,14578.880306311567,3.0,1307.93359375,53.766,49.0,1815.0,100.5,38.73828125,3,2054.9800112247467,5.3,30.38671875,14,2216.4699268341064,5.2,114.01953125,147,2218.888816356659,3.9,4.66015625,403,1770991356.430382,2.6,61.1796875,89,2216.381147623062
2026-02-13T17:02:38,idle_without_VPN,5.3,27.8,376.31461684059883,72.56290818002579,0.0,53136.29890168958,4.0,1307.93359375,53.895,49.0,1815.0,99.6,39.328125,3,2056.172252893448,4.0,114.02734375,147,2220.075255393982,2.6,59.12890625,33,2220.0202651023865,2.6,30.3515625,13,2217.65247130394,2.6,61.1796875,89,2217.5634050369263
2026-02-13T17:02:40,idle_without_VPN,5.2,27.8,272.74188861099515,210.1864095717761,68327.26457190435,158433.8447261032,3.0,1307.93359375,53.717,49.0,1815.0,99.1,39.328125,3,2057.3707423210144,5.2,30.38671875,14,2218.855770587921,3.9,113.96875,147,2221.271882534027,3.9,61.1796875,89,2218.7674255371094,1.3,4.66015625,403,1770991358.8144836
2026-02-13T17:02:41,idle_without_VPN,5.6,27.8,0.0,44.869326044118424,0.0,11486.547467294316,3.0,1307.93359375,53.754,49.0,1815.0,98.3,39.32421875,3,2058.5789704322815,6.5,114.01171875,147,2222.4806756973267,3.9,58.95703125,33,2222.426746606827,3.9,30.38671875,14,2220.067010641098,2.6,61.1796875,89,2219.9785175323486
2026-02-13T17:02:42,idle_without_VPN,5.4,27.8,292.1642964682117,401.72590764379106,0.0,8499.324988166158,7.0,1307.93359375,53.711,49.0,1815.0,98.9,39.32421875,3,2059.779906988144,6.5,114.01171875,147,2223.6805834770203,3.9,58.95703125,33,2223.625871658325,2.6,30.3828125,14,2221.2618300914764,2.6,61.1796875,89,2221.1734561920166
2026-02-13T17:02:43,idle_without_VPN,5.6,27.8,246.8458232900398,896.2657073819565,0.0,12299.217396679565,3.0,1307.93359375,53.813,49.0,1815.0,99.2,39.33203125,3,2060.993067264557,6.5,113.99609375,147,2224.8885583877563,5.1,30.38671875,14,2222.4781365394592,2.6,58.95703125,33,2224.837404727936,2.6,61.1796875,89,2222.389493227005
2026-02-13T17:02:44,idle_without_VPN,5.4,27.8,0.0,201.03499282832774,0.0,30323.75128338328,3.0,1307.93359375,53.706,49.0,1815.0,100.2,39.328125,3,2062.1940438747406,6.5,114.0234375,147,2226.0885994434357,3.9,30.3515625,13,2223.6773076057434,2.6,58.95703125,33,2226.039728164673,2.6,312.7578125,35,2117.950339317322
2026-02-13T17:02:46,idle_without_VPN,5.7,27.8,0.0,199.0838733413243,0.0,103199.79306549777,3.0,1307.93359375,53.69,48.0,1815.0,99.8,39.328125,3,2063.3989884853363,6.5,113.9140625,147,2227.2989614009857,3.9,4.66015625,403,1770991364.8389285,3.9,30.3515625,13,2224.884192943573,3.9,105.34375,18,2184.1318171024323
2026-02-13T17:02:47,idle_without_VPN,6.6,27.8,293.4012337042925,403.4266963434022,0.0,0.0,3.0,1307.93359375,53.636,48.0,1815.0,100.7,39.328125,3,2064.593974351883,7.8,114.01171875,147,2228.499166250229,5.2,30.38671875,14,2226.080939054489,3.9,4.66015625,403,1770991366.0396209,3.9,59.1484375,33,2228.4453699588776
2026-02-13T17:02:48,idle_without_VPN,5.4,27.8,0.0,202.1996649833152,0.0,10739.235318615909,3.0,1307.93359375,53.642,48.0,1815.0,100.0,39.328125,3,2065.7967913150787,7.9,114.0,147,2229.6926991939545,3.9,30.3515625,14,2227.279392004013,1.3,8.171875,15,2230.8143634796143,1.3,105.26171875,28,2195.9298057556152
2026-02-13T17:02:49,idle_without_VPN,5.2,27.8,34.25466254948782,34.25466254948782,0.0,75999.67797646363,3.0,1307.93359375,53.686,48.0,1815.0,99.0,39.328125,3,2067.0439920425415,5.1,114.0078125,147,2230.9207763671875,5.0,30.3515625,13,2228.527324438095,3.8,4.66015625,403,1770991368.458157,2.5,61.1796875,89,2228.438719511032
2026-02-13T17:02:50,idle_without_VPN,5.3,27.8,0.0,0.0,0.0,90878.88667602763,3.0,1307.93359375,53.582,48.0,1815.0,99.2,39.328125,3,2068.272636413574,6.3,114.00390625,147,2232.164737701416,6.3,30.3515625,13,2229.75741648674,2.5,61.1796875,89,2229.6684708595276,1.3,59.1484375,33,2232.114123106003
2026-02-13T17:02:52,idle_without_VPN,5.5,27.8,330.755052659393,487.0820675979121,0.0,8846.463497994511,3.0,1307.93359375,53.584,48.0,1815.0,99.3,39.328125,3,2069.484511613846,7.7,114.01953125,147,2233.3842403888702,5.2,30.3515625,13,2230.966123819351,3.9,61.1796875,89,2230.877611398697,3.8,58.83984375,33,2233.336088180542
2026-02-13T17:02:53,idle_without_VPN,6.8,27.8,559.88208578108,201.39042190035866,0.0,5562.052482028163,7.0,1307.93359375,53.632,48.0,1815.0,99.9,39.31640625,3,2070.672507286072,5.2,113.96875,147,2234.5803825855255,5.2,30.38671875,14,2232.160312652588,2.6,58.96484375,33,2234.5248668193817,2.6,61.1796875,89,2232.071730852127
2026-02-13T17:02:54,idle_without_VPN,5.6,27.8,0.0,45.55385812866932,0.0,9502.197369654283,3.0,1307.93359375,53.548,48.0,1815.0,98.5,39.3125,3,2071.862425804138,7.9,114.0078125,147,2235.762794494629,6.6,30.3515625,13,2233.3498344421387,5.3,58.96484375,33,2235.7064549922943,2.6,61.1796875,89,2233.260957479477
2026-02-13T17:02:55,idle_without_VPN,6.6,27.8,0.0,0.0,0.0,12878.362255646583,3.0,1307.93359375,53.359,47.0,1815.0,100.6,38.73046875,3,2073.059424638748,6.5,30.3515625,13,2234.5436158180237,5.2,114.0234375,147,2236.9550034999847,3.9,183.99609375,105,2209.1194248199463,2.6,4.66015625,403,1770991374.4976504
2026-02-13T17:02:56,idle_without_VPN,5.4,27.8,293.4699355294224,293.4699355294224,0.0,9817.903297711588,3.0,1307.93359375,53.371,47.0,1815.0,99.5,38.73046875,3,2074.252933740616,5.2,114.0234375,147,2238.155971765518,2.6,58.96484375,33,2238.1077263355255,2.6,30.38671875,14,2235.738847255707,2.6,61.1796875,89,2235.6503093242645
2026-02-13T17:02:58,idle_without_VPN,5.8,27.8,54.96624158898992,219.86496635595967,0.0,0.0,3.0,1307.93359375,53.196,47.0,1815.0,99.8,39.3203125,3,2075.4581813812256,5.2,114.0234375,147,2239.356586456299,5.2,30.3515625,14,2236.9459257125854,3.9,4.66015625,403,1770991376.8982458,3.9,183.98046875,104,2211.515515089035
2026-02-13T17:02:59,idle_without_VPN,5.9,27.8,231.20656198577203,211.9393484869577,0.0,20158.53154936818,4.0,1307.93359375,53.239,47.0,1815.0,100.3,39.3203125,3,2076.657810688019,6.5,30.3515625,13,2238.1400401592255,3.9,114.01953125,147,2240.5492963790894,3.9,82.21484375,57,2236.7095952033997,2.6,4.66015625,403,1770991378.0918841
2026-02-13T17:03:00,idle_without_VPN,6.0,27.8,105.33173912012266,0.0,0.0,38093.30704941071,4.0,1307.93359375,53.128,47.0,1815.0,100.5,39.3203125,3,2077.839369535446,5.3,30.390625,14,2239.325513124466,5.2,113.97265625,147,2241.747761964798,5.2,59.13671875,33,2241.693125486374,4.0,77.78125,65,2237.901734352112
2026-02-13T17:03:01,idle_without_VPN,5.6,27.8,0.0,0.0,0.0,127046.74160846164,3.0,1307.93359375,52.969,47.0,1815.0,99.4,39.3203125,3,2079.018355846405,7.9,113.99609375,147,2242.929597377777,2.7,30.3515625,13,2240.504982471466,2.6,61.1796875,89,2240.4163117408752,1.3,33.48046875,10,2243.8161182403564
2026-02-13T17:03:02,idle_without_VPN,5.3,27.8,299.4024317708343,457.60939855883197,0.0,10016.37226287882,5.0,1307.93359375,53.004,48.0,1815.0,99.9,38.73046875,3,2080.2230591773987,5.3,114.01171875,147,2244.1042540073395,5.2,30.38671875,14,2241.705758333206,2.6,59.13671875,33,2244.0576705932617,1.3,61.1796875,89,2241.6174619197845
2026-02-13T17:03:04,idle_without_VPN,5.2,27.8,460.7981651142583,133.06471078165748,0.0,20186.409457839596,2.0,1307.93359375,52.97,48.0,1815.0,99.0,39.32421875,3,2081.4381234645844,6.4,114.03515625,147,2245.3225994110107,5.1,30.3828125,13,2242.922563314438,2.6,59.13671875,33,2245.273817062378,2.6,61.1796875,89,2242.8334667682648
2026-02-13T17:03:05,idle_without_VPN,5.4,27.8,300.864927872517,0.0,0.0,78695.80026439401,3.0,1307.93359375,53.019,48.0,1815.0,100.0,39.3203125,3,2082.6403539180756,6.4,114.01953125,147,2246.547449350357,3.9,30.390625,14,2244.127057790756,2.6,59.13671875,33,2246.4948015213013,2.6,61.1796875,89,2244.038476228714
2026-02-13T17:03:06,idle_without_VPN,5.6,27.8,42.03090139627878,0.0,0.0,24102.200096682103,3.0,1307.93359375,52.976,48.0,1815.0,99.3,39.3203125,3,2083.836436986923,7.9,114.015625,147,2247.734232187271,3.9,59.13671875,33,2247.6837475299835,3.9,30.3515625,13,2245.318948030472,2.6,105.078125,28,2213.971719264984
2026-02-13T17:03:07,idle_without_VPN,5.5,27.8,563.0170443121979,557.1955977683494,0.0,0.0,3.0,1307.93359375,53.108,48.0,1815.0,100.0,39.3203125,3,2085.0400018692017,7.8,113.9921875,147,2248.9388065338135,5.2,30.3515625,13,2246.5268173217773,2.6,61.1796875,89,2246.437524318695,1.3,4.66015625,403,1770991386.4777052
2026-02-13T17:03:08,idle_without_VPN,5.6,27.8,0.0,0.0,0.0,10280.333208202468,3.0,1307.93359375,53.028,48.0,1815.0,98.9,39.3203125,3,2086.2253708839417,6.5,114.01953125,147,2250.1310498714447,4.0,30.390625,14,2247.7123153209686,2.6,59.13671875,33,2250.0766558647156,1.3,55.5078125,4,2264.054107427597
2026-02-13T17:03:10,idle_without_VPN,5.1,27.8,0.0,0.0,0.0,37727.67411729687,3.0,1307.93359375,53.119,48.0,1815.0,99.8,39.3203125,3,2087.4316868782043,6.6,113.99609375,147,2251.323510169983,5.2,30.38671875,14,2248.910200357437,3.9,105.140625,28,2217.558698654175,2.6,61.1796875,89,2248.8218779563904
2026-02-13T17:03:11,idle_without_VPN,5.4,27.8,0.0,88.29039742534242,0.0,103803.34725444703,3.0,1307.93359375,53.168,48.0,1815.0,98.4,39.328125,3,2088.6863474845886,6.4,114.03125,147,2252.5527381896973,3.7,61.1796875,89,2250.0824234485626,2.5,58.875,33,2252.511499643326,2.5,30.3515625,13,2250.170439720154
2026-02-13T17:03:12,idle_without_VPN,5.4,27.8,281.6622647409124,387.28561401875453,0.0,29907.411383398696,3.0,1307.93359375,53.201,48.0,1815.0,100.2,39.328125,3,2089.933613061905,6.3,114.0390625,147,2253.7992384433746,6.3,30.38671875,14,2251.412962436676,2.5,4.66015625,403,1770991391.339935,2.5,58.96484375,33,2253.7558827400208
2026-02-13T17:03:13,idle_without_VPN,6.4,27.8,0.0,0.0,0.0,9797.454534256185,3.0,1307.93359375,53.042,49.0,1815.0,96.2,39.328125,3,2091.1852173805237,7.5,113.96875,147,2255.0532500743866,6.2,30.3515625,13,2252.6641190052032,5.0,105.0078125,28,2221.297393321991,3.7,58.96484375,33,2255.014315366745
2026-02-13T17:03:15,idle_without_VPN,5.7,27.8,0.0,42.934240549364375,0.0,19946.93012782321,3.0,1307.93359375,53.27,49.0,1815.0,97.1,39.3203125,3,2092.4240202903748,5.0,113.9921875,147,2256.3154335021973,3.8,30.39453125,14,2253.9067194461823,3.8,268.8125,276,2250.8359875679016,3.7,58.96484375,33,2256.2644777297974
2026-02-13T17:03:16,idle_without_VPN,6.1,27.8,239.37293695290015,0.0,0.0,30431.302352216313,3.0,1307.93359375,53.304,49.0,1815.0,99.3,39.33203125,3,2093.650743484497,8.9,105.01171875,28,2223.7784004211426,5.1,30.38671875,14,2255.1370091438293,3.8,59.06640625,33,2257.494383573532,2.6,114.015625,147,2257.538543701172
2026-02-13T17:03:17,idle_without_VPN,5.4,27.8,2658.2061242563154,440.98895074612307,0.0,9215.76909314347,7.0,1307.93359375,53.26,49.0,1815.0,98.1,39.33984375,3,2094.8769040107727,5.1,114.046875,147,2258.760419845581,5.1,30.390625,14,2256.363242149353,2.5,61.1796875,89,2256.2753100395203,1.3,4.66015625,403,1770991396.3018727
2026-02-13T17:03:18,idle_without_VPN,5.3,27.8,2280.1099403101853,0.0,0.0,7621.869136706081,3.0,1307.93359375,53.292,49.0,1815.0,99.7,39.33984375,3,2096.083137989044,7.7,114.0390625,147,2259.9708909988403,3.9,105.10546875,28,2226.2106726169586,3.9,30.3828125,14,2257.568567752838,2.6,59.06640625,33,2259.9260442256927
2026-02-13T17:03:19,idle_without_VPN,5.4,27.8,1011.8512780930083,90.63814380311963,0.0,0.0,3.0,1307.93359375,53.149,49.0,1815.0,100.9,39.33984375,3,2097.2760865688324,7.7,113.99609375,147,2261.182543039322,3.9,30.390625,14,2258.765541791916,2.6,4.66015625,403,1770991398.7243292,2.6,104.98046875,28,2227.415102481842
2026-02-13T17:03:21,idle_without_VPN,5.2,27.8,0.0,0.0,0.0,7278.660739353675,5.0,1307.93359375,53.282,49.0,1815.0,98.7,39.33984375,3,2098.479033470154,6.5,113.98828125,147,2262.3810358047485,5.2,61.1796875,89,2259.876679420471,3.9,105.1640625,28,2228.6132678985596,3.9,30.3515625,13,2259.9629991054535
2026-02-13T17:03:22,idle_without_VPN,6.1,27.8,333.7643761686433,401.84566682990885,0.0,201494.0520487953,4.0,1307.93359375,53.331,49.0,1815.0,98.8,39.33984375,3,2099.6971764564514,6.4,58.96484375,33,2263.541693687439,5.2,113.99609375,147,2263.5844933986664,3.9,104.98828125,28,2229.8278007507324,2.6,116.31640625,25,2153.6688816547394
2026-02-13T17:03:23,idle_without_VPN,5.3,27.8,0.0,0.0,0.0,7623.031030143495,4.0,1307.93359375,53.336,50.0,1815.0,100.6,39.32421875,3,2100.8951587677,7.8,105.08984375,28,2231.0291771888733,5.2,30.390625,14,2262.3800661563873,3.9,114.01171875,147,2264.793809890747,1.3,58.96484375,33,2264.742537498474
2026-02-13T17:03:24,idle_without_VPN,5.5,27.8,45.025466779635,45.85927171999862,0.0,7684.346330391041,4.0,1307.93359375,53.358,50.0,1815.0,98.6,39.32421875,3,2102.0972199440002,6.5,70.5625,22,2222.4786837100983,5.2,114.0546875,147,2265.9918110370636,5.2,30.390625,14,2263.5875039100647,3.9,58.96484375,33,2265.948169231415
2026-02-13T17:03:25,idle_without_VPN,6.0,27.8,0.0,44.74855036514261,0.0,4242.825516102411,3.0,1307.93359375,53.393,50.0,1815.0,100.2,39.328125,3,2103.297792196274,7.8,105.16015625,28,2233.4359085559845,6.5,58.96484375,33,2267.14737701416,5.2,113.8984375,147,2267.1981766223907,3.9,61.1796875,89,2264.6928894519806
2026-02-13T17:03:27,idle_without_VPN,5.3,27.8,293.192293409347,448.1177666313315,0.0,83159.99594883296,3.0,1307.93359375,53.39,50.0,1815.0,100.2,38.7265625,3,2104.4985208511353,5.2,113.98828125,147,2268.3982121944427,5.2,30.3515625,13,2265.9794642925262,3.9,105.171875,28,2234.6321833133698,2.6,4.66015625,403,1770991405.940048
2026-02-13T17:03:28,idle_without_VPN,5.4,27.8,176.58189750100337,583.8863686236008,0.0,20896.635115590434,3.0,1307.93359375,53.161,50.0,1815.0,100.2,39.31640625,3,2105.6990263462067,6.5,30.3515625,13,2267.1841957569122,5.2,113.99609375,147,2269.598415374756,5.2,104.96875,28,2235.836890935898,3.9,58.96484375,33,2269.5504887104034
2026-02-13T17:03:29,idle_without_VPN,6.9,27.8,0.0,402.9308016504251,0.0,0.0,3.0,1307.93359375,53.302,50.0,1815.0,99.5,39.31640625,3,2106.892212152481,6.5,114.00390625,147,2270.799682855606,3.9,4.66015625,403,1770991408.3379416,3.9,105.125,28,2237.03293132782,3.9,30.38671875,14,2268.378721475601
2026-02-13T17:03:30,idle_without_VPN,5.5,27.8,0.0,248.47552957600985,0.0,29756.418674106022,3.0,1307.93359375,53.333,50.0,1815.0,99.8,39.31640625,3,2108.081458091736,6.6,114.0234375,147,2271.9837548732758,5.3,59.13671875,33,2271.9341235160828,3.9,61.1796875,89,2269.479369878769,2.6,104.9921875,28,2238.2222213745117
2026-02-13T17:03:31,idle_without_VPN,5.8,27.8,0.0,0.0,0.0,21887.97413772946,3.0,1307.93359375,53.188,50.0,1815.0,98.6,38.7265625,3,2109.2707500457764,7.9,105.1484375,28,2239.4124608039856,7.9,30.38671875,14,2270.756055355072,6.5,114.0234375,147,2273.1770327091217,5.2,4.66015625,403,1770991410.7185452
2026-02-13T17:03:33,idle_without_VPN,5.8,27.8,296.11356808027745,609.8930024380714,0.0,15074.872556814125,3.0,1307.93359375,53.189,50.0,1815.0,100.5,39.31640625,3,2110.4680864810944,11.8,105.109375,28,2240.6028485298157,6.6,113.90625,147,2274.365899324417,3.9,30.38671875,14,2271.9528307914734,2.6,4.66015625,403,1770991411.9059086
2026-02-13T17:03:34,idle_without_VPN,5.5,27.8,304.42303652960794,134.7446227262199,0.0,8943.05051575504,3.0,1307.93359375,53.225,50.0,1815.0,98.4,39.31640625,3,2111.6590325832367,7.8,113.97265625,147,2275.565650701523,6.5,105.02734375,28,2241.7981090545654,5.2,4.66015625,403,1770991413.1080456,5.2,30.3515625,13,2273.146992444992
2026-02-13T17:03:35,idle_without_VPN,5.9,27.8,0.0,0.0,0.0,8594.080376373562,3.0,1307.93359375,53.347,51.0,1815.0,100.7,39.31640625,3,2112.8541095256805,10.5,104.9921875,28,2242.993919610977,6.6,114.01171875,147,2276.7582013607025,2.6,61.1796875,89,2274.25177526474,2.6,26.515625,9,2259.9255521297455
2026-02-13T17:03:36,idle_without_VPN,5.5,27.8,42.16775195014231,0.0,0.0,100608.88273288353,3.0,1307.93359375,53.366,51.0,1815.0,97.8,39.3203125,3,2114.0524158477783,5.3,113.99609375,147,2277.9482421875,5.2,105.109375,28,2244.184981107712,2.6,58.96484375,33,2277.89999628067,2.6,30.38671875,14,2275.5351042747498
2026-02-13T17:03:37,idle_without_VPN,6.0,27.8,702.9328995526637,896.9890199267995,0.0,59272.9011793412,3.0,1307.93359375,53.277,51.0,1815.0,98.8,39.3203125,3,2115.2378532886505,10.5,104.9921875,28,2245.378796339035,9.1,114.0,147,2279.1479845046997,6.5,4.66015625,403,1770991416.6871693,3.9,30.3515625,13,2276.7222259044647
2026-02-13T17:03:39,idle_without_VPN,5.8,27.8,0.0,0.0,0.0,0.0,3.0,1307.93359375,53.331,51.0,1815.0,99.6,39.3203125,3,2116.4617602825165,9.1,105.03515625,28,2246.574324607849,3.9,4.66015625,403,1770991417.880931,3.9,114.015625,147,2280.3396253585815,3.9,30.3515625,13,2277.9411101341248
2026-02-13T17:03:40,idle_without_VPN,5.4,27.8,877.95298373922,173.14049539787408,0.0,8363.012607897314,3.0,1307.93359375,53.454,51.0,1815.0,100.3,39.328125,3,2117.660565137863,6.4,105.0390625,28,2247.797247171402,3.8,4.66015625,403,1770991419.1044428,3.8,58.96484375,33,2281.5112075805664,2.6,30.38671875,14,2279.1468155384064
2026-02-13T17:03:41,idle_without_VPN,5.5,27.8,1334.0811432537587,395.0996198731702,0.0,90142.2262445365,3.0,1307.93359375,53.251,51.0,1815.0,98.9,39.33203125,3,2118.876671552658,11.6,105.0390625,28,2249.0104320049286,6.4,30.3515625,13,2280.3654985427856,5.2,114.0,147,2282.77285695076,3.9,4.66015625,403,1770991420.314433
2026-02-13T17:03:42,idle_without_VPN,6.3,27.8,1343.5239416124325,1004.7222519884278,0.0,2563.543819026952,3.0,1307.93359375,53.319,51.0,1815.0,99.7,39.33203125,3,2120.0837411880493,11.7,104.9375,28,2250.2119567394257,6.5,113.9921875,147,2283.9701476097107,5.2,58.96484375,33,2283.9265189170837,3.9,4.66015625,403,1770991421.5125499
2026-02-13T17:03:43,idle_without_VPN,6.2,27.8,1749.9909426324734,516.9504131510697,0.0,8739.388116667142,4.0,1307.93359375,53.403,51.0,1815.0,100.7,39.33203125,3,2121.324467420578,10.2,105.06640625,28,2251.4411659240723,6.3,114.0078125,147,2285.2015266418457,5.1,4.66015625,403,1770991422.7424116,3.8,30.3515625,13,2282.8074657917023
2026-02-13T17:03:45,idle_without_VPN,5.7,27.8,62.89274105675646,87.88857404085198,0.0,5366.8472368432185,4.0,1307.93359375,53.516,51.0,1815.0,97.8,39.3359375,3,2122.555696249008,12.7,104.9921875,28,2252.67573261261,6.3,114.00390625,147,2286.4415669441223,5.0,4.66015625,403,1770991423.9839926,3.8,30.3515625,13,2284.035343170166
2026-02-13T17:03:46,idle_without_VPN,5.6,27.8,0.0,0.0,0.0,18919.845840382342,4.0,1307.93359375,53.449,52.0,1815.0,99.3,39.3359375,3,2123.766907930374,8.9,105.17578125,28,2253.897901058197,3.8,113.91796875,147,2287.6629939079285,2.6,213.76953125,69,2285.250412940979,2.6,30.3515625,13,2285.2528200149536
2026-02-13T17:03:47,idle_without_VPN,6.5,27.8,1622.1088102181843,592.119473668601,0.0,44158.51223236088,3.0,1307.93359375,53.411,52.0,1815.0,98.6,39.3359375,3,2124.9710540771484,13.0,105.0625,28,2255.1019773483276,3.9,113.99609375,147,2288.8637804985046,3.9,59.0625,33,2288.817974805832,3.9,30.3515625,13,2286.4557003974915
2026-02-13T17:03:48,idle_without_VPN,5.9,27.8,0.0,0.0,0.0,30796.588290184285,3.0,1307.93359375,53.532,52.0,1815.0,98.8,39.34375,3,2126.18905210495,11.6,105.17578125,28,2256.3194749355316,7.7,30.3515625,13,2287.6708540916443,5.1,114.01953125,147,2290.0797324180603,2.6,59.0625,33,2290.0355377197266
2026-02-13T17:03:49,idle_without_VPN,5.9,27.8,0.0,0.0,0.0,61160.9121977037,3.0,1307.93359375,53.479,52.0,1815.0,99.4,39.34375,3,2127.367357969284,6.5,105.23828125,28,2257.5139384269714,5.3,12.0703125,4,2277.65105009079,5.2,114.0390625,147,2291.284734725952,4.0,30.38671875,14,2288.8537538051605
2026-02-13T17:03:51,idle_without_VPN,6.6,27.8,0.0,0.0,0.0,10457.683910140338,3.0,1307.93359375,53.306,52.0,1815.0,100.5,39.34765625,3,2128.6577813625336,13.4,344.90234375,95,2259.8314723968506,13.3,105.0859375,28,2258.6861379146576,8.0,114.03515625,147,2292.4574785232544,6.6,59.0625,33,2292.41824054718
2026-02-13T17:03:52,idle_without_VPN,9.5,27.9,3952.379160474495,1840.1438926635462,22014.543656370603,101129.30992145246,3.0,1320.12890625,53.433,52.0,1815.0,98.5,39.34765625,3,2130.1648733615875,18.7,217.45703125,79,2291.64887714386,12.3,105.171875,28,2260.206875562668,9.8,344.91015625,95,2261.261836051941,6.2,113.97265625,147,2293.9673342704773
2026-02-13T17:03:54,idle_without_VPN,9.2,27.9,701.0294223407325,585.2969099248597,0.0,29061.39216231445,3.0,1320.44140625,53.591,52.0,1815.0,99.7,39.32421875,3,2131.466185092926,20.6,344.91015625,95,2262.549604177475,15.2,105.21484375,28,2261.540011405945,8.2,114.0078125,147,2295.3052904605865,4.9,317.65625,35,2187.226623773575
2026-02-13T17:03:55,idle_without_VPN,8.0,27.9,0.0,0.0,0.0,208564.4687218673,3.0,1320.44140625,55.462,52.0,1815.0,100.1,38.734375,3,2132.6683807373047,19.7,344.90234375,95,2263.741765975952,18.5,105.2109375,28,2262.8050253391266,6.2,114.015625,147,2296.570190668106,3.9,30.38671875,14,2294.157854318619
2026-02-13T17:03:56,idle_without_VPN,7.0,27.8,1019.5655829949673,2634.926691855306,0.0,201503.08173943663,3.0,1314.62109375,53.697,52.0,1815.0,99.0,39.32421875,3,2133.8524854183197,18.3,105.04296875,28,2263.997403860092,10.6,344.91796875,95,2264.91921544075,4.0,30.3515625,13,2295.3378937244415,4.0,61.1796875,89,2295.2491455078125
2026-02-13T17:03:57,idle_without_VPN,6.8,27.8,509.4975543772473,562.3217155334168,0.0,3489.802646704356,3.0,1314.30859375,53.783,52.0,1815.0,100.4,39.328125,3,2135.0191791057587,17.4,344.91796875,95,2266.0876021385193,14.6,105.1484375,28,2265.1734681129456,6.6,113.9765625,147,2298.942059993744,4.0,58.96484375,33,2298.886240720749
2026-02-13T17:03:58,idle_without_VPN,6.7,27.9,0.0,46.22372501411758,0.0,16215.967530878585,3.0,1307.93359375,54.088,52.0,1815.0,100.8,39.328125,3,2136.1966049671173,22.8,105.0546875,28,2266.3402483463287,15.9,344.91796875,95,2267.2692127227783,4.0,113.96875,147,2300.103321790695,4.0,30.3515625,14,2297.6815366744995
2026-02-13T17:04:00,idle_without_VPN,7.1,27.9,0.0,0.0,0.0,9891.786606147583,7.0,1307.93359375,53.963,52.0,1815.0,98.4,39.328125,3,2137.3871665000916,18.4,105.03125,28,2267.5284583568573,11.7,344.91015625,95,2268.4671318531036,5.3,113.984375,147,2301.294613838196,5.2,30.3515625,13,2298.870865345001
2026-02-13T17:04:01,idle_without_VPN,7.4,27.9,54.88024221335298,99.78225856973269,0.0,22989.832374466412,3.0,1307.93359375,54.056,52.0,1815.0,99.7,39.33203125,3,2138.6097054481506,21.8,344.91015625,95,2269.6860749721527,20.7,105.01171875,28,2268.7374210357666,6.5,113.99609375,147,2302.499669790268,5.2,59.13671875,33,2302.450059890747
2026-02-13T17:04:02,idle_without_VPN,6.7,27.8,556.0888149707722,588.1708619883167,0.0,23586.062874026597,7.0,1307.93359375,53.901,51.0,1815.0,99.5,39.33203125,3,2139.80565738678,19.4,105.14453125,28,2269.9438672065735,7.7,114.01953125,147,2303.7136659622192,5.3,344.91015625,95,2270.870623588562,5.2,30.3515625,13,2301.2922883033752
2026-02-13T17:04:03,idle_without_VPN,6.3,27.8,0.0,0.0,0.0,0.0,3.0,1307.93359375,53.972,51.0,1815.0,100.8,39.33203125,3,2140.982054710388,21.2,105.1328125,28,2271.1217033863068,6.5,344.90234375,95,2272.0687341690063,5.3,114.0390625,147,2304.887033224106,5.3,30.3515625,13,2302.4655055999756
2026-02-13T17:04:04,idle_without_VPN,7.3,27.9,218.0585721251757,110.28249624721529,0.0,15827.20915838823,3.0,1307.93359375,53.851,51.0,1815.0,96.1,39.33203125,3,2142.1699249744415,24.8,105.09375,28,2272.3211603164673,7.8,113.96484375,147,2306.086898803711,5.4,344.91015625,95,2273.234313249588,2.6,30.3515625,13,2303.657027244568
2026-02-13T17:04:05,idle_without_VPN,6.9,27.9,204.7520112473639,35.83160196828868,0.0,13977.737301153376,4.0,1307.93359375,53.751,51.0,1815.0,98.6,39.33203125,3,2143.342109680176,30.8,105.1640625,28,2273.489162683487,8.0,114.0078125,147,2307.2564611434937,8.0,344.91015625,95,2274.4120950698853,4.0,30.3515625,13,2304.829377889633
2026-02-13T17:04:07,idle_without_VPN,7.0,27.8,42.725253949303855,0.0,0.0,101501.53130228218,4.0,1307.93359375,53.832,51.0,1815.0,98.1,39.31640625,2,2144.505357027054,26.8,105.01171875,28,2274.654402732849,17.4,344.90234375,95,2275.579342842102,6.7,113.9921875,147,2308.426943540573,5.4,30.3515625,14,2305.9918065071106
2026-02-13T17:04:08,idle_without_VPN,7.0,27.8,301.91188494754357,415.1288418028724,0.0,7465.457518702895,3.0,1307.93359375,53.7,50.0,1815.0,100.2,39.31640625,2,2145.6748304367065,25.4,344.921875,95,2276.748054265976,18.7,105.046875,28,2275.8265726566315,6.7,30.390625,14,2307.1617267131805,5.4,114.00390625,147,2309.5915880203247
2026-02-13T17:04:09,idle_without_VPN,7.6,27.8,0.0,0.0,0.0,7459.633388843822,3.0,1307.93359375,53.807,50.0,1815.0,100.1,39.31640625,2,2146.845628261566,20.1,344.921875,95,2277.912606239319,14.7,105.16796875,28,2276.9927361011505,8.0,114.01171875,147,2310.761299610138,6.7,30.3515625,13,2308.33553481102
2026-02-13T17:04:10,idle_without_VPN,7.5,27.8,286.4061023613646,92.05910433043863,0.0,98632.80629892329,3.0,1307.93359375,53.705,50.0,1815.0,99.3,39.31640625,2,2148.0255720615387,17.2,344.921875,95,2279.093357563019,6.7,30.3515625,13,2309.5075492858887,5.3,91.26171875,116,2266.3327689170837,4.0,114.03125,147,2311.9335627555847
2026-02-13T17:04:11,idle_without_VPN,7.6,27.9,778.3115491236597,0.0,0.0,79785.82635456118,3.0,1307.93359375,53.765,50.0,1815.0,100.0,39.31640625,2,2149.19677901268,5.3,105.08984375,28,2279.3467547893524,4.0,91.26171875,116,2267.504109621048,2.7,269.19140625,276,2307.5982298851013,2.7,344.9140625,95,2280.2621688842773
2026-02-13T17:04:12,idle_without_VPN,7.1,27.8,301.61268706066164,414.7174447084098,0.0,877.418725994652,3.0,1307.93359375,53.869,50.0,1815.0,100.8,39.31640625,2,2150.3597803115845,5.3,113.9609375,147,2314.2835445404053,4.0,4.66015625,403,1770991451.8256133,2.7,30.3515625,13,2311.847940683365,2.7,39.23046875,16,2184.9491226673126
2026-02-13T17:04:14,idle_without_VPN,7.9,27.8,0.0,0.0,0.0,7457.819972380882,3.0,1307.93359375,53.801,50.0,1815.0,98.0,38.7265625,2,2151.539366006851,5.4,113.98828125,147,2315.4481098651886,5.3,30.3515625,13,2313.0218136310577,4.0,4.66015625,403,1770991452.9903777,4.0,58.96484375,33,2315.393995285034
2026-02-13T17:04:15,idle_without_VPN,6.8,27.8,0.0,45.86120012554038,0.0,7392.146035050065,3.0,1307.93359375,53.781,50.0,1815.0,100.1,39.31640625,2,2152.7099487781525,5.3,113.98828125,147,2316.6250014305115,5.3,30.38671875,14,2314.198055744171,2.7,61.1796875,89,2314.109348297119,2.7,170.859375,36,2281.320139169693
2026-02-13T17:04:16,idle_without_VPN,8.3,27.8,0.0,0.0,0.0,18449.134496124825,3.0,1307.93359375,53.629,49.0,1815.0,99.7,39.3203125,2,2153.885679960251,6.7,114.0,147,2317.794655561447,5.3,30.38671875,14,2315.3698329925537,4.0,59.06640625,33,2317.742948770523,2.7,26.51953125,9,2300.9486594200134
2026-02-13T17:04:17,idle_without_VPN,7.3,27.9,477.2939083569046,1206.7750236116062,0.0,16464.94730672329,3.0,1307.93359375,53.807,49.0,1815.0,98.7,39.3203125,2,2155.057297706604,6.6,114.01953125,147,2318.9765276908875,4.0,30.3515625,13,2316.545798301697,2.7,58.83984375,33,2318.9205734729767,2.7,61.1796875,89,2316.456325531006
2026-02-13T17:04:18,idle_without_VPN,5.4,27.9,0.0,205.60054445656246,0.0,30138.821720171945,3.0,1307.93359375,53.552,49.0,1815.0,97.5,39.3203125,2,2156.2267479896545,6.7,114.0390625,147,2320.1464252471924,4.0,30.390625,14,2317.7164092063904,2.7,58.96484375,33,2320.09268450737,1.3,12.05078125,10,2320.05619764328
2026-02-13T17:04:20,idle_without_VPN,5.4,27.9,565.5073441309181,252.473867062974,0.0,8297.519522934495,3.0,1307.93359375,53.578,49.0,1815.0,101.1,39.3203125,2,2157.400451898575,5.3,114.04296875,147,2321.3171718120575,5.3,30.390625,14,2318.888553380966,4.0,58.96484375,33,2321.264597415924,2.7,105.34375,18,2278.1361577510834
2026-02-13T17:04:21,idle_without_VPN,5.4,27.8,2449.641223061816,0.0,0.0,3491.207532937091,3.0,1307.93359375,53.52,49.0,1815.0,96.9,39.3203125,2,2158.578007221222,6.7,30.3515625,13,2320.06036233902,6.6,114.0,147,2322.4929070472717,4.0,58.96484375,33,2322.4366979599,4.0,61.1796875,89,2319.9719178676605
2026-02-13T17:04:22,idle_without_VPN,5.9,27.8,2101.3130116169195,206.7849880766344,0.0,106752.53558731347,3.0,1307.93359375,53.68,49.0,1815.0,100.5,39.3203125,2,2159.7434725761414,8.1,113.9921875,147,2323.6552624702454,8.0,30.38671875,14,2321.2327222824097,2.7,58.96484375,33,2323.6042127609253,2.7,61.1796875,89,2321.1444981098175
2026-02-13T17:04:23,idle_without_VPN,5.7,27.8,1214.2504059910207,412.7087054070604,0.0,8295.103897107198,3.0,1307.93359375,53.527,48.0,1815.0,99.6,39.328125,3,2160.9041645526886,5.3,113.99609375,147,2324.8276550769806,4.0,30.390625,14,2322.394063234329,2.7,58.96484375,33,2324.768762111664,2.7,61.1796875,89,2322.304850101471
2026-02-13T17:04:24,idle_without_VPN,5.4,27.8,0.0,0.0,0.0,8379.293271644781,3.0,1307.93359375,53.46,48.0,1815.0,98.1,39.328125,3,2162.0985753536224,6.7,114.0,147,2325.989026069641,4.0,58.96484375,33,2325.9447741508484,2.6,61.1796875,89,2323.4930984973907,2.6,91.24609375,115,2280.4055094718933
2026-02-13T17:04:25,idle_without_VPN,5.6,27.9,0.0,0.0,0.0,4657.013701946488,3.0,1307.93359375,53.385,48.0,1815.0,97.6,39.3359375,3,2163.3147604465485,7.7,114.0,147,2327.2018427848816,5.1,30.3515625,13,2324.799412727356,2.6,61.1796875,89,2324.7119224071503,2.6,113.046875,48,2295.0855762958527
2026-02-13T17:04:27,idle_without_VPN,5.6,27.8,306.62218262399193,245.7976735708631,0.0,50339.363547312765,3.0,1307.93359375,53.48,48.0,1815.0,100.5,39.3359375,3,2164.4966218471527,6.5,114.03515625,147,2328.403074026108,5.3,30.390625,14,2325.9823808670044,3.9,58.96484375,33,2328.3543784618378,2.6,217.3828125,79,2325.979861497879
2026-02-13T17:04:28,idle_without_VPN,5.3,27.8,353.3048357619922,510.51703540728056,0.0,26830.882072795885,3.0,1307.93359375,53.44,48.0,1815.0,98.6,39.3359375,3,2165.6693391799927,6.6,113.95703125,147,2329.5859656333923,5.3,30.3515625,13,2327.158522605896,4.0,151.54296875,23,2220.439436197281,2.7,58.96484375,33,2329.530825853348
2026-02-13T17:04:29,idle_without_VPN,5.8,27.8,66.71857062623202,93.23492561870886,0.0,0.0,3.0,1307.93359375,53.297,48.0,1815.0,100.1,39.3359375,3,2166.839500427246,6.7,113.99609375,147,2330.752304315567,5.4,30.3515625,13,2328.3257687091827,1.3,58.96484375,33,2330.6971192359924,1.3,61.1796875,89,2328.2382714748383
2026-02-13T17:04:30,idle_without_VPN,5.2,27.8,0.0,46.217763764835325,0.0,8764.25742503544,3.0,1307.93359375,53.405,48.0,1815.0,99.1,39.3359375,3,2168.006000995636,6.7,113.984375,147,2331.920738220215,4.0,30.38671875,14,2329.4950680732727,4.0,61.1796875,89,2329.406942129135,2.7,4.66015625,403,1770991469.462546
2026-02-13T17:04:31,idle_without_VPN,5.4,27.8,0.0,0.0,0.0,96246.13827076693,3.0,1307.93359375,53.384,48.0,1815.0,100.0,39.3359375,3,2169.1784160137177,5.3,114.0,147,2333.08868932724,4.0,30.38671875,14,2330.66241812706,2.7,58.96484375,33,2333.0396988391876,2.7,61.1796875,89,2330.573732614517
2026-02-13T17:04:32,idle_without_VPN,5.7,27.9,951.2599806330662,635.3057727799406,0.0,30005.457674825862,4.0,1307.93359375,53.411,48.0,1815.0,99.7,39.3359375,3,2170.3538777828217,6.6,114.015625,147,2334.2682492733,5.3,30.3515625,13,2331.84375333786,2.7,59.13671875,33,2334.2109291553497,2.6,61.1796875,89,2331.7551431655884
2026-02-13T17:04:34,idle_without_VPN,5.8,27.8,540.33350503321,56.07234486193689,0.0,27839.06964296891,4.0,1307.93359375,53.222,47.0,1815.0,98.0,39.3359375,3,2171.5335071086884,6.6,114.0234375,147,2335.4467208385468,4.0,30.38671875,14,2333.0215966701508,2.7,59.13671875,33,2335.388116836548,2.7,61.1796875,89,2332.932860136032
2026-02-13T17:04:35,idle_without_VPN,6.0,27.8,132.40338070942934,56.016814915527796,0.0,21293.17958486002,3.0,1311.93359375,53.014,47.0,1815.0,99.9,39.3359375,3,2172.706806898117,5.3,114.0390625,147,2336.622027873993,5.3,59.140625,33,2336.570723056793,2.7,4.66015625,403,1770991474.1645749,2.7,30.3515625,13,2334.1939282417297
2026-02-13T17:04:36,idle_without_VPN,5.4,27.8,641.8712102399758,46.21472713727825,0.0,12707.338306190879,3.0,1311.93359375,53.129,47.0,1815.0,98.5,38.75,3,2173.912868976593,6.7,113.953125,147,2337.79501581192,6.6,58.96484375,33,2337.745929002762,5.2,30.390625,14,2335.395817756653,2.6,26.51953125,9,2320.980224132538
2026-02-13T17:04:37,idle_without_VPN,5.3,27.8,367.26162991922405,325.9033382616538,0.0,0.0,7.0,1311.93359375,53.084,47.0,1815.0,100.1,38.75,3,2175.098976135254,6.5,114.0,147,2339.0000426769257,3.9,30.390625,14,2336.5875086784363,2.6,25.4375,12,2322.1622598171234,1.3,4.66015625,403,1770991476.5424097
2026-02-13T17:04:38,idle_without_VPN,5.2,27.8,0.0,110.91005407597079,0.0,9034.128041097258,2.0,1311.93359375,52.906,47.0,1815.0,98.8,39.33984375,3,2176.2685055732727,6.6,113.9921875,147,2340.1892926692963,4.0,58.96484375,33,2340.1341972351074,4.0,30.390625,14,2337.757556438446,2.7,23.2265625,5,2336.7019827365875
2026-02-13T17:04:40,idle_without_VPN,5.3,27.8,486.5342245297164,46.0927160080784,0.0,9614.599131759169,3.0,1311.93359375,52.909,47.0,1815.0,99.5,39.33984375,3,2177.461869239807,6.7,114.0,147,2341.3645894527435,6.6,30.3515625,14,2338.9490871429443,5.3,58.96484375,33,2341.3108370304108,4.0,105.12109375,28,2307.599859714508
2026-02-13T17:04:41,idle_without_VPN,5.9,27.8,471.9923335265857,90.89605009610926,0.0,9393.147782408943,3.0,1311.93359375,53.018,48.0,1815.0,101.0,39.33984375,3,2178.6535880565643,6.5,114.0078125,147,2342.5650708675385,5.2,30.3515625,13,2340.140748500824,3.9,4.66015625,403,1770991480.103166,2.6,58.96484375,33,2342.5106766223907
2026-02-13T17:04:42,idle_without_VPN,5.4,27.8,336.87330219094645,0.0,0.0,104097.25313763064,3.0,1311.93359375,52.957,48.0,1815.0,98.4,39.34375,3,2179.827810049057,8.0,114.02734375,147,2343.7363646030426,5.3,30.38671875,14,2341.3192682266235,4.0,61.1796875,89,2341.230310678482,2.7,58.96484375,33,2343.6836149692535
2026-02-13T17:04:43,idle_without_VPN,5.0,27.8,355.13600070005515,467.28421144744095,0.0,58724.88126408567,3.0,1311.93359375,53.021,48.0,1815.0,98.4,39.34375,3,2181.0028200149536,6.6,113.90625,147,2344.9158523082733,4.0,61.1796875,89,2342.401104450226,2.7,58.96484375,33,2344.862555742264,2.7,30.38671875,14,2342.490275144577
2026-02-13T17:04:44,idle_without_VPN,4.9,27.8,335.91192300746087,0.0,0.0,6080.345111407777,3.0,1311.93359375,53.042,48.0,1815.0,99.6,39.34375,3,2182.178960084915,5.3,113.9921875,147,2346.095127105713,5.3,30.3515625,13,2343.667917251587,2.7,61.1796875,89,2343.5792973041534,2.7,128.70703125,32,2297.884501218796
2026-02-13T17:04:45,idle_without_VPN,5.5,27.8,0.0,45.72320606110157,0.0,9971.045825472816,2.0,1311.93359375,52.953,48.0,1815.0,98.8,39.3515625,3,2183.364629507065,6.6,113.9921875,147,2347.2762100696564,4.0,58.96484375,33,2347.2211232185364,4.0,30.38671875,14,2344.850082397461,2.6,61.1796875,89,2344.760668516159
2026-02-13T17:04:47,idle_without_VPN,5.2,27.8,0.0,0.0,0.0,10449.368339997543,2.0,1311.93359375,52.964,48.0,1815.0,99.7,39.3515625,3,2184.540059328079,6.7,113.9921875,147,2348.450935125351,5.4,30.390625,13,2346.018392801285,2.7,207.37890625,79,2346.0162858963013,2.7,61.1796875,89,2345.9297635555267
2026-02-13T17:04:48,idle_without_VPN,5.6,27.8,298.14482932847113,409.9491403266478,0.0,12576.290982582783,2.0,1311.93359375,52.855,48.0,1815.0,101.1,39.3515625,3,2185.714663743973,4.0,114.0078125,147,2349.633714914322,4.0,58.96484375,33,2349.5732028484344,2.7,98.90625,30,2340.083414554596,2.6,4.66015625,403,1770991487.1738977
2026-02-13T17:04:49,idle_without_VPN,5.5,27.8,0.0,0.0,0.0,6978.118348651056,4.0,1311.93359375,53.042,49.0,1815.0,99.0,39.35546875,3,2186.898710012436,4.0,114.046875,147,2350.8051602840424,2.7,4.66015625,403,1770991488.3466747,2.7,105.21484375,28,2317.0378613471985,2.6,30.3828125,14,2348.389503955841
2026-02-13T17:04:50,idle_without_VPN,4.9,27.8,0.0,0.0,0.0,11049.835334331556,4.0,1311.93359375,53.062,48.0,1815.0,100.8,38.765625,3,2188.123010158539,6.5,114.046875,147,2352.0145165920258,5.1,30.390625,14,2349.6087987422943,5.1,269.4609375,276,2346.531039237976,2.6,23.26171875,5,2348.5554893016815
2026-02-13T17:04:51,idle_without_VPN,6.3,27.8,41.090558830283406,0.0,0.0,100563.3900588824,7.0,1311.93359375,53.034,49.0,1815.0,97.9,39.35546875,3,2189.3039326667786,6.4,113.97265625,147,2353.229237794876,4.0,30.3515625,13,2350.791328191757,2.6,4.66015625,403,1770991490.7675598,1.3,58.875,33,2353.172966003418
2026-02-13T17:04:53,idle_without_VPN,5.2,27.8,301.7274605411943,414.8752582441422,0.0,6583.144593626057,3.0,1311.93359375,53.117,49.0,1815.0,99.8,39.33203125,3,2190.4778983592987,6.7,114.00390625,147,2354.391914129257,5.3,30.390625,14,2351.9667904376984,4.0,58.96484375,33,2354.3346598148346,2.7,61.1796875,89,2351.8781926631927
2026-02-13T17:04:54,idle_without_VPN,5.1,27.8,4711.284720791797,4161.422041544913,0.0,10459.307434343196,4.0,1311.93359375,53.162,49.0,1815.0,99.3,39.33203125,3,2191.6584198474884,5.3,113.99609375,147,2355.565819978714,4.0,269.5625,276,2350.0631942749023,2.7,58.96484375,33,2355.5093665122986,2.7,30.3515625,13,2353.136799097061
2026-02-13T17:04:55,idle_without_VPN,5.6,27.8,55.6593957177759,101.19890130504709,0.0,17703.061134962903,4.0,1311.93359375,53.216,49.0,1815.0,97.4,39.33203125,3,2192.844931125641,6.6,114.0078125,147,2356.7525186538696,2.6,58.96484375,33,2356.69944024086,2.6,30.38671875,14,2354.330577850342,2.6,61.1796875,89,2354.24254488945
2026-02-13T17:04:56,idle_without_VPN,5.2,27.8,0.0,137.4460610827107,0.0,31276.614788599058,4.0,1311.93359375,53.21,49.0,1815.0,99.8,39.3359375,3,2194.019940137863,5.3,114.01171875,147,2357.9321484565735,4.0,58.96484375,33,2357.878054857254,4.0,316.53125,35,2249.7660105228424,2.7,105.20703125,28,2324.166724205017
2026-02-13T17:04:57,idle_without_VPN,5.6,27.9,0.0,0.0,0.0,3941.74731876543,4.0,1311.93359375,53.286,49.0,1815.0,98.4,39.3359375,3,2195.1946680545807,6.6,30.38671875,14,2356.683836698532,5.3,58.96484375,33,2359.053145647049,4.0,114.03515625,147,2359.0992481708527,2.7,4.66015625,403,1770991496.6421084
2026-02-13T17:04:59,idle_without_VPN,6.0,27.8,298.1663852414007,409.97877970692593,0.0,16480.469293342874,3.0,1311.93359375,53.281,49.0,1815.0,101.0,39.3359375,3,2196.369642496109,7.9,113.9375,147,2360.2850725650787,4.0,4.66015625,403,1770991497.8242097,4.0,30.390625,14,2357.857342004776,2.7,58.96484375,33,2360.2287817001343
2026-02-13T17:05:00,idle_without_VPN,6.7,27.9,0.0,0.0,0.0,94964.91909248321,3.0,1311.93359375,53.216,49.0,1815.0,99.2,39.33984375,3,2197.771710395813,23.5,49.06640625,15,2357.9541063308716,7.4,114.00390625,147,2361.550180196762,5.6,212.49609375,79,2359.250592947006,4.8,20.13671875,12,2361.7635736465454
2026-02-13T17:05:01,idle_without_VPN,8.5,27.9,7011.00097204338,3859.1369517272833,36555.077943977536,276828.5590132465,3.0,1311.93359375,53.194,50.0,1815.0,100.4,39.34375,3,2198.9701132774353,5.9,114.02734375,147,2362.871733903885,3.9,30.3984375,14,2360.4540390968323,3.9,61.1796875,89,2360.3655273914337,3.7,105.19140625,28,2329.103378534317
2026-02-13T17:05:02,idle_without_VPN,5.8,27.9,175.2880139395764,778.8740996749101,0.0,22436.865784265778,3.0,1311.93359375,53.255,50.0,1815.0,99.7,38.74609375,3,2200.177782535553,6.4,114.01953125,147,2364.0840640068054,3.9,4.6640625,403,1770991501.6230044,3.9,105.23046875,28,2330.317988872528,3.9,30.3515625,13,2361.6658520698547
2026-02-13T17:05:04,idle_without_VPN,5.6,27.9,293.1968349568703,603.8855265446903,0.0,28573.36427943318,3.0,1311.93359375,53.272,50.0,1815.0,100.7,39.34375,3,2201.3878462314606,6.5,114.02734375,147,2365.284744977951,5.2,30.3515625,13,2362.8673622608185,3.9,105.26953125,28,2331.5230758190155,3.9,58.97265625,33,2365.2355856895447
2026-02-13T17:05:05,idle_without_VPN,5.8,27.9,0.0,198.6887571889562,13507.537750140491,200502.51347864792,5.0,1311.93359375,53.303,50.0,1815.0,99.9,39.34375,3,2202.592674255371,7.7,113.9765625,147,2366.4940009117126,6.5,30.3515625,13,2364.0766825675964,3.9,105.12890625,28,2332.727457523346,2.6,61.1796875,89,2363.9886837005615
2026-02-13T17:05:06,idle_without_VPN,5.0,27.9,0.0,0.0,0.0,55475.16236606275,3.0,1311.93359375,53.298,50.0,1815.0,98.9,38.75,3,2203.793256044388,6.5,114.01171875,147,2367.69452047348,3.9,30.38671875,14,2365.280745744705,2.6,105.06640625,28,2333.9278490543365,2.6,128.72265625,32,2319.5060427188873
2026-02-13T17:05:07,idle_without_VPN,5.8,27.9,291.1312641288778,280.31781717551945,0.0,6814.135187839333,3.0,1311.93359375,53.222,50.0,1815.0,98.0,39.34765625,3,2205.036961555481,7.7,58.96484375,33,2368.859062433243,5.2,114.02734375,147,2368.8989691734314,5.2,105.203125,28,2335.1405012607574,5.1,30.3515625,13,2366.5157582759857
2026-02-13T17:05:08,idle_without_VPN,5.5,27.9,312.63310598122143,417.37313133533627,0.0,4062.643407674756,3.0,1311.93359375,53.361,50.0,1815.0,100.0,39.34765625,3,2206.28706407547,7.4,114.03515625,147,2370.158148288727,6.2,58.96484375,33,2370.111831188202,5.0,105.31640625,28,2336.399307489395,3.8,30.38671875,14,2367.7644798755646
2026-02-13T17:05:10,idle_without_VPN,5.6,27.9,0.0,42.50259452780945,0.0,113642.49274635629,3.0,1311.93359375,53.397,50.0,1815.0,99.7,39.36328125,3,2207.5250346660614,7.4,114.02734375,147,2371.42732834816,2.5,105.12109375,28,2337.6639533042908,2.5,58.96484375,33,2371.3762385845184,2.5,30.3515625,13,2369.0083389282227
2026-02-13T17:05:11,idle_without_VPN,5.5,27.9,0.0,0.0,0.0,69184.09319037758,3.0,1311.93359375,53.376,50.0,1815.0,100.2,39.359375,3,2208.7410504817963,7.8,113.9765625,147,2372.625958442688,6.4,30.3515625,13,2370.226252555847,3.9,105.12109375,28,2338.8649275302887,3.8,61.1796875,89,2370.1372690200806
2026-02-13T17:05:12,idle_without_VPN,5.9,27.9,0.0,195.42425407097105,0.0,135347.10828005776,3.0,1311.93359375,53.297,51.0,1815.0,100.0,39.359375,3,2209.9751365184784,7.6,4.6640625,403,1770991511.401277,7.6,114.0,147,2373.8593990802765,3.8,105.2109375,28,2340.0987586975098,2.5,58.96484375,33,2373.81143116951
2026-02-13T17:05:13,idle_without_VPN,5.6,27.9,290.0495816721992,398.81817479927395,0.0,8015.915711668052,3.0,1311.93359375,53.479,51.0,1815.0,99.4,39.35546875,3,2211.185552597046,6.4,114.0234375,147,2375.075549840927,3.9,30.3515625,13,2372.671820640564,3.8,105.32421875,28,2341.3190762996674,3.8,58.96484375,33,2375.0329189300537
2026-02-13T17:05:15,idle_without_VPN,5.5,27.9,63.759769311184336,44.95881169378383,0.0,14648.398282774659,3.0,1311.93359375,53.439,51.0,1815.0,100.0,39.359375,3,2212.4044890403748,6.4,105.1484375,28,2342.5292179584503,5.1,114.03125,147,2376.297026157379,5.1,61.1796875,89,2373.7969822883606,3.8,316.625,35,2268.1788227558136
2026-02-13T17:05:16,idle_without_VPN,6.2,27.9,0.0,43.66017023988452,0.0,165171.27514750982,3.0,1311.93359375,53.429,51.0,1815.0,99.4,39.35546875,3,2213.6456577777863,5.0,114.05859375,147,2377.5363585948944,5.0,105.1953125,28,2343.777778863907,5.0,30.390625,14,2375.1311960220337,3.8,4.6640625,403,1770991515.0747092
2026-02-13T17:05:17,idle_without_VPN,6.2,27.9,108.21196599906574,162.3179489985986,0.0,99476.3091075048,4.0,1311.93359375,53.387,51.0,1815.0,99.9,39.35546875,3,2214.8652942180634,7.8,105.19921875,28,2344.987112760544,3.9,58.96484375,33,2378.7015619277954,3.8,30.38671875,14,2376.354213953018,2.6,114.00390625,147,2378.755759000778
2026-02-13T17:05:18,idle_without_VPN,5.9,27.9,1189.0637598833555,1266.3611273999775,26945.533391326273,26103.485472847326,3.0,1311.93359375,53.381,51.0,1815.0,100.4,38.7578125,3,2216.063694000244,9.0,113.99609375,147,2379.9731707572937,6.4,105.10546875,28,2346.203759908676,2.6,59.13671875,33,2379.915397167206,2.6,30.3828125,14,2377.5508000850677
2026-02-13T17:05:19,idle_without_VPN,5.3,27.9,332.55581889056384,0.0,0.0,0.0,3.0,1311.93359375,53.491,51.0,1815.0,98.4,38.75390625,3,2217.270156145096,7.9,113.99609375,147,2381.1608488559723,6.5,105.23046875,28,2347.401824235916,3.9,30.3515625,13,2378.745825767517,2.6,59.13671875,33,2381.114113330841
2026-02-13T17:05:21,idle_without_VPN,6.9,27.9,0.0,0.0,0.0,12224.513438381231,3.0,1311.93359375,53.381,51.0,1815.0,100.2,39.359375,3,2218.4863193035126,10.3,105.23828125,28,2348.6139056682587,5.2,58.3984375,33,2382.3268418312073,5.1,114.01953125,147,2382.3769114017487,3.8,61.1796875,89,2379.8829119205475
2026-02-13T17:05:22,idle_without_VPN,6.4,27.9,419.77737223423736,142.6587163452291,0.0,11753.766422558647,3.0,1311.93359375,53.459,51.0,1815.0,100.4,39.359375,3,2219.700281858444,7.7,114.046875,147,2383.59352850914,6.4,105.15625,28,2349.8292882442474,6.4,30.3515625,14,2381.187087535858,5.1,58.96484375,33,2383.5420157909393
2026-02-13T17:05:23,idle_without_VPN,7.4,27.9,244.22425310230312,44.857515875933224,0.0,8506.314121658448,3.0,1311.93359375,53.494,51.0,1815.0,99.9,39.34375,3,2220.9042954444885,9.1,105.28515625,28,2351.0376682281494,7.8,113.90625,147,2384.800220012665,5.2,58.96484375,33,2384.7534351348877,5.2,61.1796875,89,2382.3024337291718
2026-02-13T17:05:24,idle_without_VPN,6.3,27.9,2678.7756889525695,445.22129152192844,0.0,8897.80543948657,3.0,1311.93359375,53.579,52.0,1815.0,98.9,39.33984375,3,2222.1208369731903,9.1,105.109375,28,2352.245148420334,6.4,114.0,147,2386.0105590820312,6.4,30.3515625,13,2383.605607032776,6.4,70.578125,22,2342.495222568512
2026-02-13T17:05:25,idle_without_VPN,6.5,27.9,3253.9864466925023,0.0,0.0,5462.429707234627,3.0,1311.93359375,53.549,52.0,1815.0,98.3,39.33984375,3,2223.328999519348,7.7,114.01953125,147,2387.226474046707,7.7,105.27734375,28,2353.4589807987213,5.2,61.1796875,89,2384.72589802742,3.9,25.4375,12,2370.39937376976
2026-02-13T17:05:27,idle_without_VPN,5.8,27.9,3445.777141156059,45.20938520123646,0.0,96797.40365995647,8.0,1311.93359375,53.742,52.0,1815.0,98.6,39.34375,3,2224.5483746528625,10.3,105.28125,28,2354.676423549652,6.4,30.3515625,13,2386.033847808838,5.1,114.0234375,147,2388.443648338318,3.9,58.96484375,33,2388.387741088867
2026-02-13T17:05:28,idle_without_VPN,6.1,27.9,64.04400058258175,45.15923118002559,0.0,19338.003868217504,3.0,1311.93359375,53.58,52.0,1815.0,98.6,39.34375,3,2225.7525131702423,10.3,105.1328125,28,2355.893238067627,7.7,114.015625,147,2389.65877366066,3.9,30.38671875,14,2387.2381386756897,3.8,4.6640625,403,1770991527.200661
2026-02-13T17:05:29,idle_without_VPN,5.7,27.9,1414.6430816861869,449.2786174422483,0.0,5558.361482705584,7.0,1311.93359375,53.617,52.0,1815.0,98.5,39.33984375,3,2226.9577343463898,9.1,105.19921875,28,2357.0938289165497,5.2,114.03515625,147,2390.8570697307587,3.9,58.96484375,33,2390.8051369190216,3.9,30.390625,14,2388.4409816265106
2026-02-13T17:05:30,idle_without_VPN,6.3,27.9,0.0,0.0,0.0,0.0,3.0,1311.93359375,53.513,52.0,1815.0,99.1,39.34375,3,2228.171915769577,11.6,105.265625,28,2358.3033108711243,7.7,113.98046875,147,2392.0701014995575,3.9,58.96484375,33,2392.0165631771088,3.8,30.38671875,14,2389.6580595970154
2026-02-13T17:05:31,idle_without_VPN,5.8,27.9,329.7823232741393,0.0,0.0,22598.416980724858,3.0,1311.93359375,54.101,52.0,1815.0,99.9,39.34375,3,2229.3609097003937,9.1,105.1328125,28,2359.5032789707184,6.6,30.3515625,13,2390.8481154441833,5.2,114.015625,147,2393.26829123497,5.2,58.92578125,33,2393.215352535248
2026-02-13T17:05:33,idle_without_VPN,6.5,27.9,1120.063065329033,0.0,0.0,72645.52101806187,3.0,1311.93359375,55.513,52.0,1815.0,100.2,39.34375,3,2230.561147928238,14.4,105.3046875,28,2360.7007954120636,6.5,114.00390625,147,2394.4659299850464,6.5,30.3515625,13,2392.0473866462708,3.9,61.1796875,89,2391.9591097831726
2026-02-13T17:05:34,idle_without_VPN,6.3,27.9,293.4033910821681,403.4296627379812,0.0,40969.78260929184,3.0,1311.93359375,54.029,52.0,1815.0,99.8,38.74609375,3,2231.766870737076,14.3,105.42578125,28,2361.9042072296143,6.5,30.3515625,13,2393.2548248767853,5.2,58.96484375,33,2395.6181440353394,3.9,114.03125,147,2395.6654813289642
2026-02-13T17:05:35,idle_without_VPN,5.7,27.9,0.0,0.0,0.0,9677.820972125586,3.0,1311.93359375,53.943,52.0,1815.0,97.2,39.34765625,3,2232.9891662597656,9.0,105.43359375,28,2363.117756128311,3.8,114.02734375,147,2396.8841791152954,2.6,58.96484375,33,2396.8313360214233,2.6,30.390625,14,2394.4757680892944
2026-02-13T17:05:36,idle_without_VPN,6.0,27.9,0.0,0.0,0.0,79853.94813920927,3.0,1311.93359375,53.996,52.0,1815.0,99.1,39.34765625,3,2234.2191972732544,14.0,105.44921875,28,2364.343519449234,5.1,113.9140625,147,2398.10271525383,5.1,30.3515625,13,2395.701228618622,3.8,58.96484375,33,2398.0582621097565
2026-02-13T17:05:38,idle_without_VPN,6.1,27.9,40.582236447444295,0.0,0.0,5817.869417105615,3.0,1311.93359375,54.066,52.0,1815.0,97.4,39.34765625,3,2235.438087940216,10.2,105.1328125,28,2365.568457365036,6.4,113.98046875,147,2399.3321335315704,3.8,30.3515625,13,2396.921329021454,2.6,58.96484375,33,2399.2820892333984
2026-02-13T17:05:39,idle_without_VPN,5.9,27.9,532.7467851324967,429.79265180934556,0.0,20080.95857579178,3.0,1311.93359375,53.916,51.0,1815.0,100.0,39.34375,3,2236.657378435135,10.2,105.2421875,28,2366.7937824726105,3.8,4.6640625,403,1770991538.0983872,3.8,114.0078125,147,2400.5571796894073,3.8,30.3515625,13,2398.1441338062286
2026-02-13T17:05:40,idle_without_VPN,5.9,27.9,437.8289640747555,172.20731054517285,0.0,16219.97913663213,4.0,1311.93359375,54.219,51.0,1815.0,99.1,39.34765625,3,2237.934885263443,17.7,105.2421875,28,2368.0314960479736,6.3,114.03515625,147,2401.7906444072723,6.1,344.9296875,95,2369.0309178829193,3.7,30.3515625,13,2399.4172189235687
2026-02-13T17:05:41,idle_without_VPN,6.2,27.8,1895.5387398800924,719.0514724007954,38499.80171181252,6416.63361863542,4.0,1311.93359375,54.057,51.0,1815.0,98.3,38.75,3,2239.2065868377686,14.7,105.1484375,28,2369.3077030181885,9.9,98.88671875,31,2393.5845165252686,6.1,114.0390625,147,2403.0661895275116,5.0,30.390625,13,2400.680111169815
2026-02-13T17:05:43,idle_without_VPN,6.7,27.9,1705.0382744248013,335.31364951582367,0.0,9717.769163326511,4.0,1311.93359375,53.971,51.0,1815.0,100.1,39.34765625,3,2240.470730781555,19.7,105.21484375,28,2370.574068546295,18.5,344.921875,95,2371.558911085129,7.4,113.984375,147,2404.3302762508392,4.9,30.38671875,14,2401.953604698181
2026-02-13T17:05:44,idle_without_VPN,6.6,27.9,711.2452092469827,555.5854833175083,0.0,12669.903435654443,7.0,1311.93359375,53.909,51.0,1815.0,100.6,39.34765625,3,2241.6815955638885,18.1,344.921875,95,2372.769285917282,16.3,105.25,28,2371.816822052002,6.2,113.984375,147,2405.581840991974,3.9,30.390625,14,2403.165385246277
2026-02-13T17:05:45,idle_without_VPN,6.6,27.9,0.0,0.0,0.0,6347.9265095173805,3.0,1311.93359375,54.088,50.0,1815.0,99.7,39.34765625,3,2242.904445171356,16.7,105.16015625,28,2373.0340518951416,14.2,344.921875,95,2373.981172323227,5.2,114.015625,147,2406.7948944568634,3.9,58.92578125,33,2406.7462594509125
2026-02-13T17:05:46,idle_without_VPN,7.5,27.9,0.0,0.0,0.0,100145.36324661915,3.0,1311.93359375,53.885,50.0,1815.0,99.7,39.34765625,3,2244.1276199817657,24.3,105.28125,28,2374.257614850998,14.0,344.921875,95,2375.212541103363,7.6,30.38671875,13,2405.614778280258,5.1,114.0390625,147,2408.0183050632477
2026-02-13T17:05:47,idle_without_VPN,6.6,27.9,1147.7547794594766,773.3798299362138,0.0,18075.08528224595,3.0,1311.93359375,54.004,50.0,1815.0,99.7,39.34765625,3,2245.334328651428,19.3,105.2734375,28,2375.4709618091583,13.0,344.921875,95,2376.4140338897705,6.4,114.0390625,147,2409.2329478263855,5.2,30.38671875,14,2406.8193233013153
2026-02-13T17:05:49,idle_without_VPN,6.2,27.9,345.8150603858088,699.0758995837523,0.0,104201.19254955357,4.0,1311.93359375,53.956,50.0,1815.0,99.4,39.34375,3,2246.560553073883,19.4,105.265625,28,2376.6814608573914,11.4,344.65234375,95,2377.6526896953583,6.5,113.97265625,147,2410.4421882629395,3.9,30.390625,14,2408.036769390106
2026-02-13T17:05:50,idle_without_VPN,7.0,27.9,0.0,192.6400202468577,0.0,27829.68856811036,3.0,1311.93359375,53.803,50.0,1815.0,99.0,39.34765625,3,2247.823823928833,22.5,105.265625,28,2377.933458328247,12.3,344.65234375,95,2378.923662662506,7.5,114.015625,147,2411.695419073105,6.2,58.96484375,33,2411.6464669704437
2026-02-13T17:05:51,idle_without_VPN,6.9,27.8,0.0,0.0,0.0,97115.08213236638,3.0,1311.93359375,53.778,50.0,1815.0,99.3,39.34765625,3,2249.066660642624,22.2,105.25390625,28,2379.199912548065,7.4,114.01171875,147,2412.9634919166565,6.3,30.3515625,13,2410.54988861084,5.1,344.6484375,95,2380.145764350891
2026-02-13T17:05:52,idle_without_VPN,7.3,27.9,41.228200719013316,198.7199274656442,0.0,27441.490398575264,3.0,1311.93359375,53.748,49.0,1815.0,100.7,39.34375,3,2250.2764115333557,20.6,105.2578125,28,2380.4152138233185,7.7,114.0078125,147,2414.176614046097,6.5,30.3515625,13,2411.759453058243,3.9,59.06640625,33,2414.129426717758
2026-02-13T17:05:54,idle_without_VPN,6.6,27.9,291.79058677696406,401.21205681832555,0.0,10610.566791889602,3.0,1311.93359375,53.749,49.0,1815.0,99.6,38.7421875,3,2251.4844007492065,27.3,105.2578125,28,2381.617010116577,8.9,344.6484375,95,2382.5802726745605,6.5,114.0390625,147,2415.3817372322083,3.9,30.390625,13,2412.964874982834
2026-02-13T17:05:55,idle_without_VPN,7.0,27.9,0.0,0.0,0.0,0.0,3.0,1311.93359375,53.77,49.0,1815.0,100.3,39.34375,3,2252.7140362262726,30.4,105.3359375,28,2382.8519127368927,3.8,113.9609375,147,2416.617032289505,3.8,30.3515625,13,2414.200385093689,2.5,59.06640625,33,2416.5692806243896
2026-02-13T17:05:56,idle_without_VPN,7.0,27.8,0.0,0.0,0.0,7136.251596738069,3.0,1311.93359375,53.8,49.0,1815.0,99.5,39.34375,3,2253.9398210048676,27.0,105.34765625,28,2384.0663182735443,19.0,344.6484375,95,2385.0328118801117,7.7,114.0078125,147,2417.831152200699,6.4,30.3515625,13,2415.420163631439
2026-02-13T17:05:57,idle_without_VPN,7.1,27.8,1079.2634322256838,237.24494225527326,0.0,10705.77854678711,3.0,1311.93359375,53.737,49.0,1815.0,99.7,39.34765625,3,2255.209146976471,27.4,105.34765625,28,2385.3205032348633,7.5,114.015625,147,2419.0812242031097,6.2,344.6484375,95,2386.2976307868958,3.7,30.3515625,13,2416.689497947693
2026-02-13T17:05:59,idle_without_VPN,7.2,27.9,1346.0747523464647,383.235400079817,0.0,12567.587334848875,3.0,1311.93359375,53.74,49.0,1815.0,88.9,38.75390625,3,2256.457132577896,48.5,344.6484375,95,2387.5542616844177,21.1,105.34765625,28,2386.578908920288,7.5,114.03515625,147,2420.3368701934814,6.3,30.390625,14,2417.939476966858
2026-02-13T17:06:00,idle_without_VPN,8.7,27.9,674.488832730357,44.058059145094575,0.0,7382.528601476211,3.0,1311.93359375,53.82,49.0,1815.0,89.2,39.35546875,3,2257.7004375457764,21.7,344.6484375,95,2388.775815010071,3.8,114.01953125,147,2421.5869846343994,3.8,30.3515625,13,2419.1835284233093,3.8,82.19921875,56,2417.753186941147
2026-02-13T17:06:01,idle_without_VPN,8.3,27.8,103.24083621430819,44.24607266327494,0.0,16780.732743405013,4.0,1311.93359375,53.726,48.0,1815.0,100.0,39.35546875,3,2258.903465986252,5.2,30.390625,13,2420.3901872634888,5.1,113.96484375,147,2422.8061521053314,3.8,4.6640625,403,1770991560.3471878,2.6,58.96484375,33,2422.7581214904785
2026-02-13T17:06:02,idle_without_VPN,7.4,27.8,260.4289030250263,99.84494684665545,0.0,106927.2817429782,3.0,1311.93359375,53.686,48.0,1815.0,97.9,39.3515625,3,2260.1155800819397,6.5,114.00390625,147,2424.0090034008026,6.4,30.390625,14,2421.6022465229034,3.9,58.96484375,33,2423.968366622925,2.6,12.24609375,10,2423.9343144893646
2026-02-13T17:06:03,idle_without_VPN,7.0,27.8,614.1139701197461,288.9948094681158,0.0,14292.106940968637,3.0,1311.93359375,53.726,48.0,1815.0,100.3,39.3515625,3,2261.3149774074554,6.4,114.03515625,147,2425.227071046829,3.9,30.390625,14,2422.801924467087,2.6,58.96484375,33,2425.1785428524017,2.6,61.140625,88,2422.7140028476715
2026-02-13T17:06:05,idle_without_VPN,7.3,27.8,0.0,110.58440615783353,0.0,345720.36407549604,4.0,1311.93359375,53.575,48.0,1815.0,99.8,39.3515625,3,2262.5047595500946,3.9,114.0390625,147,2426.4177796840668,3.9,30.3515625,13,2423.990411043167,3.9,61.140625,88,2423.9013521671295,1.3,4.6640625,403,1770991563.9595933
2026-02-13T17:06:06,idle_without_VPN,7.7,27.8,0.0,0.0,0.0,0.0,3.0,1311.93359375,53.601,48.0,1815.0,99.6,39.3515625,3,2263.6973869800568,5.3,114.02734375,147,2427.598267555237,5.2,269.94921875,276,2422.1034672260284,2.6,59.13671875,33,2427.548028230667,2.6,97.39453125,31,2418.070699453354
2026-02-13T17:06:07,idle_without_VPN,6.9,27.8,42.10513635393538,45.473547262250214,27594.02216091509,1160242.4005472267,3.0,1311.93359375,53.591,48.0,1815.0,100.7,39.3515625,3,2264.8916623592377,6.6,113.91015625,147,2428.7911784648895,6.5,30.3515625,13,2426.37961935997,2.6,4.6640625,403,1770991566.3277855,2.6,316.65234375,35,2320.643117904663
2026-02-13T17:06:08,idle_without_VPN,5.3,27.8,0.0,0.0,0.0,21704.224599636273,3.0,1311.93359375,53.495,48.0,1815.0,98.1,39.3515625,3,2266.086574316025,5.2,113.98828125,147,2429.9894840717316,3.9,184.01171875,105,2402.1484413146973,2.6,59.13671875,33,2429.939900636673,2.6,30.3515625,13,2427.5725626945496
2026-02-13T17:06:09,idle_without_VPN,5.0,27.8,294.92774265849374,405.5256461554289,0.0,8150.730342562008,3.0,1311.93359375,53.428,47.0,1815.0,100.2,38.7578125,3,2267.2900002002716,6.5,114.0078125,147,2431.1838986873627,5.2,30.3828125,14,2428.7691056728363,2.6,59.13671875,33,2431.137471437454,2.6,184.04296875,105,2403.35480928421
2026-02-13T17:06:11,idle_without_VPN,5.5,27.8,5687.996957931583,3019.604951951475,0.0,20309.198494570184,3.0,1311.93359375,53.227,47.0,1815.0,100.7,39.3515625,3,2268.4821770191193,6.4,114.00390625,147,2432.3951625823975,5.2,30.38671875,14,2429.97128534317,3.9,170.8359375,35,2397.109923839569,2.6,4.6640625,403,1770991569.9358253
2026-02-13T17:06:12,idle_without_VPN,5.9,27.8,332.54296855291517,0.0,0.0,9029.045449194302,3.0,1311.93359375,53.374,47.0,1815.0,97.9,39.3515625,3,2269.679160118103,3.9,114.04296875,147,2433.5837161540985,3.9,30.3515625,13,2431.1618762016296,2.6,59.13671875,33,2433.5297632217407,2.6,247.89453125,49,2412.592434167862
2026-02-13T17:06:13,idle_without_VPN,5.4,27.8,65.42518870782759,46.13314588372458,0.0,12024.814170710466,3.0,1311.93359375,53.108,47.0,1815.0,98.5,39.3515625,3,2270.869672060013,5.2,114.0546875,147,2434.7789735794067,5.2,30.39453125,13,2432.356156349182,2.6,4.6640625,403,1770991572.3192255,2.6,59.13671875,33,2434.725269317627
2026-02-13T17:06:14,idle_without_VPN,6.0,27.8,296.16358298967356,452.65911263762604,0.0,15508.202163822907,7.0,1311.93359375,53.169,47.0,1815.0,99.5,39.3515625,3,2272.0624203681946,7.9,30.3515625,13,2433.5473232269287,6.6,59.13671875,33,2435.9145832061768,5.3,113.96484375,147,2435.96795797348,3.9,4.6640625,403,1770991573.507265
2026-02-13T17:06:15,idle_without_VPN,5.5,27.8,0.0,0.0,0.0,15066.090053459595,3.0,1311.93359375,52.815,47.0,1815.0,100.4,39.3515625,3,2273.30672955513,6.3,30.38671875,14,2434.7904422283173,5.1,113.984375,147,2437.1892681121826,3.8,4.6640625,403,1770991574.7297966,2.5,58.96484375,33,2437.1443519592285
2026-02-13T17:06:17,idle_without_VPN,5.8,27.8,52.869277178615015,182.63932116248824,0.0,101714.08089442151,3.0,1311.93359375,52.84,47.0,1815.0,99.8,39.3515625,3,2274.5456881523132,6.3,113.99609375,147,2438.436347723007,5.1,30.3515625,13,2436.027321100235,5.0,58.96484375,33,2438.3898577690125,3.8,270.01953125,276,2432.955666780472
2026-02-13T17:06:18,idle_without_VPN,5.5,27.8,0.0,0.0,0.0,21077.893376357755,3.0,1311.93359375,52.841,48.0,1815.0,99.3,39.3515625,3,2275.7549147605896,7.7,114.01171875,147,2439.6519799232483,3.9,184.03125,105,2411.82279419899,2.6,58.96484375,33,2439.6056175231934,2.6,116.37890625,25,2329.7344493865967
2026-02-13T17:06:19,idle_without_VPN,5.6,27.8,290.82157925476224,399.8796714752981,0.0,19035.59427849353,3.0,1311.93359375,52.93,48.0,1815.0,100.4,39.34765625,3,2276.968940973282,7.7,30.3515625,13,2438.4527373313904,5.2,114.0390625,147,2440.861713886261,2.6,58.96484375,33,2440.810499191284,2.6,61.1796875,89,2438.3634943962097
2026-02-13T17:06:20,idle_without_VPN,5.6,27.8,0.0,0.0,0.0,9262.116714341755,3.0,1311.93359375,52.95,48.0,1815.0,100.2,39.35546875,3,2278.172313451767,6.4,113.95703125,147,2442.079626083374,3.9,30.38671875,13,2439.6557111740112,2.6,58.96484375,33,2442.0337958335876,2.6,61.1796875,89,2439.566874265671
2026-02-13T17:06:22,idle_without_VPN,5.4,27.8,0.0,0.0,0.0,86613.21028404805,3.0,1311.93359375,52.929,48.0,1815.0,100.2,39.33984375,2,2279.4024002552032,7.8,114.0,147,2443.2767355442047,3.9,59.13671875,33,2443.233559370041,3.8,30.3515625,13,2440.8794643878937,2.6,61.1796875,89,2440.791167497635
2026-02-13T17:06:23,idle_without_VPN,5.1,27.8,40.03831333503759,0.0,0.0,8609.838899566483,3.0,1311.93359375,52.996,48.0,1815.0,97.6,39.34375,3,2280.6188945770264,6.3,114.0078125,147,2444.5208666324615,3.8,59.13671875,33,2444.472234725952,3.8,30.3515625,13,2442.0983192920685,3.8,61.1796875,89,2442.0104439258575
2026-02-13T17:06:24,idle_without_VPN,5.6,27.8,294.2606244309693,404.6083585925828,0.0,8988.324528073244,4.0,1311.93359375,53.053,48.0,1815.0,100.8,39.34375,3,2281.812799692154,7.8,30.38671875,14,2443.294949531555,6.5,114.00390625,147,2445.716383934021,2.6,59.13671875,33,2445.662899494171,1.3,4.6640625,403,1770991583.2585254
2026-02-13T17:06:25,idle_without_VPN,5.3,27.8,0.0,52.126058995667705,0.0,9470.127879470983,4.0,1311.93359375,53.073,48.0,1815.0,100.2,39.34375,3,2282.997885942459,5.2,114.015625,147,2446.9093186855316,3.9,59.13671875,33,2446.8535811901093,2.6,30.3515625,13,2444.483421564102,2.6,61.1796875,89,2444.394332408905
2026-02-13T17:06:26,idle_without_VPN,5.5,27.8,0.0,0.0,0.0,96045.52641935187,4.0,1311.93359375,52.996,48.0,1815.0,99.7,39.34375,3,2284.188683271408,5.3,4.6640625,403,1770991585.6355293,4.0,114.0234375,147,2448.093663930893,3.9,30.390625,14,2445.6708364486694,3.9,270.0859375,276,2442.5966827869415
2026-02-13T17:06:28,idle_without_VPN,6.4,27.8,1997.9939505003754,0.0,0.0,0.0,3.0,1311.93359375,53.017,49.0,1815.0,100.5,39.34375,3,2285.3860051631927,6.5,30.38671875,14,2446.8744101524353,5.2,4.6640625,403,1770991586.8372383,5.2,113.98046875,147,2449.295212984085,3.9,59.13671875,33,2449.244934797287
2026-02-13T17:06:29,idle_without_VPN,5.2,27.8,3124.924439436999,0.0,13766.808823806343,54637.02251948143,3.0,1311.93359375,53.053,49.0,1815.0,99.8,39.34375,3,2286.5754103660583,6.6,113.99609375,147,2450.4860501289368,4.0,59.13671875,33,2450.4284222126007,3.9,30.3515625,13,2448.061271905899,1.3,4.6640625,403,1770991588.0272298
2026-02-13T17:06:30,idle_without_VPN,5.0,27.8,2112.926785800742,451.4513942656073,0.0,6014.876568951437,3.0,1311.93359375,53.151,49.0,1815.0,99.8,39.34375,3,2287.7810389995575,6.5,114.0234375,147,2451.6797802448273,5.2,30.3515625,13,2449.26123547554,2.6,4.6640625,403,1770991589.2206552,2.6,61.1796875,89,2449.172353029251
2026-02-13T17:06:31,idle_without_VPN,6.3,27.8,0.0,0.0,0.0,16130.774546766359,3.0,1311.93359375,53.178,49.0,1815.0,99.1,39.3359375,3,2288.9794442653656,6.5,30.390625,13,2450.467465162277,5.2,58.96484375,33,2452.832705259323,3.9,4.6640625,403,1770991590.4253445,3.9,114.03515625,147,2452.8833277225494
2026-02-13T17:06:32,idle_without_VPN,5.7,27.8,0.0,0.0,0.0,16326.42017709214,3.0,1311.93359375,53.061,49.0,1815.0,99.4,39.33984375,3,2290.1736743450165,6.5,113.99609375,147,2454.0794003009796,3.9,58.96484375,33,2454.0256686210632,3.9,30.3828125,14,2451.6600275039673,3.9,61.1796875,89,2451.5714299678802
2026-02-13T17:06:34,idle_without_VPN,5.7,27.8,0.0,0.0,0.0,37486.255667017635,2.0,1311.93359375,53.19,49.0,1815.0,100.1,39.33984375,3,2291.375900030136,7.8,114.01953125,147,2455.279070854187,5.2,30.3515625,13,2452.8579664230347,3.9,61.1796875,89,2452.7691700458527,1.3,4.6640625,403,1770991592.820176
2026-02-13T17:06:35,idle_without_VPN,5.5,27.8,293.44217098649295,403.4829851064278,0.0,23902.19865489979,3.0,1311.93359375,53.149,49.0,1815.0,98.1,39.33984375,3,2292.570867061615,6.5,113.9921875,147,2456.4798696041107,3.9,4.6640625,403,1770991594.0196362,3.9,61.1796875,89,2453.967568397522,2.6,30.3828125,14,2454.055659532547
2026-02-13T17:06:36,idle_without_VPN,5.2,27.8,0.0,0.0,0.0,9936.853479258038,4.0,1311.93359375,53.286,49.0,1815.0,100.0,39.33984375,3,2293.758213043213,5.3,58.96484375,33,2457.6138648986816,3.9,316.625,35,2349.516137599945,2.6,114.0078125,147,2457.6643035411835,2.6,30.3515625,13,2455.2457387447357
2026-02-13T17:06:37,idle_without_VPN,5.4,27.8,218.76218532127697,1032.858103978701,0.0,119701.32399869568,3.0,1311.93359375,53.147,49.0,1815.0,100.5,39.33984375,3,2294.9556748867035,5.2,114.00390625,147,2458.8597552776337,5.2,58.96484375,33,2458.8091435432434,5.2,30.3515625,13,2456.437836408615,2.6,39.8671875,37,2456.417238473892
2026-02-13T17:06:38,idle_without_VPN,6.1,27.8,308.62738280836817,202.11738928482808,0.0,121518.67733532966,2.0,1311.93359375,53.178,50.0,1815.0,100.1,39.33984375,3,2296.141699552536,6.5,114.0234375,147,2460.05251121521,3.9,30.38671875,14,2457.629784822464,1.3,4.6640625,403,1770991597.5933528,1.3,8.16796875,15,2461.176612138748
2026-02-13T17:06:39,idle_without_VPN,5.4,27.8,625.8265855966143,450.12660835692316,0.0,10280.958668196787,3.0,1311.93359375,53.201,50.0,1815.0,99.3,39.33984375,3,2297.3373243808746,5.2,58.96484375,33,2461.200984477997,5.2,30.3515625,13,2458.8265931606293,5.2,77.78125,65,2457.4002566337585,3.9,114.015625,147,2461.2499771118164
2026-02-13T17:06:41,idle_without_VPN,5.6,27.8,303.0275756299873,80.80735350132996,0.0,120672.31456198606,3.0,1311.93359375,53.212,50.0,1815.0,100.8,39.34375,3,2298.5309357643127,7.9,114.0234375,147,2462.4340097904205,7.9,58.96484375,33,2462.3870923519135,2.6,105.62109375,28,2428.673062801361,1.3,4.6640625,403,1770991599.976505
2026-02-13T17:06:42,idle_without_VPN,5.4,27.8,332.9680219714131,202.63962953310747,0.0,86531.32595232845,3.0,1311.93359375,53.257,50.0,1815.0,100.0,38.74609375,3,2299.7190408706665,6.6,113.98046875,147,2463.6253623962402,4.0,58.96484375,33,2463.5735292434692,3.9,30.38671875,14,2461.208174943924,2.6,61.1796875,89,2461.1191234588623
2026-02-13T17:06:43,idle_without_VPN,5.7,27.8,134.33055239679825,134.33055239679825,0.0,10189.221159579365,3.0,1311.93359375,53.162,50.0,1815.0,100.3,39.34375,3,2300.918579339981,5.2,4.6640625,403,1770991602.3712678,5.2,114.00390625,147,2464.8303775787354,5.2,30.3515625,13,2462.4061126708984,3.9,58.96484375,33,2464.7775325775146
2026-02-13T17:06:44,idle_without_VPN,5.7,27.8,5601.254842599942,1545.4618133944657,0.0,10692.924979161708,3.0,1311.93359375,53.305,50.0,1815.0,100.2,39.34375,3,2302.1358737945557,6.4,51.73046875,53,2462.5368099212646,3.9,114.01171875,147,2466.028059244156,3.9,61.1796875,89,2463.533122777939,3.8,58.92578125,33,2466.0004513263702
2026-02-13T17:06:46,idle_without_VPN,5.6,27.8,1060.6441207999403,573.143096332887,0.0,118475.92464885792,3.0,1311.93359375,53.243,50.0,1815.0,97.5,39.3515625,3,2303.3691263198853,6.4,114.03125,147,2467.249247074127,5.1,30.3828125,14,2464.8483040332794,3.9,19.234375,12,2467.4152381420135,1.3,4.6640625,403,1770991604.7838945
2026-02-13T17:06:47,idle_without_VPN,4.9,27.8,0.0,192.64545387668508,0.0,6548.3467143477355,4.0,1311.93359375,53.267,50.0,1815.0,99.9,39.3515625,3,2304.62127327919,6.3,114.046875,147,2468.495156764984,6.2,58.96484375,33,2468.457333087921,3.7,30.3515625,13,2466.1004049777985,1.2,4.6640625,403,1770991606.0342536
2026-02-13T17:06:48,idle_without_VPN,6.4,27.8,0.0,0.0,0.0,16334.22666830961,4.0,1311.93359375,53.339,51.0,1815.0,99.8,39.3515625,3,2305.873485803604,7.5,30.390625,14,2467.3571422100067,5.0,113.984375,147,2469.753765106201,3.7,105.3984375,28,2435.9952054023743,3.7,58.96484375,33,2469.709594964981
2026-02-13T17:06:49,idle_without_VPN,5.7,27.8,785.8538317960102,673.1288969072383,0.0,30094.33690287672,3.0,1311.93359375,53.415,51.0,1815.0,97.0,39.3515625,3,2307.081832408905,5.2,30.38671875,14,2468.5699541568756,5.1,113.99609375,147,2470.9890587329865,5.1,59.06640625,33,2470.9393787384033,2.6,97.37109375,31,2461.4553031921387
2026-02-13T17:06:50,idle_without_VPN,5.4,27.8,0.0,0.0,0.0,9472.725432030347,3.0,1311.93359375,53.314,51.0,1815.0,100.7,39.359375,3,2308.276883125305,7.9,114.00390625,147,2472.1809005737305,3.9,105.53125,28,2438.4145510196686,3.9,59.06640625,33,2472.1273345947266,3.9,30.3515625,13,2469.7582409381866
2026-02-13T17:06:52,idle_without_VPN,5.7,27.8,492.335994849418,218.81599771085246,0.0,112458.16124775932,3.0,1311.93359375,53.383,51.0,1815.0,99.6,39.3515625,3,2309.4847564697266,7.8,114.03515625,147,2473.385634660721,5.2,4.6640625,403,1770991610.9266176,5.2,30.3515625,13,2470.9660506248474,2.6,61.1796875,89,2470.878108024597
2026-02-13T17:06:53,idle_without_VPN,6.4,27.8,2833.539099381334,889.9535752758677,0.0,26895.021306540508,3.0,1311.93359375,53.333,51.0,1815.0,99.1,39.359375,3,2311.0142905712128,6.4,214.3671875,73,2472.4242560863495,5.9,114.05859375,147,2474.7075350284576,4.0,270.25,276,2469.4388694763184,4.0,184.03125,105,2447.1847112178802
2026-02-13T17:06:55,idle_without_VPN,8.7,27.8,2087.5007317822287,1576.382501389578,21362.65583355405,161555.0847412525,3.0,1324.12890625,53.642,51.0,1815.0,100.2,39.3359375,3,2312.3706233501434,7.1,4.6640625,403,1770991613.7729776,6.2,70.61328125,24,2432.7502250671387,5.2,105.26953125,28,2442.4787533283234,4.1,114.015625,147,2476.2313673496246
2026-02-13T17:06:56,idle_without_VPN,8.0,27.9,0.0,41.27040124372929,12521.745444023345,121695.71353410189,3.0,1324.44140625,53.615,51.0,1815.0,99.4,39.34375,3,2313.6754755973816,10.7,217.6953125,78,2475.159339427948,10.7,321.65625,35,2369.438897371292,4.8,114.00390625,147,2477.5448274612427,4.8,61.1796875,89,2475.0740642547607
2026-02-13T17:06:57,idle_without_VPN,6.6,27.8,839.1651888331445,2576.3419246020458,0.0,130422.87630325851,3.0,1319.69140625,53.615,51.0,1815.0,99.9,39.33984375,3,2314.879611968994,8.9,105.4375,28,2445.024139881134,6.5,216.9453125,78,2476.362579345703,5.0,114.01953125,147,2478.7842910289764,3.9,30.3515625,14,2476.365193605423
2026-02-13T17:06:58,idle_without_VPN,6.2,27.8,6254.601529906965,3050.779019965376,0.0,13777.277691045403,3.0,1318.12109375,53.563,51.0,1815.0,100.8,39.33984375,3,2316.058221101761,5.3,4.6640625,403,1770991617.5119312,4.0,30.38671875,14,2477.543502807617,3.9,113.9609375,147,2479.9716081619263,2.6,59.06640625,33,2479.9188511371613
2026-02-13T17:06:59,idle_without_VPN,5.3,27.8,561.8903904701874,499.6450478133104,0.0,15073.46676231401,3.0,1314.12109375,53.587,51.0,1815.0,99.5,39.33984375,3,2317.2509644031525,7.9,105.484375,28,2447.397250175476,5.3,114.0,147,2481.1611630916595,5.2,59.06640625,33,2481.1104395389557,3.9,82.19921875,56,2477.304112434387
2026-02-13T17:07:01,idle_without_VPN,5.6,27.8,0.0,0.0,13757.09114903015,48579.72812001272,3.0,1311.93359375,53.645,52.0,1815.0,100.2,39.33984375,3,2318.452535390854,7.8,30.3515625,13,2479.9341049194336,6.6,114.01171875,147,2482.352296590805,5.2,105.49609375,28,2448.596876859665,3.9,59.06640625,33,2482.309581041336
2026-02-13T17:07:02,idle_without_VPN,6.5,27.8,0.0,0.0,0.0,17705.531230050576,3.0,1311.93359375,53.558,52.0,1815.0,100.2,39.34375,3,2319.684605360031,7.7,105.5859375,28,2449.807716369629,5.1,114.02734375,147,2483.5660235881805,3.9,58.96484375,33,2483.520989894867,3.8,19.2578125,11,2483.73597240448
2026-02-13T17:07:03,idle_without_VPN,5.6,27.8,0.0,0.0,0.0,0.0,3.0,1311.93359375,53.702,52.0,1815.0,98.1,39.34765625,3,2320.927800178528,6.3,114.03515625,147,2484.810752391815,5.0,105.6015625,28,2451.0477879047394,5.0,30.3515625,13,2482.409993171692,2.5,59.06640625,33,2484.7628738880157
2026-02-13T17:07:04,idle_without_VPN,5.6,27.8,540.5439697736264,480.6633503675659,0.0,7871.873859218319,3.0,1311.93359375,53.729,52.0,1815.0,98.5,39.34375,3,2322.1649839878082,6.3,113.95703125,147,2486.0461943149567,5.0,59.06640625,33,2486.0008544921875,3.8,30.3515625,13,2483.6442971229553,2.5,105.6796875,28,2452.2838287353516
2026-02-13T17:07:05,idle_without_VPN,5.5,27.8,0.0,0.0,0.0,8660.483717168025,3.0,1311.93359375,53.611,52.0,1815.0,100.7,39.3515625,3,2323.3751559257507,6.3,114.0,147,2487.284550189972,3.9,30.3515625,13,2484.8589413166046,3.9,61.1796875,89,2484.769398212433,3.8,59.06640625,33,2487.231642484665
2026-02-13T17:07:07,idle_without_VPN,5.6,27.8,0.0,0.0,0.0,105628.11502644402,3.0,1311.93359375,53.652,52.0,1815.0,99.8,39.3515625,3,2324.549377679825,6.6,113.99609375,147,2488.4672214984894,6.6,105.69921875,28,2454.699063539505,4.0,30.38671875,14,2486.03613781929,2.7,26.52734375,9,2471.621351957321
2026-02-13T17:07:08,idle_without_VPN,5.3,27.8,42.37094416512358,0.0,0.0,5206.541619010386,3.0,1311.93359375,53.629,52.0,1815.0,98.5,39.3515625,3,2325.7385590076447,7.9,114.03125,147,2489.649776697159,5.3,105.56640625,28,2455.8821470737457,5.3,30.3515625,13,2487.223121404648,3.9,71.78125,16,2487.227319955826
2026-02-13T17:07:09,idle_without_VPN,6.0,27.8,562.4488493446249,490.0377699379816,0.0,8621.970385163113,4.0,1311.93359375,55.536,52.0,1815.0,99.0,39.3515625,3,2326.9229369163513,7.9,105.67578125,28,2457.070754289627,6.6,114.0390625,147,2490.8363490104675,3.9,59.06640625,33,2490.781430244446,3.9,30.390625,14,2488.410286426544
2026-02-13T17:07:10,idle_without_VPN,5.6,27.8,55.72353865242888,157.03906347502684,0.0,253748.10910235732,4.0,1311.93359375,54.26,52.0,1815.0,99.2,38.7578125,3,2328.1042528152466,9.2,105.46875,28,2458.253808259964,6.6,114.01171875,147,2492.018170595169,5.3,61.1796875,89,2489.4987750053406,1.3,30.3515625,13,2489.5882897377014
2026-02-13T17:07:11,idle_without_VPN,6.0,27.8,303.03803595877423,80.8101429223398,0.0,6033.824004868037,4.0,1311.93359375,54.072,52.0,1815.0,98.1,38.7578125,3,2329.299045562744,13.1,105.49609375,28,2459.4463391304016,6.6,113.91015625,147,2493.2107474803925,3.9,58.96484375,33,2493.160567998886,3.9,61.1796875,89,2490.6960566043854
2026-02-13T17:07:13,idle_without_VPN,6.0,27.8,0.0,45.47530026248058,0.0,82785.25772227575,3.0,1311.93359375,54.152,52.0,1815.0,98.5,39.34765625,3,2330.4891788959503,7.9,105.6640625,28,2460.6281723976135,6.6,61.1796875,89,2491.886216878891,5.3,58.96484375,33,2494.339763879776,5.3,30.3515625,13,2491.9747972488403
2026-02-13T17:07:14,idle_without_VPN,5.7,27.8,256.23618604361405,256.23618604361405,0.0,5610.223862849656,3.0,1311.93359375,54.232,52.0,1815.0,100.9,39.3515625,3,2331.6819772720337,7.9,105.484375,28,2461.815036058426,6.6,61.1796875,89,2493.077911376953,3.9,114.01171875,147,2495.5818037986755,3.9,58.96484375,33,2495.530054092407
2026-02-13T17:07:15,idle_without_VPN,6.5,27.8,762.054271172979,700.0850227479236,0.0,36444.617452140716,3.0,1311.93359375,53.961,52.0,1815.0,99.1,39.3515625,3,2332.864645719528,14.3,105.66796875,28,2463.0162501335144,5.2,58.96484375,33,2496.730547428131,4.0,30.38671875,14,2494.351855993271,4.0,61.1796875,89,2494.2628350257874
2026-02-13T17:07:16,idle_without_VPN,6.7,27.8,130.92243056460137,55.39025908502366,0.0,12461.129801430778,3.0,1311.93359375,54.13,51.0,1815.0,100.0,39.3515625,3,2334.052698135376,18.4,105.7109375,28,2464.2019975185394,5.2,114.03515625,147,2497.967543363571,4.0,58.96484375,33,2497.913522720337,4.0,26.52734375,9,2481.12162899971
2026-02-13T17:07:17,idle_without_VPN,5.6,27.8,0.0,0.0,0.0,18977.94302195264,3.0,1311.93359375,54.094,51.0,1815.0,100.8,39.3515625,3,2335.245632648468,6.6,105.71875,28,2465.3877024650574,3.9,30.38671875,14,2496.7307591438293,2.6,114.03515625,147,2499.1539220809937,2.6,59.13671875,33,2499.1007590293884
2026-02-13T17:07:19,idle_without_VPN,5.6,27.8,0.0,0.0,0.0,8955.218820568993,3.0,1311.93359375,54.128,51.0,1815.0,98.2,39.3515625,3,2336.4741501808167,12.9,105.56640625,28,2466.5983095169067,3.9,114.046875,147,2500.356132030487,2.5,12.06640625,4,2486.7739012241364,1.3,4.6640625,403,1770991637.8958716
2026-02-13T17:07:20,idle_without_VPN,6.1,27.8,537.1012415959169,477.6020022574471,0.0,9468.419492565146,3.0,1311.93359375,53.925,51.0,1815.0,96.3,39.3515625,3,2337.721306324005,11.3,105.703125,28,2467.8376808166504,8.8,30.3515625,13,2499.198692560196,3.8,4.6640625,403,1770991639.1391242,3.8,59.13671875,33,2501.5522899627686
2026-02-13T17:07:21,idle_without_VPN,6.1,27.8,169.8019338717824,368.4381584010373,0.0,5741.227650910077,3.0,1311.93359375,54.03,51.0,1815.0,96.3,39.3515625,3,2338.9703707695007,13.7,105.71875,28,2469.0913240909576,5.0,59.13671875,33,2502.8047919273376,5.0,30.3515625,13,2500.4546959400177,3.7,114.0078125,147,2502.850662946701
2026-02-13T17:07:22,idle_without_VPN,6.2,27.8,40.15981567272103,580.7109346275462,26319.136799274456,172308.09873274996,3.0,1311.93359375,54.005,50.0,1815.0,97.8,38.75,3,2340.1852622032166,7.6,105.73046875,28,2470.3303968906403,5.0,114.0390625,147,2504.090818166733,5.0,59.13671875,33,2504.044122695923,3.9,30.3515625,13,2501.6707196235657
2026-02-13T17:07:23,idle_without_VPN,6.1,27.8,0.0,248.57516642398176,0.0,0.0,3.0,1311.93359375,53.869,50.0,1815.0,100.0,39.34375,3,2341.3721985816956,6.6,105.75390625,28,2471.517466068268,5.3,30.3515625,13,2502.8574628829956,3.9,4.6640625,403,1770991642.821476,3.9,114.03515625,147,2505.2818858623505
2026-02-13T17:07:25,idle_without_VPN,6.2,27.8,6881.027634283103,5682.575693588351,0.0,9883.032250435153,3.0,1311.93359375,53.948,50.0,1815.0,99.9,39.34765625,3,2342.560971021652,14.5,105.77734375,28,2472.706454515457,6.6,114.05859375,147,2506.4703929424286,2.6,30.3515625,13,2504.045592546463,2.6,26.52734375,9,2489.6286413669586
2026-02-13T17:07:26,idle_without_VPN,5.4,27.8,0.0,249.32926798550676,0.0,6491.012807215905,3.0,1311.93359375,53.814,50.0,1815.0,99.9,39.34765625,3,2343.7493691444397,10.6,105.6796875,28,2473.8912262916565,5.3,113.98828125,147,2507.658551454544,5.2,30.390625,14,2505.237984895706,5.2,344.640625,95,2474.827558994293
2026-02-13T17:07:27,idle_without_VPN,5.8,27.8,342.9922374894614,35.13579018184726,0.0,136634.72235287502,3.0,1311.93359375,53.898,50.0,1815.0,99.0,38.75390625,3,2344.948989391327,11.8,106.02734375,28,2475.0819618701935,5.2,344.640625,95,2476.0342819690704,3.9,113.99609375,147,2508.8499398231506,2.6,59.13671875,33,2508.7950654029846
2026-02-13T17:07:28,idle_without_VPN,6.0,27.8,327.0118862267668,0.0,0.0,16489.326626707272,3.0,1311.93359375,53.774,50.0,1815.0,100.1,39.3515625,3,2346.182354927063,12.7,105.87890625,28,2476.3084840774536,7.7,113.984375,147,2510.0638377666473,7.6,344.640625,95,2477.2645823955536,5.1,30.390625,14,2507.6633913517
2026-02-13T17:07:30,idle_without_VPN,6.2,27.8,796.9050401695512,762.2219260731031,0.0,6194.565494435377,3.0,1311.93359375,53.868,49.0,1815.0,97.8,39.34765625,3,2347.411938905716,12.7,107.66796875,28,2477.537905216217,7.6,344.640625,95,2478.4996721744537,6.3,114.0390625,147,2511.2989869117737,3.8,59.13671875,33,2511.2517087459564
2026-02-13T17:07:31,idle_without_VPN,6.5,27.8,1456.029922425715,196.3644159510897,0.0,16686.901405304223,4.0,1311.93359375,53.874,49.0,1815.0,100.7,38.7578125,3,2348.654747724533,33.9,153.76171875,23,2403.5001628398895,14.5,344.625,94,2479.791161775589,11.5,105.9609375,28,2478.7656950950623,7.6,114.04296875,147,2512.5268483161926
2026-02-13T17:07:32,idle_without_VPN,8.8,27.8,8515.780175995455,7251.5802895254665,12652.81059250109,115061.49632555679,4.0,1311.93359375,53.816,49.0,1815.0,98.0,38.7578125,3,2349.929829120636,19.4,106.08984375,28,2480.0563113689423,19.3,344.625,94,2481.007030725479,6.0,113.99609375,147,2513.8207359313965,4.9,58.96484375,33,2513.7688851356506
2026-02-13T17:07:33,idle_without_VPN,6.8,27.8,3487.8676742579214,1171.4470177298901,0.0,67771.85006527725,4.0,1311.93359375,53.633,49.0,1815.0,100.8,39.3515625,3,2351.1231751441956,10.5,344.625,94,2482.2029366493225,10.3,106.08984375,28,2481.264302253723,7.8,113.99609375,147,2515.029857635498,5.2,61.1796875,89,2512.5209062099457
2026-02-13T17:07:34,idle_without_VPN,6.0,27.8,1601.369823081797,2316.893252894675,0.0,14106.748973300335,3.0,1311.93359375,53.655,49.0,1815.0,99.8,39.3515625,3,2352.34397649765,20.3,152.25,23,2407.140956878662,17.8,344.625,94,2483.431683063507,16.9,106.08984375,28,2482.4694888591766,7.8,114.0234375,147,2516.2317605018616
2026-02-13T17:07:36,idle_without_VPN,8.2,27.8,62888.48775181725,7974.753999520214,0.0,59873.9982562756,3.0,1311.93359375,53.634,49.0,1815.0,97.5,39.35546875,3,2353.5785388946533,21.6,105.96875,28,2483.7000918388367,17.7,344.625,94,2484.664468050003,7.6,114.015625,147,2517.461359500885,5.1,30.3515625,13,2515.0593299865723
2026-02-13T17:07:37,idle_without_VPN,6.7,27.8,87.1595338405816,1273.4976333373868,0.0,6611.212048352264,3.0,1311.93359375,53.697,48.0,1815.0,98.8,39.35546875,3,2354.827772140503,13.8,106.0546875,28,2484.9437890052795,13.8,344.640625,95,2485.9100222587585,5.0,58.96484375,33,2518.6600630283356,5.0,30.390625,14,2516.309125185013
2026-02-13T17:07:38,idle_without_VPN,6.4,27.8,40.16229985179136,0.0,0.0,154634.4933813612,3.0,1311.93359375,53.494,48.0,1815.0,98.6,39.35546875,3,2356.0644376277924,21.4,105.87890625,28,2486.186920404434,15.0,344.640625,95,2487.1586232185364,5.0,113.9921875,147,2519.947715997696,3.8,30.3515625,13,2517.5478127002716
2026-02-13T17:07:39,idle_without_VPN,7.2,27.8,1031.5563241116176,1276.400432169239,0.0,10275.424862746073,3.0,1311.93359375,53.561,48.0,1815.0,98.8,39.35546875,3,2357.2981021404266,20.1,105.9375,28,2487.4286143779755,10.2,344.640625,95,2488.382479429245,10.1,30.3515625,13,2518.780552148819,3.8,114.0078125,147,2521.1892919540405
2026-02-13T17:07:41,idle_without_VPN,6.7,27.8,1419.755537532779,540.07991629489,0.0,114379.10663641598,3.0,1311.93359375,53.537,48.0,1815.0,98.3,39.35546875,3,2358.506394147873,24.3,105.953125,28,2488.649931907654,8.9,114.0390625,147,2522.415055990219,5.2,314.48828125,35,2414.257066488266,5.1,30.3515625,13,2519.9949066638947
2026-02-13T17:07:42,idle_without_VPN,7.2,27.8,903.5239470450117,355.3749105260529,27464.445915371933,89259.44922495878,3.0,1311.93359375,53.368,48.0,1815.0,100.4,39.359375,3,2359.689223051071,29.0,105.7890625,28,2489.8362984657288,9.2,344.95703125,95,2490.7733788490295,6.6,114.01171875,147,2523.6026425361633,6.6,58.96484375,33,2523.5504751205444
2026-02-13T17:07:43,idle_without_VPN,8.2,27.8,1208.7883739722688,391.7214063081205,0.0,100711.06919949206,3.0,1311.93359375,53.45,48.0,1815.0,100.6,39.359375,3,2360.885371208191,35.4,105.703125,28,2491.029178380966,6.6,114.01953125,147,2524.7927083969116,6.6,30.3515625,13,2522.3657264709473,5.2,344.9140625,95,2491.974609851837
2026-02-13T17:07:44,idle_without_VPN,7.4,27.8,1068.1319716824776,793.8482768594364,0.0,7636.853569453618,3.0,1311.93359375,53.35,48.0,1815.0,96.8,39.359375,3,2362.1274070739746,28.2,105.73828125,28,2492.2483110427856,7.8,113.9609375,147,2526.0008175373077,6.3,344.9140625,95,2493.2208030223846,5.0,61.1796875,89,2523.5242965221405
2026-02-13T17:07:45,idle_without_VPN,7.4,27.8,0.0,0.0,0.0,36812.574962801446,3.0,1311.93359375,53.448,48.0,1815.0,98.9,39.359375,3,2363.3437099456787,34.1,105.66796875,28,2493.485076904297,27.3,344.9140625,95,2494.423365354538,6.2,114.015625,147,2527.2527825832367,5.1,30.390625,14,2524.8342247009277
2026-02-13T17:07:47,idle_without_VPN,7.0,27.8,0.0,0.0,0.0,0.0,3.0,1311.93359375,53.302,48.0,1815.0,98.6,39.359375,3,2364.531730890274,21.2,344.921875,95,2495.6042127609253,7.9,114.0,147,2528.439462661743,4.0,30.3515625,13,2526.0166811943054,4.0,61.1796875,89,2525.9308466911316
2026-02-13T17:07:48,idle_without_VPN,8.8,27.8,0.0,0.0,0.0,117644.97670711357,3.0,1311.93359375,53.143,47.0,1815.0,99.2,39.359375,3,2365.712593793869,5.3,114.0390625,147,2529.6272387504578,4.0,30.390625,14,2527.20072388649,2.6,59.04296875,33,2529.574431180954,2.6,61.1796875,89,2527.1125013828278
2026-02-13T17:07:49,idle_without_VPN,7.6,27.8,0.0,0.0,0.0,4292.531713505757,3.0,1311.93359375,53.125,47.0,1815.0,98.7,39.359375,3,2366.9003055095673,6.6,30.3515625,13,2528.3890228271484,5.2,114.0546875,147,2530.821077823639,4.0,97.37890625,31,2521.274347305298,3.9,59.04296875,33,2530.763745546341
2026-02-13T17:07:50,idle_without_VPN,7.2,27.8,1118.7407000035805,352.6648662153067,0.0,10367.334631707388,3.0,1311.93359375,53.086,47.0,1815.0,99.5,39.359375,3,2368.0932652950287,6.6,114.02734375,147,2532.006465435028,3.9,30.3515625,13,2529.5787653923035,2.6,59.04296875,33,2531.955291748047,2.6,128.890625,32,2483.8002269268036
2026-02-13T17:07:51,idle_without_VPN,6.8,27.8,0.0,0.0,0.0,8169.077478741517,3.0,1311.93359375,53.097,47.0,1815.0,100.3,39.359375,3,2369.2766013145447,6.6,113.9765625,147,2533.195387840271,4.0,30.3828125,14,2530.7645604610443,3.9,59.04296875,33,2533.1433498859406,2.6,39.37109375,16,2403.8750970363617
2026-02-13T17:07:53,idle_without_VPN,8.0,27.8,42.41091723898043,0.0,0.0,8251.468058016033,4.0,1311.93359375,52.989,47.0,1815.0,99.2,39.34765625,3,2370.458084821701,7.9,30.3515625,13,2531.945321559906,6.6,113.984375,147,2534.3749363422394,4.0,4.6640625,403,1770991671.916518,1.3,8.171875,15,2535.4963989257812
2026-02-13T17:07:54,idle_without_VPN,7.4,27.8,0.0,0.0,0.0,8217.712028151404,4.0,1311.93359375,52.853,48.0,1815.0,99.7,39.34765625,3,2371.649399995804,6.6,114.02734375,147,2535.558209657669,6.6,70.58984375,22,2492.0276210308075,4.0,59.04296875,33,2535.5054035186768,4.0,61.1796875,89,2533.043446779251
2026-02-13T17:07:55,idle_without_VPN,6.3,27.8,354.1941352131943,350.8368448320266,0.0,8164.930206999891,4.0,1311.93359375,52.961,48.0,1815.0,100.1,39.34765625,3,2372.8357005119324,6.6,114.0390625,147,2536.750541448593,5.2,30.3515625,13,2534.3229837417603,3.9,4.6640625,403,1770991674.2916157,3.9,61.1796875,89,2534.2336599826813
2026-02-13T17:07:56,idle_without_VPN,5.9,27.8,0.0,0.0,0.0,0.0,4.0,1311.93359375,52.953,48.0,1815.0,99.5,39.34765625,3,2374.0290179252625,6.6,114.05078125,147,2537.939210653305,5.2,58.96484375,33,2537.8859124183655,3.9,30.38671875,14,2535.5151948928833,3.9,61.1796875,89,2535.4259247779846
2026-02-13T17:07:57,idle_without_VPN,5.5,27.8,0.0,97.80428780403572,0.0,91517.83289139012,3.0,1311.93359375,52.789,48.0,1815.0,98.2,39.34765625,3,2375.222580909729,5.3,114.0390625,147,2539.1242468357086,5.3,30.3515625,13,2536.701025724411,4.0,61.1796875,89,2536.612626314163,2.6,4.6640625,403,1770991676.6664524
2026-02-13T17:07:59,idle_without_VPN,5.4,27.8,0.0,0.0,0.0,13602.220063902418,3.0,1311.93359375,52.973,48.0,1815.0,100.7,39.3515625,3,2376.4322831630707,7.7,30.3515625,13,2537.9176032543182,5.2,113.9765625,147,2540.3303287029266,3.9,61.1796875,89,2537.8294541835785,2.6,58.96484375,33,2540.278207063675
2026-02-13T17:08:00,idle_without_VPN,5.7,27.8,545.7903092955235,542.5024158660324,0.0,55131.39702570685,3.0,1311.93359375,53.03,48.0,1815.0,97.6,38.76171875,3,2377.6500627994537,5.1,114.0,147,2541.549232006073,5.1,58.96484375,33,2541.5014412403107,3.9,82.19921875,56,2537.702574968338,2.6,30.3515625,13,2539.1366515159607
2026-02-13T17:08:01,idle_without_VPN,5.0,27.8,0.0,0.0,0.0,27823.816096206403,3.0,1311.93359375,52.933,48.0,1815.0,99.6,39.359375,3,2378.8266735076904,6.7,30.390625,14,2540.3117468357086,3.9,114.01171875,147,2542.7445232868195,2.7,314.4375,35,2434.571891784668,1.3,4.6640625,403,1770991680.285277
2026-02-13T17:08:02,idle_without_VPN,5.7,27.8,0.0,0.0,0.0,96254.31513957746,3.0,1311.93359375,52.863,48.0,1815.0,97.7,39.359375,3,2379.99364900589,8.0,114.046875,147,2543.91384267807,5.3,30.390625,14,2541.482285261154,4.0,58.96484375,33,2543.8607099056244,4.0,61.1796875,89,2541.393539428711
2026-02-13T17:08:03,idle_without_VPN,5.4,27.8,0.0,0.0,0.0,19099.964284472575,8.0,1311.93359375,52.987,48.0,1815.0,100.7,39.359375,3,2381.1884672641754,5.3,114.02734375,147,2545.0927448272705,2.6,105.609375,28,2511.3279044628143,2.6,58.96484375,33,2545.040315389633,1.3,30.3515625,14,2542.672622203827
2026-02-13T17:08:04,idle_without_VPN,5.5,27.8,411.42489771264263,453.5790880520527,0.0,9496.49599966231,3.0,1311.93359375,53.066,48.0,1815.0,99.3,39.35546875,3,2382.368839740753,7.9,30.3515625,13,2543.852939605713,6.6,114.03515625,147,2546.279762506485,4.0,58.96484375,33,2546.2274696826935,4.0,61.1796875,89,2543.763787984848
2026-02-13T17:08:06,idle_without_VPN,5.7,27.8,0.0,0.0,0.0,72949.21093700556,7.0,1311.93359375,53.071,49.0,1815.0,98.7,38.765625,3,2383.5398626327515,8.0,113.96484375,147,2547.455768108368,5.3,30.3515625,13,2545.026752471924,4.0,4.6640625,403,1770991684.9981804,2.7,58.96484375,33,2547.4074387550354
2026-02-13T17:08:07,idle_without_VPN,5.3,27.8,0.0,0.0,0.0,16102.58696689255,3.0,1311.93359375,53.105,49.0,1815.0,100.7,39.35546875,3,2384.734301805496,5.3,113.984375,147,2548.632514476776,5.2,97.78125,31,2539.1055290699005,4.0,58.96484375,33,2548.582583665848,3.9,30.390625,13,2546.2162425518036
2026-02-13T17:08:08,idle_without_VPN,7.1,27.8,772.7261931555144,51.294458218032,0.0,8895.451850972258,3.0,1311.93359375,53.111,49.0,1815.0,100.1,39.35546875,3,2385.967373609543,6.5,113.984375,147,2549.8446497917175,5.1,30.3515625,13,2547.444827079773,3.8,58.96484375,33,2549.800975084305,3.8,61.1796875,89,2547.3559246063232
2026-02-13T17:08:09,idle_without_VPN,5.1,27.8,339.9520317074117,336.72973756800496,0.0,21860.043441735364,3.0,1311.93359375,53.201,49.0,1815.0,100.2,39.3515625,3,2387.168121099472,6.3,114.02734375,147,2551.083396911621,3.9,30.3515625,13,2548.658792257309,3.8,58.96484375,33,2551.028244972229,2.6,61.1796875,89,2548.569606781006
2026-02-13T17:08:11,idle_without_VPN,5.4,27.8,179.94878499135058,595.0193315044186,0.0,116905.59556268269,3.0,1311.93359375,53.099,49.0,1815.0,99.5,39.35546875,3,2388.376728773117,6.6,114.05859375,147,2552.2629823684692,5.2,30.390625,13,2549.8630225658417,2.6,61.1796875,89,2549.7751846313477,2.6,12.06640625,4,2538.681959629059
2026-02-13T17:08:12,idle_without_VPN,5.8,27.8,321.68832644808174,391.54993269690755,26618.896669320056,99404.94224949207,3.0,1311.93359375,52.999,49.0,1815.0,98.3,39.35546875,3,2389.6013000011444,6.3,114.05078125,147,2553.4936463832855,5.1,30.3515625,13,2551.0830867290497,5.0,58.96484375,33,2553.45197057724,3.8,61.1796875,89,2550.9939444065094
2026-02-13T17:08:13,idle_without_VPN,5.2,27.8,0.0,197.64762342377927,0.0,153682.9188739786,5.0,1311.93359375,53.227,49.0,1815.0,98.7,39.359375,3,2390.8035628795624,6.4,113.98046875,147,2554.714293718338,2.6,58.96484375,33,2554.661716222763,2.6,30.3515625,13,2552.294164419174,1.3,8.171875,15,2555.8386766910553
2026-02-13T17:08:14,idle_without_VPN,5.0,27.8,578.062496108677,230.71792607846317,0.0,9519.438532409558,3.0,1311.93359375,53.262,49.0,1815.0,98.5,39.359375,3,2391.9771807193756,5.3,113.98046875,147,2555.894590616226,4.0,30.3515625,13,2553.4642162323,4.0,314.46484375,35,2447.7360439300537,2.7,58.96484375,33,2555.8382663726807
2026-02-13T17:08:15,idle_without_VPN,5.3,27.7,149.61004461969492,410.57756563245823,0.0,0.0,4.0,1311.93359375,53.354,50.0,1815.0,100.9,39.359375,3,2393.1547894477844,8.0,114.0078125,147,2557.073138475418,5.3,30.390625,14,2554.640326023102,2.7,4.6640625,403,1770991694.6146257,2.7,12.06640625,4,2543.442018508911
2026-02-13T17:08:16,idle_without_VPN,5.6,27.8,35.90267921760381,129.07868004424228,0.0,114232.06736206745,3.0,1311.93359375,53.187,50.0,1815.0,98.9,39.359375,3,2394.323132276535,8.0,114.015625,147,2558.2463114261627,4.0,30.38671875,14,2555.8109233379364,4.0,61.1796875,89,2555.7218165397644,2.7,58.96484375,33,2558.1899180412292
2026-02-13T17:08:18,idle_without_VPN,5.7,27.8,66.60805341744349,0.0,0.0,107993.85727414838,3.0,1311.93359375,53.358,50.0,1815.0,97.8,39.359375,3,2395.4891862869263,6.7,114.0390625,147,2559.416305541992,5.4,30.3515625,13,2556.976972579956,5.3,58.96484375,33,2559.3624637126923,1.3,11.04296875,7,2559.354425430298
2026-02-13T17:08:19,idle_without_VPN,5.4,27.8,0.0,0.0,0.0,6586.296987465647,3.0,1311.93359375,53.393,50.0,1815.0,99.6,39.359375,3,2396.665939092636,5.4,114.05859375,147,2560.5799565315247,5.3,30.3515625,13,2558.150987625122,1.3,4.6640625,403,1770991698.121236,1.3,58.96484375,33,2560.5245356559753
2026-02-13T17:08:20,idle_without_VPN,5.3,27.8,489.8221029347856,712.5460905061777,0.0,10485.947736694505,3.0,1311.93359375,53.339,50.0,1815.0,100.8,39.359375,3,2397.8596374988556,9.3,113.96875,147,2561.7513556480408,3.9,30.390625,14,2559.3396916389465,2.7,58.96484375,33,2561.6999020576477,2.6,61.1796875,89,2559.252005815506
2026-02-13T17:08:21,idle_without_VPN,5.2,27.8,322.39966241043453,0.0,0.0,9587.319253902215,3.0,1311.93359375,53.242,50.0,1815.0,100.5,39.359375,3,2399.056740999222,7.6,113.98828125,147,2562.9786190986633,4.0,124.7265625,99,2455.1348967552185,3.9,61.1796875,89,2560.455824613571,2.6,58.96484375,33,2562.923206090927
2026-02-13T17:08:22,idle_without_VPN,5.2,27.8,42.78303352359557,0.0,0.0,17085.832267983125,3.0,1311.93359375,53.296,50.0,1815.0,98.2,39.34375,3,2400.234596014023,8.0,114.0,147,2564.1473290920258,5.3,30.3515625,13,2561.7161359786987,4.0,116.4765625,25,2454.2260370254517,2.7,58.96484375,33,2564.0962479114532
2026-02-13T17:08:24,idle_without_VPN,6.2,27.8,0.0,45.93246140530052,0.0,10452.186773117273,7.0,1311.93359375,53.325,50.0,1815.0,99.2,39.34375,3,2401.4150826931,5.3,58.96484375,33,2565.2691464424133,4.0,114.01953125,147,2565.3255763053894,4.0,105.48828125,28,2531.5576736927032,4.0,30.390625,14,2562.900264978409
2026-02-13T17:08:25,idle_without_VPN,5.6,27.8,346.4645511058308,446.75692116278185,0.0,108640.67378598913,2.0,1311.93359375,53.319,50.0,1815.0,100.9,39.34765625,3,2402.6385159492493,7.8,114.01953125,147,2566.5305705070496,6.4,70.58984375,22,2523.023986339569,3.9,58.96484375,33,2566.4821434020996,2.6,4.6640625,403,1770991704.0709648
2026-02-13T17:08:26,idle_without_VPN,4.9,27.8,54.07329380674346,45.061078172286216,0.0,6711.64277067943,8.0,1311.93359375,53.303,50.0,1815.0,96.9,39.3515625,3,2403.848330259323,3.9,30.390625,14,2565.3287296295166,3.9,12.0703125,4,2554.140802383423,3.8,114.0390625,147,2567.752181529999,3.8,58.96484375,33,2567.702881336212
2026-02-13T17:08:27,idle_without_VPN,5.5,27.8,0.0,44.557053824362605,0.0,10561.672017626692,3.0,1311.93359375,53.297,51.0,1815.0,99.6,39.3515625,3,2405.071485519409,3.9,113.984375,147,2568.9639146327972,3.8,30.390625,14,2566.5615067481995,2.6,97.84375,31,2559.443558692932,2.6,12.0703125,4,2555.3568229675293
2026-02-13T17:08:28,idle_without_VPN,5.5,27.8,0.0,0.0,0.0,102668.80681563518,3.0,1311.93359375,53.34,51.0,1815.0,99.2,38.765625,3,2406.2374517917633,6.5,114.01171875,147,2570.158936738968,5.4,30.3515625,13,2567.7246131896973,2.7,61.1796875,89,2567.6356155872345,2.7,128.93359375,32,2521.9421412944794
2026-02-13T17:08:30,idle_without_VPN,5.9,27.8,300.4867984004377,459.2667543733962,0.0,10489.720962342552,3.0,1311.93359375,53.314,51.0,1815.0,100.5,39.3515625,3,2407.4194774627686,6.7,113.9765625,147,2571.330171585083,4.0,30.390625,14,2568.906243801117,4.0,270.89453125,276,2565.82123875618,4.0,344.94921875,95,2538.488477706909
2026-02-13T17:08:31,idle_without_VPN,5.7,27.8,0.0,0.0,41899.59917208233,116533.26019735399,3.0,1311.93359375,53.264,51.0,1815.0,97.6,39.35546875,3,2408.5882201194763,8.0,113.99609375,147,2572.5025668144226,5.3,105.515625,28,2538.7375316619873,5.3,30.3828125,14,2570.0728001594543,1.3,59.0546875,33,2572.4492909908295
2026-02-13T17:08:32,idle_without_VPN,5.3,27.8,56.275027606518876,148.36143641718613,0.0,79453.5177649372,3.0,1311.93359375,53.34,51.0,1815.0,98.9,39.35546875,3,2409.757166624069,6.6,114.02734375,147,2573.679530143738,5.3,30.3515625,13,2571.2437212467194,2.7,4.6640625,403,1770991711.2188547,2.7,59.0546875,33,2573.623217344284
2026-02-13T17:08:33,idle_without_VPN,6.2,27.8,0.0,0.0,0.0,109181.17486874502,3.0,1311.93359375,53.367,51.0,1815.0,99.9,39.359375,3,2410.9147267341614,6.7,114.046875,147,2574.843069791794,4.0,105.4609375,28,2541.073121070862,4.0,59.0546875,33,2574.783813714981,2.7,61.1796875,89,2572.3148279190063
2026-02-13T17:08:34,idle_without_VPN,5.8,27.8,833.9986657226376,0.0,0.0,3990.722587383088,3.0,1311.93359375,53.516,51.0,1815.0,100.7,39.359375,3,2412.078274488449,6.8,114.0703125,147,2575.993724822998,6.7,30.3515625,13,2573.5635993480682,5.4,61.1796875,89,2573.4767892360687,4.0,59.0546875,33,2575.942724466324
2026-02-13T17:08:35,idle_without_VPN,5.6,27.8,2435.2379591253393,412.11719308274974,0.0,7847.2563046500445,3.0,1311.93359375,53.394,51.0,1815.0,99.4,38.75390625,2,2413.241354703903,6.7,113.9765625,147,2577.168783903122,4.0,59.0546875,33,2577.1110105514526,2.7,30.3515625,13,2574.7289016246796,2.7,127.703125,51,2532.332743167877
2026-02-13T17:08:37,idle_without_VPN,5.6,27.8,2368.1082853507864,0.0,0.0,7921.773487402123,3.0,1311.93359375,53.51,51.0,1815.0,99.1,39.34375,2,2414.407859802246,5.4,113.9765625,147,2578.330444097519,4.0,59.0546875,33,2578.2748470306396,4.0,30.390625,14,2575.89625787735,2.7,105.51953125,28,2544.563304901123
2026-02-13T17:08:38,idle_without_VPN,5.9,27.8,663.1238131328298,46.74763173521255,0.0,11524.156919613879,3.0,1311.93359375,53.349,51.0,1815.0,100.5,39.34375,2,2415.5746042728424,6.7,30.38671875,14,2577.05979180336,4.1,4.6640625,403,1770991717.0279994,4.1,114.0,147,2579.486763238907,1.4,105.51953125,28,2545.7193031311035
2026-02-13T17:08:39,idle_without_VPN,5.7,27.8,0.0,46.29968613281034,0.0,7901.813099999632,3.0,1311.93359375,53.377,52.0,1815.0,99.5,39.3359375,2,2416.7364575862885,9.4,114.01953125,147,2580.654735803604,4.0,105.51953125,28,2546.8872270584106,4.0,30.3515625,13,2578.2206239700317,2.7,4.6640625,403,1770991718.1945853
2026-02-13T17:08:40,idle_without_VPN,6.0,27.8,298.54912963656113,410.50505325027154,0.0,7816.559030484509,3.0,1311.93359375,53.44,52.0,1815.0,98.8,39.34375,2,2417.906416654587,4.0,114.0390625,147,2581.833515405655,4.0,105.53125,28,2548.062919855118,4.0,58.96484375,33,2581.7736802101135,2.7,30.3515625,13,2579.3960180282593
2026-02-13T17:08:41,idle_without_VPN,5.7,27.7,0.0,0.0,0.0,0.0,4.0,1311.93359375,53.519,52.0,1815.0,99.6,39.34375,2,2419.0671858787537,6.7,114.02734375,147,2582.995498418808,5.4,30.390625,14,2580.556943655014,4.0,105.390625,28,2549.2262036800385,4.0,61.1796875,89,2580.4675619602203
2026-02-13T17:08:42,idle_without_VPN,5.9,27.8,0.0,0.0,0.0,100006.25463172197,4.0,1311.93359375,53.624,52.0,1815.0,98.7,39.34375,2,2420.2381939888,8.1,114.04296875,147,2584.15696144104,8.0,105.52734375,28,2550.393144130707,6.7,30.38671875,14,2581.7231154441833,2.7,58.96484375,33,2584.105326652527
2026-02-13T17:08:44,idle_without_VPN,6.0,27.8,0.0,0.0,0.0,4836.618435861826,4.0,1311.93359375,53.622,52.0,1815.0,99.7,39.34375,2,2421.4137234687805,6.7,113.98046875,147,2585.3233869075775,2.7,59.0546875,33,2585.2703416347504,2.7,30.3515625,13,2582.899265766144,2.7,61.1796875,89,2582.810731649399
2026-02-13T17:08:45,idle_without_VPN,5.9,27.8,604.091132394585,446.2808084825165,0.0,8253.64962912152,4.0,1311.93359375,53.709,52.0,1815.0,99.8,39.34375,2,2422.5881881713867,5.3,114.00390625,147,2586.504667043686,5.3,59.0546875,33,2586.451008796692,5.3,30.38671875,14,2584.076746940613,4.0,105.48828125,28,2552.739022731781
2026-02-13T17:08:46,idle_without_VPN,5.4,27.8,0.0,0.0,0.0,4794.052575159993,3.0,1311.93359375,53.711,52.0,1815.0,98.1,38.75390625,2,2423.7672140598297,5.3,26.52734375,9,2570.837123632431,4.0,113.9765625,147,2587.6786484718323,4.0,30.3515625,13,2585.2537059783936,4.0,61.1796875,89,2585.16463470459
2026-02-13T17:08:47,idle_without_VPN,6.3,27.8,0.0,45.775121227291294,0.0,15190.55874801963,3.0,1311.93359375,55.461,52.0,1815.0,99.7,39.34375,2,2424.9421207904816,4.0,114.0,147,2588.86262178421,2.7,30.3515625,13,2586.4304370880127,2.6,105.50390625,28,2555.095001220703,2.6,59.0546875,33,2588.809746980667
2026-02-13T17:08:48,idle_without_VPN,5.3,27.7,336.1276882767648,0.0,0.0,38678.45075604954,8.0,1311.93359375,54.241,52.0,1815.0,99.0,39.34375,2,2426.10969042778,5.4,30.390625,14,2587.596207857132,5.3,114.0390625,147,2590.0344994068146,5.3,105.3828125,28,2556.2669999599457,2.7,4.6640625,403,1770991727.5767639
2026-02-13T17:08:49,idle_without_VPN,5.7,27.8,0.0,301.3298865192382,0.0,10957.45041888139,3.0,1311.93359375,54.03,52.0,1815.0,99.9,39.33984375,2,2427.2828409671783,6.7,114.03515625,147,2591.2023849487305,5.3,105.46484375,28,2557.4365396499634,5.3,30.390625,14,2588.769630432129,2.7,4.6640625,403,1770991728.744936
2026-02-13T17:08:51,idle_without_VPN,5.5,27.8,295.4047258513223,110.77677219424586,0.0,0.0,3.0,1311.93359375,54.024,52.0,1815.0,98.7,39.34375,2,2428.5182480812073,5.2,59.0546875,33,2592.346378326416,3.9,105.5078125,28,2558.6335978507996,2.6,113.90234375,147,2592.395733356476,2.5,30.3515625,13,2590.0022246837616
2026-02-13T17:08:52,idle_without_VPN,5.7,27.8,0.0,0.0,0.0,5051.278368524631,3.0,1311.93359375,53.977,52.0,1815.0,99.6,39.34375,2,2429.694451570511,10.3,105.52734375,28,2559.845522403717,7.7,113.98828125,147,2593.6135110855103,6.6,30.390625,14,2591.1838109493256,2.7,12.109375,5,2579.9840807914734
2026-02-13T17:08:53,idle_without_VPN,5.7,27.8,42.34414063777728,0.0,0.0,102330.5440308781,3.0,1311.93359375,54.024,52.0,1815.0,100.0,39.34375,3,2430.866238594055,9.3,105.52734375,28,2561.0222928524017,6.6,113.98828125,147,2594.7904238700867,4.0,30.390625,14,2592.3555636405945,1.3,58.96484375,33,2594.7340688705444
2026-02-13T17:08:54,idle_without_VPN,5.6,27.8,0.0,0.0,0.0,8848.234008832644,3.0,1311.93359375,53.781,51.0,1815.0,100.4,38.75390625,3,2432.0336105823517,9.4,105.40234375,28,2562.1836383342743,6.7,113.99609375,147,2595.949610710144,4.0,61.1796875,89,2593.4302995204926,2.7,30.3515625,13,2593.519588470459
2026-02-13T17:08:55,idle_without_VPN,5.7,27.8,299.5023440539739,411.81572307421413,0.0,5227.677278032999,3.0,1311.93359375,54.04,51.0,1815.0,99.4,39.34375,3,2433.2127714157104,8.0,105.55859375,28,2563.3582112789154,6.6,114.03125,147,2597.126616716385,5.3,61.1796875,89,2594.609671354294,2.7,58.96484375,33,2597.0697276592255
2026-02-13T17:08:57,idle_without_VPN,6.0,27.8,0.0,0.0,0.0,9115.247153579567,3.0,1311.93359375,53.893,51.0,1815.0,99.2,39.34375,3,2434.377871990204,8.0,114.04296875,147,2598.303337097168,8.0,105.46875,28,2564.533800125122,4.0,30.390625,14,2595.8668773174286,2.7,58.96484375,33,2598.246150970459
2026-02-13T17:08:58,idle_without_VPN,6.6,27.8,0.0,0.0,0.0,24912.585316650668,3.0,1311.93359375,53.87,51.0,1815.0,98.7,39.34375,3,2435.5813739299774,11.9,105.51171875,28,2565.7125194072723,8.0,114.04296875,147,2599.478446483612,2.6,30.3515625,14,2597.0606451034546,2.6,61.1796875,89,2596.9732904434204
2026-02-13T17:08:59,idle_without_VPN,5.4,27.8,54.16870283887425,142.80839839339575,0.0,0.0,3.0,1311.93359375,53.723,51.0,1815.0,97.2,39.34765625,3,2436.8188705444336,5.1,105.54296875,28,2566.9340150356293,5.0,30.390625,14,2598.298147916794,3.9,113.98828125,147,2600.695744037628,2.6,4.6640625,403,1770991738.235559
2026-02-13T17:09:00,idle_without_VPN,6.3,27.8,522.8937185600312,1250.2209626006977,66721.8900692177,167221.73698597684,7.0,1311.93359375,53.89,50.0,1815.0,98.8,39.34765625,3,2438.0045533180237,7.6,4.6640625,403,1770991739.4623675,5.1,113.99609375,147,2601.919908761978,5.1,105.54296875,28,2568.1519224643707,4.0,82.19921875,56,2598.0573773384094
2026-02-13T17:09:01,idle_without_VPN,5.5,27.8,565.742260510804,247.6171614995359,27504.810671243366,99275.17601651902,5.0,1311.93359375,53.867,50.0,1815.0,99.3,38.7578125,3,2439.201174020767,10.5,105.390625,28,2569.3473150730133,3.9,114.01953125,147,2603.115626335144,3.9,59.06640625,33,2603.060733795166,3.9,30.3515625,13,2600.68794298172
2026-02-13T17:09:02,idle_without_VPN,5.7,27.8,66.08157007796338,250.77108644970718,0.0,116683.10876535565,3.0,1311.93359375,53.763,50.0,1815.0,98.7,39.34765625,3,2440.372207403183,6.6,114.00390625,147,2604.295883655548,6.6,105.484375,28,2570.527594804764,4.0,61.1796875,89,2601.7704105377197,2.7,30.3515625,13,2601.859177827835
2026-02-13T17:09:04,idle_without_VPN,6.2,27.8,0.0,0.0,0.0,20230.10867799119,4.0,1311.93359375,53.819,50.0,1815.0,96.4,39.34765625,3,2441.5400404930115,12.1,105.53125,28,2571.6931438446045,8.1,114.03515625,147,2605.4578137397766,4.0,30.390625,14,2603.0279154777527,2.7,61.1796875,89,2602.939424276352
2026-02-13T17:09:05,idle_without_VPN,5.2,27.8,647.3365699943056,836.3212225289708,0.0,130035.12309063949,4.0,1311.93359375,53.685,50.0,1815.0,100.6,39.34765625,3,2442.704372882843,12.0,105.59375,28,2572.8631503582,5.3,114.0546875,147,2606.627998828888,4.0,30.3828125,14,2604.1906151771545,2.7,59.06640625,33,2606.574280500412
2026-02-13T17:09:06,idle_without_VPN,5.9,27.8,0.0,0.0,0.0,6130.696696739562,4.0,1311.93359375,53.643,50.0,1815.0,100.4,39.34765625,3,2443.871656179428,8.0,113.984375,147,2607.795576572418,6.7,105.59765625,28,2574.0261600017548,2.7,30.390625,13,2605.358514547348,1.3,4.6640625,403,1770991745.3373246
2026-02-13T17:09:07,idle_without_VPN,5.5,27.8,43.06421688664377,0.0,0.0,9701.506780223108,3.0,1311.93359375,53.626,50.0,1815.0,98.4,39.34765625,3,2445.0631136894226,12.0,105.59765625,28,2575.1941363811493,8.1,114.0,147,2608.9558415412903,2.7,59.06640625,33,2608.908024787903,2.6,30.390625,14,2606.5488092899323
2026-02-13T17:09:08,idle_without_VPN,5.9,27.8,0.0,44.32034211362081,0.0,100853.4007207727,3.0,1311.93359375,53.688,49.0,1815.0,97.2,39.34765625,3,2446.2851922512054,15.4,105.48046875,28,2576.4142677783966,6.4,113.9921875,147,2610.177962064743,5.1,58.92578125,33,2610.131062746048,3.9,98.03515625,39,2583.577649831772
2026-02-13T17:09:10,idle_without_VPN,6.3,27.8,182.18995048715513,197.78278408740715,0.0,116811.66122765637,3.0,1311.93359375,53.607,49.0,1815.0,99.2,38.7578125,3,2447.482298374176,7.7,105.49609375,28,2577.6306822299957,6.4,114.01953125,147,2611.392872095108,3.9,30.3515625,13,2608.9686098098755,2.6,58.96484375,33,2611.343334674835
2026-02-13T17:09:11,idle_without_VPN,6.4,27.8,531.7860349033537,456.42145352373825,0.0,9971.83494748709,3.0,1311.93359375,53.72,49.0,1815.0,99.9,39.34765625,3,2448.6550080776215,16.0,106.07421875,28,2578.8057963848114,5.3,114.0078125,147,2612.57519865036,5.3,30.38671875,14,2610.1451869010925,4.0,271.22265625,277,2607.0585103034973
2026-02-13T17:09:12,idle_without_VPN,6.1,27.8,0.0,0.0,0.0,10538.378997672706,3.0,1311.93359375,53.484,49.0,1815.0,98.8,39.34375,3,2449.8085992336273,13.4,106.078125,28,2579.970528125763,6.7,114.0390625,147,2613.7423894405365,4.1,30.38671875,14,2611.298491001129,4.1,77.796875,66,2609.8720190525055
2026-02-13T17:09:13,idle_without_VPN,5.8,27.8,192.3406450013685,46.78556229763017,0.0,17300.26125850147,3.0,1311.93359375,53.783,49.0,1815.0,98.8,39.34765625,3,2450.9794976711273,14.8,105.96875,28,2581.1316640377045,5.4,113.94140625,147,2614.897341489792,5.3,30.3515625,13,2612.466973543167,2.7,61.1796875,89,2612.3787508010864
2026-02-13T17:09:14,idle_without_VPN,5.7,27.7,0.0,46.27045896929255,0.0,6580.68749785494,3.0,1311.93359375,53.797,49.0,1815.0,99.0,38.76171875,3,2452.147923707962,12.0,105.47265625,28,2582.302258014679,5.3,113.98828125,147,2616.0661873817444,5.3,58.96484375,33,2616.015971183777,4.0,4.6640625,403,1770991753.6068
2026-02-13T17:09:15,idle_without_VPN,5.8,27.8,1610.563652155363,484.0212457271144,0.0,10034.919348032568,3.0,1311.93359375,53.68,48.0,1815.0,100.0,39.34765625,3,2453.3202679157257,8.0,105.5390625,28,2583.471069574356,6.7,114.00390625,147,2617.238793373108,6.6,344.64453125,95,2584.407198190689,2.7,30.38671875,14,2614.8063237667084
2026-02-13T17:09:17,idle_without_VPN,6.8,27.8,1453.9011826008075,0.0,0.0,0.0,3.0,1311.93359375,53.703,48.0,1815.0,99.3,39.34765625,3,2454.515112400055,14.3,105.63671875,28,2584.669426202774,11.9,344.64453125,95,2585.586365222931,6.5,114.00390625,147,2618.4342172145844,5.2,59.06640625,33,2618.380885362625
2026-02-13T17:09:18,idle_without_VPN,6.5,27.8,973.0746973749589,0.0,0.0,115782.1837101923,3.0,1311.93359375,53.621,48.0,1815.0,99.4,39.34765625,3,2455.6784930229187,18.7,344.64453125,95,2586.7540175914764,14.7,105.48828125,28,2585.836033821106,5.4,59.06640625,33,2619.5491483211517,5.4,30.3515625,14,2617.1668176651
2026-02-13T17:09:19,idle_without_VPN,7.2,27.8,0.0,46.43099078237097,0.0,10565.629902477305,3.0,1311.93359375,53.629,48.0,1815.0,100.4,39.34765625,3,2456.844961643219,18.7,105.609375,28,2587.0036346912384,13.4,344.91015625,95,2587.92032122612,8.1,114.0,147,2620.7655572891235,8.0,30.390625,14,2618.3347856998444
2026-02-13T17:09:20,idle_without_VPN,7.2,27.7,300.3854338207797,413.02997150357214,27963.153112043496,93501.79321839544,3.0,1311.93359375,53.537,48.0,1815.0,100.4,39.34765625,3,2458.0280380249023,20.0,105.609375,28,2588.1739819049835,15.9,344.92578125,95,2589.1025297641754,6.7,114.02734375,147,2621.936009645462,5.3,30.3515625,13,2619.5104324817657
2026-02-13T17:09:21,idle_without_VPN,6.4,27.8,0.0,0.0,0.0,59918.857096745895,3.0,1311.93359375,53.614,48.0,1815.0,99.7,39.34765625,3,2459.2036712169647,20.1,344.92578125,95,2590.2695627212524,14.5,105.30078125,28,2589.359032392502,5.3,113.9765625,147,2623.1258420944214,4.0,59.06640625,33,2623.0702493190765
2026-02-13T17:09:23,idle_without_VPN,7.0,27.8,1017.6542412381949,0.0,0.0,14497.71168630737,3.0,1311.93359375,53.489,48.0,1815.0,98.1,39.34375,3,2460.397759914398,18.0,344.92578125,95,2591.483116865158,14.7,105.37109375,28,2590.526385307312,9.4,114.01171875,147,2624.2927327156067,6.5,30.3515625,13,2621.8842108249664
2026-02-13T17:09:24,idle_without_VPN,7.3,27.8,0.0,44.411784164443226,0.0,7158.521654950257,3.0,1311.93359375,53.449,47.0,1815.0,97.9,39.34375,3,2461.611096382141,16.9,344.92578125,95,2592.6816594600677,14.0,105.484375,28,2591.7523827552795,6.4,114.00390625,147,2625.512219429016,5.2,61.1796875,89,2623.0056772232056
2026-02-13T17:09:25,idle_without_VPN,6.5,27.8,349.3056941468622,504.73837144666214,0.0,7273.580769986336,3.0,1311.93359375,53.504,47.0,1815.0,99.6,39.34765625,3,2462.8038120269775,15.8,105.49609375,28,2592.9398283958435,13.2,344.92578125,95,2593.8685014247894,5.2,114.0,147,2626.7044594287872,2.6,30.38671875,14,2624.2857377529144
2026-02-13T17:09:26,idle_without_VPN,7.0,27.8,0.0,45.231965072164876,0.0,0.0,3.0,1311.93359375,53.413,47.0,1815.0,99.6,39.34765625,3,2463.9647743701935,18.4,105.53515625,28,2594.1259887218475,6.7,344.92578125,95,2595.041154384613,5.3,58.96484375,33,2627.837568759918,5.2,114.01953125,147,2627.895612478256
2026-02-13T17:09:27,idle_without_VPN,6.7,27.7,0.0,0.0,0.0,4416.942033647585,4.0,1311.93359375,53.42,47.0,1815.0,97.5,39.34765625,3,2465.1342701911926,22.9,105.546875,28,2595.2866520881653,9.4,344.91796875,95,2596.2076003551483,6.7,114.0234375,147,2629.054900407791,6.7,30.3515625,13,2626.623209476471
2026-02-13T17:09:28,idle_without_VPN,7.7,27.8,0.0,46.37539405048269,0.0,112565.10461083087,4.0,1311.93359375,53.153,47.0,1815.0,100.1,39.34765625,3,2466.2898540496826,20.1,105.55078125,28,2596.45437169075,6.8,30.3515625,13,2627.778242588043,4.1,344.91796875,95,2597.359261751175,4.0,4.6640625,403,1770991767.76208
2026-02-13T17:09:30,idle_without_VPN,7.4,27.8,0.0,0.0,0.0,16860.14754399467,4.0,1311.93359375,53.262,47.0,1815.0,101.1,39.34765625,3,2467.4492449760437,28.5,105.56640625,28,2597.6069633960724,8.1,344.91796875,95,2598.5186488628387,4.1,30.390625,14,2628.9381041526794,4.0,97.6328125,31,2621.8195180892944
2026-02-13T17:09:31,idle_without_VPN,7.1,27.8,304.0379706900145,418.0522096987699,0.0,15036.05964139708,3.0,1311.93359375,53.092,47.0,1815.0,98.0,39.34765625,3,2468.6129264831543,22.9,105.5859375,28,2598.767200231552,12.1,344.91796875,95,2599.683817386627,6.8,114.01171875,147,2632.531697034836,4.0,4.6640625,403,1770991770.0739398
2026-02-13T17:09:32,idle_without_VPN,7.8,27.8,0.0,0.0,0.0,7909.75539097264,3.0,1311.93359375,53.099,47.0,1815.0,100.7,39.34765625,3,2469.776597738266,25.5,105.5859375,28,2599.9298825263977,8.1,344.9609375,95,2600.8427798748016,8.0,113.99609375,147,2633.696861743927,5.4,30.38671875,14,2631.2631516456604
2026-02-13T17:09:33,idle_without_VPN,8.0,27.8,0.0,0.0,0.0,25543.408145569927,7.0,1311.93359375,53.127,48.0,1815.0,99.3,39.34765625,3,2470.9411704540253,31.0,105.6484375,28,2601.0908665657043,28.2,344.9609375,95,2602.0068027973175,5.4,114.00390625,147,2634.8615987300873,5.4,314.40625,35,2526.681797027588
2026-02-13T17:09:34,idle_without_VPN,8.0,27.7,0.0,0.0,0.0,0.0,3.0,1311.93359375,53.079,48.0,1815.0,100.5,39.34765625,3,2472.091953754425,41.8,344.9609375,95,2603.165683746338,10.8,105.66796875,28,2602.251689195633,6.7,114.0078125,147,2636.0232813358307,5.4,30.3515625,13,2633.583483695984
2026-02-13T17:09:35,idle_without_VPN,7.6,27.8,304.7297058597095,419.0033455571006,0.0,8421.620961941064,3.0,1311.93359375,53.183,48.0,1815.0,97.8,39.34765625,3,2473.258751153946,16.2,344.91796875,95,2604.324153661728,12.1,105.45703125,28,2603.414571046829,8.1,114.0234375,147,2637.1798305511475,5.4,98.03515625,39,2610.5351819992065
2026-02-13T17:09:37,idle_without_VPN,9.0,27.8,0.0,0.0,0.0,7937.131946506342,3.0,1311.93359375,52.922,48.0,1815.0,100.9,39.34765625,3,2474.420557498932,5.4,124.73046875,99,2530.4961602687836,4.0,4.6640625,403,1770991775.8850257,4.0,114.03515625,147,2638.34250664711,4.0,344.91796875,95,2605.4877169132233
2026-02-13T17:09:38,idle_without_VPN,8.2,27.8,554.4239856692686,0.0,0.0,43874.046470272886,3.0,1311.93359375,53.042,48.0,1815.0,99.5,39.34765625,3,2475.5984218120575,9.4,4.6640625,403,1770991777.0504537,5.4,114.00390625,147,2639.5100100040436,5.3,30.38671875,14,2637.0873188972473,2.6,61.1796875,89,2636.998147726059
2026-02-13T17:09:39,idle_without_VPN,6.8,27.8,2731.3544812470045,0.0,0.0,101368.46736077717,3.0,1311.93359375,52.959,48.0,1815.0,95.8,39.34765625,3,2476.7725343704224,6.6,114.015625,147,2640.694164991379,4.0,30.3515625,13,2638.261897802353,2.7,23.2421875,5,2637.209005832672,2.6,58.92578125,33,2640.638165473938
2026-02-13T17:09:40,idle_without_VPN,6.9,27.7,3208.8295472490713,643.4818610793593,0.0,4832.119788798602,3.0,1311.93359375,53.101,48.0,1815.0,100.4,39.34765625,3,2477.9394941329956,4.0,58.96484375,33,2641.8073768615723,2.7,4.6640625,403,1770991779.4019868,2.7,30.3515625,13,2639.4254801273346,2.7,184.0390625,105,2613.999850988388
2026-02-13T17:09:41,idle_without_VPN,7.4,27.7,1845.3701287844883,410.2729867716211,0.0,8789.111683141005,3.0,1311.93359375,53.17,48.0,1815.0,83.8,39.34765625,3,2479.132848262787,6.7,114.0,147,2643.029382944107,6.6,30.3515625,13,2640.616977930069,3.9,61.1796875,89,2640.5286486148834,2.6,23.2578125,5,2639.566474199295
2026-02-13T17:09:42,idle_without_VPN,6.2,27.8,2100.584381218527,697.999825734056,0.0,0.0,3.0,1311.93359375,53.093,48.0,1815.0,88.4,39.34765625,3,2480.3174228668213,6.5,114.01953125,147,2644.240805387497,3.9,30.38671875,14,2641.8067741394043,2.6,58.96484375,33,2644.184304714203,1.3,4.6640625,403,1770991781.7825015
2026-02-13T17:09:44,idle_without_VPN,5.3,27.8,519.6258609480027,285.15005923097004,0.0,15391.232112707781,3.0,1311.93359375,53.169,49.0,1815.0,98.5,39.34765625,3,2481.4755358695984,6.7,114.02734375,147,2645.402188539505,4.0,30.38671875,14,2642.966995239258,4.0,61.1796875,89,2642.8783333301544,1.3,58.96484375,33,2645.3488206863403
2026-02-13T17:09:45,idle_without_VPN,5.3,27.8,67.28050865356397,47.44138430700024,0.0,8832.723187339681,3.0,1311.93359375,53.096,49.0,1815.0,98.7,39.34765625,3,2482.647506713867,6.7,30.38671875,14,2644.136101961136,5.4,113.90625,147,2646.5616641044617,4.0,61.1796875,89,2644.0476353168488,2.7,105.66015625,28,2612.797378063202
2026-02-13T17:09:46,idle_without_VPN,5.5,27.8,300.61705871154084,413.34845572836866,0.0,5247.134115692349,3.0,1311.93359375,53.21,49.0,1815.0,100.9,39.3515625,3,2483.8253502845764,8.0,113.99609375,147,2647.7393436431885,4.0,203.6640625,68,2645.309494972229,2.7,59.06640625,33,2647.6866970062256,2.7,61.1796875,89,2645.2234427928925
2026-02-13T17:09:47,idle_without_VPN,5.0,27.7,520.8310473361771,91.31453427322586,13852.753051227153,43722.7518179357,3.0,1311.93359375,53.01,49.0,1815.0,98.1,39.3515625,3,2485.019650697708,5.3,114.00390625,147,2648.921131849289,4.0,59.06640625,33,2648.8731474876404,2.6,30.390625,14,2646.502797603607,2.6,61.1796875,89,2646.4157927036285
2026-02-13T17:09:48,idle_without_VPN,6.3,27.8,0.0,0.0,0.0,93241.90890307643,3.0,1311.93359375,53.187,49.0,1815.0,100.7,39.3515625,3,2486.2451436519623,5.2,114.0,147,2650.1279237270355,5.1,30.3515625,13,2647.7294778823853,3.8,61.1796875,89,2647.6414539813995,2.5,97.5546875,31,2640.622029542923
2026-02-13T17:09:50,idle_without_VPN,5.5,27.8,172.44820701407815,766.2557122984039,26654.636072817513,90792.35412303466,5.0,1311.93359375,53.192,49.0,1815.0,98.0,39.3515625,3,2487.456550836563,5.1,114.0234375,147,2651.3536717891693,3.9,30.3515625,13,2648.9417116642,2.6,59.06640625,33,2651.303109407425,2.5,4.6640625,403,1770991788.8957303
2026-02-13T17:09:51,idle_without_VPN,5.1,27.8,294.8634210943097,607.3181258334504,0.0,9006.73722615346,5.0,1311.93359375,53.389,49.0,1815.0,98.1,39.3515625,3,2488.6502618789673,2.6,4.6640625,403,1770991790.090526,2.6,114.02734375,147,2652.5491287708282,2.6,59.06640625,33,2652.5017573833466,2.6,30.38671875,14,2650.138171672821
2026-02-13T17:09:52,idle_without_VPN,5.1,27.8,384.5858406675684,300.5097153268229,0.0,0.0,3.0,1311.93359375,53.342,49.0,1815.0,100.3,39.3515625,3,2489.849646091461,6.5,113.94140625,147,2653.7548389434814,2.6,59.06640625,33,2653.7011692523956,2.6,30.3515625,13,2651.3313059806824,2.6,97.4453125,31,2644.219613313675
2026-02-13T17:09:53,idle_without_VPN,5.1,27.7,41.93004168707701,0.0,0.0,15886.454194399736,3.0,1311.93359375,53.246,50.0,1815.0,99.2,39.34375,3,2491.0302579402924,7.9,113.9921875,147,2654.9430589675903,5.3,30.390625,14,2652.5147092342377,4.0,61.1796875,89,2652.4260761737823,4.0,12.109375,5,2641.31507062912
2026-02-13T17:09:55,idle_without_VPN,6.2,27.8,252.95990399515674,889.387687932016,0.0,51971.17619915781,3.0,1311.93359375,53.149,50.0,1815.0,99.5,39.34765625,3,2492.4437012672424,7.8,209.3359375,69,2653.917769432068,6.3,114.015625,147,2656.1928589344025,3.6,58.96484375,33,2656.187253475189,2.2,30.38671875,14,2653.9208614826202
2026-02-13T17:09:56,idle_without_VPN,9.9,27.8,3927.68993864035,1544.6114627500438,20845.893085417396,6840.058668652583,3.0,1324.12890625,53.272,50.0,1815.0,99.6,39.34765625,3,2493.887221813202,10.8,214.6640625,77,2655.363093137741,7.0,114.015625,147,2657.762491464615,5.4,30.38671875,14,2655.3697872161865,4.7,321.69921875,35,2549.6438937187195
2026-02-13T17:09:57,idle_without_VPN,6.4,27.8,0.0,0.0,13343.678400921171,139691.6332596435,3.0,1324.44140625,53.226,50.0,1815.0,99.2,38.76171875,3,2495.1468625068665,11.1,213.3203125,77,2656.6314539909363,7.6,113.9765625,147,2658.987372636795,4.9,30.3515625,13,2656.6334524154663,3.8,4.6640625,403,1770991796.5260792
2026-02-13T17:09:58,idle_without_VPN,6.9,27.8,707.4998166633101,2244.646279324179,0.0,95433.15912660254,3.0,1318.93359375,53.279,50.0,1815.0,100.7,39.34765625,3,2496.326611995697,5.0,114.015625,147,2660.246809720993,4.0,212.4140625,79,2657.813764810562,4.0,12.109375,5,2646.613417863846,3.9,58.97265625,33,2660.1947605609894
2026-02-13T17:10:00,idle_without_VPN,5.3,27.8,6539.200372110573,3712.567273460612,0.0,9604.583777735492,3.0,1318.24609375,53.381,50.0,1815.0,99.6,39.34765625,3,2497.502528190613,5.3,114.01171875,147,2661.4184787273407,5.3,30.390625,13,2658.9908962249756,5.3,82.19921875,56,2657.55596780777,4.0,4.6640625,403,1770991798.9590368
2026-02-13T17:10:01,idle_without_VPN,5.6,27.8,299.95225777615246,412.4343544422096,0.0,44065.71350602385,3.0,1318.12109375,53.174,50.0,1815.0,98.4,39.3515625,3,2498.6621146202087,5.4,30.3515625,13,2660.151419878006,4.0,114.0390625,147,2662.589954853058,2.7,4.6640625,403,1770991800.131572,2.7,59.06640625,33,2662.5325577259064
2026-02-13T17:10:02,idle_without_VPN,5.2,27.8,0.0,0.0,0.0,13169.494667770521,3.0,1311.93359375,53.379,50.0,1815.0,99.1,39.35546875,3,2499.829348087311,5.3,114.03125,147,2663.758378505707,2.7,59.06640625,33,2663.700634241104,2.7,30.3515625,13,2661.317040681839,2.7,247.8359375,47,2642.7349343299866
2026-02-13T17:10:03,idle_without_VPN,5.3,27.8,0.0,0.0,0.0,10184.396646118672,3.0,1311.93359375,53.358,50.0,1815.0,98.9,39.35546875,3,2500.9827258586884,6.8,4.6640625,403,1770991802.4549425,4.1,114.02734375,147,2664.9142904281616,4.1,30.3515625,13,2662.470002889633,4.0,59.06640625,33,2664.85981798172
2026-02-13T17:10:04,idle_without_VPN,5.6,27.8,0.0,0.0,0.0,0.0,3.0,1311.93359375,53.529,51.0,1815.0,100.3,38.76953125,3,2502.1516926288605,5.4,113.9609375,147,2666.075401544571,5.3,30.390625,14,2663.642874479294,2.7,344.63671875,95,2633.2223341464996,1.3,4.6640625,403,1770991803.6170905
2026-02-13T17:10:05,idle_without_VPN,6.4,27.8,301.3608246749297,414.3711339280283,0.0,24547.208991703363,3.0,1311.93359375,53.463,51.0,1815.0,97.9,39.35546875,3,2503.3481080532074,6.7,113.9921875,147,2667.2459139823914,5.3,30.3515625,13,2664.830016374588,3.9,271.56640625,276,2661.7551736831665,2.7,105.4375,28,2633.478741645813
2026-02-13T17:10:07,idle_without_VPN,5.5,27.8,0.0,0.0,0.0,9709.426388846297,3.0,1311.93359375,53.333,51.0,1815.0,100.4,38.76953125,3,2504.5307779312134,6.5,113.99609375,147,2668.4539613723755,3.9,59.06640625,33,2668.3979682922363,3.9,30.38671875,14,2666.0187377929688,2.6,4.6640625,403,1770991805.9964623
2026-02-13T17:10:08,idle_without_VPN,4.9,27.8,43.0770343128797,46.52319705791007,0.0,6616.632470458321,3.0,1311.93359375,53.417,51.0,1815.0,97.5,39.35546875,3,2505.700771331787,5.4,114.0234375,147,2669.617116689682,5.4,116.578125,25,2559.690017223358,4.0,30.3515625,13,2667.186750650406,1.3,59.06640625,33,2669.5622198581696
2026-02-13T17:10:09,idle_without_VPN,6.2,27.8,0.0,0.0,28070.758594743922,203951.60541493632,3.0,1311.93359375,53.347,51.0,1815.0,99.4,39.35546875,3,2506.8634362220764,8.0,114.05078125,147,2670.783900976181,5.4,30.3515625,13,2668.350798368454,5.4,129.02734375,32,2622.5658514499664,1.3,4.6640625,403,1770991808.325691
2026-02-13T17:10:10,idle_without_VPN,5.8,27.8,0.0,300.08034717080227,0.0,271490.8740948931,3.0,1311.93359375,53.406,51.0,1815.0,99.9,39.35546875,3,2508.036569595337,5.3,114.05078125,147,2671.9554240703583,4.0,58.96484375,33,2671.9027070999146,2.7,30.390625,14,2669.526824951172,2.7,61.1796875,89,2669.437647819519
2026-02-13T17:10:11,idle_without_VPN,4.9,27.8,717.6603768535797,457.46597481898806,0.0,10883.94884327704,4.0,1311.93359375,53.426,51.0,1815.0,99.4,39.35546875,3,2509.2155673503876,9.3,271.625,277,2667.6202058792114,5.3,113.8984375,147,2673.13183426857,5.3,30.3515625,13,2670.6999781131744,2.7,4.6640625,403,1770991810.673035
2026-02-13T17:10:13,idle_without_VPN,6.3,27.8,0.0,0.0,0.0,0.0,4.0,1311.93359375,53.464,51.0,1815.0,98.9,39.35546875,3,2510.38547873497,6.6,113.96484375,147,2674.3108484745026,5.3,59.13671875,33,2674.258491754532,5.3,30.3515625,13,2671.8708267211914,2.7,4.6640625,403,1770991811.8525631
2026-02-13T17:10:14,idle_without_VPN,5.8,27.8,0.0,53.17060497861189,0.0,91329.9475451976,3.0,1311.93359375,53.601,51.0,1815.0,97.7,39.35546875,3,2511.584347009659,6.7,113.98828125,147,2675.4761152267456,5.2,271.62890625,277,2669.9895231723785,2.7,59.13671875,33,2675.4283990859985,2.6,30.3515625,13,2673.0687766075134
2026-02-13T17:10:15,idle_without_VPN,5.0,27.8,5366.046103708202,5142.8369677227865,0.0,3361.266988956843,3.0,1311.93359375,53.579,51.0,1815.0,98.9,39.35546875,3,2512.8012976646423,5.1,30.38671875,14,2674.2831585407257,3.8,105.5234375,28,2642.9326770305634,2.6,114.01171875,147,2676.694149017334,2.6,23.20703125,5,2673.2334163188934
2026-02-13T17:10:16,idle_without_VPN,5.6,27.8,547.8335668607232,487.1454172384275,0.0,10497.409664397092,3.0,1311.93359375,53.545,52.0,1815.0,98.0,39.35546875,3,2514.015048980713,6.4,114.046875,147,2677.914911031723,3.9,30.38671875,13,2675.4999623298645,2.6,59.13671875,33,2677.8683733940125,2.6,184.0390625,105,2650.0749142169952
2026-02-13T17:10:17,idle_without_VPN,4.9,27.8,300.0169763634341,35.001980575733974,0.0,14507.487568151833,3.0,1311.93359375,53.501,52.0,1815.0,98.7,38.76953125,3,2515.200631380081,3.9,114.03125,147,2679.1159801483154,2.6,30.390625,14,2676.688246011734,2.6,97.73046875,31,2669.5763359069824,1.3,59.13671875,33,2679.0674860477448
2026-02-13T17:10:18,idle_without_VPN,5.4,27.8,0.0,0.0,0.0,3891.6802545785354,3.0,1311.93359375,53.713,52.0,1815.0,99.7,39.359375,3,2516.3757638931274,5.3,30.38671875,14,2677.86239695549,4.0,59.13671875,33,2680.2443673610687,2.7,61.1796875,89,2677.7754662036896,2.6,114.03125,147,2680.2990202903748
2026-02-13T17:10:20,idle_without_VPN,5.5,27.8,56.973540478363255,103.58825541520592,0.0,15027.202918899206,3.0,1311.93359375,53.535,52.0,1815.0,99.6,39.359375,3,2517.536525249481,8.1,113.98828125,147,2681.4554591178894,5.4,30.3515625,13,2679.025866985321,2.7,59.13671875,33,2681.4028029441833,2.7,61.1796875,89,2678.936853170395
2026-02-13T17:10:21,idle_without_VPN,5.4,27.8,1175.0815656514976,505.0640014449997,0.0,7400.803145752992,3.0,1311.93359375,53.68,52.0,1815.0,99.1,39.359375,3,2518.734056711197,5.3,113.9921875,147,2682.633311033249,2.6,58.96484375,33,2682.5838277339935,2.6,30.38671875,14,2680.2206728458405,1.3,4.6640625,403,1770991820.1740892
2026-02-13T17:10:22,idle_without_VPN,5.3,27.8,328.2673945052404,0.0,0.0,0.0,3.0,1311.93359375,53.692,52.0,1815.0,100.2,39.359375,3,2519.919499397278,7.8,114.00390625,147,2683.839446544647,2.6,105.52734375,28,2650.075806617737,2.6,58.96484375,33,2683.7892339229584,2.6,30.3515625,13,2681.4024822711945
2026-02-13T17:10:23,idle_without_VPN,5.6,27.8,42.81039574188897,0.0,0.0,7452.433690748031,3.0,1311.93359375,53.835,52.0,1815.0,97.8,39.34375,3,2521.0859649181366,6.7,114.01953125,147,2685.00683259964,6.7,61.14453125,88,2682.4850153923035,5.3,30.390625,14,2682.571488380432,2.7,116.47265625,25,2575.0800018310547
2026-02-13T17:10:24,idle_without_VPN,5.8,27.8,338.5686615164185,0.0,0.0,105934.3723144705,3.0,1311.93359375,54.502,52.0,1815.0,99.3,39.34375,3,2522.2663757801056,5.3,114.03515625,147,2686.1795485019684,4.0,105.48828125,28,2652.410319328308,4.0,58.96484375,33,2686.123405456543,4.0,318.73828125,35,2578.012685060501
2026-02-13T17:10:26,idle_without_VPN,5.6,27.8,634.8181597774592,505.4718323161002,0.0,126350.93882541171,3.0,1311.93359375,53.96,52.0,1815.0,96.8,39.34765625,3,2523.4455695152283,8.0,30.3515625,13,2684.9309294223785,6.7,114.05859375,147,2687.3501188755035,2.7,4.6640625,403,1770991824.892037,2.6,247.91015625,49,2666.3567855358124
2026-02-13T17:10:27,idle_without_VPN,6.5,27.8,0.0,0.0,0.0,68993.9668465151,3.0,1311.93359375,54.138,52.0,1815.0,100.9,39.3515625,3,2524.6220042705536,6.6,113.9375,147,2688.5350801944733,5.3,30.38671875,14,2686.1070923805237,3.9,105.53125,28,2654.769444465637,2.7,61.14453125,88,2686.0183277130127
2026-02-13T17:10:28,idle_without_VPN,5.5,27.8,0.0,52.27152173580943,0.0,22878.064739079433,3.0,1311.93359375,54.03,52.0,1815.0,99.0,39.35546875,3,2525.8050458431244,5.3,4.6640625,403,1770991827.258233,5.3,113.9765625,147,2689.7175574302673,5.3,58.96484375,33,2689.66468501091,4.0,77.78125,65,2685.8662464618683
2026-02-13T17:10:29,idle_without_VPN,6.0,27.8,0.0,0.0,0.0,95535.7085454557,3.0,1311.93359375,53.972,52.0,1815.0,100.9,39.35546875,3,2526.966265439987,5.4,58.96484375,33,2690.8301904201508,5.4,30.3515625,13,2688.4538428783417,4.0,113.98828125,147,2690.8867194652557,4.0,105.6875,28,2657.117743730545
2026-02-13T17:10:30,idle_without_VPN,5.6,27.8,842.9544187257552,749.9564109918409,0.0,13978.709712958273,3.0,1311.93359375,53.865,52.0,1815.0,100.4,39.35546875,3,2528.1339569091797,5.3,30.390625,14,2689.624043941498,4.0,114.01171875,147,2692.056491136551,4.0,105.69921875,28,2658.291980981827,4.0,61.14453125,88,2689.5354013442993
2026-02-13T17:10:31,idle_without_VPN,8.4,27.8,0.0,112.74788030620932,0.0,15306.378902176297,3.0,1311.93359375,53.981,51.0,1815.0,98.8,38.76953125,3,2529.303819656372,10.7,105.703125,28,2659.4579844474792,8.0,114.046875,147,2693.2280826568604,6.7,30.38671875,13,2690.7952370643616,5.3,271.72265625,276,2687.712230682373
2026-02-13T17:10:33,idle_without_VPN,5.4,27.8,0.0,0.0,0.0,8192.723748146696,7.0,1311.93359375,53.85,51.0,1815.0,101.1,39.3515625,3,2530.4944186210632,6.6,114.04296875,147,2694.418559074402,5.3,30.38671875,14,2691.982059955597,3.9,59.06640625,33,2694.3611767292023,3.9,61.14453125,88,2691.893036842346
2026-02-13T17:10:34,idle_without_VPN,5.6,27.8,339.64809234484045,0.0,0.0,15369.93387580692,4.0,1311.93359375,53.946,51.0,1815.0,99.8,38.76953125,3,2531.668541908264,13.4,105.41015625,28,2661.817732334137,5.4,114.04296875,147,2695.582559108734,4.0,61.14453125,88,2693.0633878707886,2.7,59.06640625,33,2695.5316953659058
2026-02-13T17:10:35,idle_without_VPN,5.7,27.8,0.0,0.0,0.0,5226.252368461507,4.0,1311.93359375,53.892,51.0,1815.0,97.6,39.35546875,3,2532.836733818054,8.0,113.96875,147,2696.7572116851807,4.0,58.92578125,33,2696.702002286911,4.0,30.3515625,13,2694.322163581848,2.7,105.47265625,28,2662.990366458893
2026-02-13T17:10:36,idle_without_VPN,5.5,27.8,573.2854548356339,509.7777846891714,0.0,11863.919352766172,4.0,1311.93359375,53.89,51.0,1815.0,100.7,39.35546875,3,2534.0001974105835,6.7,113.984375,147,2697.922205209732,4.0,105.55859375,28,2664.153522014618,2.7,58.96484375,33,2697.864686489105,2.7,30.3515625,13,2695.4877741336823
2026-02-13T17:10:37,idle_without_VPN,5.7,27.8,317.8332465263948,0.0,0.0,8333.91326740908,3.0,1311.93359375,53.847,50.0,1815.0,99.5,39.3515625,3,2535.2112967967987,5.2,30.3515625,13,2696.692965745926,4.0,4.6640625,403,1770991836.6305566,4.0,114.00390625,147,2699.090194940567,2.7,105.55859375,28,2665.330292224884
2026-02-13T17:10:39,idle_without_VPN,6.5,27.9,623.3552073048851,766.4960326860069,82350.60990528537,230502.9033234064,3.0,1311.93359375,53.787,50.0,1815.0,100.5,39.34375,3,2536.4998836517334,7.2,114.03125,147,2700.3928740024567,6.1,207.87109375,79,2697.9713463783264,3.7,30.3515625,13,2697.9742963314056,2.6,184.0390625,105,2672.5537717342377
2026-02-13T17:10:40,idle_without_VPN,5.1,27.9,0.0,202.5026602298147,0.0,134226.49359232993,3.0,1311.93359375,53.963,50.0,1815.0,100.1,39.3515625,3,2537.6857895851135,7.8,30.390625,14,2699.169059753418,3.9,114.03515625,147,2701.585022687912,3.9,58.96484375,33,2701.5318450927734,2.6,105.59765625,28,2667.819401025772
2026-02-13T17:10:41,idle_without_VPN,6.4,27.8,348.8249018318878,605.0192675313843,0.0,8545.375585546724,3.0,1311.93359375,53.843,50.0,1815.0,98.3,39.3515625,3,2538.8777899742126,7.8,114.03515625,147,2702.780914068222,6.5,105.6640625,28,2669.014587163925,5.3,30.3515625,13,2700.3552684783936,5.2,58.96484375,33,2702.7265021800995
2026-02-13T17:10:42,idle_without_VPN,5.8,27.8,2023.716971440271,0.0,0.0,63922.124730245094,3.0,1311.93359375,53.895,50.0,1815.0,99.0,39.34765625,3,2540.0614523887634,5.3,105.4609375,28,2670.196921825409,4.0,4.6640625,402,1770991841.5036905,4.0,113.99609375,147,2703.964011669159,4.0,30.38671875,14,2701.5398557186127
2026-02-13T17:10:43,idle_without_VPN,5.3,27.9,2325.7142665731944,236.66923316800217,0.0,216230.37783716834,3.0,1311.93359375,53.683,50.0,1815.0,99.6,39.3515625,3,2541.254723072052,7.8,105.5703125,28,2671.3919820785522,6.5,30.38671875,14,2702.7327196598053,3.9,20.3046875,9,2706.0634276866913,2.6,271.796875,276,2699.666067838669
2026-02-13T17:10:45,idle_without_VPN,6.8,27.9,1614.891251039094,81.4160350056092,0.0,84659.24695676049,3.0,1311.93359375,53.588,49.0,1815.0,98.8,39.3515625,3,2542.4403834342957,5.3,30.3515625,13,2703.919603586197,5.2,105.60546875,28,2672.5852568149567,3.9,59.13671875,33,2706.2971889972687,2.7,121.78125,48,2695.3741204738617
2026-02-13T17:10:46,idle_without_VPN,6.4,27.9,300.07961526915284,412.6094709950852,0.0,5674.232725089436,3.0,1311.93359375,53.567,49.0,1815.0,98.8,39.359375,3,2543.6271047592163,6.7,105.63671875,28,2673.7556898593903,5.3,114.0078125,147,2707.52254986763,5.3,59.13671875,33,2707.4683799743652,4.0,4.6640625,402,1770991845.0646865
2026-02-13T17:10:47,idle_without_VPN,5.4,27.8,55.28944223234886,190.99989134811426,0.0,12867.361101346643,3.0,1311.93359375,53.651,49.0,1815.0,98.3,39.359375,3,2544.8349647521973,5.2,114.04296875,147,2708.716771841049,5.2,105.52734375,28,2674.954221010208,3.9,30.3515625,13,2706.3102390766144,2.6,59.13671875,33,2708.66921043396
2026-02-13T17:10:48,idle_without_VPN,5.9,27.8,0.0,197.067935915267,0.0,8792.01015336494,3.0,1311.93359375,53.572,49.0,1815.0,99.8,38.76953125,3,2546.040477991104,6.5,30.3515625,13,2707.5180130004883,5.1,4.6640625,402,1770991847.4814806,3.8,114.0625,147,2709.9414427280426,2.6,105.6171875,28,2676.1789960861206
2026-02-13T17:10:49,idle_without_VPN,6.7,27.8,352.7044319313046,35.27044319313046,0.0,120389.77943255198,3.0,1311.93359375,53.535,49.0,1815.0,97.5,39.33984375,2,2547.2426941394806,7.9,105.69140625,28,2677.369671344757,7.8,58.96484375,33,2711.0859372615814,6.5,113.9765625,147,2711.134126186371,5.2,30.3515625,13,2708.7209646701813
2026-02-13T17:10:51,idle_without_VPN,6.2,27.8,291.2314666761351,400.44326667968573,0.0,28381.830206983344,8.0,1311.93359375,53.636,49.0,1815.0,100.1,39.34375,2,2548.4445230960846,13.0,106.73828125,28,2678.5684888362885,6.5,113.9921875,147,2712.3384597301483,6.5,58.96484375,33,2712.2816026210785,3.9,30.38671875,14,2709.9265851974487
2026-02-13T17:10:52,idle_without_VPN,7.4,27.8,0.0,0.0,0.0,11994.202952714793,3.0,1311.93359375,53.54,49.0,1815.0,99.0,39.33984375,2,2549.6437056064606,6.5,114.00390625,147,2713.5335121154785,6.5,106.8359375,28,2679.7733750343323,5.2,30.38671875,14,2711.1226007938385,2.6,58.3984375,33,2713.4913136959076
2026-02-13T17:10:53,idle_without_VPN,6.1,27.8,96.25897648858972,109.53607669391245,0.0,29740.704459922898,8.0,1311.93359375,53.501,48.0,1815.0,99.3,39.33984375,3,2550.8403096199036,13.0,106.890625,28,2680.979031085968,6.4,114.03125,147,2714.74579000473,3.9,30.3515625,13,2712.319657802582,3.9,105.34765625,18,2671.5664439201355
2026-02-13T17:10:54,idle_without_VPN,6.7,27.8,165.02681392996152,210.034126819951,13655.552118325704,76385.74466188441,3.0,1311.93359375,53.501,48.0,1815.0,100.1,39.33984375,3,2552.073079109192,13.0,105.65625,28,2682.1781437397003,6.5,114.0234375,147,2715.94184756279,6.2,70.60546875,22,2672.4672644138336,5.2,58.96484375,33,2715.895946264267
2026-02-13T17:10:55,idle_without_VPN,6.4,27.9,0.0,0.0,0.0,262564.32720355294,3.0,1311.93359375,53.535,48.0,1815.0,99.0,39.34375,3,2553.335844039917,11.1,105.80859375,28,2683.4454312324524,5.0,113.96484375,147,2717.203326702118,3.8,184.0390625,105,2689.402442932129,3.7,97.52734375,31,2707.7085633277893
2026-02-13T17:10:57,idle_without_VPN,6.1,27.8,285.5844380327646,442.98040672127684,0.0,12877.261933113747,4.0,1311.93359375,53.401,48.0,1815.0,100.4,39.34765625,3,2554.5334906578064,10.2,105.82421875,28,2684.668713569641,6.3,114.0,147,2718.435344696045,5.2,30.3515625,13,2716.014168739319,3.9,61.171875,89,2715.925312280655
2026-02-13T17:10:58,idle_without_VPN,5.4,27.8,0.0,45.346868308485156,0.0,18488.086160733503,3.0,1311.93359375,53.522,48.0,1815.0,99.3,39.34765625,3,2555.7298295497894,7.9,105.82421875,28,2685.863033056259,7.9,30.390625,14,2717.208179950714,5.2,114.015625,147,2719.62611579895,2.6,170.875,36,2684.3503470420837
2026-02-13T17:10:59,idle_without_VPN,6.6,27.8,0.0,0.0,0.0,192090.38782572548,4.0,1311.93359375,53.428,48.0,1815.0,98.2,39.34765625,3,2556.923672437668,15.7,105.84375,28,2687.060774564743,5.2,114.02734375,147,2720.8263754844666,5.2,30.3515625,13,2718.405679702759,3.9,59.13671875,33,2720.7776193618774
2026-02-13T17:11:00,idle_without_VPN,6.5,27.8,332.91783368864463,0.0,0.0,10330.541263550671,3.0,1311.93359375,53.425,48.0,1815.0,99.9,38.75390625,3,2558.128328561783,13.1,105.6640625,28,2688.250252723694,7.9,114.015625,147,2722.0171060562134,3.9,59.13671875,33,2721.9681544303894,3.9,30.3515625,13,2719.6035470962524
2026-02-13T17:11:01,idle_without_VPN,5.9,27.9,289.65693429940904,398.27828466168745,0.0,19380.682149487733,3.0,1311.93359375,53.398,48.0,1815.0,100.0,39.34765625,3,2559.3462607860565,10.3,105.828125,28,2689.4692142009735,6.4,114.015625,147,2723.2348301410675,2.6,4.6640625,402,1770991860.774858,2.6,58.96484375,33,2723.1846697330475
2026-02-13T17:11:03,idle_without_VPN,6.3,27.8,0.0,0.0,0.0,17569.907749441216,3.0,1311.93359375,53.288,47.0,1815.0,99.3,39.34765625,3,2560.5728669166565,15.4,105.83203125,28,2690.690108060837,7.7,113.99609375,147,2724.455905675888,2.6,58.96484375,33,2724.402997970581,2.5,30.3515625,13,2722.0468893051147
2026-02-13T17:11:04,idle_without_VPN,6.0,27.8,0.0,0.0,0.0,9944.430690900082,3.0,1311.93359375,53.361,47.0,1815.0,99.4,39.34765625,3,2561.8311812877655,10.1,105.83203125,28,2691.9328858852386,7.6,114.00390625,147,2725.692980527878,5.0,30.38671875,14,2723.3002490997314,2.5,61.171875,89,2723.2129135131836
2026-02-13T17:11:05,idle_without_VPN,6.1,27.8,0.0,0.0,0.0,91950.52408986486,3.0,1311.93359375,53.37,47.0,1815.0,99.0,39.34765625,3,2563.077777147293,11.2,105.86328125,28,2693.1924378871918,7.5,344.91796875,95,2694.169341802597,6.2,114.03125,147,2726.9520494937897,6.2,30.3515625,14,2724.5542907714844
2026-02-13T17:11:06,idle_without_VPN,6.5,27.8,281.50829159506907,387.07390094321994,0.0,9827.198542955137,3.0,1311.93359375,53.241,47.0,1815.0,100.2,39.34765625,3,2564.294595718384,16.8,344.91796875,95,2695.3772406578064,16.4,105.671875,28,2694.4327743053436,6.3,114.02734375,147,2728.1982226371765,5.1,30.390625,14,2725.777000427246
2026-02-13T17:11:08,idle_without_VPN,6.7,27.8,0.0,0.0,0.0,6880.5938278040185,7.0,1311.93359375,53.048,47.0,1815.0,99.5,39.34765625,3,2565.4878962039948,18.3,105.81640625,28,2695.625755548477,13.1,344.91796875,95,2696.56809592247,5.3,114.015625,147,2729.388317346573,3.9,30.3515625,13,2726.965354204178
2026-02-13T17:11:09,idle_without_VPN,6.8,27.8,41.724819195606976,0.0,0.0,10681.553714075386,3.0,1311.93359375,53.086,47.0,1815.0,98.9,39.35546875,3,2566.6887781620026,24.7,344.91796875,95,2697.767950773239,18.3,105.53125,28,2696.82129073143,9.1,30.390625,14,2728.162942171097,5.2,113.96484375,147,2730.5853865146637
2026-02-13T17:11:10,idle_without_VPN,8.1,27.8,443.72317564405193,331.97067214851296,53851.55933149739,27346.494973026016,7.0,1311.93359375,53.051,48.0,1815.0,99.0,39.35546875,3,2567.903809785843,16.7,344.91796875,95,2698.9904701709747,14.2,105.53125,28,2698.035349369049,7.7,114.00390625,147,2731.8015444278717,6.4,58.96484375,33,2731.752743959427
2026-02-13T17:11:11,idle_without_VPN,6.4,27.8,5214.353477357185,3070.887388483446,40883.059837144734,107743.89727914185,3.0,1311.93359375,53.029,48.0,1815.0,98.8,39.35546875,3,2569.137238264084,20.1,344.91796875,95,2700.2317519187927,14.2,105.54296875,28,2699.2485592365265,7.8,114.015625,147,2733.009344816208,3.8,30.3515625,13,2730.610164165497
2026-02-13T17:11:13,idle_without_VPN,7.3,27.8,0.0,0.0,189674.5718654603,0.0,3.0,1311.93359375,53.035,48.0,1815.0,97.8,38.76171875,3,2570.384221792221,20.0,105.44140625,28,2700.499460220337,17.5,344.91796875,95,2701.4846019744873,6.3,114.02734375,147,2734.256955385208,5.0,30.38671875,14,2731.8582978248596
2026-02-13T17:11:14,idle_without_VPN,7.2,27.8,52.775579537209076,139.13561877991484,0.0,7369.3900153775585,3.0,1311.93359375,53.014,48.0,1815.0,98.7,39.35546875,3,2571.634247303009,21.3,105.53125,28,2701.7484781742096,11.4,344.921875,95,2702.7217779159546,7.5,114.03125,147,2735.509300470352,6.2,30.3515625,13,2733.1092443466187
2026-02-13T17:11:15,idle_without_VPN,7.3,27.8,1645.5708245190037,1477.043630279736,0.0,70107.31280353537,3.0,1311.93359375,53.076,48.0,1815.0,98.0,39.35546875,3,2572.862319946289,16.5,105.69140625,28,2702.981411218643,11.3,344.921875,95,2703.9691801071167,5.1,4.6640625,402,1770991874.2840683,5.1,113.96875,147,2736.7464253902435
2026-02-13T17:11:17,idle_without_VPN,8.4,27.9,261.2796708898528,574.518367240756,0.0,197242.39882448525,3.0,1311.93359375,53.077,48.0,1815.0,99.7,39.36328125,3,2574.3360567092896,26.4,105.734375,28,2704.3440039157867,8.1,4.6640625,402,1770991875.6333096,7.4,214.4765625,79,2735.8039767742157,7.4,30.3515625,13,2735.8130671977997
2026-02-13T17:11:18,idle_without_VPN,10.5,27.9,6755.708257198661,3566.125631499873,23324.31231396963,120630.42774881166,3.0,1311.93359375,53.099,48.0,1815.0,96.3,38.765625,3,2575.649978876114,27.5,105.73046875,28,2705.7652480602264,10.7,28.421875,11,2.7400331497192383,6.6,114.0078125,147,2739.5101935863495,6.0,344.921875,95,2706.7569081783295
2026-02-13T17:11:19,idle_without_VPN,7.5,27.9,4162.325363731464,1775.99678301994,0.0,185381.98162474978,3.0,1311.93359375,53.192,49.0,1815.0,100.8,39.3671875,3,2576.9049887657166,28.2,105.39453125,28,2707.037921190262,6.0,114.04296875,147,2740.804311990738,4.9,30.3515625,14,2738.3863093852997,3.7,59.13671875,33,2740.7523171901703
2026-02-13T17:11:20,idle_without_VPN,7.2,27.9,296.5235359200216,34.59441252400252,0.0,150976.60566665634,4.0,1311.93359375,53.116,49.0,1815.0,98.0,38.76953125,3,2578.1649117469788,23.1,105.48046875,28,2708.257378101349,9.8,344.921875,95,2709.274007797241,6.4,113.99609375,147,2742.016811132431,6.3,30.3515625,13,2739.628531217575
2026-02-13T17:11:22,idle_without_VPN,7.4,27.9,273.6612920326556,376.28427654490145,0.0,201414.7109360345,4.0,1311.93359375,53.155,49.0,1815.0,101.1,39.3671875,3,2579.4472827911377,25.5,105.5234375,28,2709.5453588962555,9.7,30.3515625,13,2740.9200088977814,7.3,344.921875,95,2710.563543319702,6.1,114.015625,147,2743.3057096004486
2026-02-13T17:11:23,idle_without_VPN,7.5,27.9,0.0,0.0,0.0,4015.129624702649,4.0,1311.93359375,53.162,49.0,1815.0,99.1,39.35546875,3,2580.6927564144135,29.5,105.53125,28,2710.8185176849365,25.5,344.921875,95,2711.7896008491516,7.3,114.0078125,147,2744.582562685013,3.8,61.171875,89,2742.0814225673676
2026-02-13T17:11:24,idle_without_VPN,7.3,27.9,213.27609678541262,1016.724598797635,0.0,33342.70581805535,4.0,1311.93359375,53.047,49.0,1815.0,100.2,39.35546875,3,2581.924843788147,32.7,344.6484375,95,2713.0303494930267,7.6,114.015625,147,2745.808357000351,6.4,30.390625,13,2743.3985686302185,5.1,58.96484375,33,2745.760692358017
2026-02-13T17:11:25,idle_without_VPN,9.9,27.9,0.0,193.86143692174446,0.0,17709.765125598035,3.0,1311.93359375,53.15,49.0,1815.0,98.9,39.35546875,3,2583.1566603183746,7.6,344.6484375,95,2714.25767827034,6.3,113.97265625,147,2747.04944562912,3.8,105.58984375,28,2713.2878334522247,3.8,30.3515625,13,2744.6341433525085
2026-02-13T17:11:27,idle_without_VPN,7.6,27.9,286.7602715646823,394.29537340143816,0.0,14598.704734202009,3.0,1311.93359375,53.152,49.0,1815.0,99.8,38.7578125,3,2584.393256187439,5.1,114.015625,147,2748.2841079235077,5.1,12.06640625,4,2734.6985297203064,3.8,58.96484375,33,2748.2320079803467,3.8,30.390625,14,2745.8696603775024
2026-02-13T17:11:28,idle_without_VPN,8.0,27.9,0.0,195.99977042197372,0.0,95771.50607838848,3.0,1311.93359375,53.305,49.0,1815.0,97.5,39.35546875,3,2585.610511302948,3.9,98.0390625,39,2722.913554430008,3.8,114.01953125,147,2749.5081882476807,3.8,58.96484375,33,2749.4584136009216,2.6,30.390625,14,2747.0872864723206
2026-02-13T17:11:29,idle_without_VPN,7.5,27.9,98.93163621239276,79.96973927168415,0.0,8442.166290124182,3.0,1311.93359375,53.068,49.0,1815.0,99.7,38.7578125,3,2586.832836151123,5.1,58.96484375,33,2750.672066926956,3.9,114.03125,147,2750.719885110855,2.6,4.6640625,402,1770991888.261473,2.6,30.390625,14,2748.3091135025024
2026-02-13T17:11:30,idle_without_VPN,7.3,27.9,0.0,88.06393072227672,0.0,126916.43230611969,3.0,1311.93359375,53.175,50.0,1815.0,94.4,39.35546875,3,2588.0744366645813,6.3,30.3515625,13,2749.550301551819,5.1,58.96484375,33,2751.903622865677,3.8,114.0234375,147,2751.946805000305,2.5,61.171875,89,2749.4617264270782
2026-02-13T17:11:31,idle_without_VPN,6.5,27.9,281.24927525298995,429.86394910826306,0.0,11454.515937576318,3.0,1311.93359375,53.018,50.0,1815.0,99.4,39.359375,3,2589.315578699112,6.2,113.953125,147,2753.1980237960815,5.0,30.3515625,13,2750.792235851288,2.5,61.171875,89,2750.7037193775177,2.5,77.78125,65,2749.3781266212463
2026-02-13T17:11:33,idle_without_VPN,6.3,27.9,0.0,194.51423535241284,0.0,8264.837219953142,7.0,1311.93359375,53.188,50.0,1815.0,99.7,39.35546875,3,2590.554274559021,6.3,114.0078125,147,2754.4399235248566,3.8,30.390625,14,2752.028594493866,2.5,59.13671875,33,2754.392736196518,2.5,61.171875,89,2751.9416263103485
2026-02-13T17:11:34,idle_without_VPN,5.2,27.9,0.0,43.62092703640476,0.0,4963.0921428087195,3.0,1311.93359375,53.063,50.0,1815.0,100.2,39.359375,3,2591.785583972931,6.3,114.0078125,147,2755.6771187782288,5.1,61.171875,89,2753.179132938385,3.8,30.3515625,13,2753.267260789871,2.5,12.06640625,4,2742.092241048813
2026-02-13T17:11:35,idle_without_VPN,5.7,27.9,0.0,0.0,0.0,12092.654544437773,3.0,1311.93359375,53.176,50.0,1815.0,100.3,39.36328125,3,2593.0479004383087,5.1,114.0390625,147,2756.9026386737823,3.8,30.38671875,14,2754.5191099643707,2.5,59.13671875,33,2756.867562532425,2.5,61.171875,89,2754.431576728821
2026-02-13T17:11:36,idle_without_VPN,5.4,27.9,275.83876792098624,379.27830589135607,0.0,8425.620547404671,3.0,1311.93359375,53.153,50.0,1815.0,99.0,38.765625,3,2594.2796080112457,7.3,114.0703125,147,2758.17960357666,3.7,4.6640625,402,1770991895.7208273,2.5,30.3515625,13,2755.760499238968,2.5,61.171875,89,2755.6725313663483
2026-02-13T17:11:38,idle_without_VPN,5.3,27.9,0.0,0.0,0.0,8869.967054747276,3.0,1311.93359375,53.212,50.0,1815.0,99.4,39.36328125,3,2595.489862203598,6.5,113.94140625,147,2759.3900003433228,3.9,58.96484375,33,2759.3368742465973,3.9,30.390625,14,2756.966326236725,3.9,61.171875,89,2756.879110813141
2026-02-13T17:11:39,idle_without_VPN,5.4,27.8,41.35028368339848,0.0,0.0,8891.96500327801,3.0,1311.93359375,53.27,50.0,1815.0,99.2,39.359375,3,2596.70311832428,5.2,113.98046875,147,2760.5998315811157,3.9,30.390625,14,2758.179475545883,3.9,272.171875,275,2755.108257293701,2.6,58.96484375,33,2760.549037694931
2026-02-13T17:11:40,idle_without_VPN,5.7,27.8,443.38851594388905,174.39399884991556,0.0,207640.73402688812,3.0,1311.93359375,53.126,51.0,1815.0,99.7,39.36328125,3,2597.925346136093,5.1,4.6640625,402,1770991899.3575373,5.1,114.0078125,147,2761.8163647651672,2.6,58.96484375,33,2761.7692923545837,2.6,39.07421875,15,2632.535448551178
2026-02-13T17:11:41,idle_without_VPN,5.6,27.8,1226.1805956513795,842.5893397925255,13428.972512802275,112887.30018574411,3.0,1311.93359375,53.352,51.0,1815.0,99.5,39.359375,3,2599.134774208069,6.5,30.38671875,14,2760.6111969947815,6.4,114.046875,147,2763.0344235897064,3.8,4.6640625,402,1770991900.576958,2.6,61.171875,89,2760.5224084854126
2026-02-13T17:11:43,idle_without_VPN,5.7,27.8,1780.4422151473805,744.8788859290062,0.0,0.0,4.0,1311.93359375,53.324,51.0,1815.0,97.6,39.36328125,3,2600.367399454117,7.7,114.0546875,147,2764.2513732910156,5.0,30.3515625,13,2761.8486433029175,2.6,58.96484375,33,2764.2049548625946,2.5,61.171875,89,2761.7594242095947
2026-02-13T17:11:44,idle_without_VPN,5.6,27.8,438.8265327474367,216.56374343379994,0.0,35848.626882996534,4.0,1311.93359375,53.434,51.0,1815.0,100.8,39.36328125,3,2601.6071438789368,6.4,114.04296875,147,2765.477107524872,5.1,58.96484375,33,2765.424642801285,5.1,30.3515625,13,2763.0704007148743,3.8,61.171875,89,2762.982150554657
2026-02-13T17:11:45,idle_without_VPN,5.6,27.8,6116.852563514823,1278.4004634256285,0.0,414391.61957052565,4.0,1311.93359375,53.349,51.0,1815.0,99.8,39.36328125,3,2602.827718257904,6.3,113.984375,147,2766.721010684967,5.0,19.203125,10,2766.88312625885,3.8,61.171875,89,2764.2176134586334,2.5,4.6640625,402,1770991904.260664
2026-02-13T17:11:46,idle_without_VPN,5.4,27.8,2072.0978172702357,88.94537530412778,0.0,93610.06609785536,3.0,1311.93359375,53.462,51.0,1815.0,99.6,39.36328125,3,2604.0354285240173,6.5,30.38671875,14,2765.514339208603,5.2,114.00390625,147,2767.931576728821,2.6,105.4921875,28,2734.1681492328644,2.6,59.13671875,33,2767.880980491638
2026-02-13T17:11:47,idle_without_VPN,5.7,27.8,2762.5459910966483,797.0624498901805,0.0,17285.05676456061,3.0,1311.93359375,53.362,51.0,1815.0,99.8,39.359375,3,2605.256890296936,6.4,114.0078125,147,2769.1488707065582,6.4,30.3515625,13,2766.7294206619263,2.6,105.37890625,28,2735.386383295059,2.6,59.13671875,33,2769.0990829467773
2026-02-13T17:11:49,idle_without_VPN,6.2,27.8,1092.2981765960465,54.69778426050006,0.0,74256.38590516371,3.0,1311.93359375,53.463,51.0,1815.0,100.7,39.359375,3,2606.4512865543365,3.9,114.02734375,147,2770.3548986911774,3.9,61.171875,89,2767.843998193741,2.6,4.6640625,402,1770991907.895131,2.6,30.3515625,13,2767.931214094162
2026-02-13T17:11:50,idle_without_VPN,5.3,27.8,35.10174360216922,35.10174360216922,0.0,62046.510595834356,2.0,1311.93359375,53.487,51.0,1815.0,99.5,39.359375,3,2607.6599090099335,5.2,114.04296875,147,2771.5515275001526,3.9,4.6640625,402,1770991909.0911572,2.6,30.3515625,13,2769.137235879898,2.6,61.171875,89,2769.0493445396423
2026-02-13T17:11:51,idle_without_VPN,4.9,27.8,595.7326495943942,34.36919132275351,0.0,76253.77914808245,3.0,1311.93359375,53.495,51.0,1815.0,100.1,39.359375,3,2608.908216714859,3.8,30.390625,14,2770.3827657699585,3.7,124.76953125,99,2665.0076653957367,2.6,113.96875,147,2772.7729029655457,2.5,247.87890625,48,2751.8394339084625
2026-02-13T17:11:52,idle_without_VPN,5.4,27.8,592.2734500849803,383.2357618196931,0.0,12567.599197525142,3.0,1311.93359375,53.508,51.0,1815.0,99.4,39.359375,3,2610.1659865379333,7.4,114.0,147,2774.0359268188477,5.0,58.96484375,33,2773.9941692352295,5.0,30.3515625,13,2771.639984846115,2.5,61.171875,89,2771.5533413887024
2026-02-13T17:11:54,idle_without_VPN,5.4,27.8,285.1321387116286,388.31531598020143,0.0,18954.198303747602,3.0,1311.93359375,53.514,52.0,1815.0,97.9,39.34765625,3,2611.442610502243,7.4,58.96484375,33,2775.267282962799,6.1,113.984375,147,2775.3070356845856,3.7,30.3515625,13,2772.913796186447,2.5,61.171875,89,2772.8258380889893
2026-02-13T17:11:55,idle_without_VPN,5.5,27.8,1063.4776954321019,809.6305361073155,0.0,142078.7280812121,3.0,1311.93359375,53.453,52.0,1815.0,100.2,39.3515625,3,2612.721704483032,6.2,114.00390625,147,2776.577723503113,6.1,70.60546875,22,2733.1237881183624,4.9,30.3515625,13,2774.1914768218994,3.7,61.171875,89,2774.103150844574
2026-02-13T17:11:56,idle_without_VPN,5.6,27.8,382.5542679525518,2145.258587969696,0.0,238863.15267281284,3.0,1311.93359375,53.517,52.0,1815.0,99.9,39.35546875,3,2613.9719326496124,6.1,113.91015625,147,2777.8586926460266,5.0,61.171875,89,2775.358082294464,4.9,58.96484375,33,2777.8126821517944,3.7,30.390625,14,2775.4471554756165
2026-02-13T17:11:57,idle_without_VPN,5.4,27.8,287.67847865815577,395.5579081549642,0.0,3347.5313880221765,3.0,1311.93359375,53.639,52.0,1815.0,99.4,39.35546875,3,2615.1818702220917,7.7,114.015625,147,2779.0843029022217,3.8,60.0703125,33,2779.037586927414,3.8,30.390625,14,2776.6647753715515,2.6,105.5,28,2745.322417974472
2026-02-13T17:11:58,idle_without_VPN,5.4,27.8,0.0,0.0,0.0,74052.56250696395,3.0,1311.93359375,53.505,52.0,1815.0,99.4,39.359375,3,2616.3765907287598,7.9,30.3515625,13,2777.8568103313446,6.5,113.98828125,147,2780.2802963256836,3.9,272.28125,275,2774.784108877182,2.6,61.171875,89,2777.767904520035
2026-02-13T17:12:00,idle_without_VPN,6.0,27.8,65.33493018181426,91.30137679253531,0.0,20585.52877113163,3.0,1311.93359375,53.647,52.0,1815.0,99.3,39.359375,3,2617.604691505432,7.9,114.00390625,147,2781.4728326797485,5.1,61.171875,89,2778.9907422065735,3.9,59.06640625,33,2781.4306511878967,3.8,82.19921875,56,2777.657424926758
2026-02-13T17:12:01,idle_without_VPN,5.8,27.8,0.0,0.0,13116.203680619536,309050.5492245978,3.0,1311.93359375,53.606,52.0,1815.0,98.8,38.765625,3,2618.807131767273,5.1,30.3515625,13,2780.289244890213,5.0,114.01171875,147,2782.720237970352,3.8,4.6640625,402,1770991920.2625957,3.8,59.06640625,33,2782.6650154590607
2026-02-13T17:12:02,idle_without_VPN,5.2,27.8,821.7652033560787,809.9046746478466,13880.20731111958,38604.326584051334,3.0,1311.93359375,55.686,52.0,1815.0,98.8,39.359375,3,2619.9932725429535,5.3,59.06640625,33,2783.8496294021606,4.0,114.02734375,147,2783.899896621704,4.0,30.390625,13,2781.475958585739,1.3,4.6640625,402,1770991921.443203
2026-02-13T17:12:03,idle_without_VPN,7.9,27.8,330.7163292722822,0.0,0.0,3848.335467895648,3.0,1311.93359375,53.688,52.0,1815.0,100.2,39.359375,3,2621.224832057953,9.1,4.6640625,402,1770991922.6408362,5.1,30.3515625,13,2782.6973798274994,3.9,113.9609375,147,2785.099484682083,2.6,59.06640625,33,2785.0623021125793
2026-02-13T17:12:05,idle_without_VPN,6.3,27.8,43.350120695370705,0.0,0.0,7398.4205986766,4.0,1311.93359375,53.93,52.0,1815.0,99.1,39.359375,3,2622.4389412403107,6.3,114.01171875,147,2786.3467803001404,5.2,164.1640625,163,2763.9879269599915,5.1,30.3515625,13,2783.9186482429504,3.8,4.6640625,402,1770991923.887046
2026-02-13T17:12:06,idle_without_VPN,8.5,27.8,0.0,0.0,0.0,7282.506972069829,3.0,1311.93359375,53.865,52.0,1815.0,99.1,39.359375,3,2623.6369202136993,6.5,114.00390625,147,2787.5396246910095,5.2,59.06640625,33,2787.486230611801,2.6,30.390625,14,2785.1143033504486,2.6,164.1640625,163,2765.1791713237762
2026-02-13T17:12:07,idle_without_VPN,5.1,27.8,821.7290954566075,703.8581186493072,0.0,17242.84003581078,4.0,1311.93359375,53.92,52.0,1815.0,99.2,39.359375,3,2624.849263191223,7.9,114.00390625,147,2788.7302434444427,6.4,30.390625,14,2786.3266594409943,3.8,247.8828125,48,2767.7716734409332,2.6,25.4375,12,2771.9270894527435
2026-02-13T17:12:08,idle_without_VPN,5.6,27.8,40.52750346449289,0.0,0.0,43575.17172502275,3.0,1311.93359375,53.872,51.0,1815.0,99.8,38.765625,3,2626.102420568466,6.3,114.0234375,147,2789.9634964466095,5.0,30.3515625,13,2787.5784919261932,5.0,272.32421875,275,2784.512375354767,2.5,98.04296875,39,2763.4087834358215
2026-02-13T17:12:09,idle_without_VPN,5.9,27.8,0.0,42.87456941795587,0.0,6910.745411368293,7.0,1311.93359375,53.732,51.0,1815.0,101.0,39.359375,3,2627.3251461982727,6.2,114.02734375,147,2791.222144126892,5.1,30.3515625,13,2788.8041064739227,2.6,272.33984375,276,2785.7285413742065,1.3,61.171875,89,2788.7152400016785
2026-02-13T17:12:11,idle_without_VPN,5.4,27.8,0.0,44.71987068120417,0.0,4240.10625718084,3.0,1311.93359375,53.789,51.0,1815.0,98.8,39.359375,3,2628.527022123337,7.8,113.99609375,147,2792.428408384323,3.9,58.96484375,33,2792.375086784363,3.9,61.171875,89,2789.9149730205536,2.6,105.390625,28,2758.6628601551056
2026-02-13T17:12:12,idle_without_VPN,5.7,27.8,558.5880667930394,496.7085504117745,13700.459410684367,127585.52826199816,3.0,1311.93359375,53.642,51.0,1815.0,99.8,39.359375,3,2629.7478165626526,6.5,114.0,147,2793.625388622284,5.1,30.3515625,13,2791.2200622558594,3.8,124.76953125,99,2685.842841863632,2.6,4.6640625,402,1770991931.1660497
2026-02-13T17:12:13,idle_without_VPN,6.0,27.8,172.00327838092704,808.0908739028459,0.0,17031.56990458689,3.0,1311.93359375,53.687,51.0,1815.0,100.0,39.359375,3,2630.9513120651245,7.6,114.0390625,147,2794.861299276352,5.1,30.3515625,13,2792.433862924576,3.9,61.171875,89,2792.345383644104,2.6,59.06640625,33,2794.8042187690735
2026-02-13T17:12:14,idle_without_VPN,6.0,27.8,0.0,201.865521008885,0.0,26589.290866830062,3.0,1311.93359375,53.637,50.0,1815.0,98.0,38.76171875,3,2632.1469786167145,6.6,114.0390625,147,2796.0505373477936,3.9,105.52734375,28,2762.2852766513824,3.9,30.38671875,14,2793.626762151718,2.6,4.6640625,402,1770991933.5916471
2026-02-13T17:12:15,idle_without_VPN,5.7,27.8,591.005630864817,257.7254668686063,0.0,8166.62326285929,3.0,1311.93359375,53.742,50.0,1815.0,99.2,39.359375,3,2633.3446316719055,5.2,114.01953125,147,2797.243456840515,3.9,4.6640625,402,1770991934.7843277,3.9,105.52734375,28,2763.4781301021576,3.9,59.06640625,33,2797.193845510483
2026-02-13T17:12:17,idle_without_VPN,5.2,27.8,751.2538669191306,690.1628931257068,0.0,125536.99782328645,3.0,1311.93359375,53.733,50.0,1815.0,99.8,39.359375,3,2634.597033262253,6.4,105.55859375,28,2764.7002539634705,5.1,113.96484375,147,2798.457450866699,3.8,30.38671875,14,2796.0683586597443,3.8,61.171875,89,2795.9808418750763
2026-02-13T17:12:18,idle_without_VPN,6.5,27.8,33.246631519050766,224.01896952122303,0.0,16211.690797860947,3.0,1311.93359375,53.769,50.0,1815.0,99.8,39.359375,3,2635.8186211586,3.8,30.3515625,13,2797.3008494377136,3.7,113.984375,147,2799.717647790909,2.5,58.96484375,33,2799.6673290729523,1.3,209.94140625,79,2797.298751115799
2026-02-13T17:12:19,idle_without_VPN,5.4,27.8,35.047007269994076,35.047007269994076,0.0,1281.7191230169262,3.0,1311.93359375,53.516,50.0,1815.0,100.9,39.359375,3,2637.0110969543457,3.9,58.96484375,33,2800.8649826049805,3.9,30.390625,14,2798.4918854236603,2.6,114.015625,147,2800.913395166397,2.6,105.55859375,28,2767.1483116149902
2026-02-13T17:12:20,idle_without_VPN,5.3,27.8,0.0,0.0,0.0,22342.25296856915,3.0,1311.93359375,53.462,50.0,1815.0,99.0,39.359375,3,2638.2109141349792,6.5,114.03125,147,2802.1094250679016,5.2,105.7890625,28,2768.3483562469482,3.9,58.96484375,33,2802.0619916915894,2.6,4.6640625,402,1770991939.6488817
2026-02-13T17:12:22,idle_without_VPN,5.2,27.8,589.9890151421608,435.86267129884357,0.0,151037.18787639317,3.0,1311.93359375,53.617,49.0,1815.0,100.6,39.359375,3,2639.4072024822235,7.8,114.03515625,147,2803.3147518634796,5.2,30.3515625,13,2800.890000104904,3.9,105.7890625,28,2769.5478456020355,1.3,61.171875,89,2800.8007485866547
2026-02-13T17:12:23,idle_without_VPN,5.8,27.8,300.43071268729545,301.2652424447602,0.0,5127.350829863176,3.0,1311.93359375,53.496,49.0,1815.0,98.6,39.3515625,3,2640.61226439476,9.1,105.7890625,28,2770.749556541443,6.5,114.03125,147,2804.5134835243225,5.2,30.390625,14,2802.088716030121,5.2,61.171875,89,2802.0007104873657
2026-02-13T17:12:24,idle_without_VPN,5.5,27.8,41.870896445424535,51.91991159232642,0.0,8575.159592022945,3.0,1311.93359375,53.428,49.0,1815.0,99.5,39.3515625,3,2641.8053250312805,6.5,113.98046875,147,2805.707353591919,2.6,105.6015625,28,2771.941597700119,2.6,58.96484375,33,2805.654350042343,2.6,30.390625,14,2803.2831225395203
2026-02-13T17:12:25,idle_without_VPN,6.1,27.8,0.0,0.0,0.0,117735.36363502733,3.0,1311.93359375,53.361,49.0,1815.0,100.5,38.7578125,3,2643.002799987793,6.5,58.97265625,33,2806.8528072834015,5.2,105.75,28,2773.1408445835114,5.2,30.3515625,13,2804.4823791980743,3.9,113.9921875,147,2806.905683517456
2026-02-13T17:12:26,idle_without_VPN,6.4,27.8,0.0,0.0,0.0,12037.148718273123,4.0,1311.93359375,53.507,49.0,1815.0,100.5,39.34765625,3,2644.1995837688446,6.6,113.99609375,147,2808.0972349643707,6.5,105.7890625,28,2774.335169315338,5.2,30.3515625,13,2805.678632736206,5.2,272.45703125,276,2802.605579137802
2026-02-13T17:12:28,idle_without_VPN,5.4,27.8,399.8241472897226,563.3885711809727,0.0,0.0,9.0,1311.93359375,53.41,49.0,1815.0,99.9,39.34765625,3,2645.406144142151,6.5,114.03515625,147,2809.307576417923,5.2,30.390625,14,2806.8854196071625,3.9,105.8046875,28,2775.545350074768,2.6,4.6640625,402,1770991946.8494353
2026-02-13T17:12:29,idle_without_VPN,6.2,27.8,1002.1162005181174,110.04936644624915,0.0,32868.07744527975,4.0,1311.93359375,53.444,49.0,1815.0,98.8,39.34765625,3,2646.605511188507,6.5,105.63671875,28,2776.740746498108,5.2,114.05078125,147,2810.5082478523254,3.9,4.6640625,402,1770991948.0502927,3.9,58.9765625,33,2810.4577963352203
2026-02-13T17:12:30,idle_without_VPN,5.2,27.8,666.1055693438021,45.90953172169063,0.0,30343.696311761774,7.0,1311.93359375,53.458,48.0,1815.0,99.7,39.34765625,3,2647.8121149539948,5.2,105.63671875,28,2777.946746826172,3.9,113.9453125,147,2811.7053968906403,3.9,58.9765625,33,2811.6588122844696,2.6,30.3515625,14,2809.2921121120453
2026-02-13T17:12:31,idle_without_VPN,6.1,27.8,0.0,44.50852804091856,0.0,110143.7707252598,3.0,1311.93359375,53.265,48.0,1815.0,99.5,39.34375,3,2649.0214817523956,22.0,153.2109375,23,2703.8787434101105,5.2,113.98046875,147,2812.917227745056,5.2,30.3515625,13,2810.4943103790283,3.9,105.625,28,2779.1514093875885
2026-02-13T17:12:32,idle_without_VPN,6.9,27.8,6671.002078055338,3871.521907755624,0.0,142614.32091640547,3.0,1311.93359375,53.335,48.0,1815.0,100.7,39.33984375,3,2650.2935767173767,8.5,105.5,28,2780.4401898384094,6.1,114.01171875,147,2814.202465772629,6.1,30.3515625,13,2811.7735755443573,2.5,272.5,276,2808.6991789340973
2026-02-13T17:12:34,idle_without_VPN,6.2,27.8,315.8377718337959,0.0,0.0,145538.04526101315,3.0,1311.93359375,53.263,48.0,1815.0,99.4,39.34375,3,2651.5037517547607,6.5,114.02734375,147,2815.404223918915,6.5,58.96875,33,2815.3521280288696,5.2,105.55859375,28,2781.640396595001,3.9,30.3515625,13,2812.982010602951
2026-02-13T17:12:35,idle_without_VPN,5.5,27.8,7781.280550104231,4909.459073029636,0.0,9793.967481619007,3.0,1311.93359375,53.342,48.0,1815.0,100.2,39.3515625,3,2652.7357704639435,10.5,105.6328125,28,2782.8364086151123,10.2,152.2265625,23,2707.5131018161774,6.5,114.03515625,147,2816.6043612957,5.1,30.38671875,14,2814.2178540229797
2026-02-13T17:12:36,idle_without_VPN,7.4,27.8,63349.68934457751,7505.445441263309,0.0,176728.04749576238,3.0,1311.93359375,53.091,48.0,1815.0,99.6,39.3515625,3,2653.9440269470215,7.8,30.3515625,13,2815.419748544693,7.7,113.9140625,147,2817.8288056850433,7.6,105.671875,28,2784.0631544589996,5.1,58.96875,33,2817.777905702591
2026-02-13T17:12:37,idle_without_VPN,5.4,27.8,286.44881582388655,393.867121757844,0.0,62497.923452484334,3.0,1311.93359375,53.41,48.0,1815.0,101.0,38.7734375,3,2655.1662089824677,7.6,114.0078125,147,2819.059480190277,6.4,30.3515625,13,2816.644465446472,6.3,105.6484375,28,2785.300570011139,3.8,58.96875,33,2819.0126423835754
2026-02-13T17:12:38,idle_without_VPN,6.3,27.8,41.12345771248178,0.0,0.0,9264.292553467896,3.0,1311.93359375,53.025,47.0,1815.0,98.7,39.35546875,3,2656.3539576530457,11.7,105.4375,28,2786.5045030117035,6.5,58.96875,33,2820.216930627823,5.1,114.0,147,2820.275465488434,3.9,4.6640625,402,1770991957.8152008
2026-02-13T17:12:40,idle_without_VPN,5.9,27.8,66.55251230076043,73.37841099827432,0.0,0.0,3.0,1311.93359375,53.259,47.0,1815.0,98.3,39.35546875,3,2657.5450327396393,9.2,30.3828125,14,2819.027577638626,6.6,105.5546875,28,2787.681990146637,5.3,113.9921875,147,2821.448539495468,4.0,58.9765625,33,2821.393351316452
2026-02-13T17:12:41,idle_without_VPN,5.8,27.8,163.94164250471798,55.48794054005839,0.0,9469.941852169964,3.0,1311.93359375,53.006,47.0,1815.0,99.0,39.35546875,3,2658.7292342185974,10.5,105.5859375,28,2788.8683886528015,5.3,30.3515625,13,2820.2095062732697,2.6,184.04296875,105,2794.793266057968,1.3,114.015625,147,2822.6338732242584
2026-02-13T17:12:42,idle_without_VPN,6.0,27.8,617.7603277948336,408.46447903374246,0.0,9938.177076655684,3.0,1311.93359375,52.978,47.0,1815.0,97.4,39.35546875,3,2659.9157087802887,10.6,105.625,28,2790.0523495674133,5.3,114.04296875,147,2823.821556329727,5.3,59.05859375,33,2823.7673802375793,4.0,30.390625,14,2821.3940818309784
2026-02-13T17:12:43,idle_without_VPN,5.9,27.8,0.0,45.42175785080709,0.0,10335.973342050325,3.0,1311.93359375,52.908,47.0,1815.0,100.1,38.76953125,3,2661.102736234665,13.1,105.6796875,28,2791.2474467754364,6.6,113.94921875,147,2825.01198720932,6.5,59.05859375,33,2824.9592440128326,3.9,61.171875,89,2822.494757413864
2026-02-13T17:12:44,idle_without_VPN,6.2,27.8,65.60807425464994,46.262103641099316,0.0,9905.136954137919,7.0,1311.93359375,52.938,47.0,1815.0,100.5,39.35546875,3,2662.2848646640778,17.2,105.68359375,28,2792.428596973419,6.6,114.0,147,2826.195198059082,4.0,30.38671875,14,2823.7649857997894,2.6,61.171875,89,2823.677011013031
2026-02-13T17:12:46,idle_without_VPN,5.7,27.8,72.84601266640817,118.5865322476412,0.0,6505.3183404420315,3.0,1311.93359375,52.805,47.0,1815.0,100.0,39.35546875,3,2663.4722266197205,13.2,105.6875,28,2793.611202478409,5.3,114.015625,147,2827.380156993866,5.3,30.3515625,13,2824.9497332572937,4.0,61.171875,89,2824.8604669570923
2026-02-13T17:12:47,idle_without_VPN,5.5,27.8,296.39605906741326,453.01443118826234,0.0,100451.31892757425,3.0,1311.93359375,52.738,47.0,1815.0,100.3,39.35546875,3,2664.65708899498,9.2,105.71875,28,2794.7997658252716,7.9,113.99609375,147,2828.565539121628,4.0,30.390625,14,2826.131892681122,4.0,61.171875,89,2826.044948577881
2026-02-13T17:12:48,idle_without_VPN,6.6,27.8,0.0,0.0,0.0,10341.579214110243,3.0,1311.93359375,52.872,48.0,1815.0,99.9,39.35546875,3,2665.844554424286,14.4,105.5,28,2795.989347219467,6.6,113.99609375,147,2829.757163286209,3.9,30.3515625,13,2827.3251757621765,2.6,4.6640625,402,1770991967.2953343
2026-02-13T17:12:49,idle_without_VPN,6.0,27.8,1409.6670297737749,0.0,0.0,0.0,3.0,1311.93359375,52.855,48.0,1815.0,100.5,39.35546875,3,2667.0257658958435,9.3,105.61328125,28,2797.166692018509,5.3,114.015625,147,2830.9353959560394,5.3,184.04296875,105,2803.0946798324585,4.0,30.38671875,14,2828.5089795589447
2026-02-13T17:12:50,idle_without_VPN,6.2,27.8,2395.7936391154417,101.48084599147653,0.0,38102.674974933056,3.0,1311.93359375,52.965,48.0,1815.0,98.9,39.35546875,3,2668.210877418518,11.9,105.6484375,28,2798.353411912918,5.3,114.0546875,147,2832.1181559562683,4.0,30.3515625,13,2829.6879601478577,2.6,272.62890625,276,2826.6164186000824
2026-02-13T17:12:52,idle_without_VPN,5.7,27.8,2113.7476157502947,0.0,0.0,96659.28491035478,3.0,1311.93359375,52.984,48.0,1815.0,100.4,39.35546875,3,2669.3935203552246,14.5,105.65234375,28,2799.5416836738586,10.6,344.9296875,95,2800.4733023643494,6.6,113.98046875,147,2833.303446531296,6.6,30.390625,14,2830.875978946686
2026-02-13T17:12:53,idle_without_VPN,6.8,27.8,603.0788304366607,445.53295619337575,0.0,41632.76780003195,4.0,1311.93359375,52.949,48.0,1815.0,100.6,39.34765625,3,2670.6048448085785,11.8,105.65625,28,2800.729110479355,6.6,114.00390625,147,2834.4877364635468,5.2,30.38671875,14,2832.0817527770996,2.6,61.171875,89,2831.993243932724
2026-02-13T17:12:54,idle_without_VPN,6.2,27.8,41.19940718016097,0.0,0.0,13500.221744795146,4.0,1311.93359375,53.008,48.0,1815.0,99.8,39.34765625,3,2671.7945427894592,14.2,105.6640625,28,2801.9375808238983,13.1,344.9296875,95,2802.8802151679993,7.7,113.99609375,147,2835.699129343033,3.9,59.14453125,33,2835.6490523815155
2026-02-13T17:12:55,idle_without_VPN,6.8,27.8,0.0,0.0,0.0,136061.00270474577,4.0,1311.93359375,53.069,48.0,1815.0,99.1,39.34765625,3,2673.0085592269897,22.2,105.6875,28,2803.1359565258026,20.6,344.9140625,95,2804.1675386428833,5.2,114.00390625,147,2836.9023320674896,3.9,59.14453125,33,2836.854987382889
2026-02-13T17:12:57,idle_without_VPN,8.3,27.8,2954.4015044215157,1212.2371068950483,0.0,12809.229617322537,3.0,1311.93359375,52.871,49.0,1815.0,100.1,39.359375,3,2674.5068163871765,15.5,344.921875,95,2805.68017411232,10.2,105.6875,28,2804.5170319080353,8.3,114.02734375,147,2838.2184398174286,5.2,211.328125,72,2835.9756553173065
2026-02-13T17:12:58,idle_without_VPN,10.1,27.8,1860.0559418519522,1739.9428803022274,33354.7864479778,92420.55411627183,3.0,1324.12890625,53.075,49.0,1815.0,99.4,39.35546875,3,2675.8269453048706,21.7,344.91015625,95,2806.9019145965576,15.3,325.6796875,35,2731.5795419216156,13.1,105.69921875,28,2805.9533343315125,8.5,4.6640625,383,1770991977.234099
2026-02-13T17:12:59,idle_without_VPN,8.6,27.8,175.7771113259638,185.79949048051438,0.0,92760.97383657879,3.0,1324.44140625,53.147,49.0,1815.0,98.5,39.35546875,3,2677.096652984619,19.6,105.625,28,2807.228277683258,15.9,344.6484375,95,2808.1803679466248,4.9,30.38671875,13,2838.5720381736755,3.7,235.2890625,23,2731.863461256027
2026-02-13T17:13:00,idle_without_VPN,6.9,27.8,386.64237800508255,2457.0499505484277,0.0,26394.786338480302,3.0,1322.81640625,53.02,49.0,1815.0,98.3,39.359375,3,2678.272042274475,18.3,105.6953125,28,2808.4224956035614,17.3,344.6484375,95,2809.3519370555878,6.5,114.04296875,147,2842.1921212673187,5.2,58.97265625,33,2842.1369297504425
2026-02-13T17:13:02,idle_without_VPN,7.4,27.8,197.5828838924197,132.5772597546539,0.0,77076.14213555724,3.0,1318.49609375,52.985,49.0,1815.0,99.8,39.359375,3,2679.446489095688,22.7,105.57421875,28,2809.594195842743,10.6,344.6484375,95,2810.5301871299744,6.7,114.015625,147,2843.3598713874817,4.0,30.38671875,14,2840.9246940612793
2026-02-13T17:13:03,idle_without_VPN,7.1,27.8,491.5546948626223,660.2088056861772,0.0,39053.17299874075,3.0,1314.12109375,52.955,49.0,1815.0,100.5,39.34765625,2,2680.6434841156006,22.3,105.578125,28,2810.7838497161865,11.9,344.6484375,95,2811.7162034511566,9.2,113.984375,147,2844.545445919037,5.3,58.53125,33,2844.4976527690887
2026-02-13T17:13:04,idle_without_VPN,7.5,27.8,0.0,0.0,0.0,4290.157171779001,3.0,1311.93359375,53.082,49.0,1815.0,99.6,39.34765625,2,2681.8208565711975,15.9,105.58203125,28,2811.966231584549,7.9,113.99609375,147,2845.736198425293,7.9,30.390625,13,2843.3021359443665,5.3,58.97265625,33,2845.6780002117157
2026-02-13T17:13:05,idle_without_VPN,6.4,27.8,4575.350079298696,4209.220605202164,0.0,25542.815597016266,3.0,1311.93359375,53.033,49.0,1815.0,100.4,39.34765625,2,2683.0034618377686,25.1,105.58203125,28,2813.1511602401733,6.6,114.01953125,147,2846.9173674583435,5.3,344.6484375,95,2814.0832772254944,4.0,30.3515625,13,2844.484372854233
2026-02-13T17:13:06,idle_without_VPN,6.8,27.8,0.0,0.0,0.0,183449.45361324764,3.0,1311.93359375,52.997,49.0,1815.0,99.6,39.34765625,2,2684.180606842041,26.5,105.60546875,28,2814.3280515670776,6.6,114.03515625,147,2848.0925483703613,4.0,26.6640625,9,2831.251006603241,2.7,58.97265625,33,2848.0407111644745
2026-02-13T17:13:08,idle_without_VPN,7.2,27.8,300.67920003258524,619.2966477943872,0.0,8309.679709991446,3.0,1311.93359375,53.125,50.0,1815.0,100.0,39.34765625,2,2685.39995265007,27.7,105.60546875,28,2815.511042356491,6.6,114.03125,147,2849.2688286304474,5.2,30.390625,14,2846.874496936798,4.0,4.6640625,383,1770991986.8077269
2026-02-13T17:13:09,idle_without_VPN,7.0,27.8,344.6706209190359,43.28421751076265,0.0,7797.5716286055385,3.0,1311.93359375,53.099,50.0,1815.0,101.2,39.35546875,2,2686.603303194046,27.7,105.609375,28,2816.7521209716797,7.9,344.64453125,95,2817.680738925934,7.5,114.04296875,147,2850.514366388321,5.2,30.390625,14,2848.0835630893707
2026-02-13T17:13:10,idle_without_VPN,6.8,27.8,0.0,0.0,0.0,8233.663122009277,3.0,1311.93359375,53.262,50.0,1815.0,97.8,39.35546875,2,2687.7854623794556,31.6,344.64453125,95,2818.8691251277924,21.2,105.609375,28,2817.9298253059387,6.6,113.96484375,147,2851.6928029060364,6.6,59.14453125,33,2851.641129255295
2026-02-13T17:13:11,idle_without_VPN,8.7,27.8,0.0,0.0,0.0,92661.47121791253,3.0,1311.93359375,53.119,50.0,1815.0,99.0,39.35546875,2,2688.9860134124756,23.6,105.42578125,28,2819.1232664585114,23.4,344.64453125,95,2820.073239326477,6.5,4.6640625,383,1770991990.4286046,5.2,114.0,147,2852.886382341385
2026-02-13T17:13:12,idle_without_VPN,8.4,27.8,770.7930960826064,448.79511438576003,0.0,4698.16744278922,3.0,1311.93359375,53.249,50.0,1815.0,98.1,39.35546875,2,2690.1793880462646,17.0,105.52734375,28,2820.32120680809,10.6,344.64453125,95,2821.2502052783966,7.9,30.3515625,13,2851.6555302143097,6.5,113.984375,147,2854.086977958679
2026-02-13T17:13:13,idle_without_VPN,7.5,27.8,321.60598434501026,0.0,0.0,8666.434946560277,3.0,1311.93359375,53.226,50.0,1815.0,100.7,39.35546875,2,2691.3585097789764,6.6,114.03515625,147,2855.2703380584717,5.3,58.97265625,33,2855.2130296230316,5.3,344.64453125,95,2822.4331765174866,4.0,61.171875,89,2852.750396490097
2026-02-13T17:13:15,idle_without_VPN,7.9,27.8,0.0,45.8637911165443,0.0,4783.423547562546,4.0,1311.93359375,53.286,50.0,1815.0,98.0,39.35546875,2,2692.5384356975555,6.6,114.0390625,147,2856.449171066284,5.3,4.6640625,383,1770991993.9904032,4.0,61.171875,89,2853.931726694107,2.7,58.97265625,33,2856.393720626831
2026-02-13T17:13:16,idle_without_VPN,8.3,27.8,0.0,0.0,0.0,8680.922816407898,3.0,1311.93359375,53.152,50.0,1815.0,100.4,39.35546875,2,2693.721437692642,5.3,114.04296875,147,2857.624746799469,5.3,30.390625,14,2855.200104236603,5.3,272.77734375,276,2852.129581451416,2.6,58.40625,33,2857.5727155208588
2026-02-13T17:13:17,idle_without_VPN,7.5,27.8,737.5824747265992,489.1956824385321,0.0,24572.610664864238,4.0,1311.93359375,53.299,50.0,1815.0,100.0,39.35546875,2,2694.908389568329,4.0,58.97265625,33,2858.761924982071,4.0,61.171875,89,2856.2964584827423,3.9,113.96484375,147,2858.814106941223,2.6,4.6640625,383,1770991996.355214
2026-02-13T17:13:18,idle_without_VPN,7.0,27.8,0.0,111.09599798214552,0.0,30595.164535204196,4.0,1311.93359375,53.308,51.0,1815.0,100.1,39.35546875,2,2696.0947823524475,6.6,113.98046875,147,2860.001049757004,3.9,30.38671875,14,2857.577292203903,1.3,58.97265625,33,2859.949849843979,1.3,61.171875,89,2857.4887981414795
2026-02-13T17:13:19,idle_without_VPN,7.1,27.8,0.0,0.0,0.0,9489.040121602036,3.0,1311.93359375,53.372,51.0,1815.0,98.5,39.35546875,2,2697.2842497825623,6.6,30.3515625,13,2858.760269880295,2.6,113.98046875,147,2861.188550710678,2.6,58.97265625,33,2861.136685371399,2.6,61.171875,89,2858.6717579364777
2026-02-13T17:13:21,idle_without_VPN,5.8,27.8,127.1348196906213,814.6665419649023,0.0,0.0,3.0,1311.93359375,53.351,51.0,1815.0,99.4,39.35546875,2,2698.4789638519287,6.5,114.01953125,147,2862.3837225437164,3.9,30.3515625,13,2859.956330537796,3.9,272.8125,276,2856.8830354213715,2.6,58.97265625,33,2862.3316719532013
2026-02-13T17:13:22,idle_without_VPN,5.0,27.8,339.2956128081155,1550.4627878818612,0.0,112787.9386337664,3.0,1311.93359375,53.322,51.0,1815.0,98.7,39.35546875,2,2699.6658725738525,5.3,114.05859375,147,2863.569760322571,5.3,272.80859375,276,2858.0691916942596,2.6,58.98046875,33,2863.519021511078,2.6,61.171875,89,2861.0546345710754
2026-02-13T17:13:23,idle_without_VPN,6.4,27.8,297.7755518265135,902.6321414741191,0.0,66701.72360913902,3.0,1311.93359375,53.433,51.0,1815.0,99.6,38.76953125,3,2700.8587896823883,6.6,114.05078125,147,2864.7587094306946,5.2,272.828125,276,2859.2610201835632,3.9,30.3515625,13,2862.3356895446777,2.6,61.171875,89,2862.247597694397
2026-02-13T17:13:24,idle_without_VPN,5.8,27.8,291.90681929535435,35.02881831544252,0.0,8967.377488753285,3.0,1311.93359375,53.266,51.0,1815.0,100.3,39.35546875,3,2702.042584657669,7.9,113.9375,147,2865.9503359794617,7.9,30.390625,14,2863.523990869522,6.6,61.171875,89,2863.4350481033325,2.6,59.0625,33,2865.896567583084
2026-02-13T17:13:25,idle_without_VPN,8.0,27.8,386.6689060420463,564.806764502465,0.0,119735.6570535091,3.0,1311.93359375,53.376,51.0,1815.0,99.1,39.35546875,3,2703.226078271866,4.0,113.9609375,147,2867.134514808655,4.0,58.97265625,33,2867.081002473831,4.0,30.3515625,13,2864.7048151493073,1.3,4.6640625,383,1770992004.6762831
2026-02-13T17:13:27,idle_without_VPN,5.3,27.8,117.65921695247125,118.4996399307032,0.0,94665.24426804544,3.0,1311.93359375,53.308,51.0,1815.0,100.9,39.35546875,3,2704.4180676937103,6.6,114.0,147,2868.323518037796,3.9,58.97265625,33,2868.2738885879517,3.9,30.38671875,14,2865.8962116241455,1.3,4.6640625,383,1770992005.8651037
2026-02-13T17:13:28,idle_without_VPN,5.3,27.8,332.6935584044213,444.1543444688467,0.0,9943.653156777831,3.0,1311.93359375,53.512,51.0,1815.0,99.3,39.35546875,3,2705.5985493659973,7.9,114.0234375,147,2869.5118453502655,4.0,30.3515625,13,2867.078391313553,1.3,105.6015625,28,2835.745705842972,1.3,58.97265625,33,2869.4569387435913
2026-02-13T17:13:29,idle_without_VPN,5.0,27.8,0.0,52.45841362059227,0.0,16461.78863552005,3.0,1311.93359375,53.434,51.0,1815.0,100.3,39.35546875,3,2706.782139778137,6.6,114.03125,147,2870.6883120536804,4.0,58.40625,33,2870.6343228816986,3.9,26.6640625,9,2853.859728574753,2.6,30.3828125,14,2868.2626099586487
2026-02-13T17:13:30,idle_without_VPN,5.2,27.8,65.85796788989441,584.2783817923965,0.0,0.0,3.0,1311.93359375,53.386,51.0,1815.0,99.3,39.35546875,3,2707.9617912769318,5.3,114.05859375,147,2871.8761823177338,5.3,58.97265625,33,2871.825159072876,4.0,30.3515625,13,2869.4450521469116,2.7,98.04296875,39,2845.2558114528656
2026-02-13T17:13:31,idle_without_VPN,5.7,27.8,193.4293012120717,0.0,0.0,16505.96703676345,3.0,1311.93359375,53.444,52.0,1815.0,99.9,38.76953125,3,2709.15114068985,6.6,114.0390625,147,2873.052057981491,6.6,30.38671875,13,2870.630903482437,4.0,12.0625,4,2859.444844722748,2.7,4.6640625,383,1770992010.594473
2026-02-13T17:13:32,idle_without_VPN,6.2,27.8,488.21648290537314,407.40823745896654,0.0,6033.682326665025,4.0,1311.93359375,53.634,52.0,1815.0,97.7,39.35546875,3,2710.3338329792023,6.5,113.9765625,147,2874.2460939884186,5.3,30.3515625,13,2871.813248872757,4.0,58.97265625,33,2874.1920506954193,2.7,272.890625,276,2868.7349638938904
2026-02-13T17:13:34,idle_without_VPN,5.3,27.8,0.0,0.0,0.0,23301.286225522563,3.0,1311.93359375,53.547,52.0,1815.0,99.8,39.35546875,3,2711.5395052433014,6.5,61.171875,89,2872.92919921875,5.3,113.98828125,147,2875.428519964218,4.0,58.97265625,33,2875.374515771866,3.9,30.3515625,13,2873.018392562866
2026-02-13T17:13:35,idle_without_VPN,4.8,27.8,186.12412981298473,0.0,0.0,6687.407330824433,4.0,1311.93359375,53.397,52.0,1815.0,100.0,38.7734375,3,2712.7592260837555,5.1,114.0234375,147,2876.6550426483154,3.9,61.171875,89,2874.144264936447,3.9,272.90234375,276,2871.163628578186,1.3,4.6640625,383,1770992014.1939971
2026-02-13T17:13:36,idle_without_VPN,5.5,27.8,2488.8202519647725,169.78640654002606,0.0,306165.4740839619,4.0,1311.93359375,53.508,52.0,1815.0,100.7,39.359375,3,2713.969125509262,6.5,30.3515625,13,2875.444487810135,3.9,114.0390625,147,2877.8632316589355,3.9,58.97265625,33,2877.8111324310303,3.9,23.2734375,5,2874.392463207245
2026-02-13T17:13:37,idle_without_VPN,5.8,27.8,683.5316905192377,2084.4414475375306,0.0,9298.67265943079,4.0,1311.93359375,53.696,52.0,1815.0,99.6,39.359375,3,2715.177083492279,7.8,114.046875,147,2879.0720512866974,5.2,30.3515625,13,2876.6557009220123,2.6,4.6640625,383,1770992016.6143878,2.6,61.18359375,89,2876.5664989948273
2026-02-13T17:13:38,idle_without_VPN,5.4,27.8,41.6352307391455,595.3837995697806,0.0,132166.87645834347,4.0,1311.93359375,54.947,52.0,1815.0,99.4,39.359375,3,2716.3714821338654,5.2,113.953125,147,2880.2753002643585,5.2,30.38671875,14,2877.849198579788,3.9,59.07421875,33,2880.2216000556946,3.9,61.18359375,89,2877.760189294815
2026-02-13T17:13:40,idle_without_VPN,5.7,27.8,672.9982495424533,754.9284712258824,0.0,0.0,4.0,1311.93359375,54.576,52.0,1815.0,97.7,39.359375,3,2717.555495262146,6.6,113.98046875,147,2881.466976881027,6.6,26.6640625,9,2864.6327364444733,5.3,30.3515625,13,2879.0326886177063,4.0,23.33984375,5,2877.980639219284
2026-02-13T17:13:41,idle_without_VPN,5.9,27.8,917.4373517508266,406.80431738116425,0.0,10022.024354561905,3.0,1311.93359375,53.746,52.0,1815.0,98.8,39.359375,3,2718.741817712784,3.9,30.390625,14,2880.2213101387024,2.7,4.6640625,383,1770992020.1877608,2.7,113.98046875,147,2882.6462914943695,1.3,8.16796875,15,2883.766373157501
2026-02-13T17:13:42,idle_without_VPN,5.3,27.8,3739.0428125557037,844.9766858715425,0.0,82057.5571645977,3.0,1311.93359375,54.019,52.0,1815.0,96.7,39.36328125,3,2719.9697086811066,3.8,30.38671875,14,2881.4471549987793,3.8,61.18359375,89,2881.358471632004,2.6,113.99609375,147,2883.8453431129456,2.6,58.97265625,33,2883.7983610630035
2026-02-13T17:13:43,idle_without_VPN,5.5,27.8,2576.2738951969313,933.1765169011328,0.0,10279.397088067557,3.0,1311.93359375,53.928,52.0,1815.0,97.3,39.36328125,3,2721.1735656261444,6.3,114.0546875,147,2885.080082654953,5.1,58.97265625,33,2885.0272357463837,3.9,30.38671875,14,2882.6561391353607,3.9,127.66015625,51,2840.2780981063843
2026-02-13T17:13:44,idle_without_VPN,5.1,27.8,1650.781514356692,100.30064897357116,0.0,10270.786454893687,3.0,1311.93359375,53.961,52.0,1815.0,100.6,39.36328125,3,2722.369658946991,6.5,114.046875,147,2886.2798130512238,5.3,30.3515625,13,2883.8449709415436,3.9,58.97265625,33,2886.231616258621,2.6,61.18359375,89,2883.7570374011993
2026-02-13T17:13:46,idle_without_VPN,6.5,27.8,387.0419488464239,45.83391499497125,0.0,6953.174659977862,3.0,1311.93359375,53.844,51.0,1815.0,98.9,39.36328125,3,2723.555546283722,8.0,113.9765625,147,2887.453513622284,6.6,30.390625,14,2885.0219461917877,5.3,61.18359375,89,2884.933310508728,2.7,58.97265625,33,2887.4007847309113
2026-02-13T17:13:47,idle_without_VPN,5.4,27.8,242.51096071051322,1321.2666135262446,0.0,27402.066070903784,3.0,1311.93359375,54.019,51.0,1815.0,97.8,39.36328125,3,2724.7699978351593,6.5,114.00390625,147,2888.651788711548,5.1,30.38671875,14,2886.243495464325,3.9,58.97265625,33,2888.6013782024384,2.6,206.1796875,78,2886.240206718445
2026-02-13T17:13:48,idle_without_VPN,5.1,27.8,1219.177394159154,591.6356163088263,0.0,28411.566368838754,3.0,1311.93359375,53.809,51.0,1815.0,100.2,39.36328125,3,2725.970875263214,5.1,114.00390625,147,2889.8778550624847,3.9,184.04296875,105,2862.036770105362,2.6,30.390625,14,2887.452227830887,2.6,61.18359375,89,2887.3628640174866
2026-02-13T17:13:49,idle_without_VPN,5.9,27.8,0.0,203.14714104438286,0.0,0.0,3.0,1311.93359375,53.833,51.0,1815.0,100.0,39.359375,3,2727.1430690288544,7.9,114.01171875,147,2891.0623610019684,4.0,30.3515625,13,2888.623793363571,2.7,61.18359375,89,2888.5369913578033,2.6,4.6640625,383,1770992028.6040401
2026-02-13T17:13:50,idle_without_VPN,6.9,27.8,0.0,0.0,0.0,4405.3422653909165,3.0,1311.93359375,53.822,51.0,1815.0,99.0,39.359375,3,2728.310608625412,8.0,30.3515625,13,2889.7897095680237,4.0,113.99609375,147,2892.224534511566,4.0,273.046875,275,2886.713677406311,2.7,4.6640625,383,1770992029.7662063
2026-02-13T17:13:52,idle_without_VPN,5.4,27.8,749.4748477907962,240.20541554336955,0.0,115162.79427888474,3.0,1311.93359375,53.849,50.0,1815.0,98.0,39.35546875,3,2729.5072054862976,4.0,114.03515625,147,2893.4015803337097,2.7,4.6640625,383,1770992030.9446907,2.6,59.07421875,33,2893.3522679805756,2.6,30.3515625,13,2890.9827105998993
2026-02-13T17:13:53,idle_without_VPN,5.5,27.8,2162.268692672787,435.93458503100265,0.0,7213.639977395146,3.0,1311.93359375,53.681,50.0,1815.0,100.8,39.34765625,3,2730.7007739543915,7.8,30.3984375,14,2892.178413629532,5.2,113.98046875,147,2894.612001657486,5.2,58.97265625,33,2894.556705236435,4.0,26.6640625,9,2877.773036956787
2026-02-13T17:13:54,idle_without_VPN,5.9,27.8,2613.102588192182,1262.6729819696163,0.0,17012.8570202222,3.0,1311.93359375,53.684,50.0,1815.0,100.1,39.34765625,3,2731.8713891506195,6.7,114.015625,147,2895.78147649765,4.0,30.38671875,14,2893.353937625885,4.0,61.18359375,89,2893.2653093338013,2.7,58.93359375,33,2895.728400707245
2026-02-13T17:13:55,idle_without_VPN,5.5,27.8,2752.887976054864,1064.3825446633696,0.0,59160.10238737511,3.0,1311.93359375,53.677,50.0,1815.0,100.0,39.34765625,3,2733.058924674988,5.3,113.98828125,147,2896.968700170517,3.9,61.18359375,89,2894.4520692825317,2.6,105.5625,28,2863.205479860306,2.6,30.3515625,13,2894.5405695438385
2026-02-13T17:13:56,idle_without_VPN,5.3,27.8,0.0,742.5530257340895,13856.479241033396,167143.78084496534,3.0,1311.93359375,53.634,50.0,1815.0,98.1,39.34765625,3,2734.237393140793,6.6,30.390625,14,2895.7169890403748,5.3,114.0078125,147,2898.1552402973175,2.7,58.97265625,33,2898.0966958999634,2.7,39.83984375,35,2895.6956989765167
2026-02-13T17:13:58,idle_without_VPN,6.4,27.8,299.56755074292556,457.8617678968578,0.0,8278.957765986306,3.0,1311.93359375,53.562,50.0,1815.0,98.6,38.765625,3,2735.4101309776306,5.3,114.0078125,147,2899.325943470001,5.3,30.3515625,13,2896.8931107521057,2.7,58.97265625,33,2899.2684280872345,1.3,8.16796875,15,2900.447184085846
2026-02-13T17:13:59,idle_without_VPN,5.3,27.8,0.0,535.9076042000133,0.0,0.0,3.0,1311.93359375,53.423,49.0,1815.0,99.8,39.34765625,3,2736.600533246994,6.6,114.0234375,147,2900.514546394348,5.3,61.18359375,89,2897.991420507431,3.9,30.390625,14,2898.080819129944,2.6,58.97265625,33,2900.45636844635
2026-02-13T17:14:00,idle_without_VPN,4.8,27.8,35.932235721455406,35.932235721455406,0.0,16207.149369220266,4.0,1311.93359375,53.523,49.0,1815.0,101.1,39.34765625,3,2737.775321006775,5.3,82.19921875,56,2897.8284425735474,4.0,114.07421875,147,2901.6853461265564,2.7,30.3515625,13,2899.250219106674,2.7,12.0625,4,2888.0696687698364
2026-02-13T17:14:01,idle_without_VPN,6.2,27.8,193.67245279961926,0.0,0.0,35227.9998355518,4.0,1311.93359375,53.509,49.0,1815.0,97.7,39.3515625,3,2738.943342924118,8.0,114.00390625,147,2902.8618812561035,5.3,35.09375,18,2900.327962398529,5.3,30.3515625,13,2900.4238619804382,1.3,4.6640625,383,1770992040.403353
2026-02-13T17:14:02,idle_without_VPN,5.9,27.8,263.0904485437502,47.2874989212623,0.0,15407.126921254914,3.0,1311.93359375,53.47,49.0,1815.0,100.0,38.76953125,3,2740.0996878147125,6.7,30.390625,14,2901.584151506424,5.4,114.00390625,147,2904.0231697559357,4.0,58.97265625,33,2903.9666039943695,2.7,12.0625,4,2890.3873460292816
2026-02-13T17:14:03,idle_without_VPN,5.1,27.8,728.4343024959421,1281.664619912884,0.0,26071.733897864244,3.0,1311.93359375,53.475,49.0,1815.0,100.9,39.3515625,3,2741.2616777420044,2.7,113.98046875,147,2905.1816861629486,2.7,105.6640625,28,2871.4089138507843,2.7,58.97265625,33,2905.1266922950745,2.7,61.18359375,89,2902.654929637909
2026-02-13T17:14:05,idle_without_VPN,5.7,27.8,494.72991350195565,513.4955309106506,0.0,8734.541921137976,3.0,1311.93359375,53.574,49.0,1815.0,100.0,39.3515625,3,2742.4481461048126,6.6,73.51953125,15,2903.8403091430664,5.3,114.01953125,147,2906.3568077087402,4.0,30.3515625,13,2903.926784992218,2.7,4.6640625,383,1770992043.8977408
2026-02-13T17:14:06,idle_without_VPN,5.9,27.8,4675.102694741284,2087.975651578264,0.0,17759.63730872404,3.0,1311.93359375,53.535,49.0,1815.0,98.0,39.3515625,3,2743.6281526088715,6.6,114.01171875,147,2907.5381689071655,5.3,4.6640625,383,1770992045.0793352,5.3,30.390625,14,2905.10865855217,4.0,105.64453125,28,2873.7711896896362
2026-02-13T17:14:07,idle_without_VPN,5.4,27.8,0.0,0.0,0.0,107738.952607892,3.0,1311.93359375,53.362,49.0,1815.0,100.2,38.76953125,3,2744.797693490982,6.6,114.02734375,147,2908.7163166999817,4.0,58.93359375,33,2908.658272266388,2.7,105.65234375,28,2874.946695804596,2.7,30.3515625,13,2906.281946182251
2026-02-13T17:14:08,idle_without_VPN,6.0,27.8,301.90719287526065,415.12239020348335,0.0,23713.437694929562,3.0,1311.93359375,53.416,48.0,1815.0,98.1,39.3515625,3,2745.9764845371246,9.3,105.65234375,28,2876.117295026779,8.0,30.3515625,13,2907.452902317047,6.7,114.0625,147,2909.8832669258118,4.0,4.6640625,383,1770992047.423087
2026-02-13T17:14:09,idle_without_VPN,6.3,27.8,42.492527874962285,0.0,0.0,8702.469708792276,3.0,1311.93359375,53.307,48.0,1815.0,100.3,39.3515625,3,2747.144122838974,5.3,113.99609375,147,2911.059380531311,5.3,30.3515625,14,2908.625579357147,4.0,105.65625,28,2877.2914929389954,4.0,59.07421875,33,2911.0039234161377
2026-02-13T17:14:10,idle_without_VPN,5.2,27.8,0.0,0.0,0.0,8696.022589178947,3.0,1311.93359375,53.451,48.0,1815.0,99.6,38.7734375,3,2748.336993455887,6.6,105.66015625,28,2878.4706375598907,5.3,58.97265625,33,2912.184284210205,5.3,30.3515625,13,2909.812490940094,2.7,4.6640625,383,1770992049.7783844
2026-02-13T17:14:12,idle_without_VPN,6.6,27.8,310.7952699706685,844.5343469336299,0.0,86565.18495439035,3.0,1311.93359375,53.327,48.0,1815.0,98.2,38.7734375,3,2749.5620064735413,7.7,30.3515625,13,2911.035947561264,5.2,4.6640625,383,1770992050.9851842,3.8,77.78125,65,2909.621641397476,2.6,105.6640625,28,2879.6867570877075
2026-02-13T17:14:13,idle_without_VPN,5.2,27.8,284.55826882212637,1848.8203431710315,0.0,9105.864602308044,3.0,1311.93359375,53.307,48.0,1815.0,97.5,39.359375,3,2750.795149564743,8.8,30.38671875,14,2912.274505376816,3.8,114.015625,147,2914.6835560798645,2.5,4.6640625,383,1770992052.2219276,2.5,105.66796875,28,2880.9198882579803
2026-02-13T17:14:14,idle_without_VPN,6.1,27.8,186.79565934597193,521.8808552780005,0.0,8808.89004073636,3.0,1311.93359375,53.307,48.0,1815.0,100.2,39.359375,3,2751.9957230091095,3.9,105.66796875,28,2882.135609149933,3.9,58.97265625,33,2915.848331928253,3.9,30.3515625,13,2913.473005771637,3.9,273.234375,276,2910.3986027240753
2026-02-13T17:14:15,idle_without_VPN,5.7,27.8,65.96558235512475,92.18267277831535,0.0,9093.101813875657,3.0,1311.93359375,53.281,48.0,1815.0,98.6,39.359375,3,2753.1836676597595,10.5,105.671875,28,2883.3205087184906,5.3,113.95703125,147,2917.085543870926,3.9,30.390625,14,2914.6629712581635,2.6,4.6640625,383,1770992054.6237972
2026-02-13T17:14:16,idle_without_VPN,5.8,27.8,0.0,491.5613345220589,0.0,93246.571367862,3.0,1311.93359375,53.1,47.0,1815.0,99.1,39.359375,3,2754.3509826660156,9.3,49.0390625,59,2885.770276784897,8.0,30.3515625,13,2915.8345110416412,6.6,114.00390625,147,2918.269469022751,5.3,4.6640625,383,1770992055.8099866
2026-02-13T17:14:18,idle_without_VPN,7.0,27.8,371.5601573757488,484.0508472234526,0.0,59340.543299055375,3.0,1311.93359375,52.998,47.0,1815.0,98.5,39.359375,3,2755.524148464203,12.0,105.75390625,28,2885.6724717617035,6.7,113.99609375,147,2919.442498445511,5.4,58.97265625,33,2919.3833813667297,4.0,30.390625,14,2917.0061116218567
2026-02-13T17:14:19,idle_without_VPN,5.9,27.8,228.22446119926963,46.331281596844214,0.0,9225.072957949425,3.0,1311.93359375,53.145,47.0,1815.0,100.6,39.359375,3,2756.6895740032196,6.7,113.99609375,147,2920.6078503131866,6.7,105.7265625,28,2886.842428922653,5.4,30.390625,14,2918.16952753067,4.0,58.97265625,33,2920.5547952651978
2026-02-13T17:14:20,idle_without_VPN,5.4,27.8,0.0,0.0,0.0,6110.70222940196,3.0,1311.93359375,52.971,47.0,1815.0,99.2,39.359375,3,2757.8710832595825,8.0,114.0078125,147,2921.780664205551,5.3,105.73046875,28,2888.013324022293,5.3,58.97265625,33,2921.726591348648,2.6,30.3515625,13,2919.352157831192
2026-02-13T17:14:21,idle_without_VPN,5.7,27.8,0.0,499.2062061904708,0.0,13152.328176819266,4.0,1311.93359375,53.011,47.0,1815.0,99.2,38.7734375,3,2759.037353515625,6.7,114.0390625,147,2922.948228597641,6.7,105.73046875,28,2889.181380748749,4.0,30.3515625,13,2920.5174860954285,4.0,273.28515625,276,2917.437497138977
2026-02-13T17:14:22,idle_without_VPN,6.6,27.8,0.0,0.0,0.0,13081.076171123099,3.0,1311.93359375,52.81,47.0,1815.0,101.0,39.35546875,3,2760.244414329529,7.9,58.97265625,33,2924.0807213783264,6.6,114.02734375,147,2924.125075817108,6.5,30.3515625,13,2921.721974849701,2.6,105.734375,28,2890.3676240444183
2026-02-13T17:14:24,idle_without_VPN,5.3,27.8,287.53925009728147,395.366468883762,0.0,9201.256003113007,4.0,1311.93359375,52.764,47.0,1815.0,99.8,39.35546875,3,2761.434537410736,7.7,105.60546875,28,2891.584133386612,5.3,273.3046875,276,2919.8377356529236,5.2,30.3515625,13,2922.91943359375,5.1,113.98046875,147,2925.3513946533203
2026-02-13T17:14:25,idle_without_VPN,7.3,27.8,42.463394934202704,45.86046652893892,0.0,0.0,3.0,1311.93359375,52.809,47.0,1815.0,100.0,38.76953125,3,2762.622425556183,10.6,113.99609375,147,2926.5251729488373,9.3,105.640625,28,2892.7591626644135,6.6,30.3515625,13,2924.101097345352,6.6,61.18359375,89,2924.0143179893494
2026-02-13T17:14:26,idle_without_VPN,5.5,27.8,2199.602082548582,35.31471233449558,0.0,18942.139035036107,3.0,1311.93359375,52.777,48.0,1815.0,98.4,39.3515625,3,2763.812778234482,6.6,105.64453125,28,2893.949835538864,5.3,114.01171875,147,2927.7145657539368,2.6,4.6640625,383,1770992065.2553189,2.6,22.1875,10,2927.6866211891174
2026-02-13T17:14:27,idle_without_VPN,6.2,27.8,2405.8625513944075,0.0,0.0,99130.2918307227,3.0,1311.93359375,52.947,48.0,1815.0,100.1,39.3515625,3,2764.983048439026,11.9,105.73828125,28,2895.1327731609344,5.3,114.00390625,147,2928.901883840561,4.0,30.3515625,13,2926.4660601615906,2.7,61.18359375,89,2926.3778746128082
2026-02-13T17:14:28,idle_without_VPN,6.1,27.8,1278.0178416571287,460.2232923771989,0.0,77522.81719031835,3.0,1311.93359375,52.867,48.0,1815.0,98.5,39.3515625,3,2766.1572892665863,6.7,114.01171875,147,2930.069808244705,5.4,105.7421875,28,2896.2994701862335,5.3,30.38671875,14,2927.640373945236,4.0,61.18359375,89,2927.551333665848
2026-02-13T17:14:29,idle_without_VPN,5.2,27.8,386.15860222326586,0.0,0.0,16476.10036152601,3.0,1311.93359375,52.943,48.0,1815.0,99.4,39.35546875,3,2767.3376541137695,7.9,105.75390625,28,2897.480444908142,5.3,114.03515625,147,2931.251356124878,4.0,58.97265625,33,2931.1941142082214,4.0,30.3515625,13,2928.8168716430664
2026-02-13T17:14:31,idle_without_VPN,6.5,27.8,0.0,0.0,0.0,13450.737987993904,3.0,1311.93359375,52.748,48.0,1815.0,100.9,39.35546875,3,2768.54479432106,11.8,105.5390625,28,2898.6744215488434,5.2,30.3515625,13,2930.021885871887,4.0,113.953125,147,2932.435921192169,3.9,58.97265625,33,2932.390990972519
2026-02-13T17:14:32,idle_without_VPN,5.5,27.8,250.41729952726422,89.2009334917379,0.0,93436.75029681345,3.0,1311.93359375,52.913,48.0,1815.0,99.1,39.3515625,3,2769.7744433879852,7.7,114.015625,147,2933.6576063632965,6.4,105.609375,28,2899.8920505046844,5.1,30.3515625,13,2931.2473130226135,2.6,58.97265625,33,2933.605838537216
2026-02-13T17:14:33,idle_without_VPN,5.8,27.8,1549.8444258478494,438.85068479270683,0.0,19629.187507159288,3.0,1311.93359375,52.876,48.0,1815.0,99.5,38.7734375,3,2770.9676752090454,10.2,105.87109375,28,2901.1151444911957,5.1,114.0,147,2934.8826513290405,3.9,30.3828125,14,2932.446318626404,3.9,61.18359375,89,2932.3574488162994
2026-02-13T17:14:34,idle_without_VPN,5.6,27.8,1049.6890689218312,0.0,0.0,0.0,3.0,1311.93359375,52.931,49.0,1815.0,100.0,39.35546875,3,2772.1553032398224,15.9,105.875,28,2902.292414665222,6.6,114.00390625,147,2936.058079481125,4.0,58.97265625,33,2936.0043637752533,4.0,30.3515625,13,2933.631370306015
2026-02-13T17:14:35,idle_without_VPN,6.2,27.8,192.3114753867591,0.0,0.0,10364.576357686385,3.0,1311.93359375,52.866,49.0,1815.0,99.8,39.35546875,3,2773.3292877674103,11.8,105.84765625,28,2903.4799988269806,7.9,114.01171875,147,2937.246550798416,5.3,30.38671875,14,2934.810566663742,4.0,61.18359375,89,2934.7222588062286
2026-02-13T17:14:37,idle_without_VPN,6.7,27.8,181.2865230103523,1011.6130034021074,0.0,27582.91550104681,3.0,1311.93359375,52.852,49.0,1815.0,97.1,39.35546875,3,2774.503753423691,10.7,105.83984375,28,2904.6487786769867,5.3,114.0234375,147,2938.4187500476837,5.3,30.3515625,13,2935.9867210388184,4.0,61.18359375,89,2935.8974759578705
2026-02-13T17:14:38,idle_without_VPN,6.0,27.8,496.2978057324977,412.728759406407,0.0,28815.971565829142,3.0,1311.93359375,53.067,49.0,1815.0,98.9,39.3515625,3,2775.672765493393,8.0,105.83984375,28,2905.819655895233,8.0,30.3515625,13,2937.1518483161926,5.3,113.90625,147,2939.588313102722,2.7,59.14453125,33,2939.531182527542
2026-02-13T17:14:39,idle_without_VPN,6.5,27.8,489.2121515640099,308.7510257248384,0.0,10947.404790243578,3.0,1311.93359375,52.893,49.0,1815.0,100.5,39.34765625,3,2776.839077949524,12.1,105.83984375,28,2906.98628783226,5.3,61.18359375,89,2938.233344554901,4.0,113.98046875,147,2940.7548546791077,4.0,58.97265625,33,2940.6992847919464
2026-02-13T17:14:40,idle_without_VPN,6.0,27.8,0.0,0.0,0.0,119451.25079314885,3.0,1311.93359375,53.037,49.0,1815.0,98.7,39.34765625,3,2778.0102682113647,14.7,105.84375,28,2908.1575660705566,6.7,114.00390625,147,2941.9245340824127,4.0,30.38671875,14,2939.4932713508606,2.7,4.6640625,383,1770992079.4674323
2026-02-13T17:14:41,idle_without_VPN,5.8,27.8,0.0,206.08309238626285,0.0,137037.56038777155,3.0,1311.93359375,52.959,49.0,1815.0,99.7,39.34765625,3,2779.1857714653015,9.3,105.84765625,28,2909.3298592567444,8.0,58.97265625,33,2943.043581008911,2.7,113.98828125,147,2943.095116853714,2.7,30.3515625,13,2940.6626052856445
2026-02-13T17:14:42,idle_without_VPN,6.5,27.8,0.0,45.65955899251279,0.0,8225.484997762303,3.0,1311.93359375,53.148,49.0,1815.0,99.0,39.34765625,3,2780.369108438492,17.1,105.55078125,28,2910.514441728592,6.6,30.38671875,14,2941.8505506515503,5.3,58.97265625,33,2944.228195667267,4.0,114.0078125,147,2944.279260158539
2026-02-13T17:14:44,idle_without_VPN,7.3,27.8,297.1124229394749,454.10932824272015,0.0,0.0,4.0,1311.93359375,53.202,49.0,1815.0,100.0,39.34765625,3,2781.556473493576,19.9,105.69921875,28,2911.69415974617,17.0,344.6484375,95,2912.645319223404,6.6,114.01171875,147,2945.4641230106354,6.6,30.3515625,13,2943.0376222133636
2026-02-13T17:14:45,idle_without_VPN,6.9,27.8,247.05564377597275,55.46147105174899,0.0,79595.61421244945,4.0,1311.93359375,53.169,49.0,1815.0,99.6,39.34375,3,2782.732706785202,18.4,105.69921875,28,2912.8819155693054,8.1,344.6484375,95,2913.808784008026,7.9,114.03515625,147,2946.6510343551636,3.9,58.97265625,33,2946.595041513443
2026-02-13T17:14:46,idle_without_VPN,6.4,27.8,0.0,252.6242408428487,0.0,21484.1930653064,4.0,1311.93359375,53.087,50.0,1815.0,98.1,38.76171875,3,2783.9115149974823,22.6,344.6484375,95,2914.982595205307,14.7,105.69921875,28,2914.05416059494,5.3,113.96484375,147,2947.8208091259003,5.3,30.3515625,13,2945.387148141861
2026-02-13T17:14:47,idle_without_VPN,7.9,27.8,0.0,0.0,0.0,16540.892755700675,7.0,1311.93359375,53.183,50.0,1815.0,100.1,39.34765625,3,2785.0823588371277,23.9,344.6484375,95,2916.159838438034,19.9,105.703125,28,2915.23282289505,7.9,30.3515625,13,2946.5663855075836,6.6,114.00390625,147,2948.998799800873
2026-02-13T17:14:48,idle_without_VPN,7.4,27.8,299.10606368484764,411.2708375666655,0.0,7831.14057647601,3.0,1311.93359375,53.184,50.0,1815.0,99.6,39.34765625,3,2786.2902517318726,19.9,105.70703125,28,2916.40882229805,12.8,344.6484375,95,2917.3803009986877,6.5,30.3515625,13,2947.7642896175385,5.3,114.0,147,2950.174707174301
2026-02-13T17:14:50,idle_without_VPN,7.0,27.8,0.0,0.0,0.0,11717.241145309123,3.0,1311.93359375,53.151,50.0,1815.0,98.4,39.34765625,3,2787.497437477112,18.3,344.6484375,95,2918.576201438904,14.0,105.70703125,28,2917.6344912052155,5.2,61.14453125,88,2948.8827908039093,5.1,113.9921875,147,2951.398828983307
2026-02-13T17:14:51,idle_without_VPN,6.8,27.8,110.45395462005925,165.6809319300889,0.0,18850.80825515678,3.0,1311.93359375,53.09,50.0,1815.0,99.6,39.34765625,3,2788.6737904548645,21.0,105.72265625,28,2918.8245763778687,18.6,344.96484375,95,2919.7526104450226,4.0,30.38671875,14,2950.1579077243805,3.9,114.01171875,147,2952.592405796051
2026-02-13T17:14:52,idle_without_VPN,6.4,27.8,112.91304778767993,112.91304778767993,0.0,122630.41311243783,4.0,1311.93359375,52.708,50.0,1815.0,98.9,38.76171875,3,2789.858840942383,17.4,105.6875,28,2919.993827819824,5.3,344.921875,95,2920.9311702251434,4.0,30.3515625,13,2951.3382625579834,2.7,114.02734375,147,2953.763697385788
2026-02-13T17:14:53,idle_without_VPN,7.4,27.8,299.23804057198356,411.45230578647744,0.0,31773.63921709789,0.0,1311.93359375,51.265,50.0,1815.0,97.5,39.3359375,3,2791.0121710300446,81.0,61.14453125,88,2952.4074964523315,25.3,105.6875,28,2921.1692106723785,19.1,344.921875,95,2922.077763557434,4.1,121.73828125,47,2943.9451911449432
2026-02-13T17:14:54,idle_without_VPN,10.8,27.8,43.58046257193788,0.0,0.0,8479.014797996233,0.0,1311.93359375,51.188,50.0,1815.0,100.0,61.14453125,88,2953.5639741420746,97.2,39.34375,3,2792.169995069504,10.9,105.69140625,28,2922.3156666755676,5.4,59.14453125,33,2956.0273263454437,5.4,30.3515625,13,2953.6532294750214
2026-02-13T17:14:55,idle_without_VPN,10.3,27.8,0.0,46.065857466854354,0.0,8298.678915510354,0.0,1311.93359375,51.076,50.0,1815.0,100.2,61.14453125,88,2954.7338829040527,97.1,38.7578125,3,2793.344630241394,19.9,105.70703125,28,2923.4916558265686,4.0,30.3515625,13,2954.8227059841156,2.7,344.9140625,95,2924.4185049533844
2026-02-13T17:14:57,idle_without_VPN,10.6,27.8,2399.697185296545,71.96521369686175,0.0,8334.257129084179,0.0,1311.93359375,51.121,50.0,1815.0,99.5,39.33984375,3,2794.4903523921967,99.0,61.14453125,88,2955.8853492736816,28.2,105.5390625,28,2924.656111717224,6.8,344.921875,95,2925.561700820923,4.1,30.3515625,13,2955.9744696617126
2026-02-13T17:14:58,idle_without_VPN,10.5,27.8,2377.2369414287737,353.6673500256805,0.0,12934.120229510601,0.0,1311.93359375,51.261,50.0,1815.0,100.6,61.14453125,88,2957.0346620082855,100.4,39.34375,3,2795.642358779907,28.6,105.671875,28,2925.803245306015,6.8,344.9296875,95,2926.7078862190247,5.5,59.14453125,33,2959.513215780258
2026-02-13T17:14:59,idle_without_VPN,11.2,27.8,1895.0994851551075,115.49082735017275,0.0,42556.6200175182,0.0,1311.93359375,51.141,50.0,1815.0,100.5,39.34375,3,2796.777130842209,100.2,61.14453125,88,2958.173061609268,27.4,105.68359375,28,2926.941825866699,6.8,344.9296875,95,2927.8484873771667,4.1,30.3515625,13,2958.262319087982
2026-02-13T17:15:00,idle_without_VPN,12.0,27.8,105.09511495980917,95.46139608849333,0.0,0.0,1.0,1311.93359375,51.062,51.0,1815.0,99.9,61.14453125,88,2959.314978122711,98.5,39.34375,3,2797.9194264411926,35.8,344.9296875,95,2928.9840092658997,21.9,105.68359375,28,2928.081178188324,4.1,82.19921875,56,2957.9721779823303
2026-02-13T17:15:01,idle_without_VPN,12.2,27.8,202.0185587264166,0.0,0.0,130199.18900655508,0.0,1311.93359375,51.038,51.0,1815.0,100.3,61.14453125,88,2960.4518225193024,89.2,39.34375,3,2799.058865070343,24.4,344.9296875,95,2930.1358058452606,13.8,105.69140625,28,2929.2117836475372,4.1,30.38671875,14,2960.541073322296
2026-02-13T17:15:02,idle_without_VPN,11.7,27.8,306.7319008002221,0.0,0.0,104697.82213980916,0.0,1311.93359375,51.193,51.0,1815.0,100.2,61.14453125,88,2961.605933904648,74.4,39.34375,3,2800.2131373882294,20.4,344.9296875,95,2931.2856652736664,6.8,4.6640625,383,1770992101.6815739,5.4,30.38671875,14,2961.69540476799
2026-02-13T17:15:03,idle_without_VPN,11.1,27.8,304.28410718157437,465.0705956354745,0.0,19474.18285962076,0.0,1311.93359375,51.224,51.0,1815.0,100.1,61.14453125,88,2962.7617251873016,74.6,39.34375,3,2801.3648381233215,4.1,30.390625,14,2962.8495013713837,2.7,58.97265625,33,2965.237329006195,2.7,273.62890625,277,2959.768050670624
2026-02-13T17:15:05,idle_without_VPN,10.0,27.8,0.0,0.0,0.0,9809.636222822148,1.0,1311.93359375,51.231,51.0,1815.0,99.2,61.14453125,88,2963.9116184711456,74.6,39.34375,3,2802.5172843933105,5.4,30.390625,14,2964.000565767288,4.1,58.97265625,33,2966.387229204178,2.7,4.6640625,383,1770992103.985614
2026-02-13T17:15:06,idle_without_VPN,10.2,27.8,653.2734717509554,104.52375548015287,0.0,9365.328491021697,1.0,1311.93359375,51.327,51.0,1815.0,91.9,39.34375,3,2803.6574013233185,51.9,61.14453125,88,2965.0546264648438,5.5,30.390625,14,2965.1439843177795,1.4,4.6640625,383,1770992105.1337814,1.4,58.97265625,33,2967.535483598709
2026-02-13T17:15:07,idle_without_VPN,6.8,27.8,47.70208638852787,0.0,0.0,7236.583179533709,1.0,1311.93359375,51.501,51.0,1815.0,98.9,39.34765625,3,2804.794315099716,2.8,30.3515625,13,2966.279284954071,1.4,113.91015625,147,2968.7259743213654,1.4,12.0546875,10,2968.6285467147827,1.4,20.734375,10,2956.9250774383545
2026-02-13T17:15:08,idle_without_VPN,8.3,27.8,308.956118205621,424.81466253272885,0.0,9437.205065189877,1.0,1311.93359375,51.411,51.0,1815.0,96.6,39.34765625,3,2805.926892518997,73.1,61.1796875,89,2967.3240971565247,4.1,58.98046875,33,2969.7997765541077,4.1,30.3515625,13,2967.412214040756,2.8,273.65234375,277,2964.3248026371
2026-02-13T17:15:09,idle_without_VPN,7.6,27.8,44.17166852966185,0.0,0.0,9498.675600618484,0.0,1311.93359375,51.511,51.0,1815.0,98.6,39.34765625,3,2807.0514385700226,15.3,61.1796875,89,2968.4461386203766,4.2,30.38671875,14,2968.5355558395386,1.4,58.98046875,33,2970.931122779846,1.4,105.2890625,16,2927.7823054790497
2026-02-13T17:15:10,idle_without_VPN,5.1,27.8,0.0,0.0,0.0,16540.005224064837,0.0,1311.93359375,51.45,51.0,1815.0,99.8,39.35546875,3,2808.1945741176605,8.2,61.1796875,89,2969.592583656311,4.1,30.38671875,14,2969.6819059848785,2.7,59.3125,33,2972.076376914978,2.7,23.30078125,5,2968.6250121593475
2026-02-13T17:15:11,idle_without_VPN,6.9,27.8,37.61742164192411,0.0,0.0,105013.51077791234,0.0,1311.93359375,51.391,51.0,1815.0,99.2,39.35546875,3,2809.313554763794,81.3,61.1796875,89,2970.7074365615845,4.2,59.05859375,33,2973.199750185013,2.8,30.3515625,13,2970.7959258556366,2.8,318.796875,35,2865.056421995163
2026-02-13T17:15:13,idle_without_VPN,6.4,27.8,0.0,0.0,0.0,10527.351800485529,0.0,1311.93359375,51.576,52.0,1815.0,100.4,39.35546875,3,2810.434139251709,5.6,30.390625,14,2971.918961763382,2.8,105.80859375,28,2940.6058201789856,2.8,59.0703125,33,2974.315678834915,1.4,4.6640625,383,1770992111.9209414
2026-02-13T17:15:14,idle_without_VPN,6.2,27.8,518.9763220828204,536.8720573270556,0.0,0.0,0.0,1311.93359375,51.349,52.0,1815.0,99.7,39.35546875,3,2811.562192440033,41.7,61.1796875,89,2972.9549629688263,6.9,98.05859375,39,2948.8376381397247,5.5,273.68359375,277,2969.9615886211395,4.2,59.0703125,33,2975.4345874786377
2026-02-13T17:15:15,idle_without_VPN,9.0,27.8,0.0,0.0,0.0,6264.364458977945,0.0,1311.93359375,51.488,52.0,1815.0,98.7,39.35546875,3,2812.701595067978,50.6,61.1796875,89,2974.097967147827,6.8,30.38671875,14,2974.1865367889404,1.4,58.97265625,33,2976.573159456253,1.4,240.4296875,155,2972.310955762863
2026-02-13T17:15:16,idle_without_VPN,4.9,27.8,0.0,0.0,0.0,9946.505992054945,0.0,1311.93359375,51.419,52.0,1815.0,99.6,38.76171875,3,2813.8312289714813,4.1,58.93359375,33,2977.706364631653,2.8,30.38671875,14,2975.318675518036,2.8,12.0625,4,2964.1162147521973,1.4,4.6640625,383,1770992115.3125257
2026-02-13T17:15:17,idle_without_VPN,5.8,27.8,0.0,0.0,0.0,60567.503046551865,1.0,1311.93359375,51.526,52.0,1815.0,99.0,39.34375,2,2814.967194080353,74.6,61.1796875,89,2976.361184358597,4.1,30.3515625,13,2976.450445652008,1.4,58.97265625,33,2978.8436949253082,1.4,97.6015625,31,2969.333218574524
2026-02-13T17:15:18,idle_without_VPN,7.5,27.8,308.91241872295126,424.75457574405795,0.0,6290.580163085552,0.0,1311.93359375,51.487,52.0,1815.0,97.2,38.7578125,2,2816.125527381897,13.5,61.1796875,89,2977.5176832675934,4.1,30.3515625,13,2977.605096101761,2.7,58.97265625,33,2979.9866273403168,1.4,113.91015625,147,2980.0424661636353
2026-02-13T17:15:19,idle_without_VPN,4.7,27.8,0.0,0.0,0.0,10536.297874080265,0.0,1311.93359375,51.383,52.0,1815.0,98.7,39.34375,2,2817.2805750370026,13.5,61.1796875,89,2978.6773529052734,2.7,30.38671875,14,2978.766039133072,2.7,26.66796875,9,2964.3512060642242,1.4,273.734375,277,2975.682865858078
2026-02-13T17:15:21,idle_without_VPN,7.9,27.8,183.06062339136068,397.20701301899015,0.0,0.0,0.0,1311.93359375,53.271,52.0,1815.0,100.5,39.34375,2,2818.4466078281403,72.6,61.1796875,89,2979.839159965515,4.0,30.390625,14,2979.9286098480225,2.7,26.66796875,9,2965.5209238529205,1.4,113.90234375,147,2982.3647360801697
2026-02-13T17:15:22,idle_without_VPN,6.6,27.8,0.0,620.5954174509001,0.0,135799.66777879943,0.0,1311.93359375,51.988,52.0,1815.0,99.1,38.7578125,2,2819.6138973236084,4.0,30.3515625,13,2981.0953471660614,2.7,124.8359375,99,2875.6801137924194,1.3,105.74609375,28,2949.764785528183,1.3,58.97265625,33,2983.477441549301
2026-02-13T17:15:23,idle_without_VPN,5.8,27.8,0.0,208.62252868533994,0.0,25263.23600478407,0.0,1311.93359375,51.767,52.0,1815.0,99.6,39.3515625,3,2820.7431790828705,55.0,61.1796875,89,2982.141856431961,6.8,58.97265625,33,2984.6255214214325,4.2,273.76953125,277,2979.141634941101,2.7,30.390625,14,2982.23126912117
2026-02-13T17:15:24,idle_without_VPN,8.6,27.8,356.6118856936917,429.35361362126065,0.0,10446.421805793316,0.0,1311.93359375,51.801,52.0,1815.0,101.2,39.35546875,3,2821.8704380989075,33.4,61.1796875,89,2983.2663893699646,8.3,30.3515625,13,2983.35551571846,1.4,113.91015625,147,2985.813137769699,1.4,58.97265625,33,2985.7489743232727
2026-02-13T17:15:25,idle_without_VPN,5.5,27.8,188.7638662667267,54.68859676886475,0.0,126454.14891587822,1.0,1311.93359375,51.821,52.0,1815.0,99.9,39.35546875,3,2823.012473344803,4.1,58.97265625,33,2986.8828151226044,4.1,30.3515625,13,2984.4961943626404,1.4,4.6640625,383,1770992124.490077,1.4,97.4140625,31,2977.379499912262
2026-02-13T17:15:26,idle_without_VPN,6.5,27.8,225.6597351034018,249.45978529008872,0.0,7221.111523308858,1.0,1311.93359375,51.856,51.0,1815.0,98.4,39.35546875,3,2824.139725446701,88.8,61.1796875,89,2985.532377243042,5.6,30.38671875,14,2985.621638774872,4.1,59.07421875,33,2988.0253829956055,1.4,12.08203125,10,2987.99053812027
2026-02-13T17:15:27,idle_without_VPN,6.9,27.8,37.25920329612224,85.1638932482794,0.0,10900.978335779762,0.0,1311.93359375,51.81,51.0,1815.0,98.2,39.35546875,3,2825.2697479724884,2.8,4.6640625,383,1770992126.7529383,2.8,59.07421875,33,2989.1498758792877,1.4,113.8984375,147,2989.2099204063416,1.4,12.078125,10,2989.1127438545227
2026-02-13T17:15:28,idle_without_VPN,4.3,27.8,725.0942282161985,468.54983297508653,0.0,11858.05204670029,1.0,1311.93359375,51.778,51.0,1815.0,99.4,39.35546875,3,2826.3852236270905,23.7,61.1796875,89,2987.781849861145,4.2,30.390625,14,2987.8709568977356,2.8,59.07421875,33,2990.270909309387,1.4,12.08203125,10,2990.234163045883
2026-02-13T17:15:30,idle_without_VPN,8.0,27.8,1076.853634000516,48.90747305534961,0.0,14113.807496991074,1.0,1311.93359375,51.802,51.0,1815.0,98.5,39.3515625,3,2827.511364221573,63.8,61.1796875,89,2988.907921552658,4.2,59.07421875,33,2991.390071630478,4.2,273.79296875,277,2985.90976190567,2.8,23.21875,5,2987.9420869350433
2026-02-13T17:15:31,idle_without_VPN,5.7,27.8,0.0,214.60453239001603,0.0,18236.9328769607,1.0,1311.93359375,51.943,51.0,1815.0,99.9,39.3515625,3,2828.637017726898,7.0,58.45703125,33,2992.5139157772064,5.5,30.3515625,13,2990.123033285141,2.8,113.90625,147,2992.57981801033,2.8,164.72265625,164,2970.166528224945
2026-02-13T17:15:32,idle_without_VPN,5.6,27.8,203.52140972913153,0.0,0.0,106031.08391782964,0.0,1311.93359375,51.781,51.0,1815.0,99.3,39.3515625,3,2829.754310131073,56.0,61.1796875,89,2991.1491487026215,5.6,30.38671875,14,2991.238378763199,4.2,58.97265625,33,2993.6330881118774,2.8,105.734375,28,2959.9241576194763
2026-02-13T17:15:33,idle_without_VPN,8.3,27.8,264.4408804192538,107.9350532323485,14736.732601323314,116051.7692354211,0.0,1311.93359375,51.696,50.0,1815.0,100.0,39.35546875,3,2830.8796100616455,33.3,61.1796875,89,2992.275457382202,5.6,58.97265625,33,2994.751862049103,2.8,30.38671875,14,2992.3644449710846,2.8,92.6484375,30,2950.278963327408
2026-02-13T17:15:34,idle_without_VPN,5.4,27.8,310.9569536730703,427.5658113004717,0.0,0.0,1.0,1311.93359375,51.735,50.0,1815.0,99.4,39.34765625,3,2831.9956619739532,5.6,30.3515625,13,2993.483409881592,1.4,113.9140625,147,2995.941391468048,1.4,8.171875,15,2997.06227350235,1.4,12.078125,10,2995.842303752899
2026-02-13T17:15:35,idle_without_VPN,6.7,27.8,204.7276133134636,0.0,0.0,8735.04483470778,1.0,1311.93359375,51.705,50.0,1815.0,99.7,39.35546875,3,2833.108378648758,88.8,61.1796875,89,2994.5049238204956,4.2,4.6640625,383,1770992134.5993333,2.8,58.97265625,33,2996.995851278305,2.8,30.390625,14,2994.5945570468903
2026-02-13T17:15:36,idle_without_VPN,7.3,27.8,0.0,0.0,0.0,92205.38702173355,0.0,1311.93359375,51.801,50.0,1815.0,98.7,39.35546875,3,2834.232167482376,7.0,30.3515625,13,2995.7172231674194,4.2,58.97265625,33,2998.112918138504,1.4,113.90625,147,2998.172277212143,1.4,8.171875,15,2999.2929990291595
2026-02-13T17:15:37,idle_without_VPN,5.1,27.8,0.0,0.0,0.0,7742.142646949669,0.0,1311.93359375,51.592,50.0,1815.0,100.0,38.76953125,3,2835.359658241272,20.8,61.1796875,89,2996.7549755573273,6.9,30.38671875,13,2996.844274520874,1.4,4.6640625,383,1770992136.840177,1.4,17.8671875,6,2999.247591972351
2026-02-13T17:15:39,idle_without_VPN,8.1,27.8,476.47609948618,431.86223249309194,0.0,4111.613982082991,0.0,1311.93359375,51.629,50.0,1815.0,99.8,38.765625,3,2836.485376358032,68.1,61.1796875,89,2997.8800733089447,2.8,58.97265625,33,3000.361300468445,2.8,30.38671875,14,2997.9690799713135,2.8,170.8515625,35,2965.0869159698486
2026-02-13T17:15:40,idle_without_VPN,6.0,27.8,517.9300568173837,281.38814631844275,0.0,13056.409989175745,5.0,1311.93359375,51.699,49.0,1815.0,99.6,39.3515625,3,2837.630985736847,6.8,30.3515625,14,2999.1139221191406,2.7,39.83984375,35,2999.094912290573,1.4,17.8671875,6,3001.5045416355133,1.4,58.97265625,33,3001.4960327148438
2026-02-13T17:15:41,idle_without_VPN,5.2,27.8,940.1746480161858,369.79039959078176,0.0,0.0,0.0,1311.93359375,51.607,49.0,1815.0,100.4,39.35546875,3,2838.766363620758,56.3,61.1796875,89,3000.1632466316223,2.7,105.75,28,2968.9262416362762,2.7,59.14453125,33,3002.6361713409424,1.4,4.6640625,383,1770992140.244472
2026-02-13T17:15:42,idle_without_VPN,8.2,27.8,952.4525132415566,422.3305207137886,0.0,37999.14442439042,0.0,1311.93359375,51.606,49.0,1815.0,98.6,39.35546875,3,2839.8919072151184,32.0,61.1875,89,3001.287834882736,4.2,30.38671875,14,3001.3754942417145,1.4,4.6640625,383,1770992141.3755145,1.4,113.9140625,147,3003.832109451294
2026-02-13T17:15:43,idle_without_VPN,5.2,27.8,948.3420513483084,420.5078854772648,0.0,9008.369764199144,1.0,1311.93359375,51.381,49.0,1815.0,98.2,39.359375,3,2841.037308692932,6.8,30.38671875,14,3002.522619485855,5.5,20.21875,6,3005.873868703842,1.4,4.6640625,383,1770992142.5121596,1.4,59.14453125,33,3004.9144525527954
2026-02-13T17:15:44,idle_without_VPN,7.2,27.8,1418.0931308456522,922.5087530268428,0.0,8112.443385396357,1.0,1311.93359375,51.432,49.0,1815.0,100.6,39.359375,3,2842.1711180210114,86.9,61.2734375,89,3003.566277742386,6.9,30.3515625,14,3003.654657125473,4.1,4.6640625,383,1770992143.6485844,4.1,59.14453125,33,3006.04976272583
2026-02-13T17:15:45,idle_without_VPN,6.3,27.8,68.57915896566448,48.357099270660854,0.0,8553.052030999796,0.0,1311.93359375,51.538,49.0,1815.0,99.3,39.359375,3,2843.3046119213104,5.5,273.91015625,277,3001.703672170639,4.2,30.3515625,13,3004.783509492874,2.8,58.93359375,33,3007.178721666336,2.8,12.0625,4,2993.587158203125
2026-02-13T17:15:47,idle_without_VPN,6.7,27.8,0.0,0.0,0.0,10402.200543443694,0.0,1311.93359375,51.353,49.0,1815.0,100.7,39.359375,3,2844.4371984004974,27.4,61.2734375,89,3005.8361525535583,5.5,58.97265625,33,3008.315849304199,5.5,30.390625,14,3005.9252882003784,2.8,4.6640625,383,1770992145.9191277
2026-02-13T17:15:48,idle_without_VPN,8.2,27.8,0.0,0.0,0.0,108701.61023026188,0.0,1311.93359375,51.415,48.0,1815.0,98.3,39.35546875,3,2845.566958665848,61.0,61.2890625,89,3006.9629352092743,5.5,30.3515625,13,3007.0512256622314,2.8,113.90234375,147,3009.5045278072357,2.8,58.97265625,33,3009.442756175995
2026-02-13T17:15:49,idle_without_VPN,5.9,27.8,308.27185894781724,423.8738060532487,0.0,128241.09332229197,0.0,1311.93359375,51.332,48.0,1815.0,99.8,39.359375,3,2846.7250719070435,5.4,30.390625,14,3008.208884000778,2.7,4.6640625,383,1770992148.1905985,2.7,105.7890625,28,2976.8819637298584,2.7,58.40625,33,3010.5936992168427
2026-02-13T17:15:50,idle_without_VPN,5.1,27.8,0.0,0.0,0.0,59434.71659773029,1.0,1311.93359375,51.316,48.0,1815.0,98.0,39.359375,3,2847.8728260993958,65.2,61.4609375,89,3009.2699196338654,2.7,58.97265625,33,3011.748738527298,1.4,113.90625,147,3011.804144382477,1.4,12.078125,10,3011.71222615242
2026-02-13T17:15:51,idle_without_VPN,8.1,27.8,36.21502205558414,0.0,0.0,24281.310025839273,1.0,1311.93359375,51.334,48.0,1815.0,99.8,39.359375,3,2849.0467960834503,21.4,61.4609375,89,3010.439320087433,6.7,30.390625,14,3010.5284192562103,2.7,105.828125,28,2979.1944003105164,1.3,113.90234375,147,3012.9624366760254
2026-02-13T17:15:52,idle_without_VPN,5.0,27.8,395.7066761064711,0.0,0.0,99554.3416852694,1.0,1311.93359375,51.394,48.0,1815.0,99.6,39.34765625,3,2850.223037481308,8.0,61.4609375,89,3011.6140263080597,2.7,58.97265625,33,3014.084418296814,2.7,30.3515625,13,3011.7029373645782,1.3,8.16796875,15,3015.257458925247
2026-02-13T17:15:54,idle_without_VPN,8.4,27.8,0.0,0.0,0.0,15666.731040648901,1.0,1311.93359375,51.329,48.0,1815.0,98.9,39.34765625,3,2851.3922684192657,77.3,61.46875,89,3012.786600828171,5.3,30.3828125,14,3012.8754227161407,2.7,105.84375,28,2981.5408189296722,2.7,58.97265625,33,3015.2537517547607
2026-02-13T17:15:55,idle_without_VPN,5.9,27.8,340.86376185894864,410.3931859197292,0.0,0.0,0.0,1311.93359375,51.36,48.0,1815.0,99.2,39.34765625,3,2852.588976621628,6.5,30.3515625,13,3014.0710077285767,3.9,70.609375,22,2972.961415529251,2.6,105.859375,28,2982.7225666046143,2.6,59.14453125,33,3016.4337968826294
2026-02-13T17:15:56,idle_without_VPN,5.9,27.8,0.0,0.0,0.0,12070.739154018023,0.0,1311.93359375,50.874,47.0,1815.0,98.2,39.359375,3,2853.92520403862,59.0,61.5546875,89,3015.307111263275,24.8,243.1796875,71,3015.3917274475098,5.9,30.390625,14,3015.395354747772,3.9,105.859375,28,2983.9117085933685
2026-02-13T17:15:57,idle_without_VPN,12.1,27.9,343.84209284300385,0.0,951234.1973920428,178220.57315951452,0.0,1311.93359375,50.914,47.0,1815.0,100.0,39.3671875,3,2855.284633874893,26.6,244.01171875,74,3016.7423939704895,17.3,61.5546875,89,3016.6609127521515,6.9,30.3515625,13,3016.7474658489227,5.5,59.14453125,33,3019.031371831894
2026-02-13T17:15:59,idle_without_VPN,8.5,27.9,3687.5019904011187,1395.9984848253596,11918.728074715315,52889.35583154921,0.0,1312.68359375,50.793,47.0,1815.0,100.3,39.36328125,3,2856.733206510544,41.5,61.5546875,89,3018.1304154396057,9.5,246.28125,78,3018.217971801758,5.3,30.3515625,13,3018.2198622226715,4.5,326.60546875,35,2912.5008928775787
2026-02-13T17:16:00,idle_without_VPN,11.1,27.9,2972.829794544845,1028.3832213710086,11949.667162370642,138914.88076255872,0.0,1324.44140625,50.976,47.0,1815.0,99.6,39.36328125,3,2857.9259021282196,32.9,61.58203125,89,3019.319896697998,11.4,4.6640625,384,1770992159.3803627,7.2,105.87890625,28,2988.0824377536774,5.0,12.0625,4,3008.286171913147
2026-02-13T17:16:01,idle_without_VPN,7.4,27.9,9102.848922205467,3760.1163858678565,13135.553702784426,213863.23372345892,1.0,1324.44140625,50.778,47.0,1815.0,100.8,39.37109375,3,2859.1690073013306,3.8,58.97265625,33,3023.033558368683,3.8,61.7421875,89,3020.5618312358856,2.5,246.8671875,81,3020.648596048355,2.5,15.75390625,36,3018.978833436966
2026-02-13T17:16:02,idle_without_VPN,8.4,27.9,10125.875391912072,5873.4895840577665,0.0,185032.99152589837,0.0,1318.49609375,50.721,48.0,1815.0,99.0,39.37109375,3,2860.3206853866577,82.8,61.75,89,3021.7141823768616,5.4,105.64453125,28,2990.473968029022,4.1,30.3828125,14,3021.801087141037,2.7,12.0625,4,3010.607778072357
2026-02-13T17:16:04,idle_without_VPN,6.3,27.9,0.0,53.83117816255536,0.0,55567.66778070231,0.0,1318.12109375,50.99,48.0,1815.0,100.2,39.37109375,3,2861.4877367019653,4.0,30.3515625,13,3022.96532702446,2.7,105.703125,28,2991.632742166519,2.7,58.97265625,33,3025.3439564704895,2.7,184.04296875,105,2997.5430920124054
2026-02-13T17:16:05,idle_without_VPN,5.1,27.9,725.5595435920807,414.11653195585734,0.0,44245.442356407635,0.0,1311.93359375,50.841,48.0,1815.0,98.9,39.37109375,3,2862.64133477211,44.4,61.8359375,89,3024.0363726615906,2.7,105.84765625,28,2992.7980086803436,2.7,58.97265625,33,3026.5087282657623,2.7,105.3359375,18,2983.3726749420166
2026-02-13T17:16:06,idle_without_VPN,8.3,27.9,374.05563334879565,0.0,0.0,70488.7060177286,0.0,1311.93359375,50.934,48.0,1815.0,95.6,39.37109375,3,2863.801681280136,41.8,61.83984375,89,3025.196083545685,4.0,30.3515625,13,3025.282845020294,2.7,105.859375,28,2993.9503996372223,2.7,58.97265625,33,3027.665636777878
2026-02-13T17:16:07,idle_without_VPN,5.7,27.8,228.58432001337474,0.0,0.0,129354.66362020027,0.0,1311.93359375,50.85,48.0,1815.0,98.8,39.37109375,3,2864.9718894958496,9.4,105.86328125,28,2995.1167180538177,2.7,58.97265625,33,3028.8349006175995,2.7,30.390625,14,3026.453141450882,2.7,12.0625,4,3015.2612528800964
2026-02-13T17:16:08,idle_without_VPN,7.7,27.8,229.03273342379535,0.0,0.0,0.0,0.0,1311.93359375,50.828,48.0,1815.0,99.5,39.37109375,3,2866.1188085079193,85.8,61.9296875,89,3027.511817932129,4.1,58.97265625,33,3029.990842103958,4.1,274.01171875,275,3024.5185494422913,2.7,105.84765625,28,2996.2804889678955
2026-02-13T17:16:09,idle_without_VPN,7.3,27.9,348.7055427941897,513.5166202342295,0.0,6217.714753106347,1.0,1311.93359375,50.939,48.0,1815.0,100.1,38.77734375,3,2867.2898230552673,6.8,105.8515625,28,2997.4287474155426,5.3,30.38671875,14,3028.773058652878,3.9,184.0546875,105,3003.3635425567627,2.7,247.0703125,81,3028.7707381248474
2026-02-13T17:16:11,idle_without_VPN,6.1,27.9,1567.301169832408,3631.347178633612,0.0,25304.667952056323,0.0,1311.93359375,50.82,48.0,1815.0,99.9,39.37109375,3,2868.4940452575684,31.2,62.0234375,89,3029.8873841762543,9.1,105.85546875,28,2998.628389120102,3.9,242.0,81,3029.9709441661835,3.9,30.38671875,14,3029.9760665893555
2026-02-13T17:16:12,idle_without_VPN,8.2,27.8,450.4487550855005,202.5338618947866,0.0,64111.63176858706,0.0,1311.93359375,51.02,48.0,1815.0,97.1,39.37109375,3,2869.668530702591,53.4,62.03515625,89,3031.056562900543,6.7,30.38671875,14,3031.145191192627,6.6,105.84375,28,2999.818698644638,5.2,58.97265625,33,3033.5325565338135
2026-02-13T17:16:13,idle_without_VPN,6.7,27.8,0.0,207.4028731129987,0.0,11015.588281520262,1.0,1311.93359375,50.971,49.0,1815.0,99.4,39.37109375,3,2870.816253900528,6.7,105.796875,28,3000.9770743846893,5.4,4.6640625,383,1770992172.2880085,4.1,59.14453125,33,3034.6887440681458,2.7,30.38671875,13,3032.2991738319397
2026-02-13T17:16:14,idle_without_VPN,6.7,27.8,305.9179720992915,420.63721163652576,0.0,17353.892235450716,1.0,1311.93359375,51.151,49.0,1815.0,99.0,39.37109375,3,2871.9683270454407,73.4,62.1171875,89,3033.3619241714478,5.4,98.05859375,39,3009.2475111484528,4.1,23.41796875,10,3019.022652387619,2.7,113.90234375,147,3035.896313428879
2026-02-13T17:16:15,idle_without_VPN,8.9,27.8,36.579857992028714,293.5098129360399,0.0,13823.702524987613,1.0,1311.93359375,51.074,49.0,1815.0,100.3,39.37109375,3,2873.121129989624,13.5,62.12109375,89,3034.517727613449,10.9,105.6171875,28,3003.2774019241333,6.8,30.3515625,13,3034.607056617737,4.1,58.97265625,33,3036.9882893562317
2026-02-13T17:16:16,idle_without_VPN,5.3,27.9,0.0,0.0,0.0,0.0,0.0,1311.93359375,50.991,49.0,1815.0,97.6,39.37109375,3,2874.2740807533264,13.5,62.2109375,89,3035.6710729599,9.4,105.71875,28,3004.4386472702026,4.1,30.3515625,13,3035.7600281238556,2.7,4.6640625,383,1770992175.7487602
2026-02-13T17:16:18,idle_without_VPN,8.3,27.9,0.0,0.0,0.0,23163.269560946184,0.0,1311.93359375,51.028,49.0,1815.0,100.0,39.37109375,3,2875.4299063682556,71.8,62.23046875,89,3036.8247063159943,5.4,4.6640625,383,1770992176.8980107,5.4,105.72265625,28,3005.5863444805145,4.1,30.3515625,13,3036.9137449264526
2026-02-13T17:16:19,idle_without_VPN,6.2,27.8,0.0,0.0,0.0,32789.37203835425,1.0,1311.93359375,51.298,49.0,1815.0,101.1,38.7734375,3,2876.5893869400024,10.8,105.78515625,28,3006.744849920273,5.4,58.97265625,33,3040.4554669857025,1.4,30.3515625,13,3038.0707824230194,1.3,113.9140625,147,3040.5129928588867
2026-02-13T17:16:20,idle_without_VPN,5.8,27.8,624.9444068967666,627.5411288090801,0.0,42544.69181134331,0.0,1311.93359375,51.223,49.0,1815.0,99.0,39.37109375,3,2877.740935087204,52.9,62.3046875,89,3039.1330604553223,9.5,105.87890625,28,3007.898268699646,4.1,30.3515625,13,3039.222546815872,2.7,97.44921875,31,3032.110087156296
2026-02-13T17:16:21,idle_without_VPN,9.1,27.8,320.46844499052673,0.0,0.0,15077.60727133808,0.0,1311.93359375,51.157,49.0,1815.0,101.1,39.37109375,3,2878.900498867035,33.6,62.30859375,89,3040.297488927841,10.8,105.8828125,28,3009.0563793182373,4.0,58.97265625,33,3042.770124912262,4.0,30.3515625,13,3040.385530948639
2026-02-13T17:16:22,idle_without_VPN,5.5,27.8,0.0,0.0,0.0,7044.052182965524,0.0,1311.93359375,51.266,49.0,1815.0,99.8,39.37109375,3,2880.0583329200745,9.4,105.8828125,28,3010.215084552765,5.4,4.6640625,383,1770992181.5269642,2.7,58.97265625,33,3043.9299640655518,2.7,30.390625,14,3041.5443670749664
2026-02-13T17:16:23,idle_without_VPN,8.2,27.9,0.0,0.0,0.0,10639.167742392287,0.0,1311.93359375,51.067,49.0,1815.0,96.2,39.35546875,3,2881.211904525757,89.6,62.40234375,89,3042.605794906616,13.5,105.8828125,28,3011.3697435855865,5.4,30.3515625,14,3042.6941142082214,4.1,4.6640625,383,1770992182.6824594
2026-02-13T17:16:25,idle_without_VPN,7.5,27.9,665.4899728542796,463.77410025337105,0.0,0.0,0.0,1311.93359375,51.198,50.0,1815.0,98.8,39.359375,3,2882.39861536026,10.7,105.8828125,28,3012.535712003708,6.7,58.98046875,33,3046.2488265037537,2.7,4.6640625,383,1770992183.8420575,2.6,30.3515625,13,3043.875844478607
2026-02-13T17:16:26,idle_without_VPN,5.6,27.8,0.0,44.92600171974162,0.0,119270.21493596591,0.0,1311.93359375,50.998,50.0,1815.0,100.1,39.35546875,3,2883.600065469742,37.7,62.4921875,89,3044.988240480423,10.4,105.8828125,28,3013.740433216095,5.2,4.6640625,383,1770992185.0448334,3.9,58.98046875,33,3047.451269865036
2026-02-13T17:16:27,idle_without_VPN,9.2,27.8,386.76908982438226,100.4595038504889,0.0,65579.96411359916,1.0,1311.93359375,51.283,50.0,1815.0,98.8,39.359375,3,2884.80166721344,46.6,62.49609375,89,3046.1954033374786,11.8,105.8828125,28,3014.9315156936646,5.2,30.3515625,13,3046.2812287807465,2.6,4.6640625,383,1770992186.2383094
2026-02-13T17:16:28,idle_without_VPN,7.7,27.8,147.85215539221852,44.85402466954943,0.0,14884.891149598627,1.0,1311.93359375,51.24,50.0,1815.0,100.8,39.36328125,3,2885.979905605316,13.0,105.8828125,28,3016.133314371109,4.0,30.38671875,14,3047.4644770622253,2.7,324.0546875,35,2941.729608774185,2.6,23.234375,5,3046.40958070755
2026-02-13T17:16:29,idle_without_VPN,7.7,27.8,770.9620827474766,502.4247280826252,0.0,13749.112558840392,0.0,1311.93359375,51.165,50.0,1815.0,99.2,39.3671875,3,2887.130051612854,85.8,62.5859375,89,3048.52291059494,14.9,105.921875,28,3017.2872166633606,4.1,58.97265625,33,3051.000614643097,4.1,30.38671875,14,3048.6117408275604
2026-02-13T17:16:30,idle_without_VPN,8.2,27.9,67.16914400102657,47.3628579494418,0.0,43208.704735839856,0.0,1311.93359375,51.304,50.0,1815.0,100.1,39.3671875,3,2888.285509109497,9.4,105.95703125,28,3018.444525241852,5.4,344.9453125,94,3019.3579795360565,4.1,30.38671875,14,3049.7679359912872,4.1,247.9453125,49,3031.194525241852
2026-02-13T17:16:32,idle_without_VPN,6.1,27.8,353.9770009909101,0.0,0.0,8035.103549586767,0.0,1311.93359375,51.127,50.0,1815.0,98.8,39.3671875,3,2889.4391992092133,25.8,62.5859375,89,3050.830537557602,15.0,105.95703125,28,3019.5921568870544,8.1,30.390625,14,3050.9195935726166,4.1,58.97265625,33,3053.3034183979034
2026-02-13T17:16:33,idle_without_VPN,8.7,27.8,197.8328636283238,0.0,0.0,10662.15012396861,0.0,1311.93359375,51.362,50.0,1815.0,100.1,39.3671875,3,2890.594285964966,60.9,62.59765625,89,3051.9856193065643,13.5,344.91015625,94,3021.6661994457245,9.5,105.95703125,28,3020.7464442253113,4.1,58.97265625,33,3054.457545042038
2026-02-13T17:16:34,idle_without_VPN,6.1,27.8,232.46523835515433,56.824836042371054,0.0,7934.813469189267,0.0,1311.93359375,51.311,50.0,1815.0,99.6,39.3671875,3,2891.755178451538,10.8,105.95703125,28,3021.9071128368378,5.4,344.91015625,94,3022.824794769287,4.0,30.3515625,13,3053.2363154888153,4.0,26.66796875,9,3038.822374343872
2026-02-13T17:16:35,idle_without_VPN,7.0,27.8,362.3732569296001,467.27077867237904,0.0,7989.550085797116,1.0,1311.93359375,51.31,50.0,1815.0,100.5,39.3671875,3,2892.9057404994965,66.4,62.7734375,89,3054.3004500865936,19.0,344.91015625,94,3023.978714466095,17.7,105.9609375,28,3023.0558474063873,5.4,30.3515625,13,3054.3889129161835
2026-02-13T17:16:36,idle_without_VPN,10.2,27.8,197.9731764621126,0.0,0.0,585500.4595662649,1.0,1311.93359375,51.391,51.0,1815.0,99.3,39.3671875,3,2894.054254055023,20.4,62.7734375,89,3055.44948554039,20.4,344.91015625,94,3025.1259772777557,20.3,105.96484375,28,3024.211507320404,4.1,4.6640625,383,1770992195.524252
2026-02-13T17:16:37,idle_without_VPN,8.5,27.9,0.0,0.0,0.0,118239.62615099955,1.0,1311.93359375,51.5,51.0,1815.0,100.9,39.3671875,3,2895.2163286209106,17.5,344.92578125,95,3026.285959005356,16.2,105.96875,28,3025.3721845149994,6.8,30.3515625,13,3056.6949920654297,6.8,62.7734375,89,3056.605598926544
2026-02-13T17:16:38,idle_without_VPN,9.9,27.8,0.0,0.0,0.0,4843.123456149742,0.0,1311.93359375,51.304,51.0,1815.0,100.3,39.3671875,3,2896.368372440338,78.0,62.77734375,89,3057.7679686546326,17.6,105.97265625,28,3026.5282497406006,17.6,344.92578125,95,3027.436841249466,5.4,30.3515625,13,3057.856223344803
2026-02-13T17:16:40,idle_without_VPN,7.4,27.8,348.2195820853355,419.24944708781686,0.0,0.0,0.0,1311.93359375,51.411,51.0,1815.0,98.8,39.3671875,3,2897.522793531418,13.6,105.98046875,28,3027.679378271103,13.5,344.91015625,95,3028.5957028865814,4.1,30.3515625,13,3059.011356830597,2.7,274.2265625,276,3055.925718307495
2026-02-13T17:16:41,idle_without_VPN,7.0,27.8,154.4915779209922,0.0,0.0,8443.225112446136,0.0,1311.93359375,51.372,51.0,1815.0,99.3,38.7734375,3,2898.670974969864,46.2,62.8671875,89,3060.072080850601,14.9,105.69921875,28,3028.8293645381927,13.6,344.91796875,95,3029.7406260967255,5.4,30.3515625,13,3060.1592123508453
2026-02-13T17:16:42,idle_without_VPN,10.5,27.8,0.0,0.0,0.0,8507.818914952648,0.0,1311.93359375,51.519,51.0,1815.0,98.5,39.3671875,3,2899.845191717148,40.2,62.87890625,89,3061.239080429077,24.3,105.7734375,28,3029.9862105846405,13.2,344.91796875,95,3030.9273920059204,5.4,30.3515625,13,3061.325867652893
2026-02-13T17:16:43,idle_without_VPN,6.1,27.8,0.0,45.05811617346105,0.0,15807.054681297152,0.0,1311.93359375,51.514,51.0,1815.0,99.8,39.3671875,3,2901.035032749176,13.1,105.80859375,28,3031.1774826049805,10.5,344.91796875,95,3032.120010614395,3.9,77.78125,65,3061.0953800678253,2.6,22.1953125,11,3064.918454647064
2026-02-13T17:16:44,idle_without_VPN,8.9,27.8,6089.555226976594,1612.9997144170306,0.0,18428.542663521195,0.0,1311.93359375,51.316,51.0,1815.0,100.4,39.3671875,3,2902.2491517066956,81.0,62.96484375,89,3063.647562980652,21.8,105.80859375,28,3032.396265029907,11.6,19.4296875,11,3066.3252215385437,10.3,344.91796875,95,3033.336327791214
2026-02-13T17:16:46,idle_without_VPN,8.7,27.8,0.0,0.0,0.0,110102.82688079383,1.0,1311.93359375,51.497,51.0,1815.0,100.3,39.3671875,3,2903.4333662986755,26.3,105.87890625,28,3033.582818031311,6.6,344.91796875,95,3034.5120556354523,5.3,30.38671875,14,3064.9185814857483,2.7,324.0546875,35,2959.189297437668
2026-02-13T17:16:47,idle_without_VPN,6.3,27.8,0.0,46.154670805306765,0.0,21443.118169695113,0.0,1311.93359375,51.526,51.0,1815.0,97.9,39.359375,3,2904.5984609127045,40.1,63.0546875,89,3065.9987325668335,26.8,105.87890625,28,3034.7502524852753,6.7,344.91796875,95,3035.6799852848053,2.7,58.97265625,33,3068.464190721512
2026-02-13T17:16:48,idle_without_VPN,10.3,27.8,66.57317865047749,46.94262597149053,0.0,92642.55260817215,0.0,1311.93359375,51.57,51.0,1815.0,99.5,38.7734375,3,2905.775770664215,45.2,63.0546875,89,3067.1763541698456,29.2,105.88671875,28,3035.9267642498016,18.8,344.91796875,95,3036.8464229106903,8.0,124.859375,99,2961.847711801529
2026-02-13T17:16:49,idle_without_VPN,9.0,27.8,0.0,46.32044184432293,0.0,0.0,0.0,1311.93359375,51.535,52.0,1815.0,83.6,39.36328125,3,2906.9534771442413,35.8,344.921875,95,3038.024516105652,21.4,105.88671875,28,3037.094431400299,5.3,30.38671875,14,3068.4325857162476,5.3,274.31640625,276,3065.3565762043
2026-02-13T17:16:50,idle_without_VPN,9.4,27.8,297.31729001341597,408.81127376844694,0.0,32867.074968755805,0.0,1311.93359375,51.376,52.0,1815.0,83.4,63.0546875,89,3069.5241186618805,74.6,39.3671875,3,2908.126830816269,39.8,344.921875,95,3039.2035880088806,4.0,58.97265625,33,3071.9830873012543,4.0,30.3515625,13,3069.613208770752
2026-02-13T17:16:51,idle_without_VPN,9.2,27.8,0.0,0.0,0.0,10354.604208011398,0.0,1311.93359375,51.718,52.0,1815.0,75.0,39.3671875,3,2909.3141005039215,6.6,30.38671875,14,3070.8029572963715,5.3,58.97265625,33,3073.170291662216,2.6,344.921875,95,3040.404589653015,2.6,184.04296875,105,3045.388985157013
2026-02-13T17:16:53,idle_without_VPN,6.5,27.8,0.0,0.0,0.0,114937.10872555063,0.0,1311.93359375,51.485,52.0,1815.0,74.4,39.359375,3,2910.5112495422363,30.2,63.2421875,89,3071.9024822711945,9.2,30.3515625,13,3071.9915220737457,1.3,4.6640625,383,1770992211.9586546,1.3,8.171875,15,3075.5399622917175
2026-02-13T17:16:54,idle_without_VPN,9.4,27.8,55.35416265910439,100.64393210746252,0.0,9017.696316828642,4.0,1311.93359375,51.52,52.0,1815.0,92.1,39.359375,3,2911.698915243149,52.5,63.2421875,89,3073.093852043152,2.6,113.9140625,147,3075.610663175583,2.6,30.38671875,14,3073.182757616043,1.3,58.98046875,33,3075.5622639656067
2026-02-13T17:16:55,idle_without_VPN,6.8,27.8,339.7892170929809,409.0994554054795,0.0,9088.093687024206,1.0,1311.93359375,51.529,52.0,1815.0,97.7,39.359375,3,2912.8822231292725,5.3,30.3515625,13,3074.365890264511,1.3,105.7421875,28,3043.0198435783386,1.3,59.07421875,33,3076.7308971881866,1.3,23.33203125,5,3073.315506696701
2026-02-13T17:16:56,idle_without_VPN,8.1,27.8,0.0,0.0,0.0,50284.284877505204,1.0,1311.93359375,51.602,52.0,1815.0,92.1,39.35546875,3,2914.0697073936462,78.7,63.2421875,89,3075.467554330826,6.6,30.38671875,14,3075.5562887191772,3.9,58.97265625,33,3077.9345288276672,1.3,23.33984375,5,3074.5011377334595
2026-02-13T17:16:57,idle_without_VPN,8.1,27.8,0.0,0.0,0.0,13892.888237817651,0.0,1311.93359375,51.763,52.0,1815.0,96.5,39.36328125,3,2915.252144098282,5.3,58.97265625,33,3079.1111772060394,5.3,63.24609375,89,3076.648814201355,4.0,105.3359375,18,3035.9854714870453,4.0,77.78125,65,3075.3148188591003
2026-02-13T17:16:59,idle_without_VPN,4.6,27.8,0.0,0.0,0.0,6532.6233572494575,0.0,1311.93359375,52.075,52.0,1815.0,100.7,39.36328125,3,2916.416586637497,24.1,63.3359375,89,3077.815724134445,5.4,30.3828125,14,3077.904720067978,2.7,58.97265625,33,3080.2828505039215,1.3,113.89453125,147,3080.340189218521
2026-02-13T17:17:00,idle_without_VPN,9.1,27.8,483.173589856242,1267.902327991557,0.0,17106.401138740144,0.0,1311.93359375,51.867,52.0,1815.0,97.4,38.7734375,3,2917.5875153541565,62.8,63.3359375,89,3078.985319852829,5.3,30.390625,14,3079.073826789856,4.0,82.19921875,56,3077.640506029129,2.7,91.265625,116,3035.8947925567627
2026-02-13T17:17:01,idle_without_VPN,8.0,27.8,307.0590646871065,287.4414022209858,0.0,140182.69833182034,0.0,1311.93359375,51.849,52.0,1815.0,99.7,39.36328125,3,2918.762952566147,4.0,58.97265625,33,3082.627343416214,4.0,30.3515625,13,3080.2513966560364,2.7,113.90234375,147,3082.680254459381,2.7,36.06640625,19,3080.153800725937
2026-02-13T17:17:02,idle_without_VPN,5.7,27.8,194.50922783623986,251.66764127934542,0.0,9609.438343628972,1.0,1311.93359375,51.994,52.0,1815.0,98.3,39.36328125,3,2919.922836780548,67.4,63.3359375,89,3081.3213267326355,4.0,58.97265625,33,3083.791298389435,4.0,30.3515625,13,3081.410032749176,1.4,23.3359375,5,3080.3545076847076
2026-02-13T17:17:03,idle_without_VPN,7.9,27.8,719.7049247038295,0.0,0.0,134238.4249425874,1.0,1311.93359375,51.94,52.0,1815.0,99.2,39.36328125,3,2921.072508096695,19.0,63.4296875,89,3082.473292827606,5.4,30.3515625,13,3082.5620896816254,2.7,58.97265625,33,3084.9461336135864,1.4,113.90625,147,3085.0018458366394
2026-02-13T17:17:04,idle_without_VPN,5.5,27.8,2346.758893578005,628.5187284241056,0.0,9765.013733750517,1.0,1311.93359375,51.975,51.0,1815.0,98.3,39.36328125,3,2922.2331709861755,8.1,63.4296875,89,3083.6345381736755,4.1,4.6640625,383,1770992223.697538,4.0,30.390625,14,3083.7235720157623,2.7,105.85546875,28,3052.3901073932648
2026-02-13T17:17:06,idle_without_VPN,7.9,27.8,2792.0456592543405,36.23792264792407,0.0,0.0,0.0,1311.93359375,51.773,51.0,1815.0,99.2,39.35546875,3,2923.401338338852,76.7,63.44921875,89,3084.795981645584,5.4,58.97265625,33,3087.2613537311554,4.1,30.390625,14,3084.882999897003,2.7,274.421875,276,3081.8032038211823
2026-02-13T17:17:07,idle_without_VPN,6.5,27.8,3354.044846129484,0.0,0.0,10871.555844633425,0.0,1311.93359375,51.857,51.0,1815.0,100.0,39.36328125,3,2924.570410013199,5.3,30.3515625,13,3086.0574345588684,2.7,4.6640625,383,1770992226.0333416,2.7,49.0234375,58,3055.995255947113,1.3,58.98046875,33,3088.4316697120667
2026-02-13T17:17:08,idle_without_VPN,5.3,27.8,1689.4407499707781,0.0,0.0,17054.981241363243,0.0,1311.93359375,51.827,51.0,1815.0,98.3,39.36328125,3,2925.746281147003,51.7,63.6171875,89,3087.146628379822,6.6,30.3515625,13,3087.234969139099,2.7,23.30078125,5,3086.1812982559204,2.6,97.46875,31,3080.122922182083
2026-02-13T17:17:09,idle_without_VPN,8.9,27.8,217.03838015670948,260.27649495355394,0.0,82908.66121986302,0.0,1311.93359375,51.744,51.0,1815.0,100.0,39.35546875,3,2926.9330456256866,33.1,63.6171875,89,3088.3253819942474,5.3,58.98046875,33,3090.7920274734497,2.6,30.390625,14,3088.41437625885,2.6,324.0703125,35,2982.6885159015656
2026-02-13T17:17:10,idle_without_VPN,4.7,27.8,716.2867780578298,411.737292850344,0.0,121520.34877910318,0.0,1311.93359375,51.781,50.0,1815.0,99.6,39.359375,3,2928.0934042930603,6.7,30.390625,14,3089.58074259758,4.0,23.328125,5,3088.52587556839,1.4,164.73046875,164,3069.6277017593384,1.3,8.02734375,14,3094.478048801422
2026-02-13T17:17:11,idle_without_VPN,6.8,27.8,0.0,0.0,0.0,17175.472263100648,0.0,1311.93359375,51.712,50.0,1815.0,100.5,39.359375,3,2929.2594294548035,87.1,63.62109375,89,3090.6579275131226,5.4,58.98046875,33,3093.1263976097107,5.4,30.3515625,13,3090.7468531131744,1.3,4.6640625,383,1770992230.7240138
2026-02-13T17:17:13,idle_without_VPN,6.8,27.8,0.0,46.29270230894883,0.0,102708.07552278781,1.0,1311.93359375,51.734,50.0,1815.0,98.0,39.359375,3,2930.423676967621,5.4,58.98046875,33,3094.2908079624176,5.4,30.3515625,13,3091.9112770557404,1.3,4.6640625,383,1770992231.8894205,1.3,113.8984375,147,3094.347713470459
2026-02-13T17:17:14,idle_without_VPN,4.8,27.8,260.9614647114095,260.9614647114095,0.0,0.0,1.0,1311.93359375,51.58,50.0,1815.0,100.0,38.76953125,3,2931.564032316208,38.4,63.7109375,89,3092.9655628204346,5.5,30.3515625,13,3093.0521450042725,2.7,58.98046875,33,3095.4507422447205,1.4,23.1875,5,3092.001276731491
2026-02-13T17:17:15,idle_without_VPN,8.6,27.8,584.0042050557162,478.3864232903207,0.0,36353.81799252604,0.0,1311.93359375,51.639,50.0,1815.0,100.3,39.35546875,3,2932.700944185257,49.4,63.7109375,89,3094.104646921158,4.1,30.3515625,13,3094.1935732364655,2.8,58.98046875,33,3096.5765719413757,2.8,274.484375,276,3091.10218667984
2026-02-13T17:17:16,idle_without_VPN,4.7,27.8,137.50770202014894,153.37397533016613,0.0,18503.600517993378,0.0,1311.93359375,51.604,50.0,1815.0,97.8,38.7734375,3,2933.8355062007904,2.8,58.98046875,33,3097.7129921913147,2.8,30.38671875,14,3095.3260900974274,2.7,184.04296875,105,3069.892157793045,1.4,113.8984375,147,3097.7718935012817
2026-02-13T17:17:17,idle_without_VPN,5.9,27.8,0.0,0.0,0.0,16589.48787005493,0.0,1311.93359375,51.481,49.0,1815.0,100.7,39.36328125,3,2934.9674944877625,73.1,63.7109375,89,3096.369748353958,5.5,30.390625,14,3096.459065914154,4.1,274.5,276,3093.3710129261017,2.8,12.0625,4,3085.2553296089172
2026-02-13T17:17:18,idle_without_VPN,8.3,27.8,623.7356263790643,47.979663567620335,72786.92665665662,178327.97030880873,0.0,1311.93359375,51.529,49.0,1815.0,99.3,39.359375,3,2936.1162626743317,15.0,63.73046875,89,3097.512307405472,6.9,58.98046875,33,3099.985438346863,2.8,4.6640625,383,1770992237.5829,2.7,30.3515625,13,3097.6007204055786
2026-02-13T17:17:19,idle_without_VPN,4.6,27.8,382.9762010251055,0.0,0.0,88237.71671618431,0.0,1311.93359375,51.523,49.0,1815.0,99.3,39.36328125,3,2937.2489721775055,9.6,63.8984375,89,3098.6511743068695,4.1,30.3515625,13,3098.740799188614,2.8,274.51171875,276,3095.648543357849,2.8,26.66796875,9,3084.3124108314514
2026-02-13T17:17:20,idle_without_VPN,7.9,27.8,369.64372357815114,534.1263374191466,0.0,0.0,0.0,1311.93359375,51.472,49.0,1815.0,99.2,39.36328125,3,2938.383122444153,78.3,63.8984375,89,3099.788315296173,2.8,30.38671875,13,3099.877343416214,1.4,113.90625,147,3102.3197841644287,1.4,58.98046875,33,3102.258105993271
2026-02-13T17:17:22,idle_without_VPN,6.7,27.8,321.6212158704539,0.0,0.0,12016.464022143662,1.0,1311.93359375,51.473,49.0,1815.0,98.9,39.36328125,3,2939.5366430282593,4.1,30.390625,14,3101.028310060501,2.7,4.6640625,383,1770992241.0122247,2.7,59.14453125,33,3103.411471605301,1.4,113.91015625,147,3103.4717416763306
2026-02-13T17:17:23,idle_without_VPN,4.4,27.8,0.0,0.0,0.0,118043.14452509201,0.0,1311.93359375,51.445,49.0,1815.0,99.7,38.7734375,3,2940.6967010498047,48.7,63.8984375,89,3102.0927741527557,2.7,30.3828125,13,3102.181676864624,2.7,344.9296875,95,3071.7703578472137,1.4,59.1484375,33,3104.565833568573
2026-02-13T17:17:24,idle_without_VPN,8.9,27.8,0.0,0.0,0.0,3991.559953779955,1.0,1311.93359375,51.442,48.0,1815.0,99.1,38.76171875,3,2941.8634011745453,37.6,63.90234375,89,3103.256900548935,5.4,30.3515625,13,3103.3456654548645,4.0,70.609375,22,3062.234014749527,2.7,105.9375,28,3072.0119218826294
2026-02-13T17:17:25,idle_without_VPN,5.0,27.8,341.28393473442213,410.89906570015006,0.0,77805.94539935404,1.0,1311.93359375,51.391,48.0,1815.0,99.8,39.359375,3,2943.0367300510406,4.0,59.1484375,33,3106.902346134186,4.0,30.3515625,13,3104.524257659912,2.7,4.6640625,383,1770992244.4961514,1.3,274.55078125,276,3101.436019182205
2026-02-13T17:17:26,idle_without_VPN,6.7,27.8,155.6745059635948,46.1891391320556,0.0,7882.946411870823,1.0,1311.93359375,51.427,48.0,1815.0,100.5,39.36328125,3,2944.187138080597,88.1,63.9921875,89,3105.5882515907288,4.1,30.3515625,14,3105.677314758301,2.7,59.1484375,33,3108.059128522873,2.7,97.48046875,31,3098.5560467243195
2026-02-13T17:17:27,idle_without_VPN,7.0,27.8,0.0,0.0,0.0,80472.7132116362,1.0,1311.93359375,51.42,48.0,1815.0,99.0,39.35546875,3,2945.338418483734,6.8,49.0234375,58,3076.7505316734314,2.7,30.3515625,13,3106.823561668396,1.4,4.6640625,383,1770992246.8087208,1.4,59.1484375,33,3109.2147159576416
2026-02-13T17:17:29,idle_without_VPN,6.0,27.8,0.0,0.0,0.0,0.0,0.0,1311.93359375,51.428,48.0,1815.0,99.4,39.36328125,3,2946.4860787391663,32.6,63.9921875,89,3107.8865928649902,5.4,30.3515625,13,3107.9727749824524,2.7,58.97265625,33,3110.3605287075043,2.7,124.859375,99,3002.5637443065643
2026-02-13T17:17:30,idle_without_VPN,8.5,27.8,306.1179018204995,420.91211500318684,0.0,14248.396884735977,1.0,1311.93359375,51.336,48.0,1815.0,98.7,39.36328125,3,2947.6410508155823,58.2,64.00390625,89,3109.040414094925,4.1,30.3515625,13,3109.126647233963,1.4,4.6640625,383,1770992249.112336,1.4,113.91015625,147,3111.569211244583
2026-02-13T17:17:31,idle_without_VPN,5.6,27.8,0.0,46.76938986513652,0.0,15077.065532820305,1.0,1311.93359375,51.294,48.0,1815.0,98.2,39.34765625,2,2948.8016760349274,6.8,58.97265625,33,3112.66738653183,5.4,30.390625,14,3110.288983106613,1.4,8.16796875,15,3113.845831155777,1.4,105.87890625,28,3078.9555144309998
2026-02-13T17:17:32,idle_without_VPN,5.5,27.8,257.9416469309075,82.54132701789041,0.0,11885.951090576218,0.0,1311.93359375,51.272,48.0,1815.0,100.2,39.34375,2,2950.0496497154236,71.5,64.1796875,89,3111.446588754654,26.3,152.58203125,23,3004.8208572864532,5.0,142.9921875,47,3006.54700422287,4.0,58.97265625,33,3113.8417930603027
2026-02-13T17:17:33,idle_without_VPN,9.4,27.8,7015.036133291673,5411.416762202229,0.0,173369.78188798073,0.0,1311.93359375,51.325,47.0,1815.0,98.2,39.33984375,2,2951.2271134853363,9.3,64.1796875,89,3112.624531030655,4.0,30.390625,14,3112.7133944034576,2.5,4.6640625,383,1770992252.6824882,2.5,106.01171875,28,3081.3700137138367
2026-02-13T17:17:35,idle_without_VPN,4.7,27.8,17889.214945690463,2137.010020563904,0.0,63587.825221107916,0.0,1311.93359375,51.199,47.0,1815.0,101.2,39.34375,2,2952.3702716827393,19.1,64.1796875,89,3113.7689299583435,13.4,152.5390625,23,3007.163032770157,5.5,30.3515625,13,3113.8577625751495,1.4,23.2421875,5,3112.8058087825775
2026-02-13T17:17:36,idle_without_VPN,8.5,27.8,8752.144014186395,4087.042205251533,0.0,80599.95926496458,0.0,1311.93359375,51.022,47.0,1815.0,97.9,39.3515625,2,2953.6306166648865,62.0,64.18359375,89,3115.029517889023,17.6,153.69921875,23,3008.4031069278717,5.0,30.3515625,13,3115.117917776108,3.7,142.7734375,47,3010.1268713474274
2026-02-13T17:17:37,idle_without_VPN,6.1,27.8,63195.039631588385,7591.147172877149,13324.76486826861,106598.11894614888,0.0,1311.93359375,51.127,47.0,1815.0,98.8,39.34765625,2,2954.7853496074677,4.0,58.97265625,33,3118.6573972702026,4.0,49.0234375,58,3086.20205283165,2.7,30.3515625,13,3116.277280330658,2.7,274.62890625,276,3113.1848092079163
2026-02-13T17:17:38,idle_without_VPN,7.1,27.8,396.45714608605186,1280.8615488933983,0.0,169526.81833516978,0.0,1311.93359375,50.888,47.0,1815.0,98.3,39.35546875,2,2955.9289100170135,68.3,64.2734375,89,3117.332450389862,6.8,58.93359375,33,3119.8025419712067,5.4,155.8203125,23,3010.711838245392,4.1,30.390625,14,3117.4213168621063
2026-02-13T17:17:39,idle_without_VPN,8.7,27.8,43.14518567955223,0.0,0.0,82617.85315406097,1.0,1311.93359375,51.068,47.0,1815.0,99.6,39.3515625,2,2957.090815782547,18.9,64.2734375,89,3118.4875321388245,6.8,30.3515625,13,3118.5767953395844,6.7,58.98046875,33,3120.97208070755,5.3,106.14453125,28,3087.2620842456818
2026-02-13T17:17:40,idle_without_VPN,6.3,27.8,2002.7727509614926,1194.5140047092925,0.0,148210.41501934626,1.0,1311.93359375,51.018,48.0,1815.0,100.1,39.35546875,2,2958.229974269867,6.8,106.1484375,28,3088.403157711029,6.8,64.2734375,89,3119.6305334568024,5.5,30.38671875,14,3119.7198536396027,2.7,23.328125,5,3118.665546655655
2026-02-13T17:17:41,idle_without_VPN,7.8,27.8,1185.7885126054766,3000.3371775260307,0.0,424850.5781862598,0.0,1311.93359375,51.029,48.0,1815.0,98.3,39.35546875,2,2959.358424425125,81.6,64.28515625,89,3120.7604835033417,4.2,106.1484375,28,3089.5264234542847,1.4,4.6640625,383,1770992260.8431585,1.4,59.07421875,33,3123.2383196353912
2026-02-13T17:17:43,idle_without_VPN,6.0,27.8,959.9928388970526,2308.2573640270502,0.0,166422.5062459009,0.0,1311.93359375,51.029,48.0,1815.0,99.2,39.34375,2,2960.4929003715515,4.2,106.15625,28,3090.6537425518036,4.1,30.3515625,13,3121.981962442398,2.8,58.97265625,33,3124.3657920360565,2.7,25.49609375,12,3107.5537116527557
2026-02-13T17:17:44,idle_without_VPN,5.5,27.8,470.6413282456637,1421.5289098032292,0.0,8941.312061661589,0.0,1311.93359375,50.965,48.0,1815.0,97.3,39.3515625,2,2961.633647441864,42.5,64.4609375,89,3123.032167196274,4.1,30.3515625,13,3123.1212475299835,2.7,58.97265625,33,3125.510844230652,2.7,97.76171875,31,3116.0040674209595
2026-02-13T17:17:45,idle_without_VPN,9.9,27.8,583.8698170990925,1756.8537909718204,0.0,0.0,0.0,1311.93359375,51.176,48.0,1815.0,97.9,39.3515625,2,2962.782888174057,44.7,64.4609375,89,3124.1865043640137,6.8,49.0234375,58,3094.1905653476715,5.5,58.97265625,33,3126.6546638011932,5.4,30.3515625,13,3124.275534391403
2026-02-13T17:17:46,idle_without_VPN,5.4,27.8,459.0946026202182,122.19247978484894,0.0,5362.504255700799,0.0,1311.93359375,51.099,48.0,1815.0,100.0,39.34765625,2,2963.9234416484833,5.5,58.97265625,33,3127.800790309906,4.1,106.15234375,28,3094.0882563591003,2.7,30.3515625,13,3125.417273759842,1.4,91.25390625,116,3082.2308349609375
2026-02-13T17:17:47,idle_without_VPN,6.4,27.8,0.0,1248.6315010044118,0.0,15801.890182202726,1.0,1311.93359375,51.061,48.0,1815.0,99.7,39.3515625,2,2965.052521944046,80.6,64.4609375,89,3126.4521005153656,4.2,30.38671875,14,3126.5414006710052,2.8,105.95703125,28,3095.2230553627014,2.8,97.75390625,31,3119.4179542064667
2026-02-13T17:17:48,idle_without_VPN,7.3,27.8,244.3264087543888,509.7457448832572,0.0,16649.350674255904,1.0,1311.93359375,51.165,48.0,1815.0,97.5,38.76171875,2,2966.2063450813293,8.1,64.46484375,89,3127.6090462207794,4.1,30.38671875,14,3127.6983020305634,2.7,105.9609375,28,3096.365115404129,1.4,58.97265625,33,3130.0796461105347
2026-02-13T17:17:49,idle_without_VPN,5.3,27.8,0.0,1252.2076952034622,0.0,33369.0322663518,1.0,1311.93359375,51.06,48.0,1815.0,99.8,39.3515625,2,2967.348824262619,17.9,64.5546875,89,3128.7474830150604,9.5,105.84765625,28,3097.513559103012,5.5,62.08203125,33,3131.2252638339996,2.8,30.3515625,13,3128.8318276405334
2026-02-13T17:17:51,idle_without_VPN,8.4,27.8,528.1749553085644,732.6014745558991,0.0,12128.721897318263,0.0,1311.93359375,51.033,49.0,1815.0,100.4,39.35546875,2,2968.4850018024445,69.8,64.5546875,89,3129.8880927562714,6.8,30.3515625,13,3129.9771456718445,2.8,105.84375,28,3098.6480729579926,2.8,58.97265625,33,3132.3577196598053
2026-02-13T17:17:52,idle_without_VPN,6.7,27.8,0.0,0.0,0.0,0.0,0.0,1311.93359375,50.979,49.0,1815.0,99.5,39.34765625,2,2969.6150522232056,5.5,105.84375,28,3099.790584087372,4.1,30.3515625,13,3131.107087135315,2.7,4.6640625,383,1770992271.100998,2.7,58.97265625,33,3133.4998955726624
2026-02-13T17:17:53,idle_without_VPN,4.8,27.8,0.0,0.0,0.0,115121.05918807973,0.0,1311.93359375,51.147,49.0,1815.0,100.0,39.34375,3,2970.739614725113,52.7,64.5546875,89,3132.1445009708405,4.2,105.875,28,3100.916102170944,1.4,113.90625,147,3134.6865241527557,1.4,30.3515625,13,3132.233551263809
2026-02-13T17:17:54,idle_without_VPN,8.7,27.8,690.3395775642069,214.39669870228593,0.0,10020.599228973231,0.0,1311.93359375,51.194,49.0,1815.0,100.5,39.34765625,3,2971.8749146461487,35.9,64.55859375,89,3133.2764570713043,5.5,30.3515625,13,3133.3656647205353,4.2,105.87890625,28,3102.040163755417,2.7,26.66796875,9,3118.948872089386
2026-02-13T17:17:55,idle_without_VPN,4.8,27.8,880.7533680854336,771.7579412964179,0.0,9901.003930253817,0.0,1311.93359375,51.177,49.0,1815.0,100.0,39.33984375,3,2973.030294895172,9.6,105.7109375,28,3103.184262037277,4.1,59.0625,33,3136.9010643959045,4.1,30.3515625,13,3134.516639471054,2.7,97.77734375,31,3127.3970761299133
2026-02-13T17:17:56,idle_without_VPN,7.1,27.8,0.0,46.70707517306943,0.0,9742.749902767668,5.0,1311.93359375,51.189,49.0,1815.0,99.2,39.34765625,3,2974.1639320850372,87.7,64.6484375,89,3135.567319393158,5.5,30.390625,14,3135.655661344528,2.7,58.97265625,33,3138.0492222309113,1.4,4.6640625,382,1770992275.6497023
2026-02-13T17:17:57,idle_without_VPN,7.0,27.8,679.8945782126934,47.55739277653555,0.0,64029.86452639335,1.0,1311.93359375,51.289,49.0,1815.0,99.9,39.3515625,3,2975.3059754371643,4.1,58.97265625,33,3139.186858177185,4.1,30.390625,14,3136.7964346408844,2.8,105.8515625,28,3105.474504709244,1.4,4.6640625,382,1770992276.7842782
2026-02-13T17:17:59,idle_without_VPN,5.4,27.8,324.6969156468099,211.49177478616537,0.0,0.0,0.0,1311.93359375,51.268,49.0,1815.0,99.1,38.76171875,3,2976.4576048851013,27.2,64.6484375,89,3137.858092069626,6.9,105.85546875,28,3106.610245704651,5.5,58.97265625,33,3140.3231434822083,5.4,30.390625,14,3137.9473700523376
2026-02-13T17:18:00,idle_without_VPN,8.8,27.8,425.7696464968029,462.68112794713056,0.0,21096.1992586803,0.0,1311.93359375,51.271,49.0,1815.0,99.5,39.3515625,3,2977.6194064617157,59.1,64.671875,89,3139.0219411849976,5.4,105.70703125,28,3107.777652978897,5.4,26.66796875,9,3124.688584089279,4.0,30.390625,14,3139.1108548641205
2026-02-13T17:18:01,idle_without_VPN,6.9,27.8,323.1823336963833,0.0,0.0,21019.080210999375,0.0,1311.93359375,51.326,49.0,1815.0,99.4,38.76171875,3,2978.7513978481293,8.3,30.3828125,14,3140.2428612709045,6.8,105.8203125,28,3108.918849468231,4.1,58.97265625,33,3142.6307249069214,2.8,36.40625,19,3140.148375272751
2026-02-13T17:18:02,idle_without_VPN,5.6,27.8,111.76103949494585,47.89758835497679,0.0,14078.3430068554,0.0,1311.93359375,51.34,50.0,1815.0,99.2,38.76171875,3,2979.8702232837677,64.1,64.8359375,89,3141.2739317417145,8.3,105.88671875,28,3110.046952009201,5.6,58.97265625,33,3143.7564408779144,4.2,30.3515625,13,3141.363071203232
2026-02-13T17:18:03,idle_without_VPN,8.5,27.8,266.9595045291992,37.37433063408789,0.0,123470.55057478482,0.0,1311.93359375,51.449,50.0,1815.0,97.9,39.359375,3,2981.0037949085236,24.9,64.83984375,89,3142.4057261943817,8.3,105.88671875,28,3111.1730527877808,4.1,30.390625,14,3142.4947607517242,2.8,58.97265625,33,3144.884924888611
2026-02-13T17:18:04,idle_without_VPN,5.5,27.8,228.88946087905592,286.1118260988199,0.0,35512.54665759898,0.0,1311.93359375,51.437,50.0,1815.0,99.8,39.3515625,3,2982.1783816814423,10.8,105.90234375,28,3112.329425096512,4.0,58.97265625,33,3146.043815135956,4.0,30.3515625,13,3143.65678524971,4.0,184.04296875,105,3118.2332496643066
2026-02-13T17:18:05,idle_without_VPN,7.9,27.8,526.075950216611,518.3521597566607,0.0,42182.19429860826,1.0,1311.93359375,51.38,50.0,1815.0,99.1,39.359375,3,2983.344845056534,83.5,64.93359375,89,3144.7471516132355,12.1,105.90625,28,3113.4933199882507,4.0,30.3515625,13,3144.8340294361115,4.0,98.0546875,39,3120.6271126270294
2026-02-13T17:18:07,idle_without_VPN,7.6,27.8,572.215358109974,0.0,0.0,11506.542065196336,0.0,1311.93359375,51.526,50.0,1815.0,100.5,38.76953125,3,2984.4801580905914,6.9,30.3515625,13,3145.971939563751,6.8,105.90625,28,3114.647646665573,2.8,91.25,115,3102.787105321884,1.4,4.6640625,382,1770992285.960658
2026-02-13T17:18:08,idle_without_VPN,5.4,27.8,0.0,47.72203732093629,0.0,14479.219619744817,0.0,1311.93359375,51.278,50.0,1815.0,97.6,39.359375,3,2985.6005070209503,40.4,65.0234375,89,3147.004392385483,11.1,105.90234375,28,3115.7739357948303,4.2,30.38671875,14,3147.0937864780426,2.8,58.97265625,33,3149.483827114105
2026-02-13T17:18:09,idle_without_VPN,8.9,27.8,2350.636262282893,0.0,0.0,11012.054285525042,1.0,1311.93359375,51.383,50.0,1815.0,99.8,39.359375,3,2986.727781057358,47.5,65.0390625,89,3148.1234374046326,16.7,105.90234375,28,3116.895702123642,2.8,58.53125,33,3150.60697555542,2.8,30.3515625,13,3148.2129747867584
2026-02-13T17:18:10,idle_without_VPN,6.0,27.8,2656.0424039117675,475.8410966715055,0.0,33057.68927359515,1.0,1311.93359375,51.399,50.0,1815.0,100.8,39.359375,3,2987.85981464386,11.0,105.90234375,28,3118.028953075409,6.9,4.6640625,382,1770992289.3413234,2.8,30.38671875,14,3149.3488445281982,2.8,65.0390625,89,3149.259888648987
2026-02-13T17:18:11,idle_without_VPN,7.1,27.8,1899.9342623249775,0.0,0.0,25599.114271326012,5.0,1311.93359375,51.451,50.0,1815.0,100.1,39.359375,3,2988.999806165695,75.1,65.1171875,89,3150.404587984085,15.0,105.90234375,28,3119.1709609031677,4.1,59.14453125,33,3152.8827652931213,2.7,4.6640625,382,1770992290.4787767
2026-02-13T17:18:12,idle_without_VPN,8.2,27.8,197.29259263536875,0.0,0.0,0.0,0.0,1311.93359375,51.502,50.0,1815.0,99.9,39.35546875,3,2990.1260826587677,12.5,65.125,89,3151.5269210338593,11.1,105.90625,28,3120.299929857254,7.0,30.3515625,13,3151.6161167621613,2.8,113.90234375,147,3154.0702130794525
2026-02-13T17:18:13,idle_without_VPN,6.2,27.8,0.0,0.0,0.0,128677.49132936717,0.0,1311.93359375,51.371,50.0,1815.0,99.9,39.34765625,3,2991.252546072006,15.2,105.83984375,28,3121.42768740654,9.7,65.2109375,89,3152.656790494919,2.8,113.90625,147,3155.201718568802,2.8,59.14453125,33,3155.1381680965424
2026-02-13T17:18:14,idle_without_VPN,7.8,27.8,58.90291035513793,107.09620064570532,0.0,141195.6309312979,1.0,1311.93359375,51.471,51.0,1815.0,98.7,39.35546875,3,2992.3769204616547,79.4,65.2109375,89,3153.77787232399,11.2,105.84765625,28,3122.5442073345184,4.2,30.3515625,13,3153.8664786815643,2.8,59.14453125,33,3156.253766298294
2026-02-13T17:18:16,idle_without_VPN,6.6,27.8,310.4979989173333,426.9347485113333,0.0,4064.701076736,0.0,1311.93359375,51.505,51.0,1815.0,99.3,39.35546875,3,2993.5103027820587,6.9,105.88671875,28,3123.678808450699,4.1,30.3515625,13,3154.9992306232452,2.8,59.14453125,33,3157.389340400696,1.4,215.53515625,70,3154.997684955597
2026-02-13T17:18:17,idle_without_VPN,5.8,27.8,0.0,0.0,0.0,17712.272856413234,0.0,1311.93359375,51.573,51.0,1815.0,100.6,39.35546875,3,2994.627968788147,43.2,65.2109375,89,3156.0323412418365,12.5,105.9609375,28,3124.8048224449158,6.9,59.14453125,33,3158.516019821167,4.2,30.38671875,14,3156.121681690216
2026-02-13T17:18:18,idle_without_VPN,9.5,27.8,0.0,48.724612819971696,0.0,12011.519367767836,0.0,1311.93359375,51.504,51.0,1815.0,98.0,39.35546875,3,2995.744413137436,46.3,65.23828125,89,3157.146828889847,12.7,105.76171875,28,3125.9142048358917,7.0,59.14453125,33,3159.6258459091187,5.6,30.3515625,13,3157.2359969615936
2026-02-13T17:18:19,idle_without_VPN,6.3,27.8,0.0,47.8834825839934,0.0,0.0,0.0,1311.93359375,51.504,51.0,1815.0,99.1,39.35546875,3,2996.86327791214,11.1,105.8984375,28,3127.0395498275757,4.2,30.38671875,14,3158.3559849262238,2.8,4.6640625,382,1770992298.3566704,2.8,12.12890625,12,3160.7131638526917
2026-02-13T17:18:20,idle_without_VPN,6.2,27.8,317.25779689888265,436.2294707359637,0.0,8306.385955170746,0.0,1311.93359375,51.464,51.0,1815.0,99.6,39.35546875,3,2997.9776520729065,74.6,65.3984375,89,3159.375879764557,11.2,105.8671875,28,3128.1542983055115,4.2,30.3515625,13,3159.465129852295,2.8,58.97265625,33,3161.8661630153656
2026-02-13T17:18:21,idle_without_VPN,8.4,27.8,336.7270471694685,97.47361891747772,0.0,12703.47091637237,0.0,1311.93359375,51.541,51.0,1815.0,97.9,39.35546875,3,2999.1272418498993,15.2,105.875,28,3129.287478685379,15.0,65.3984375,89,3160.522593975067,8.1,344.9296875,95,3130.2029831409454,2.8,12.28125,12,3162.961911916733
2026-02-13T17:18:22,idle_without_VPN,5.7,27.8,0.0,0.0,0.0,109315.62795243524,0.0,1311.93359375,51.566,51.0,1815.0,97.2,39.34375,3,3000.301253557205,13.2,65.3984375,89,3161.702116250992,9.4,105.875,28,3130.4562063217163,8.0,344.9296875,95,3131.3774349689484,4.0,58.97265625,33,3164.166622400284
2026-02-13T17:18:24,idle_without_VPN,8.5,27.8,67.22179661831878,47.39998479496837,0.0,4412.507675458874,1.0,1311.93359375,51.48,51.0,1815.0,99.7,39.3515625,3,3001.4613411426544,72.6,65.40234375,89,3162.8645067214966,20.1,344.9296875,95,3132.5432000160217,17.5,105.91015625,28,3131.6143963336945,5.4,30.3515625,13,3162.951477766037
2026-02-13T17:18:25,idle_without_VPN,8.5,27.8,43.12047031421174,0.0,0.0,8389.518704333037,0.0,1311.93359375,51.482,51.0,1815.0,100.6,39.35546875,3,3002.6109421253204,26.2,344.9296875,95,3133.6772763729095,17.5,105.8828125,28,3132.776868581772,4.0,58.97265625,33,3166.491270303726,2.8,184.04296875,105,3138.6604602336884
2026-02-13T17:18:26,idle_without_VPN,6.5,27.8,308.9077650686153,472.1374363832813,0.0,0.0,0.0,1311.93359375,51.456,51.0,1815.0,100.0,39.359375,3,3003.7512245178223,51.9,65.4921875,89,3165.151582479477,11.0,105.88671875,28,3133.916260242462,11.0,344.9296875,95,3134.816994667053,4.1,59.14453125,33,3167.6264555454254
2026-02-13T17:18:27,idle_without_VPN,10.7,27.8,57.89111143362989,95.60804767069179,0.0,8532.798970096235,0.0,1311.93359375,51.517,52.0,1815.0,97.9,39.359375,3,3004.884167432785,35.8,65.5,89,3166.2871005535126,23.3,105.89453125,28,3135.0547790527344,20.6,344.9296875,95,3135.9528028964996,4.1,30.38671875,13,3166.3758556842804
2026-02-13T17:18:28,idle_without_VPN,7.2,27.8,4546.117583829789,1402.3111883801162,4038.6562225347343,20193.281112673674,4.0,1311.93359375,51.525,52.0,1815.0,100.5,39.359375,3,3006.0186619758606,20.6,105.92578125,28,3136.190858364105,13.8,344.9296875,95,3137.0821425914764,5.5,59.14453125,33,3169.901884317398,2.8,275.15234375,275,3164.4185049533844
2026-02-13T17:18:29,idle_without_VPN,7.4,27.8,1156.3878978813264,107.48764349013102,0.0,11006.734693389417,0.0,1311.93359375,51.46,52.0,1815.0,98.5,39.35546875,3,3007.1298534870148,88.5,65.5859375,89,3168.5325915813446,16.7,105.92578125,28,3137.3124375343323,12.6,344.9296875,95,3138.194487094879,4.2,30.3515625,13,3168.6214034557343
2026-02-13T17:18:30,idle_without_VPN,8.8,27.8,315.439968669552,433.72995692063404,0.0,76623.236025913,1.0,1311.93359375,51.657,52.0,1815.0,100.1,38.76953125,3,3008.253942489624,21.0,105.93359375,28,3138.4262886047363,9.7,344.9296875,95,3139.319390773773,4.2,59.14453125,33,3172.1375830173492,2.8,4.6640625,382,1770992309.7390833
2026-02-13T17:18:31,idle_without_VPN,6.3,27.8,4173.546910909686,4073.523411242073,0.0,8610.872608553429,1.0,1311.93359375,51.612,52.0,1815.0,100.1,39.35546875,3,3009.3771624565125,20.8,65.5859375,89,3170.7784082889557,18.1,105.94140625,28,3139.550568819046,7.0,344.9296875,95,3140.4383006095886,5.6,30.3515625,13,3170.867592573166
2026-02-13T17:18:33,idle_without_VPN,9.6,27.8,0.0,0.0,0.0,11003.743212438552,1.0,1311.93359375,51.656,52.0,1815.0,97.3,39.3515625,3,3010.501527786255,68.0,65.6015625,89,3171.904172182083,18.2,105.9453125,28,3140.6691732406616,4.1,344.9296875,95,3141.571006298065,2.8,4.6640625,382,1770992311.9847915
2026-02-13T17:18:34,idle_without_VPN,7.1,27.8,1000.2949495648738,871.053301214014,0.0,106962.51269541844,1.0,1311.93359375,51.647,52.0,1815.0,100.3,39.35546875,3,3011.63920712471,31.7,105.94921875,28,3141.8035185337067,5.5,344.9296875,95,3142.715223312378,4.1,327.1796875,35,3067.3932089805603,2.7,59.14453125,33,3175.518937587738
2026-02-13T17:18:35,idle_without_VPN,6.2,27.8,0.0,210.8346796590277,0.0,38072.71891602027,0.0,1311.93359375,51.605,52.0,1815.0,99.4,39.35546875,3,3012.7717337608337,56.8,65.7734375,89,3174.1706187725067,24.6,105.953125,28,3142.9464201927185,5.6,344.6484375,95,3143.836853981018,4.2,30.3515625,13,3174.259547472
2026-02-13T17:18:36,idle_without_VPN,10.1,27.8,313.7128302479347,646.1414827549792,0.0,10038.81056793391,0.0,1311.93359375,53.005,52.0,1815.0,100.7,39.35546875,3,3013.888850927353,34.8,65.7734375,89,3175.2925639152527,32.1,105.95703125,28,3144.0665371418,4.2,344.6484375,95,3144.951332807541,2.8,59.14453125,33,3177.77680516243
2026-02-13T17:18:37,idle_without_VPN,6.5,27.8,1210.507208485781,693.1201923312099,0.0,9591.284823610255,0.0,1311.93359375,51.892,52.0,1815.0,97.3,39.35546875,3,3015.012608766556,32.1,105.9609375,28,3145.1869678497314,30.7,344.6484375,95,3146.0713326931,4.2,59.14453125,33,3178.899001121521,4.2,184.04296875,105,3151.0552768707275
2026-02-13T17:18:38,idle_without_VPN,10.0,27.8,200.85056182201313,216.09368481743377,0.0,19740.740933363577,0.0,1311.93359375,51.942,52.0,1815.0,99.5,39.35546875,3,3016.1275792121887,66.0,65.7734375,89,3177.528021335602,44.4,344.6484375,95,3147.198382616043,9.8,105.95703125,28,3146.30246758461,5.6,30.38671875,14,3177.615974187851
2026-02-13T17:18:39,idle_without_VPN,10.6,27.8,235.93942341772313,37.25359317121944,0.0,0.0,0.0,1311.93359375,52.059,52.0,1815.0,100.3,39.35546875,3,3017.249059677124,13.9,344.6484375,95,3148.321878671646,4.2,4.6640625,382,1770992318.7434604,4.2,124.859375,99,3073.320389986038,2.8,30.3515625,13,3178.7412691116333
2026-02-13T17:18:40,idle_without_VPN,7.9,27.8,356.01042033087805,476.4517565622198,0.0,129226.46899174557,1.0,1311.93359375,52.157,52.0,1815.0,97.4,39.35546875,3,3018.388652563095,15.1,65.8671875,89,3179.7897624969482,8.2,30.39453125,13,3179.8791205883026,5.5,4.6640625,382,1770992319.872718,1.4,19.74609375,4,3182.2276136875153
2026-02-13T17:18:42,idle_without_VPN,9.4,27.8,58.818418593503594,106.94257926091562,0.0,5931.748396338787,1.0,1311.93359375,52.128,51.0,1815.0,99.0,39.35546875,3,3019.508896112442,51.7,65.87890625,89,3180.909140586853,5.6,59.07421875,33,3183.389525413513,2.8,30.3515625,13,3180.997393846512,2.8,12.0625,4,3169.794230222702
2026-02-13T17:18:43,idle_without_VPN,7.2,27.8,199.47979382025537,262.7077641829256,0.0,10486.937732264854,0.0,1311.93359375,51.922,51.0,1815.0,101.3,39.35546875,3,3020.63534283638,5.5,30.3515625,13,3182.126471757889,2.8,59.07421875,33,3184.5185198783875,1.4,23.203125,5,3181.0736265182495,1.4,12.0625,4,3170.925529241562
2026-02-13T17:18:44,idle_without_VPN,7.1,27.8,575.28284113967,0.0,0.0,448614.410025963,0.0,1311.93359375,51.964,51.0,1815.0,97.6,38.76953125,3,3021.7557644844055,40.4,65.9609375,89,3183.1586768627167,1.4,59.07421875,33,3185.6415712833405,1.4,12.09765625,12,3185.6035566329956,1.4,30.390625,14,3183.2471766471863
2026-02-13T17:18:45,idle_without_VPN,9.4,27.8,70.03361126512124,97.86748240895147,0.0,0.0,0.0,1311.93359375,51.91,51.0,1815.0,100.3,38.76953125,3,3022.8767280578613,32.1,65.96875,89,3184.2787153720856,7.0,59.07421875,33,3186.7585628032684,5.6,30.3515625,13,3184.367868423462,1.4,113.90234375,147,3186.818623304367
2026-02-13T17:18:46,idle_without_VPN,5.4,27.8,311.91933676141537,428.8890880469461,0.0,9981.418776365292,0.0,1311.93359375,52.025,51.0,1815.0,99.5,39.35546875,3,3024.039086341858,5.4,30.3515625,13,3185.5248489379883,2.8,4.6640625,382,1770992325.491471,2.8,113.90234375,147,3187.949583530426,2.7,327.171875,35,3079.788324356079
2026-02-13T17:18:47,idle_without_VPN,7.8,27.8,0.0,0.0,0.0,55765.329992148814,0.0,1311.93359375,51.88,50.0,1815.0,101.0,39.35546875,3,3025.198888063431,86.1,66.0546875,89,3186.5975358486176,5.4,275.28515625,275,3183.600976228714,4.0,4.6640625,382,1770992326.6673987,2.7,59.07421875,33,3189.066279888153
2026-02-13T17:18:48,idle_without_VPN,6.5,27.8,0.0,0.0,0.0,94489.1904381923,0.0,1311.93359375,51.876,50.0,1815.0,99.9,39.35546875,3,3026.340334177017,2.7,30.3515625,13,3187.8316667079926,1.4,58.93359375,33,3190.218825817108,1.4,275.29296875,275,3184.7377259731293,1.4,12.0625,4,3176.6235163211823
2026-02-13T17:18:50,idle_without_VPN,4.9,27.8,0.0,0.0,0.0,6375.348128042309,1.0,1311.93359375,51.861,50.0,1815.0,100.3,39.35546875,3,3027.462127685547,26.4,66.0546875,89,3188.867274284363,2.8,30.390625,14,3188.956526517868,1.4,4.6640625,382,1770992328.951099,1.4,275.296875,275,3185.8615124225616
2026-02-13T17:18:51,idle_without_VPN,8.0,27.8,310.1596554535575,426.46952624864156,0.0,12180.815559630622,0.0,1311.93359375,51.782,50.0,1815.0,99.8,39.35546875,3,3028.605139017105,61.7,66.0703125,89,3190.0072717666626,5.5,30.38671875,14,3190.0964024066925,5.5,275.3046875,275,3187.007234811783,2.7,58.97265625,33,3192.4862372875214
2026-02-13T17:18:52,idle_without_VPN,5.3,27.8,198.28307427753052,0.0,0.0,0.0,0.0,1311.93359375,51.838,50.0,1815.0,100.0,39.35546875,3,3029.730575323105,5.6,58.97265625,33,3193.6122069358826,4.2,30.3515625,13,3191.2198593616486,4.2,124.859375,99,3085.7906560897827,2.8,105.828125,28,3159.903253555298
2026-02-13T17:18:53,idle_without_VPN,6.5,27.8,0.0,48.200879903007646,0.0,6855.236252872198,0.0,1311.93359375,51.602,50.0,1815.0,100.0,39.3515625,3,3030.8402557373047,60.4,66.2421875,89,3192.242351770401,7.0,30.3515625,13,3192.328368663788,2.8,113.8984375,147,3194.79442858696,2.8,58.97265625,33,3194.7311432361603
2026-02-13T17:18:54,idle_without_VPN,8.4,27.8,0.0,0.0,0.0,44682.35435454308,1.0,1311.93359375,51.819,49.0,1815.0,98.2,39.3515625,3,3032.001596212387,28.3,66.24609375,89,3193.400363922119,4.0,30.38671875,14,3193.4896817207336,4.0,28.203125,13,3067.2999794483185,2.8,58.97265625,33,3195.859734773636
2026-02-13T17:18:55,idle_without_VPN,5.0,27.8,10772.778754132556,7105.954085090187,69341.2458190099,176386.79405210642,1.0,1311.93359375,51.726,49.0,1815.0,98.4,39.3515625,3,3033.160861968994,4.0,58.97265625,33,3197.04120016098,4.0,12.15234375,12,3197.003375530243,2.7,97.59375,31,3187.5300891399384,2.7,23.41796875,10,3180.2151272296906
2026-02-13T17:18:56,idle_without_VPN,8.6,27.8,1845.9466416279213,190.0497972314733,0.0,10811.721798057148,5.0,1311.93359375,51.723,49.0,1815.0,99.6,39.3515625,3,3034.290252685547,87.7,66.34765625,89,3195.6874260902405,7.0,30.3515625,13,3195.776532649994,4.1,59.14453125,33,3198.173517227173,2.8,106.0078125,28,3164.4610271453857
2026-02-13T17:18:58,idle_without_VPN,6.8,27.8,0.0,0.0,0.0,11795.105790873833,1.0,1311.93359375,51.695,49.0,1815.0,100.4,39.3515625,3,3035.4113206863403,2.8,113.91015625,147,3199.3600957393646,2.8,59.14453125,33,3199.2960135936737,2.8,247.9375,49,3178.314119577408,1.4,4.6640625,382,1770992336.9037259
2026-02-13T17:18:59,idle_without_VPN,5.0,27.8,0.0,48.18762015395024,0.0,109653.60675032233,5.0,1311.93359375,51.662,49.0,1815.0,100.5,39.359375,3,3036.5776660442352,33.4,66.4609375,89,3197.937832593918,8.3,30.38671875,14,3198.0270750522614,4.2,59.14453125,33,3200.422251224518,1.4,8.16796875,15,3201.602590560913
2026-02-13T17:19:00,idle_without_VPN,10.2,27.9,3417.598001059188,1280.3981264511813,13119.476487664888,13529.460127904415,0.0,1311.93359375,51.528,49.0,1815.0,100.3,39.359375,3,3037.9795072078705,43.4,66.47265625,89,3199.378975868225,10.8,218.0625,72,3199.4660329818726,4.5,82.19921875,56,3198.0320267677307,3.3,30.3515625,13,3199.4682750701904
2026-02-13T17:19:01,idle_without_VPN,8.9,27.9,1385.0080648166386,1094.0517106460902,14289.654996193833,31437.24099162643,0.0,1324.12890625,51.479,48.0,1815.0,99.2,38.765625,3,3039.2712059020996,15.6,331.44140625,35,3095.018763780594,13.0,233.0703125,23,3094.0210196971893,10.9,222.25390625,75,3200.7580740451813,8.5,66.6484375,89,3200.670877456665
2026-02-13T17:19:03,idle_without_VPN,8.7,27.9,0.0,43.265390578258916,26254.07997163682,159165.3598280482,0.0,1324.44140625,51.446,48.0,1815.0,98.7,39.35546875,3,3040.4900481700897,73.2,66.6484375,89,3201.8873331546783,3.9,30.3515625,13,3201.9767236709595,2.6,59.14453125,33,3204.361077785492,2.5,106.0390625,28,3170.650762796402
2026-02-13T17:19:04,idle_without_VPN,5.8,27.8,1059.7344570409061,2725.2794390732556,0.0,356390.17337261676,0.0,1318.62109375,51.431,48.0,1815.0,99.8,39.35546875,3,3041.617827653885,5.5,59.14453125,33,3205.5027883052826,1.4,4.6640625,382,1770992343.1076715,1.4,106.04296875,28,3171.791217327118,1.4,30.390625,14,3203.108578681946
2026-02-13T17:19:05,idle_without_VPN,5.1,27.8,267.8711978224429,37.50196769514201,14629.339017076349,40687.8491412436,0.0,1318.49609375,51.484,48.0,1815.0,100.5,39.35546875,3,3042.7374670505524,51.5,66.6484375,89,3204.1407668590546,5.6,30.3515625,13,3204.2294204235077,2.8,23.41796875,10,3189.793270587921,2.8,344.9296875,95,3173.8040430545807
2026-02-13T17:19:06,idle_without_VPN,9.1,27.8,673.3134026788011,655.5244092130467,0.0,8652.566421742902,0.0,1314.12109375,51.408,48.0,1815.0,98.8,39.359375,3,3043.8759829998016,37.0,66.65625,89,3205.2802817821503,2.7,30.3515625,13,3205.3696422576904,1.4,105.75,28,3174.0354092121124,1.4,58.97265625,33,3207.7458329200745
2026-02-13T17:19:07,idle_without_VPN,4.7,27.8,0.0,0.0,0.0,7621.356958623801,1.0,1311.93359375,51.349,48.0,1815.0,99.8,39.359375,3,3045.0035479068756,4.1,58.97265625,33,3208.8920845985413,2.8,30.38671875,14,3206.491888999939,1.4,4.6640625,382,1770992346.4925842,1.4,275.421875,276,3203.407994031906
2026-02-13T17:19:08,idle_without_VPN,7.2,27.8,0.0,0.0,0.0,7322.025243279125,0.0,1311.93359375,51.445,48.0,1815.0,98.3,39.359375,3,3046.132030248642,87.1,66.7421875,89,3207.533210515976,6.9,30.3515625,13,3207.6222012043,4.2,275.4296875,276,3204.5319485664368,2.8,58.98046875,33,3210.0156593322754
2026-02-13T17:19:09,idle_without_VPN,7.6,27.8,451.95346364452047,105.51442731000478,0.0,10354.482466688469,0.0,1311.93359375,51.483,48.0,1815.0,99.1,38.76953125,3,3047.266709089279,2.8,58.98046875,33,3211.1495866775513,2.8,30.3515625,13,3208.7563774585724,2.8,66.75,89,3208.667241334915,2.8,275.43359375,276,3205.667509317398
2026-02-13T17:19:11,idle_without_VPN,4.8,27.8,356.4421132295646,429.1492109530081,0.0,7717.592421766492,0.0,1311.93359375,51.421,47.0,1815.0,98.1,39.359375,3,3048.3969810009003,20.7,66.8359375,89,3209.799491405487,4.1,12.0625,4,3198.6862494945526,2.8,59.0703125,33,3212.2724487781525,2.8,30.38671875,14,3209.888649225235
2026-02-13T17:19:12,idle_without_VPN,8.3,27.8,572.2744427197798,48.348839246678786,0.0,8101.507318134394,0.0,1311.93359375,51.36,47.0,1815.0,99.6,39.359375,3,3049.5266993045807,67.7,66.83984375,89,3210.9306688308716,4.1,30.3515625,14,3211.019373893738,4.1,275.4453125,276,3207.9319744110107,2.8,97.6171875,31,3203.8991577625275
2026-02-13T17:19:13,idle_without_VPN,5.7,27.8,2432.36779055769,55.038979202400284,0.0,9090.308823106112,0.0,1311.93359375,51.44,47.0,1815.0,99.0,39.35546875,3,3050.6634640693665,4.2,59.0703125,33,3214.5408358573914,4.2,12.0625,4,3200.944061279297,4.1,275.44921875,276,3209.0636744499207,2.8,30.3515625,13,3212.149135351181
2026-02-13T17:19:14,idle_without_VPN,5.6,27.8,2115.6500481807484,0.0,0.0,105657.2742694619,0.0,1311.93359375,51.356,47.0,1815.0,100.2,39.3515625,3,3051.7857007980347,55.3,66.9296875,89,3213.190118789673,4.1,59.0703125,33,3215.6702647209167,4.1,30.390625,14,3213.279442548752,2.8,12.0625,4,3202.0649375915527
2026-02-13T17:19:15,idle_without_VPN,8.6,27.8,1271.8534266868369,0.0,0.0,0.0,1.0,1311.93359375,51.307,47.0,1815.0,100.0,39.3515625,3,3052.9110400676727,31.9,66.9375,89,3214.315185070038,4.2,30.3515625,13,3214.404232263565,2.8,106.27734375,28,3183.082132577896,2.8,59.0703125,33,3216.791646718979
2026-02-13T17:19:16,idle_without_VPN,5.1,27.8,314.1085529129178,431.89926025526194,0.0,4568.851678733349,1.0,1311.93359375,51.157,47.0,1815.0,100.6,39.3515625,3,3054.0288422107697,5.5,59.0703125,33,3217.9185268878937,2.8,30.390625,14,3215.52268075943,1.4,275.47265625,276,3212.427661895752,1.4,129.68359375,32,3169.7356843948364
2026-02-13T17:19:17,idle_without_VPN,7.1,27.8,0.0,0.0,0.0,18380.246310014423,1.0,1311.93359375,50.855,47.0,1815.0,99.0,39.3515625,3,3055.1499032974243,88.2,66.98828125,88,3216.5504293441772,4.2,30.3515625,13,3216.6395285129547,1.4,4.6640625,382,1770992356.633542,1.4,59.0703125,33,3219.0334901809692
2026-02-13T17:19:18,idle_without_VPN,7.1,27.8,0.0,0.0,0.0,8178.9963686714655,1.0,1311.93359375,51.05,47.0,1815.0,99.5,39.34765625,3,3056.280774116516,5.5,58.97265625,33,3220.1652965545654,4.2,30.3515625,13,3217.7682099342346,1.4,66.98828125,88,3217.6789462566376,1.4,240.6484375,155,3215.8930275440216
2026-02-13T17:19:20,idle_without_VPN,5.5,27.8,0.0,47.64819684981227,0.0,52405.9575426676,0.0,1311.93359375,50.868,48.0,1815.0,100.0,39.3515625,3,3057.4057054519653,20.8,66.98828125,88,3218.8059754371643,4.2,58.97265625,33,3221.2919220924377,1.4,20.1796875,6,3222.253935813904,1.4,30.38671875,14,3218.895248413086
2026-02-13T17:19:21,idle_without_VPN,7.7,27.8,312.31067698285375,429.4271808514239,0.0,9539.671587839895,0.0,1311.93359375,50.974,48.0,1815.0,99.7,39.3515625,3,3058.5503718852997,65.9,66.99609375,88,3219.944595813751,2.8,30.3515625,13,3220.0288591384888,2.7,170.85546875,35,3187.1560084819794,1.4,113.90625,147,3222.479094028473
2026-02-13T17:19:22,idle_without_VPN,6.0,27.8,196.76577222040135,0.0,0.0,3598.0026920301957,0.0,1311.93359375,50.983,48.0,1815.0,99.6,39.3515625,3,3059.679690361023,5.5,59.07421875,33,3223.5549676418304,5.5,30.3515625,13,3221.1707134246826,2.8,97.6171875,31,3214.042065382004,2.8,326.1640625,35,3115.4213070869446
2026-02-13T17:19:23,idle_without_VPN,5.1,27.8,187.7554310598939,834.271773860472,0.0,8615.494496937019,0.0,1311.93359375,50.918,48.0,1815.0,99.9,39.3515625,3,3060.790307044983,57.5,67.08203125,88,3222.1949763298035,2.8,30.3515625,13,3222.2833664417267,2.8,184.04296875,105,3196.8358607292175,1.4,106.109375,28,3190.9689843654633
2026-02-13T17:19:24,idle_without_VPN,8.7,27.8,0.0,217.6205134741097,0.0,140548.5380963412,1.0,1311.93359375,51.119,48.0,1815.0,100.3,38.76171875,3,3061.9276907444,33.2,67.0859375,88,3223.326086997986,6.9,30.3515625,13,3223.4146473407745,2.8,59.07421875,33,3225.797035932541,1.4,4.6640625,382,1770992363.3954387
2026-02-13T17:19:25,idle_without_VPN,4.6,27.8,43.443797288574345,209.39910293092834,0.0,8897.289684700025,1.0,1311.93359375,51.093,48.0,1815.0,99.0,39.3515625,3,3063.063771724701,2.8,275.5390625,276,3221.4645471572876,2.8,129.69140625,32,3178.76837682724,2.7,30.38671875,13,3224.5566172599792,1.4,4.6640625,382,1770992364.5467787
2026-02-13T17:19:26,idle_without_VPN,7.4,27.8,312.3115358295354,429.42836176561116,0.0,5451.255898115526,0.0,1311.93359375,51.064,48.0,1815.0,99.3,39.3515625,3,3064.1807494163513,89.7,67.1875,88,3225.582465171814,5.6,59.07421875,33,3228.0710372924805,4.2,30.3515625,13,3225.6711452007294,2.8,12.0625,4,3214.464383840561
2026-02-13T17:19:27,idle_without_VPN,7.3,27.8,0.0,217.51131079952833,0.0,10166.17180433978,0.0,1311.93359375,51.058,48.0,1815.0,99.9,39.3515625,3,3065.291758298874,4.2,59.07421875,33,3229.1792771816254,4.2,30.38671875,14,3226.7842960357666,2.8,106.11328125,28,3195.465869665146,1.4,12.06640625,10,3229.1425709724426
2026-02-13T17:19:28,idle_without_VPN,4.7,27.8,37.51582436384058,37.51582436384058,0.0,14634.744437551524,0.0,1311.93359375,50.964,49.0,1815.0,100.0,39.3515625,3,3066.4021005630493,21.1,67.39453125,88,3227.8061764240265,4.2,58.97265625,33,3230.296448469162,2.8,30.3515625,13,3227.895511865616,2.8,275.5625,276,3224.805758714676
2026-02-13T17:19:30,idle_without_VPN,8.0,27.8,0.0,0.0,0.0,7857.007088846677,0.0,1311.93359375,50.976,49.0,1815.0,99.1,39.3515625,3,3067.521394252777,68.7,67.39453125,88,3228.9199373722076,5.6,30.390625,14,3229.0088975429535,2.8,91.265625,116,3185.8288295269012,1.4,33.5234375,10,3232.354693889618
2026-02-13T17:19:31,idle_without_VPN,5.6,27.8,386.17192657222796,532.5580289705376,0.0,17013.11855112625,0.0,1311.93359375,50.945,49.0,1815.0,99.5,39.3515625,3,3068.6361191272736,4.2,30.3515625,13,3230.1275079250336,2.8,105.796875,28,3198.809622526169,2.8,58.97265625,33,3232.5199880599976,1.4,12.05078125,10,3232.4829313755035
2026-02-13T17:19:32,idle_without_VPN,5.4,27.8,0.0,0.0,0.0,9597.073412025784,0.0,1311.93359375,51.065,49.0,1815.0,99.7,38.76953125,3,3069.7496194839478,53.2,67.39453125,88,3231.1551463603973,5.6,30.38671875,14,3231.244414806366,4.2,105.98046875,28,3199.9295840263367,1.4,58.97265625,33,3233.6396396160126
2026-02-13T17:19:33,idle_without_VPN,8.7,27.8,0.0,217.25862686708314,0.0,17077.790155062336,1.0,1311.93359375,51.054,49.0,1815.0,99.5,39.35546875,3,3070.863519191742,36.5,67.40234375,88,3232.268049955368,2.8,106.11328125,28,3201.038187980652,2.8,58.97265625,33,3234.747144460678,1.4,4.6640625,382,1770992372.3525991
2026-02-13T17:19:34,idle_without_VPN,5.1,27.8,0.0,96.43675176519228,0.0,102408.68691154048,1.0,1311.93359375,51.181,49.0,1815.0,99.7,39.33984375,3,3071.976003885269,7.0,106.1171875,28,3202.1552600860596,7.0,58.97265625,33,3235.865089416504,5.6,30.3515625,13,3233.468986272812,1.4,113.90234375,147,3235.9287185668945
2026-02-13T17:19:35,idle_without_VPN,6.0,27.8,408.78819111153,96.8182557895729,0.0,15605.668488748935,0.0,1311.93359375,51.062,49.0,1815.0,100.5,39.34375,3,3073.0954413414,84.0,67.48828125,88,3234.497056722641,4.2,106.12109375,28,3203.275059700012,2.8,30.3828125,14,3234.586622953415,2.8,39.3359375,15,3107.6562027931213
2026-02-13T17:19:36,idle_without_VPN,8.2,27.8,376.94086788336205,544.6705363673461,0.0,54943.18946985043,0.0,1311.93359375,51.117,49.0,1815.0,99.8,39.34765625,3,3074.207152366638,7.0,30.3515625,13,3235.699476003647,5.6,106.12109375,28,3204.3849725723267,5.6,67.4921875,88,3235.61070895195,2.8,8.16796875,15,3239.2769327163696
2026-02-13T17:19:37,idle_without_VPN,4.9,27.8,0.0,0.0,0.0,9560.072544114779,1.0,1311.93359375,51.197,49.0,1815.0,100.3,39.3515625,3,3075.344400167465,17.9,67.609375,89,3236.7469658851624,5.6,106.12109375,28,3205.5091421604156,2.8,58.97265625,33,3239.221727371216,2.7,30.38671875,13,3236.835971593857
2026-02-13T17:19:39,idle_without_VPN,8.2,27.8,194.84556909312136,0.0,0.0,88181.53755528692,5.0,1311.93359375,51.173,49.0,1815.0,99.5,38.765625,3,3076.491239786148,71.1,67.6171875,89,3237.8893253803253,5.5,30.38671875,14,3237.978549003601,4.1,106.12109375,28,3206.659299850464,2.7,97.6484375,31,3230.856253862381
2026-02-13T17:19:40,idle_without_VPN,6.1,27.8,717.9450735468745,187.21322951037808,0.0,9947.027439645748,0.0,1311.93359375,51.186,49.0,1815.0,100.6,39.3515625,3,3077.6249747276306,5.5,30.3515625,13,3239.1123995780945,4.1,59.14453125,33,3241.499554157257,4.1,326.1640625,35,3133.3801171779633,2.8,106.10546875,28,3207.7896378040314
2026-02-13T17:19:41,idle_without_VPN,5.6,27.8,6468.524894845567,2559.5133546181382,0.0,0.0,1.0,1311.93359375,51.128,50.0,1815.0,97.3,39.3515625,3,3078.7809529304504,52.9,67.703125,89,3240.1779124736786,8.1,106.109375,28,3208.943016052246,4.1,30.3515625,13,3240.2649216651917,2.7,59.14453125,33,3242.655537366867
2026-02-13T17:19:42,idle_without_VPN,8.9,27.8,942.5860070750346,417.9555764210265,0.0,6267.584878213217,1.0,1311.93359375,51.243,50.0,1815.0,100.3,39.3515625,3,3079.934106349945,33.7,67.703125,89,3241.337941646576,4.1,4.6640625,382,1770992381.396817,4.1,106.12890625,28,3210.0886199474335,4.1,59.14453125,33,3243.8012359142303
2026-02-13T17:19:43,idle_without_VPN,5.6,27.8,1117.1516961894806,363.80362456554514,0.0,52277.894428135696,0.0,1311.93359375,51.284,50.0,1815.0,98.3,38.75390625,3,3081.0784776210785,8.1,106.18359375,28,3211.246113538742,8.1,58.93359375,33,3244.95636177063,6.7,4.6640625,382,1770992382.5596266,4.1,30.3515625,13,3242.5672833919525
2026-02-13T17:19:44,idle_without_VPN,7.6,27.8,471.0776393710435,185.28471158935292,0.0,6712.200872670898,0.0,1311.93359375,51.106,50.0,1815.0,96.6,39.3515625,3,3082.226951122284,87.4,67.7109375,89,3243.625007867813,8.2,30.3515625,13,3243.7137830257416,6.8,106.3046875,28,3212.392066717148,5.5,4.6640625,382,1770992383.7038684
2026-02-13T17:19:46,idle_without_VPN,8.5,27.8,0.0,0.0,0.0,10265.779325788237,0.0,1311.93359375,51.186,50.0,1815.0,100.4,39.33984375,2,3083.3944869041443,4.1,4.6640625,382,1770992384.8513994,4.1,106.3359375,28,3213.544333934784,4.1,58.97265625,33,3247.258321762085,1.4,8.16796875,15,3248.430140018463
2026-02-13T17:19:47,idle_without_VPN,5.2,27.8,302.4444551423413,462.25885473460124,0.0,13197.576224393077,0.0,1311.93359375,51.189,50.0,1815.0,99.6,38.7578125,2,3084.523587703705,30.2,67.796875,89,3245.9278831481934,5.4,4.6640625,382,1770992386.0160267,5.4,106.4296875,28,3214.700679540634,4.1,30.3515625,13,3246.0143506526947
2026-02-13T17:19:48,idle_without_VPN,8.7,27.8,59.15607854936603,107.55650645339279,0.0,0.0,0.0,1311.93359375,51.251,50.0,1815.0,101.2,39.34375,2,3085.635495901108,58.9,67.796875,89,3247.038872718811,5.6,106.09765625,28,3215.812885284424,5.6,30.3828125,14,3247.1279203891754,2.8,4.6640625,382,1770992387.1302383
2026-02-13T17:19:49,idle_without_VPN,5.4,27.8,69.80593627084274,49.22213454995321,0.0,102181.57153409923,0.0,1311.93359375,51.264,50.0,1815.0,97.8,39.34375,2,3086.7533926963806,5.6,105.80859375,28,3216.929170370102,4.2,58.97265625,33,3250.6383171081543,4.2,30.3515625,13,3248.2454183101654,1.4,4.6640625,382,1770992388.247644
2026-02-13T17:19:50,idle_without_VPN,6.0,27.8,0.0,0.0,0.0,10576.462868982553,0.0,1311.93359375,51.213,50.0,1815.0,98.8,39.34375,2,3087.8605766296387,62.1,67.796875,89,3249.2640130519867,11.2,105.92578125,28,3218.0406143665314,7.1,30.3515625,13,3249.3532481193542,1.4,58.97265625,33,3251.7549438476562
2026-02-13T17:19:51,idle_without_VPN,8.4,27.8,317.34242403659897,436.34583305032356,0.0,13847.669412506137,1.0,1311.93359375,51.362,50.0,1815.0,98.0,39.34375,2,3089.0089547634125,27.3,67.8125,89,3250.4063725471497,7.0,105.9921875,28,3219.1641161441803,2.7,30.3515625,13,3250.495407819748,2.7,25.49609375,12,3236.0747113227844
2026-02-13T17:19:52,idle_without_VPN,5.3,27.8,193.0547476482651,0.0,0.0,52952.15935495272,0.0,1311.93359375,51.385,51.0,1815.0,101.2,38.75390625,2,3090.166370153427,8.1,106.0078125,28,3220.322483778,4.1,30.3515625,13,3251.6519117355347,2.7,59.07421875,33,3254.0353837013245,1.3,25.49609375,12,3237.2350249290466
2026-02-13T17:19:53,idle_without_VPN,7.4,27.8,0.0,0.0,0.0,14112.719994068999,0.0,1311.93359375,51.335,51.0,1815.0,99.6,38.76953125,3,3091.3273191452026,86.0,67.9921875,89,3252.7258398532867,8.1,106.01953125,28,3221.4861102104187,6.7,30.3515625,14,3252.814477443695,1.3,4.6640625,382,1770992392.7929637
2026-02-13T17:19:55,idle_without_VPN,7.3,27.8,535.3956181119253,0.0,0.0,113552.38585301985,0.0,1311.93359375,51.312,51.0,1815.0,97.9,39.3515625,3,3092.476747274399,10.9,106.0234375,28,3222.6318652629852,5.5,59.07421875,33,3256.344971895218,1.4,4.6640625,382,1770992393.9461532,1.4,113.91015625,147,3256.4047355651855
2026-02-13T17:19:56,idle_without_VPN,5.0,27.8,43.092905227343294,349.91439044602754,0.0,63543.07433203133,1.0,1311.93359375,51.376,51.0,1815.0,98.4,38.765625,3,3093.619421482086,38.2,68.078125,89,3255.0243668556213,9.4,106.0234375,28,3223.7947080135345,4.1,30.3515625,13,3255.1125996112823,2.7,59.07421875,33,3257.5051984786987
2026-02-13T17:19:57,idle_without_VPN,9.4,27.8,695.2365465465913,480.767689000085,0.0,3660.2685021270413,0.0,1311.93359375,51.489,51.0,1815.0,100.9,39.3515625,3,3094.7347254753113,50.6,68.078125,89,3256.136777639389,11.2,105.99609375,28,3224.909100294113,4.2,58.93359375,33,3258.6180317401886,4.2,30.38671875,14,3256.225433588028
2026-02-13T17:19:58,idle_without_VPN,5.0,27.8,0.0,0.0,0.0,12353.014044609885,4.0,1311.93359375,51.449,51.0,1815.0,98.6,39.3515625,3,3095.844351530075,7.0,105.99609375,28,3226.026359319687,5.6,30.3515625,13,3257.3387620449066,2.8,12.0625,4,3246.1282131671906,1.4,33.57421875,10,3260.6836836338043
2026-02-13T17:19:59,idle_without_VPN,6.5,27.8,0.0,48.530924233298215,0.0,121938.44074025744,1.0,1311.93359375,51.44,51.0,1815.0,100.1,39.3515625,3,3096.968743801117,71.0,68.078125,89,3258.3717756271362,8.4,105.92578125,28,3227.140216112137,5.6,58.97265625,33,3260.8528866767883,4.2,30.38671875,14,3258.461058139801
2026-02-13T17:20:00,idle_without_VPN,7.8,27.8,0.0,0.0,0.0,66092.09971936047,1.0,1311.93359375,51.437,51.0,1815.0,99.8,38.765625,3,3098.112135887146,17.8,68.296875,89,3259.513006925583,15.1,106.01171875,28,3228.275846004486,5.5,82.19921875,56,3258.1654150485992,2.7,30.38671875,14,3259.602512359619
2026-02-13T17:20:01,idle_without_VPN,5.7,27.8,581.3494501882781,516.948463191373,0.0,0.0,1.0,1311.93359375,51.564,51.0,1815.0,99.7,38.76171875,3,3099.2565429210663,8.2,105.859375,28,3229.4252433776855,6.9,30.38671875,14,3260.743103981018,6.8,68.296875,89,3260.6560294628143,5.5,26.67578125,9,3246.3285377025604
2026-02-13T17:20:03,idle_without_VPN,8.2,27.8,0.0,0.0,0.0,11095.173224484937,1.0,1311.93359375,51.414,51.0,1815.0,98.7,39.3515625,3,3100.412312269211,79.7,68.30078125,89,3261.812746524811,13.6,105.94921875,28,3230.5719113349915,2.7,58.97265625,33,3264.2835640907288,2.7,23.30859375,5,3260.848982334137
2026-02-13T17:20:04,idle_without_VPN,6.4,27.8,57.1944755104752,103.98995547359128,0.0,66553.57150309841,1.0,1311.93359375,51.454,51.0,1815.0,100.9,39.3515625,3,3101.558114528656,10.9,105.9765625,28,3231.7219755649567,4.1,30.3515625,13,3263.0489208698273,2.7,58.97265625,33,3265.434131860733,2.7,25.49609375,12,3248.619572877884
2026-02-13T17:20:05,idle_without_VPN,5.3,27.8,0.0,0.0,0.0,448.15896523011236,0.0,1311.93359375,51.501,51.0,1815.0,98.9,39.3515625,3,3102.6954777240753,45.3,68.390625,89,3264.098833799362,12.3,105.9765625,28,3232.8672907352448,4.1,30.3515625,13,3264.188337087631,2.7,58.97265625,33,3266.5818412303925
2026-02-13T17:20:06,idle_without_VPN,9.1,27.8,532.6199184839586,525.5419129227099,0.0,9059.847118398233,0.0,1311.93359375,51.529,51.0,1815.0,101.1,39.3515625,3,3103.823740005493,43.1,68.3984375,89,3265.223107099533,12.4,106.01953125,28,3233.998151779175,4.1,4.6640625,382,1770992405.310186,2.8,113.91015625,147,3267.769382715225
2026-02-13T17:20:07,idle_without_VPN,5.7,27.8,0.0,0.0,0.0,8194.089074273925,0.0,1311.93359375,51.535,52.0,1815.0,99.8,39.3515625,3,3104.9364919662476,9.8,106.02734375,28,3235.1183013916016,5.6,30.3515625,13,3266.430128097534,2.8,58.97265625,33,3268.8302562236786,2.8,344.9296875,95,3235.9979882240295
2026-02-13T17:20:08,idle_without_VPN,7.0,27.8,272.19332069304545,38.10706489702636,0.0,0.0,1.0,1311.93359375,51.437,52.0,1815.0,100.2,39.3515625,3,3106.04310798645,77.8,68.484375,89,3267.445449113846,11.3,106.02734375,28,3236.2226350307465,5.6,26.67578125,9,3253.1063776016235,4.3,4.6640625,382,1770992407.5369902
2026-02-13T17:20:09,idle_without_VPN,7.6,27.8,201.21343818579737,0.0,0.0,181207.07347475237,1.0,1311.93359375,51.57,52.0,1815.0,99.4,39.3515625,3,3107.1749119758606,18.2,106.04296875,28,3237.339953660965,12.4,68.484375,89,3268.576184272766,8.2,344.9296875,95,3238.25537776947,4.2,30.3515625,13,3268.6651606559753
2026-02-13T17:20:10,idle_without_VPN,6.2,27.8,236.37881680527633,46.585606231696794,0.0,29152.23714410182,0.0,1311.93359375,51.525,52.0,1815.0,100.1,39.33984375,3,3108.361631631851,14.8,106.05078125,28,3238.5044536590576,14.6,68.484375,89,3269.757901906967,7.9,30.38671875,14,3269.8461966514587,5.3,275.8515625,276,3266.7619643211365
2026-02-13T17:20:12,idle_without_VPN,9.2,27.8,692.2222709723777,896.3172894408921,0.0,21770.135303308194,0.0,1311.93359375,51.633,52.0,1815.0,98.0,39.35546875,3,3109.508774995804,71.9,68.4921875,89,3270.9093136787415,16.4,344.9296875,95,3240.5729920864105,13.4,105.89453125,28,3239.6702468395233,4.1,30.38671875,14,3270.9985649585724
2026-02-13T17:20:13,idle_without_VPN,7.8,27.8,197.18671329346466,636.4553290677453,0.0,37859.848952345215,0.0,1311.93359375,51.666,52.0,1815.0,100.6,38.76953125,3,3110.6431019306183,21.9,344.65625,95,3241.7140531539917,15.1,106.03125,28,3240.8092200756073,4.1,58.93359375,33,3274.5220103263855,2.8,30.3515625,13,3272.134376525879
2026-02-13T17:20:14,idle_without_VPN,6.6,27.8,0.0,211.77113747028727,0.0,123723.55251376118,0.0,1311.93359375,51.56,52.0,1815.0,100.4,38.76953125,3,3111.778701066971,52.3,68.578125,89,3273.1807749271393,19.3,344.65625,95,3242.847507238388,11.0,106.0859375,28,3241.944619178772,8.3,30.3515625,13,3273.269507408142
2026-02-13T17:20:15,idle_without_VPN,9.9,27.8,68.86855083016573,96.23938513446237,32548.33663850294,0.0,0.0,1311.93359375,53.661,52.0,1815.0,96.4,39.34765625,3,3112.9131059646606,35.8,68.640625,89,3274.3155381679535,16.4,344.65625,95,3243.9888813495636,12.4,106.08984375,28,3243.0801632404327,5.5,30.390625,14,3274.404290676117
2026-02-13T17:20:16,idle_without_VPN,6.8,27.8,2685.254746344963,520.0656404724186,0.0,8517.169276962439,0.0,1311.93359375,51.811,52.0,1815.0,99.8,38.76953125,3,3114.0560207366943,17.7,106.09765625,28,3244.230489730835,16.6,344.65625,95,3245.1202535629272,4.1,4.6640625,382,1770992415.5346293,4.1,58.97265625,33,3277.9432697296143
2026-02-13T17:20:17,idle_without_VPN,8.0,27.8,2098.8552780106365,212.799378208062,0.0,19439.797139538143,1.0,1311.93359375,51.91,52.0,1815.0,100.5,39.359375,3,3115.1752943992615,88.1,68.671875,89,3276.573591709137,22.2,106.16015625,28,3245.3537747859955,12.6,344.65625,95,3246.2349038124084,5.6,30.3515625,13,3276.6631529331207
2026-02-13T17:20:18,idle_without_VPN,8.8,27.8,3118.7160319385584,37.53182617232649,0.0,23791.603333619536,0.0,1311.93359375,51.9,52.0,1815.0,100.8,39.35546875,3,3116.321896791458,18.1,106.16015625,28,3246.4775910377502,14.8,344.65625,95,3247.396166086197,5.6,58.97265625,33,3280.188848257065,4.1,30.3515625,13,3277.8085560798645
2026-02-13T17:20:20,idle_without_VPN,6.4,27.8,4290.684808834009,46.460192435740225,0.0,22906.59561868792,0.0,1311.93359375,52.103,52.0,1815.0,99.9,39.34375,3,3117.463916540146,25.7,106.16015625,28,3247.6327328681946,24.5,68.765625,89,3278.8685500621796,5.5,344.65625,95,3248.5410759449005,4.1,30.38671875,13,3278.9578466415405
2026-02-13T17:20:21,idle_without_VPN,9.9,27.8,1815.3164319248826,0.0,0.0,60312.45993293092,1.0,1311.93359375,52.034,51.0,1815.0,96.5,39.35546875,3,3118.6139149665833,62.8,68.765625,89,3280.0134649276733,19.1,106.16015625,28,3248.775138616562,6.8,30.390625,14,3280.1025013923645,2.7,91.265625,116,3236.9212868213654
2026-02-13T17:20:22,idle_without_VPN,7.1,27.8,2817.2734516268515,939.9639118346093,0.0,5362.2453800481335,0.0,1311.93359375,51.938,51.0,1815.0,99.7,38.76953125,3,3119.7586476802826,23.2,106.16015625,28,3249.921502351761,4.1,58.97265625,33,3283.6338691711426,2.7,4.6640625,382,1770992421.23201,2.7,30.38671875,14,3281.2487761974335
2026-02-13T17:20:23,idle_without_VPN,7.1,27.8,272.7812672621919,0.0,0.0,0.0,1.0,1311.93359375,51.889,51.0,1815.0,100.8,39.33984375,3,3120.8741931915283,61.5,68.765625,89,3282.276285171509,23.4,106.16015625,28,3251.0573329925537,9.8,344.65625,95,3251.939606189728,5.6,30.3515625,13,3282.3657236099243
2026-02-13T17:20:24,idle_without_VPN,10.1,27.8,198.44727360159524,0.0,0.0,116383.91376896466,1.0,1311.93359375,51.935,51.0,1815.0,98.6,39.3359375,3,3121.9995617866516,29.5,105.9765625,28,3252.170220851898,27.8,68.77734375,89,3283.4028689861298,8.4,59.14453125,33,3285.8823041915894,5.6,30.390625,14,3283.491236448288
2026-02-13T17:20:25,idle_without_VPN,6.7,27.8,1510.5734209786763,0.0,0.0,127316.47288989111,1.0,1311.93359375,51.919,51.0,1815.0,92.4,39.3359375,3,3123.149913549423,31.7,106.0703125,28,3253.3023767471313,23.2,344.6484375,95,3254.2189309597015,4.1,59.14453125,33,3287.0194866657257,2.7,91.265625,116,3241.4572620391846
2026-02-13T17:20:26,idle_without_VPN,9.6,27.8,577.2803721237663,513.3301512597562,0.0,9291.79425310589,1.0,1311.93359375,51.769,51.0,1815.0,86.0,68.88671875,89,3285.7100801467896,76.7,39.34375,3,3124.3133130073547,47.1,344.9609375,95,3255.381056547165,13.5,106.1796875,28,3254.462970018387,4.0,59.14453125,33,3288.1772701740265
2026-02-13T17:20:28,idle_without_VPN,9.6,27.8,226.59702142498145,283.2462767812268,0.0,35156.871202906215,0.0,1311.93359375,51.827,50.0,1815.0,86.1,39.34375,3,3125.4536430835724,16.5,344.96484375,95,3256.519370317459,4.1,58.97265625,33,3289.3345489501953,2.7,4.6640625,382,1770992426.935768,1.4,200.17578125,69,3286.9443695545197
2026-02-13T17:20:29,idle_without_VPN,7.3,27.8,194.49208360268636,0.0,0.0,113159.0304597448,0.0,1311.93359375,51.704,50.0,1815.0,99.9,38.76171875,3,3126.5646328926086,33.8,69.046875,89,3287.9668877124786,7.0,30.3515625,13,3288.056398868561,5.5,4.6640625,382,1770992428.066632,2.8,49.0234375,58,3257.969079017639
2026-02-13T17:20:30,idle_without_VPN,11.5,27.8,342.8101540070238,157.80149946355064,0.0,0.0,0.0,1311.93359375,51.689,50.0,1815.0,98.8,39.35546875,3,3127.6716265678406,54.8,69.046875,89,3289.077922821045,5.7,4.6640625,382,1770992429.1689496,4.3,58.97265625,33,3291.561996936798,4.2,275.984375,275,3286.070339679718
2026-02-13T17:20:31,idle_without_VPN,8.7,27.8,965.4093811433106,587.4040178224087,14851.894179015964,52445.751319650124,4.0,1311.93359375,51.782,50.0,1815.0,100.4,39.35546875,3,3128.7918100357056,4.2,276.01171875,275,3287.1961662769318,2.8,30.3515625,13,3290.2879931926727,1.4,4.6640625,382,1770992430.2732685,1.4,58.97265625,33,3292.680350780487
2026-02-13T17:20:32,idle_without_VPN,7.6,27.8,345.1380243152693,96.46165294965219,0.0,9968.29411765947,0.0,1311.93359375,51.551,50.0,1815.0,99.7,39.359375,3,3129.90439248085,65.1,69.046875,89,3291.3023109436035,2.8,4.6640625,382,1770992431.4023876,2.8,58.97265625,33,3293.797684907913,2.8,30.3515625,13,3291.3919320106506
2026-02-13T17:20:33,idle_without_VPN,9.8,27.8,166.6056308352302,48.89513078860017,0.0,13907.948313201825,5.0,1311.93359375,51.665,49.0,1815.0,99.3,39.359375,3,3131.005669593811,25.4,69.0703125,89,3292.4078030586243,4.2,58.97265625,33,3294.903983592987,4.2,30.390625,14,3292.4974110126495,2.8,4.6640625,382,1770992432.506995
2026-02-13T17:20:34,idle_without_VPN,5.1,27.8,253.6182379742418,49.81786817351178,0.0,13912.771911729835,0.0,1311.93359375,51.715,49.0,1815.0,98.8,38.77734375,3,3132.1135268211365,5.6,30.390625,14,3293.607993364334,4.2,58.97265625,33,3296.0081086158752,2.8,26.67578125,9,3279.1736958026886,1.4,12.1015625,10,3295.971062898636
2026-02-13T17:20:35,idle_without_VPN,6.6,27.8,0.0,0.0,0.0,0.0,1.0,1311.93359375,51.557,49.0,1815.0,100.2,39.359375,3,3133.2199444770813,92.3,69.36328125,89,3294.619484901428,2.8,58.97265625,33,3297.107391834259,1.4,4.6640625,382,1770992434.7144005,1.4,30.3515625,13,3294.7085280418396
2026-02-13T17:20:36,idle_without_VPN,7.0,27.8,942.3851412511658,753.1873595468209,0.0,11532.055265788646,0.0,1311.93359375,51.685,49.0,1815.0,99.5,39.359375,3,3134.334498167038,4.2,30.38671875,14,3295.8291091918945,2.8,58.97265625,33,3298.2180836200714,1.4,113.90234375,147,3298.283685684204,1.4,276.015625,275,3292.729686021805
2026-02-13T17:20:38,idle_without_VPN,5.0,27.8,181.64470806260803,0.0,0.0,10589.346941313228,0.0,1311.93359375,51.424,49.0,1815.0,97.9,39.34375,3,3135.4362082481384,24.1,69.484375,89,3296.842324733734,4.2,30.390625,14,3296.931535959244,2.8,58.97265625,33,3299.329339981079,1.4,4.6640625,382,1770992436.9387178
2026-02-13T17:20:39,idle_without_VPN,8.0,27.8,83.50247688228772,0.0,0.0,107347.87984589058,0.0,1311.93359375,51.644,49.0,1815.0,99.1,39.35546875,3,3136.555330514908,66.0,69.546875,89,3297.9549164772034,2.8,106.0703125,28,3266.7238204479218,1.4,113.90234375,147,3300.493889570236,1.4,58.98046875,33,3300.4355924129486
2026-02-13T17:20:40,idle_without_VPN,5.6,27.8,378.83036700743105,86.25949671295966,0.0,6829.61788407763,0.0,1311.93359375,51.551,49.0,1815.0,100.3,39.35546875,3,3137.677393913269,4.2,30.38671875,14,3299.1660301685333,4.2,12.05859375,4,3287.9603390693665,2.8,58.98046875,33,3301.5587549209595,1.4,22.0625,9,3301.583169698715
2026-02-13T17:20:41,idle_without_VPN,6.1,27.8,657.6402174855003,586.5439777573381,0.0,0.0,0.0,1311.93359375,51.621,48.0,1815.0,100.8,39.35546875,3,3138.7935976982117,55.7,69.578125,89,3300.199666261673,5.6,58.97265625,33,3302.6791095733643,2.8,30.3515625,13,3300.2880339622498,2.8,105.29296875,16,3259.53599691391
2026-02-13T17:20:42,idle_without_VPN,8.7,27.8,0.0,0.0,0.0,60584.13217368233,0.0,1311.93359375,51.549,48.0,1815.0,98.0,39.35546875,3,3139.893298625946,34.1,69.58203125,89,3301.29945063591,5.7,30.38671875,14,3301.3884868621826,1.4,113.90625,147,3303.8528010845184,1.4,58.97265625,33,3303.7869822978973
2026-02-13T17:20:43,idle_without_VPN,5.2,27.8,0.0,49.004741178148045,0.0,11615.938649635093,1.0,1311.93359375,51.529,48.0,1815.0,100.8,39.35546875,3,3140.9941902160645,4.3,30.38671875,14,3302.4876992702484,2.8,20.22265625,6,3305.857647418976,2.8,23.2109375,5,3301.431786775589,2.8,12.05859375,4,3291.2738375663757
2026-02-13T17:20:44,idle_without_VPN,6.2,27.8,0.0,0.0,0.0,97401.23271980643,1.0,1311.93359375,51.62,48.0,1815.0,99.8,38.7734375,3,3142.106383085251,83.2,69.671875,89,3303.506101369858,5.7,58.97265625,33,3305.9932556152344,2.8,184.04296875,105,3278.1449711322784,1.4,4.6640625,382,1770992443.5911763
2026-02-13T17:20:45,idle_without_VPN,7.9,27.8,194.6385936568467,389.2771873136934,0.0,7381.848885355963,1.0,1311.93359375,51.478,48.0,1815.0,99.8,39.35546875,3,3143.2174243927,7.0,69.6796875,89,3304.6164605617523,4.2,30.3515625,13,3304.7028205394745,2.8,58.97265625,33,3307.099343776703,2.8,276.07421875,275,3301.6251912117004
2026-02-13T17:20:46,idle_without_VPN,5.0,27.8,607.9507197866384,581.518079795915,0.0,17593.5651778255,0.0,1311.93359375,51.456,48.0,1815.0,100.4,39.3515625,3,3144.3537542819977,15.1,69.765625,89,3305.7537031173706,4.2,12.05859375,4,3294.627393245697,2.8,4.6640625,382,1770992445.8351758,2.8,58.97265625,33,3308.2294046878815
2026-02-13T17:20:48,idle_without_VPN,8.1,27.8,82.51840912390956,0.0,0.0,0.0,5.0,1311.93359375,51.43,48.0,1815.0,98.0,38.78125,3,3145.4702270030975,74.0,69.76953125,89,3306.8731043338776,4.2,30.390625,14,3306.9614634513855,1.4,113.90625,147,3309.4083185195923,1.4,58.97265625,33,3309.345052242279
2026-02-13T17:20:49,idle_without_VPN,6.9,27.8,0.0,47.95684628606783,0.0,10912.846799318546,1.0,1311.93359375,51.432,47.0,1815.0,96.5,39.36328125,3,3146.603880882263,5.5,58.97265625,33,3310.472831249237,4.1,30.3515625,13,3308.0931017398834,2.8,106.19921875,28,3276.7608025074005,2.7,23.41796875,10,3293.6613073349
2026-02-13T17:20:50,idle_without_VPN,4.7,27.8,80.32967570103925,47.15002704191434,0.0,14305.66746397638,0.0,1311.93359375,51.389,47.0,1815.0,99.3,39.36328125,3,3147.7531468868256,47.7,69.859375,89,3309.1498823165894,2.7,30.3515625,13,3309.239309310913,1.4,58.97265625,33,3311.626751422882,1.4,23.22265625,5,3308.1858747005463
2026-02-13T17:20:51,idle_without_VPN,8.7,27.8,522.9965788907949,577.2203044614125,0.0,28658.113540290247,0.0,1311.93359375,51.209,47.0,1815.0,99.3,39.35546875,3,3148.886211156845,39.8,69.86328125,89,3310.2896826267242,4.1,30.3515625,13,3310.378848552704,2.7,4.6640625,382,1770992450.3676312,1.4,113.8984375,147,3312.8256330490112
2026-02-13T17:20:52,idle_without_VPN,5.1,27.8,458.4058725928227,58.40692585159516,0.0,25826.48066746899,1.0,1311.93359375,51.242,47.0,1815.0,100.0,38.77734375,3,3149.9953882694244,4.2,58.97265625,33,3313.8921151161194,2.8,30.3515625,13,3311.4900317192078,2.8,276.1328125,275,3308.395588874817,1.4,91.265625,116,3268.3026831150055
2026-02-13T17:20:53,idle_without_VPN,6.0,27.8,0.0,60.80682945430615,0.0,11792.839651744222,1.0,1311.93359375,51.226,47.0,1815.0,99.4,39.3515625,3,3151.079754590988,80.9,69.953125,89,3312.4816613197327,5.8,30.3515625,13,3312.571427345276,2.9,152.13671875,23,3205.824165582657,1.4,4.6640625,382,1770992452.5801141
2026-02-13T17:20:54,idle_without_VPN,8.2,27.8,0.0,0.0,0.0,104752.63090030153,0.0,1311.93359375,51.192,47.0,1815.0,99.4,39.3515625,3,3152.1800282001495,9.9,69.9609375,89,3313.58420085907,5.7,58.98046875,33,3316.0740962028503,2.8,30.38671875,14,3313.6733441352844,2.8,184.02734375,104,3288.218338251114
2026-02-13T17:20:55,idle_without_VPN,5.4,27.8,145.45805758294512,0.0,0.0,134519.61165270765,0.0,1311.93359375,51.084,47.0,1815.0,100.5,39.3515625,3,3153.283580303192,9.9,30.38671875,14,3314.774251937866,8.5,70.046875,89,3314.685759782791,4.2,98.08203125,32,3307.6490387916565,2.8,4.6640625,382,1770992454.775198
2026-02-13T17:20:56,idle_without_VPN,8.7,27.8,319.04008629929535,438.68011866153114,0.0,11601.45768361074,0.0,1311.93359375,50.953,47.0,1815.0,98.6,39.3359375,3,3154.3930451869965,80.4,70.05078125,89,3315.792936563492,4.2,276.1640625,275,3312.7917301654816,4.2,247.8828125,47,3297.283308506012,2.8,59.0625,33,3318.2777483463287
2026-02-13T17:20:58,idle_without_VPN,6.4,27.8,610.8767207881108,1009.9828450363432,0.0,85258.48016593531,0.0,1311.93359375,51.082,48.0,1815.0,98.8,39.33984375,3,3155.4846110343933,5.7,30.3515625,13,3316.976553440094,1.4,4.6640625,382,1770992456.9832218,1.4,106.4140625,28,3285.6712534427643,1.4,59.0625,33,3319.380918979645
2026-02-13T17:20:59,idle_without_VPN,4.9,27.8,0.0,220.32734424434315,0.0,25744.473086807895,0.0,1311.93359375,50.962,48.0,1815.0,98.1,39.34375,3,3156.583167076111,35.7,70.171875,89,3317.983113050461,2.9,59.0625,33,3320.470554590225,2.9,30.3515625,13,3318.0715086460114,1.4,4.6640625,382,1770992458.0770502
2026-02-13T17:21:00,idle_without_VPN,8.5,27.8,0.0,269.4128969493008,0.0,104740.42822142849,0.0,1311.93359375,50.945,48.0,1815.0,99.2,39.33984375,3,3157.685384988785,55.1,70.20703125,89,3319.087870836258,4.3,82.19921875,56,3317.7385404109955,4.2,30.3515625,13,3319.176602125168,2.9,59.0625,33,3321.5640935897827
2026-02-13T17:21:01,idle_without_VPN,5.2,27.8,69.7853728231514,364.1364966541362,0.0,8245.410204335427,1.0,1311.93359375,50.919,48.0,1815.0,100.4,39.33984375,3,3158.790602684021,4.2,30.38671875,14,3320.285263299942,2.8,91.265625,116,3277.098028421402,1.4,4.6640625,382,1770992460.289577,1.4,58.97265625,33,3322.681225538254
2026-02-13T17:21:02,idle_without_VPN,6.6,27.8,323.86707190404167,343.18868698922597,0.0,12719.143187504182,1.0,1311.93359375,50.949,48.0,1815.0,97.7,39.33984375,3,3159.8778405189514,63.3,70.37890625,89,3321.2823610305786,2.9,58.97265625,33,3323.768976688385,1.4,4.6640625,382,1770992461.3769014,1.4,113.90234375,147,3323.833493232727
2026-02-13T17:21:03,idle_without_VPN,7.7,27.8,236.73427459524137,38.24169051153899,0.0,16316.454618256637,0.0,1311.93359375,51.065,48.0,1815.0,100.3,39.33984375,3,3160.983979701996,28.2,70.40625,89,3322.390457868576,5.6,30.3515625,13,3322.4798352718353,1.4,58.97265625,33,3324.8725254535675,1.4,12.3125,10,3324.8406751155853
2026-02-13T17:21:04,idle_without_VPN,5.1,27.8,83.1794883291414,48.82274314971343,0.0,12498.622246326639,0.0,1311.93359375,50.932,48.0,1815.0,99.7,39.33984375,3,3162.0966646671295,2.8,4.6640625,382,1770992463.580655,2.8,58.97265625,33,3325.977339029312,2.8,30.3515625,13,3323.58612203598,2.8,129.81640625,32,3277.7865266799927
2026-02-13T17:21:05,idle_without_VPN,6.6,27.8,0.0,0.0,0.0,0.0,5.0,1311.93359375,50.95,48.0,1815.0,98.3,39.3359375,3,3163.2258591651917,88.7,70.66796875,89,3324.6240866184235,2.8,30.3515625,13,3324.7131865024567,1.4,106.0703125,28,3293.3880321979523,1.4,58.97265625,33,3327.100214242935
2026-02-13T17:21:06,idle_without_VPN,6.7,27.8,391.09101161278886,638.6058185118737,0.0,9470.744497434023,0.0,1311.93359375,51.025,48.0,1815.0,100.3,39.33984375,3,3164.362569093704,6.9,30.38671875,14,3325.850193977356,1.4,113.90625,147,3328.29412317276,1.4,17.98046875,6,3328.241032600403,1.4,58.97265625,33,3328.2327609062195
2026-02-13T17:21:08,idle_without_VPN,5.3,27.8,0.0,0.0,0.0,4965.491985890307,0.0,1311.93359375,51.027,48.0,1815.0,98.9,39.34375,3,3165.500144004822,27.4,70.75390625,89,3326.9029717445374,2.7,30.38671875,14,3326.991782426834,1.4,106.078125,28,3295.6601254940033,1.4,58.97265625,33,3329.373160839081
2026-02-13T17:21:09,idle_without_VPN,8.0,27.8,0.0,0.0,0.0,8527.042715265972,0.0,1311.93359375,51.106,49.0,1815.0,100.1,38.76171875,3,3166.6393723487854,60.5,70.77734375,89,3328.0395362377167,6.8,58.97265625,33,3330.5144209861755,4.1,30.3515625,13,3328.1280374526978,2.8,124.92578125,99,3222.688681125641
2026-02-13T17:21:10,idle_without_VPN,6.4,27.8,532.3047996745048,314.82277278936937,0.0,116738.7395925372,0.0,1311.93359375,51.014,49.0,1815.0,95.7,39.34375,3,3167.782425880432,6.9,30.3515625,13,3329.268580198288,4.1,276.234375,275,3326.1825835704803,2.7,58.97265625,33,3331.657399892807,2.7,247.875,47,3310.6716434955597
2026-02-13T17:21:11,idle_without_VPN,6.6,27.8,1413.0307708031296,3023.6388778483947,0.0,10838.528159568576,1.0,1311.93359375,51.109,49.0,1815.0,99.9,39.34375,3,3168.907804965973,63.4,70.86328125,89,3330.3134677410126,5.5,30.38671875,14,3330.402624607086,4.1,59.14453125,33,3332.7868671417236,2.8,105.2890625,16,3289.649817466736
2026-02-13T17:21:12,idle_without_VPN,8.4,27.8,0.0,117.12245001573908,0.0,0.0,1.0,1311.93359375,51.14,49.0,1815.0,99.5,39.34375,3,3170.022295475006,25.3,70.88671875,89,3331.4267444610596,4.2,30.3515625,13,3331.51620221138,1.4,59.14453125,33,3333.906562805176,1.4,91.265625,116,3288.329614639282
2026-02-13T17:21:13,idle_without_VPN,5.0,27.8,0.0,0.0,0.0,9238.604747108746,1.0,1311.93359375,51.268,49.0,1815.0,101.1,39.34375,3,3171.1510620117188,5.6,59.14453125,33,3335.021178483963,4.2,30.38671875,14,3332.6425502300262,1.4,106.12109375,28,3301.308379173279,1.4,25.49609375,12,3318.210039138794
2026-02-13T17:21:14,idle_without_VPN,6.7,27.8,0.0,0.0,0.0,176430.19546900506,1.0,1311.93359375,51.103,49.0,1815.0,99.9,39.34375,3,3172.293354034424,88.2,70.98828125,89,3333.6874344348907,8.3,30.390625,14,3333.776611804962,2.7,276.24609375,275,3330.696362257004,1.4,106.12109375,28,3302.451697587967
2026-02-13T17:21:16,idle_without_VPN,6.6,27.8,0.0,0.0,0.0,12587.012261388161,5.0,1311.93359375,51.237,49.0,1815.0,99.3,39.3515625,3,3173.4415078163147,2.7,30.38671875,14,3334.9307231903076,2.7,164.7265625,164,3314.9734795093536,1.4,58.97265625,33,3337.3097665309906,1.4,98.0859375,32,3327.820081472397
2026-02-13T17:21:17,idle_without_VPN,5.1,27.8,303.6455914990464,510.6766766120326,0.0,53441.62410383217,0.0,1311.93359375,51.205,49.0,1815.0,100.4,38.7734375,3,3174.5621008872986,33.4,70.98828125,89,3335.9637088775635,4.2,30.3515625,13,3336.0532128810883,4.1,58.97265625,33,3338.454659461975,2.9,325.91015625,35,3230.282273054123
2026-02-13T17:21:18,idle_without_VPN,8.4,27.8,71.76316528930153,100.28442328889571,0.0,21197.73497776291,0.0,1311.93359375,51.181,49.0,1815.0,99.8,39.3515625,3,3175.6576783657074,57.1,71.01171875,89,3337.0584247112274,4.3,30.3515625,13,3337.147895336151,2.9,58.97265625,33,3339.5416371822357,2.9,276.28125,275,3334.0565361976624
2026-02-13T17:21:19,idle_without_VPN,5.5,27.8,267.56573267584963,49.14472640984993,0.0,0.0,0.0,1311.93359375,51.348,49.0,1815.0,98.1,39.3515625,3,3176.7570612430573,4.3,106.10546875,28,3306.9310817718506,4.3,58.97265625,33,3340.6418306827545,1.4,4.6640625,382,1770992478.2468994,1.4,113.91015625,147,3340.7045152187347
2026-02-13T17:21:20,idle_without_VPN,5.5,27.8,2243.873128843478,0.0,0.0,17272.625986513955,0.0,1311.93359375,51.184,50.0,1815.0,99.0,39.3515625,3,3177.845599412918,58.8,71.09765625,89,3339.2489256858826,4.3,30.390625,14,3339.33798289299,2.9,106.14453125,28,3308.02317070961,1.4,58.97265625,33,3341.7357535362244
2026-02-13T17:21:21,idle_without_VPN,8.4,27.8,2472.7260938355485,437.58662867144625,48141.76199069663,18053.160746511236,1.0,1311.93359375,51.384,50.0,1815.0,99.6,39.3515625,3,3178.9589791297913,31.0,71.12109375,89,3340.357651948929,7.0,106.6328125,28,3309.135316848755,4.2,58.97265625,33,3342.8451478481293,2.8,30.390625,14,3340.4467713832855
2026-02-13T17:21:22,idle_without_VPN,4.7,27.8,1639.681711426485,0.0,0.0,6515.0989509451465,0.0,1311.93359375,51.27,50.0,1815.0,98.5,39.3515625,3,3180.0689306259155,5.6,30.3515625,13,3341.5565407276154,1.4,106.45703125,28,3310.2362928390503,1.4,58.97265625,33,3343.945380449295,1.4,12.09765625,10,3343.910913705826
2026-02-13T17:21:23,idle_without_VPN,6.7,27.8,5409.797293525591,5292.193004535905,0.0,10112.173367784975,0.0,1311.93359375,51.249,50.0,1815.0,100.0,39.34375,3,3181.163206100464,86.5,71.20703125,89,3342.5685682296753,4.2,108.2421875,28,3311.343828678131,2.8,4.6640625,382,1770992482.6617846,2.8,58.97265625,33,3345.0531034469604
2026-02-13T17:21:24,idle_without_VPN,7.4,27.8,59.78026701403008,108.69139457096378,0.0,111299.98804066691,0.0,1311.93359375,51.43,50.0,1815.0,99.3,39.34375,3,3182.2796688079834,9.8,30.390625,14,3343.77210855484,2.8,106.6796875,28,3312.4495718479156,2.8,71.23046875,89,3343.682435274124,2.8,129.84375,32,3297.968292951584
2026-02-13T17:21:25,idle_without_VPN,5.9,27.8,45.03107283854707,0.0,73778.90973867552,180297.2106738883,0.0,1311.93359375,51.344,50.0,1815.0,98.4,38.76171875,3,3183.391709804535,16.8,71.31640625,89,3344.796411037445,7.0,58.93359375,33,3347.279867172241,5.6,106.6796875,28,3313.568254709244,4.2,30.3515625,13,3344.885661125183
2026-02-13T17:21:27,idle_without_VPN,7.5,27.8,317.44907348377455,436.49247604019,0.0,24472.43766493098,0.0,1311.93359375,51.344,50.0,1815.0,98.9,39.34375,3,3184.4974789619446,72.2,71.33203125,89,3345.9001042842865,5.7,106.6796875,28,3314.668496131897,2.8,58.97265625,33,3348.3835351467133,2.8,30.3515625,13,3345.987790822983
2026-02-13T17:21:28,idle_without_VPN,5.9,27.8,0.0,104.94558239558596,0.0,13896.242634450002,0.0,1311.93359375,51.308,50.0,1815.0,99.1,39.34765625,3,3185.6012268066406,4.3,30.390625,14,3347.0870032310486,1.4,8.171875,15,3350.6694843769073,1.4,106.6953125,28,3315.7780125141144,1.4,17.98046875,6,3349.4996836185455
2026-02-13T17:21:29,idle_without_VPN,5.0,27.8,0.0,0.0,0.0,24326.70260896995,0.0,1311.93359375,51.209,50.0,1815.0,99.2,39.34765625,3,3186.688334465027,45.7,71.33203125,89,3348.092319726944,4.3,106.703125,28,3316.87033867836,2.9,58.97265625,33,3350.580842733383,2.9,30.38671875,14,3348.1796684265137
2026-02-13T17:21:30,idle_without_VPN,8.6,27.8,166.43972767460494,0.0,0.0,7491.616753353647,1.0,1311.93359375,51.349,50.0,1815.0,99.4,38.765625,3,3187.788851737976,45.5,71.35546875,89,3349.190165281296,5.7,30.390625,14,3349.2793323993683,4.3,106.70703125,28,3317.9648394584656,1.4,113.90234375,147,3351.735566854477
2026-02-13T17:21:31,idle_without_VPN,5.1,27.8,518.2911666136615,0.0,0.0,101490.50325043937,0.0,1311.93359375,51.401,51.0,1815.0,100.7,39.34765625,3,3188.890656709671,4.3,106.76171875,28,3319.065244913101,4.3,58.93359375,33,3352.7746732234955,2.8,30.3515625,13,3350.3827488422394,2.8,247.87890625,47,3331.7743351459503
2026-02-13T17:21:32,idle_without_VPN,5.8,27.8,834.4948172457375,438.0645244543785,0.0,14365.620107727056,0.0,1311.93359375,51.321,51.0,1815.0,98.0,39.34765625,3,3189.9908349514008,72.3,71.44140625,89,3351.3954000473022,4.2,58.97265625,33,3353.8799347877502,2.8,106.82421875,28,3320.1686294078827,2.8,30.3515625,13,3351.4838256835938
2026-02-13T17:21:33,idle_without_VPN,8.4,27.8,0.0,0.0,0.0,10725.128641506657,0.0,1311.93359375,51.264,51.0,1815.0,101.1,38.765625,3,3191.088283061981,18.6,71.46484375,89,3352.489445209503,8.6,106.8828125,28,3321.262040376663,2.8,4.6640625,382,1770992492.5808425,2.8,30.3515625,13,3352.5792796611786
2026-02-13T17:21:34,idle_without_VPN,5.0,27.8,598.3255955071966,0.0,0.0,110598.04602873811,1.0,1311.93359375,51.298,51.0,1815.0,97.8,39.34765625,3,3192.190603494644,7.1,30.38671875,14,3353.6841616630554,2.8,113.91015625,147,3356.1442182064056,1.4,106.54296875,28,3322.37015748024,1.4,12.1015625,10,3356.0433971881866
2026-02-13T17:21:35,idle_without_VPN,7.3,27.8,0.0,0.0,0.0,0.0,1.0,1311.93359375,51.424,51.0,1815.0,99.4,39.34375,3,3193.290761232376,91.2,71.58203125,89,3354.691078186035,7.1,106.54296875,28,3323.469621896744,5.7,58.97265625,33,3357.1802439689636,2.9,30.38671875,14,3354.7803826332092
2026-02-13T17:21:36,idle_without_VPN,7.2,27.8,404.0639569246311,440.4661152061294,0.0,11648.690650079456,1.0,1311.93359375,51.447,51.0,1815.0,98.9,39.34765625,3,3194.3961868286133,11.3,106.54296875,28,3324.574220895767,4.2,30.3515625,13,3355.8877828121185,1.4,58.97265625,33,3358.283994436264,1.4,23.3046875,5,3354.831963300705
2026-02-13T17:21:38,idle_without_VPN,5.0,27.8,82.51182757439463,0.0,0.0,7347.140124885227,1.0,1311.93359375,51.483,51.0,1815.0,97.1,39.3515625,3,3195.5226435661316,29.1,71.78515625,89,3356.925773859024,5.5,30.390625,14,3357.015106678009,2.8,106.54296875,28,3325.687506914139,2.8,58.97265625,33,3359.400578022003
2026-02-13T17:21:39,idle_without_VPN,8.2,27.8,505.303866702682,0.0,0.0,10893.287568495713,1.0,1311.93359375,51.371,51.0,1815.0,100.1,39.3515625,3,3196.661836862564,59.2,71.8046875,89,3358.0602548122406,5.5,106.54296875,28,3326.8184225559235,4.1,30.3515625,14,3358.148357629776,2.8,113.90625,147,3360.5874893665314
2026-02-13T17:21:40,idle_without_VPN,6.1,27.8,473.4081515087107,186.2013508717007,0.0,17987.75314081335,0.0,1311.93359375,51.499,51.0,1815.0,98.9,39.3515625,3,3197.799384832382,8.2,106.54296875,28,3327.9572224617004,6.8,30.3515625,13,3359.2924218177795,1.4,4.6640625,382,1770992499.2697413,1.4,113.90625,147,3361.727019548416
2026-02-13T17:21:41,idle_without_VPN,5.3,27.8,1311.395031338586,410.692261158455,0.0,7219.723183283398,0.0,1311.93359375,51.407,51.0,1815.0,99.3,39.35546875,3,3198.9164419174194,64.7,71.89453125,89,3360.315905570984,5.5,106.54296875,28,3329.0912795066833,5.5,59.10546875,33,3362.803576231003,4.2,30.390625,14,3360.405382156372
2026-02-13T17:21:42,idle_without_VPN,8.6,27.8,1298.7955469159572,873.7351861070985,0.0,0.0,4.0,1311.93359375,51.469,51.0,1815.0,99.7,39.3515625,3,3200.0287420749664,25.3,71.91015625,89,3361.429321050644,11.3,106.54296875,28,3330.19473195076,5.6,30.390625,13,3361.518252849579,2.8,59.14453125,33,3363.9057223796844
2026-02-13T17:21:43,idle_without_VPN,5.9,27.8,964.39290845491,379.31594915109633,0.0,10993.00562068083,0.0,1311.93359375,51.474,51.0,1815.0,97.6,39.3515625,3,3201.1328518390656,14.0,106.25390625,28,3331.3075511455536,5.6,59.14453125,33,3365.018948316574,2.8,30.3515625,13,3362.6255915164948,2.8,98.2890625,32,3355.4961745738983
2026-02-13T17:21:44,idle_without_VPN,7.5,27.8,6505.783300869194,1571.980037985682,0.0,197245.8558085471,0.0,1311.93359375,51.411,52.0,1815.0,99.1,39.35546875,3,3202.2680003643036,88.0,71.94921875,89,3363.6724343299866,9.6,106.34765625,28,3332.4425327777863,8.3,30.3515625,13,3363.7610380649567,5.5,58.97265625,33,3366.151151418686
2026-02-13T17:21:45,idle_without_VPN,8.9,27.8,69.78482205021092,49.207246317456416,0.0,26110.259573248146,0.0,1311.93359375,51.731,52.0,1815.0,100.5,39.3515625,3,3203.3868639469147,11.3,106.3984375,28,3333.5499000549316,4.2,276.49609375,275,3361.789566040039,2.8,4.6640625,382,1770992504.8698375,2.8,58.97265625,33,3367.261688232422
2026-02-13T17:21:47,idle_without_VPN,5.0,27.8,502.7062801429329,1271.0268714252168,0.0,92640.5672569785,1.0,1311.93359375,51.528,52.0,1815.0,99.5,39.35546875,3,3204.5045483112335,28.0,72.11328125,89,3365.9038891792297,8.3,106.40234375,28,3334.6766364574432,7.0,30.3515625,13,3365.9926805496216,2.8,58.97265625,33,3368.3859276771545
2026-02-13T17:21:48,idle_without_VPN,9.0,27.8,48.900113477970244,267.1395088148375,0.0,0.0,1.0,1311.93359375,51.567,52.0,1815.0,98.9,39.35546875,3,3205.608829975128,62.0,72.12890625,89,3367.012699842453,12.7,106.375,28,3335.7809207439423,4.2,30.3515625,13,3367.1017961502075,2.8,4.6640625,382,1770992507.095762
2026-02-13T17:21:49,idle_without_VPN,6.0,27.8,0.0,217.44823675490278,0.0,12011.082687474132,0.0,1311.93359375,51.648,52.0,1815.0,98.3,39.35546875,3,3206.7213068008423,11.2,106.375,28,3336.895058631897,2.8,30.38671875,14,3368.2103550434113,2.8,98.2890625,32,3361.0868952274323,1.4,58.97265625,33,3370.605628967285
2026-02-13T17:21:50,idle_without_VPN,5.5,27.8,0.0,0.0,73984.09624379281,293161.981366029,0.0,1311.93359375,51.489,52.0,1815.0,98.5,39.35546875,3,3207.815714120865,57.1,72.12890625,89,3369.2187995910645,9.9,106.265625,28,3337.996111869812,5.7,30.38671875,14,3369.3081307411194,2.8,58.97265625,33,3371.7054080963135
2026-02-13T17:21:51,idle_without_VPN,10.1,27.8,60.09147610952803,328.68216478090335,0.0,11654.104457605437,0.0,1311.93359375,51.594,52.0,1815.0,100.1,39.35546875,3,3208.9240567684174,33.8,72.16015625,89,3370.328560590744,14.2,106.328125,28,3339.0976417064667,7.0,276.5703125,276,3367.326747894287,2.8,58.97265625,33,3372.8109652996063
2026-02-13T17:21:52,idle_without_VPN,5.0,27.8,316.0775355973787,434.60661144639573,0.0,8275.484568367734,0.0,1311.93359375,51.589,52.0,1815.0,99.6,39.35546875,3,3210.03822183609,15.4,106.3359375,28,3340.213461637497,2.8,113.90234375,147,3373.9804804325104,2.8,30.3515625,13,3371.5289285182953,1.4,58.97265625,33,3373.9266352653503
2026-02-13T17:21:53,idle_without_VPN,6.8,27.8,0.0,0.0,0.0,16645.31775079158,0.0,1311.93359375,52.704,52.0,1815.0,99.0,39.34765625,3,3211.1426570415497,85.1,72.36328125,89,3372.5408079624176,7.1,106.40234375,28,3341.31925201416,4.3,30.390625,14,3372.6303226947784,4.2,58.97265625,33,3375.0303170681
2026-02-13T17:21:54,idle_without_VPN,7.8,27.8,0.0,0.0,0.0,0.0,0.0,1311.93359375,52.857,52.0,1815.0,99.0,39.34765625,3,3212.24738240242,15.5,106.40234375,28,3342.424985408783,7.0,30.390625,13,3373.740252494812,5.6,72.37890625,89,3373.6519317626953,2.8,58.93359375,33,3376.133954524994
2026-02-13T17:21:55,idle_without_VPN,5.7,27.8,45.22781889393756,217.99808706877906,0.0,30566.76912127876,1.0,1311.93359375,51.83,52.0,1815.0,100.1,39.34765625,3,3213.355823993683,17.0,106.25,28,3343.5252430438995,14.1,72.37890625,89,3374.757112979889,2.8,4.6640625,382,1770992514.840655,2.8,30.3515625,13,3374.8466827869415
2026-02-13T17:21:57,idle_without_VPN,8.7,27.8,315.98242272273154,434.47583124375586,0.0,5055.718763563705,1.0,1311.93359375,51.924,52.0,1815.0,97.4,39.34765625,3,3214.463216781616,77.4,72.640625,89,3375.868066549301,12.6,106.34765625,28,3344.6367571353912,5.6,30.38671875,14,3375.9570264816284,4.2,59.07421875,33,3378.348016023636
2026-02-13T17:21:58,idle_without_VPN,8.0,27.8,0.0,56.030390579971666,0.0,8791.349025192974,6.0,1311.93359375,51.952,52.0,1815.0,97.8,39.34765625,3,3215.5659551620483,15.5,106.45703125,28,3345.7424824237823,7.1,344.65625,95,3346.621069431305,4.3,30.390625,14,3377.0573329925537,2.8,129.87890625,32,3331.2561399936676
2026-02-13T17:21:59,idle_without_VPN,7.0,27.8,1073.497710982579,48.8776360818375,59319.34737517226,16683.5664492672,1.0,1311.93359375,51.959,52.0,1815.0,100.3,39.3359375,2,3216.6720671653748,42.4,72.8125,89,3378.0733926296234,19.8,106.52734375,28,3346.849490404129,15.4,344.65625,95,3347.731291770935,4.2,58.97265625,33,3380.5608417987823
2026-02-13T17:22:00,idle_without_VPN,9.3,27.8,0.0,0.0,0.0,107691.54753383138,1.0,1311.93359375,51.874,51.0,1815.0,99.8,39.3359375,2,3217.784255504608,47.8,72.828125,89,3379.1851539611816,11.3,106.53125,28,3347.9556674957275,5.6,30.38671875,14,3379.2746217250824,4.2,82.19921875,56,3377.8364956378937
2026-02-13T17:22:01,idle_without_VPN,6.7,27.9,114.92874179411753,122.59065791372535,0.0,32690.84211032676,0.0,1311.93359375,51.851,51.0,1815.0,98.3,39.33984375,2,3219.1350362300873,21.6,344.65625,95,3350.2257018089294,19.3,106.53125,28,3349.1685349941254,4.7,30.3515625,13,3380.605831384659,3.5,216.78125,70,3380.601569890976
2026-02-13T17:22:03,idle_without_VPN,11.7,27.9,3951.6321592805457,1957.996670552608,23356.255879384003,15692.484418961129,0.0,1324.12890625,51.729,51.0,1815.0,101.0,39.3359375,2,3220.466519355774,74.5,72.8515625,89,3381.8656170368195,15.8,106.53125,28,3350.5548667907715,15.4,344.65625,95,3351.538110256195,8.1,219.46875,77,3381.9519271850586
2026-02-13T17:22:04,idle_without_VPN,9.5,27.8,618.1698381767153,221.29037008660626,13136.309505431003,305829.70567331556,1.0,1324.44140625,51.892,51.0,1815.0,98.7,39.33984375,2,3221.7000374794006,20.5,344.65625,95,3352.757583618164,17.7,106.53125,28,3351.7866337299347,8.9,221.78515625,79,3383.183334350586,3.8,4.6640625,382,1770992523.0945282
2026-02-13T17:22:05,idle_without_VPN,8.0,27.8,0.0,44.25310969101307,0.0,113287.96080899348,1.0,1324.44140625,51.743,50.0,1815.0,98.7,39.33984375,2,3222.8556110858917,54.1,72.9375,89,3384.2553849220276,18.9,344.96875,95,3353.9165399074554,16.6,106.171875,28,3353.0068984031677,5.4,30.390625,14,3384.3423204421997
2026-02-13T17:22:06,idle_without_VPN,10.3,27.8,7345.611872831704,5762.224424687982,0.0,38709.22673009418,0.0,1318.49609375,51.792,50.0,1815.0,99.5,39.33984375,2,3224.0196084976196,30.9,72.953125,89,3385.4187161922455,17.5,106.171875,28,3354.1712577342987,8.1,344.98046875,95,3355.0804069042206,4.0,30.38671875,14,3385.5070502758026
2026-02-13T17:22:07,idle_without_VPN,5.8,27.8,304.12427362378355,418.1708762327024,0.0,8847.25159632825,0.0,1318.37109375,51.805,50.0,1815.0,100.0,39.34375,2,3225.1580526828766,16.3,106.17578125,28,3355.320662021637,12.4,344.98046875,95,3356.217913866043,5.5,30.390625,14,3386.6499688625336,2.7,23.26171875,5,3385.5937519073486
2026-02-13T17:22:08,idle_without_VPN,8.0,27.8,58.12383499976904,116.24766999953808,0.0,16683.30197326704,0.0,1311.93359375,51.714,50.0,1815.0,100.3,39.34375,2,3226.294950246811,87.9,72.99609375,89,3387.6983635425568,23.4,106.17578125,28,3356.4574077129364,2.7,30.3515625,13,3387.786355495453,1.4,4.6640625,382,1770992527.7708185
2026-02-13T17:22:10,idle_without_VPN,8.0,27.8,0.0,0.0,0.0,0.0,0.0,1311.93359375,51.687,50.0,1815.0,97.9,39.34375,2,3227.4281702041626,24.8,105.8203125,28,3357.590290784836,6.9,30.3515625,13,3388.916386127472,5.5,344.9375,95,3358.4898533821106,4.1,276.6875,277,3385.8348894119263
2026-02-13T17:22:11,idle_without_VPN,6.3,27.8,44.07249978669363,0.0,0.0,16698.188719182483,0.0,1311.93359375,51.583,50.0,1815.0,99.8,39.34375,2,3228.556095123291,30.5,73.28125,89,3389.9548020362854,21.9,105.921875,28,3358.732275247574,5.6,344.9375,95,3359.6090915203094,4.1,59.07421875,33,3392.441554546356
2026-02-13T17:22:12,idle_without_VPN,10.0,27.8,639.2810326473093,472.27784153438864,0.0,5976.200215309678,0.0,1311.93359375,51.528,50.0,1815.0,99.3,39.3359375,2,3229.6728489398956,60.2,73.296875,89,3391.071663379669,25.3,106.02734375,28,3359.843522787094,4.2,30.3515625,13,3391.160965204239,4.2,344.9375,95,3360.7256593704224
2026-02-13T17:22:13,idle_without_VPN,7.0,27.8,0.0,96.38190470212632,0.0,9595.354068122799,1.0,1311.93359375,51.653,49.0,1815.0,99.9,39.34375,2,3230.7988703250885,30.8,106.02734375,28,3360.9606964588165,4.2,344.9375,95,3361.8461124897003,2.8,58.97265625,33,3394.674691915512,2.8,30.38671875,14,3392.288890838623
2026-02-13T17:22:14,idle_without_VPN,7.8,27.8,0.0,0.0,0.0,10424.792315998402,1.0,1311.93359375,51.45,49.0,1815.0,100.6,39.34375,2,3231.9176177978516,61.4,73.296875,89,3393.320023536682,25.0,106.03125,28,3362.0847930908203,15.3,344.9375,95,3362.972752571106,2.8,30.3515625,13,3393.409439086914
2026-02-13T17:22:15,idle_without_VPN,10.5,27.8,0.0,0.0,0.0,108666.81526001099,5.0,1311.93359375,51.446,49.0,1815.0,99.1,39.34375,2,3233.037097930908,27.8,344.9375,95,3364.094854593277,26.5,73.3203125,89,3394.439243078232,19.5,106.03515625,28,3363.206029891968,4.2,30.38671875,14,3394.5279171466827
2026-02-13T17:22:16,idle_without_VPN,9.0,27.8,139.59471601729126,59.059302930392455,0.0,0.0,0.0,1311.93359375,51.252,49.0,1815.0,99.2,38.7578125,2,3234.1561102867126,18.2,344.9375,95,3365.2108974456787,7.0,4.6640625,382,1770992535.640056,5.6,58.97265625,33,3398.0374937057495,2.8,30.3515625,13,3395.6464993953705
2026-02-13T17:22:17,idle_without_VPN,9.6,27.8,316.7978096159747,435.5969882219652,0.0,17510.278931501147,0.0,1311.93359375,51.419,49.0,1815.0,98.5,39.34375,2,3235.2661237716675,67.5,73.421875,89,3396.6680386066437,8.4,4.6640625,382,1770992536.7508187,5.6,30.38671875,14,3396.7559356689453,4.2,58.97265625,33,3399.1488234996796
2026-02-13T17:22:18,idle_without_VPN,8.9,27.8,59.115312887790395,107.48238706870981,0.0,10089.013399516227,1.0,1311.93359375,51.427,49.0,1815.0,100.4,39.34375,2,3236.3865032196045,7.0,30.3515625,13,3397.876605272293,2.8,91.25,115,3354.6939203739166,2.8,12.05859375,4,3386.660180091858,1.4,113.90625,147,3400.3249595165253
2026-02-13T17:22:20,idle_without_VPN,7.1,27.8,335.18985895875016,48.26733969006003,0.0,101597.38700983301,0.0,1311.93359375,51.328,48.0,1815.0,97.6,39.34375,2,3237.507248878479,18.2,73.421875,89,3398.9069476127625,2.8,12.0859375,10,3401.3533346652985,2.8,26.6796875,9,3384.559937953949,1.4,4.6640625,382,1770992538.9859116
2026-02-13T17:22:21,idle_without_VPN,9.8,27.8,3733.695895753075,0.0,0.0,103083.80233320383,1.0,1311.93359375,51.433,48.0,1815.0,100.6,39.3359375,2,3238.6250886917114,48.8,73.453125,89,3400.0268173217773,5.6,30.3515625,13,3400.116182088852,2.8,106.06640625,28,3368.787577152252,1.4,4.6640625,382,1770992540.0986488
2026-02-13T17:22:22,idle_without_VPN,6.4,27.8,4342.665988275521,429.82624505630923,0.0,10003.228975855924,1.0,1311.93359375,51.316,48.0,1815.0,99.5,39.33984375,2,3239.7398402690887,2.8,4.6640625,382,1770992541.2246897,2.8,58.97265625,33,3403.6222298145294,2.8,30.3515625,13,3401.2261085510254,1.4,113.90625,147,3403.6811294555664
2026-02-13T17:22:23,idle_without_VPN,5.2,27.8,3793.9563799349507,0.0,0.0,0.0,1.0,1311.93359375,51.329,48.0,1815.0,100.1,39.3515625,3,3240.8475630283356,57.8,73.53125,89,3402.2466592788696,7.0,30.38671875,14,3402.336126804352,2.8,58.93359375,33,3404.733938932419,1.4,23.234375,5,3401.283191204071
2026-02-13T17:22:24,idle_without_VPN,8.3,27.8,2980.792681107066,0.0,0.0,10604.777828615352,0.0,1311.93359375,51.314,48.0,1815.0,100.5,39.3515625,3,3241.966870069504,32.1,73.55859375,89,3403.36762714386,4.2,30.3515625,13,3403.4571421146393,4.2,322.12109375,35,3297.7008752822876,4.2,184.04296875,105,3378.0088851451874
2026-02-13T17:22:25,idle_without_VPN,5.3,27.8,4156.850713072331,0.0,0.0,133784.51559821967,0.0,1311.93359375,51.336,48.0,1815.0,99.5,39.3515625,3,3243.0978813171387,2.8,113.90625,147,3407.028869867325,2.8,38.81640625,15,3092.6754240989685,2.8,30.3515625,13,3404.5881645679474,2.8,23.41796875,10,3390.140749692917
2026-02-13T17:22:26,idle_without_VPN,7.1,27.8,677.9285317744757,95.58261283504358,0.0,10422.044895791418,0.0,1311.93359375,51.285,48.0,1815.0,97.3,39.3515625,3,3244.2212703227997,90.2,73.6640625,89,3405.624742269516,5.6,30.38671875,14,3405.7136750221252,4.1,184.04296875,105,3380.274414539337,2.8,276.7265625,277,3402.6218576431274
2026-02-13T17:22:27,idle_without_VPN,7.5,27.8,2711.0082513905213,425.18729542223343,0.0,6746.773613311472,0.0,1311.93359375,51.196,47.0,1815.0,98.6,39.359375,3,3245.3617005348206,5.5,58.97265625,33,3409.241007566452,4.1,30.3515625,13,3406.849329471588,2.7,113.90625,147,3409.2975730895996,2.7,276.76171875,277,3403.7709217071533
2026-02-13T17:22:29,idle_without_VPN,5.1,27.8,0.0,47.57062762986166,0.0,0.0,0.0,1311.93359375,51.213,47.0,1815.0,100.1,39.36328125,3,3246.518961906433,25.7,73.75,89,3407.913848400116,5.4,30.3515625,13,3408.001965522766,2.7,106.01953125,28,3376.67098736763,1.4,58.97265625,33,3410.384537935257
2026-02-13T17:22:30,idle_without_VPN,8.5,27.8,0.0,0.0,0.0,118697.57691673102,4.0,1311.93359375,51.049,47.0,1815.0,98.5,38.77734375,3,3247.674645423889,60.6,73.765625,89,3409.073527574539,6.7,58.97265625,33,3411.543664932251,4.1,4.6640625,382,1770992549.134697,2.7,30.38671875,14,3409.1626019477844
2026-02-13T17:22:31,idle_without_VPN,5.7,27.8,67.44448157508306,47.55700623884062,0.0,3541.699955532567,1.0,1311.93359375,51.145,47.0,1815.0,100.2,38.7734375,3,3248.8290281295776,5.4,58.97265625,33,3412.69406414032,4.1,30.3515625,13,3410.3194835186005,2.7,106.03125,28,3378.980388879776,2.7,322.23046875,35,3304.5737738609314
2026-02-13T17:22:32,idle_without_VPN,5.7,27.8,16414.642494224714,7100.672506175428,0.0,21206.237393579693,0.0,1311.93359375,51.038,47.0,1815.0,98.7,39.359375,3,3249.969190597534,67.1,73.765625,89,3411.3712673187256,5.5,30.3515625,13,3411.4607167243958,2.7,58.97265625,33,3413.849965572357,2.7,97.453125,32,3404.337332010269
2026-02-13T17:22:33,idle_without_VPN,8.4,27.8,754.3097737488588,0.0,0.0,25444.19980344386,0.0,1311.93359375,51.061,47.0,1815.0,100.3,39.359375,3,3251.0905685424805,20.9,73.796875,89,3412.49076128006,4.2,58.97265625,33,3414.9746396541595,4.2,30.38671875,14,3412.5802454948425,2.8,4.6640625,382,1770992552.5742624
2026-02-13T17:22:34,idle_without_VPN,4.8,27.8,0.0,0.0,0.0,25757.598354037094,0.0,1311.93359375,50.952,47.0,1815.0,96.5,39.359375,3,3252.2076501846313,8.4,30.3515625,13,3413.6943674087524,4.2,58.97265625,33,3416.0883173942566,1.4,113.9140625,147,3416.1453042030334,1.4,12.0859375,10,3416.0525550842285
2026-02-13T17:22:36,idle_without_VPN,7.8,27.8,188.93554315286633,624.7349799535816,0.0,3650.377286576135,0.0,1311.93359375,50.753,47.0,1815.0,98.6,39.359375,3,3253.3504157066345,85.8,73.921875,89,3414.733491897583,27.1,322.74609375,35,3309.1507823467255,25.7,155.640625,23,3308.1730160713196,2.8,30.390625,14,3414.8225977420807
2026-02-13T17:22:37,idle_without_VPN,8.6,27.8,70966.88427752924,11886.067014989896,13442.487883867914,191975.53009148865,0.0,1311.93359375,50.871,47.0,1815.0,99.5,39.359375,3,3254.5422172546387,6.4,30.38671875,14,3416.035046339035,2.8,124.9375,99,3310.5975964069366,2.6,4.6640625,382,1770992556.0289838,1.4,276.8203125,277,3412.949006795883
2026-02-13T17:22:38,idle_without_VPN,5.3,27.8,976.747363464354,895.0525012628317,0.0,129620.12070444602,0.0,1311.93359375,50.82,48.0,1815.0,99.2,39.3515625,3,3255.6608135700226,40.7,74.09375,89,3417.0583550930023,5.6,30.3515625,13,3417.1478538513184,1.4,4.6640625,382,1770992557.1428144,1.4,106.0703125,28,3385.8311512470245
2026-02-13T17:22:39,idle_without_VPN,8.7,27.8,422.78940763992904,1519.5123582272663,0.0,37465.64596932294,1.0,1311.93359375,50.833,48.0,1815.0,100.4,39.359375,3,3256.8909075260162,44.3,74.11328125,89,3418.2921998500824,38.6,159.6953125,23,3311.6527960300446,11.4,48.8671875,13,3417.0796377658844,6.3,30.390625,14,3418.3811099529266
2026-02-13T17:22:40,idle_without_VPN,8.3,27.8,546.1196902633095,1123.9905253093696,0.0,238565.40143967455,1.0,1311.93359375,50.908,48.0,1815.0,99.8,39.359375,3,3258.048830270767,4.0,30.38671875,14,3419.538990497589,2.5,4.6640625,382,1770992559.5093582,2.5,35.60546875,17,3422.676931619644,2.5,19.3203125,11,3422.13019323349
2026-02-13T17:22:41,idle_without_VPN,5.9,27.8,118.31416116518507,121.79398943474934,0.0,4008.7621665380357,1.0,1311.93359375,50.788,48.0,1815.0,97.4,39.359375,3,3259.1894302368164,86.4,74.234375,89,3420.589920282364,4.1,30.3515625,14,3420.6786229610443,2.7,58.97265625,33,3423.0649361610413,1.4,276.8515625,277,3417.594000339508
2026-02-13T17:22:42,idle_without_VPN,7.6,27.8,1081.0021607207202,1826.2516439142182,0.0,82621.18601103983,1.0,1311.93359375,50.996,48.0,1815.0,98.2,39.36328125,3,3260.3493690490723,8.1,159.25,23,3315.106434583664,6.8,215.03515625,79,3421.833209991455,5.4,30.38671875,14,3421.8369081020355,5.4,26.6796875,9,3407.4040837287903
2026-02-13T17:22:44,idle_without_VPN,5.2,27.8,0.0,53.9525684679982,0.0,85544.40791416282,0.0,1311.93359375,50.844,48.0,1815.0,100.9,39.359375,3,3261.480393409729,23.5,74.3515625,89,3422.879950761795,5.5,30.3515625,13,3422.9694542884827,2.8,276.86328125,277,3419.879242658615,2.8,129.9296875,32,3377.170137643814
2026-02-13T17:22:45,idle_without_VPN,8.3,27.8,0.0,215.64176954600825,0.0,9162.538257888484,1.0,1311.93359375,50.857,48.0,1815.0,98.7,39.359375,3,3262.6041235923767,65.3,74.40625,89,3424.0052330493927,5.6,4.6640625,382,1770992564.0781684,5.5,30.390625,14,3424.094092130661,2.8,113.91015625,147,3426.5390605926514
2026-02-13T17:22:46,idle_without_VPN,6.6,27.8,58.57330622437508,106.4969204079547,0.0,11814.058370589108,0.0,1311.93359375,51.013,48.0,1815.0,98.1,39.36328125,3,3263.7511932849884,8.3,58.97265625,33,3427.6082675457,5.5,30.38671875,14,3425.2382085323334,2.8,8.17578125,15,3428.7856636047363,2.7,16.765625,6,3422.160131454468
2026-02-13T17:22:47,idle_without_VPN,5.2,27.8,302.7466721130083,416.27667415538644,0.0,11889.687486619963,0.0,1311.93359375,51.123,48.0,1815.0,99.4,39.359375,3,3264.8829691410065,59.2,74.5859375,89,3426.2831931114197,4.1,30.3515625,13,3426.372589111328,2.8,276.890625,277,3423.281128883362,2.7,58.97265625,33,3428.7669084072113
2026-02-13T17:22:48,idle_without_VPN,9.1,27.8,0.0,0.0,0.0,8239.503034922715,1.0,1311.93359375,51.045,49.0,1815.0,98.6,39.36328125,3,3266.007927417755,29.1,74.62109375,89,3427.410129070282,4.2,30.38671875,14,3427.499356031418,2.8,4.6640625,382,1770992567.4861534,2.8,58.97265625,33,3429.8889689445496
2026-02-13T17:22:49,idle_without_VPN,4.9,27.8,0.0,0.0,0.0,15888.505899376081,1.0,1311.93359375,51.127,49.0,1815.0,100.0,39.359375,3,3267.132832288742,2.8,4.6640625,382,1770992568.6143918,2.8,30.3515625,14,3428.621739387512,2.8,344.65234375,95,3398.18896651268,1.4,113.90625,147,3431.070711374283
2026-02-13T17:22:50,idle_without_VPN,6.7,27.8,0.0,0.0,0.0,102637.83575388837,0.0,1311.93359375,51.113,49.0,1815.0,98.6,38.77734375,3,3268.241989850998,88.6,74.7421875,89,3429.643765926361,2.8,64.109375,33,3432.1291246414185,2.8,30.390625,14,3429.732421398163,2.8,49.0234375,58,3399.640084028244
2026-02-13T17:22:51,idle_without_VPN,7.5,27.8,0.0,0.0,0.0,38095.368352749225,0.0,1311.93359375,51.113,49.0,1815.0,97.7,39.36328125,3,3269.361753463745,7.0,30.3515625,13,3430.8533413410187,4.2,58.93359375,33,3433.243576526642,2.8,105.33203125,18,3390.1012465953827,1.4,8.17578125,15,3434.4253268241882
2026-02-13T17:22:53,idle_without_VPN,4.6,27.8,750.7397826540149,802.3309051586747,0.0,8653.076546988455,0.0,1311.93359375,51.136,49.0,1815.0,99.5,39.35546875,3,3270.508328437805,24.8,74.81640625,89,3431.899672269821,4.1,30.3515625,13,3431.9886293411255,2.8,58.97265625,33,3434.3742084503174,2.7,184.04296875,105,3406.5497834682465
2026-02-13T17:22:54,idle_without_VPN,8.0,27.8,0.0,0.0,0.0,8458.649232833388,0.0,1311.93359375,51.126,49.0,1815.0,100.9,39.35546875,3,3271.654217004776,62.3,74.83984375,89,3433.053363084793,4.1,30.3515625,13,3433.14222741127,1.4,4.6640625,382,1770992573.121637,1.4,58.97265625,33,3435.5232017040253
2026-02-13T17:22:55,idle_without_VPN,5.5,27.8,0.0,46.951826020764805,0.0,140229.4537153509,0.0,1311.93359375,51.147,49.0,1815.0,98.4,39.359375,3,3272.8133702278137,4.1,59.07421875,33,3436.6706171035767,2.7,30.3515625,13,3434.3022077083588,2.7,113.4375,48,3404.5787014961243,1.4,4.6640625,382,1770992574.2713563
2026-02-13T17:22:56,idle_without_VPN,5.7,27.8,42.99138492130605,46.43069571501053,0.0,73518.70752622705,0.0,1311.93359375,51.13,49.0,1815.0,99.1,39.359375,3,3273.96404838562,65.1,74.92578125,89,3435.365156888962,4.0,59.07421875,33,3437.8358800411224,2.7,30.3515625,13,3435.454010486603,2.7,276.984375,277,3432.3698604106903
2026-02-13T17:22:57,idle_without_VPN,8.5,27.8,422.9681263826909,422.9681263826909,0.0,0.0,1.0,1311.93359375,51.208,49.0,1815.0,97.5,38.765625,3,3275.101526260376,22.0,74.9453125,89,3436.499621152878,6.9,30.3515625,13,3436.5891065597534,6.8,4.6640625,382,1770992576.579173,2.8,318.4140625,35,3330.83345746994
2026-02-13T17:22:58,idle_without_VPN,5.2,27.8,0.0,0.0,0.0,9070.745800497829,0.0,1311.93359375,51.21,49.0,1815.0,99.9,39.35546875,3,3276.227186203003,4.2,4.6640625,382,1770992577.70802,2.8,59.07421875,33,3440.109145641327,1.4,30.38671875,14,3437.7180857658386,1.4,75.03515625,89,3437.6286714076996
2026-02-13T17:22:59,idle_without_VPN,7.1,27.8,0.0,0.0,0.0,24209.366665340807,0.0,1311.93359375,51.081,50.0,1815.0,99.4,39.359375,3,3277.3439338207245,86.6,75.05859375,89,3438.7469227313995,4.2,4.6640625,382,1770992578.8295383,2.8,59.07421875,33,3441.2257585525513,2.8,30.3515625,13,3438.836386203766
2026-02-13T17:23:01,idle_without_VPN,6.5,27.8,756.8747070292598,48.08380491715297,0.0,158655.18564664162,0.0,1311.93359375,51.264,50.0,1815.0,96.7,39.359375,3,3278.4912288188934,5.5,30.390625,14,3439.9821453094482,4.2,4.6640625,382,1770992579.9517417,4.1,82.19921875,56,3438.544308423996,2.7,277.00390625,277,3436.8962783813477
2026-02-13T17:23:02,idle_without_VPN,5.3,27.8,0.0,0.0,0.0,23547.20365975167,0.0,1311.93359375,51.168,50.0,1815.0,99.1,39.359375,3,3279.610283136368,37.6,75.14453125,89,3441.0147700309753,6.8,59.07421875,33,3443.5015926361084,4.2,30.3515625,14,3441.103845357895,2.8,26.6875,9,3426.661072731018
2026-02-13T17:23:03,idle_without_VPN,9.0,27.8,318.87918641039613,438.4588813142947,0.0,54267.43972366014,1.0,1311.93359375,51.329,50.0,1815.0,99.9,39.359375,3,3280.7519879341125,55.2,75.16015625,89,3442.147569656372,4.1,30.3515625,13,3442.2362966537476,2.7,124.9375,99,3336.8131337165833,1.4,105.9921875,28,3410.9012262821198
2026-02-13T17:23:04,idle_without_VPN,5.6,27.8,0.0,0.0,0.0,0.0,1.0,1311.93359375,51.41,50.0,1815.0,100.3,39.359375,3,3281.873868227005,5.5,30.390625,14,3443.367134332657,5.4,59.07421875,33,3445.758810520172,4.2,277.03515625,277,3440.2744755744934,2.8,129.953125,32,3397.5668222904205
2026-02-13T17:23:05,idle_without_VPN,6.0,27.8,412.7430650782004,48.45244677004961,0.0,61100.32991209812,1.0,1311.93359375,51.298,50.0,1815.0,99.4,39.359375,3,3282.9894485473633,68.7,75.16015625,89,3444.3920102119446,7.0,58.93359375,33,3446.8777067661285,4.2,184.04296875,105,3419.0318007469177,2.8,30.3515625,13,3444.481565475464
2026-02-13T17:23:06,idle_without_VPN,8.0,27.8,0.0,0.0,0.0,10582.862435989184,1.0,1311.93359375,51.465,50.0,1815.0,98.3,39.359375,3,3284.118248462677,20.8,75.20703125,89,3445.517669200897,9.7,30.390625,14,3445.6064281463623,1.4,4.6640625,382,1770992585.591717,1.4,105.9921875,28,3414.282595872879
2026-02-13T17:23:07,idle_without_VPN,6.0,27.8,310.47344795346334,426.9009909360121,0.0,5870.770652210943,0.0,1311.93359375,51.391,50.0,1815.0,100.3,39.36328125,3,3285.240069627762,2.8,4.6640625,382,1770992586.7254424,2.8,58.97265625,33,3449.1241047382355,2.8,30.3515625,13,3446.7282934188843,1.4,113.8984375,147,3449.182765722275
2026-02-13T17:23:08,idle_without_VPN,6.9,27.8,0.0,0.0,0.0,9610.0823595497,0.0,1311.93359375,51.369,50.0,1815.0,98.2,39.359375,3,3286.3538393974304,88.4,75.40625,89,3447.7527663707733,4.2,105.97265625,28,3416.5296709537506,2.8,30.38671875,14,3447.8418703079224,2.8,12.0625,4,3436.6295919418335
2026-02-13T17:23:10,idle_without_VPN,6.7,27.8,0.0,0.0,0.0,13735.32157633443,0.0,1311.93359375,51.43,50.0,1815.0,100.5,39.359375,3,3287.47274017334,2.8,59.07421875,33,3451.3589799404144,2.8,30.3515625,13,3448.9624960422516,1.4,4.6640625,382,1770992588.963,1.4,113.90234375,147,3451.4193847179413
2026-02-13T17:23:11,idle_without_VPN,5.0,27.8,44.16235744615615,0.0,0.0,119386.75062564069,0.0,1311.93359375,51.379,51.0,1815.0,97.0,39.359375,3,3288.632856607437,33.8,75.40625,89,3450.0304226875305,4.1,105.984375,28,3418.785361289978,4.1,30.3515625,13,3450.1189258098602,2.7,59.07421875,33,3452.4981706142426
2026-02-13T17:23:12,idle_without_VPN,9.2,27.8,57.439278286748554,151.43082457415528,0.0,13367.686583097846,0.0,1311.93359375,51.367,51.0,1815.0,100.6,39.359375,3,3289.7831575870514,51.4,75.4375,89,3451.1860780715942,6.8,30.390625,14,3451.2748799324036,2.7,4.6640625,382,1770992591.2447276,2.7,105.99609375,28,3419.934536218643
2026-02-13T17:23:13,idle_without_VPN,5.3,27.8,305.47028451413115,420.0216412069303,0.0,6220.485793742307,0.0,1311.93359375,51.337,51.0,1815.0,100.6,39.359375,3,3290.916437625885,4.1,105.99609375,28,3421.08838057518,4.1,30.3515625,13,3452.406438112259,2.8,318.4140625,35,3346.6494631767273,2.7,59.07421875,33,3454.7998378276825
2026-02-13T17:23:14,idle_without_VPN,5.9,27.8,321.2570891686354,85.6685571116361,0.0,10965.575310289421,1.0,1311.93359375,51.341,51.0,1815.0,97.9,39.359375,3,3292.0337703227997,72.5,75.640625,89,3453.437828063965,4.2,30.38671875,14,3453.526835203171,2.8,105.99609375,28,3422.2069227695465,1.4,12.1015625,10,3455.885472536087
2026-02-13T17:23:15,idle_without_VPN,7.8,27.8,69.10108732775986,48.72512567983067,0.0,23586.50447454203,1.0,1311.93359375,51.579,51.0,1815.0,100.7,38.7734375,3,3293.1663222312927,16.6,75.9296875,89,3454.5687770843506,4.2,105.83203125,28,3423.331967115402,2.8,59.07421875,33,3457.042192697525,2.8,30.3515625,13,3454.6552278995514
2026-02-13T17:23:16,idle_without_VPN,5.1,27.8,0.0,0.0,0.0,169472.05684680006,0.0,1311.93359375,51.645,51.0,1815.0,96.9,39.36328125,3,3294.3106560707092,6.8,76.09765625,89,3455.710338115692,4.1,30.3515625,13,3455.7997674942017,2.7,105.96484375,28,3424.4700632095337,2.7,97.46875,32,3448.6746439933777
2026-02-13T17:23:18,idle_without_VPN,7.2,27.8,379.85474729259744,476.1435088156047,0.0,0.0,0.0,1311.93359375,51.432,51.0,1815.0,99.8,39.359375,3,3295.452856063843,80.7,76.11328125,89,3456.8537726402283,5.5,106.00390625,28,3425.6059279441833,4.1,30.390625,14,3456.9405245780945,2.7,77.78125,65,3455.5160751342773
2026-02-13T17:23:19,idle_without_VPN,7.0,27.8,0.0,0.0,0.0,10646.558733343194,0.0,1311.93359375,51.55,51.0,1815.0,99.6,39.359375,3,3296.613677740097,6.8,105.97265625,28,3426.764673471451,4.0,59.07421875,33,3460.4784779548645,2.7,4.6640625,382,1770992598.0684962,2.7,30.3515625,13,3458.0985934734344
2026-02-13T17:23:20,idle_without_VPN,5.0,27.8,0.0,46.70900163126081,0.0,10186.022281661617,0.0,1311.93359375,51.509,51.0,1815.0,99.8,39.359375,3,3297.740547180176,45.5,76.11328125,89,3459.14213013649,2.8,30.38671875,14,3459.2317237854004,2.8,26.6875,9,3444.7885797023773,2.7,105.98046875,28,3427.909587621689
2026-02-13T17:23:21,idle_without_VPN,8.5,27.8,0.0,0.0,0.0,121838.92223637878,0.0,1311.93359375,51.559,51.0,1815.0,100.7,38.7734375,3,3298.858128786087,43.3,76.14453125,89,3460.2597155570984,5.6,105.98828125,28,3429.0247049331665,5.6,30.3515625,13,3460.3493192195892,1.4,59.07421875,33,3462.7380306720734
2026-02-13T17:23:22,idle_without_VPN,5.4,27.8,128.49318527189027,98.1545165271384,0.0,10507.88715112347,0.0,1311.93359375,51.461,51.0,1815.0,99.3,39.359375,3,3299.975640296936,5.6,59.07421875,33,3463.858282804489,4.2,105.97265625,28,3430.1479275226593,2.8,30.38671875,14,3461.4677734375,2.8,184.04296875,105,3436.016785621643
2026-02-13T17:23:23,idle_without_VPN,5.8,27.8,314.5775141942823,432.5440820171382,0.0,54450.507911446686,1.0,1311.93359375,51.271,51.0,1815.0,98.7,39.3515625,3,3301.083758831024,77.6,76.44140625,89,3462.48574924469,4.2,106.2578125,28,3431.2641446590424,4.2,59.14453125,33,3464.9773001670837,4.2,30.3515625,13,3462.5751962661743
2026-02-13T17:23:24,idle_without_VPN,7.7,27.8,191.11062566479316,464.25458593098335,29539.212178226142,0.0,1.0,1311.93359375,51.567,52.0,1815.0,98.8,39.3515625,3,3302.2067260742188,12.6,76.45703125,89,3463.6028316020966,7.0,106.26171875,28,3432.3751323223114,5.6,30.38671875,14,3463.691650390625,2.8,58.97265625,33,3466.090496778488
2026-02-13T17:23:25,idle_without_VPN,5.6,27.8,69.43233336106475,643.5843207698695,0.0,22332.286914902466,0.0,1311.93359375,51.536,52.0,1815.0,100.8,39.35546875,3,3303.3536858558655,10.9,76.45703125,89,3464.7480142116547,6.9,106.265625,28,3433.5026228427887,2.8,58.97265625,33,3467.215999364853,2.7,30.3515625,13,3464.836694717407
2026-02-13T17:23:27,idle_without_VPN,8.9,27.8,1173.1546323995076,208.65702317954342,0.0,33246.59622445837,1.0,1311.93359375,51.55,52.0,1815.0,97.6,39.35546875,3,3304.50679397583,75.7,76.48046875,89,3465.904200553894,9.5,106.13671875,28,3434.65549492836,5.4,30.38671875,14,3465.993513584137,2.7,4.6640625,382,1770992605.9674852
2026-02-13T17:23:28,idle_without_VPN,6.4,27.8,2546.811571446472,511.7747203786212,0.0,7058.010958487652,1.0,1311.93359375,51.657,52.0,1815.0,99.3,38.76953125,3,3305.6552653312683,6.8,106.00390625,28,3435.8106982707977,4.1,12.0625,4,3455.9379217624664,2.7,30.3515625,13,3467.1459600925446,1.4,58.97265625,33,3469.5227239131927
2026-02-13T17:23:29,idle_without_VPN,5.2,27.8,2146.632712674476,0.0,0.0,20096.878382779327,1.0,1311.93359375,51.646,52.0,1815.0,100.0,39.3515625,3,3306.8119299411774,50.2,76.56640625,89,3468.209170103073,6.8,106.109375,28,3436.9656426906586,5.4,30.3515625,13,3468.2979094982147,2.7,58.97265625,33,3470.6764194965363
2026-02-13T17:23:30,idle_without_VPN,10.0,27.8,622.1751098188846,256.3430969225851,0.0,110781.92793378486,0.0,1311.93359375,51.808,52.0,1815.0,98.3,39.35546875,3,3307.9402210712433,37.3,76.5859375,89,3469.3413779735565,8.2,106.23046875,28,3438.1112599372864,4.1,58.97265625,33,3471.8214552402496,2.8,30.3515625,13,3469.4306869506836
2026-02-13T17:23:31,idle_without_VPN,5.6,27.8,0.0,48.04250790712828,0.0,0.0,0.0,1311.93359375,51.67,52.0,1815.0,100.5,39.35546875,3,3309.0748898983,8.3,106.30078125,28,3439.2343497276306,5.5,58.97265625,33,3472.9494993686676,2.8,30.38671875,14,3470.563129901886,2.8,12.0625,4,3459.347428560257
2026-02-13T17:23:32,idle_without_VPN,6.2,27.8,0.0,0.0,0.0,14957.94843877236,0.0,1311.93359375,51.509,52.0,1815.0,99.4,39.35546875,3,3310.191598176956,86.6,76.67578125,89,3471.592887878418,5.5,106.30078125,28,3440.3677508831024,4.2,30.3515625,13,3471.681822538376,2.8,26.6875,9,3457.247588157654
2026-02-13T17:23:33,idle_without_VPN,9.4,27.8,314.9816721606591,433.0997992209063,0.0,250152.71709050165,1.0,1311.93359375,53.049,52.0,1815.0,100.1,39.35546875,3,3311.2998082637787,12.7,106.30078125,28,3441.47846865654,4.2,277.23828125,277,3469.7018008232117,2.8,58.97265625,33,3475.1909902095795,2.8,30.38671875,14,3472.7915732860565
2026-02-13T17:23:34,idle_without_VPN,5.3,27.8,234.78340486755454,327.24636740226714,0.0,4177.150307450545,0.0,1311.93359375,51.876,52.0,1815.0,100.5,39.35546875,3,3312.419727563858,16.9,76.69140625,89,3473.8141787052155,14.0,106.30078125,28,3442.5913031101227,7.0,30.3515625,13,3473.902843236923,4.2,277.26171875,277,3470.8179121017456
2026-02-13T17:23:36,idle_without_VPN,8.9,27.8,815.0014313637972,59.175021419153595,0.0,97319.59886243346,0.0,1311.93359375,52.019,52.0,1815.0,99.8,39.35546875,3,3313.5313398838043,72.5,76.73828125,89,3474.9348468780518,8.5,106.30078125,28,3443.700047969818,5.6,30.38671875,14,3475.024302005768,4.2,58.97265625,33,3477.4121017456055
2026-02-13T17:23:37,idle_without_VPN,6.3,27.8,0.0,0.0,0.0,0.0,0.0,1311.93359375,51.893,52.0,1815.0,100.5,39.35546875,3,3314.6356978416443,11.2,106.1953125,28,3444.8124825954437,4.3,30.3828125,14,3476.1270475387573,2.8,58.97265625,33,3478.5231013298035,0.0,4.6640625,382,1770992616.1274295
2026-02-13T17:23:38,idle_without_VPN,5.4,27.8,378.12177234780614,517.4297937391032,0.0,8336.770942481773,0.0,1311.93359375,51.975,52.0,1815.0,97.6,39.359375,3,3315.740209579468,46.7,77.01953125,89,3477.1425111293793,14.2,106.19921875,28,3445.916772842407,5.7,30.3515625,13,3477.2320199012756,2.8,4.6640625,382,1770992617.23314
2026-02-13T17:23:39,idle_without_VPN,9.0,27.8,59.702884058580516,108.55069828832822,0.0,4631.4964603020035,0.0,1311.93359375,52.027,52.0,1815.0,100.4,39.35546875,3,3316.84539103508,43.7,77.03515625,89,3478.2503650188446,5.7,106.19921875,28,3447.0191612243652,4.2,30.3515625,13,3478.3399488925934,2.8,58.97265625,33,3480.728938817978
2026-02-13T17:23:40,idle_without_VPN,5.4,27.8,490.12412093398774,192.77609209277438,0.0,15829.463260146305,5.0,1311.93359375,51.911,51.0,1815.0,99.3,39.359375,3,3317.9464826583862,11.3,106.19921875,28,3448.121297597885,4.3,30.3515625,13,3479.438353061676,1.4,59.05078125,33,3481.8345971107483,1.4,12.0859375,10,3481.798130273819
2026-02-13T17:23:41,idle_without_VPN,6.5,27.8,1017.3526096355278,431.1121874164736,0.0,15700.420415368144,1.0,1311.93359375,51.977,51.0,1815.0,99.9,39.359375,3,3319.0565390586853,74.7,77.03515625,89,3480.458531856537,9.8,105.76953125,28,3449.2354753017426,5.6,59.05078125,33,3482.949138879776,2.8,30.38671875,14,3480.547635793686
2026-02-13T17:23:42,idle_without_VPN,7.5,27.8,976.0767242214902,816.7172590424714,0.0,26888.287942932624,0.0,1311.93359375,51.841,51.0,1815.0,99.7,39.35546875,3,3320.16889500618,15.5,77.05859375,89,3481.5682775974274,8.5,105.890625,28,3450.34263920784,4.2,30.3515625,13,3481.657308101654,2.8,344.65625,95,3451.2180149555206
2026-02-13T17:23:43,idle_without_VPN,5.7,27.8,1776.6200563151706,627.9977446395931,0.0,0.0,0.0,1311.93359375,51.93,51.0,1815.0,99.9,39.35546875,3,3321.278995513916,11.3,105.92578125,28,3451.448945045471,4.2,77.14453125,89,3482.681327342987,4.2,344.96875,95,3452.3296761512756,2.8,59.05078125,33,3485.1604285240173
2026-02-13T17:23:44,idle_without_VPN,8.0,27.8,322.2862514271249,85.94300038056664,0.0,233306.5983664449,0.0,1311.93359375,51.766,51.0,1815.0,100.2,39.35546875,3,3322.386339902878,86.0,77.171875,89,3483.788902759552,19.6,105.9921875,28,3452.5623123645782,5.6,30.38671875,14,3483.877907037735,5.6,344.9375,95,3453.4447622299194
2026-02-13T17:23:46,idle_without_VPN,7.3,27.8,0.0,0.0,0.0,124529.63916251529,0.0,1311.93359375,51.894,50.0,1815.0,99.8,39.35546875,3,3323.4977543354034,14.1,105.98828125,28,3453.6709537506104,11.3,344.9375,95,3454.5532116889954,4.2,30.3515625,13,3484.9866631031036,1.4,4.6640625,382,1770992624.9869053
2026-02-13T17:23:47,idle_without_VPN,6.1,27.8,142.48674993694848,133.46860120676186,0.0,330598.1179296571,0.0,1311.93359375,51.775,50.0,1815.0,99.5,39.35546875,3,3324.597486972809,34.0,77.2578125,88,3486.0017619132996,11.3,105.9921875,28,3454.777569293976,7.1,30.38671875,14,3486.089913368225,7.1,277.3203125,277,3483.000663995743
2026-02-13T17:23:48,idle_without_VPN,9.8,27.8,321.4416519596381,441.9822714445024,0.0,9818.581368948944,0.0,1311.93359375,51.777,50.0,1815.0,99.6,38.7734375,3,3325.695249557495,56.9,77.2890625,88,3487.0991847515106,17.1,105.9921875,28,3455.8770673274994,14.3,344.9375,95,3456.7377412319183,4.3,30.38671875,14,3487.1887052059174
2026-02-13T17:23:49,idle_without_VPN,7.2,27.8,0.0,0.0,0.0,0.0,1.0,1311.93359375,51.83,50.0,1815.0,99.9,39.35546875,3,3326.789913415909,20.0,105.9921875,28,3456.972487926483,11.4,344.9296875,95,3457.8384296894073,2.9,59.05078125,33,3490.6814556121826,2.9,30.390625,14,3488.2825989723206
2026-02-13T17:23:50,idle_without_VPN,6.7,27.8,0.0,0.0,0.0,77298.46661017346,1.0,1311.93359375,51.668,50.0,1815.0,97.5,39.3515625,3,3327.8797891139984,60.2,77.4609375,88,3489.285320997238,22.9,344.9296875,95,3458.9284307956696,21.5,106.01953125,28,3458.064079761505,4.3,30.390625,14,3489.3744859695435
2026-02-13T17:23:51,idle_without_VPN,9.8,27.8,0.0,0.0,0.0,107329.21192888831,1.0,1311.93359375,51.784,50.0,1815.0,99.7,39.35546875,3,3328.99307346344,30.9,77.48046875,88,3490.396492958069,20.9,344.9296875,95,3460.0501198768616,12.8,106.01953125,28,3459.1604130268097,4.3,58.40625,33,3492.870536327362
2026-02-13T17:23:52,idle_without_VPN,6.5,27.8,0.0,0.0,0.0,9119.393830656556,0.0,1311.93359375,51.654,49.0,1815.0,101.0,39.35546875,3,3330.1219868659973,20.8,106.0234375,28,3460.286488056183,11.0,344.9140625,95,3461.187086582184,4.2,30.390625,14,3491.612241744995,4.1,12.0625,4,3480.402146577835
2026-02-13T17:23:53,idle_without_VPN,8.1,27.8,309.4019636319437,425.4276999939226,0.0,5400.470637939381,0.0,1311.93359375,51.672,49.0,1815.0,96.4,39.34765625,3,3331.25626373291,88.0,77.50390625,88,3492.659817457199,20.6,106.03125,28,3461.4218475818634,13.8,344.9296875,95,3462.3208107948303,4.1,59.14453125,33,3495.1360919475555
2026-02-13T17:23:54,idle_without_VPN,8.1,27.8,0.0,0.0,0.0,0.0,0.0,1311.93359375,51.685,49.0,1815.0,101.1,39.3515625,3,3332.384775161743,19.3,105.99609375,28,3462.555084466934,12.6,344.9296875,95,3463.435558319092,5.6,277.328125,275,3490.7870585918427,4.2,124.9375,99,3388.4325964450836
2026-02-13T17:23:56,idle_without_VPN,6.9,27.8,0.0,0.0,0.0,134450.95222001988,0.0,1311.93359375,51.42,49.0,1815.0,99.3,39.35546875,3,3333.4863245487213,24.0,77.58984375,88,3494.889696598053,16.8,106.0,28,3463.674228668213,14.2,344.9296875,95,3464.533490419388,4.2,30.3515625,13,3494.9786834716797
2026-02-13T17:23:57,idle_without_VPN,10.2,27.8,45.52367754293286,0.0,0.0,2330.8122901981624,0.0,1311.93359375,51.57,49.0,1815.0,98.0,39.35546875,3,3334.5860974788666,66.9,77.60546875,88,3495.9872674942017,20.1,106.0,28,3464.762481212616,5.7,30.3828125,14,3496.0763943195343,5.7,344.9296875,95,3465.632693052292
2026-02-13T17:23:58,idle_without_VPN,7.1,27.8,804.022732034451,320.87982049447476,0.0,9801.419971467592,0.0,1311.93359375,51.502,49.0,1815.0,99.0,39.35546875,3,3335.7226724624634,25.7,106.00390625,28,3465.8607516288757,5.5,30.3515625,13,3497.2107648849487,2.9,59.14453125,33,3499.569815158844,2.8,214.79296875,70,3497.208995819092
2026-02-13T17:23:59,idle_without_VPN,7.3,27.8,0.0,115.23911661576133,2468715.2138428115,163150.6523723748,1.0,1311.93359375,51.511,49.0,1815.0,100.5,39.3515625,3,3336.826910495758,53.4,77.60546875,88,3498.232940196991,19.2,106.0078125,28,3466.9991388320923,5.7,344.9296875,95,3467.87721824646,5.6,30.390625,14,3498.3222613334656
2026-02-13T17:24:00,idle_without_VPN,9.9,27.8,0.0,0.0,0.0,9754.148934265004,0.0,1311.93359375,51.381,48.0,1815.0,99.3,39.35546875,3,3337.9461646080017,35.1,77.63671875,88,3499.347202062607,30.9,106.0078125,28,3468.1113085746765,4.2,82.19921875,56,3497.9967925548553,4.2,318.15625,35,3393.681070327759
2026-02-13T17:24:01,idle_without_VPN,7.8,27.8,68.8366135796918,96.1947548741847,0.0,119288.55620948436,0.0,1311.93359375,51.234,48.0,1815.0,98.5,39.35546875,3,3339.0702826976776,38.6,106.00390625,28,3469.2440237998962,8.3,344.9296875,95,3470.131439447403,6.9,30.390625,14,3500.5623240470886,2.8,59.14453125,33,3502.954252243042
2026-02-13T17:24:02,idle_without_VPN,9.3,27.8,288.4733096377324,222.30970650981214,0.0,17615.397696777494,4.0,1311.93359375,51.402,48.0,1815.0,90.8,39.35546875,3,3340.205673456192,86.7,77.80859375,88,3501.6087124347687,42.7,344.9296875,95,3471.266956806183,23.5,105.82421875,28,3470.3751673698425,4.1,277.375,275,3498.608153104782
2026-02-13T17:24:03,idle_without_VPN,11.8,27.8,425.1694763500116,430.5063317016854,0.0,28235.52271392211,0.0,1311.93359375,51.335,48.0,1815.0,99.5,39.35546875,3,3341.3200788497925,50.6,344.9296875,95,3472.3776726722717,8.4,105.9296875,28,3471.4969398975372,7.1,124.85546875,99,3397.374871492386,5.6,30.38671875,14,3502.8135936260223
2026-02-13T17:24:05,idle_without_VPN,10.2,27.8,0.0,0.0,0.0,6490.253982529178,0.0,1311.93359375,51.331,48.0,1815.0,100.7,38.7734375,3,3342.4212844371796,15.6,344.93359375,95,3473.4778876304626,14.2,77.82421875,88,3503.8251707553864,5.7,58.97265625,33,3506.3101584911346,4.3,124.9375,99,3398.4738776683807
2026-02-13T17:24:06,idle_without_VPN,9.6,27.8,0.0,49.17101535359377,0.0,302572.93240398087,0.0,1311.93359375,51.318,48.0,1815.0,98.0,39.35546875,3,3343.521897792816,54.2,77.84765625,88,3504.921319246292,8.6,30.3515625,13,3505.01002573967,7.1,344.93359375,95,3474.575335741043,5.7,4.6640625,397,1770992645.0147548
2026-02-13T17:24:07,idle_without_VPN,8.5,27.8,357.37988544236987,289.17761722817716,0.0,0.0,0.0,1311.93359375,51.406,48.0,1815.0,85.4,39.35546875,3,3344.6570358276367,5.6,58.97265625,33,3508.523077726364,4.1,277.359375,275,3503.0630946159363,2.7,97.49609375,32,3499.0289900302887,2.7,98.05859375,39,3481.9324510097504
2026-02-13T17:24:08,idle_without_VPN,6.8,27.8,103.00237697881184,406.0010359248167,0.0,9668.489785744472,1.0,1311.93359375,51.381,47.0,1815.0,73.3,39.359375,3,3345.80761051178,49.8,77.97265625,89,3507.2115302085876,9.4,30.3828125,13,3507.2999272346497,4.1,77.78125,65,3505.870960712433,4.0,59.07421875,33,3509.6804349422455
2026-02-13T17:24:09,idle_without_VPN,10.0,27.8,308.3460922994668,115.62978461230006,0.0,6279.047697734597,0.0,1311.93359375,51.187,47.0,1815.0,75.3,39.359375,3,3346.94912314415,37.0,77.98828125,89,3508.351727962494,5.5,184.04296875,105,3482.9933383464813,2.7,4.6640625,397,1770992648.421359,2.7,58.97265625,33,3510.819083929062
2026-02-13T17:24:10,idle_without_VPN,5.9,27.8,68.5107269821379,48.308845948943386,0.0,19787.30330068721,1.0,1311.93359375,51.23,47.0,1815.0,92.7,38.7734375,3,3348.0949413776398,4.1,30.390625,14,3509.583792448044,4.1,277.40625,276,3506.5004670619965,2.7,4.6640625,397,1770992649.5606625,2.7,59.07421875,33,3511.9599335193634
2026-02-13T17:24:11,idle_without_VPN,6.6,27.8,43.52917343322939,47.01150730788773,0.0,13817.900814644336,1.0,1311.93359375,51.083,47.0,1815.0,99.3,39.35546875,3,3349.2282214164734,89.8,77.98828125,89,3510.6266627311707,6.9,30.3515625,13,3510.715879917145,5.4,59.07421875,33,3513.1104097366333,2.8,39.83984375,35,3510.6964864730835
2026-02-13T17:24:12,idle_without_VPN,8.0,27.8,4673.442776874746,4561.663393828768,0.0,6813.219538040633,1.0,1311.93359375,51.143,47.0,1815.0,99.6,39.35546875,3,3350.3417003154755,2.8,30.3828125,14,3511.8320231437683,1.4,106.01953125,28,3480.5181472301483,1.4,78.01953125,89,3511.7430934906006,1.4,344.93359375,95,3481.395878791809
2026-02-13T17:24:14,idle_without_VPN,4.8,27.8,951.9448122894402,1168.2959059915856,0.0,0.0,1.0,1311.93359375,51.011,47.0,1815.0,97.6,39.33984375,2,3351.4631111621857,19.5,78.19140625,89,3512.8641130924225,2.8,30.3515625,13,3512.9537303447723,1.4,59.07421875,33,3515.3456156253815,1.4,218.28125,70,3512.951924085617
2026-02-13T17:24:15,idle_without_VPN,7.3,27.8,0.0,652.382321354812,0.0,17555.671430538347,1.0,1311.93359375,50.832,47.0,1815.0,100.5,39.34375,2,3352.567385673523,70.7,78.21875,89,3513.970111131668,2.8,59.07421875,33,3516.453915119171,2.8,30.390625,14,3514.0574753284454,1.4,184.04296875,105,3488.6043915748596
2026-02-13T17:24:16,idle_without_VPN,5.8,27.8,324.4700839309728,255.06953820129252,29533.988084028104,204430.57376913202,1.0,1311.93359375,50.893,47.0,1815.0,99.5,39.33984375,2,3353.681901693344,2.8,59.07421875,33,3517.5609352588654,2.8,30.390625,14,3515.1691541671753,1.4,23.234375,5,3514.114371061325,1.4,97.50390625,32,3508.051213979721
2026-02-13T17:24:17,idle_without_VPN,4.7,27.8,0.0,0.0,0.0,7344.712102194025,1.0,1311.93359375,50.801,47.0,1815.0,100.3,38.7578125,2,3354.80393409729,50.2,78.33203125,89,3516.200441122055,8.4,30.3515625,13,3516.288629770279,4.2,58.93359375,33,3518.67995429039,2.8,214.86328125,70,3516.2867794036865
2026-02-13T17:24:18,idle_without_VPN,9.1,27.8,530.1847642676983,465.01255071984167,0.0,11723.952793906312,0.0,1311.93359375,51.03,48.0,1815.0,100.6,39.33984375,2,3355.9532601833344,37.9,78.35546875,89,3517.354851961136,5.4,30.3515625,14,3517.443622112274,2.7,58.97265625,33,3519.8200080394745,1.4,4.6640625,397,1770992657.4145792
2026-02-13T17:24:19,idle_without_VPN,4.8,27.8,57.69912314544605,268.38834554018086,0.0,7161.685103143849,0.0,1311.93359375,50.953,48.0,1815.0,99.5,39.33984375,2,3357.067253112793,4.2,30.38671875,14,3518.5620653629303,2.8,58.97265625,33,3520.951941013336,2.7,4.6640625,397,1770992658.5575056,1.4,23.25,5,3517.505467414856
2026-02-13T17:24:20,idle_without_VPN,6.0,27.8,37.93205893138259,86.70184898601735,0.0,0.0,0.0,1311.93359375,50.776,48.0,1815.0,100.7,39.33984375,2,3358.168412208557,83.9,78.4453125,89,3519.571835041046,4.3,30.390625,14,3519.661089658737,4.2,58.40625,33,3522.0569474697113,1.4,113.90625,147,3522.122155189514
2026-02-13T17:24:21,idle_without_VPN,7.7,27.8,0.0,0.0,0.0,23678.665602094206,0.0,1311.93359375,50.961,48.0,1815.0,98.6,39.33984375,2,3359.2773356437683,7.1,78.46484375,89,3520.6782200336456,5.7,30.3515625,13,3520.767573595047,2.8,58.97265625,33,3523.1581258773804,1.4,4.6640625,397,1770992660.7669494
2026-02-13T17:24:22,idle_without_VPN,4.7,27.8,0.0,0.0,0.0,67920.92624768194,0.0,1311.93359375,50.918,48.0,1815.0,97.9,39.3359375,3,3360.3786737918854,12.7,78.5546875,89,3521.784211397171,2.8,58.97265625,33,3524.268265247345,2.8,30.38671875,14,3521.873752117157,1.4,105.98046875,28,3490.5567564964294
2026-02-13T17:24:24,idle_without_VPN,7.5,27.8,547.0391966209272,758.7669919908209,0.0,7909.35077639294,0.0,1311.93359375,50.985,48.0,1815.0,99.7,38.76171875,3,3361.491173505783,76.4,78.5859375,89,3522.8888635635376,4.2,30.390625,14,3522.9782707691193,2.8,318.15625,35,3417.22093129158,1.4,58.97265625,33,3525.377300977707
2026-02-13T17:24:25,idle_without_VPN,6.3,27.8,0.0,0.0,0.0,126551.37437759155,1.0,1311.93359375,50.916,48.0,1815.0,98.3,39.33984375,3,3362.603191614151,2.8,4.6640625,397,1770992664.0839086,2.8,58.97265625,33,3526.4782667160034,2.8,30.3515625,13,3524.0898056030273,2.8,154.51953125,23,3417.342835664749
2026-02-13T17:24:26,idle_without_VPN,5.3,27.8,44.725626993126575,0.0,0.0,95262.00744520014,1.0,1311.93359375,50.898,48.0,1815.0,100.7,39.34375,3,3363.705175638199,42.3,78.6640625,89,3525.108845949173,2.8,59.14453125,33,3527.5942602157593,2.8,30.390625,14,3525.197877883911,2.8,26.6875,9,3510.755722284317
2026-02-13T17:24:27,idle_without_VPN,10.8,27.8,0.0,0.0,0.0,465.5021072936878,0.0,1311.93359375,51.137,48.0,1815.0,97.3,38.76171875,3,3364.8127562999725,48.1,78.6875,89,3526.2140839099884,5.7,30.38671875,14,3526.3029305934906,2.8,59.14453125,33,3528.6934311389923,2.8,277.5234375,276,3523.2101299762726
2026-02-13T17:24:28,idle_without_VPN,4.8,27.8,0.0,48.53571855626582,0.0,7823.238783587734,0.0,1311.93359375,51.114,49.0,1815.0,99.2,39.34375,3,3365.9311158657074,5.6,30.3515625,13,3527.4175498485565,4.2,59.14453125,33,3529.809366464615,1.4,97.609375,32,3520.294803380966,0.0,4.6640625,397,1770992667.411592
2026-02-13T17:24:29,idle_without_VPN,5.8,27.8,599.8909908496015,533.4360008453044,279556.386059158,17472.274128697376,0.0,1311.93359375,50.965,49.0,1815.0,100.5,39.34375,3,3367.0347340106964,71.7,78.7734375,89,3528.4393372535706,5.6,30.38671875,14,3528.528436899185,2.8,4.6640625,397,1770992668.5241628,1.4,59.14453125,33,3530.921813726425
2026-02-13T17:24:30,idle_without_VPN,7.7,27.8,1172.0857733198543,0.0,29430.579785551712,8277.350564686418,0.0,1311.93359375,51.073,49.0,1815.0,99.3,39.34375,3,3368.152576684952,18.2,78.7890625,89,3529.55251455307,2.8,4.6640625,397,1770992669.6383693,2.8,106.22265625,28,3498.325660467148,2.8,59.14453125,33,3532.0355999469757
2026-02-13T17:24:31,idle_without_VPN,5.4,27.8,2214.896244503539,0.0,0.0,23049.326772069347,0.0,1311.93359375,51.095,49.0,1815.0,96.7,39.33984375,3,3369.2512199878693,4.3,30.3515625,13,3530.7424182891846,4.2,58.97265625,33,3533.1408360004425,1.4,4.6640625,397,1770992670.748589,1.4,113.91015625,147,3533.205130338669
2026-02-13T17:24:32,idle_without_VPN,7.6,27.8,2244.3424725294676,0.0,0.0,0.0,0.0,1311.93359375,51.024,49.0,1815.0,97.9,38.765625,3,3370.3519937992096,88.0,78.8125,89,3531.754174232483,5.7,58.97265625,33,3534.2391045093536,5.7,30.3515625,13,3531.8437230587006,5.6,277.5703125,276,3528.7551555633545
2026-02-13T17:24:34,idle_without_VPN,6.8,27.8,1521.2226709851946,1015.9465828683628,0.0,18412.907979773514,1.0,1311.93359375,51.13,49.0,1815.0,100.7,39.34765625,3,3371.46875500679,5.6,30.390625,14,3532.9607825279236,1.4,210.6015625,70,3532.958695411682,1.4,12.0625,4,3521.7395544052124,0.0,4.6640625,397,1770992672.956576
2026-02-13T17:24:35,idle_without_VPN,4.6,27.8,0.0,0.0,29587.076624739842,91535.01830778888,1.0,1311.93359375,51.017,49.0,1815.0,100.1,39.3515625,3,3372.577660560608,30.9,78.8984375,89,3533.981987953186,2.8,58.93359375,33,3536.459876060486,2.8,30.3515625,13,3534.071631193161,1.4,113.5390625,47,3504.3189918994904
2026-02-13T17:24:36,idle_without_VPN,8.0,27.8,0.0,49.00745565758631,0.0,124994.42320014905,1.0,1311.93359375,51.056,49.0,1815.0,98.6,39.3515625,3,3373.6867668628693,59.4,78.9296875,89,3535.087795495987,4.2,30.3515625,13,3535.1764085292816,2.8,58.97265625,33,3537.5647525787354,2.8,277.59375,276,3532.0883769989014
2026-02-13T17:24:37,idle_without_VPN,5.6,27.8,0.0,0.0,0.0,5062.765075838644,0.0,1311.93359375,51.172,49.0,1815.0,97.8,39.34765625,3,3374.8044652938843,4.2,30.38671875,14,3536.2935259342194,1.4,113.9140625,147,3538.736376285553,1.4,58.97265625,33,3538.683403968811,1.4,12.109375,10,3538.6498696804047
2026-02-13T17:24:38,idle_without_VPN,5.2,27.8,0.0,0.0,0.0,0.0,0.0,1311.93359375,51.043,50.0,1815.0,98.8,39.34765625,3,3375.927402496338,61.2,79.0078125,89,3537.328581571579,5.6,58.97265625,33,3539.8073325157166,4.2,30.3515625,14,3537.4176273345947,2.8,248.18359375,48,3518.81600522995
2026-02-13T17:24:39,idle_without_VPN,8.6,27.8,1421.9579363695366,371.4865108765414,0.0,65978.8482475465,0.0,1311.93359375,51.179,50.0,1815.0,98.7,39.34765625,3,3377.051076412201,27.8,79.28515625,89,3538.451114177704,5.6,4.6640625,397,1770992678.529931,4.2,30.3515625,13,3538.5401656627655,1.4,113.9140625,147,3540.986516714096
2026-02-13T17:24:40,idle_without_VPN,4.7,27.8,1011.3290879861713,0.0,0.0,8660.395570360453,0.0,1311.93359375,51.237,50.0,1815.0,98.3,39.33984375,3,3378.1953959465027,4.1,23.34375,5,3538.630914926529,2.8,59.07421875,33,3542.0522544384003,2.7,30.3515625,13,3539.6868019104004,2.7,344.92578125,95,3509.253033876419
2026-02-13T17:24:41,idle_without_VPN,7.1,27.8,6110.978352781273,1640.6704838393223,0.0,86837.85041890488,0.0,1311.93359375,51.054,50.0,1815.0,100.2,39.35546875,3,3379.334376811981,87.7,79.39453125,89,3540.738130569458,4.1,106.234375,28,3509.4984290599823,4.1,30.38671875,14,3540.82718706131,2.7,59.07421875,33,3543.211299419403
2026-02-13T17:24:43,idle_without_VPN,7.1,27.8,0.0,0.0,0.0,5347.082399644438,1.0,1311.93359375,51.239,50.0,1815.0,100.8,39.3515625,3,3380.496046066284,8.1,30.390625,14,3541.982602119446,5.4,59.07421875,33,3544.360071182251,1.4,8.01953125,14,3546.878046274185,1.4,106.23828125,28,3510.6491556167603
2026-02-13T17:24:44,idle_without_VPN,5.1,27.8,361.39353745016257,465.1428783449461,0.0,9738.604798657012,0.0,1311.93359375,51.135,50.0,1815.0,99.8,39.35546875,3,3381.639354467392,34.1,79.51171875,89,3543.0407321453094,5.4,59.07421875,33,3545.5158865451813,4.1,30.390625,14,3543.129606485367,2.8,277.63671875,276,3540.0395016670227
2026-02-13T17:24:45,idle_without_VPN,8.7,27.8,0.0,0.0,0.0,0.0,0.0,1311.93359375,51.339,50.0,1815.0,100.4,39.35546875,3,3382.7759025096893,53.5,79.54296875,89,3544.1789422035217,4.2,58.93359375,33,3546.6452882289886,2.7,30.3515625,13,3544.26544880867,1.4,113.8984375,147,3546.6993024349213
2026-02-13T17:24:46,idle_without_VPN,5.0,27.8,1095.4152496362683,84.59815224101754,0.0,19647.702821501476,0.0,1311.93359375,51.311,50.0,1815.0,99.4,39.35546875,3,3383.9078392982483,5.5,30.3515625,13,3545.393283367157,2.7,58.97265625,33,3547.7829399108887,1.4,4.6640625,397,1770992685.38728,1.4,113.8984375,147,3547.844354391098
2026-02-13T17:24:47,idle_without_VPN,5.9,27.8,412.507391131158,122.49127771580237,0.0,1844.5745350144357,5.0,1311.93359375,51.381,50.0,1815.0,100.2,39.35546875,3,3385.01437997818,69.2,79.71484375,89,3546.4111161231995,4.2,58.97265625,33,3548.89706492424,2.8,12.0625,4,3535.2846105098724,2.8,124.9375,99,3441.061623811722
2026-02-13T17:24:48,idle_without_VPN,8.4,27.8,0.0,365.68222797875165,0.0,10606.586001669408,0.0,1311.93359375,51.428,50.0,1815.0,98.5,38.76953125,3,3386.1247189044952,19.6,79.73828125,89,3547.526691675186,7.0,30.38671875,14,3547.616251707077,4.2,23.26953125,5,3546.5602655410767,2.8,4.6640625,397,1770992687.6102448
2026-02-13T17:24:49,idle_without_VPN,4.8,27.8,315.029794570604,118.1361729639765,0.0,9622.728270520269,0.0,1311.93359375,51.354,50.0,1815.0,98.1,38.76953125,3,3387.239481687546,4.2,30.3515625,13,3548.734105348587,4.2,277.6953125,276,3545.638768672943,2.8,58.97265625,33,3551.122411251068,1.4,106.1171875,28,3517.4100620746613
2026-02-13T17:24:50,idle_without_VPN,7.9,27.8,108.07158128260642,59.43936970543353,0.0,13833.162404173621,0.0,1311.93359375,51.443,51.0,1815.0,100.7,39.36328125,3,3388.340609550476,91.0,79.84375,89,3549.743729352951,2.8,113.90234375,147,3552.2913296222687,2.8,58.97265625,33,3552.2292788028717,2.8,26.6875,9,3535.3952646255493
2026-02-13T17:24:52,idle_without_VPN,6.7,27.8,0.0,0.0,0.0,103713.51212795857,1.0,1311.93359375,51.382,51.0,1815.0,98.7,39.36328125,3,3389.4651777744293,6.9,30.3515625,13,3550.956326007843,1.4,4.6640625,397,1770992690.9408765,1.4,35.19140625,11,3554.106653213501,1.4,16.765625,6,3547.876284122467
2026-02-13T17:24:53,idle_without_VPN,5.6,27.8,0.0,0.0,0.0,5855.625800900704,0.0,1311.93359375,51.326,51.0,1815.0,99.4,39.3515625,3,3390.5971205234528,31.8,79.93359375,89,3551.9963788986206,5.6,26.6875,9,3537.6523246765137,4.2,30.38671875,14,3552.085602045059,2.7,58.98046875,33,3554.478681087494
2026-02-13T17:24:54,idle_without_VPN,8.9,27.8,316.05080891427275,434.569862257125,0.0,9653.915617745059,0.0,1311.93359375,51.413,51.0,1815.0,99.6,39.3515625,3,3391.710937976837,57.5,80.0234375,89,3553.111673116684,5.6,30.3515625,13,3553.1991114616394,4.2,59.14453125,33,3555.5961363315582,2.8,23.32421875,5,3552.146633386612
2026-02-13T17:24:55,idle_without_VPN,7.6,27.8,0.0,0.0,0.0,72157.50605699785,0.0,1311.93359375,51.477,51.0,1815.0,100.5,39.3515625,3,3392.830365896225,7.0,30.38671875,14,3554.3186585903168,4.2,277.69921875,276,3551.231278896332,2.8,59.14453125,33,3556.714166879654,2.8,98.05859375,39,3530.0959022045135
2026-02-13T17:24:56,idle_without_VPN,6.0,27.8,44.56659524202667,0.0,0.0,86708.7677028871,1.0,1311.93359375,51.462,51.0,1815.0,100.4,39.3515625,3,3393.950940847397,61.2,80.04296875,89,3555.352051973343,2.8,4.6640625,397,1770992695.4348762,2.8,59.14453125,33,3557.8315935134888,2.8,116.71875,25,3447.955475091934
2026-02-13T17:24:57,idle_without_VPN,8.5,27.8,0.0,48.812883929420025,0.0,0.0,1.0,1311.93359375,51.46,51.0,1815.0,99.1,38.765625,3,3395.053962945938,26.9,80.0625,89,3556.4563660621643,7.1,30.3515625,13,3556.5454185009003,4.2,113.90625,147,3558.997249364853,4.2,106.20703125,28,3525.2265162467957
2026-02-13T17:24:58,idle_without_VPN,5.7,27.8,0.0,48.8923759662504,0.0,10198.587460811934,1.0,1311.93359375,51.519,51.0,1815.0,100.4,39.3515625,3,3396.159338235855,4.2,106.21484375,28,3526.3311772346497,2.8,4.6640625,397,1770992697.6454315,2.8,30.38671875,14,3557.653161764145,1.4,8.171875,15,3561.225597381592
2026-02-13T17:24:59,idle_without_VPN,6.6,27.8,315.2472679474182,481.826790215088,0.0,17424.57626473002,0.0,1311.93359375,51.438,51.0,1815.0,99.7,38.7578125,3,3397.272643327713,90.1,80.25390625,89,3558.67386841774,7.0,30.3515625,13,3558.763126850128,4.2,106.109375,28,3527.449494123459,2.8,58.97265625,33,3561.158187389374
2026-02-13T17:25:00,idle_without_VPN,7.0,27.8,59.311621624748625,107.8393120449975,0.0,10122.516757290432,1.0,1311.93359375,51.578,51.0,1815.0,101.1,39.34375,3,3398.4005839824677,7.0,106.203125,28,3528.565733909607,4.2,82.19921875,56,3558.453882455826,4.1,30.38671875,14,3559.89258146286,1.4,4.6640625,397,1770992699.876197
2026-02-13T17:25:02,idle_without_VPN,5.1,27.8,0.0,0.0,0.0,21270.30215955298,0.0,1311.93359375,51.463,51.0,1815.0,99.2,39.3515625,3,3399.519339323044,25.2,80.30859375,89,3560.9213666915894,5.6,58.97265625,33,3563.400796175003,4.2,277.73828125,276,3557.9194688796997,2.8,30.3515625,13,3561.0100450515747
2026-02-13T17:25:03,idle_without_VPN,7.7,27.8,188.88762216886553,409.85050093244405,0.0,163312.95091068101,0.0,1311.93359375,51.383,52.0,1815.0,98.5,39.359375,3,3400.852308988571,55.5,80.33984375,89,3562.2171337604523,6.6,106.3203125,28,3530.8758029937744,6.1,30.3515625,13,3562.3028190135956,4.9,218.8046875,70,3562.294699192047
2026-02-13T17:25:04,idle_without_VPN,10.2,27.9,3875.760239827461,2524.6931338746294,45782.59247969223,111595.06916924981,1.0,1324.12890625,51.549,52.0,1815.0,100.4,39.3515625,3,3402.1917486190796,20.4,217.83203125,76,3563.664967060089,7.8,106.32421875,28,3532.2900812625885,7.1,325.015625,35,3457.9358694553375,4.6,30.390625,14,3563.667201757431
2026-02-13T17:25:06,idle_without_VPN,9.6,27.9,610.7042331827319,409.5124365181224,25955.325957109933,148432.02031722243,0.0,1324.44140625,51.484,52.0,1815.0,100.2,39.35546875,3,3403.4379272460938,79.8,80.52734375,89,3564.8317742347717,10.0,30.3515625,13,3564.9202950000763,5.1,106.3125,28,3533.5143826007843,5.0,328.41796875,35,3459.1864507198334
2026-02-13T17:25:07,idle_without_VPN,8.7,27.9,0.0,0.0,0.0,72460.99355062339,0.0,1323.62890625,51.548,52.0,1815.0,99.4,39.35546875,3,3404.600667476654,6.3,58.97265625,33,3568.4691739082336,5.0,106.3125,28,3534.759518146515,2.7,16.65234375,34,3564.4073774814606,2.7,328.453125,35,3460.3349001407623
2026-02-13T17:25:08,idle_without_VPN,4.9,27.9,7105.671102053972,6116.616108838162,0.0,27240.004892518675,0.0,1318.49609375,51.421,52.0,1815.0,100.4,39.35546875,3,3405.7371912002563,43.9,80.52734375,89,3567.1386618614197,6.8,106.3125,28,3535.901262283325,6.8,30.3515625,13,3567.2278230190277,2.7,58.97265625,33,3569.612406015396
2026-02-13T17:25:09,idle_without_VPN,8.7,27.8,735.206425919676,486.59871751603106,0.0,7247.666716166048,1.0,1318.12109375,51.641,52.0,1815.0,98.1,39.34765625,3,3406.8675739765167,44.2,80.55859375,89,3568.2703986167908,6.9,106.3125,28,3537.0273835659027,2.8,30.3515625,13,3568.359667301178,1.4,58.97265625,33,3570.7376363277435
2026-02-13T17:25:10,idle_without_VPN,5.2,27.8,0.0,0.0,0.0,137282.04731728724,0.0,1311.93359375,51.496,52.0,1815.0,101.2,39.3515625,3,3407.995269060135,6.9,106.3125,28,3538.163521528244,2.8,59.14453125,33,3571.8733959198,2.8,30.3828125,14,3569.483596086502,2.8,130.08984375,32,3523.6884019374847
2026-02-13T17:25:11,idle_without_VPN,6.5,27.8,44.97214802462845,0.0,0.0,263874.97797746793,0.0,1311.93359375,51.447,52.0,1815.0,98.8,39.3515625,3,3409.1017508506775,77.4,80.85546875,89,3570.5041036605835,8.5,30.390625,14,3570.5920691490173,5.6,106.3125,28,3539.2749683856964,2.8,59.14453125,33,3572.9863607883453
2026-02-13T17:25:12,idle_without_VPN,8.6,27.9,1407.8697698391654,215.28973003251195,0.0,10977.096276512477,5.0,1311.93359375,51.926,52.0,1815.0,99.2,39.359375,3,3410.2200388908386,12.6,80.87109375,89,3571.6228954792023,8.4,106.3125,28,3540.392009496689,4.2,58.97265625,33,3574.1036303043365,4.2,277.80859375,276,3568.620870113373
2026-02-13T17:25:13,idle_without_VPN,5.4,27.9,0.0,0.0,0.0,0.0,0.0,1311.93359375,53.503,52.0,1815.0,100.0,39.359375,3,3411.345492362976,8.4,80.87109375,89,3572.743577480316,7.0,105.984375,28,3541.5059010982513,5.6,58.97265625,33,3575.2165536880493,5.6,30.390625,14,3572.832560300827
2026-02-13T17:25:15,idle_without_VPN,7.7,27.9,308.2976080125909,471.2048667919713,0.0,11659.25499393071,0.0,1311.93359375,51.92,52.0,1815.0,99.2,39.359375,3,3412.4953479766846,78.9,80.90234375,89,3573.8922638893127,6.8,58.97265625,33,3576.3614785671234,4.1,30.390625,14,3573.9813582897186,2.7,106.08203125,28,3542.6504259109497
2026-02-13T17:25:16,idle_without_VPN,7.3,27.8,0.0,0.0,0.0,11090.685405961944,0.0,1311.93359375,51.893,52.0,1815.0,98.4,39.359375,3,3413.653783082962,8.1,106.16015625,28,3543.8075885772705,5.4,30.38671875,14,3575.1405415534973,2.7,4.6640625,397,1770992715.1142588,1.4,41.72265625,45,3575.046286344528
2026-02-13T17:25:17,idle_without_VPN,5.6,27.8,0.0,0.0,0.0,103487.25870279525,0.0,1311.93359375,51.977,52.0,1815.0,97.9,39.359375,3,3414.7871673107147,49.4,80.9921875,89,3576.189847946167,9.5,106.16796875,28,3544.9534084796906,5.5,58.97265625,33,3578.6637234687805,4.1,30.3828125,14,3576.279078245163
2026-02-13T17:25:18,idle_without_VPN,9.1,27.8,434.6996675921284,259.7595574635889,0.0,12214.00041624712,1.0,1311.93359375,51.946,52.0,1815.0,99.9,38.765625,3,3415.9291706085205,42.4,81.0078125,89,3577.330875635147,8.3,106.203125,28,3546.083727121353,4.1,30.38671875,14,3577.420201063156,2.8,58.97265625,33,3579.7978518009186
2026-02-13T17:25:19,idle_without_VPN,5.5,27.8,425.10538117530973,588.4723251806973,86342.06485755712,221701.2394519566,1.0,1311.93359375,52.03,51.0,1815.0,100.4,39.359375,3,3417.065089225769,10.9,106.21484375,28,3547.225180387497,5.5,30.3515625,13,3578.555813074112,1.4,58.97265625,33,3580.9363605976105,1.4,23.24609375,5,3577.5017127990723
2026-02-13T17:25:20,idle_without_VPN,7.5,27.9,0.0,0.0,0.0,0.0,1.0,1311.93359375,51.951,51.0,1815.0,99.3,38.76953125,3,3418.1989748477936,82.8,81.0078125,89,3579.5988161563873,11.0,106.22265625,28,3548.362028360367,6.9,58.97265625,33,3582.0726425647736,5.5,30.3515625,13,3579.6881885528564
2026-02-13T17:25:21,idle_without_VPN,7.0,27.9,0.0,0.0,0.0,19936.992065864946,0.0,1311.93359375,51.901,51.0,1815.0,99.8,39.359375,3,3419.3253135681152,6.9,106.2265625,28,3549.4944427013397,5.5,81.125,89,3580.7280583381653,4.1,58.97265625,33,3583.2103085517883,2.8,30.390625,14,3580.8156566619873
2026-02-13T17:25:23,idle_without_VPN,6.5,27.9,0.0,48.30771573636541,0.0,4580.2871216702015,1.0,1311.93359375,51.872,51.0,1815.0,100.0,39.35546875,3,3420.4385738372803,16.8,81.2109375,89,3581.841153383255,7.0,106.2265625,28,3550.6122119426727,5.6,30.3515625,13,3581.9303278923035,2.8,8.171875,15,3585.5030510425568
2026-02-13T17:25:24,idle_without_VPN,8.0,27.9,0.0,0.0,0.0,8280.833171914233,1.0,1311.93359375,51.829,51.0,1815.0,98.4,39.35546875,3,3421.546578168869,73.6,81.23046875,89,3582.9453785419464,11.3,106.23046875,28,3551.718661546707,2.8,30.3515625,13,3583.034765481949,2.8,12.0625,4,3571.8148136138916
2026-02-13T17:25:25,idle_without_VPN,6.2,27.8,317.34603925483185,436.3508039753938,0.0,8308.696300490143,1.0,1311.93359375,51.91,51.0,1815.0,99.2,39.35546875,3,3422.6810641288757,8.4,106.23046875,28,3552.833381652832,4.1,30.3828125,14,3584.1701877117157,4.1,70.6328125,22,3543.0328557491302,2.8,4.6640625,397,1770992724.1439424
2026-02-13T17:25:26,idle_without_VPN,6.2,27.8,0.0,0.0,0.0,110900.41640002166,1.0,1311.93359375,51.676,50.0,1815.0,99.7,39.359375,3,3423.8559923171997,49.4,81.3203125,89,3585.2508447170258,15.0,106.0546875,28,3553.9817945957184,6.7,12.3203125,24,3543.621566772461,5.3,30.3515625,13,3585.3399839401245
2026-02-13T17:25:27,idle_without_VPN,11.8,27.9,99.87920292769226,103.32331337347476,0.0,0.0,0.0,1311.93359375,51.724,50.0,1815.0,99.1,39.359375,3,3424.991323709488,34.2,81.3359375,89,3586.39169383049,25.3,13.03515625,32,3588.8280398845673,10.7,106.140625,28,3555.1506452560425,5.5,30.3515625,13,3586.4810903072357
2026-02-13T17:25:28,idle_without_VPN,5.3,27.9,0.0,0.0,0.0,86783.4398479348,1.0,1311.93359375,51.685,50.0,1815.0,100.4,39.359375,3,3426.127464532852,12.4,106.14453125,28,3556.2839562892914,5.5,30.390625,14,3587.6174330711365,5.5,170.86328125,35,3554.7367475032806,4.1,58.97265625,33,3589.9953191280365
2026-02-13T17:25:29,idle_without_VPN,7.8,27.9,305.5422893150068,420.1206478081344,0.0,134216.39472455572,1.0,1311.93359375,51.657,50.0,1815.0,99.0,39.36328125,3,3427.29497218132,85.7,81.37109375,89,3588.6957292556763,13.5,106.1484375,28,3557.442257165909,4.0,30.38671875,13,3588.7833321094513,2.7,58.97265625,33,3591.158763885498
2026-02-13T17:25:31,idle_without_VPN,7.6,27.9,66.96693530756968,47.220274896363236,0.0,50551.450652688494,0.0,1311.93359375,51.766,50.0,1815.0,98.1,39.3515625,3,3428.4411585330963,8.1,106.1796875,28,3558.6062269210815,2.7,58.97265625,33,3592.3175270557404,2.7,30.3828125,14,3589.92640376091,1.4,277.96484375,276,3586.8419184684753
2026-02-13T17:25:32,idle_without_VPN,5.1,27.8,0.0,96.36519419406855,0.0,151214.8350968258,0.0,1311.93359375,51.572,49.0,1815.0,100.4,39.359375,3,3429.5614738464355,26.4,81.5390625,89,3590.9605991840363,13.9,106.1796875,28,3559.7286784648895,2.8,30.3515625,13,3591.0493421554565,1.4,58.97265625,33,3593.4384632110596
2026-02-13T17:25:33,idle_without_VPN,8.9,27.8,0.0,0.0,0.0,41370.85213267734,0.0,1311.93359375,51.603,49.0,1815.0,99.1,39.359375,3,3430.6805725097656,61.2,81.5546875,89,3592.084606409073,14.0,106.17578125,28,3560.847419023514,4.2,58.97265625,33,3594.5585215091705,2.8,30.3515625,13,3592.1737587451935
2026-02-13T17:25:34,idle_without_VPN,6.3,27.8,1163.7114234950122,0.0,0.0,0.0,0.0,1311.93359375,51.661,49.0,1815.0,98.6,38.76953125,3,3431.8059968948364,9.7,106.17578125,28,3561.971113681793,7.0,30.390625,14,3593.2980234622955,6.9,344.91015625,94,3562.8610486984253,4.2,58.97265625,33,3595.68203997612
2026-02-13T17:25:35,idle_without_VPN,6.3,27.8,2490.754550801275,476.53838845344455,0.0,43083.32195980584,0.0,1311.93359375,51.515,49.0,1815.0,101.0,39.359375,3,3432.9350814819336,59.6,81.57421875,89,3594.3362860679626,9.7,106.17578125,28,3563.096459388733,8.2,344.91015625,94,3563.9987802505493,5.5,30.3515625,13,3594.4257464408875
2026-02-13T17:25:36,idle_without_VPN,10.3,27.8,2168.6514058378175,0.0,0.0,17144.77113042689,0.0,1311.93359375,51.5,49.0,1815.0,99.1,39.359375,3,3434.070163488388,29.0,81.59765625,89,3595.4688773155212,23.2,106.18359375,28,3564.23911857605,17.9,344.91015625,94,3565.135586500168,4.1,58.97265625,33,3597.949742794037
2026-02-13T17:25:37,idle_without_VPN,6.1,27.9,631.9833464508934,0.0,0.0,9038.421044213894,1.0,1311.93359375,51.491,49.0,1815.0,99.6,39.359375,3,3435.2152619361877,14.6,344.92578125,95,3566.3133912086487,13.7,106.18359375,28,3565.3778331279755,2.7,58.97265625,33,3599.0904247760773,2.7,30.390625,14,3596.7028844356537
2026-02-13T17:25:39,idle_without_VPN,10.5,27.9,0.0,0.0,78862.3590445096,18072.623947700118,0.0,1311.93359375,51.538,48.0,1815.0,99.3,38.76953125,3,3436.4910175800323,78.5,81.82421875,89,3597.887980222702,20.0,344.93359375,95,3567.56036400795,18.7,106.03515625,28,3566.6294996738434,8.6,250.1953125,52,3579.397096157074
2026-02-13T17:25:40,idle_without_VPN,8.0,27.9,751.8813737019314,587.3282111072326,0.0,206523.50154244204,0.0,1311.93359375,51.506,48.0,1815.0,98.3,39.359375,3,3437.667023420334,22.5,344.93359375,95,3568.73969912529,17.2,106.1953125,28,3567.8122198581696,2.7,30.3515625,13,3599.1505160331726,2.6,58.98046875,33,3601.5237109661102
2026-02-13T17:25:41,idle_without_VPN,6.6,27.9,900.2953512766129,354.10503612363993,0.0,183012.1726320518,0.0,1311.93359375,51.522,48.0,1815.0,98.8,39.3671875,3,3438.8689069747925,50.5,81.82421875,89,3600.2680077552795,17.0,106.2109375,28,3569.006508588791,11.8,344.93359375,95,3569.9341015815735,3.9,59.14453125,33,3602.720399618149
2026-02-13T17:25:42,idle_without_VPN,9.6,27.9,950.1488354831221,357.14814383408134,0.0,34501.858423216916,0.0,1311.93359375,51.483,48.0,1815.0,101.1,39.37109375,3,3440.043534040451,33.2,81.8515625,89,3601.4452011585236,15.8,106.19921875,28,3570.1946923732758,11.7,344.93359375,95,3571.1406672000885,3.9,12.10546875,5,3590.3434920310974
2026-02-13T17:25:44,idle_without_VPN,9.5,28.1,882.1012735029946,564.61027710303,63681.49305111043,49017.99136171,0.0,1311.93359375,51.411,48.0,1815.0,98.5,38.7734375,3,3441.4082074165344,72.1,15.43359375,6,3601.336222887039,21.2,106.2109375,28,3571.446501493454,17.7,246.83984375,79,3602.8559687137604,10.3,42.625,17,3600.3168935775757
2026-02-13T17:25:45,idle_without_VPN,13.2,28.3,644.5038889689869,350.10087795846204,1149210.47199218,230730.9455530545,1.0,1311.93359375,51.32,48.0,1815.0,100.2,39.375,3,3442.7493410110474,65.1,82.04296875,89,3604.1414391994476,51.3,14.89453125,6,3602.6764798164368,22.0,106.21484375,28,3572.865425348282,5.7,244.71875,79,3604.2280735969543
2026-02-13T17:25:46,idle_without_VPN,9.1,28.1,0.0,0.0,153427.73889353703,322602.0088840423,1.0,1311.93359375,51.533,48.0,1815.0,99.5,39.375,3,3443.9263446331024,25.9,106.2265625,28,3574.070962905884,8.0,344.93359375,95,3574.9881870746613,5.3,130.12109375,32,3559.6211845874786,4.0,30.38671875,14,3605.4131441116333
2026-02-13T17:25:47,idle_without_VPN,7.8,28.1,196.66419923204077,494.2035696218956,0.0,208328.42070373424,1.0,1311.93359375,51.361,47.0,1815.0,98.3,39.375,3,3445.10235452652,72.9,82.04296875,89,3606.5028371810913,26.5,106.2265625,28,3575.2511365413666,8.0,30.3515625,13,3606.5919046401978,5.3,323.95703125,35,3500.8550889492035
2026-02-13T17:25:48,idle_without_VPN,10.7,28.1,6522.8799391633775,2120.579712808367,2959940.5476642656,825466.1785943017,0.0,1311.93359375,51.273,47.0,1815.0,99.9,39.375,3,3446.306966781616,26.0,106.23046875,28,3576.454346895218,13.0,82.0625,89,3607.703373193741,7.8,39.6796875,21,3607.695960998535,5.2,58.97265625,33,3610.1694056987762
2026-02-13T17:25:50,idle_without_VPN,6.7,28.1,299.1683092880686,662.0798662937655,27849.84988281657,204957.48898135318,0.0,1311.93359375,51.221,47.0,1815.0,99.0,39.375,3,3447.50603890419,36.9,106.22265625,28,3577.638071537018,20.8,82.15234375,89,3608.9036808013916,4.0,58.97265625,33,3611.349899291992,1.3,113.90625,147,3611.392354488373
2026-02-13T17:25:51,idle_without_VPN,9.8,28.1,0.0,201.53967211807338,27402.7052944607,198669.61338484008,0.0,1311.93359375,51.137,47.0,1815.0,98.6,39.3671875,3,3448.7100954055786,62.7,82.29296875,89,3610.1005918979645,34.6,344.65234375,95,3579.783088207245,33.8,106.203125,28,3578.8386664390564,5.2,30.3515625,14,3610.18944978714
2026-02-13T17:25:52,idle_without_VPN,9.8,28.1,0.0,197.99329841709527,0.0,160681.8310274239,0.0,1311.93359375,51.18,47.0,1815.0,98.7,38.76953125,3,3449.8972709178925,43.4,344.65234375,95,3580.971802711487,14.3,106.0859375,28,3580.0375225543976,5.2,58.97265625,33,3613.7541954517365,2.6,30.3515625,13,3611.3788797855377
2026-02-13T17:25:53,idle_without_VPN,9.7,28.1,0.0,250.88551262112694,0.0,114132.56617402185,0.0,1311.93359375,50.988,47.0,1815.0,100.1,39.37109375,3,3451.0830047130585,68.7,82.29296875,89,3612.4730944633484,30.4,344.65234375,95,3582.152394771576,5.3,30.38671875,14,3612.5621194839478,4.0,58.97265625,33,3614.9359855651855
2026-02-13T17:25:54,idle_without_VPN,10.8,28.1,768.0647254924353,796.3881535474709,0.0,0.0,1.0,1311.93359375,50.964,47.0,1815.0,83.0,39.3671875,3,3452.306495666504,15.4,82.3203125,89,3613.690323114395,5.1,30.390625,14,3613.77769780159,2.6,113.9140625,147,3616.182044029236,2.6,58.98046875,33,3616.139547586441
2026-02-13T17:25:56,idle_without_VPN,6.4,28.1,0.0,195.17502506718856,0.0,278227.26228996995,0.0,1311.93359375,50.794,47.0,1815.0,88.7,39.375,3,3453.522160053253,20.5,82.49609375,89,3614.9090032577515,3.8,58.98046875,33,3617.3694076538086,3.8,30.390625,14,3614.9981801509857,2.5,106.17578125,28,3583.657291650772
2026-02-13T17:25:57,idle_without_VPN,9.8,28.1,41.45376125589665,0.0,0.0,70889.24804848374,0.0,1311.93359375,50.981,48.0,1815.0,100.9,39.375,3,3454.730731010437,61.8,82.51171875,89,3616.122604370117,5.2,59.0703125,33,3618.5706696510315,2.6,30.390625,14,3616.2101061344147,1.3,4.6640625,397,1770992756.1629555
2026-02-13T17:25:58,idle_without_VPN,7.3,28.1,15476.357245970232,5728.224890638371,220864.89752666588,93458.96043348481,0.0,1311.93359375,50.789,48.0,1815.0,98.7,39.375,3,3456.0458750724792,12.1,261.40625,80,3617.4954895973206,9.5,88.8046875,62,3616.095811367035,3.6,30.38671875,14,3617.502701997757,2.5,58.97265625,33,3619.822892665863
2026-02-13T17:26:00,idle_without_VPN,8.6,28.2,251957.97702669073,30671.29883909424,280281.26924473664,929852.0486430114,0.0,1311.93359375,50.818,48.0,1815.0,98.2,39.375,3,3457.3662061691284,75.1,82.53125,89,3618.746551513672,14.0,247.8203125,80,3618.830419063568,9.5,88.94140625,62,3617.417557001114,4.7,30.38671875,14,3618.8332386016846
2026-02-13T17:26:01,idle_without_VPN,8.8,28.2,139453.25228783907,28658.7333115886,1641648.8907334153,1929802.6602801147,0.0,1311.93359375,50.777,48.0,1815.0,100.1,39.37890625,3,3458.80126285553,19.5,249.453125,80,3620.2699790000916,16.3,42.40625,23,3620.1624841690063,15.6,253.26953125,55,3601.718809366226,13.1,89.24609375,63,3618.853893995285
2026-02-13T17:26:02,idle_without_VPN,8.1,28.1,81718.30083486628,17230.209141078252,1682327.2033734259,2867439.164205462,0.0,1311.93359375,50.972,48.0,1815.0,99.5,39.3828125,3,3460.010008573532,60.6,82.62109375,89,3621.3982133865356,4.6,4.6640625,397,1770992761.4449906,3.7,58.97265625,33,3623.856366634369,2.6,30.3515625,13,3621.487176656723
2026-02-13T17:26:03,idle_without_VPN,8.6,28.2,533.7536717616589,1365.3204432234086,13516.259904394155,252162.72384135347,1.0,1311.93359375,50.899,48.0,1815.0,97.9,39.36328125,3,3461.242186307907,21.6,82.890625,89,3622.6294691562653,3.8,248.2890625,80,3622.713807582855,2.6,58.97265625,33,3625.080005645752,2.5,30.3515625,13,3622.717800140381
2026-02-13T17:26:05,idle_without_VPN,5.0,28.1,4238.4678180123565,3480.8205153065496,26439.389579407743,157810.10655208997,0.0,1311.93359375,50.964,48.0,1815.0,100.7,39.375,3,3462.4954149723053,17.5,82.890625,89,3623.8816266059875,5.0,30.38671875,13,3623.969728946686,2.5,58.97265625,33,3626.3240814208984,1.3,4.6640625,397,1770992763.8967738
2026-02-13T17:26:06,idle_without_VPN,8.0,28.1,442.8579849420189,369.71088509522224,13026.544390107789,192548.60926628075,0.0,1311.93359375,51.103,48.0,1815.0,98.3,39.37109375,3,3463.750871181488,61.1,82.91796875,89,3625.1352121829987,5.0,30.38671875,14,3625.223700761795,2.5,58.97265625,33,3627.5784878730774,2.5,324.3671875,35,3519.5180695056915
2026-02-13T17:26:07,idle_without_VPN,5.3,28.1,0.0,230.87597482830083,0.0,62963.28990506513,0.0,1311.93359375,51.033,49.0,1815.0,100.0,39.37890625,3,3465.016702890396,3.7,58.97265625,33,3628.836285829544,3.7,30.3515625,13,3626.479877471924,1.2,4.6640625,397,1770992766.4155874,1.2,278.234375,275,3623.431468963623
2026-02-13T17:26:08,idle_without_VPN,6.0,28.2,4946.206419212752,4479.1312367689325,0.0,340522.5589941181,1.0,1311.93359375,50.979,49.0,1815.0,99.3,38.76953125,3,3466.2441444396973,78.3,83.09375,89,3627.6285378932953,5.0,30.3515625,13,3627.717390060425,3.8,278.2578125,275,3624.6569771766663,3.8,26.6875,9,3613.318997144699
2026-02-13T17:26:10,idle_without_VPN,7.5,28.1,468.9928996445829,439.57871081669964,0.0,53965.23176955646,1.0,1311.93359375,51.118,49.0,1815.0,98.3,39.37890625,3,3467.484261035919,6.3,30.390625,14,3628.959995985031,2.5,83.12109375,89,3628.871781349182,2.5,130.1484375,32,3583.197326183319,2.5,184.17578125,107,3603.553163766861
2026-02-13T17:26:11,idle_without_VPN,5.2,28.1,1302.403067716567,2814.4809327125813,0.0,72670.05897094445,1.0,1311.93359375,51.242,49.0,1815.0,99.4,39.37890625,3,3468.7105441093445,35.8,83.234375,89,3630.0946033000946,5.1,30.38671875,14,3630.183254003525,2.5,59.14453125,33,3632.5506591796875,1.3,106.16796875,28,3598.835564851761
2026-02-13T17:26:12,idle_without_VPN,8.9,28.1,41.063348106190695,238.98868597802985,0.0,55924.99505278323,1.0,1311.93359375,51.227,49.0,1815.0,99.4,38.7734375,3,3469.9523165225983,45.3,83.25390625,89,3631.3399310112,7.5,30.3515625,13,3631.42631649971,3.8,4.6640625,397,1770992771.3490965,2.6,59.14453125,33,3633.772456407547
2026-02-13T17:26:13,idle_without_VPN,4.9,28.1,1652.4905208097305,1574.2146540345327,0.0,52221.863118871326,0.0,1311.93359375,51.172,49.0,1815.0,99.2,39.37890625,3,3471.1806933879852,4.9,4.6640625,397,1770992772.6160197,2.5,113.9140625,147,3635.073873758316,2.5,30.38671875,14,3632.660234451294,1.3,83.25390625,89,3632.5713934898376
2026-02-13T17:26:15,idle_without_VPN,7.0,28.1,236.8246413385747,1155.039478809189,0.0,52756.22045369625,0.0,1311.93359375,51.169,49.0,1815.0,100.5,39.38671875,3,3472.393090248108,82.8,83.359375,89,3633.7797491550446,5.2,30.3515625,14,3633.8680052757263,2.6,4.6640625,397,1770992773.8169668,2.6,246.81640625,80,3633.862774372101
2026-02-13T17:26:16,idle_without_VPN,6.8,28.1,1546.065866012989,856.1063503703475,0.0,46514.56606524626,0.0,1311.93359375,51.237,49.0,1815.0,100.3,39.38671875,3,3473.6231224536896,5.1,30.38671875,14,3635.099247932434,3.8,4.6640625,397,1770992775.040444,3.8,59.14453125,33,3637.458485841751,2.6,324.28515625,35,3529.373062133789
2026-02-13T17:26:17,idle_without_VPN,5.2,28.1,181.29754483686764,53.89927008663632,0.0,44321.533123362526,0.0,1311.93359375,51.073,49.0,1815.0,98.5,39.38671875,3,3474.844758749008,47.2,83.359375,89,3636.236385345459,5.1,30.390625,14,3636.325085878372,3.8,59.14453125,33,3638.6827976703644,2.6,4.6640625,397,1770992776.2640414
2026-02-13T17:26:18,idle_without_VPN,8.7,28.1,89.51843334111378,53.71106000466826,0.0,56666.79591280395,0.0,1311.93359375,51.176,50.0,1815.0,99.0,39.38671875,3,3476.059484243393,34.7,83.390625,89,3637.4513540267944,5.2,30.38671875,14,3637.5373961925507,5.1,4.6640625,397,1770992777.4920008,3.8,59.14453125,33,3639.9173061847687
2026-02-13T17:26:19,idle_without_VPN,5.3,28.1,296.7138411619939,89.01415234859817,0.0,10971.818482079063,0.0,1311.93359375,51.295,50.0,1815.0,98.8,39.38671875,3,3477.3086161613464,3.9,4.6640625,397,1770992778.7058227,3.8,83.5625,89,3638.6985898017883,2.5,30.3515625,13,3638.7868897914886,1.3,113.9140625,147,3641.1649074554443
2026-02-13T17:26:21,idle_without_VPN,6.9,28.1,4850.446400869582,4407.465036301108,0.0,40457.36830134563,1.0,1311.93359375,51.21,50.0,1815.0,100.0,39.390625,3,3478.542669773102,77.7,83.671875,89,3639.924651861191,6.4,30.38671875,14,3640.0129973888397,1.3,59.14453125,33,3642.374320745468,1.3,23.28125,5,3638.96609210968
2026-02-13T17:26:22,idle_without_VPN,6.1,28.1,52.82859641201349,182.49878760513752,0.0,8606.25861548438,0.0,1311.93359375,51.237,50.0,1815.0,99.1,39.38671875,3,3479.819577932358,1.2,19.48828125,9,3643.848974466324,1.2,106.2421875,28,3609.919504880905,1.2,59.14453125,33,3643.6396918296814,1.2,30.3515625,13,3641.2938182353973
2026-02-13T17:26:23,idle_without_VPN,5.1,28.1,111.33586692488291,137.3931974817704,0.0,7681.385201739439,0.0,1303.69921875,51.14,50.0,1815.0,100.1,38.7734375,3,3481.0522418022156,63.1,83.671875,89,3642.444123983383,8.8,30.390625,14,3642.5327656269073,5.0,58.84765625,33,3644.8912580013275,2.5,252.87109375,79,3642.5303671360016
2026-02-13T17:26:25,idle_without_VPN,10.7,28.0,539.0130636307047,413.92564380079426,196015.77740134316,2310269.1229560287,0.0,1311.93359375,51.361,50.0,1815.0,100.1,38.7734375,3,3482.7846841812134,28.2,252.01953125,86,3644.2460594177246,27.2,4.6640625,403,1770992783.8167486,13.9,40.2734375,5,3642.6853647232056,13.6,83.6875,89,3644.163405418396
2026-02-13T17:26:26,idle_without_VPN,14.7,28.3,40015.84861183745,15380.304812895823,2427009.321393438,30926511.822882853,0.0,1311.93359375,51.205,50.0,1815.0,99.9,39.390625,3,3484.066927909851,61.8,83.6875,89,3645.451715707779,9.4,4.66796875,404,1770992785.4504755,4.8,30.38671875,14,3645.538052558899,3.4,33.78515625,12,3648.807951450348
2026-02-13T17:26:28,idle_without_VPN,8.2,28.3,38.96544849473651,42.082684374315434,0.0,141647.1983680662,0.0,1311.93359375,51.196,50.0,1815.0,98.5,39.37890625,2,3485.3513526916504,17.0,83.7109375,89,3646.736485481262,4.9,30.38671875,14,3646.8222556114197,2.4,209.72265625,86,3646.8191151618958,1.2,4.66796875,404,1770992786.7327592
2026-02-13T17:26:29,idle_without_VPN,5.7,28.3,0.0,0.0,63766.42005799522,241515.3159696569,4.0,1311.93359375,51.237,50.0,1815.0,98.9,39.37890625,2,3486.6472125053406,26.7,83.796875,89,3648.0256192684174,6.1,59.42578125,33,3650.445236682892,3.6,30.3515625,13,3648.1117928028107,2.4,4.66796875,404,1770992788.018084
2026-02-13T17:26:30,idle_without_VPN,7.8,28.3,267.59341251084993,408.99220434896955,0.0,48264.12094741148,1.0,1311.93359375,51.312,51.0,1815.0,99.8,38.7578125,2,3487.946685552597,50.3,83.81640625,89,3649.3308897018433,3.6,30.3515625,14,3649.4165132045746,2.4,92.265625,116,3606.2537355422974,1.2,4.66796875,404,1770992789.3333864
2026-02-13T17:26:31,idle_without_VPN,4.8,28.2,51.68289252666488,145.65178802969194,51319.54613071984,458668.4435433086,1.0,1311.93359375,51.305,51.0,1815.0,100.5,39.37890625,2,3489.222103834152,4.9,30.3515625,13,3650.687573194504,2.5,184.1640625,107,3625.308680295944,1.2,113.953125,148,3653.0704624652863,1.2,106.125,28,3619.318485736847
2026-02-13T17:26:33,idle_without_VPN,7.0,28.3,0.0,42.486043101986425,25781.160377146134,175634.15506930804,1.0,1311.93359375,51.2,51.0,1815.0,100.0,39.3828125,2,3490.502720594406,77.2,83.9296875,89,3651.878588914871,4.9,30.3515625,13,3651.964810371399,2.5,4.66796875,404,1770992791.8827827,2.4,58.9765625,33,3654.313684463501
2026-02-13T17:26:34,idle_without_VPN,6.4,28.3,282.42266504520495,890.7176359118002,0.0,9534.092604602964,4.0,1311.93359375,51.282,51.0,1815.0,100.2,39.3828125,2,3491.782245159149,3.7,30.3515625,13,3653.244181871414,2.5,58.9765625,33,3655.5861122608185,2.4,113.9453125,148,3655.6296467781067,1.2,106.38671875,28,3621.872611284256
2026-02-13T17:26:35,idle_without_VPN,5.4,28.3,274.9482297028523,754.5454258322594,0.0,332337.42382992036,0.0,1311.93359375,51.297,51.0,1815.0,99.4,39.37890625,2,3493.070713996887,60.3,84.015625,89,3654.4535822868347,4.8,30.3515625,13,3654.53858089447,2.4,58.9765625,33,3656.8845319747925,1.2,4.66796875,404,1770992794.4512444
2026-02-13T17:26:36,idle_without_VPN,8.1,28.2,0.0,0.0,0.0,158280.67287046605,0.0,1311.93359375,51.351,51.0,1815.0,99.4,39.37890625,2,3494.3276312351227,17.4,84.03125,89,3655.713424682617,6.2,58.9765625,33,3658.1473886966705,6.1,4.66796875,404,1770992795.7308497,5.0,30.3515625,13,3655.799132347107
2026-02-13T17:26:38,idle_without_VPN,5.0,28.2,1315.536861498724,190.18859245422465,0.0,67476.70294276359,0.0,1311.93359375,51.221,51.0,1815.0,98.2,39.37890625,2,3495.616037607193,24.4,84.03125,89,3656.993360519409,6.1,30.3515625,13,3657.0792541503906,2.5,113.9453125,148,3659.4558420181274,2.4,12.10546875,5,3645.924509525299
2026-02-13T17:26:39,idle_without_VPN,8.4,28.2,2240.934701747691,75.2929220885092,0.0,5166.491643516672,1.0,1311.93359375,51.413,51.0,1815.0,99.5,39.3828125,2,3496.918803691864,52.5,84.05859375,89,3658.302531003952,7.3,58.9765625,33,3660.7110557556152,7.2,30.38671875,14,3658.387439727783,1.2,12.83203125,32,3660.6834025382996
2026-02-13T17:26:40,idle_without_VPN,5.2,28.2,2191.8670990330957,370.93135522098544,0.0,33745.556679938905,0.0,1311.93359375,51.388,51.0,1815.0,100.1,39.3828125,2,3498.1837804317474,3.7,30.3515625,13,3659.65429520607,1.2,8.18359375,15,3663.1773126125336,1.2,106.3515625,28,3628.2972683906555,1.2,7.7578125,8,3662.0451650619507
2026-02-13T17:26:42,idle_without_VPN,7.3,28.2,39.72386621395728,0.0,0.0,275791.68044096546,0.0,1311.93359375,51.206,51.0,1815.0,100.1,39.37890625,2,3499.448864221573,79.3,84.28515625,89,3660.8302829265594,3.7,59.1484375,33,3663.2693536281586,3.7,30.3515625,13,3660.9164776802063,2.5,106.35546875,28,3629.555067062378
2026-02-13T17:26:43,idle_without_VPN,6.8,28.2,0.0,232.66644327432994,0.0,765631.9157337028,0.0,1311.93359375,51.46,52.0,1815.0,99.8,39.37890625,2,3500.716613292694,7.4,30.390625,13,3662.1857631206512,3.7,59.1484375,33,3664.531900882721,2.5,4.66796875,404,1770992802.1144233,2.5,324.69140625,35,3556.4989371299744
2026-02-13T17:26:44,idle_without_VPN,5.3,28.2,0.0,0.0,19413.594083667802,9706.797041833901,4.0,1311.93359375,51.309,52.0,1815.0,100.0,39.37890625,2,3502.0297849178314,56.2,84.375,89,3663.406457424164,6.0,227.43359375,86,3663.4890151023865,4.8,30.3515625,13,3663.491626739502,3.7,58.9765625,33,3665.811619281769
2026-02-13T17:26:45,idle_without_VPN,9.3,28.2,5436.601843138475,1511.6926000421515,0.0,237428.7889115649,0.0,1311.93359375,51.517,52.0,1815.0,99.6,39.375,2,3503.283528327942,21.0,84.3984375,89,3664.672084569931,4.9,30.3515625,13,3664.7581939697266,4.8,106.01171875,28,3633.3988919258118,3.6,19.28125,12,3667.3276336193085
2026-02-13T17:26:47,idle_without_VPN,4.9,28.1,0.0,0.0,0.0,141591.1378021857,1.0,1311.93359375,51.289,52.0,1815.0,98.7,38.76171875,2,3504.5180144309998,19.0,84.484375,89,3665.9084601402283,3.8,30.38671875,14,3665.994571685791,1.3,8.0390625,14,3670.857439994812,1.3,106.1796875,28,3634.6402881145477
2026-02-13T17:26:48,idle_without_VPN,7.7,28.1,0.0,0.0,0.0,61883.76415329949,1.0,1311.93359375,51.519,52.0,1815.0,99.2,39.375,2,3505.746488571167,62.5,84.51171875,89,3667.133163690567,7.7,30.390625,14,3667.218299150467,5.1,58.9765625,33,3669.5740270614624,2.6,106.2109375,28,3635.8597943782806
2026-02-13T17:26:49,idle_without_VPN,5.8,28.1,528.8062300601941,183.79240922823823,0.0,16096.34573451518,0.0,1311.93359375,51.548,52.0,1815.0,98.3,39.3671875,2,3506.9865148067474,5.0,58.9765625,33,3670.8154084682465,3.8,106.21875,28,3637.102765083313,3.8,30.3515625,13,3668.462609052658,2.5,278.55078125,276,3665.400805711746
2026-02-13T17:26:50,idle_without_VPN,6.7,28.1,580.047398352397,428.5181622659562,0.0,73411.8415173191,0.0,1311.93359375,51.468,52.0,1815.0,98.3,39.37109375,2,3508.2106375694275,75.8,84.75,89,3669.5924999713898,3.8,106.23828125,28,3638.3267590999603,2.6,58.9765625,33,3672.0413649082184,2.6,30.3515625,13,3669.6791195869446
2026-02-13T17:26:52,idle_without_VPN,7.5,28.1,0.0,0.0,0.0,19105.456658994255,0.0,1311.93359375,51.531,52.0,1815.0,100.8,38.7578125,2,3509.4500601291656,7.5,30.3515625,13,3670.9239876270294,6.3,84.859375,89,3670.837921142578,3.8,106.23828125,28,3639.5575103759766,1.3,240.8125,154,3669.05881023407
2026-02-13T17:26:53,idle_without_VPN,5.1,28.1,0.0,43.642696742662096,0.0,41379.74209674628,0.0,1311.93359375,53.516,52.0,1815.0,99.0,39.37890625,3,3510.6814544200897,32.9,84.859375,89,3672.072591304779,5.0,106.26171875,28,3640.7983095645905,3.8,30.390625,14,3672.1593284606934,3.8,12.10546875,5,3660.973140478134
2026-02-13T17:26:54,idle_without_VPN,8.7,28.1,0.0,0.0,26869.44417558721,88165.36370114554,1.0,1311.93359375,51.905,52.0,1815.0,99.9,39.37890625,3,3511.948275089264,48.2,84.87890625,89,3673.3357985019684,6.4,58.9375,33,3675.730920791626,3.7,30.3515625,13,3673.4214560985565,3.7,135.015625,61,30.686158180236816
2026-02-13T17:26:55,idle_without_VPN,6.0,28.1,26608.99958939731,18861.073589661177,0.0,260674.28642526042,0.0,1311.93359375,51.889,52.0,1815.0,99.0,39.375,3,3513.1952872276306,6.0,106.21875,28,3643.3117270469666,4.8,59.1484375,33,3677.0271441936493,3.8,30.38671875,14,3674.6678953170776,1.3,278.59765625,276,3671.616911649704
2026-02-13T17:26:57,idle_without_VPN,9.1,28.1,40.59692709150004,0.0,0.0,110995.24642232843,1.0,1311.93359375,51.858,52.0,1815.0,100.3,39.375,3,3514.4103899002075,82.0,84.98828125,89,3675.8009991645813,5.1,30.3515625,13,3675.887228012085,3.8,106.2265625,28,3644.5354561805725,3.8,58.9765625,33,3678.2471096515656
2026-02-13T17:26:58,idle_without_VPN,7.2,28.1,0.0,0.0,0.0,59890.35020758362,0.0,1311.93359375,51.827,52.0,1815.0,99.5,39.375,3,3515.6348650455475,6.4,30.3515625,13,3677.105450153351,5.2,106.0625,28,3645.7486157417297,2.6,105.3203125,17,3636.3615589141846,2.6,12.10546875,5,3665.9350395202637
2026-02-13T17:26:59,idle_without_VPN,5.7,28.1,0.0,0.0,0.0,404493.1440365598,0.0,1311.93359375,51.87,51.0,1815.0,101.0,39.3828125,3,3516.8723492622375,46.8,85.078125,89,3678.255664587021,7.6,106.15234375,28,3646.978906393051,6.3,30.3515625,13,3678.33900308609,5.1,58.9765625,33,3680.698441505432
2026-02-13T17:27:00,idle_without_VPN,8.5,28.1,508.31580251648745,561.1806459782022,0.0,27066.799852397922,0.0,1311.93359375,51.774,51.0,1815.0,100.0,39.3828125,3,3518.122727870941,33.8,85.09375,89,3679.5022416114807,17.5,109.98046875,63,3678.1746158599854,2.5,106.15234375,28,3648.2140352725983,2.5,58.9765625,33,3681.927431821823
2026-02-13T17:27:02,idle_without_VPN,6.5,28.1,61.18360521208263,43.14228572646852,271492.05086108134,59037.47259848958,4.0,1311.93359375,51.821,51.0,1815.0,96.7,39.3828125,3,3519.3832540512085,7.4,85.09375,89,3680.7703833580017,7.4,83.08203125,63,3679.436070203781,4.9,106.20703125,28,3649.492642879486,4.9,58.9765625,33,3683.2056250572205
2026-02-13T17:27:03,idle_without_VPN,7.4,28.1,0.0,0.0,0.0,39299.680679067125,0.0,1311.93359375,51.716,51.0,1815.0,98.5,39.3828125,3,3520.652477502823,71.7,85.1328125,89,3682.0337524414062,8.7,106.21484375,28,3650.757426738739,6.2,30.3515625,13,3682.1175491809845,2.5,58.9765625,33,3684.4720742702484
2026-02-13T17:27:04,idle_without_VPN,6.5,28.1,101.06667717208838,43.3142902166093,0.0,0.0,1.0,1311.93359375,51.781,51.0,1815.0,99.7,39.37890625,3,3521.875393629074,3.8,106.21875,28,3651.9954178333282,3.8,30.390625,14,3683.351378440857,2.5,58.9765625,33,3685.7091686725616,1.3,4.66796875,404,1770992823.2920232
2026-02-13T17:27:05,idle_without_VPN,6.0,28.1,359.05617060465744,511.5320786696489,0.0,185095.91523554065,1.0,1311.93359375,51.491,50.0,1815.0,98.0,39.37890625,3,3523.087091445923,64.5,85.296875,89,3684.4757165908813,7.7,106.23046875,28,3653.2138159275055,5.2,30.3828125,14,3684.5598242282867,2.6,226.29296875,86,3684.557298898697
2026-02-13T17:27:06,idle_without_VPN,8.7,28.1,0.0,0.0,0.0,21241.040594385715,0.0,1311.93359375,51.66,50.0,1815.0,98.8,39.375,3,3524.289375066757,14.3,85.27734375,88,3685.6790103912354,5.2,106.0703125,28,3654.4191513061523,3.9,113.921875,148,3688.175201892853,3.9,58.9765625,33,3688.134857416153
2026-02-13T17:27:08,idle_without_VPN,5.2,28.1,0.0,0.0,0.0,15280.070815000634,0.0,1311.93359375,51.625,50.0,1815.0,98.9,39.375,3,3525.5058670043945,18.0,85.3125,89,3686.8950634002686,7.8,106.19140625,28,3655.626962661743,5.1,30.3515625,14,3686.981155395508,2.6,58.9765625,33,3689.3379969596863
2026-02-13T17:27:09,idle_without_VPN,8.4,28.1,0.0,0.0,0.0,7634.619716607394,0.0,1311.93359375,51.667,50.0,1815.0,100.2,38.76953125,3,3526.7072508335114,63.7,85.3359375,89,3688.097813606262,9.1,106.2421875,28,3656.832781791687,6.5,30.3515625,13,3688.1842107772827,3.9,77.83984375,68,3686.769248485565
2026-02-13T17:27:10,idle_without_VPN,6.5,28.1,291.2031476239664,400.4043279829538,0.0,7624.227865063847,0.0,1311.93359375,51.54,50.0,1815.0,100.7,39.375,3,3527.91690826416,10.4,106.10546875,28,3658.039230823517,3.9,59.1484375,33,3691.753536462784,2.6,4.66796875,404,1770992829.3392966,2.6,30.390625,14,3689.3882908821106
2026-02-13T17:27:11,idle_without_VPN,6.2,28.1,119.83725714285714,91.5423492063492,0.0,4260.880253968254,0.0,1311.93359375,51.512,50.0,1815.0,99.7,39.375,3,3529.1080870628357,69.3,85.421875,89,3690.497412443161,14.3,106.2421875,28,3659.2397372722626,2.6,58.9765625,33,3692.956247806549,1.3,30.390625,14,3690.5834748744965
2026-02-13T17:27:12,idle_without_VPN,7.9,28.1,86.85309877167332,0.0,0.0,62427.33499403966,0.0,1311.93359375,51.821,49.0,1815.0,99.1,39.375,3,3530.3216741085052,14.3,106.2734375,28,3660.442410469055,14.2,85.453125,89,3691.7082889080048,6.4,30.38671875,14,3691.7951447963715,2.6,58.9765625,33,3694.1546533107758
2026-02-13T17:27:14,idle_without_VPN,5.1,28.1,250.9252576076948,250.9252576076948,0.0,69730.80842992781,1.0,1311.93359375,51.64,49.0,1815.0,99.8,39.375,3,3531.526841402054,19.4,85.75,89,3692.9166452884674,10.4,106.2734375,28,3661.647358417511,5.2,30.3515625,13,3693.002856731415,5.1,25.5,12,3678.6105704307556
2026-02-13T17:27:15,idle_without_VPN,8.8,28.1,289.7240073180874,334.17030389529396,0.0,26970.671226701954,1.0,1311.93359375,51.671,49.0,1815.0,99.0,39.37890625,3,3532.757243156433,62.6,85.765625,89,3694.1389560699463,11.5,106.2734375,28,3662.8672456741333,5.1,30.390625,14,3694.225140094757,3.8,58.9765625,33,3696.5825231075287
2026-02-13T17:27:16,idle_without_VPN,6.1,28.1,180.45618111055683,302.3860332122844,0.0,136093.22372186425,1.0,1311.93359375,51.554,49.0,1815.0,100.7,39.37890625,3,3533.982753276825,11.4,106.28515625,28,3664.097535133362,3.8,30.390625,14,3695.4573085308075,2.6,278.70703125,276,3692.3956174850464,2.6,324.8984375,35,3589.7454442977905
2026-02-13T17:27:17,idle_without_VPN,6.6,28.1,0.0,44.36144526397805,0.0,34910.814406259466,1.0,1311.93359375,51.493,49.0,1815.0,100.2,39.37890625,3,3535.183614015579,75.3,85.765625,89,3696.575586080551,12.9,106.29296875,28,3665.311184644699,5.2,30.390625,14,3696.6626727581024,3.9,58.9765625,33,3699.027468442917
2026-02-13T17:27:19,idle_without_VPN,8.6,28.1,0.0,0.0,0.0,6384.09773704432,0.0,1311.93359375,51.385,48.0,1815.0,99.8,38.7734375,3,3536.389640569687,16.9,106.29296875,28,3666.5164890289307,7.8,85.7890625,89,3697.776880264282,3.9,58.9765625,33,3700.229465484619,3.9,30.3515625,13,3697.857687473297
2026-02-13T17:27:20,idle_without_VPN,5.9,28.1,0.0,0.0,67980.50149257512,164427.83798516606,0.0,1311.93359375,51.334,48.0,1815.0,99.5,39.37890625,3,3537.598954439163,25.9,85.875,89,3698.9847559928894,9.0,106.296875,28,3667.726404428482,5.2,58.9765625,33,3701.4387550354004,3.9,30.3515625,13,3699.0690019130707
2026-02-13T17:27:21,idle_without_VPN,8.5,28.1,293.6129244216617,403.7177710797849,0.0,8541.466892266522,0.0,1311.93359375,51.397,48.0,1815.0,99.8,39.375,3,3538.788981437683,57.5,85.8984375,89,3700.1796338558197,11.8,106.296875,28,3668.9164719581604,10.5,344.93359375,95,3669.8752892017365,5.2,4.66796875,404,1770992840.218598
2026-02-13T17:27:22,idle_without_VPN,6.3,28.1,604.772005817262,480.6737830093423,0.0,22873.784427955758,1.0,1311.93359375,51.46,48.0,1815.0,100.8,39.37890625,3,3540.0132536888123,18.0,106.30078125,28,3670.1302921772003,12.8,344.93359375,95,3671.097603559494,5.1,30.3515625,13,3701.4882094860077,2.6,26.69921875,9,3687.0924487113953
2026-02-13T17:27:23,idle_without_VPN,8.0,28.1,0.0,595.5890970304426,26993.448867902553,83932.7550736345,1.0,1311.93359375,51.421,48.0,1815.0,98.7,39.375,3,3541.2159943580627,76.7,85.984375,89,3702.604063272476,14.2,106.2734375,28,3671.3411390781403,6.5,58.984375,33,3705.054145336151,6.5,344.65234375,95,3672.305569410324
2026-02-13T17:27:25,idle_without_VPN,9.6,28.1,854.6861956968106,641.8301870356775,0.0,65556.38850657674,0.0,1311.93359375,51.37,48.0,1815.0,99.8,38.76953125,3,3542.4372215270996,24.2,106.1796875,28,3672.5672340393066,21.6,344.65234375,95,3673.53311753273,7.6,58.41015625,33,3706.282220840454,6.4,86.28125,89,3703.82347035408
2026-02-13T17:27:26,idle_without_VPN,7.0,28.1,25772.62916927225,24985.520709142576,0.0,108483.57527457055,0.0,1311.93359375,51.482,48.0,1815.0,98.2,39.375,3,3543.6467609405518,29.6,86.3671875,89,3705.03772854805,18.3,344.65234375,95,3674.7312726974487,14.2,106.2109375,28,3673.775221824646,5.1,30.38671875,14,3705.124251842499
2026-02-13T17:27:27,idle_without_VPN,9.6,28.1,41.771309791186475,201.3377131935188,0.0,11976.669943328985,0.0,1311.93359375,51.42,48.0,1815.0,100.6,39.375,3,3544.842941761017,53.6,86.3828125,89,3706.2323088645935,17.0,106.2734375,28,3674.9693472385406,14.3,344.65234375,95,3675.934807062149,6.5,30.3515625,14,3706.3186173439026
2026-02-13T17:27:28,idle_without_VPN,6.7,28.1,0.0,44.901304223361834,0.0,77057.29009235904,0.0,1311.93359375,51.295,47.0,1815.0,99.8,39.375,3,3546.049355983734,22.0,106.27734375,28,3676.1738560199738,18.3,344.65234375,95,3677.132224082947,3.9,30.3515625,13,3707.516941308975,2.6,154.49609375,25,3600.819303750992
2026-02-13T17:27:29,idle_without_VPN,7.6,28.1,11484.60689744082,4249.503592033995,0.0,15710.889158370805,0.0,1311.93359375,51.073,47.0,1815.0,99.9,39.375,3,3547.252979516983,80.1,86.3828125,89,3708.6388895511627,23.3,106.0859375,28,3677.3819663524628,11.7,344.65234375,95,3678.337398290634,2.6,59.1484375,33,3711.0960528850555
2026-02-13T17:27:31,idle_without_VPN,8.8,28.1,5099.302807059981,2146.639318648749,0.0,25845.736006182622,1.0,1311.93359375,51.364,47.0,1815.0,98.8,39.37890625,3,3548.4708404541016,18.1,106.23046875,28,3678.5892963409424,16.6,344.65234375,95,3679.5622494220734,3.8,30.3515625,13,3709.946562767029,3.8,232.7421875,25,3603.2413334846497
2026-02-13T17:27:32,idle_without_VPN,6.9,28.1,5470.138728079277,1601.1363734245856,13452.82991907098,320345.5124478777,1.0,1311.93359375,51.264,47.0,1815.0,97.6,39.37109375,3,3549.7041730880737,34.4,86.5859375,89,3711.0884976387024,19.1,106.2421875,28,3679.813605070114,6.4,344.65234375,95,3680.786488056183,5.1,4.66796875,404,1770992851.108406
2026-02-13T17:27:33,idle_without_VPN,9.9,28.1,3606.4180331299854,659.185265915803,0.0,42447.95478074833,0.0,1311.93359375,51.096,47.0,1815.0,100.1,39.3828125,3,3550.9370381832123,50.5,86.62109375,89,3712.3259015083313,21.6,106.2421875,28,3681.0436460971832,10.1,344.65234375,95,3682.0288248062134,6.3,30.390625,14,3712.4120194911957
2026-02-13T17:27:34,idle_without_VPN,5.9,28.1,0.0,194.78850061992253,0.0,19035.928492117906,0.0,1311.93359375,50.926,47.0,1815.0,99.0,39.3828125,3,3552.1679911613464,21.5,106.28515625,28,3682.2796256542206,2.5,58.9765625,33,3715.994936943054,2.5,30.38671875,14,3713.6383118629456,1.3,4.66796875,404,1770992853.5754852
2026-02-13T17:27:36,idle_without_VPN,7.6,28.1,282.2890206522535,388.1474033968486,0.0,179843.7687937266,0.0,1311.93359375,50.972,47.0,1815.0,99.6,39.3828125,3,3553.407202243805,80.6,86.6484375,89,3714.792685031891,20.1,106.28515625,28,3683.5240755081177,6.3,344.65234375,95,3684.5081849098206,2.5,58.9765625,33,3717.237032175064
2026-02-13T17:27:37,idle_without_VPN,8.1,28.1,720.8400505489072,398.40150775853283,0.0,16963.984687357242,5.0,1311.93359375,51.188,48.0,1815.0,98.1,39.3828125,3,3554.6656670570374,23.9,106.28515625,28,3684.766280889511,10.0,344.96484375,95,3685.7587509155273,3.8,59.1484375,33,3718.4797773361206,3.8,124.984375,99,3610.76136302948
2026-02-13T17:27:38,idle_without_VPN,7.1,28.1,62607.07335491326,7945.544779877102,0.0,13146.81939744561,1.0,1311.93359375,50.891,48.0,1815.0,99.6,39.3828125,3,3555.8890607357025,48.3,86.82421875,89,3717.2783818244934,27.7,106.30078125,28,3686.0066022872925,6.3,30.3515625,13,3717.365316390991,5.1,344.96875,95,3686.977125644684
2026-02-13T17:27:39,idle_without_VPN,10.2,28.1,0.0,0.0,13490.098038738392,62391.70342916506,1.0,1311.93359375,51.042,48.0,1815.0,100.1,39.3828125,3,3557.1703474521637,34.5,344.96875,95,3688.289977312088,33.3,86.84765625,89,3718.4966683387756,23.7,155.96484375,25,3611.983435153961,20.5,106.3125,28,3687.2258656024933
2026-02-13T17:27:41,idle_without_VPN,10.4,28.1,7946.179199399466,4359.850534183778,0.0,126594.45297176289,1.0,1311.93359375,51.083,48.0,1815.0,97.7,39.3828125,3,3558.4329628944397,32.9,344.92578125,95,3689.5266737937927,9.4,86.93359375,89,3719.8202998638153,3.5,58.9765625,33,3722.262809753418,3.5,30.390625,13,3719.906774997711
2026-02-13T17:27:42,idle_without_VPN,10.6,28.1,3203.024825621826,412.4066299083896,0.0,15732.908610779665,0.0,1311.93359375,51.201,48.0,1815.0,98.3,38.77734375,3,3559.657047510147,62.5,86.94921875,89,3721.0447251796722,6.4,58.9765625,33,3723.49098777771,5.1,30.3515625,13,3721.1311910152435,5.1,344.92578125,95,3690.7462623119354
2026-02-13T17:27:43,idle_without_VPN,8.8,28.1,3534.0953676498048,903.4155606797109,0.0,30129.32335947601,0.0,1311.93359375,50.932,48.0,1815.0,100.0,39.3828125,3,3560.891293287277,3.8,154.5546875,25,3615.658468723297,2.6,4.66796875,404,1770992862.2880998,2.5,30.3515625,13,3722.3663868904114,2.5,92.265625,116,3679.1983695030212
2026-02-13T17:27:44,idle_without_VPN,7.9,28.0,1899.2630562984443,215.62269439837223,0.0,83421.66438317776,0.0,1311.93359375,51.037,48.0,1815.0,99.4,39.375,3,3562.101335287094,49.1,86.94921875,89,3723.489391565323,3.9,30.3515625,13,3723.575383901596,2.6,58.9765625,33,3725.9328887462616,1.3,23.25,5,3722.533351659775
2026-02-13T17:27:45,idle_without_VPN,8.9,28.1,334.8481657149835,536.9117139912667,0.0,69674.81044236898,0.0,1311.93359375,51.175,48.0,1815.0,99.2,39.38671875,3,3563.314663171768,12.9,86.99609375,89,3724.7051537036896,3.9,30.3515625,13,3724.7917890548706,2.6,4.66796875,404,1770992864.73252,2.5,124.984375,99,3619.4119288921356
2026-02-13T17:27:47,idle_without_VPN,7.7,28.1,242.8645323246311,287.0217200200186,0.0,10048.213377794838,0.0,1311.93359375,51.186,49.0,1815.0,98.3,39.38671875,3,3564.5391416549683,19.2,87.40234375,89,3725.9235322475433,3.8,4.66796875,404,1770992865.9549701,3.8,58.9765625,33,3728.37300491333,2.6,113.9296875,148,3728.4132359027863
2026-02-13T17:27:48,idle_without_VPN,8.0,28.0,0.0,75.6768524627201,0.0,259012.2532984925,0.0,1311.93359375,51.083,49.0,1815.0,98.9,39.38671875,3,3565.755695104599,62.8,87.41796875,89,3727.143357038498,5.1,30.3515625,13,3727.2279891967773,1.3,8.17578125,15,3730.758471727371,1.3,106.33984375,28,3695.8731112480164
2026-02-13T17:27:49,idle_without_VPN,5.2,28.0,0.0,44.02749740491492,0.0,10018.701631696194,1.0,1311.93359375,51.232,49.0,1815.0,100.2,38.78125,3,3566.971934080124,3.8,4.66796875,404,1770992868.397595,2.6,58.9765625,33,3730.8091180324554,2.6,30.3515625,13,3728.447411775589,1.3,130.265625,32,3682.687267780304
2026-02-13T17:27:50,idle_without_VPN,7.1,28.0,291.70935423225984,505.5190513684048,0.0,0.0,0.0,1311.93359375,51.17,49.0,1815.0,100.6,39.3828125,3,3568.1838195323944,72.3,87.41796875,89,3729.5702316761017,6.5,30.3515625,13,3729.657041788101,2.6,58.9765625,33,3732.022563934326,2.6,184.1328125,105,3704.2560164928436
2026-02-13T17:27:52,idle_without_VPN,8.0,28.1,0.0,2470.635939231895,0.0,23891.0004143617,0.0,1311.93359375,51.238,49.0,1815.0,99.4,39.37890625,3,3569.424726963043,10.1,87.44140625,89,3730.8063645362854,5.1,30.3515625,13,3730.889358520508,3.8,58.9765625,33,3733.2470560073853,2.6,4.66796875,404,1770992870.8261337
2026-02-13T17:27:53,idle_without_VPN,5.7,28.0,462.973502279291,1816.3428152248623,0.0,54192.94719873753,0.0,1311.93359375,51.134,49.0,1815.0,99.2,39.37890625,3,3570.653431415558,29.1,87.52734375,89,3732.0420758724213,6.3,58.9765625,33,3734.4832241535187,3.8,30.390625,14,3732.127716064453,2.6,26.69921875,9,3717.733407497406
2026-02-13T17:27:54,idle_without_VPN,8.0,28.0,0.0,1321.8807637244317,0.0,13786.726780177778,0.0,1311.93359375,51.281,49.0,1815.0,99.5,39.37890625,3,3571.87801194191,53.8,87.54296875,89,3733.262426376343,5.1,30.390625,14,3733.3481318950653,2.6,23.27734375,5,3732.3075335025787,2.6,278.96875,276,3730.294645547867
2026-02-13T17:27:55,idle_without_VPN,5.1,28.0,53.701994968203536,1196.903554518597,119980.02075805183,83736.056154057,0.0,1311.93359375,51.378,49.0,1815.0,95.6,39.37109375,3,3573.1039006710052,3.8,12.3125,24,3692.9034175872803,2.6,223.7109375,85,3734.5700516700745,2.6,30.3515625,13,3734.5753326416016,2.5,59.1484375,33,3736.939465522766
2026-02-13T17:27:56,idle_without_VPN,6.4,28.1,398.61887111963574,443.91647011050344,0.0,20662.29388150707,0.0,1311.93359375,51.235,49.0,1815.0,98.8,39.375,3,3574.306355714798,82.9,87.57421875,89,3735.6941204071045,7.8,30.38671875,14,3735.7802188396454,3.9,4.66796875,404,1770992875.7334528,1.3,106.125,28,3704.43571972847
2026-02-13T17:27:58,idle_without_VPN,7.4,28.1,209.94580714054166,1307.162584934563,0.0,24313.723950752254,1.0,1311.93359375,51.284,50.0,1815.0,100.2,39.375,3,3575.507534265518,3.9,26.69921875,9,3722.5885422229767,2.6,59.1484375,33,3739.3459355831146,2.6,30.38671875,14,3736.98202085495,2.6,23.35546875,5,3735.9356656074524
2026-02-13T17:27:59,idle_without_VPN,4.8,28.0,11741.02315573742,6927.984513856664,0.0,22116.386054786548,1.0,1311.93359375,51.219,50.0,1815.0,100.2,39.37109375,3,3576.6940286159515,32.8,87.74609375,89,3738.0873901844025,2.6,30.3515625,13,3738.173136949539,1.3,59.1484375,33,3740.5467307567596,1.3,240.7421875,155,3736.301424741745
2026-02-13T17:28:00,idle_without_VPN,8.1,28.0,605.0015700440704,769.2284378619404,0.0,11327.399297365211,1.0,1311.93359375,51.346,50.0,1815.0,97.2,39.37109375,3,3577.8996646404266,50.9,87.76171875,89,3739.2850573062897,5.2,30.3515625,13,3739.37132191658,2.6,278.98046875,276,3736.317944765091,2.6,12.0703125,4,3728.1940104961395
2026-02-13T17:28:01,idle_without_VPN,6.4,28.0,627.628723023264,727.6620927596197,13217.312336777837,485736.22837658547,1.0,1311.93359375,51.331,50.0,1815.0,100.6,39.37109375,3,3579.1103343963623,3.9,84.62890625,60,3739.163367509842,2.6,30.3515625,13,3740.5936307907104,2.6,12.0703125,4,3729.4042840003967,2.5,58.9375,33,3742.9578981399536
2026-02-13T17:28:02,idle_without_VPN,6.6,28.1,0.0,45.506310520145504,0.0,39694.98612483211,1.0,1311.93359375,51.187,50.0,1815.0,100.1,39.37109375,3,3580.296200275421,84.5,87.76171875,89,3741.690850496292,9.3,30.390625,14,3741.7766263484955,5.3,98.0625,39,3717.593900680542,4.0,92.25390625,116,3698.6033658981323
2026-02-13T17:28:04,idle_without_VPN,8.3,28.1,0.0,0.0,0.0,28546.817412573386,0.0,1311.93359375,51.328,50.0,1815.0,98.2,39.37109375,3,3581.489397764206,3.8,250.18359375,51,3724.4489254951477,2.6,113.9375,148,3745.383141040802,2.6,58.9765625,33,3745.335892677307,2.6,30.3515625,13,3742.9696476459503
2026-02-13T17:28:05,idle_without_VPN,6.0,28.1,2650.315289175822,662.3860440506346,0.0,159503.17629777142,0.0,1311.93359375,51.161,50.0,1815.0,98.7,39.37890625,3,3582.978265285492,43.4,87.99609375,89,3744.3243749141693,5.5,225.80078125,85,3744.381452322006,4.1,232.87890625,25,3637.8533449172974,3.3,30.3515625,14,3744.3945157527924
2026-02-13T17:28:07,idle_without_VPN,11.7,28.1,1961.226300222995,1528.7099969316691,21703.97278139382,160745.04841219797,1.0,1324.12890625,51.23,50.0,1815.0,99.1,39.37109375,3,3584.3658962249756,26.3,88.015625,89,3745.7519726753235,7.6,231.31640625,85,3745.8270633220673,5.2,58.9765625,33,3748.1519289016724,4.7,322.62109375,35,3640.136417865753
2026-02-13T17:28:08,idle_without_VPN,5.8,28.1,161.47722919283217,717.5073108473958,12479.447750449823,177442.14770170843,0.0,1324.44140625,51.228,50.0,1815.0,100.3,39.375,3,3585.65807557106,29.9,88.10546875,89,3747.0579042434692,6.0,30.390625,14,3747.144558429718,3.7,233.75390625,25,3640.420455932617,2.4,230.89453125,85,3747.1399161815643
2026-02-13T17:28:09,idle_without_VPN,8.6,28.1,0.0,2245.1090405067584,0.0,46244.08506423116,0.0,1319.69140625,51.392,50.0,1815.0,98.2,39.375,3,3586.8516294956207,52.5,88.125,89,3748.247701406479,3.9,59.1484375,33,3750.6974773406982,3.9,30.3515625,13,3748.3347182273865,3.9,279.05078125,276,3745.2697443962097
2026-02-13T17:28:10,idle_without_VPN,6.0,28.1,359.24583619917723,478.99444826556964,0.0,15006.259637970294,0.0,1318.12109375,51.443,51.0,1815.0,98.6,39.37109375,3,3588.0398845672607,4.0,30.3515625,13,3749.519413471222,3.9,39.38671875,16,3622.6282625198364,2.6,59.1484375,33,3751.891176700592,2.6,106.83203125,36,3706.656410932541
2026-02-13T17:28:11,idle_without_VPN,6.7,28.1,415.30224544213036,451.30627075263766,0.0,8573.981841385918,0.0,1314.12109375,51.332,51.0,1815.0,100.0,39.375,3,3589.2273976802826,78.7,88.21484375,89,3750.6258223056793,6.5,30.3515625,13,3750.712612390518,3.9,77.83984375,68,3749.2897613048553,2.6,59.1484375,33,3753.0796251296997
2026-02-13T17:28:13,idle_without_VPN,8.0,28.1,42.174926179118025,203.2831441833489,0.0,12092.39483407672,0.0,1311.93359375,51.326,51.0,1815.0,100.7,39.375,3,3590.4215157032013,5.2,88.29296875,89,3751.8212497234344,3.9,59.1484375,33,3754.2661983966827,2.6,4.66796875,404,1770992891.854951,2.6,116.81640625,25,3644.409864425659
2026-02-13T17:28:14,idle_without_VPN,4.4,28.1,0.0,0.0,0.0,9421.019223851263,0.0,1311.93359375,51.416,51.0,1815.0,100.3,39.375,3,3591.621466398239,27.5,88.32421875,89,3753.0159261226654,5.2,30.3515625,13,3753.0999948978424,1.3,106.61328125,28,3721.7549483776093,1.3,59.1484375,33,3755.4687826633453
2026-02-13T17:28:15,idle_without_VPN,7.9,28.1,99.07952953626865,134.58302762009825,0.0,8454.786520428259,1.0,1311.93359375,51.31,51.0,1815.0,100.1,39.37109375,3,3592.83940076828,55.0,88.34375,89,3754.237222671509,5.1,30.390625,14,3754.3237342834473,5.1,26.69921875,9,3739.9184777736664,2.6,59.1484375,33,3756.6779959201813
2026-02-13T17:28:16,idle_without_VPN,5.9,28.1,433.3226755496807,621.9745628137051,0.0,0.0,5.0,1311.93359375,51.373,51.0,1815.0,99.8,39.375,3,3594.060629606247,3.9,59.1484375,33,3757.884984731674,3.8,30.390625,14,3755.5443153381348,3.8,138.9609375,57,112.79174518585205,2.5,250.12109375,51,3736.9895763397217
2026-02-13T17:28:17,idle_without_VPN,6.7,28.1,0.0,197.4624887064778,0.0,156055.9977136539,0.0,1311.93359375,51.201,51.0,1815.0,99.2,39.375,3,3595.273282289505,80.1,88.46484375,89,3756.6671903133392,5.2,30.38671875,14,3756.7537035942078,2.5,58.9765625,33,3759.1136236190796,1.3,116.81640625,25,3649.251734972
2026-02-13T17:28:19,idle_without_VPN,6.9,28.1,0.0,44.36312225769432,0.0,98006.35246025745,0.0,1311.93359375,51.47,51.0,1815.0,100.5,38.77734375,3,3596.470249414444,5.2,30.3515625,13,3757.952109336853,2.6,88.48828125,89,3757.86567568779,2.6,12.0703125,4,3746.754550933838,2.6,323.7578125,35,3652.218659877777
2026-02-13T17:28:20,idle_without_VPN,4.7,28.1,0.0,0.0,0.0,85974.2875680263,0.0,1311.93359375,51.399,51.0,1815.0,99.5,38.77734375,3,3597.63191986084,29.5,88.57421875,89,3759.030893087387,4.0,30.38671875,14,3759.1176822185516,1.3,58.9765625,33,3761.49432516098,1.3,344.6484375,95,3728.7120776176453
2026-02-13T17:28:21,idle_without_VPN,8.2,28.1,302.6968916261915,509.08113591677653,0.0,86736.41840052322,1.0,1311.93359375,51.312,51.0,1815.0,98.0,39.375,3,3598.8124244213104,55.7,88.59375,89,3760.208931207657,2.7,58.9765625,33,3762.6620235443115,2.7,12.21875,12,3762.627354621887,2.7,30.38671875,14,3760.2933044433594
2026-02-13T17:28:22,idle_without_VPN,5.2,28.1,0.0,0.0,0.0,68514.58451736483,0.0,1311.93359375,51.503,52.0,1815.0,99.5,39.375,3,3599.990508556366,5.3,30.3515625,13,3761.474234342575,4.0,71.78515625,16,3761.478700399399,2.7,250.1796875,51,3742.907841682434,2.7,164.73046875,164,3741.5339188575745
2026-02-13T17:28:23,idle_without_VPN,6.6,28.1,374.5479283812382,82.94782888808243,0.0,61733.70786689121,1.0,1311.93359375,51.451,52.0,1815.0,99.8,39.3671875,3,3601.14848780632,74.1,88.68359375,89,3762.5470626354218,8.1,30.3515625,14,3762.6324422359467,2.7,59.1484375,33,3765.016728401184,1.3,113.92578125,148,3765.065208673477
2026-02-13T17:28:25,idle_without_VPN,8.1,28.1,87.76905168501706,0.0,0.0,16300.950148244738,1.0,1311.93359375,51.711,52.0,1815.0,97.5,39.3671875,3,3602.4629356861115,10.8,88.70703125,89,3763.8527681827545,6.0,30.390625,14,3763.9386570453644,3.8,59.4375,33,3766.2556653022766,2.4,23.3203125,5,3762.89026761055
2026-02-13T17:28:26,idle_without_VPN,6.1,28.1,1799.0721355375633,926.225186369527,0.0,209399.06551065878,0.0,1311.93359375,51.484,52.0,1815.0,99.7,39.37109375,3,3603.6537642478943,29.9,88.79296875,89,3765.053863763809,3.9,30.38671875,14,3765.1409723758698,2.6,279.1484375,275,3762.069890975952,2.5,59.4375,33,3767.5094668865204
2026-02-13T17:28:27,idle_without_VPN,8.2,28.1,42.76145141870255,46.182367532198754,28024.144801760904,122605.63350770394,0.0,1311.93359375,51.532,52.0,1815.0,98.1,38.77734375,3,3604.8328955173492,54.5,88.80859375,89,3766.228985786438,5.3,30.3515625,13,3766.3158056735992,4.0,59.4375,33,3768.6864597797394,2.7,26.69921875,9,3751.9058640003204
2026-02-13T17:28:28,idle_without_VPN,6.1,28.1,45.80151204650435,92.45120024201803,27793.036050738046,197156.849484923,0.0,1311.93359375,51.547,52.0,1815.0,100.4,39.375,3,3606.0003254413605,6.7,30.3515625,13,3767.4851167201996,4.0,59.0703125,33,3769.86296749115,2.7,23.29296875,5,3766.432217359543,2.7,153.30859375,23,3660.7625806331635
2026-02-13T17:28:29,idle_without_VPN,6.6,28.1,0.0,0.0,55943.948764331064,58129.25926293775,0.0,1311.93359375,51.578,52.0,1815.0,100.3,39.3828125,3,3607.1683418750763,73.4,88.80859375,89,3768.568463563919,5.4,30.3515625,13,3768.6530935764313,2.7,59.0703125,33,3771.0276272296906,2.7,125.0234375,99,3663.2457609176636
2026-02-13T17:28:30,idle_without_VPN,7.3,28.1,46.128294312038115,393.7989569972143,0.0,51609.0190584462,0.0,1311.93359375,51.582,52.0,1815.0,99.4,39.3828125,3,3608.3307044506073,10.8,88.83203125,89,3769.7311079502106,4.0,30.390625,14,3769.8180627822876,2.7,59.0703125,33,3772.1945452690125,2.7,12.0703125,4,3758.6204540729523
2026-02-13T17:28:32,idle_without_VPN,5.0,28.1,370.4363961033693,113.71535880382498,0.0,45431.00880210996,0.0,1311.93359375,52.552,52.0,1815.0,100.6,39.38671875,3,3609.4961693286896,17.5,88.91796875,89,3770.892674446106,4.0,58.9921875,33,3773.3611726760864,4.0,30.3828125,14,3770.9792063236237,2.7,106.48828125,28,3739.648585796356
2026-02-13T17:28:33,idle_without_VPN,8.2,28.1,0.0,0.0,0.0,10149.512160910626,1.0,1311.93359375,53.228,52.0,1815.0,98.0,38.7890625,3,3610.659785747528,68.3,88.9375,89,3772.058207988739,4.1,106.49609375,28,3740.8058531284332,4.0,30.3515625,13,3772.1453425884247,2.7,12.0703125,4,3760.9519510269165
2026-02-13T17:28:34,idle_without_VPN,6.2,28.1,0.0,0.0,0.0,17566.030253474226,1.0,1311.93359375,51.868,52.0,1815.0,99.7,38.7890625,3,3611.8189804553986,5.4,106.51953125,28,3741.970965385437,5.4,58.9921875,33,3775.6818919181824,4.1,30.3515625,13,3773.3000576496124,2.7,23.3125,5,3772.2479586601257
2026-02-13T17:28:35,idle_without_VPN,6.5,28.0,224.9212205637458,104.21060412219882,0.0,67139.41854912863,0.0,1311.93359375,52.074,52.0,1815.0,101.0,39.38671875,3,3612.9790823459625,60.3,89.02734375,89,3774.380346298218,5.4,106.51953125,28,3743.123678445816,4.1,4.66796875,404,1770992914.4285834,4.1,58.9921875,33,3776.839668750763
2026-02-13T17:28:36,idle_without_VPN,11.0,28.0,301.29403572929976,414.27929912778717,0.0,20597.55589713031,9.0,1322.55859375,52.464,52.0,1815.0,99.7,39.38671875,3,3614.2339794635773,28.1,89.05078125,89,3775.6042914390564,8.1,126.375,99,3670.4143357276917,7.0,143.75,47,3670.82497382164,6.4,23.44140625,6,3774.644913673401
2026-02-13T17:28:38,idle_without_VPN,9.6,28.1,52020.75678217612,3090.534705171688,0.0,6274.787514302397,12.0,1322.55859375,62.354,53.0,1815.0,98.2,39.390625,3,3615.6971015930176,86.7,89.18359375,89,3777.063586473465,6.5,106.51953125,28,3745.73837685585,5.4,30.3515625,13,3777.145961046219,4.5,102.89453125,43,3753.015947341919
2026-02-13T17:28:39,idle_without_VPN,12.1,28.1,24954.259123102453,329.01663005961717,0.0,1022508.9750254514,3.0,1330.99609375,54.757,52.0,1815.0,99.4,39.390625,3,3616.9859750270844,52.2,89.23046875,89,3778.3793370723724,20.4,114.08984375,148,3780.8408555984497,10.1,4.66796875,404,1770992918.3767314,7.1,30.38671875,14,3778.4648945331573
