ts,scenario,cpu,ram,net_in_bps,net_out_bps,disk_read_bps,disk_write_bps,gpu_util,gpu_mem_used_mb,gpu_power_w,gpu_temp_c,gpu_clock_mhz,p1_cpu,p1_rss_mb,p1_threads,p1_age_s,p2_cpu,p2_rss_mb,p2_threads,p2_age_s,p3_cpu,p3_rss_mb,p3_threads,p3_age_s,p4_cpu,p4_rss_mb,p4_threads,p4_age_s,p5_cpu,p5_rss_mb,p5_threads,p5_age_s
2026-02-15T02:29:09,Spotify,9.9,29.2,2962.165251899921,1864.1950393098489,140266.2297315847,87666.39358224043,1.0,1614.5703125,51.74,49.0,1815.0,99.0,39.25,4,2.499666929244995,46.0,296.62890625,36,72.58210468292236,21.6,81.3984375,148,37623.59672999382,12.9,123.23046875,99,72.85207056999207,7.2,258.8359375,93,70.80928754806519
2026-02-15T02:29:11,Spotify,11.2,29.1,982.4751661074431,1750.0338896288831,11563.845633264618,217544.8459757906,1.0,1638.6875,51.515,49.0,1815.0,98.0,39.5703125,4,4.824570417404175,74.0,322.703125,36,75.11857843399048,27.2,81.35546875,148,37626.41532874107,20.3,137.046875,99,75.39094305038452,12.7,258.62109375,93,73.51659989356995
2026-02-15T02:29:13,Spotify,15.7,29.6,3559581.1011668667,40416.13857495489,477724.40902167093,934494.2256611176,0.0,1625.8125,51.167,49.0,1815.0,99.0,39.6015625,4,7.3793864250183105,59.3,653.10546875,14,38.91332530975342,34.9,275.25,103,76.15325284004211,25.7,81.40234375,148,37628.97255539894,20.1,312.23828125,36,77.13434147834778
2026-02-15T02:29:15,Spotify,9.3,29.5,1061.66118585,689.0086438435243,1183560.4157673055,5569621.051353258,0.0,1623.6875,51.376,50.0,1815.0,98.9,39.6015625,4,9.322102069854736,22.0,81.37109375,148,37630.95291996002,21.9,315.06640625,36,79.05979251861572,6.2,4.08984375,411,1771111753.8970706,5.7,136.69921875,99,79.34184122085571
2026-02-15T02:29:17,Spotify,8.8,29.5,2452169.1813166235,27821.189654430265,8500.025571517275,2616679.7470317716,0.0,1623.0625,51.236,50.0,1815.0,100.1,38.8671875,4,11.101999998092651,19.4,81.3359375,148,37632.88347387314,8.9,4.08984375,411,1771111755.8236399,7.4,277.2421875,103,79.94512224197388,6.2,66.1015625,37,37602.77707028389
2026-02-15T02:29:19,Spotify,6.9,29.5,4118916.0889603123,11363.093076107774,130713.18141551138,4464672.10272356,1.0,1617.625,51.454,50.0,1815.0,99.7,39.60546875,4,13.029267072677612,28.3,320.140625,36,82.91073250770569,15.9,81.3515625,148,37634.65185379982,12.0,65.9453125,37,37604.85932922363,8.1,16.0234375,13,37632.53281855583
2026-02-15T02:29:21,Spotify,10.4,29.6,7364.470029055398,4356.117453632573,757056.056776733,8566275.123062827,0.0,1617.625,51.166,50.0,1815.0,99.6,39.609375,4,14.960224151611328,20.7,81.33984375,148,37636.75736284256,6.1,66.00390625,37,37606.65422606468,6.0,4.09375,411,1771111759.6854694,4.8,292.80859375,89,37634.422827243805
2026-02-15T02:29:23,Spotify,6.6,29.4,1418.5818651491188,3971.4718228634465,9132.434294146626,201198.94304291785,0.0,1617.125,51.332,50.0,1815.0,99.3,39.6328125,4,16.72152829170227,14.2,81.30859375,148,37638.52141404152,7.2,66.00390625,37,37608.40134692192,6.2,16.05078125,13,37636.22072434425,4.4,4.09375,411,1771111761.4669924
2026-02-15T02:29:24,Spotify,6.2,29.4,712.3347973882167,302.8143875536953,0.0,100998.11527276623,0.0,1616.875,51.231,51.0,1815.0,99.2,38.90234375,4,18.43800401687622,13.5,81.36328125,148,37640.25199723244,5.5,66.00390625,37,37610.118134498596,4.5,16.0625,14,37637.950926065445,1.8,21.52734375,36,37640.28052210808
2026-02-15T02:29:26,Spotify,6.3,29.4,390.7719052681688,153.76527633333268,77543.9444678894,373809.16741581797,0.0,1616.25,51.28,51.0,1815.0,100.4,39.640625,4,20.16611886024475,15.3,81.34375,148,37641.98440814018,9.0,266.77734375,95,37611.964782476425,4.5,16.0625,13,37639.67454910278,3.6,6.0859375,4,37629.938435316086
2026-02-15T02:29:28,Spotify,5.9,29.4,1185.8469487370398,307.2262948641595,0.0,33962.470414074356,0.0,1614.5625,51.351,51.0,1815.0,99.9,39.63671875,4,21.90161943435669,13.6,81.34375,148,37643.705866098404,9.0,299.5390625,37,91.63490605354309,6.4,66.0078125,37,37613.574811697006,3.6,16.0234375,13,37641.41588521004
2026-02-15T02:29:30,Spotify,6.8,29.3,12805.1957593572,10486.599511471446,0.0,123896.44731855545,0.0,1610.1875,51.311,51.0,1815.0,97.8,38.8984375,4,23.658734798431396,13.4,81.31640625,148,37645.4515516758,8.0,66.0078125,37,37615.32604932785,4.5,266.76171875,95,37615.436864852905,3.6,274.37890625,101,92.5091540813446
2026-02-15T02:29:31,Spotify,6.6,29.3,235241.05850574694,8093.043839033764,0.0,271070.8171848348,1.0,1603.375,51.355,51.0,1815.0,98.2,38.90625,4,25.34497594833374,12.7,80.8515625,148,37647.170231580734,5.5,66.015625,37,37617.02497315407,5.4,4.09375,411,1771111770.1186059,3.7,16.05859375,14,37644.85313081741
2026-02-15T02:29:33,Spotify,6.7,29.3,623.037448036029,427.5285323952335,0.0,129346.81416466701,0.0,1603.375,51.352,51.0,1815.0,100.1,39.640625,4,27.0937602519989,13.8,80.87890625,148,37648.87111616135,3.6,16.0234375,13,37646.60014271736,3.6,66.01953125,37,37618.75644779205,2.8,21.52734375,36,37648.890417814255
2026-02-15T02:29:35,Spotify,6.6,29.3,1089.890431186837,1353.0268663389568,112957.9219266113,827181.4491084141,1.0,1603.375,51.321,51.0,1815.0,99.2,39.6484375,4,28.795729398727417,13.5,80.8359375,148,37650.61294412613,8.3,66.02734375,37,37620.460417985916,6.4,266.78125,95,37620.57144212723,4.5,4.09375,411,1771111773.558424
2026-02-15T02:29:36,Spotify,6.4,29.3,1141.376709889839,375.74003317820546,0.0,9362.238314920685,0.0,1603.375,51.452,52.0,1815.0,96.0,38.9453125,6,30.52083706855774,13.8,80.87109375,148,37652.30729651451,6.3,266.78125,95,37622.311150312424,6.3,66.04296875,37,37622.20005440712,4.5,16.05859375,14,37650.024971961975
2026-02-15T02:29:38,Spotify,6.4,29.3,466.5571359392649,100.75344285314188,18758.45917847587,101706.02085829886,2.0,1603.375,51.511,52.0,1815.0,98.6,38.94140625,6,32.248515129089355,13.4,80.87109375,148,37654.05351495743,7.3,66.0546875,37,37623.9074447155,3.7,266.78125,95,37624.0181825161,3.6,4.09375,411,1771111776.9994955
2026-02-15T02:29:40,Spotify,6.8,29.3,381.89200917425256,32.46377203181436,0.0,24781.072817885346,0.0,1603.375,51.572,52.0,1815.0,99.7,39.67578125,6,33.9567129611969,13.8,80.859375,148,37655.74950623512,5.5,4.09375,411,1771111778.6946511,4.6,16.0234375,13,37653.455344200134,4.6,66.05078125,37,37625.620616197586
2026-02-15T02:29:42,Spotify,5.7,29.3,756.1581220586689,423.9156730614623,0.0,28401.182283346454,0.0,1603.375,51.465,52.0,1815.0,99.6,39.6796875,6,35.65112543106079,12.8,80.875,148,37657.46016693115,6.4,266.765625,95,37627.432341098785,3.7,16.0625,14,37655.15411615372,2.8,66.05078125,37,37627.321221113205
2026-02-15T02:29:43,Spotify,6.7,29.3,515.5175880354774,201.6220441233395,0.0,42435.856003942055,0.0,1603.375,51.434,52.0,1815.0,100.0,39.6796875,6,37.385366678237915,14.7,80.8828125,148,37659.16057395935,5.4,16.0625,13,37656.89835476875,5.4,66.05078125,37,37629.048932790756,4.5,21.52734375,36,37659.20675492287
2026-02-15T02:29:45,Spotify,6.4,29.3,21686.239492917735,9974.138718201037,38017.04984506358,286612.91484754963,0.0,1603.375,51.754,52.0,1815.0,99.0,39.66796875,6,39.10857176780701,12.7,80.83203125,148,37660.88833284378,6.3,66.05078125,37,37630.77249073982,4.6,16.0625,14,37658.6086435318,2.7,67.5078125,56,37657.32357406616
2026-02-15T02:29:47,Spotify,6.7,29.3,1389.8191028906544,624.8709695286062,37778.17699172208,85296.0402391225,0.0,1603.375,51.9,52.0,1815.0,98.4,39.66796875,6,40.83643913269043,14.4,80.828125,148,37662.62307929993,9.9,66.0546875,37,37632.5131521225,2.7,4.09375,411,1771111785.5662837,2.7,16.0234375,13,37660.314770936966
2026-02-15T02:29:48,Spotify,6.4,29.3,1171.888467920145,1519.1360090286698,141524.96799806136,257398.5355464741,0.0,1603.375,51.906,52.0,1815.0,99.5,39.671875,6,42.53131866455078,10.8,80.890625,148,37664.36442565918,6.5,66.0546875,37,37634.19322729111,5.6,266.78125,95,37634.30138492584,5.4,16.0234375,14,37662.04505586624
2026-02-15T02:29:50,Spotify,6.8,29.3,340.8688228068672,32.3495895106693,0.0,35886.4779638358,0.0,1603.375,51.82,51.0,1815.0,100.8,39.68359375,6,44.19072723388672,13.2,80.875,148,37666.026691913605,4.7,16.0234375,13,37663.71011900902,4.7,266.78125,95,37635.95668506622,3.8,66.0546875,37,37635.845527887344
2026-02-15T02:29:52,Spotify,6.6,29.3,3203.4913662874133,661.3427286715493,0.0,54386.137425708235,0.0,1595.3125,51.767,51.0,1815.0,99.7,38.953125,6,45.89986300468445,20.9,297.66796875,37,115.59342455863953,15.0,80.828125,148,37667.693167209625,5.5,66.04296875,37,37637.56279683113,4.5,266.76953125,95,37637.674080848694
2026-02-15T02:29:54,Spotify,7.1,29.3,10078.303633070424,1244.1415784109233,0.0,131155.92643163912,1.0,1595.3125,51.828,51.0,1815.0,97.9,39.6796875,6,47.60737466812134,13.6,80.875,148,37669.41028523445,6.4,4.09375,411,1771111792.3563738,6.4,66.02734375,37,37639.27296471596,4.6,16.0234375,13,37667.09871792793
2026-02-15T02:29:55,Spotify,6.1,29.3,3169.7242198070526,431.62202142053485,0.0,42336.49044890115,0.0,1595.3125,51.605,50.0,1815.0,98.7,39.68359375,6,49.30048704147339,11.9,80.8671875,148,37671.115468263626,6.5,66.02734375,37,37640.95394062996,4.6,266.5,95,37641.064885377884,3.7,274.35546875,97,118.16027879714966
2026-02-15T02:29:57,Spotify,5.9,29.3,3509.6154124850705,622.3948514751849,0.0,34796.87997212988,1.0,1595.3125,51.787,50.0,1815.0,98.4,39.68359375,6,51.050681352615356,14.0,80.828125,148,37672.79059505463,4.7,16.0234375,13,37670.4912416935,3.5,66.02734375,37,37642.72989678383,2.6,33.640625,24,110.40885210037231
2026-02-15T02:29:59,Spotify,8.7,29.3,18251.887761157188,9791.1245338343,38840.97211530508,452954.2777564254,5.0,1595.3125,51.62,50.0,1815.0,100.4,39.68359375,6,52.75786757469177,14.8,80.875,148,37674.58612561226,6.1,273.84375,89,37672.23030877113,5.3,16.0234375,13,37672.267691612244,4.6,181.76953125,159,37669.49650335312
2026-02-15T02:30:00,Spotify,5.9,29.3,2597.235895348678,309.89405905729666,0.0,99741.5308068359,0.0,1595.3125,51.481,50.0,1815.0,99.3,39.68359375,6,54.47380304336548,13.1,80.875,148,37676.252987384796,4.5,16.0234375,13,37673.98707294464,3.5,66.02734375,37,37646.19990777969,2.8,4.09375,411,1771111799.1998458
2026-02-15T02:30:02,Spotify,7.6,29.2,8705.868921570693,6140.746828607899,27486.566625966258,351885.31649283884,0.0,1595.25,51.519,49.0,1815.0,99.3,39.68359375,6,56.23732924461365,17.5,80.8671875,148,37678.04059123993,5.5,66.02734375,37,37647.89166140556,5.3,275.55859375,89,37675.70799326897,4.4,16.0234375,13,37675.743901968
2026-02-15T02:30:04,Spotify,5.9,29.2,1277.278335881166,266.22290465332316,9692.880155200104,86933.01889195092,0.0,1595.25,51.45,49.0,1815.0,98.8,39.6796875,6,57.88137650489807,12.9,80.828125,148,37679.73122191429,3.8,66.02734375,37,37649.53312373161,1.9,16.0234375,13,37677.4011657238,1.8,4.09375,411,1771111802.6782486
2026-02-15T02:30:05,Spotify,5.9,29.2,924.770782447607,389.6025055682048,0.0,59498.47997123228,0.0,1595.25,51.441,49.0,1815.0,99.6,39.6796875,6,59.51219964027405,13.4,80.87890625,148,37681.36974811554,9.6,66.02734375,37,37651.16438961029,3.8,16.0625,14,37679.03126692772,3.8,266.5,95,37651.27389550209
2026-02-15T02:30:07,Spotify,6.5,29.2,410.60406000697054,472.22517451024544,9996.04297051145,126824.795188364,0.0,1595.25,51.346,49.0,1815.0,100.2,39.61328125,3,61.16541767120361,13.4,80.8359375,148,37683.004293203354,9.4,66.03125,37,37652.819828510284,5.7,266.5,95,37652.930569171906,3.8,16.0625,14,37680.683740377426
2026-02-15T02:30:09,Spotify,6.7,29.2,6034.184846722185,3785.382658742345,69517.68876955037,48724.45150365807,0.0,1595.25,51.418,48.0,1815.0,100.3,39.61328125,3,62.8160834312439,13.3,80.87890625,148,37684.6552901268,6.7,266.5,95,37654.57339954376,4.7,16.0234375,13,37682.33651089668,3.8,274.49609375,97,131.69530820846558
2026-02-15T02:30:10,Spotify,5.9,29.2,402.658581801529,598.5465405157863,0.0,169324.58416465978,0.0,1590.1875,51.362,48.0,1815.0,98.1,39.6328125,3,64.47286581993103,14.2,80.8671875,148,37686.31126379967,4.6,266.8125,95,37656.259826898575,3.8,6.0859375,4,37674.227395772934,2.8,66.05078125,37,37656.14893603325
2026-02-15T02:30:12,Spotify,6.3,29.2,16358.356607546299,10329.554687272588,38467.8768033354,123517.94817320976,0.0,1589.40625,51.209,48.0,1815.0,98.6,38.91796875,3,66.1998999118805,13.8,80.859375,148,37688.01568508148,9.2,66.05078125,37,37657.85633277893,6.4,266.81640625,95,37657.96754002571,6.3,16.0234375,13,37685.711587667465
2026-02-15T02:30:14,Spotify,6.6,29.2,272.0096823140048,295.8701807626017,0.0,57417.9034667036,0.0,1589.40625,51.315,48.0,1815.0,100.7,39.640625,3,67.84446978569031,12.1,80.87109375,148,37689.69254374504,6.7,66.03125,37,37659.494029045105,3.8,16.0234375,13,37687.36850833893,3.8,74.37109375,44,37664.589378118515
2026-02-15T02:30:15,Spotify,6.5,29.2,637.4125678279132,506.2876967318854,0.0,21757.015648526107,0.0,1589.40625,51.17,48.0,1815.0,99.0,39.640625,3,69.51669597625732,14.2,80.87109375,148,37691.336032390594,6.6,266.7734375,95,37661.27452683449,6.6,66.03515625,37,37661.163533210754,4.7,16.0234375,13,37689.02870678902
2026-02-15T02:30:17,Spotify,6.9,29.2,636.9275152408992,1380.6127674113811,79056.21522505222,138039.56330311854,0.0,1585.40625,51.11,47.0,1815.0,99.1,39.640625,3,71.15594220161438,14.1,80.83203125,148,37692.99444961548,10.4,297.796875,37,140.83573126792908,6.6,66.0390625,37,37662.81521964073,2.8,4.09375,411,1771111815.941694
2026-02-15T02:30:19,Spotify,7.0,29.2,39.858363063724354,105.08113898618238,0.0,16387.826365109457,0.0,1585.40625,51.121,47.0,1815.0,98.3,39.640625,3,72.85683703422546,13.2,80.87890625,148,37694.65064907074,11.9,227.13671875,26,523.8713972568512,11.1,66.0390625,37,37664.49572610855,5.6,16.0625,14,37692.35000419617
2026-02-15T02:30:20,Spotify,7.0,29.0,478.8645823407933,465.1657199106462,0.0,8843.509102731465,0.0,1585.40625,51.02,47.0,1815.0,99.4,39.640625,3,74.52253770828247,14.8,80.875,148,37696.33703136444,4.7,66.05078125,37,37666.167241573334,3.7,16.0234375,13,37694.0312628746,1.9,16.97265625,6,37692.404401540756
2026-02-15T02:30:22,Spotify,5.7,29.0,467.18409148831813,270.9787368043638,39202.78696514522,230316.3734202282,0.0,1585.40625,50.857,48.0,1815.0,98.3,39.64453125,3,76.19124579429626,12.2,80.859375,148,37698.00318646431,6.5,266.7734375,95,37667.950707912445,3.7,4.09375,411,1771111820.9489985,3.7,16.0234375,13,37695.70426273346
2026-02-15T02:30:24,Spotify,6.3,29.1,745.635274319139,356.11540701482073,0.0,13132.72495952813,0.0,1585.40625,50.695,48.0,1815.0,99.4,39.63671875,3,77.84223484992981,14.0,80.890625,148,37699.6784620285,7.5,16.0234375,13,37697.36191534996,5.7,266.7734375,95,37669.58468413353,3.8,66.0625,37,37669.47334194183
2026-02-15T02:30:25,Spotify,6.5,29.0,809.3384273957957,483.65137371881394,9992.615519557437,118974.57852973073,0.0,1585.40625,50.925,48.0,1815.0,99.9,39.64453125,3,79.53144669532776,13.4,80.8671875,148,37701.31657242775,7.3,66.078125,37,37671.18796944618,5.7,274.6015625,95,148.36128616333008,3.6,33.57421875,21,138.86778378486633
2026-02-15T02:30:27,Spotify,6.7,28.8,413091.0229575988,16387.926503122893,0.0,113182.53530092121,0.0,1585.40625,50.916,48.0,1815.0,96.9,39.64453125,3,81.2407295703888,12.7,80.85546875,148,37703.04555463791,9.2,519.3984375,13,112.7674822807312,5.5,66.0859375,37,37672.898139715195,4.6,16.0234375,13,37700.74586606026
2026-02-15T02:30:29,Spotify,6.2,28.8,4574.813733357211,2569.602133140054,29048.08740756668,569160.9626420096,1.0,1585.40625,50.846,48.0,1815.0,100.1,39.64453125,3,82.89549922943115,13.8,80.8515625,148,37704.74218273163,6.5,16.0234375,13,37702.41647815704,3.7,4.09375,411,1771111827.6864903,2.8,21.59375,36,37704.757247686386
2026-02-15T02:30:30,Spotify,7.3,28.8,24341.832392874334,14898.956535574047,208024.3701056392,741086.8185013396,0.0,1585.40625,51.078,48.0,1815.0,99.2,39.64453125,3,84.56575131416321,13.0,80.86328125,148,37706.42927789688,6.8,66.08984375,37,37676.19752049446,4.6,4.09375,411,1771111829.377163,3.7,16.0234375,13,37704.08630943298
2026-02-15T02:30:32,Spotify,6.4,28.8,1013.4659951700991,109.9691831997148,0.0,28152.11089912699,0.0,1585.40625,50.99,49.0,1815.0,99.7,39.64453125,3,86.17913961410522,13.7,80.83203125,148,37708.03185462952,7.7,66.09375,37,37677.82700252533,6.8,16.05859375,14,37705.700679540634,2.9,21.59375,36,37708.042615413666
2026-02-15T02:30:34,Spotify,6.4,28.8,0.0,0.0,0.0,109996.58240344813,0.0,1585.40625,51.099,49.0,1815.0,98.4,39.64453125,3,87.87841629981995,13.4,80.8671875,148,37709.66704392433,6.5,16.05859375,14,37707.384011507034,5.5,66.09765625,37,37679.517189502716,3.7,266.765625,95,37679.62844657898
2026-02-15T02:30:35,Spotify,6.3,28.8,3748.2345971424047,3413.2759358496287,0.0,116546.74321939077,1.0,1585.40625,51.163,49.0,1815.0,100.0,39.64453125,3,89.51905226707458,12.9,80.86328125,148,37711.364609479904,5.7,16.05859375,14,37709.032495975494,5.7,66.109375,37,37681.1582159996,2.9,25.97265625,105,37685.78661441803
2026-02-15T02:30:37,Spotify,6.3,28.8,0.0,0.0,0.0,94610.54616979334,0.0,1585.40625,51.102,49.0,1815.0,98.8,39.63671875,3,91.1791672706604,12.4,80.82421875,148,37712.99471569061,8.3,66.046875,37,37682.850410699844,2.8,266.7734375,95,37682.96118426323,1.9,4.09375,411,1771111835.941873
2026-02-15T02:30:39,Spotify,6.2,28.8,53703.64710648937,10842.596650867881,38723.728289442915,49312.24774358746,1.0,1585.40625,51.203,49.0,1815.0,99.5,39.64453125,3,92.82772159576416,13.9,80.875,148,37714.68569755554,7.7,66.0546875,37,37684.4760427475,2.8,16.0234375,13,37712.34548139572,1.9,24.7578125,10,87.74572348594666
2026-02-15T02:30:40,Spotify,6.0,28.8,753.2969882902859,630.6242381513605,0.0,132876.1640097772,0.0,1585.40625,51.047,49.0,1815.0,100.2,39.64453125,3,94.48113942146301,11.5,80.86328125,148,37716.31054019928,7.6,66.05859375,37,37686.130185604095,2.8,276.26171875,94,163.3577904701233,1.9,279.96484375,89,37713.96108651161
2026-02-15T02:30:42,Spotify,5.9,28.8,175.46310732383412,603.2300620753883,0.0,22304.386166847657,3.0,1585.40625,51.258,50.0,1815.0,99.4,39.640625,3,96.14674377441406,14.2,80.875,148,37717.96191453934,7.5,66.05078125,37,37687.80222129822,3.8,16.0234375,13,37715.66130208969,3.7,283.75390625,89,37715.62769269943
2026-02-15T02:30:44,Spotify,7.6,28.8,659.9987682242463,1690.21189926962,77515.55425509714,400295.1668954626,0.0,1585.40625,51.346,50.0,1815.0,98.4,38.92578125,3,97.86189198493958,14.8,80.8671875,148,37719.655727148056,4.6,4.09375,411,1771111842.602482,3.7,21.5390625,36,37719.691318035126,3.6,66.05078125,37,37689.52606534958
2026-02-15T02:30:46,Spotify,6.3,28.8,15326.4757565868,8426.03048469304,278691.1735971631,235182.42497650895,0.0,1585.40625,51.169,50.0,1815.0,98.7,39.65234375,3,99.60349917411804,16.2,70.12109375,56,37717.82547926903,15.7,296.7734375,37,169.26868057250977,11.5,80.86328125,148,37721.427874565125,4.5,137.125,278,37716.34617114067
2026-02-15T02:30:47,Spotify,8.3,28.8,1655.9953672186664,277.77604693331705,92186.11120059047,193772.77979334645,0.0,1585.40625,51.356,50.0,1815.0,99.7,39.65234375,3,101.24997878074646,16.0,80.828125,148,37723.08321142197,5.7,66.05078125,37,37692.89616394043,3.8,276.63671875,94,170.1311309337616,3.8,16.0234375,13,37720.767516851425
2026-02-15T02:30:49,Spotify,6.2,28.8,3018.727073300388,0.0,0.0,25444.33596575858,0.0,1585.40625,51.31,50.0,1815.0,100.4,39.65234375,3,102.89887475967407,13.3,80.8828125,148,37724.73350381851,11.5,66.0546875,37,37694.532848358154,4.8,266.50390625,95,37694.643884181976,3.8,16.0625,14,37722.4103410244
2026-02-15T02:30:50,Spotify,6.0,28.8,2160.477087327018,591.7775383510339,0.0,6886.138628084757,0.0,1585.40625,51.259,50.0,1815.0,99.5,39.65234375,3,104.57978248596191,13.3,80.83984375,148,37726.373316287994,4.6,16.0625,14,37724.09680724144,4.6,66.0546875,37,37696.21769738197,2.8,21.5390625,36,37726.400332689285
2026-02-15T02:30:52,Spotify,6.4,28.8,249745.88176821053,14751.863155423502,94929.16644779133,439351.654969906,1.0,1585.40625,51.458,51.0,1815.0,97.4,39.65234375,3,106.2480103969574,14.9,80.86328125,148,37728.05176305771,4.6,18.8046875,9,37713.39282155037,4.6,66.0546875,37,37697.903822660446,3.7,266.50390625,95,37698.01505303383
2026-02-15T02:30:54,Spotify,6.4,28.8,101.65510944173835,167.25811611634856,96832.40192403727,150695.425494283,0.0,1585.40625,51.376,51.0,1815.0,98.8,39.65234375,3,107.92502617835999,17.6,80.8515625,148,37729.74263167381,3.8,16.0625,14,37727.41209721565,3.7,66.06640625,37,37699.57297205925,2.8,21.5390625,36,37729.755700588226
2026-02-15T02:30:55,Spotify,6.3,28.8,2133.6077470263945,1871.6066838251113,0.0,21695.359110462516,0.0,1585.40625,51.362,51.0,1815.0,98.7,39.65234375,3,109.57080912590027,13.1,80.84765625,148,37731.41886281967,6.7,66.06640625,37,37701.21560740471,5.6,271.5,89,37729.05477643013,3.7,4.09375,411,1771111854.3660777
2026-02-15T02:30:57,Spotify,6.9,28.8,147.259220552302,0.0,191005.02633770587,607571.9094360578,1.0,1585.40625,51.475,51.0,1815.0,99.9,38.93359375,3,111.30694007873535,15.3,80.85546875,148,37733.05001115799,5.4,16.05859375,14,37730.81152319908,4.4,266.7890625,95,37703.10361099243,4.4,66.07421875,37,37702.9927880764
2026-02-15T02:30:59,Spotify,7.8,28.8,4286.350426076301,2177.4435454091404,234705.49373673263,155607.44131320142,0.0,1585.40625,51.556,51.0,1815.0,99.5,39.65234375,3,113.01719236373901,21.9,4.09375,411,1771111857.7755394,12.3,80.87890625,148,37734.82837557793,4.6,66.078125,37,37704.69622206688,3.5,37.609375,4,37734.78567481041
2026-02-15T02:31:01,Spotify,6.7,28.5,706.8037722963312,697.4884013270221,0.0,67964.9465920795,0.0,1585.40625,51.567,51.0,1815.0,99.0,39.65234375,3,114.70646524429321,14.9,442.53515625,11,146.22606754302979,13.2,66.08984375,37,37706.3573949337,12.7,80.87109375,148,37736.54576134682,6.4,16.0234375,13,37734.22770309448
2026-02-15T02:31:02,Spotify,6.7,28.5,0.0,0.0,0.0,86131.65352364037,0.0,1585.40625,51.458,51.0,1815.0,98.1,39.65234375,3,116.34604692459106,13.2,80.82421875,148,37738.20078134537,11.4,66.09765625,37,37707.99786353111,7.6,266.7890625,95,37708.10888028145,4.8,16.05859375,14,37735.86722302437
2026-02-15T02:31:04,Spotify,6.1,28.5,451.2227082752978,322.82600266850574,0.0,8765.215102757003,1.0,1585.40625,51.547,52.0,1815.0,99.7,39.65625,3,117.99234747886658,14.3,80.87109375,148,37739.83340573311,4.7,66.10546875,37,37709.651683568954,2.8,266.7890625,95,37709.76290655136,1.9,16.0234375,13,37737.49615597725
2026-02-15T02:31:06,Spotify,6.1,28.6,25487.170554036085,10363.58611119749,9802.389726697822,133863.88470521712,4.0,1585.40625,51.545,52.0,1815.0,98.8,39.63671875,3,119.6521999835968,14.0,80.85546875,148,37741.50649690628,5.7,66.11328125,37,37711.29383587837,3.8,16.0234375,13,37739.16263961792,2.9,266.7734375,95,37711.40513896942
2026-02-15T02:31:07,Spotify,6.8,28.5,156.39154139936647,131.24623474299776,0.0,100797.10828262227,1.0,1585.40625,51.613,52.0,1815.0,98.6,38.92578125,3,121.31666302680969,14.4,80.8671875,148,37743.13786196709,6.6,16.0234375,14,37740.82817053795,3.7,66.1171875,37,37712.96841406822,2.8,18.8046875,9,37728.467178583145
2026-02-15T02:31:09,Spotify,6.2,28.5,432.73595780338513,432.73595780338513,0.0,10681.306286276395,0.0,1585.40625,51.624,52.0,1815.0,99.7,39.64453125,3,122.9933614730835,13.0,80.87890625,148,37744.82782936096,10.2,66.1171875,37,37714.64626765251,7.4,16.05859375,14,37742.51063489914,1.9,4.09375,411,1771111867.7632966
2026-02-15T02:31:11,Spotify,7.0,28.5,567.848372690741,1295.460196918287,66174.38064553682,217824.00295822535,1.0,1585.40625,53.446,52.0,1815.0,99.9,39.64453125,3,124.6357672214508,14.1,80.875,148,37746.48602461815,10.5,297.6328125,37,194.30122232437134,3.8,16.0234375,13,37744.13395738602,3.8,137.25,277,37741.378318309784
2026-02-15T02:31:12,Spotify,6.8,28.5,0.0,0.0,0.0,14113.360802537336,0.0,1585.40625,51.951,52.0,1815.0,99.0,39.65234375,3,126.27722501754761,14.4,80.8828125,148,37748.118582487106,6.6,66.08984375,37,37717.93143296242,5.6,16.0234375,13,37745.79919838905,2.9,6.08203125,4,37736.030881881714
2026-02-15T02:31:14,Spotify,5.6,28.5,525.0253739986834,452.00460359197007,0.0,17302.9051991842,1.0,1585.40625,52.024,52.0,1815.0,100.6,39.65234375,3,127.93983173370361,13.2,80.84765625,148,37749.77648282051,5.7,66.09375,37,37719.58158779144,3.8,16.0234375,13,37747.46368908882,2.8,296.38671875,37,197.60974526405334
2026-02-15T02:31:15,Spotify,6.0,28.5,193.6995464536811,231.83414466174958,0.0,7128.143309495465,0.0,1585.40625,52.005,52.0,1815.0,99.5,38.9375,3,129.5737543106079,15.1,80.83203125,148,37751.42600464821,4.8,16.0234375,13,37749.08496212959,3.8,66.09375,37,37721.21998691559,1.9,14.8984375,10,37751.6313624382
2026-02-15T02:31:17,Spotify,6.7,28.5,660.7644347589595,259.8925049515759,0.0,142479.93629949036,0.0,1585.40625,52.044,51.0,1815.0,97.0,39.65625,3,131.23336815834045,12.4,80.8671875,148,37753.065432310104,5.6,66.0703125,37,37722.89422035217,3.8,137.2890625,277,37747.978103876114,3.7,16.0625,14,37750.75739789009
2026-02-15T02:31:19,Spotify,6.7,28.5,1104.1475559134963,684.8811700650058,0.0,16465.73442604981,0.0,1585.40625,51.869,51.0,1815.0,100.5,39.65625,3,132.95908451080322,14.9,80.8671875,148,37754.74135184288,4.6,16.0234375,13,37752.455839157104,3.6,66.078125,37,37724.611736774445,2.7,119.84375,47,37735.61283993721
2026-02-15T02:31:21,Spotify,7.3,28.5,675477.5708805355,24605.17114081901,0.0,143953.35259843973,0.0,1585.40625,51.951,51.0,1815.0,99.0,39.66015625,2,134.60014009475708,13.6,80.83203125,148,37756.4612634182,12.0,277.25390625,87,203.48961687088013,7.4,6.13671875,11,37756.44935488701,4.8,266.78515625,95,37726.360550403595
2026-02-15T02:31:22,Spotify,6.6,28.5,0.0,0.0,0.0,702889.3835804292,1.0,1585.40625,51.875,50.0,1815.0,100.0,39.66015625,2,136.25671696662903,13.4,80.875,148,37758.09359097481,8.4,66.109375,37,37727.92077565193,5.7,16.0234375,13,37755.749049425125,2.9,22.03125,36,37758.10110998154
2026-02-15T02:31:24,Spotify,6.2,28.5,1805.7530204537222,2115.789501923735,539343.7725526212,2154004.191632031,0.0,1585.40625,51.848,50.0,1815.0,99.7,39.65625,2,137.9177668094635,13.1,80.8671875,148,37759.76442027092,7.6,66.12109375,37,37729.570843696594,2.8,276.98828125,87,206.79671025276184,2.8,280.0234375,89,37757.40039348602
2026-02-15T02:31:26,Spotify,6.1,28.5,323.5227966760532,932.8646054531309,0.0,112401.06307373734,0.0,1585.40625,51.7,50.0,1815.0,97.9,39.6640625,2,139.5935046672821,13.3,80.83203125,148,37761.40949559212,5.7,16.0625,14,37759.095517635345,3.7,66.109375,37,37731.24655675888,1.9,266.75390625,94,37731.35781097412
2026-02-15T02:31:27,Spotify,6.0,28.5,503.97982254178345,666.9969926293509,0.0,100891.5057069428,0.0,1585.40625,51.717,50.0,1815.0,100.1,39.6640625,2,141.24837636947632,11.2,80.84375,148,37763.08457136154,6.6,66.11328125,37,37732.90820860863,3.7,4.09765625,411,1771111886.0320702,2.8,16.0234375,13,37760.76756095886
2026-02-15T02:31:29,Spotify,6.2,28.5,443.78455047585675,317.5043938363853,0.0,57882.013130899824,0.0,1585.40625,51.773,49.0,1815.0,98.6,39.6640625,2,142.89657378196716,14.1,80.85546875,148,37764.75005412102,4.8,66.11328125,37,37734.5400891304,3.8,4.09765625,411,1771111887.6952298,2.9,266.5,94,37734.65122437477
2026-02-15T02:31:30,Spotify,6.4,28.5,278.1538869643412,314.4615845990672,0.0,12603.078772189621,0.0,1585.40625,51.518,49.0,1815.0,99.9,39.6640625,2,144.49210143089294,12.5,80.8359375,148,37766.37688732147,6.8,16.0625,14,37764.019814014435,3.9,21.55078125,36,37766.38230586052,3.9,66.11328125,37,37736.14023542404
2026-02-15T02:31:32,Spotify,6.0,28.5,0.0,0.0,0.0,10216.411579421385,0.0,1585.40625,51.518,49.0,1815.0,97.5,39.66015625,2,146.14242720603943,12.7,80.85546875,148,37767.97498488426,5.5,66.1171875,37,37737.83801531792,3.8,16.0234375,13,37765.653302669525,2.7,34.44140625,22,205.5104100704193
2026-02-15T02:31:34,Spotify,6.2,28.5,534532.0158099462,17400.309571266065,0.0,107733.45852118781,0.0,1585.40625,51.676,49.0,1815.0,97.3,39.66015625,2,147.82739877700806,13.2,66.12109375,37,37739.48954820633,12.8,80.83984375,148,37769.685844898224,4.7,266.48828125,94,37739.60047841072,4.6,16.0546875,14,37767.352655887604
2026-02-15T02:31:35,Spotify,6.9,28.5,2983.3567986716444,3129.3612096996203,19934.468919019666,618591.488643329,0.0,1585.40625,51.352,48.0,1815.0,99.0,39.6640625,2,149.4838194847107,13.3,80.87109375,148,37771.33081483841,12.4,299.20703125,37,219.15788793563843,4.7,16.05859375,14,37769.00301671028,4.7,266.48828125,94,37741.25611948967
2026-02-15T02:31:37,Spotify,6.3,28.5,0.0,0.0,9982.463260711038,142874.00541892674,1.0,1585.40625,51.39,48.0,1815.0,99.1,39.66796875,3,151.13924860954285,12.4,80.87109375,148,37772.973900318146,5.7,66.12109375,37,37742.79786658287,2.8,284.30859375,89,37770.620706796646,2.8,16.0234375,13,37770.66013741493
2026-02-15T02:31:39,Spotify,6.7,28.5,47870.85892708814,7182.315111267779,434152.4597058944,1641330.6413455084,0.0,1585.40625,51.219,48.0,1815.0,100.1,39.6640625,3,152.7782266139984,13.2,80.86328125,148,37774.63431453705,6.7,66.09375,37,37744.42309975624,4.8,16.0234375,13,37772.30028104782,3.8,4.09765625,411,1771111897.578833
2026-02-15T02:31:40,Spotify,6.6,28.5,874.0273136549438,3235.6293631209146,10113.039199804096,43296.44907416128,0.0,1585.40625,51.334,48.0,1815.0,99.6,39.66796875,3,154.42584776878357,11.6,80.88671875,148,37776.2562789917,7.5,66.09375,37,37746.08414673805,3.8,16.0625,14,37773.94174146652,3.8,266.5546875,95,37746.195215940475
2026-02-15T02:31:42,Spotify,6.1,28.5,83.48923584086289,2884.8834513932698,0.0,24909.824379800473,0.0,1585.40625,51.241,47.0,1815.0,96.8,39.66796875,3,156.08891916275024,14.1,80.84765625,148,37777.92117977142,5.6,66.19921875,37,37747.74643468857,1.9,21.60546875,36,37777.93900299072,1.9,16.05859375,14,37775.604137182236
2026-02-15T02:31:44,Spotify,6.1,28.5,4805.481517956423,2672.9140077388797,0.0,5533.14813461849,0.0,1585.40625,50.913,47.0,1815.0,98.4,39.66796875,3,157.72527956962585,12.2,80.828125,148,37779.582637786865,8.7,66.2265625,37,37749.369982242584,6.7,16.0234375,13,37777.24510407448,3.8,283.30859375,89,37777.20950746536
2026-02-15T02:31:45,Spotify,5.8,28.5,2536.8382004411246,677.1468139978737,20171.58800098393,170197.77375830192,1.0,1585.40625,51.126,47.0,1815.0,98.7,39.67578125,3,159.35614728927612,16.3,70.15625,56,37777.58723139763,15.4,80.88671875,148,37781.21035218239,6.7,66.203125,37,37751.01143908501,2.9,266.875,95,37751.12220597267
2026-02-15T02:31:47,Spotify,6.4,28.5,272.3388818327992,921.2905416956405,0.0,32032.94091179303,0.0,1585.40625,50.772,47.0,1815.0,100.0,39.67578125,3,161.0121042728424,12.5,80.8515625,148,37782.83893990517,11.3,66.203125,37,37752.66563510895,4.8,16.0234375,14,37780.52330613136,1.9,4.09765625,411,1771111905.7859154
2026-02-15T02:31:49,Spotify,6.7,28.5,59702.06124867753,11250.442535258595,9800.991678506769,245331.07295262258,0.0,1585.40625,50.808,47.0,1815.0,97.2,39.67578125,3,162.68399810791016,14.9,80.828125,148,37784.51147174835,8.5,66.20703125,37,37754.32522082329,5.6,16.05859375,14,37782.19218540192,3.8,266.8359375,95,37754.43629741669
2026-02-15T02:31:50,Spotify,6.2,28.5,543.3346005050796,173.4046597356637,29905.915211674885,163547.97381384703,0.0,1585.40625,50.982,48.0,1815.0,100.3,39.67578125,3,164.33499264717102,16.2,80.86328125,148,37786.153228998184,3.8,16.05859375,14,37783.85472750664,3.6,66.21484375,37,37756.04784536362,1.9,4.09765625,411,1771111909.0999038
2026-02-15T02:31:52,Spotify,7.4,28.5,547.9798065197328,1172.8489262055853,82260.08907085749,287616.5257156053,1.0,1585.40625,50.832,48.0,1815.0,99.5,39.67578125,3,166.0462830066681,12.5,80.8828125,148,37787.897332668304,7.3,282.3125,89,37785.5341155529,5.7,321.18359375,72,602.9745841026306,4.8,66.21484375,37,37757.69087648392
2026-02-15T02:31:54,Spotify,6.7,28.5,1112.7683269042193,945.517355114995,210018.38816674345,1178540.6871678417,0.0,1585.40625,50.855,48.0,1815.0,100.2,39.67578125,3,167.69863080978394,13.4,80.875,148,37789.53437781334,7.6,16.0234375,13,37787.2061188221,3.8,66.21484375,37,37759.351321935654,2.9,21.60546875,36,37789.543439388275
2026-02-15T02:31:55,Spotify,6.6,28.5,431.0579140251071,267.1344819310523,0.0,18961.691226524148,0.0,1585.40625,50.888,48.0,1815.0,99.6,39.67578125,3,169.31401300430298,14.2,80.859375,148,37791.185185432434,8.8,66.22265625,37,37760.95842719078,8.6,16.0234375,14,37788.84079885483,4.9,266.83984375,95,37761.06960988045
2026-02-15T02:31:57,Spotify,7.5,28.5,193.50917843878705,81.86926780102529,0.0,66686.23995428969,0.0,1585.40625,50.947,48.0,1815.0,98.5,39.6796875,3,170.9329617023468,16.5,80.84765625,148,37792.795667886734,6.8,16.0625,14,37790.44904637337,4.8,66.234375,37,37762.58798456192,3.9,279.0078125,86,239.81683707237244
2026-02-15T02:31:58,Spotify,7.1,28.5,501.4856192982436,548.9563453968638,19942.573753840832,177925.15021004868,1.0,1585.40625,51.144,49.0,1815.0,100.4,39.67578125,3,172.58220386505127,13.3,80.90625,148,37794.44069623947,5.7,21.4765625,36,37794.4442255497,5.7,66.2421875,37,37764.22875237465,4.8,266.83984375,95,37764.339668512344
2026-02-15T02:32:00,Spotify,5.8,28.5,0.0,0.0,10057.030284448409,71656.34077669491,0.0,1585.40625,51.051,49.0,1815.0,99.2,39.67578125,3,174.23664140701294,15.4,80.87109375,148,37796.06756615639,7.6,16.0234375,13,37793.745069265366,4.7,66.2421875,37,37765.89159011841,3.8,137.5859375,277,37790.98009133339
2026-02-15T02:32:02,Spotify,6.7,28.5,22297.68462744178,7744.82557639842,39179.0728656771,198650.14288925342,0.0,1585.40625,51.1,49.0,1815.0,100.1,39.6796875,3,175.92307472229004,13.0,80.8359375,148,37797.751155376434,9.3,296.75,37,245.60407495498657,5.6,66.23828125,37,37767.57948422432,5.5,16.05859375,14,37795.43914580345
2026-02-15T02:32:04,Spotify,7.2,28.5,40795.12644834943,3571.558920309278,58477.436392752046,148325.58085036586,0.0,1585.40625,51.121,49.0,1815.0,99.1,39.67578125,3,177.57894325256348,14.9,80.87890625,148,37799.420318841934,7.5,66.24609375,37,37769.23999810219,6.5,4.09765625,411,1771111922.3669858,4.7,279.02734375,86,246.45298314094543
2026-02-15T02:32:05,Spotify,6.3,28.4,0.0,32.57861324381514,1139199.2949872853,60543.129560061796,1.0,1585.40625,51.073,49.0,1815.0,99.8,39.67578125,3,179.3321623802185,13.2,80.87890625,148,37801.07985162735,8.1,16.0234375,14,37798.823471307755,8.0,221.63671875,26,630.346521615982,6.2,66.25,37,37770.99087572098
2026-02-15T02:32:07,Spotify,7.8,28.5,109473.80718465734,12905.629805603794,217440.65419032428,1288569.6832327147,1.0,1585.40625,51.163,49.0,1815.0,98.9,39.671875,3,180.97466015815735,15.2,80.8515625,148,37802.828120708466,10.5,66.26171875,37,37772.62452197075,8.9,278.9140625,86,249.85371088981628,6.2,4.1015625,411,1771111925.7758381
2026-02-15T02:32:09,Spotify,6.8,28.5,595.0827091693261,595.0827091693261,705050.0593926826,1731779.2083832768,1.0,1585.40625,51.136,50.0,1815.0,99.1,39.66796875,3,182.59947514533997,13.4,80.859375,148,37804.45454454422,5.8,66.265625,37,37774.248722314835,4.8,16.0625,13,37802.1157913208,4.7,28.77734375,22,31949.02666783333
2026-02-15T02:32:10,Spotify,7.3,28.5,394.95037193864056,1152.19059501242,19818.887883132273,155454.40183331876,0.0,1585.40625,51.299,50.0,1815.0,99.5,39.66796875,3,184.24769496917725,16.0,80.859375,148,37806.11053967476,3.8,4.10546875,411,1771111929.055837,3.8,280.0234375,88,37803.73843574524,2.9,21.55078125,36,37806.11031460762
2026-02-15T02:32:12,Spotify,5.7,28.5,71.66354171085439,67.33901764209594,253046.43693763757,1133331.7294344443,0.0,1585.40625,51.245,50.0,1815.0,98.4,39.66796875,3,185.85136008262634,13.5,80.83984375,148,37807.731545209885,5.9,16.05859375,14,37805.37130236626,4.9,66.171875,37,37777.50641417503,2.9,21.55078125,36,37807.72677516937
2026-02-15T02:32:13,Spotify,7.2,28.4,645.065541097629,494.5502481748489,0.0,96251.15090937879,0.0,1585.40625,51.222,50.0,1815.0,98.1,39.66796875,3,187.57062578201294,13.5,80.890625,148,37809.35751366615,8.2,433.6171875,11,219.09835076332092,6.3,66.1640625,37,37779.22803401947,5.5,16.0234375,13,37807.06826519966
2026-02-15T02:32:15,Spotify,6.3,28.4,15817.59894576949,10702.057664291931,0.0,90803.0599365384,0.0,1585.40625,51.335,50.0,1815.0,98.2,38.94921875,3,189.19412970542908,13.8,80.890625,148,37811.056848049164,5.8,66.1640625,37,37780.84494018555,3.8,16.0234375,13,37808.71670460701,2.9,266.81640625,95,37780.95607614517
2026-02-15T02:32:17,Spotify,6.4,28.4,0.0,181.65829228358737,60534.70089710432,256957.1939121876,0.0,1585.40625,51.223,50.0,1815.0,99.5,39.66796875,3,190.81189799308777,11.5,80.89453125,148,37812.68140029907,10.6,66.1640625,37,37782.46135997772,6.8,266.5625,95,37782.57185125351,5.8,137.51171875,277,37807.554230213165
2026-02-15T02:32:18,Spotify,6.2,28.4,1016.5345479928512,1833.0849990742759,40326.63930826846,125705.6959687431,0.0,1585.40625,51.431,51.0,1815.0,100.0,39.671875,3,192.45149612426758,13.5,80.875,148,37814.30777692795,3.8,16.0625,13,37811.96787858009,3.8,266.5625,95,37784.20881485939,3.8,66.1640625,37,37784.097589969635
2026-02-15T02:32:20,Spotify,7.7,28.4,0.0,0.0,30405.960151606192,311661.0915539635,0.0,1585.40625,51.298,51.0,1815.0,99.2,39.671875,3,194.05909705162048,14.5,80.85546875,148,37815.92803025246,8.8,66.1640625,37,37785.703353881836,4.8,4.10546875,411,1771111938.8747172,4.8,21.60546875,36,37815.928827524185
2026-02-15T02:32:22,Spotify,6.4,28.4,670.5807999682302,130.16793817230595,0.0,33796.77879067113,0.0,1585.40625,51.278,51.0,1815.0,99.6,39.671875,3,195.68967270851135,13.5,80.87890625,148,37817.54331421852,1.9,16.05859375,14,37815.202248096466,1.9,266.5625,95,37787.455741643906,1.0,3.953125,18,37818.68640565872
2026-02-15T02:32:23,Spotify,5.6,28.4,1087.6272152915114,979.661964365789,0.0,27639.104236984967,0.0,1585.40625,51.439,51.0,1815.0,99.4,39.671875,3,197.31203818321228,12.4,80.875,148,37819.17593216896,4.8,66.15234375,37,37788.96104001999,3.9,266.5625,95,37789.07203364372,1.9,278.89453125,86,266.2100694179535
2026-02-15T02:32:25,Spotify,6.0,28.4,694.9611978919555,163.26659347639026,0.0,22396.4800228443,5.0,1585.40625,51.431,51.0,1815.0,99.2,39.6796875,3,198.93254923820496,12.5,80.87890625,148,37820.798022031784,4.8,16.0234375,13,37818.448983192444,4.8,66.16015625,37,37790.57819080353,2.9,279.0,86,267.8238732814789
2026-02-15T02:32:26,Spotify,6.4,28.4,563.3589295457808,497.40772006941484,0.0,78263.74555580423,0.0,1585.40625,51.49,51.0,1815.0,98.9,39.68359375,3,200.5749547481537,14.4,80.859375,148,37822.432050943375,6.6,66.171875,37,37792.229596853256,3.9,4.10546875,411,1771111945.3694828,2.8,266.875,95,37792.33805203438
2026-02-15T02:32:28,Spotify,6.7,28.4,18963.267951232847,13634.132160253857,19961.719432876027,136924.919234884,0.0,1585.40625,51.613,51.0,1815.0,100.1,39.68359375,3,202.2136378288269,14.4,80.83984375,148,37824.06225466728,12.3,297.61328125,37,271.9018154144287,7.6,66.17578125,37,37793.88047552109,5.7,16.0234375,14,37821.737079143524
2026-02-15T02:32:30,Spotify,6.3,28.4,39.90322349080763,0.0,19811.345868890676,151680.61680869423,0.0,1585.40625,51.544,52.0,1815.0,100.0,39.68359375,3,203.86980056762695,10.4,80.890625,148,37825.7176322937,6.7,66.17578125,37,37795.5190410614,4.7,4.10546875,411,1771111948.6632335,1.9,24.65234375,6,198.79662489891052
2026-02-15T02:32:31,Spotify,6.6,28.4,391.9635539564984,1059.1484305213405,19820.77428402244,12697.683525701874,0.0,1585.40625,51.583,52.0,1815.0,99.1,38.96484375,3,205.50986909866333,13.2,80.85546875,148,37827.373057603836,10.5,66.17578125,37,37797.16089344025,4.8,16.0234375,13,37825.02921962738,4.8,124.8671875,51,37808.16111564636
2026-02-15T02:32:33,Spotify,6.7,28.4,604.4874865142831,465.6519459124254,478085.712911459,138707.76275917987,1.0,1585.40625,51.629,52.0,1815.0,98.2,39.68359375,3,207.16423106193542,12.5,80.8359375,148,37828.99675607681,6.6,16.0234375,13,37826.68497610092,5.7,66.1875,37,37798.81442737579,3.8,18.8125,9,37814.30815553665
2026-02-15T02:32:35,Spotify,6.4,28.4,39.8346120887826,72.42656743415017,467238.27183118963,26266.701789451796,0.0,1585.40625,51.685,52.0,1815.0,100.3,38.96484375,3,208.78454637527466,14.1,80.88671875,148,37830.653764247894,5.8,66.19921875,37,37800.43038034439,3.9,16.0234375,13,37828.297768592834,3.9,266.83984375,95,37800.541825056076
2026-02-15T02:32:36,Spotify,6.9,28.4,48.53073225610785,34.22038812930681,0.0,8282.578305042405,1.0,1585.40625,51.747,52.0,1815.0,98.4,39.671875,3,210.42096996307373,13.6,80.8671875,148,37832.26443982124,7.6,66.203125,37,37802.06839132309,5.7,16.0625,14,37829.94616770744,2.9,21.609375,36,37832.284217596054
2026-02-15T02:32:38,Spotify,6.2,28.4,621.0064804384772,719.8306944178812,9994.666184188614,95573.99538630362,0.0,1585.40625,52.353,52.0,1815.0,100.5,39.67578125,3,212.03756952285767,13.4,80.8828125,148,37833.898290634155,4.8,66.171875,37,37803.6795694828,2.9,16.0234375,13,37831.55477333069,2.9,137.03515625,277,37828.780153274536
2026-02-15T02:32:40,Spotify,6.2,28.4,1485.8985949128962,33.44665449157832,0.0,12367.829571996963,0.0,1585.40625,52.104,52.0,1815.0,100.1,39.67578125,3,213.66128063201904,13.5,80.87890625,148,37835.513808488846,3.8,66.171875,37,37805.318803310394,2.9,16.0234375,13,37833.158715963364,1.9,24.65234375,6,208.59446334838867
2026-02-15T02:32:41,Spotify,6.3,28.4,444718.4114163252,15426.964099253002,50010.95761815616,331635.162705398,0.0,1585.40625,52.025,52.0,1815.0,99.3,39.6796875,3,215.29734015464783,12.4,80.859375,148,37837.15389227867,6.7,66.171875,37,37806.95201945305,2.9,4.10546875,411,1771111960.0995572,2.9,266.8359375,95,37807.06318116188
2026-02-15T02:32:43,Spotify,6.1,28.4,736700.8890897656,13071.294364188494,10015.905287759062,1023813.3186331217,0.0,1585.40625,51.937,51.0,1815.0,100.2,39.6796875,3,216.95080661773682,15.3,80.87890625,148,37838.78910636902,5.7,16.0625,14,37836.46689796448,4.8,4.10546875,411,1771111961.7359116,3.8,266.84375,95,37808.70771598816
2026-02-15T02:32:45,Spotify,6.4,28.4,1561219.6977549605,9684.08051032188,0.0,1566929.0873659991,0.0,1585.40625,52.011,51.0,1815.0,100.5,39.6796875,3,218.6144483089447,14.3,80.87890625,148,37840.43174099922,5.6,279.328125,86,287.4937846660614,4.7,16.0625,14,37838.133185625076,4.7,66.171875,37,37810.25817322731
2026-02-15T02:32:46,Spotify,8.0,28.5,336.67828595552453,1218.7395147022362,1278607.2528258231,3658849.777602631,0.0,1585.40625,51.76,51.0,1815.0,98.5,39.6796875,3,220.24860906600952,13.9,80.84375,148,37842.115485191345,11.5,433.3125,11,251.76832604408264,10.5,66.171875,37,37811.900022506714,6.7,97.52734375,33,37835.157589673996
2026-02-15T02:32:48,Spotify,8.2,28.5,588.2814609065573,683.0871508873661,547636.5599711951,2563934.8035015045,0.0,1585.40625,51.776,50.0,1815.0,99.7,39.67578125,3,221.87888836860657,13.3,80.859375,148,37843.7509701252,5.7,66.171875,37,37813.5362329483,4.8,266.84375,95,37813.647386074066,2.9,16.0234375,13,37841.40512561798
2026-02-15T02:32:49,Spotify,6.7,28.5,3978.5406009870353,2107.290782831551,1169182.259262437,4526833.875605846,0.0,1585.40625,51.848,50.0,1815.0,97.4,39.6796875,3,223.5481197834015,15.2,80.8671875,148,37845.39450979233,5.6,66.1796875,37,37815.19641184807,4.7,266.82421875,95,37815.30789899826,3.8,16.0625,14,37843.069060087204
2026-02-15T02:32:51,Spotify,5.7,28.5,30.382846830119462,32.81347457652902,418145.7524703289,1767163.5967496042,5.0,1585.40625,51.627,50.0,1815.0,99.4,39.68359375,3,225.16652750968933,14.3,80.81640625,148,37847.033891916275,5.8,66.1796875,37,37816.81445097923,4.8,266.8359375,95,37816.92538738251,1.9,4.109375,404,1771111969.9818082
2026-02-15T02:32:53,Spotify,6.7,28.5,2116.165815066278,564.6007413839878,447765.0341702435,1813957.2122919522,0.0,1585.40625,51.675,50.0,1815.0,100.4,39.68359375,3,226.8165407180786,13.6,80.875,148,37848.64209270477,6.7,66.19921875,37,37818.457310438156,5.7,16.0234375,13,37846.33301901817,2.9,21.5546875,36,37848.65523505211
2026-02-15T02:32:54,Spotify,5.9,28.5,103.97595043654546,105.78948445578754,515024.31710187654,1852106.6788086714,0.0,1585.40625,51.615,49.0,1815.0,98.3,39.68359375,3,228.4694004058838,13.2,80.83984375,148,37850.29855513573,8.4,296.8125,37,298.14760541915894,6.5,66.20703125,37,37820.13821721077,2.8,270.9921875,88,37847.951406002045
2026-02-15T02:32:56,Spotify,6.6,28.5,23434.808601322147,10260.912146829349,265692.99839432247,1520354.3797008453,1.0,1585.40625,51.721,49.0,1815.0,99.4,39.68359375,3,230.10520362854004,14.1,80.875,148,37851.96347618103,8.6,66.2109375,37,37821.76790833473,6.7,266.84375,95,37821.879344940186,3.8,16.0234375,13,37849.62604212761
2026-02-15T02:32:58,Spotify,6.5,28.5,915.1613281909451,1240.05270880286,736268.2394691128,4057559.3433580752,0.0,1585.40625,51.566,49.0,1815.0,98.2,39.68359375,3,231.79092931747437,13.3,80.875,148,37853.608127593994,5.5,66.203125,37,37823.46943092346,3.7,16.0234375,14,37851.308706998825,1.9,4.11328125,404,1771111976.555111
2026-02-15T02:32:59,Spotify,7.1,28.4,477.33565688968486,1371.0075008680155,203764.28716140514,1479716.8472435372,0.0,1585.40625,51.435,49.0,1815.0,99.2,39.68359375,3,233.46108102798462,13.0,80.8671875,148,37855.297434806824,8.5,66.203125,37,37825.12171006203,5.7,266.5625,95,37825.23277616501,4.7,272.2578125,88,37852.93801522255
2026-02-15T02:33:01,Spotify,6.7,28.4,598.2273675428222,428.0000678355151,0.0,1277463.4751977848,0.0,1585.40625,51.569,48.0,1815.0,99.8,39.68359375,3,235.08989906311035,15.2,80.87109375,148,37856.94079375267,5.9,66.203125,37,37826.72038125992,4.9,266.5625,95,37826.831681489944,3.8,4.11328125,404,1771111979.8884485
2026-02-15T02:33:03,Spotify,6.1,28.4,41.115478854920575,224.88921010039888,1183966.3128006996,13261570.946559127,0.0,1585.40625,51.342,48.0,1815.0,99.9,39.68359375,3,236.6852262020111,13.6,80.8828125,148,37858.54687547684,6.8,66.203125,37,37828.33805632591,5.8,266.5625,95,37828.44914293289,2.9,4.1171875,404,1771111981.4937124
2026-02-15T02:33:04,Spotify,6.5,28.4,244.82910729266274,0.0,10078.593200711022,252594.74209281997,0.0,1585.40625,51.403,48.0,1815.0,97.4,39.6796875,3,238.35321474075317,14.4,80.84375,148,37860.176728248596,3.7,66.20703125,37,37830.00658249855,2.8,16.0234375,13,37857.865641117096,2.8,266.5625,95,37830.118104696274
2026-02-15T02:33:06,Spotify,6.9,28.3,584.0837218750243,457.3713441955252,0.0,115542.3798909139,1.0,1585.40625,51.478,48.0,1815.0,99.1,39.6796875,3,239.9612636566162,15.1,80.875,148,37861.827817201614,6.8,16.0234375,13,37859.48099899292,5.9,266.5625,95,37831.71729516983,4.9,66.20703125,37,37831.605925798416
2026-02-15T02:33:07,Spotify,6.2,28.3,0.0,314.79745941460004,0.0,109472.21907436514,0.0,1585.40625,51.29,48.0,1815.0,100.1,39.671875,3,241.56971740722656,13.6,80.875,148,37863.435942173004,4.9,66.2109375,37,37833.20528793335,3.9,16.0234375,13,37861.080666065216,2.0,24.65234375,6,236.48184156417847
2026-02-15T02:33:09,Spotify,5.7,28.3,0.0,33.71889528734001,112536.1885975105,138432.30017818764,0.0,1585.40625,51.423,47.0,1815.0,99.9,39.671875,3,243.1644926071167,11.7,80.87890625,148,37865.038313150406,6.8,16.0234375,14,37862.68641781807,3.9,137.234375,277,37859.908680677414,2.9,66.21484375,37,37834.80905795097
2026-02-15T02:33:11,Spotify,6.4,28.3,780.5560174563301,680.484733167057,0.0,84219.99285785224,0.0,1585.40625,51.256,47.0,1815.0,98.9,39.67578125,3,244.7602560520172,14.7,80.87890625,148,37866.632083654404,6.9,16.0234375,13,37864.27665400505,3.9,21.609375,36,37866.6379070282,3.0,266.8828125,95,37836.49304175377
2026-02-15T02:33:12,Spotify,6.5,28.3,0.0,0.0,0.0,85725.64351683125,0.0,1585.40625,51.021,47.0,1815.0,97.3,39.6796875,3,246.36658573150635,12.0,80.8125,148,37868.19884181023,8.6,66.203125,37,37838.01686620712,2.0,4.1171875,404,1771111991.1459167,2.0,3.953125,18,37869.33825325966
2026-02-15T02:33:14,Spotify,5.8,28.3,40.34035439301496,61.73296657112896,10014.187369320563,93883.00658738028,0.0,1585.40625,50.795,47.0,1815.0,99.9,39.6796875,3,247.96125388145447,14.3,80.88671875,148,37869.840192079544,6.9,66.20703125,37,37839.605581998825,3.9,16.0234375,14,37867.489142656326,3.8,4.1171875,404,1771111992.7819283
2026-02-15T02:33:15,Spotify,6.8,28.3,0.0,53.90394249849926,0.0,20859.57216686111,1.0,1585.40625,50.742,48.0,1815.0,98.5,39.6796875,3,249.54760098457336,14.7,80.86328125,148,37871.43092536926,5.9,16.0234375,13,37869.07080030441,3.0,66.20703125,37,37841.17729759216,2.9,4.1171875,404,1771111994.3771799
2026-02-15T02:33:17,Spotify,5.9,28.3,1337.9049715443023,923.0012351398192,10458.127411155461,80070.037991659,1.0,1585.40625,50.919,48.0,1815.0,100.0,39.6875,3,251.14102387428284,10.9,80.890625,148,37873.00039935112,10.7,66.2109375,37,37842.782303094864,2.9,16.0234375,13,37870.66210722923,2.0,6.08203125,4,37860.8837184906
2026-02-15T02:33:19,Spotify,6.4,28.3,665.1169510055322,294.9219875516182,10108.790468714878,30642.271108291978,0.0,1585.40625,50.652,48.0,1815.0,99.7,39.6953125,3,253.02159690856934,16.4,80.8515625,148,37874.61682319641,9.6,297.01953125,39,322.7660024166107,8.9,66.21875,37,37844.71599793434,6.8,41.12109375,10,37869.560442209244
2026-02-15T02:33:21,Spotify,13.9,28.6,11580.24156699827,6613.278625157849,25037.038510649203,182822.54162463636,0.0,1585.40625,50.658,48.0,1815.0,98.6,38.97265625,3,254.85945463180542,31.6,41.12890625,10,37871.43382358551,17.2,8.78125,9,37876.63229441643,15.1,80.84765625,148,37876.58721590042,13.5,4.1171875,405,1771111999.5294409
2026-02-15T02:33:23,Spotify,11.0,28.6,2556.2948115457875,2336.5374826139123,0.0,9100.538798120024,0.0,1585.40625,50.916,48.0,1815.0,98.0,39.6953125,3,256.6766872406006,30.9,41.12890625,10,37873.256138801575,30.4,15.3984375,12,37878.64932537079,17.8,8.78125,9,37878.47727060318,16.0,80.84765625,148,37878.44054865837
2026-02-15T02:33:24,Spotify,9.0,28.5,99.73867211937335,101.47830012145545,9500.688395371006,206936.86911167472,1.0,1585.40625,50.81,49.0,1815.0,99.6,39.6953125,3,258.3874249458313,22.9,41.0625,10,37874.96486449242,17.9,71.0859375,12,6.748740196228027,15.4,80.8984375,148,37880.16644239426,11.8,8.84375,9,37880.205651044846
2026-02-15T02:33:26,Spotify,11.0,28.5,560.960508181454,401.3375993493329,0.0,27436.897700972575,0.0,1585.40625,50.878,49.0,1815.0,100.5,39.69140625,3,260.12813806533813,42.2,41.08203125,10,37876.705976486206,21.6,8.734375,9,37881.93990302086,18.7,15.50390625,12,37882.11782836914,13.4,80.8828125,148,37881.91892886162
2026-02-15T02:33:28,Spotify,10.7,28.5,72.58845841949925,0.0,9438.803990040284,128603.70436429886,1.0,1585.40625,50.913,49.0,1815.0,99.1,39.69140625,3,261.87769651412964,43.8,41.05078125,10,37878.4552834034,26.0,15.3984375,12,37883.857515096664,22.4,8.765625,9,37883.68106532097,15.3,80.8828125,148,37883.654223918915
2026-02-15T02:33:30,Spotify,11.3,28.5,187.48615919767235,1295.358918093009,9308.403734226253,178604.99665046623,0.0,1585.40625,50.975,49.0,1815.0,100.1,39.6953125,3,263.6426377296448,39.1,41.08203125,10,37880.21633410454,23.1,71.75390625,12,12.00196361541748,19.5,15.45703125,12,37885.62343645096,17.7,8.65625,9,37885.4477186203
2026-02-15T02:33:31,Spotify,10.6,28.5,579.4014263436632,581.6780527733043,46625.30927904999,295196.4893729852,1.0,1585.40625,50.921,49.0,1815.0,99.2,39.69140625,3,265.3912556171417,32.1,41.0625,10,37881.96900129318,24.1,15.31640625,12,37887.37596321106,20.4,8.65625,9,37887.20515489578,16.1,80.8984375,148,37887.172301054
2026-02-15T02:33:33,Spotify,11.1,28.5,0.0,0.0,0.0,51878.17501435888,0.0,1585.40625,50.967,49.0,1815.0,99.7,39.69140625,3,267.1458876132965,42.7,41.0625,10,37883.72434544563,25.9,8.625,9,37888.955493211746,21.3,15.39453125,12,37889.13306093216,16.3,71.75390625,12,15.57720398902893
2026-02-15T02:33:35,Spotify,12.5,28.5,5510.438049462694,2766.514293205898,0.0,106354.04400154854,0.0,1585.40625,50.875,50.0,1815.0,99.9,39.6953125,2,268.99509048461914,27.1,41.02734375,10,37885.56862139702,24.6,72.2265625,12,17.354636669158936,23.0,8.65625,9,37890.78817367554,18.6,148.67578125,23,720.1927952766418
2026-02-15T02:33:37,Spotify,11.0,28.5,2327.170923126407,30.35440334512705,73678.00657874986,740233.7223458776,0.0,1585.40625,51.165,50.0,1815.0,99.8,38.96484375,3,270.6982891559601,27.3,41.08203125,10,37887.279722929,22.9,15.3671875,12,37892.72933268547,20.4,8.609375,9,37892.55220937729,13.2,4.1171875,405,1771112015.4674113
2026-02-15T02:33:38,Spotify,7.4,28.4,6366.6854148046605,3338.6061601372703,0.0,280871.88061506406,0.0,1585.40625,51.302,50.0,1815.0,98.0,38.9609375,3,272.37256383895874,12.0,80.890625,148,37894.220786094666,11.3,66.25,37,37864.01575279236,5.6,276.29296875,88,37891.85082101822,5.5,4.1171875,405,1771112017.1641788
2026-02-15T02:33:40,Spotify,6.4,28.4,694.2133461437983,529.7307414825499,0.0,38082.560702745504,0.0,1585.40625,51.264,50.0,1815.0,99.4,39.6875,3,274.02259254455566,15.1,80.87109375,148,37895.8791475296,8.6,66.25390625,37,37865.653834819794,4.7,16.05859375,14,37893.54314041138,3.8,4.1171875,405,1771112018.8194952
2026-02-15T02:33:42,Spotify,5.7,28.4,214.31901743042545,758.0769816539049,0.0,77438.97205806093,0.0,1585.40625,51.161,50.0,1815.0,99.7,39.6875,3,275.6368725299835,13.4,80.83984375,148,37897.50601172447,6.8,66.25,37,37867.26089262962,5.8,16.05859375,14,37895.15026760101,2.9,266.8203125,95,37867.37241482735
2026-02-15T02:33:43,Spotify,6.2,28.4,688.1610395499102,654.3785885174601,0.0,8968.615148170466,1.0,1585.40625,51.537,50.0,1815.0,99.2,39.6875,3,277.258736371994,12.7,80.875,148,37899.10606598854,6.7,16.05859375,13,37896.773085832596,5.7,266.56640625,95,37869.00547504425,5.7,66.23046875,37,37868.89443612099
2026-02-15T02:33:45,Spotify,6.4,28.4,0.0,199.00210139907068,0.0,6854.922538712942,0.0,1585.40625,51.302,51.0,1815.0,98.2,39.69140625,3,278.8971405029297,24.1,295.40625,39,348.54860162734985,11.4,80.86328125,148,37900.74663949013,2.9,16.05859375,14,37898.41440844536,2.9,66.23046875,37,37870.52035880089
2026-02-15T02:33:46,Spotify,6.4,28.4,122.1876862762523,99.9717433169337,0.0,10110.722484596554,0.0,1585.40625,51.372,51.0,1815.0,98.5,39.69921875,3,280.548157453537,11.5,80.875,148,37902.37237739563,11.1,66.23046875,37,37872.20571947098,2.9,16.0234375,13,37900.05335736275,2.9,70.19140625,56,37898.7685418129
2026-02-15T02:33:48,Spotify,6.5,28.4,1732.6701878995948,452.8841387682389,0.0,65463.86453371821,5.0,1585.40625,51.581,51.0,1815.0,99.8,39.69921875,3,282.1752426624298,14.0,80.859375,148,37904.0401468277,5.7,16.05859375,13,37901.69993019104,2.0,266.56640625,95,37873.92103600502,1.9,4.1171875,405,1771112026.986764
2026-02-15T02:33:50,Spotify,5.9,28.4,0.0,183.07426411545524,0.0,11120.985806606637,0.0,1585.40625,51.462,51.0,1815.0,99.1,39.6953125,3,283.79831624031067,14.6,80.84765625,148,37905.649283885956,7.7,66.234375,37,37875.42888402939,5.8,266.56640625,95,37875.54038786888,1.9,4.1171875,405,1771112028.5973346
2026-02-15T02:33:51,Spotify,6.5,28.4,0.0,0.0,0.0,4134.734257380225,0.0,1585.40625,51.512,51.0,1815.0,96.9,39.6953125,3,285.4104473590851,13.6,80.87890625,148,37907.25798201561,6.7,66.234375,37,37877.05567741394,5.8,16.05859375,14,37904.9372048378,4.8,318.03515625,68,722.3379402160645
2026-02-15T02:33:53,Spotify,6.8,28.4,587.0250091919512,587.0250091919512,0.0,626263.5073270297,1.0,1585.40625,51.611,51.0,1815.0,96.9,38.9765625,3,287.0873236656189,14.2,80.87890625,148,37908.91541433334,6.5,66.24609375,37,37878.731144189835,5.6,16.0625,14,37906.602298259735,4.7,18.828125,9,37894.2204477787
2026-02-15T02:33:55,Spotify,6.1,28.4,258.41761502779445,299.3139807087986,0.0,49160.9877542784,0.0,1585.40625,51.703,51.0,1815.0,98.7,39.69921875,3,288.73345613479614,13.0,80.84765625,148,37910.59691667557,5.7,66.25,37,37880.368136167526,4.8,266.83984375,95,37880.47888946533,2.9,16.0234375,13,37908.24313759804
2026-02-15T02:33:56,Spotify,5.7,28.4,40.594723174067155,73.808587589213,0.0,9447.499211419265,0.0,1585.40625,51.735,52.0,1815.0,99.3,39.69921875,3,290.3390724658966,11.5,80.87890625,148,37912.222739219666,3.9,266.83984375,95,37882.0777797699,3.0,294.65234375,39,359.9880802631378,2.9,16.0234375,14,37909.8660633564
2026-02-15T02:33:58,Spotify,5.7,28.4,653.5331961643725,479.0891321978669,0.0,15209.499838007214,0.0,1585.40625,51.621,52.0,1815.0,98.8,39.69921875,3,291.9520683288574,14.8,80.86328125,148,37913.804905653,5.8,66.26171875,37,37883.58016204834,2.9,16.0625,14,37911.47497034073,2.9,266.8359375,95,37883.69166016579
2026-02-15T02:33:59,Spotify,6.0,28.4,2628.4566558092283,3012.5683544567596,0.0,9455.057197477692,0.0,1585.40625,51.727,52.0,1815.0,100.1,39.6953125,3,293.5448796749115,12.5,80.890625,148,37915.42905974388,5.9,66.26171875,37,37885.166335105896,2.9,16.05859375,14,37913.072125434875,2.0,25.87109375,105,37889.79826402664
2026-02-15T02:34:01,Spotify,5.6,28.3,0.0,0.0,0.0,15261.684553211378,1.0,1585.40625,51.562,52.0,1815.0,99.4,39.6953125,3,295.1480484008789,12.9,80.859375,148,37917.00534939766,5.8,66.26171875,37,37886.77662730217,4.9,266.83984375,95,37886.88769984245,2.9,16.0234375,14,37914.66863489151
2026-02-15T02:34:03,Spotify,6.3,28.4,650.7357055265392,684.1384888900687,0.0,138084.6321445821,0.0,1585.40625,51.494,52.0,1815.0,99.1,39.6953125,3,296.7568244934082,15.4,80.828125,148,37918.62425494194,2.9,66.26171875,37,37888.38105273247,2.0,16.05859375,14,37916.27243065834,1.9,21.609375,36,37918.62398600578
2026-02-15T02:34:04,Spotify,6.0,28.3,273.124030312802,182.08268687520135,0.0,72473.89794309385,0.0,1585.40625,52.254,52.0,1815.0,98.6,39.6953125,3,298.37681317329407,14.6,80.859375,148,37920.2248814106,5.8,66.265625,37,37890.010227680206,4.9,4.1171875,405,1771112043.1728916,4.8,16.0234375,13,37917.89343738556
2026-02-15T02:34:06,Spotify,6.7,28.3,47.74155828994373,33.663919307011604,0.0,5014.087762964346,1.0,1585.40625,51.842,52.0,1815.0,100.2,39.6953125,3,299.9964292049408,15.3,80.875,148,37921.859181165695,6.7,66.26953125,37,37891.63629221916,3.9,16.0234375,13,37919.512731313705,2.9,4.1171875,405,1771112044.8069887
2026-02-15T02:34:08,Spotify,5.9,28.3,4851.624487116556,1324.2356691888185,0.0,105159.23831113963,0.0,1585.40625,51.992,52.0,1815.0,99.0,39.76953125,3,301.62155389785767,11.5,80.90625,148,37923.482880830765,7.7,266.84375,95,37893.37050008774,6.8,16.0625,14,37921.13275337219,6.7,66.26953125,37,37893.25946044922
2026-02-15T02:34:09,Spotify,7.4,28.3,36.934359232964596,25.854051463075216,0.0,66501.54494426052,1.0,1585.40625,51.98,51.0,1815.0,97.2,39.76953125,3,303.2454571723938,13.4,80.8671875,148,37925.1108648777,7.7,66.2734375,37,37894.883914232254,2.9,16.0234375,13,37922.77085518837,1.9,4.1171875,405,1771112048.0563788
2026-02-15T02:34:11,Spotify,5.8,28.3,30.965717809209487,0.0,0.0,7610.134808791323,0.0,1585.40625,51.99,51.0,1815.0,98.5,39.76953125,3,304.8949387073517,13.6,80.8359375,148,37926.721532821655,13.4,294.26171875,39,374.5365436077118,2.9,266.83984375,95,37896.634863615036,2.9,66.2578125,37,37896.5236685276
2026-02-15T02:34:12,Spotify,6.4,28.3,593.6883600073113,593.6883600073113,0.0,70653.821356242,1.0,1585.40625,52.059,51.0,1815.0,100.2,39.7734375,3,306.4859793186188,13.4,80.875,148,37928.36024785042,4.9,16.0625,14,37926.00649905205,4.9,66.26171875,37,37898.12897706032,2.9,266.83984375,95,37898.23730182648
2026-02-15T02:34:14,Spotify,6.1,28.3,41.081955978159,62.86784172415241,0.0,11473.069887718588,0.0,1585.40625,51.897,51.0,1815.0,99.9,39.7734375,3,308.1129412651062,14.7,80.87109375,148,37929.955931186676,4.9,66.26171875,37,37899.7313375473,1.9,21.55859375,36,37929.96811413765,1.9,16.0234375,13,37927.630026340485
2026-02-15T02:34:16,Spotify,5.4,28.3,0.0,87.15520966064979,0.0,14024.518308822275,1.0,1585.40625,52.003,50.0,1815.0,96.9,39.7734375,3,309.74099922180176,11.6,80.88671875,148,37931.56691622734,6.6,66.265625,37,37901.3861477375,2.9,4.1171875,405,1771112054.5110857,2.9,16.0234375,13,37929.24652791023
2026-02-15T02:34:17,Spotify,5.8,28.3,590.2538967143133,487.0794350935187,0.0,10135.091299679916,0.0,1585.40625,51.84,50.0,1815.0,98.7,39.7734375,3,311.40227365493774,15.9,80.875,148,37933.23391914368,4.7,66.26953125,37,37903.034287691116,4.6,16.0625,14,37930.92895579338,1.9,24.78515625,8,306.3163630962372
2026-02-15T02:34:19,Spotify,6.4,28.3,2875.470704883214,2812.5621486803734,0.0,312.7104929694574,0.0,1585.40625,51.767,50.0,1815.0,97.3,39.7734375,3,313.0407702922821,14.3,80.8359375,148,37934.86920928955,6.6,66.2734375,37,37904.68227171898,3.8,291.375,39,382.71321058273315,2.9,21.55859375,36,37934.87867283821
2026-02-15T02:34:21,Spotify,6.7,28.3,47.0082581643003,33.14684870559636,308.5670279502789,110466.99600619984,0.0,1585.40625,51.801,49.0,1815.0,97.6,39.7734375,3,314.68889904022217,14.1,80.85546875,148,37936.5267701149,6.6,21.55859375,36,37936.5384786129,4.7,266.83984375,95,37906.445422410965,3.8,16.0625,13,37934.201897621155
2026-02-15T02:34:22,Spotify,6.3,28.3,1254.2842423909303,684.9292225665313,0.0,47962.07756742971,0.0,1585.40625,51.465,49.0,1815.0,99.2,39.76953125,3,316.29549074172974,12.4,80.8671875,148,37938.17051625252,6.8,66.28125,37,37907.93960094452,2.9,16.0234375,13,37935.81679582596,2.9,266.84375,95,37908.05031704903
2026-02-15T02:34:24,Spotify,7.3,28.2,698.808450607168,940.2946295994391,52531.37688503373,106664.32013851362,0.0,1585.40625,51.563,49.0,1815.0,100.3,39.76953125,3,317.9007978439331,13.7,80.82421875,148,37939.77001786232,6.8,66.296875,37,37909.5365357399,3.9,16.0234375,13,37937.42693519592,2.0,4.1171875,404,1771112062.7177138
2026-02-15T02:34:25,Spotify,5.7,28.2,594.1922708734468,437.5302330696283,30678.296741566865,195254.57613643078,1.0,1585.40625,51.622,49.0,1815.0,100.4,39.05859375,3,319.5027985572815,10.7,80.875,148,37941.37630414963,4.9,66.30078125,37,37911.12885546684,3.9,16.0234375,13,37939.02221250534,3.9,266.84375,95,37911.240191698074
2026-02-15T02:34:27,Spotify,6.0,28.2,616.1751138533862,803.9557528892839,0.0,21836.023869448927,1.0,1585.40625,51.593,48.0,1815.0,99.1,39.05859375,3,321.07993245124817,15.0,80.85546875,148,37942.94213080406,4.9,66.29296875,37,37912.71183228493,3.0,266.5703125,95,37912.82286095619,2.0,16.05859375,14,37940.60546207428
2026-02-15T02:34:29,Spotify,5.5,28.2,0.0,150.58109715957903,0.0,11196.73552323509,1.0,1585.40625,51.637,48.0,1815.0,98.4,39.76953125,3,322.6683130264282,11.7,80.87109375,148,37944.54375052452,7.9,66.296875,37,37914.29722857475,4.0,16.0625,14,37942.18709039688,3.9,21.484375,36,37944.544117212296
2026-02-15T02:34:30,Spotify,6.2,28.2,371.7813135118366,68.2863637062557,0.0,62479.49366664224,0.0,1585.40625,51.593,48.0,1815.0,100.2,39.76953125,3,324.2738268375397,12.8,80.8671875,148,37946.125524520874,8.8,66.28515625,37,37915.89812517166,6.8,266.5703125,95,37916.00965714455,5.8,16.0234375,13,37943.80400180817
2026-02-15T02:34:32,Spotify,6.8,28.2,2121.12833686124,441.40536480943325,0.0,3852.265001973236,1.0,1585.40625,51.314,48.0,1815.0,100.2,39.76953125,3,325.8331627845764,13.7,80.87890625,148,37947.71942996979,7.0,66.29296875,37,37917.45242214203,2.0,16.0234375,13,37945.36381316185,2.0,24.78515625,8,320.7385492324829
2026-02-15T02:34:33,Spotify,6.0,28.2,5832.726528655337,2605.271567466875,0.0,24861.438417178924,0.0,1585.40625,51.421,48.0,1815.0,100.2,39.05859375,3,327.392942905426,10.1,80.8515625,148,37949.26644897461,7.0,266.5703125,95,37919.134731292725,5.0,66.29296875,37,37919.0231757164,3.0,16.0234375,13,37946.913547992706
2026-02-15T02:34:35,Spotify,6.0,28.2,789.025443913735,0.0,0.0,25411.709780757195,1.0,1585.40625,51.385,47.0,1815.0,97.9,39.76953125,3,328.95768880844116,12.9,80.81640625,148,37950.84194278717,7.0,66.30078125,37,37920.594727277756,6.0,16.0234375,13,37948.482340574265,4.0,4.1171875,404,1771112073.7870262
2026-02-15T02:34:36,Spotify,6.3,28.2,982.5707976118392,443.9857776115114,0.0,6457.97494707653,0.0,1585.40625,51.313,47.0,1815.0,97.6,39.765625,3,330.5259304046631,14.8,80.86328125,148,37952.42226409912,5.0,66.30078125,37,37922.14925694466,3.0,280.8671875,87,399.43521070480347,2.0,266.5703125,95,37922.260615587234
2026-02-15T02:34:38,Spotify,5.8,28.2,0.0,34.94012635328104,0.0,15570.35556602509,3.0,1598.46875,51.256,47.0,1815.0,100.3,39.76171875,3,332.13039541244507,31.3,299.11328125,39,401.90031576156616,14.1,80.83984375,148,37953.9710624218,10.7,125.16015625,97,402.181524515152,5.5,66.25390625,37,37923.85179448128
2026-02-15T02:34:40,Spotify,9.5,28.2,24398.655441162136,23334.04089727153,18735.386344901948,164812.85175280934,5.0,1603.5625,51.055,47.0,1815.0,98.6,39.765625,3,333.90541791915894,18.4,284.30078125,91,402.77289748191833,17.0,80.87109375,148,37955.71976470947,6.5,66.25390625,37,37925.5288670063,5.8,299.875,37,403.52189350128174
2026-02-15T02:34:41,Spotify,6.7,28.2,288660.936795342,18080.229336961384,61619.0509302688,606710.6553134158,1.0,1603.5625,50.837,48.0,1815.0,99.0,39.05859375,3,335.45162200927734,15.4,80.87890625,148,37957.34550857544,6.1,16.0234375,14,37954.97767472267,6.0,66.2578125,37,37927.084149837494,3.0,6.0859375,4,37945.20522236824
2026-02-15T02:34:43,Spotify,6.8,28.2,2663.3240129952733,6830.199226225162,62815.595914944184,242101.7759221807,0.0,1603.3125,50.813,48.0,1815.0,97.8,39.76953125,3,337.0651032924652,14.1,80.8671875,148,37958.90135240555,7.7,66.26953125,37,37928.70236945152,4.9,16.05859375,14,37956.58264017105,2.0,4.1171875,404,1771112081.848874
2026-02-15T02:34:45,Spotify,7.2,28.2,1126.1447521766759,3220.4543431515312,10071.373154837696,83718.28934958835,0.0,1603.3125,50.986,48.0,1815.0,99.6,39.76953125,3,338.6966953277588,12.5,80.87890625,148,37960.52955842018,9.6,266.89453125,95,37930.438354730606,6.7,66.26953125,37,37930.32730102539,4.8,21.58984375,36,37960.52974462509
2026-02-15T02:34:46,Spotify,7.1,28.2,5931513.21122566,27449.156895082506,252366.38154532545,3221772.318403011,1.0,1602.8125,51.007,48.0,1815.0,99.1,39.05859375,3,340.2578239440918,18.3,80.86328125,148,37962.14978337288,8.0,66.2734375,37,37931.88516664505,5.0,266.83984375,95,37931.9959321022,4.8,279.44140625,91,409.17504596710205
2026-02-15T02:34:48,Spotify,8.6,28.2,0.0,0.0,982201.2303963148,6672763.600857759,0.0,1602.8125,50.905,48.0,1815.0,100.3,39.76953125,3,341.8191349506378,12.1,66.27734375,37,37933.43404793739,11.1,80.890625,148,37963.700882434845,3.0,4.1171875,404,1771112086.649778,3.0,16.0625,14,37961.34018468857
2026-02-15T02:34:49,Spotify,6.8,28.2,55.514468445829436,55.514468445829436,0.0,17186.246603508873,0.0,1602.625,51.169,48.0,1815.0,99.2,39.76953125,3,343.37508368492126,12.1,80.8515625,148,37965.250314474106,11.0,66.27734375,37,37935.003520965576,4.0,16.0234375,13,37962.894367456436,4.0,174.29296875,156,37960.11291861534
2026-02-15T02:34:51,Spotify,6.0,28.2,710.9167538025276,524.8764881941324,0.0,26186.286183229797,0.0,1602.0,51.097,49.0,1815.0,100.4,39.05859375,3,344.9316027164459,17.0,80.8828125,148,37966.81309056282,4.0,16.0625,14,37964.45725226402,4.0,266.83984375,95,37936.67635536194,3.0,66.28125,37,37936.56503844261
2026-02-15T02:34:52,Spotify,6.1,28.2,206.8701921430232,1192.6960460591583,0.0,41517.05979601216,0.0,1601.75,51.05,49.0,1815.0,97.6,39.76953125,3,346.53189992904663,12.0,80.87109375,148,37968.382768154144,4.9,266.83984375,95,37938.28487920761,4.9,66.28515625,37,37938.173808813095,4.0,16.0234375,13,37966.03353214264
2026-02-15T02:34:54,Spotify,7.2,28.2,107.2023076824773,109.07211537461353,0.0,4786.7076918687535,1.0,1599.875,51.3,49.0,1815.0,100.3,39.76953125,3,348.10610699653625,14.6,80.890625,148,37969.98818421364,6.0,137.6328125,277,37964.84989285469,5.9,16.0234375,13,37967.63501262665,5.0,66.296875,37,37939.72959923744
2026-02-15T02:34:56,Spotify,6.3,28.2,628.4361186136505,449.61283282927843,0.0,13406.637197091211,0.0,1599.875,51.228,49.0,1815.0,100.1,39.76953125,3,349.66625690460205,13.0,80.8671875,148,37971.550951719284,6.1,16.0234375,13,37969.18350863457,2.0,66.42578125,37,37941.29581260681,2.0,91.171875,58,37934.139469623566
2026-02-15T02:34:57,Spotify,5.8,28.2,0.0,0.0,0.0,30331.750480342092,1.0,1599.875,51.215,49.0,1815.0,99.6,39.76953125,3,351.2198781967163,12.1,80.8359375,148,37973.10311675072,4.0,16.0625,14,37970.74518084526,3.0,266.84375,95,37942.96731686592,3.0,66.43359375,37,37942.85614800453
2026-02-15T02:34:59,Spotify,6.1,28.2,162.83830107592223,1164.32603417527,0.0,224415.63680926466,0.0,1599.875,51.295,49.0,1815.0,100.0,39.76953125,3,352.8328523635864,15.1,80.84765625,148,37974.65940117836,8.7,294.30078125,37,422.4518151283264,5.9,66.4453125,37,37944.45727920532,3.9,16.0234375,13,37972.35708832741
2026-02-15T02:35:00,Spotify,6.5,28.1,602.2419347278548,602.2419347278548,203866.36071448703,645364.448136798,1.0,1599.875,51.181,50.0,1815.0,100.0,39.76953125,3,354.39256405830383,12.6,80.84765625,148,37976.265568971634,5.0,66.4453125,37,37946.03250479698,4.0,16.0234375,13,37973.921384096146,3.0,6.0859375,4,37964.13400006294
2026-02-15T02:35:02,Spotify,6.0,28.2,0.0,0.0,0.0,7831.300819056371,0.0,1599.875,51.469,50.0,1815.0,99.0,39.05859375,3,355.98654198646545,16.9,80.8671875,148,37977.84038949013,5.9,66.4375,37,37947.61392045021,4.0,4.1171875,404,1771112100.7873075,3.0,21.5078125,36,37977.842666864395
2026-02-15T02:35:03,Spotify,5.7,28.1,31.526321066820284,0.0,0.0,72313.8142102297,1.0,1599.875,51.378,50.0,1815.0,99.8,39.76953125,3,357.53694438934326,12.8,80.84375,148,37979.42276787758,5.1,66.4453125,37,37949.155301332474,5.0,16.0234375,13,37977.054382801056,3.0,16.97265625,6,37975.42371702194
2026-02-15T02:35:05,Spotify,7.5,28.1,692.3649766147046,494.8258166201137,0.0,24033.279188252793,0.0,1599.875,51.472,50.0,1815.0,99.5,39.76953125,3,359.0764751434326,13.3,80.87109375,148,37980.954015254974,7.1,16.0625,14,37978.60218667984,6.1,66.4453125,37,37950.6972322464,4.1,4.1171875,404,1771112103.902065
2026-02-15T02:35:06,Spotify,5.9,28.1,0.0,69.87628583227063,10600.491361814093,31470.208730385588,1.0,1599.875,51.615,50.0,1815.0,100.0,39.76171875,3,360.62266516685486,10.1,80.85546875,148,37982.5016541481,5.1,16.0625,14,37980.14117741585,4.0,266.84375,95,37952.35189247131,3.0,66.43359375,37,37952.24043703079
2026-02-15T02:35:08,Spotify,6.2,28.1,50.58112187479756,70.68387544042223,0.0,8300.491794838574,1.0,1599.875,51.485,50.0,1815.0,99.0,39.765625,3,362.1695864200592,13.2,80.87109375,148,37984.04142546654,6.9,66.4375,37,37953.81514835358,3.0,21.5078125,36,37984.03776240349,1.0,4.1171875,404,1771112106.9896343
2026-02-15T02:35:10,Spotify,6.0,28.1,641.6451330737721,641.6451330737721,0.0,13661.323704572667,1.0,1599.875,51.448,50.0,1815.0,99.0,39.76171875,3,363.73255705833435,15.9,80.8671875,148,37985.61838912964,6.1,66.44140625,37,37955.34658122063,6.0,16.0234375,13,37983.257711172104,5.1,266.82421875,95,37955.4579102993
2026-02-15T02:35:11,Spotify,6.5,28.1,50.852589752904095,35.85759533858622,0.0,17357.683968991263,0.0,1599.875,51.53,51.0,1815.0,97.9,39.76171875,3,365.26546835899353,12.2,80.890625,148,37987.151577711105,8.2,16.0234375,13,37984.78719520569,8.0,66.328125,37,37956.907821416855,4.1,4.1171875,404,1771112110.0986433
2026-02-15T02:35:13,Spotify,5.9,28.1,526.2446137887675,565.7448148237598,75677.28838291159,39469.62023419096,0.0,1599.875,51.631,51.0,1815.0,100.9,39.76171875,3,366.8449776172638,11.9,80.87109375,148,37988.72086644173,6.0,279.390625,89,435.73909068107605,6.0,66.328125,37,37958.4825053215,2.0,16.9296875,6,37984.73576903343
2026-02-15T02:35:14,Spotify,6.2,28.1,1244.0618739665704,759.7617829682557,20991.462145281454,133492.57958014923,0.0,1599.875,51.674,51.0,1815.0,99.3,39.76171875,3,368.4194920063019,12.0,80.83203125,148,37990.2803914547,7.0,16.0234375,13,37987.929691791534,5.0,66.3203125,37,37960.05405879021,4.0,266.8125,95,37960.16534113884
2026-02-15T02:35:16,Spotify,6.2,28.1,31.647920744983633,152.5429779908211,0.0,32731.54555129187,0.0,1599.875,51.476,51.0,1815.0,99.0,39.76171875,3,369.9818305969238,11.9,80.87109375,148,37991.86081838608,4.0,66.3203125,37,37961.60996580124,3.0,4.1171875,404,1771112114.8088384,3.0,16.0234375,13,37989.5055642128
2026-02-15T02:35:17,Spotify,5.7,28.1,689.6991018043994,460.0126662313203,0.0,11137.552842496278,0.0,1599.875,51.599,51.0,1815.0,99.3,39.05859375,3,371.60249304771423,11.0,80.83984375,148,37993.42425489426,10.6,66.32421875,37,37963.226113796234,4.8,266.55859375,95,37963.33739900589,2.0,16.0234375,13,37991.1063747406
2026-02-15T02:35:19,Spotify,6.6,28.1,1985.9578083101399,1199.3529151891937,0.0,963.4969025787666,0.0,1599.875,51.745,51.0,1815.0,100.2,39.765625,3,373.1769735813141,14.7,80.8671875,148,37995.01694107056,7.0,16.05859375,14,37992.678374528885,5.9,291.59375,37,442.79120230674744,4.0,266.55859375,95,37964.91275930405
2026-02-15T02:35:21,Spotify,7.6,28.1,3769.368133372888,2096.6795708497725,0.0,24800.328653219753,0.0,1599.875,51.616,51.0,1815.0,99.6,39.765625,3,374.7458462715149,13.7,279.73046875,89,443.63801550865173,12.8,80.87890625,148,37996.60690021515,10.0,66.33203125,37,37966.3579351902,5.9,6.14453125,11,37996.59826993942
2026-02-15T02:35:22,Spotify,7.0,28.1,0.0,154.9550260839546,0.0,6254.78213172079,0.0,1599.875,51.692,52.0,1815.0,99.8,39.765625,3,376.28013801574707,13.0,80.859375,148,37998.16490364075,7.1,16.0234375,13,37995.80811405182,4.0,266.55859375,95,37968.03018450737,3.0,279.71484375,89,445.19253182411194
2026-02-15T02:35:24,Spotify,6.0,28.1,785.7576058504532,602.2229825861137,0.0,45353.4446822101,0.0,1599.875,51.738,52.0,1815.0,98.6,39.765625,3,377.8656339645386,11.0,80.87890625,148,37999.73417210579,9.1,291.9140625,37,447.46725130081177,5.9,16.0234375,13,37997.38862943649,3.0,312.5390625,68,814.7682988643646
2026-02-15T02:35:25,Spotify,6.2,28.1,403.1222322218914,284.2528560538978,0.0,20176.784546080307,0.0,1599.875,51.542,52.0,1815.0,100.1,39.765625,3,379.39508748054504,13.1,80.828125,148,38001.280271053314,5.1,21.43359375,36,38001.284153699875,5.1,66.3359375,37,37971.01257395744,4.1,16.0234375,13,37998.91665196419
2026-02-15T02:35:27,Spotify,5.9,28.1,35.39077268378387,0.0,0.0,14764.506055931168,0.0,1599.875,51.645,52.0,1815.0,98.8,39.76171875,3,380.91278290748596,13.3,80.8671875,148,38002.80573225021,5.1,66.3359375,37,37972.53283691406,2.0,16.0546875,14,38000.44527697563,1.0,4.1171875,404,1771112125.753521
2026-02-15T02:35:28,Spotify,6.3,28.1,2801.39789866353,231.64013632359942,0.0,12129.519865672115,0.0,1599.875,51.706,52.0,1815.0,100.3,39.76171875,3,382.43935203552246,12.3,80.8203125,148,38004.3346927166,5.1,16.0625,14,38001.97191786766,5.1,66.3359375,37,37974.070481061935,2.1,4.1171875,404,1771112127.2767882
2026-02-15T02:35:30,Spotify,6.4,28.1,2395.5090723483945,312.4296391852932,0.0,14542.179569351827,0.0,1599.875,53.649,52.0,1815.0,99.9,39.76171875,3,383.98730754852295,13.2,80.859375,148,38005.87545418739,8.2,66.3359375,37,37975.603137254715,3.0,16.0234375,13,38003.51544833183,3.0,290.765625,37,453.59992384910583
2026-02-15T02:35:31,Spotify,6.4,28.1,183.31305038376917,149.51064393002451,0.0,84204.3946613898,0.0,1599.875,52.095,52.0,1815.0,97.6,39.05859375,3,385.5569109916687,12.2,80.83984375,148,38007.415135622025,6.9,66.34765625,37,37977.17896056175,4.0,21.5078125,36,38007.41820883751,2.0,4.1171875,404,1771112130.3615303
2026-02-15T02:35:33,Spotify,5.7,28.1,314.94069490015545,259.8900856289901,20975.56237904125,100944.893949136,0.0,1599.875,52.039,52.0,1815.0,100.3,39.05859375,3,387.08432388305664,14.0,80.86328125,148,38008.97257590294,7.1,66.3515625,37,37978.70896077156,4.1,16.0234375,13,38006.6074256897,3.1,266.8828125,95,37978.82055449486
2026-02-15T02:35:34,Spotify,6.1,28.1,738.3077025879884,678.620260902492,0.0,30892.143731484757,0.0,1599.875,52.04,52.0,1815.0,99.8,39.76171875,3,388.6191372871399,14.2,80.84765625,148,38010.51498603821,7.2,66.33984375,37,37980.23837327957,5.1,16.0234375,13,38008.14073038101,4.1,266.83984375,95,37980.34645462036
2026-02-15T02:35:36,Spotify,5.8,28.1,51.296696700934426,71.68384538976734,0.0,28957.642937635188,0.0,1599.875,51.922,51.0,1815.0,100.5,39.76171875,3,390.1425347328186,12.3,80.8671875,148,38012.03703355789,7.2,66.34375,37,37981.763724803925,3.1,4.1171875,404,1771112134.9854088,3.1,16.0234375,13,38009.670744895935
2026-02-15T02:35:38,Spotify,6.2,28.1,321.2799599442695,229.85883313085947,10698.88386936364,83250.69010848583,0.0,1599.875,51.879,51.0,1815.0,99.0,39.75390625,3,391.7046401500702,15.3,80.83984375,148,38013.57075428963,9.0,66.34765625,37,37983.320322752,4.0,266.81640625,95,37983.43156647682,3.0,16.0234375,13,38011.228263139725
2026-02-15T02:35:39,Spotify,6.6,28.1,543.2235900709568,538.0745513025117,0.0,4613.538736526799,1.0,1599.875,51.936,51.0,1815.0,99.4,39.7578125,3,393.2295067310333,16.1,80.875,148,38015.12534952164,7.1,66.3359375,37,37984.8601808548,4.1,16.0234375,13,38012.76040768623,4.0,21.5078125,36,38015.12867021561
2026-02-15T02:35:41,Spotify,5.9,28.1,0.0,0.0,0.0,7304.912775785943,0.0,1599.875,51.855,50.0,1815.0,98.0,39.05859375,3,394.7926733493805,11.2,80.85546875,148,38016.66419863701,8.1,66.3359375,37,37986.40922808647,5.0,16.0625,14,38014.32518839836,2.0,4.12109375,404,1771112139.6119092
2026-02-15T02:35:42,Spotify,5.8,28.1,312.6488628986862,312.6488628986862,0.0,11575.759551951358,1.0,1594.0625,51.789,50.0,1815.0,99.6,39.76171875,3,396.31476950645447,14.1,80.85546875,148,38018.212517499924,6.2,16.0234375,14,38015.847786426544,5.1,66.3359375,37,37987.94999241829,4.1,266.84375,95,37988.06135058403
2026-02-15T02:35:44,Spotify,5.8,28.1,75.27829276111801,384.8278242012326,0.0,131576.07253363964,0.0,1591.0,51.776,50.0,1815.0,99.1,39.76171875,3,397.87638807296753,14.2,80.85546875,148,38019.755594968796,6.1,66.3359375,37,37989.48649597168,6.0,16.0625,14,38017.405508995056,2.0,3.94921875,18,38020.89365005493
2026-02-15T02:35:45,Spotify,6.1,28.1,317.33599994122375,121.95143799394135,0.0,12420.688394393683,1.0,1591.0,51.669,50.0,1815.0,99.5,39.76171875,3,399.38331747055054,12.3,80.87890625,148,38021.28069400787,7.3,16.0234375,13,38018.90699195862,4.1,66.3359375,37,37991.00064611435,3.1,70.19140625,56,38017.61653614044
2026-02-15T02:35:47,Spotify,6.7,28.1,367.2090599572608,310.61411523266503,0.0,95353.26873040728,0.0,1591.0,51.681,49.0,1815.0,99.8,39.76171875,3,400.9020791053772,14.4,80.859375,148,38022.79620671272,6.2,266.84375,95,37992.6279501915,6.1,16.0234375,13,38020.43188548088,5.2,66.3359375,37,37992.51930332184
2026-02-15T02:35:48,Spotify,5.8,28.1,237.13617851832353,267.4369124401093,0.0,96793.71837832371,1.0,1591.0,51.878,49.0,1815.0,96.3,39.75,2,402.46000242233276,12.3,80.85546875,148,38024.32597899437,3.0,66.33984375,37,37994.09804010391,2.0,16.0234375,13,38021.98262214661,2.0,6.08984375,4,38012.21286654472
2026-02-15T02:35:50,Spotify,5.7,28.1,83.2227818193871,0.0,10329.7125555215,40996.04670472595,0.0,1591.0,51.748,49.0,1815.0,98.4,39.75390625,2,404.0330984592438,13.9,80.859375,148,38025.90393090248,12.0,290.94140625,37,473.6566846370697,7.0,66.33984375,37,37995.66213297844,4.9,16.0234375,13,38023.564468860626
2026-02-15T02:35:51,Spotify,6.3,28.1,0.0,0.0,0.0,35592.836176899385,0.0,1591.0,51.598,49.0,1815.0,98.9,39.75390625,2,405.6307017803192,14.0,80.8828125,148,38027.47136425972,3.9,266.8359375,95,37997.364161491394,3.9,66.3515625,37,37997.25255012512,3.0,16.05859375,14,38025.14296960831
2026-02-15T02:35:53,Spotify,6.1,28.1,1073.259221853298,726.4749921506993,0.0,41472.35634633121,1.0,1591.0,51.746,48.0,1815.0,98.7,39.75390625,2,407.1630322933197,12.8,80.87890625,148,38029.05220603943,8.2,66.3671875,37,37998.78310871124,6.1,266.828125,94,37998.89457345009,4.0,279.78125,88,476.0709710121155
2026-02-15T02:35:55,Spotify,5.9,28.1,1088.1517997643564,824.6150357589263,0.0,42186.80823701812,0.0,1591.0,51.586,48.0,1815.0,99.6,39.75390625,2,408.68511152267456,15.3,80.84375,148,38030.58320093155,6.2,66.3671875,37,38000.30600357056,3.1,279.71484375,88,477.5975852012634,3.1,16.05859375,14,38028.20628833771
2026-02-15T02:35:56,Spotify,6.3,28.1,83.85205440854703,71.40526508227833,0.0,14422.55335827009,0.0,1591.0,51.655,48.0,1815.0,99.6,39.75390625,2,410.20710945129395,12.3,80.87109375,148,38032.10820388794,5.1,16.0625,14,38029.733835697174,4.1,266.828125,94,38001.950219631195,4.1,66.3671875,37,38001.83872008324
2026-02-15T02:35:58,Spotify,6.4,28.1,319.58215281174085,263.7202317918024,10642.345511519436,47890.55480183746,0.0,1591.0,51.629,48.0,1815.0,97.8,39.05078125,2,411.78971457481384,13.2,80.859375,148,38033.65193796158,5.0,66.375,37,38003.403712034225,4.0,266.8125,94,38003.513862133026,3.0,6.08984375,4,38021.534699201584
2026-02-15T02:35:59,Spotify,6.0,28.1,314.26505020083994,259.33254142589635,0.0,20930.563343457565,0.0,1591.0,51.642,48.0,1815.0,99.3,39.74609375,2,413.3161156177521,12.0,80.88671875,148,38035.2104575634,8.2,66.3828125,37,38004.93306326866,4.1,16.0234375,13,38032.84406518936,4.1,266.828125,94,38005.04432630539
2026-02-15T02:36:01,Spotify,6.7,28.1,146.39250033494062,135.8890025530615,10755.581728644249,34955.64061809381,0.0,1591.0,51.648,47.0,1815.0,99.5,39.75390625,2,414.8398423194885,12.3,80.86328125,148,38036.73479056358,7.1,66.3828125,37,38006.46544289589,5.1,266.828125,94,38006.576874256134,4.1,4.12109375,404,1771112159.682526
2026-02-15T02:36:02,Spotify,6.0,28.1,454.3456913481445,930.8864308368593,0.0,69854.34445371013,0.0,1590.875,51.581,47.0,1815.0,99.8,39.75390625,2,416.37483739852905,13.3,80.875,148,38038.26637339592,7.1,66.37890625,37,38007.99887228012,4.1,16.0625,14,38035.899611234665,3.1,279.69921875,88,485.2857973575592
2026-02-15T02:36:04,Spotify,6.3,28.1,656.5040380698135,472.1879242069591,21341.59158677743,231756.34613766114,0.0,1590.875,51.396,47.0,1815.0,100.7,39.75390625,2,417.9103915691376,13.2,80.859375,148,38039.8011777401,5.1,138.03515625,277,38034.654031038284,5.1,66.37890625,37,38009.525240659714,4.1,16.05859375,14,38037.432211875916
2026-02-15T02:36:05,Spotify,7.3,28.1,853.0534020986576,158.2647189420912,0.0,8741.991446295096,0.0,1590.875,51.342,47.0,1815.0,98.3,39.75390625,2,419.46788930892944,13.3,80.875,148,38041.33188819885,4.9,66.37890625,37,38011.10570979118,4.0,266.546875,94,38011.216715574265,3.1,4.12109375,404,1771112164.275742
2026-02-15T02:36:07,Spotify,6.3,28.1,836.2070685751564,399.24172071069495,0.0,12876.331401818949,0.0,1590.875,51.118,47.0,1815.0,100.9,39.0546875,3,421.017080783844,13.8,80.87109375,148,38042.91266989708,9.2,66.375,37,38012.635820388794,7.1,266.546875,94,38012.74725461006,2.0,16.0625,14,38040.548147678375
2026-02-15T02:36:08,Spotify,6.5,28.1,1514.3779333643952,675.8164795419874,0.0,32794.74630319029,0.0,1590.875,51.038,48.0,1815.0,97.2,39.76171875,3,422.5440442562103,12.3,80.88671875,148,38044.44260954857,6.2,16.0234375,13,38042.068269491196,5.1,28.77734375,22,32188.91335606575,2.0,4.12109375,404,1771112167.3917973
2026-02-15T02:36:10,Spotify,6.9,28.1,404.8994799712109,71.29893912255571,0.0,6028.358008747463,0.0,1586.875,51.241,48.0,1815.0,100.8,39.76171875,3,424.07928347587585,11.2,80.8515625,148,38045.97163105011,5.1,16.0234375,13,38043.607248306274,3.0,16.9609375,6,38041.974403858185,2.0,66.37890625,37,38015.698732852936
2026-02-15T02:36:11,Spotify,6.1,28.1,1098.742231276029,727.2533552274253,0.0,11740.88299610402,0.0,1586.875,51.226,48.0,1815.0,99.3,39.76171875,3,425.60563230514526,11.3,80.87890625,148,38047.498445510864,5.2,66.3125,37,38017.20969557762,4.1,4.12109375,404,1771112170.4477932,3.1,21.5078125,36,38047.49473428726
2026-02-15T02:36:13,Spotify,6.8,28.1,419.48245546061463,159.2051523874144,0.0,11837.993073786165,0.0,1586.875,51.168,48.0,1815.0,99.8,39.76171875,3,427.12374353408813,10.3,80.875,148,38049.01335692406,7.1,66.3125,37,38018.75426983833,5.1,16.0234375,13,38046.65403866768,3.0,289.74609375,37,496.74277997016907
2026-02-15T02:36:15,Spotify,6.0,28.1,2140.6448318401303,619.9504572066539,0.0,5976.426164870839,0.0,1586.875,51.157,48.0,1815.0,100.7,39.76171875,3,428.659010887146,13.2,80.8828125,148,38050.553517341614,5.1,66.31640625,37,38020.28592419624,4.1,16.0625,14,38048.18269395828,1.0,52.80859375,47,38019.97742199898
2026-02-15T02:36:16,Spotify,6.2,28.1,3314.496689855401,373.9532918212673,0.0,14753.799926706673,0.0,1586.875,51.281,48.0,1815.0,97.4,39.765625,3,430.215035200119,12.3,80.84375,148,38052.083753585815,11.1,291.12109375,37,499.8217022418976,6.0,66.31640625,37,38021.84046769142,5.0,16.0234375,13,38049.74257040024
2026-02-15T02:36:18,Spotify,6.5,28.1,947.8460892995214,0.0,0.0,37939.61776883469,0.0,1586.875,51.298,49.0,1815.0,97.1,39.76953125,3,431.7600393295288,12.1,80.88671875,148,38053.635343790054,6.1,66.3203125,37,38023.37675738335,4.1,16.0234375,13,38051.2800052166,3.0,16.92578125,6,38049.6513299942
2026-02-15T02:36:19,Spotify,6.7,28.1,632.4727377722387,314.28830090530136,0.0,44551.016009320076,5.0,1586.875,51.295,49.0,1815.0,99.0,39.76953125,3,433.2911710739136,14.2,80.86328125,148,38055.17466759682,7.1,66.3203125,37,38024.920160770416,3.1,16.0234375,13,38052.814579963684,2.0,16.953125,6,38051.18396925926
2026-02-15T02:36:21,Spotify,6.0,28.1,1211.6999808020794,297.4407301116925,0.0,9580.043298695035,0.0,1586.875,51.33,49.0,1815.0,98.1,39.76953125,3,434.86763739585876,13.1,80.8359375,148,38056.72579693794,4.0,16.0625,14,38054.38435316086,4.0,66.34375,37,38026.491490364075,2.0,289.890625,37,504.4861102104187
2026-02-15T02:36:22,Spotify,5.8,28.1,1385.2873722102581,351.879506742083,20812.97414607324,101138.04624107465,0.0,1586.875,51.257,49.0,1815.0,99.5,39.76953125,3,436.40610694885254,11.9,80.8671875,148,38058.300330638885,6.1,66.33984375,37,38028.027564287186,5.1,16.0625,13,38055.92920231819,2.0,24.76171875,7,431.30827379226685
2026-02-15T02:36:24,Spotify,6.3,28.1,2774.2122886865554,567.5118829728382,0.0,57845.72214752832,0.0,1586.875,51.396,49.0,1815.0,98.5,39.76953125,3,437.9759922027588,14.3,80.8359375,148,38059.831376791,5.0,16.0234375,13,38057.50023794174,5.0,66.34765625,37,38029.59148526192,2.0,4.12109375,404,1771112182.7790043
2026-02-15T02:36:25,Spotify,6.5,28.1,3514.3022134130233,402.8605963617262,0.0,12461.137937700707,0.0,1586.875,51.44,49.0,1815.0,100.2,39.76953125,3,439.50549125671387,13.0,80.85546875,148,38061.391016721725,6.0,21.5078125,36,38061.39027047157,5.1,266.84375,95,38031.23501777649,5.1,66.34765625,37,38031.12384700775
2026-02-15T02:36:27,Spotify,6.9,28.1,980.6643426661544,35.18662757739026,0.0,17014.689246311376,0.0,1586.875,51.276,50.0,1815.0,99.3,39.76953125,3,441.04623794555664,14.3,80.86328125,148,38062.926356077194,9.2,66.34765625,37,38032.66052508354,5.1,16.0234375,13,38060.57107567787,3.1,4.12109375,404,1771112185.8739786
2026-02-15T02:36:28,Spotify,5.7,28.1,998.9065824528043,540.508675035951,0.0,17544.549528439675,0.0,1586.875,51.244,50.0,1815.0,100.1,39.76953125,3,442.62222361564636,15.2,80.87890625,148,38064.47198367119,6.0,66.3671875,37,38034.2318212986,2.0,279.625,88,511.4974410533905,2.0,16.0625,14,38062.13045334816
2026-02-15T02:36:30,Spotify,5.7,28.1,679.378465986854,259.96951667357473,0.0,27538.839835214534,1.0,1586.875,51.433,50.0,1815.0,100.3,39.76953125,3,444.148325920105,15.0,80.85546875,148,38066.0324985981,7.1,16.05859375,14,38063.67214202881,6.1,266.8359375,95,38035.87130880356,4.1,66.3671875,37,38035.7604804039
2026-02-15T02:36:32,Spotify,6.7,28.1,0.0,0.0,42955.002064943685,4698.203350853215,0.0,1586.875,51.431,50.0,1815.0,98.2,39.76953125,3,445.7073082923889,14.3,80.8828125,148,38067.5613694191,9.0,66.375,37,38037.32452058792,3.1,4.12109375,404,1771112190.507762,3.0,16.0625,13,38065.2101047039
2026-02-15T02:36:33,Spotify,6.0,28.1,631.7393798001033,225.30117699051303,0.0,33426.50189531975,0.0,1586.875,51.437,50.0,1815.0,98.9,39.765625,3,447.2237570285797,16.0,80.87109375,148,38069.12070775032,4.1,66.37890625,37,38038.84241461754,3.1,266.84375,95,38038.95402765274,2.1,18.83203125,9,38054.33488368988
2026-02-15T02:36:35,Spotify,6.3,28.1,237.29956539435082,86.76881615527509,0.0,10096.734970795647,0.0,1586.875,51.487,50.0,1815.0,99.0,39.76953125,3,448.7710328102112,13.3,80.86328125,148,38070.64453816414,7.1,16.0234375,13,38068.302686452866,4.1,279.71484375,88,517.6632189750671,4.0,266.8359375,95,38040.49771499634
2026-02-15T02:36:36,Spotify,6.2,28.1,713.7827632514417,348.1551465360613,0.0,54338.088000631964,0.0,1586.875,51.347,50.0,1815.0,99.8,39.7578125,3,450.2890908718109,14.2,80.8515625,148,38072.188172101974,5.1,66.390625,37,38041.926510334015,3.1,290.92578125,37,519.9108951091766,3.0,4.12109375,404,1771112195.1368048
2026-02-15T02:36:38,Spotify,5.6,28.1,1028.8360632282786,229.35420788876127,0.0,15679.487666577135,0.0,1586.875,51.555,51.0,1815.0,98.1,39.75390625,3,451.8509678840637,12.2,80.859375,148,38073.72141075134,5.0,16.0234375,13,38071.36629796028,3.0,66.39453125,37,38043.47790956497,2.0,25.87109375,105,38048.10398554802
2026-02-15T02:36:39,Spotify,6.1,28.1,55763.18225873022,6502.8975598795905,0.0,4936.95662909008,1.0,1586.875,51.665,51.0,1815.0,98.0,39.75390625,3,453.41258358955383,13.1,80.875,148,38075.27811217308,6.0,16.05859375,14,38072.934710264206,4.0,266.84375,95,38045.146453380585,3.0,66.33984375,37,38045.03491663933
2026-02-15T02:36:41,Spotify,6.6,28.1,1198.2615955919803,755.4680075936473,0.0,10274.882790511028,0.0,1586.875,51.531,51.0,1815.0,99.0,39.7578125,3,454.94292426109314,15.1,80.8125,148,38076.8298830986,5.1,66.33984375,37,38046.553683042526,2.1,24.76171875,7,449.8402054309845,2.1,122.9453125,48,38057.56406879425
2026-02-15T02:36:42,Spotify,6.3,28.1,236.37071210922724,0.0,0.0,59337.560704118034,1.0,1586.875,51.727,51.0,1815.0,98.6,39.76171875,3,456.44887256622314,14.4,80.85546875,148,38078.353434085846,10.2,290.81640625,37,526.0613198280334,8.2,66.34375,37,38048.08587741852,4.1,16.0234375,13,38075.97944355011
2026-02-15T02:36:44,Spotify,6.4,28.1,724.258239839231,452.90718889493996,0.0,7718.429893526502,0.0,1586.875,51.668,51.0,1815.0,99.9,39.76953125,3,457.99760365486145,12.3,80.82421875,148,38079.877260923386,5.1,266.84375,95,38049.727857112885,4.1,66.34375,37,38049.616720438,3.1,279.59375,88,526.8932723999023
2026-02-15T02:36:45,Spotify,6.4,28.1,918.3362015626998,578.4283222864847,0.0,14641.385667943736,5.0,1586.875,51.57,51.0,1815.0,97.3,39.76953125,3,459.5544664859772,14.2,80.86328125,148,38081.418140888214,7.1,16.0234375,13,38079.06494498253,4.0,266.84375,95,38051.27948474884,4.0,66.35546875,37,38051.16855812073
2026-02-15T02:36:47,Spotify,6.7,28.1,422.4620651773429,55.46830168740685,0.0,6604.59778231449,0.0,1586.875,51.686,51.0,1815.0,99.6,39.76953125,3,461.0754909515381,13.1,80.84765625,148,38082.9652493,12.3,66.359375,37,38052.69072294235,7.1,16.0234375,13,38080.601061820984,4.0,4.12109375,404,1771112205.9144447
2026-02-15T02:36:48,Spotify,6.2,28.1,1009.3509559333755,589.2780338200031,0.0,101685.08581819938,1.0,1586.875,51.551,52.0,1815.0,98.3,39.0703125,3,462.64928555488586,11.2,80.8671875,148,38084.499339818954,6.9,266.84375,95,38054.3793118,6.9,66.37109375,37,38054.26786828041,2.0,14.81640625,8,38084.69069814682
2026-02-15T02:36:50,Spotify,6.8,28.1,844.1145998952209,308.806852871721,0.0,10453.494788120408,0.0,1586.875,51.611,52.0,1815.0,99.4,39.76953125,3,464.2048189640045,15.0,80.84375,148,38086.0671479702,5.0,16.0234375,13,38083.73660039902,4.0,21.5078125,36,38086.07542467117,4.0,266.828125,95,38055.94252204895
2026-02-15T02:36:52,Spotify,5.9,28.1,497.31208291349833,634.2161774415421,0.0,11736.819862050706,0.0,1586.875,51.716,52.0,1815.0,98.3,39.76953125,3,465.7310724258423,14.9,80.87109375,148,38087.63447904587,8.2,66.38671875,37,38057.35147333145,4.1,16.0234375,13,38085.2609872818,3.1,266.84375,95,38057.46306657791
2026-02-15T02:36:53,Spotify,6.1,28.1,731.1244881406086,638.0002308435663,21641.813213542424,169076.6657308002,0.0,1586.875,51.694,52.0,1815.0,99.2,39.0703125,3,467.2584707736969,14.4,80.859375,148,38089.14788937569,5.2,4.12109375,404,1771112212.096734,5.1,16.0234375,13,38086.789999723434,3.1,66.375,37,38058.881699323654
2026-02-15T02:36:55,Spotify,6.3,28.1,967.2377372283122,526.8165244406724,0.0,44566.98903677639,0.0,1586.875,51.766,52.0,1815.0,99.7,39.7734375,3,468.81055760383606,12.2,80.87890625,148,38090.688531160355,7.1,16.0234375,13,38088.3246588707,4.0,66.37890625,37,38060.432430028915,3.1,279.73046875,87,537.7045273780823
2026-02-15T02:36:56,Spotify,6.2,28.1,4075.9218358262674,3748.8096375370255,0.0,17279.831681057094,1.0,1586.875,53.082,52.0,1815.0,98.2,39.7734375,3,470.3701558113098,12.2,80.859375,148,38092.228429317474,6.0,66.37890625,37,38062.000343084335,5.0,16.05859375,14,38089.89312362671,5.0,266.5546875,95,38062.11166143417
2026-02-15T02:36:58,Spotify,6.2,28.1,1126.2304809585823,664.4315189411602,0.0,18863.248935446172,0.0,1586.875,51.815,52.0,1815.0,98.3,39.7734375,3,471.9124813079834,14.9,80.86328125,148,38093.804898023605,5.1,66.390625,37,38063.523428201675,3.1,18.83203125,9,38079.02699756622,3.1,122.93359375,47,38074.53161883354
2026-02-15T02:36:59,Spotify,9.4,28.1,0.0,35.74821241115325,0.0,11524.164475062144,0.0,1586.875,52.093,52.0,1815.0,100.0,39.77734375,3,473.4445197582245,12.4,80.84765625,148,38095.32035493851,12.2,16.05859375,14,38092.973971128464,8.1,66.38671875,37,38065.06074786186,7.2,279.703125,87,542.3508818149567
2026-02-15T02:37:01,Spotify,6.7,28.1,735.0824790055045,770.7976171197296,0.0,10306.739493617815,0.0,1586.875,52.145,52.0,1815.0,98.8,39.77734375,3,474.94638442993164,15.3,80.8828125,148,38096.85215687752,8.3,16.0234375,13,38094.47924757004,4.2,138.44140625,277,38091.68816399574,4.1,291.2734375,37,544.5582339763641
2026-02-15T02:37:02,Spotify,7.3,28.1,32.944738225348296,35.58031728337616,0.0,43856.035525583655,0.0,1586.875,51.962,51.0,1815.0,98.7,39.77734375,3,476.4508230686188,12.3,80.83984375,148,38098.36993598938,6.2,4.12109375,404,1771112221.3190112,5.2,66.390625,37,38068.07748007774,4.2,16.05859375,14,38095.983092069626
2026-02-15T02:37:04,Spotify,5.6,28.1,649.8318930689838,592.572115605938,0.0,681.7908386297535,0.0,1586.875,52.047,51.0,1815.0,98.9,39.77734375,3,477.99992537498474,13.5,80.87109375,148,38099.872838974,6.1,66.39453125,37,38069.613171339035,5.1,16.05859375,14,38097.52328801155,2.0,24.73828125,6,472.89481353759766
2026-02-15T02:37:05,Spotify,5.6,28.1,594.2358002905764,348.90315507257156,0.0,8948.492051434563,0.0,1586.875,51.975,51.0,1815.0,99.1,39.77734375,3,479.54600286483765,12.1,80.875,148,38101.41879320145,7.0,66.39453125,37,38071.16664171219,5.1,16.0625,13,38099.06681585312,2.0,6.0859375,4,38089.289508104324
2026-02-15T02:37:07,Spotify,6.5,28.1,27.243570469620135,35.02744774665446,0.0,26236.855675123694,1.0,1586.875,51.864,50.0,1815.0,100.5,39.7578125,3,481.0536193847656,14.2,80.8828125,148,38102.96004986763,4.1,4.12109375,404,1771112225.9074914,3.1,279.72265625,87,549.9744174480438,3.1,16.05859375,14,38100.58641767502
2026-02-15T02:37:08,Spotify,5.8,28.1,1858.3605840941216,592.6164078538783,0.0,46965.84021619689,0.0,1586.875,51.824,50.0,1815.0,99.9,39.7578125,3,482.60165095329285,11.3,80.8671875,148,38104.47481393814,9.2,294.0703125,37,552.1967625617981,4.0,66.39453125,37,38074.21555233002,3.0,266.5546875,95,38074.327010154724
2026-02-15T02:37:10,Spotify,6.7,28.1,2453.709944098523,307.6098522216475,0.0,167506.59885045915,0.0,1586.875,51.838,50.0,1815.0,97.4,39.7578125,3,484.12589597702026,11.2,80.87109375,148,38106.00759315491,3.1,66.4140625,37,38075.7510201931,3.0,16.0234375,13,38103.65334272385,2.0,21.0,36,38106.00793457031
2026-02-15T02:37:12,Spotify,5.5,28.1,3994.695464116234,15204.439520205233,21322.394684502484,111942.57209363805,0.0,1586.875,51.879,50.0,1815.0,100.8,39.76171875,3,485.6605877876282,13.2,80.86328125,148,38107.54536104202,5.1,66.39453125,37,38077.29266500473,2.1,16.0234375,13,38105.17754507065,2.0,266.83203125,95,38077.40386557579
2026-02-15T02:37:13,Spotify,6.0,28.1,5945.707724738321,15330.193295499656,10602.359094700987,269034.86202803755,0.0,1586.875,51.907,49.0,1815.0,98.5,39.76171875,3,487.1994004249573,11.1,80.81640625,148,38109.09123110771,5.1,66.3984375,37,38078.83032655716,4.1,266.83984375,95,38078.94200181961,4.0,16.05859375,14,38106.731237888336
2026-02-15T02:37:15,Spotify,6.5,28.1,1119.0072284328523,272.73762185710336,0.0,6681.419253150091,0.0,1586.875,51.821,49.0,1815.0,100.1,39.76953125,3,488.7284758090973,14.3,80.86328125,148,38110.624910116196,12.3,66.40234375,37,38080.34998869896,3.1,16.0234375,14,38108.25717616081,3.1,266.83203125,95,38080.46091866493
2026-02-15T02:37:16,Spotify,5.6,28.1,265.9892147754203,78.61750190406511,0.0,14423.691015999146,0.0,1586.875,51.837,49.0,1815.0,99.5,39.76953125,3,490.2675304412842,12.3,80.83203125,148,38112.14883351326,8.1,66.40234375,37,38081.90033245087,4.1,16.0625,14,38109.79379487038,2.0,49.7265625,31,38065.94095873833
2026-02-15T02:37:18,Spotify,6.8,28.1,1052.6110629552445,699.5854853302054,0.0,12248.565096206481,0.0,1586.875,51.755,49.0,1815.0,97.7,39.06640625,3,491.80290055274963,12.1,80.86328125,148,38113.69514322281,6.2,66.40234375,37,38083.42465209961,3.1,266.81640625,95,38083.53550314903,2.0,6.13671875,11,38113.67412471771
2026-02-15T02:37:19,Spotify,6.2,28.1,2744.6440682158427,787.9360961385195,0.0,16809.303384288414,0.0,1586.875,51.651,49.0,1815.0,100.4,39.76953125,3,493.3597819805145,12.3,80.8359375,148,38115.217921972275,5.1,279.80078125,87,562.2393863201141,4.0,66.40234375,37,38084.98812580109,4.0,291.6328125,37,562.9698433876038
2026-02-15T02:37:21,Spotify,6.6,28.1,7468.621546589106,2021.8849486395568,0.0,6554.005025029775,0.0,1586.875,51.737,48.0,1815.0,99.5,39.76953125,3,494.88266229629517,13.0,80.8671875,148,38116.7813334465,11.0,6.109375,11,38116.75890517235,8.0,279.78125,87,563.7994613647461,7.1,66.40625,37,38086.52047634125
2026-02-15T02:37:22,Spotify,6.8,28.1,2942.1263521690485,227.81092740068303,0.0,10934.924515232786,0.0,1586.875,51.66,48.0,1815.0,98.9,39.76953125,3,496.4781301021576,14.1,80.84375,148,38118.33734226227,8.9,66.41015625,37,38088.10446000099,3.0,16.0234375,13,38115.99759078026,3.0,266.84375,95,38088.21532917023
2026-02-15T02:37:24,Spotify,6.1,28.1,158.9808014841378,180.60219048598054,0.0,48838.902215927126,1.0,1586.875,51.625,48.0,1815.0,98.7,39.06640625,3,498.0129964351654,14.0,80.87890625,148,38119.90088272095,3.1,66.421875,37,38089.63397145271,3.1,290.78515625,37,567.6241006851196,3.0,16.0234375,14,38117.53983616829
2026-02-15T02:37:25,Spotify,6.1,28.1,1721.6131676411774,681.4854391381144,0.0,133636.23541578275,0.0,1586.875,51.563,48.0,1815.0,99.9,39.76953125,3,499.546489238739,12.2,80.859375,148,38121.436748981476,6.1,66.43359375,37,38091.169912576675,4.1,16.0234375,13,38119.06927227974,4.1,266.84375,95,38091.2808573246
2026-02-15T02:37:27,Spotify,6.6,28.1,317.03651433411875,317.03651433411875,0.0,13750.476258061615,1.0,1586.875,51.462,48.0,1815.0,98.6,39.76953125,3,501.06711173057556,13.3,80.85546875,148,38122.96199417114,6.2,66.43359375,37,38092.68138885498,5.1,279.7265625,87,569.9761068820953,5.1,16.0234375,13,38120.59568285942
2026-02-15T02:37:28,Spotify,6.6,28.1,35.53477723890713,36.19282866925726,0.0,42452.213874747715,0.0,1586.875,51.462,47.0,1815.0,99.6,39.76953125,3,502.603755235672,13.4,80.8515625,148,38124.48296165466,9.1,66.43359375,37,38094.21651363373,5.1,21.51171875,36,38124.48685836792,4.1,16.0234375,13,38122.12967467308
2026-02-15T02:37:30,Spotify,5.9,28.1,946.1019824150201,963.0900014362843,0.0,23082.797537816183,0.0,1586.875,51.219,47.0,1815.0,98.1,39.06640625,3,504.1492521762848,12.3,80.87109375,148,38126.012340307236,7.0,66.44140625,37,38095.78354167938,4.0,75.38671875,45,38100.872262477875,4.0,266.828125,95,38095.89456295967
2026-02-15T02:37:32,Spotify,6.9,28.1,0.0,34.26999456352258,0.0,4873.954782367657,0.0,1586.875,51.14,47.0,1815.0,98.4,39.06640625,3,505.70530700683594,14.8,80.8515625,148,38127.59232258797,6.1,66.44921875,37,38097.323634147644,3.0,21.51171875,36,38127.59780168533,2.0,3.94921875,18,38128.732080459595
2026-02-15T02:37:33,Spotify,6.0,28.1,747.4138603715712,686.9902442431138,0.0,101889.97947504751,1.0,1586.875,50.964,47.0,1815.0,99.4,39.76953125,3,507.21375942230225,17.3,290.4140625,37,576.836131811142,13.3,80.8515625,148,38129.11386346817,6.1,266.84375,95,38098.9605140686,5.1,66.453125,37,38098.8489985466
2026-02-15T02:37:35,Spotify,6.5,28.1,320.01312061543825,228.95247653787453,0.0,10323.675305707797,0.0,1586.875,50.967,48.0,1815.0,99.2,39.76953125,3,508.75748920440674,15.3,80.87109375,148,38130.650052309036,6.1,66.453125,37,38100.38238120079,2.0,279.9375,88,577.6640682220459,2.0,25.87109375,105,38105.01596593857
2026-02-15T02:37:36,Spotify,6.5,28.1,0.0,0.0,0.0,17022.665204613146,2.0,1586.875,51.17,48.0,1815.0,100.5,39.7578125,3,510.2815160751343,13.3,80.87109375,148,38132.182671546936,6.2,66.45703125,37,38101.901873111725,5.1,266.84765625,95,38102.013197660446,4.1,7.140625,35,38129.801404714584
2026-02-15T02:37:38,Spotify,6.5,28.1,511.62375034552025,549.7653666951863,0.0,37373.52311007276,4.0,1586.875,51.042,48.0,1815.0,98.4,39.76171875,3,511.8372759819031,15.4,80.86328125,148,38133.704797267914,6.0,66.45703125,37,38103.45482754707,5.0,266.8359375,95,38103.566254615784,3.0,16.0234375,13,38131.366478681564
2026-02-15T02:37:39,Spotify,6.2,28.1,318.74333300330375,263.02803495801083,0.0,7960.809097448367,0.0,1586.875,51.189,48.0,1815.0,99.6,39.765625,3,513.3908612728119,14.2,80.88671875,148,38135.250432014465,4.0,66.42578125,37,38105.0125412941,3.0,16.05859375,14,38132.916383981705,3.0,122.96875,48,38116.02092552185
2026-02-15T02:37:41,Spotify,6.8,28.1,1568.90842814212,887.1650767972218,0.0,7888.1942573692195,0.0,1586.875,51.176,48.0,1815.0,99.0,39.7734375,3,514.9062087535858,14.0,80.859375,148,38136.80998301506,9.3,66.41796875,37,38106.51847696304,4.0,4.12109375,404,1771112259.7564492,3.1,16.0703125,14,38134.44206619263
2026-02-15T02:37:42,Spotify,6.0,28.1,2052.600069394624,642.5183626167228,10897.537115023175,96375.0938609862,0.0,1586.875,51.19,48.0,1815.0,100.1,39.7734375,3,516.4043364524841,11.4,80.8203125,148,38138.31347036362,6.2,66.41796875,37,38108.0295650959,3.1,16.0234375,13,38135.939058065414,3.1,266.82421875,95,38108.14121389389
2026-02-15T02:37:44,Spotify,5.6,28.1,368.45678142972315,391.5678698706556,0.0,35498.631845272255,0.0,1586.875,51.283,49.0,1815.0,98.8,39.7734375,3,517.9385287761688,13.4,80.875,148,38139.82200264931,5.1,16.0234375,13,38137.468536138535,3.1,66.40234375,37,38109.56431555748,2.0,266.5703125,95,38109.675970077515
2026-02-15T02:37:45,Spotify,5.9,28.1,987.2955109910611,330.8215324786801,0.0,14225.325896583247,0.0,1586.875,51.349,49.0,1815.0,99.2,39.7734375,3,519.4659576416016,14.1,80.83203125,148,38141.37028479576,7.1,266.5703125,95,38111.21596837044,7.1,66.40234375,37,38111.10535597801,4.1,16.0625,14,38138.99884915352
2026-02-15T02:37:47,Spotify,6.6,28.1,370.7780147355658,264.748512276097,0.0,6994.044235854041,0.0,1586.875,51.197,49.0,1815.0,100.5,39.7734375,3,521.0214018821716,13.2,80.875,148,38142.9083135128,11.2,66.40625,37,38112.63449239731,6.1,266.5703125,95,38112.74607372284,3.0,4.12109375,404,1771112265.8559403
2026-02-15T02:37:48,Spotify,6.7,28.1,5497.243638817241,2742.406918234187,0.0,16412.57270149315,0.0,1586.875,51.348,49.0,1815.0,98.5,39.7734375,3,522.5761563777924,14.3,80.8359375,148,38144.43838047981,5.0,16.0234375,13,38142.09290313721,5.0,66.40625,37,38114.187453746796,3.1,4.12109375,404,1771112267.384966
2026-02-15T02:37:50,Spotify,5.3,28.1,0.0,155.15379181771547,0.0,14503.338680786284,0.0,1586.875,51.275,49.0,1815.0,100.0,39.0703125,3,524.0925154685974,13.1,80.875,148,38145.99010705948,9.3,66.41015625,37,38115.70251607895,4.1,16.0234375,13,38143.622708797455,2.1,266.5703125,95,38115.814062833786
2026-02-15T02:37:51,Spotify,6.4,28.1,492.73276466051215,36.230350342684716,0.0,14165.408250347129,0.0,1586.875,51.145,49.0,1815.0,99.8,39.7734375,3,525.6274530887604,14.4,80.83984375,148,38147.509437561035,7.1,66.41015625,37,38117.238131284714,5.1,16.0234375,13,38145.15272498131,4.1,266.5703125,95,38117.349757909775
2026-02-15T02:37:53,Spotify,7.3,28.1,638.5767106513149,546.9775923201837,0.0,51588.623444093115,4.0,1586.875,51.248,49.0,1815.0,100.0,39.7734375,3,527.1424658298492,14.3,80.8671875,148,38149.038833618164,8.2,66.41015625,37,38118.75712966919,4.1,6.14453125,11,38149.01278066635,4.1,266.5703125,95,38118.86783504486
2026-02-15T02:37:55,Spotify,5.5,28.1,273.3208160327977,115.53416136652076,0.0,16224.957427106368,0.0,1586.875,51.381,50.0,1815.0,98.2,39.7734375,3,528.685090303421,11.4,80.8359375,148,38150.55231809616,5.1,16.05859375,14,38148.21264910698,5.0,66.4140625,37,38120.30647778511,2.0,266.5703125,95,38120.41774606705
2026-02-15T02:37:56,Spotify,6.8,28.1,458.2706063865753,69.61072502074562,0.0,7920.153602360389,0.0,1586.875,51.255,50.0,1815.0,100.4,39.7734375,3,530.2111868858337,15.1,80.8671875,148,38152.1052005291,4.1,16.05859375,14,38149.73671603203,4.1,266.57421875,95,38121.95271015167,4.1,66.4140625,37,38121.84117460251
2026-02-15T02:37:58,Spotify,5.5,28.1,765.6495106816734,415.6197513454377,0.0,158600.49711341903,0.0,1586.875,51.36,50.0,1815.0,99.8,39.7734375,3,531.7619619369507,11.2,80.85546875,148,38153.64180779457,7.1,66.4140625,37,38123.37968325615,2.0,16.0625,14,38151.28519153595,1.0,4.12109375,404,1771112276.589706
2026-02-15T02:37:59,Spotify,6.1,28.1,837.1797691853436,780.9317534432033,0.0,33152.31885973961,0.0,1586.875,51.316,50.0,1815.0,100.4,39.7734375,3,533.3190958499908,11.2,80.85546875,148,38155.173142671585,10.7,291.125,39,602.9594917297363,5.1,5.1875,10,38155.204496622086,4.9,266.8828125,95,38125.079553842545
2026-02-15T02:38:01,Spotify,7.1,28.1,0.0,0.0,30682.068074050076,101634.35049529087,0.0,1586.875,51.295,50.0,1815.0,96.0,39.78125,3,534.9627776145935,13.7,80.8515625,148,38156.77381515503,10.5,29.53125,13,38152.07130217552,7.7,66.4453125,37,38126.59868359566,4.8,21.51171875,36,38156.81482219696
2026-02-15T02:38:02,Spotify,6.7,28.1,3412.0855376231243,3736.6078766023825,0.0,86375.70005345845,0.0,1586.875,51.607,50.0,1815.0,100.5,39.76171875,2,536.5493533611298,12.4,80.87890625,148,38158.40658593178,7.9,66.44921875,37,38128.173325777054,6.9,16.0625,14,38156.063316345215,5.0,266.83984375,95,38128.28370332718
2026-02-15T02:38:04,Spotify,6.4,28.1,224.1680871567984,308.2311198405978,0.0,16955.25895585966,0.0,1586.875,51.437,51.0,1815.0,98.7,39.0546875,2,538.0855140686035,14.0,80.87109375,148,38159.97446489334,7.1,66.453125,37,38129.70689368248,5.1,25.875,105,38134.34049701691,4.0,16.0234375,14,38157.61110806465
2026-02-15T02:38:05,Spotify,6.5,28.1,0.0,0.0,0.0,23559.504185186244,0.0,1586.875,51.494,51.0,1815.0,99.6,39.76171875,2,539.6227514743805,13.2,80.83203125,148,38161.51684355736,13.2,66.45703125,37,38131.24127674103,7.1,266.85546875,95,38131.35239362717,3.1,22.96875,116,38118.063549757004
2026-02-15T02:38:07,Spotify,6.3,28.1,274.6193476091444,317.9802972316409,0.0,9418.523845274389,0.0,1586.875,51.478,51.0,1815.0,99.0,39.765625,3,541.1530718803406,11.3,80.859375,148,38163.040930986404,7.1,66.4609375,37,38132.772689819336,4.1,16.0234375,13,38160.67525458336,3.1,266.85546875,95,38132.883494377136
2026-02-15T02:38:09,Spotify,6.4,28.1,1220.8662073909504,263.0953716564362,0.0,53417.4327004516,0.0,1586.875,51.413,51.0,1815.0,99.2,39.77734375,3,542.6965186595917,12.2,80.85546875,148,38164.58242344856,7.1,66.46484375,37,38134.31044769287,4.1,16.0625,14,38162.21462440491,3.1,28.77734375,22,32309.05172276497
2026-02-15T02:38:10,Spotify,6.2,28.1,50.41434585969931,93.62664231087015,0.0,33857.48900125676,0.0,1586.875,51.507,51.0,1815.0,100.3,39.77734375,3,544.22318983078,12.3,80.8828125,148,38166.109895944595,6.1,266.8359375,95,38135.96944284439,4.1,16.0234375,14,38163.74781847,4.0,66.46875,37,38135.85801458359
2026-02-15T02:38:12,Spotify,7.2,28.1,92.70333922776453,147.42406029970888,0.0,21095.159859829084,0.0,1586.875,51.65,51.0,1815.0,99.0,39.08203125,3,545.8018801212311,12.1,80.8515625,148,38167.66195869446,7.9,16.0234375,13,38165.32287812233,5.0,66.46484375,37,38137.42342424393,4.0,21.51171875,36,38167.66564321518
2026-02-15T02:38:13,Spotify,6.4,28.1,1124.1736324096798,1100.4595934135805,0.0,35768.46184579214,1.0,1586.875,51.588,51.0,1815.0,100.1,39.08984375,3,547.3468425273895,15.0,80.8828125,148,38169.22164964676,4.0,266.8515625,95,38139.08547329903,4.0,66.5625,37,38138.97428774834,2.0,24.73828125,6,542.2533528804779
2026-02-15T02:38:15,Spotify,6.0,28.1,115.7887849822285,0.0,0.0,71140.6294930812,0.0,1586.875,51.789,52.0,1815.0,99.9,39.796875,3,548.8959057331085,12.1,80.859375,148,38170.77687168121,5.1,266.8515625,95,38140.62617945671,5.1,66.546875,37,38140.514676332474,4.0,16.05859375,14,38168.423897981644
2026-02-15T02:38:16,Spotify,6.5,28.1,2121.9367947309693,0.0,0.0,78007.05845447314,0.0,1586.875,51.773,52.0,1815.0,99.6,39.796875,3,550.4652323722839,15.2,80.87890625,148,38172.32393550873,5.0,16.05859375,13,38169.984572172165,3.9,66.55078125,37,38142.10160946846,3.0,266.8515625,95,38142.213025808334
2026-02-15T02:38:18,Spotify,5.8,28.1,3029.906205806119,442.4505224823704,0.0,35396.041798589635,0.0,1586.875,51.685,52.0,1815.0,98.8,39.796875,3,552.0143346786499,11.9,80.8671875,148,38173.901849508286,6.1,16.0234375,13,38171.531316280365,6.1,66.55078125,37,38143.64416742325,2.0,4.12109375,404,1771112296.8515568
2026-02-15T02:38:19,Spotify,6.3,28.1,1619.7739916942678,0.0,0.0,9920.146934778291,0.0,1586.875,51.763,52.0,1815.0,98.8,39.796875,3,553.6110248565674,13.1,80.87109375,148,38175.454869031906,3.9,66.5546875,37,38145.23637294769,2.9,16.0234375,13,38173.12256217003,2.0,4.12109375,404,1771112298.4006565
2026-02-15T02:38:21,Spotify,5.9,28.1,311.38137820674837,222.776920993446,0.0,11017.331365494056,0.0,1586.875,51.688,52.0,1815.0,99.0,39.80859375,3,555.1573476791382,12.9,80.87890625,148,38177.03376173973,9.1,66.5625,37,38146.78747797012,3.0,21.51171875,36,38177.042750597,3.0,16.0234375,13,38174.68023943901
2026-02-15T02:38:23,Spotify,6.0,28.1,3671.1098823726998,3329.86631748513,0.0,12550.538371365883,0.0,1586.875,52.557,52.0,1815.0,101.0,39.81640625,3,556.7196879386902,13.1,80.89453125,148,38178.58436226845,9.0,67.56640625,37,38148.35293984413,5.0,16.05859375,14,38176.23381733894,3.0,49.796875,31,38132.39447712898
2026-02-15T02:38:24,Spotify,6.2,28.1,803.6519097929001,711.0947001662357,0.0,9804.680964590108,1.0,1586.875,51.823,52.0,1815.0,97.7,39.81640625,3,558.2704248428345,17.0,80.8828125,148,38180.14860844612,4.0,16.0234375,13,38177.79243850708,4.0,69.0703125,37,38149.90500354767,3.0,266.8515625,95,38150.01595854759
2026-02-15T02:38:26,Spotify,5.8,28.1,1095.4450050811279,709.4249031138241,0.0,30076.000988061234,0.0,1586.875,52.133,52.0,1815.0,97.2,39.8203125,3,559.8451714515686,12.1,80.8359375,148,38181.69899082184,8.9,291.2734375,39,629.4583368301392,4.0,16.0625,14,38179.37376475334,4.0,69.0703125,37,38151.47885298729
2026-02-15T02:38:27,Spotify,6.5,28.1,0.0,0.0,0.0,25717.583409040366,1.0,1586.875,52.093,52.0,1815.0,97.7,39.8203125,3,561.4130191802979,13.9,80.875,148,38183.27143931389,3.0,4.12109375,404,1771112306.2192059,3.0,16.9140625,6,38179.313930273056,3.0,69.07421875,37,38153.06120181084
2026-02-15T02:38:29,Spotify,6.0,28.1,716.8879259861922,624.9146068350639,0.0,43542.4371214109,0.0,1586.875,52.002,51.0,1815.0,100.4,39.81640625,3,562.984810590744,13.8,80.84375,148,38184.86160707474,6.0,67.33203125,37,38154.613109350204,4.0,266.84765625,95,38154.724606752396,3.0,25.875,105,38159.24492263794
2026-02-15T02:38:30,Spotify,6.3,28.1,1045.6626462465201,1434.0883770785608,21072.738986596538,127424.21855957594,1.0,1586.875,51.927,51.0,1815.0,98.1,39.81640625,3,564.5295650959015,14.1,80.87109375,148,38186.415288209915,7.1,16.05859375,14,38184.048139333725,5.1,67.328125,37,38156.157444000244,3.0,122.984375,48,38167.16156220436
2026-02-15T02:38:32,Spotify,6.9,28.1,50.611780310806445,227.1041424202853,0.0,5647.755587503324,2.0,1586.875,51.843,51.0,1815.0,100.3,39.81640625,3,566.0721755027771,12.2,80.859375,148,38187.95530104637,5.1,280.16796875,89,634.9717681407928,5.1,67.328125,37,38157.69105577469,4.1,289.84765625,39,635.6840920448303
2026-02-15T02:38:34,Spotify,5.9,28.1,503.7849093102764,541.3421390532019,0.0,34480.12705778098,0.0,1586.875,51.714,50.0,1815.0,98.9,39.109375,3,567.604528427124,13.2,80.859375,148,38189.49843907356,6.5,67.328125,37,38159.375470638275,6.2,16.0546875,14,38187.12301516533,2.7,289.9765625,39,637.4054524898529
2026-02-15T02:38:35,Spotify,8.4,28.2,8159.549641792287,5686.324301266139,0.0,55094.99159328239,0.0,1586.875,51.824,50.0,1815.0,98.6,39.8203125,3,569.5218524932861,18.0,148.0,23,1020.7018556594849,14.4,80.8671875,148,38191.23980426788,8.3,272.7578125,75,38188.96370983124,7.0,266.57421875,95,38161.259371995926
2026-02-15T02:38:37,Spotify,9.0,28.2,4500.430884550167,1288.2295744715707,376054.4803176392,186844.6788999591,0.0,1586.875,51.733,50.0,1815.0,99.8,39.09375,3,571.1023581027985,23.1,28.671875,11,2.354825019836426,14.6,80.83984375,148,38192.95085668564,6.8,67.32421875,37,38162.76388025284,5.4,4.12109375,404,1771112315.8987978
2026-02-15T02:38:39,Spotify,6.2,28.2,5741.616178627543,3932.2311882816743,40679.1954467605,255834.00261439223,0.0,1586.875,51.72,50.0,1815.0,99.8,39.7890625,3,572.6987557411194,13.6,80.8671875,148,38194.561124801636,7.0,67.32421875,37,38164.32052564621,6.0,266.57421875,95,38164.43178105354,3.9,4.12109375,404,1771112317.509282
2026-02-15T02:38:40,Spotify,6.6,28.2,418.7490391396682,488.3277666796435,31375.53776187953,303623.69354985503,1.0,1586.875,51.878,49.0,1815.0,99.9,39.7890625,3,574.2629010677338,14.9,80.85546875,148,38196.131301641464,4.9,66.67578125,37,38165.91809988022,2.0,53.1875,48,38165.57109069824,2.0,16.05859375,14,38193.78030157089
2026-02-15T02:38:42,Spotify,6.0,28.2,3153.5703403078205,2573.262990972455,0.0,19033.576991012716,0.0,1586.875,51.704,49.0,1815.0,98.7,39.0859375,3,575.8769145011902,10.9,80.87109375,148,38197.714733839035,8.8,66.67578125,37,38167.51516747475,7.8,266.57421875,95,38167.62642073631,3.9,16.05859375,14,38195.3919403553
2026-02-15T02:38:43,Spotify,6.5,28.1,702.7774031532489,369.7843833805471,0.0,38632.17895310566,0.0,1586.875,51.716,49.0,1815.0,99.4,39.796875,3,577.4491586685181,13.6,80.87890625,148,38199.32912516594,4.0,66.67578125,37,38169.09732890129,3.0,16.05859375,14,38196.97785139084,3.0,266.57421875,95,38169.20797753334
2026-02-15T02:38:45,Spotify,5.9,28.2,385.2715892999014,339.7969099071262,0.0,5820.758962275231,0.0,1586.875,51.762,49.0,1815.0,99.9,39.09375,3,579.044814825058,11.9,80.84765625,148,38200.902334451675,4.9,66.67578125,37,38170.67944717407,3.0,16.0234375,13,38198.560458898544,2.9,290.04296875,39,648.6865022182465
2026-02-15T02:38:47,Spotify,6.8,28.2,97.65087176842148,41.313830363562936,0.0,174990.3622090113,0.0,1586.875,51.444,48.0,1815.0,99.7,39.8046875,3,580.6427109241486,11.7,80.875,148,38202.502611637115,4.9,66.67578125,37,38172.28367638588,2.9,4.12109375,404,1771112325.4479373,2.9,21.51171875,36,38202.508279800415
2026-02-15T02:38:48,Spotify,6.7,28.1,305.35670561110356,305.35670561110356,0.0,91092.19541932557,0.0,1586.875,51.624,48.0,1815.0,99.3,39.8046875,3,582.2158982753754,13.8,80.84375,148,38204.08625769615,8.9,16.0234375,13,38201.73920059204,5.9,66.484375,37,38173.862928152084,3.0,276.53125,89,651.1084108352661
2026-02-15T02:38:50,Spotify,5.9,28.2,750.3070145890889,762.9384458111274,51738.34228546983,51414.977646185645,0.0,1586.875,51.469,48.0,1815.0,99.5,39.8046875,3,583.8176157474518,11.9,80.88671875,148,38205.67055749893,5.9,66.484375,37,38175.45502471924,3.9,16.0234375,13,38203.3411552906,2.0,24.73828125,6,578.7291107177734
2026-02-15T02:38:51,Spotify,6.2,28.1,0.0,93.63212890058774,0.0,13513.189932068717,0.0,1586.875,51.468,48.0,1815.0,96.5,39.8046875,3,585.420170545578,12.8,80.84765625,148,38207.25965595245,9.6,289.79296875,39,655.0797643661499,4.9,16.0234375,13,38204.937379837036,3.9,21.51171875,36,38207.27179026604
2026-02-15T02:38:53,Spotify,6.3,28.1,1246.1476260367656,654.2887093483804,0.0,51706.5576854548,1.0,1586.875,51.491,48.0,1815.0,97.5,39.8046875,3,587.0702331066132,15.3,80.828125,148,38208.89766359329,5.8,66.484375,37,38178.6962249279,3.9,266.8515625,95,38178.80729055405,2.9,4.12109375,404,1771112331.842416
2026-02-15T02:38:54,Spotify,6.1,28.2,106.49027547052056,108.34766399616917,0.0,15849.715418868176,0.0,1586.875,51.353,47.0,1815.0,98.5,39.8046875,3,588.6240756511688,13.6,80.8671875,148,38210.51070809364,6.0,16.0234375,13,38208.14083647728,5.0,66.484375,37,38180.259152412415,3.0,266.8359375,95,38180.37015080452
2026-02-15T02:38:56,Spotify,5.8,28.1,686.5431188362745,616.921844813441,0.0,20793.553841486264,1.0,1586.875,51.287,47.0,1815.0,100.9,39.8046875,3,590.1883473396301,12.1,80.84375,148,38212.0622446537,6.0,16.0625,14,38209.71555829048,5.0,66.4609375,37,38181.8316693306,4.0,21.51171875,36,38212.0647714138
2026-02-15T02:38:58,Spotify,6.4,28.1,312.4636702259747,223.5512437389087,0.0,16908.60316279746,0.0,1586.875,51.154,47.0,1815.0,97.3,39.09375,3,591.7618472576141,12.9,80.875,148,38213.633439302444,7.0,66.4609375,37,38183.39506196976,4.0,16.0234375,13,38211.28165984154,4.0,266.8515625,95,38183.50618481636
2026-02-15T02:38:59,Spotify,6.4,28.1,2637.279416441848,3195.9275526440233,0.0,6545.2596278149595,1.0,1586.875,50.864,47.0,1815.0,99.4,39.8046875,3,593.3500051498413,13.0,80.84375,148,38215.1988966465,6.9,66.4609375,37,38184.98466563225,2.0,4.12109375,404,1771112338.1462748,2.0,21.51171875,36,38215.21311545372
2026-02-15T02:39:01,Spotify,5.8,28.1,220.79803835444187,303.59730273735755,0.0,8992.501925708179,0.0,1586.875,50.987,47.0,1815.0,98.7,39.80078125,3,594.9320476055145,12.7,80.87109375,148,38216.79361653328,5.0,66.46484375,37,38186.55751538277,4.9,16.0234375,13,38214.45718431473,3.0,21.3515625,36,38216.80227351189
2026-02-15T02:39:02,Spotify,5.9,28.1,1310.2386335199815,547.3631554879689,0.0,5858.883671285856,1.0,1586.875,50.993,48.0,1815.0,98.6,39.09375,3,596.4847962856293,13.9,80.859375,148,38218.36795544624,7.0,66.46484375,37,38188.123862981796,4.0,266.8359375,95,38188.235015153885,3.0,4.12109375,404,1771112341.31375
2026-02-15T02:39:04,Spotify,7.1,28.1,0.0,34.4974754313395,0.0,83407.22948732751,0.0,1586.875,51.013,48.0,1815.0,99.1,39.80078125,3,598.0300059318542,12.0,80.8828125,148,38219.93048334122,7.1,66.4765625,37,38189.65648293495,5.1,266.8515625,95,38189.76786708832,3.0,16.0234375,13,38217.56124210358
2026-02-15T02:39:06,Spotify,7.5,28.1,909.3692847267446,309.2379700223512,10734.226484843648,205962.97067793747,1.0,1586.875,51.063,48.0,1815.0,100.9,39.80078125,3,599.6126205921173,10.2,80.85546875,148,38221.45899963379,8.8,66.48828125,37,38191.2559261322,3.0,16.0625,14,38219.12037920952,2.0,4.12109375,404,1771112344.4049077
2026-02-15T02:39:07,Spotify,6.9,28.1,4206.097494854574,890.855524009269,20229.767020606876,171004.74934606752,4.0,1586.875,50.957,48.0,1815.0,98.6,39.8125,4,601.194177865982,13.5,80.83984375,148,38223.07834982872,6.7,15.18359375,9,38223.27186751366,4.9,16.0625,14,38220.72244977951,4.9,66.50390625,37,38192.84376192093
2026-02-15T02:39:09,Spotify,7.5,28.1,1277.824560244126,854.4259746109976,1208239.7020022944,3916363.1720074373,0.0,1586.875,51.105,48.0,1815.0,97.0,39.81640625,4,602.8377451896667,13.9,80.87109375,148,38224.65038871765,7.7,66.49609375,37,38194.471163749695,2.9,260.10546875,74,38222.32208585739,1.9,16.8515625,6,38220.72849392891
2026-02-15T02:39:10,Spotify,5.8,28.1,85.00606571509556,59.750640393943975,10092.314352725547,51407.72623419576,0.0,1586.875,51.17,49.0,1815.0,98.9,39.81640625,4,604.4014523029327,14.4,80.8515625,148,38226.276050806046,7.0,66.49609375,37,38196.041110515594,6.0,16.0234375,13,38223.92837190628,3.0,6.0859375,4,38214.14467930794
2026-02-15T02:39:12,Spotify,5.7,28.1,1299.287005086321,384.69455593266974,0.0,30574.41699438735,4.0,1586.875,51.175,49.0,1815.0,99.8,39.82421875,4,605.9821603298187,12.8,80.875,148,38227.863877534866,6.0,66.49609375,37,38197.60700917244,4.0,16.0234375,13,38225.506972551346,2.0,4.125,404,1771112350.8121595
2026-02-15T02:39:13,Spotify,6.7,28.1,2582.1817550777682,656.6174336178367,0.0,19389.14900755387,0.0,1586.875,51.222,49.0,1815.0,99.5,39.82421875,4,607.5832974910736,13.0,80.8671875,148,38229.423961400986,8.9,16.0234375,13,38227.09242939949,3.9,66.49609375,37,38199.202849149704,3.0,4.125,404,1771112352.3703847
2026-02-15T02:39:15,Spotify,6.3,28.1,2738.405961247581,303.7791623295506,0.0,20566.602461187424,1.0,1586.875,51.341,49.0,1815.0,99.6,39.11328125,4,609.1518654823303,12.8,80.8515625,148,38231.015778541565,4.0,66.49609375,37,38200.78686380386,2.9,4.125,404,1771112353.9638047,2.9,290.4453125,37,678.7974174022675
2026-02-15T02:39:17,Spotify,6.3,28.1,336.11642024723875,102.84159126967752,0.0,7063.461488180778,4.0,1586.875,51.382,49.0,1815.0,97.3,39.8203125,4,610.7741403579712,12.7,80.88671875,148,38232.612407684326,4.8,66.49609375,37,38202.41628932953,2.9,276.44140625,86,679.6424329280853,2.9,16.0234375,13,38230.28394651413
2026-02-15T02:39:18,Spotify,6.4,28.1,2151.672434180227,1254.5260813261575,0.0,62780.52719752432,0.0,1586.875,51.413,49.0,1815.0,99.4,39.8203125,4,612.3931300640106,18.3,293.125,37,682.0444412231445,13.5,80.8515625,148,38234.238374471664,8.7,66.49609375,37,38204.027213573456,6.7,16.0234375,14,38231.913563489914
2026-02-15T02:39:20,Spotify,7.4,28.1,4090.651194319711,2933.059063055174,10082.929015756605,157860.85740293932,2.0,1586.875,51.361,49.0,1815.0,100.0,39.11328125,4,613.9716060161591,12.6,6.17578125,11,38235.85179924965,12.5,80.85546875,148,38235.8613550663,8.0,66.48828125,37,38205.59126806259,6.8,276.89453125,86,682.8901062011719
2026-02-15T02:39:21,Spotify,6.7,28.1,954.9386864551849,374.71456943047986,10621.666964617616,38171.61565409456,1.0,1586.875,51.322,50.0,1815.0,99.0,39.8203125,4,615.5546956062317,15.2,80.85546875,148,38237.40124773979,5.9,66.48828125,37,38207.17380595207,4.9,266.5703125,95,38207.28526878357,2.0,3.94921875,18,38238.5394282341
2026-02-15T02:39:23,Spotify,6.1,28.1,618.6954783809371,599.0442900307229,0.0,47710.54967711357,0.0,1586.875,51.323,50.0,1815.0,97.3,39.8203125,4,617.1230020523071,14.9,80.890625,148,38238.97787594795,4.0,16.0234375,13,38236.63965320587,3.9,66.48828125,37,38208.76059651375,2.0,4.125,404,1771112361.9261599
2026-02-15T02:39:25,Spotify,5.6,28.1,156.9917500339488,295.1444900638237,0.0,31508.872198813657,0.0,1586.875,51.523,50.0,1815.0,100.8,39.8203125,4,618.7047021389008,14.7,80.8671875,148,38240.57178401947,7.9,66.4765625,37,38210.33815574646,4.0,266.5703125,95,38210.44940829277,3.0,49.8671875,31,38194.383327007294
2026-02-15T02:39:26,Spotify,6.1,28.1,0.0,0.0,0.0,9737.662199626542,0.0,1586.875,51.461,50.0,1815.0,96.8,39.8203125,4,620.3032310009003,12.9,80.82421875,148,38242.151923418045,7.9,66.4765625,37,38211.92858028412,3.9,266.5703125,95,38212.04004859924,2.9,139.39453125,277,38237.045466184616
2026-02-15T02:39:28,Spotify,6.7,28.1,841.8346560864339,523.6411997680497,10262.365331339384,41049.46132535754,0.0,1586.875,51.559,50.0,1815.0,99.0,39.8203125,4,621.8666477203369,11.8,80.859375,148,38243.746419906616,7.0,66.47265625,37,38213.485503196716,3.0,21.51171875,36,38243.744330883026,3.0,16.0625,14,38241.39492440224
2026-02-15T02:39:29,Spotify,6.5,28.1,98.06281466861007,190.31927846868402,0.0,5285.06959056088,0.0,1586.875,51.589,50.0,1815.0,100.0,39.8203125,4,623.4449779987335,12.1,80.83984375,148,38245.29656910896,6.0,16.0234375,13,38242.95709872246,4.9,66.4765625,37,38215.06553506851,3.0,6.0859375,4,38233.19920754433
2026-02-15T02:39:31,Spotify,6.2,28.1,0.0,0.0,31037.705499975687,118007.9427863659,2.0,1586.875,51.529,51.0,1815.0,97.4,39.8203125,4,625.000964641571,12.8,80.87109375,148,38246.87659621239,5.0,16.0625,14,38244.51914358139,4.0,66.4921875,37,38216.63983798027,3.9,289.83984375,37,694.6532943248749
2026-02-15T02:39:33,Spotify,6.2,28.1,780.821224902809,734.2238292231252,0.0,88016.18349356051,0.0,1586.875,51.521,51.0,1815.0,97.2,39.8203125,4,626.6245579719543,14.7,80.86328125,148,38248.469222545624,9.7,66.4921875,37,38218.255934238434,2.0,4.125,404,1771112371.4143007,1.9,261.3359375,74,38246.092370033264
2026-02-15T02:39:34,Spotify,6.1,28.1,2068.119810125529,1109.1453034117028,10209.121714099629,98581.83155177455,1.0,1586.875,51.681,51.0,1815.0,98.7,39.8203125,4,628.2227923870087,12.7,80.8828125,148,38250.07189130783,8.8,66.4921875,37,38219.863052368164,4.9,16.06640625,13,38247.73818349838,4.9,266.84375,95,38219.973855257034
2026-02-15T02:39:36,Spotify,6.3,28.1,0.0,82.78953264018081,0.0,174369.808382519,0.0,1586.875,51.583,51.0,1815.0,98.8,39.828125,4,629.8194243907928,13.7,80.875,148,38251.66970515251,7.9,66.4921875,37,38221.445351839066,5.9,266.8515625,95,38221.55669045448,3.0,22.96875,116,38208.26902651787
2026-02-15T02:39:37,Spotify,6.7,28.1,829.4120670366176,551.6789547869131,0.0,13573.574649585558,1.0,1586.875,51.64,51.0,1815.0,99.1,39.10546875,4,631.3650460243225,16.8,80.81640625,148,38253.24936532974,4.0,16.0234375,13,38250.89153242111,3.0,66.4921875,37,38222.999415397644,2.0,21.51171875,36,38253.257127046585
2026-02-15T02:39:39,Spotify,5.4,28.1,0.0,77.25661279909671,0.0,19118.4364473498,0.0,1586.875,51.654,51.0,1815.0,100.2,39.81640625,4,632.9244067668915,11.1,80.8671875,148,38254.80647134781,7.0,16.0234375,13,38252.450749874115,7.0,66.4921875,37,38224.5508646965,5.0,28.78125,22,32399.29045343399
2026-02-15T02:39:40,Spotify,6.1,28.1,491.68934918939834,35.30406554231972,0.0,3286.4875559395814,0.0,1586.875,51.594,51.0,1815.0,96.5,39.8203125,4,634.5281209945679,13.0,80.8359375,148,38256.3637573719,4.8,266.8515625,95,38226.28422284126,2.0,16.0234375,13,38254.03964948654,1.9,6.0859375,4,38244.275517463684
2026-02-15T02:39:42,Spotify,6.5,28.1,626.450141346634,433.22288753244635,0.0,9767.206918913336,0.0,1586.875,51.829,52.0,1815.0,98.0,39.8203125,4,636.1382248401642,14.5,291.08984375,37,705.7931349277496,13.5,80.86328125,148,38257.9882774353,4.8,21.51171875,36,38257.99256896973,3.9,16.0234375,14,38255.6530919075
2026-02-15T02:39:44,Spotify,6.6,28.1,3539.120334725767,3612.594745024505,10116.006204491794,98631.060493795,0.0,1586.875,51.734,52.0,1815.0,100.6,39.8203125,4,637.7226676940918,12.5,80.859375,148,38259.610251665115,9.1,66.49609375,37,38229.3396589756,5.9,16.0234375,13,38257.24118256569,3.0,122.94921875,47,38240.34581899643
2026-02-15T02:39:45,Spotify,6.7,28.1,1193.987239886654,1208.3098785330587,21332.919234790555,141997.24365657463,0.0,1586.875,51.532,52.0,1815.0,99.3,39.81640625,4,639.2640676498413,11.2,80.87890625,148,38261.144451379776,6.1,66.49609375,37,38230.888063669205,5.1,275.9296875,85,708.1674554347992,4.0,16.0234375,13,38258.7846288681
2026-02-15T02:39:47,Spotify,6.1,28.1,468.9388974893081,1881.5449590620387,0.0,68175.61057819867,0.0,1586.875,51.811,52.0,1815.0,100.2,39.81640625,4,640.8234984874725,14.1,80.8828125,148,38262.69861102104,4.0,66.49609375,37,38232.44113659859,3.0,16.05859375,13,38260.34950852394,2.0,21.51171875,36,38262.69404697418
2026-02-15T02:39:48,Spotify,6.4,28.1,1538.8493894049766,1344.5760445631522,0.0,265356.93922815914,0.0,1586.875,51.656,52.0,1815.0,99.4,39.109375,4,642.3793315887451,13.0,80.875,148,38264.26053953171,9.9,66.49609375,37,38234.011347293854,5.0,266.85546875,95,38234.12246441841,4.0,21.51171875,36,38264.265376091
2026-02-15T02:39:50,Spotify,6.2,28.1,0.0,0.0,0.0,14365.93948197387,1.0,1586.875,53.578,52.0,1815.0,94.2,39.81640625,4,643.9891445636749,13.9,80.87109375,148,38265.832048892975,3.9,16.0234375,13,38263.506566762924,2.9,266.84765625,95,38235.72565364838,2.9,66.5078125,37,38235.614950180054
2026-02-15T02:39:51,Spotify,6.8,28.1,237.24095719487352,33.71318865400834,0.0,12786.038956186867,0.0,1586.875,51.994,52.0,1815.0,96.1,39.82421875,4,645.5821058750153,11.7,80.83984375,148,38267.4305562973,6.9,66.515625,37,38237.20593881607,4.9,16.05859375,13,38265.0859503746,2.0,12.41796875,59,38236.70399045944
2026-02-15T02:39:53,Spotify,7.0,28.1,1105.062723887278,1087.4220418639918,0.0,95804.0239710348,0.0,1586.875,52.045,52.0,1815.0,99.9,39.82421875,4,647.145646572113,12.8,80.875,148,38269.021090745926,6.9,16.0625,14,38266.665306806564,6.0,66.51171875,37,38238.772463560104,3.9,4.125,404,1771112391.9666421
2026-02-15T02:39:55,Spotify,5.8,28.1,110.43346257185475,112.35962761671267,0.0,51939.68248960908,0.0,1586.875,51.963,52.0,1815.0,99.5,39.1171875,4,648.6848406791687,12.0,80.8515625,148,38270.57539510727,7.1,66.515625,37,38240.31200313568,4.1,16.05859375,14,38268.207498312,4.1,266.85546875,95,38240.422964811325
2026-02-15T02:39:56,Spotify,6.2,28.1,487.41944096408065,378.382868285032,0.0,9969.05807351302,0.0,1586.875,51.862,51.0,1815.0,98.3,39.82421875,4,650.2585537433624,13.2,80.87109375,148,38272.11796212196,4.0,66.51171875,37,38241.89150047302,2.0,96.6171875,33,38265.163083314896,2.0,24.77734375,8,645.1603715419769
2026-02-15T02:39:58,Spotify,5.9,28.1,1108.3883711571698,1056.570898845375,0.0,14559.44587882622,0.0,1586.875,51.933,51.0,1815.0,99.0,39.82421875,4,651.8209838867188,13.8,80.84375,148,38273.70223546028,7.1,66.51171875,37,38243.43551325798,4.0,16.05859375,14,38271.34119796753,2.0,21.51171875,36,38273.70257282257
2026-02-15T02:39:59,Spotify,5.9,28.1,0.0,34.96380484387637,0.0,9613.751376331042,0.0,1586.875,51.905,51.0,1815.0,98.6,39.82421875,4,653.3582901954651,12.2,80.88671875,148,38275.24208045006,8.1,266.84765625,95,38245.09363102913,7.1,66.51171875,37,38244.98188471794,5.1,16.05859375,14,38272.87978863716
2026-02-15T02:40:01,Spotify,6.5,28.1,100.87686007253201,106.05003238394391,0.0,11256.822949632291,0.0,1586.875,51.726,50.0,1815.0,100.1,39.82421875,4,654.9032113552094,16.2,80.84765625,148,38276.78926444054,8.1,66.51953125,37,38246.52461719513,6.0,16.0625,13,38274.43495464325,4.0,6.0859375,4,38264.64827299118
2026-02-15T02:40:02,Spotify,6.1,28.1,596.4707252943244,1278.895747246783,0.0,24004.690848526174,0.0,1586.875,51.783,50.0,1815.0,99.9,39.82421875,4,656.4366450309753,11.1,80.8828125,148,38278.331803798676,6.0,66.51171875,37,38248.075474739075,5.0,266.828125,95,38248.186861753464,2.0,259.70703125,72,38275.93173956871
2026-02-15T02:40:04,Spotify,7.2,28.1,3512.9885853967903,3072.6561934301894,21125.639560705087,123452.95618287036,0.0,1586.875,51.771,50.0,1815.0,100.3,39.82421875,4,657.979243516922,13.2,80.86328125,148,38279.875266075134,8.2,66.51171875,37,38249.59135890007,7.1,16.0234375,13,38277.51058220863,5.2,266.57421875,95,38249.70300388336
2026-02-15T02:40:05,Spotify,8.1,28.1,188.95256115158554,186.98430530625652,0.0,28216.915798636775,0.0,1586.875,51.659,50.0,1815.0,99.6,39.82421875,4,659.5015063285828,14.3,80.87109375,148,38281.39997816086,4.1,16.0625,14,38279.03278255463,3.1,66.51171875,37,38251.12390637398,2.0,3.94921875,18,38282.541115283966
2026-02-15T02:40:07,Spotify,5.3,28.1,0.0,157.65591012794926,0.0,4689.118521979835,0.0,1602.21875,51.955,49.0,1815.0,98.3,39.81640625,4,661.0916380882263,35.4,310.76171875,37,730.9250922203064,11.2,80.859375,148,38282.93115949631,9.5,126.171875,97,731.2051050662994,7.1,66.51171875,37,38252.88861823082
2026-02-15T02:40:09,Spotify,11.0,28.2,126840.63243690989,29158.689939932232,18370.46041952417,212249.47346250233,0.0,1610.03125,51.611,49.0,1815.0,100.0,39.81640625,4,663.0437326431274,30.6,309.73828125,37,732.7099335193634,22.8,279.453125,91,731.8752074241638,18.8,80.859375,148,38284.76046681404,9.8,6.1015625,11,38284.83692860603
2026-02-15T02:40:11,Spotify,9.1,28.2,364046.8530911554,19616.13918157498,269821.81283037993,951703.7743282411,0.0,1610.03125,51.444,49.0,1815.0,99.3,39.81640625,4,664.7124543190002,16.8,80.8125,148,38286.52550959587,9.4,310.28515625,37,734.3660840988159,7.5,16.05859375,14,38284.216446876526,5.6,66.4765625,37,38256.35756421089
2026-02-15T02:40:12,Spotify,7.4,28.2,3417.9200253766157,10283.943050568001,9890.357063894468,392523.54597331164,1.0,1610.03125,51.516,49.0,1815.0,98.9,39.82421875,4,666.3867981433868,15.1,80.86328125,148,38288.184967041016,13.8,311.859375,37,736.0601150989532,8.3,66.4765625,37,38258.05136394501,5.6,16.0234375,13,38285.895169496536
2026-02-15T02:40:14,Spotify,6.3,28.2,83691.217325139,7464.03122847302,38675.10678282794,277373.03145809413,0.0,1609.53125,51.327,48.0,1815.0,98.9,39.82421875,4,668.0934405326843,14.7,307.71875,37,737.7662124633789,12.9,80.85546875,148,38289.87956857681,6.4,16.05859375,14,38287.60128903389,5.5,66.5,37,38259.75741958618
2026-02-15T02:40:16,Spotify,7.0,28.2,3014846.545471826,19390.974165074105,643529.1981823765,4326113.028639269,0.0,1609.21875,51.398,48.0,1815.0,99.3,39.828125,4,669.7623181343079,15.6,80.8359375,148,38291.58404302597,13.3,308.34375,37,739.4110734462738,6.5,16.0234375,13,38289.27816414833,4.7,66.5,37,38261.410326719284
2026-02-15T02:40:17,Spotify,6.8,28.1,556.6756926203042,427.8380869046879,0.0,102992.29582941941,0.0,1608.78125,51.431,48.0,1815.0,99.7,39.796875,2,671.4075949192047,12.4,80.8515625,148,38293.22842383385,12.3,307.16015625,37,741.0581521987915,6.7,266.88671875,95,38263.16466283798,5.7,66.49609375,37,38263.054050683975
2026-02-15T02:40:19,Spotify,6.8,28.1,1653.209160458327,347.4047170397366,0.0,52241.895351206265,2.0,1608.28125,51.364,48.0,1815.0,100.6,39.796875,2,673.0538940429688,15.2,80.8671875,148,38294.878004550934,13.3,307.60546875,37,742.7068221569061,5.7,16.0234375,13,38292.562487363815,5.7,66.49609375,37,38264.69090247154
2026-02-15T02:40:21,Spotify,7.7,28.2,0.0,0.0,9938.397481366448,62114.984258540295,0.0,1608.03125,51.316,47.0,1815.0,99.2,39.09765625,2,674.7082178592682,12.3,80.88671875,148,38296.52285075188,10.4,307.72265625,37,744.356050491333,9.4,66.49609375,37,38266.35443544388,4.7,21.515625,36,38296.540822029114
2026-02-15T02:40:22,Spotify,6.7,28.1,1279.0625943125315,587.6774081976496,0.0,2794.6516996643645,1.0,1607.03125,51.103,47.0,1815.0,99.1,39.8046875,2,676.4107942581177,14.5,334.49609375,73,1113.3655211925507,14.4,307.5390625,37,746.0927963256836,14.2,80.87109375,148,38298.17309427261,5.6,16.0234375,13,38295.8855111599
2026-02-15T02:40:24,Spotify,7.4,28.2,7548.447419396413,4508.387773776488,9412.006280014524,101473.19270640658,0.0,1606.46875,51.239,47.0,1815.0,99.0,39.09765625,2,678.1141884326935,13.5,80.84765625,148,38299.91409921646,12.1,307.578125,37,747.7753100395203,6.5,66.50390625,37,38269.76209425926,2.7,16.0234375,13,38297.61906957626
2026-02-15T02:40:26,Spotify,6.9,28.2,469.9767243136155,262.68661016768624,0.0,247947.5682584136,0.0,1606.46875,50.822,47.0,1815.0,97.6,39.8046875,2,679.7624080181122,14.0,80.87890625,148,38301.58933353424,12.4,307.09375,37,749.415292263031,6.6,66.50390625,37,38271.41093850136,3.8,16.0234375,13,38299.268496751785
2026-02-15T02:40:27,Spotify,6.3,28.2,855.0458046890143,628.1720248428564,0.0,15925.075643394823,0.0,1606.46875,50.736,48.0,1815.0,99.7,39.8046875,2,681.4239213466644,14.3,80.8828125,148,38303.23270821571,13.1,307.57421875,37,751.0887665748596,7.5,66.50390625,37,38273.08111143112,6.5,266.83984375,94,38273.192403793335
2026-02-15T02:40:29,Spotify,8.3,28.2,529.8892489678451,1025.1295955229111,0.0,76160.67708276509,1.0,1606.46875,50.967,48.0,1815.0,99.9,39.80078125,2,683.081554889679,15.0,80.85546875,148,38304.904027462006,12.3,307.171875,37,752.7437319755554,5.7,66.50390625,37,38274.730199337006,4.7,139.83203125,277,38299.82531762123
2026-02-15T02:40:31,Spotify,6.7,28.2,355.8476606257217,39.80668745982649,0.0,12969.742532365286,0.0,1606.46875,50.922,48.0,1815.0,99.1,39.80078125,2,684.7525737285614,14.1,80.86328125,148,38306.56180381775,13.9,307.640625,37,754.4250845909119,5.6,66.50390625,37,38276.412767887115,4.7,21.515625,36,38306.57796216011
2026-02-15T02:40:32,Spotify,7.3,28.2,697.2634077266903,491.0641435613614,0.0,81163.8444659089,0.0,1606.46875,51.06,48.0,1815.0,99.9,39.8046875,2,686.4261577129364,15.8,80.875,148,38308.241746902466,11.2,307.6875,37,756.0959141254425,5.6,16.0234375,13,38305.93252515793,4.7,66.5078125,37,38278.08273553848
2026-02-15T02:40:34,Spotify,6.5,28.2,2301.5654288068254,1299.5314813887173,0.0,47197.3552485203,1.0,1606.46875,50.982,48.0,1815.0,99.5,39.80078125,2,688.1057398319244,23.3,308.6640625,37,757.7745280265808,15.0,80.84375,148,38309.914135456085,4.6,66.51171875,37,38279.76809048653,2.8,16.0234375,14,38307.61696577072
2026-02-15T02:40:36,Spotify,6.5,28.2,29.78435248937669,0.0,0.0,34769.061721998776,0.0,1606.46875,51.21,48.0,1815.0,99.5,39.8046875,2,689.7710535526276,14.9,80.8671875,148,38311.59185552597,10.5,308.66796875,37,759.4185469150543,7.5,16.0234375,13,38309.27487707138,5.7,66.515625,37,38281.4123814106
2026-02-15T02:40:37,Spotify,7.1,28.1,1187.2821191046517,1016.9752577576728,0.0,3425.6008682363718,0.0,1606.46875,51.181,49.0,1815.0,99.3,39.8046875,3,691.4072580337524,14.3,80.86328125,148,38313.23893046379,9.4,307.4453125,37,761.0803098678589,4.7,66.52734375,37,38283.06426525116,3.8,16.0234375,13,38310.91841173172
2026-02-15T02:40:39,Spotify,6.7,28.2,0.0,32.46851645449131,0.0,23088.722812082706,0.0,1606.46875,51.141,49.0,1815.0,99.8,39.80859375,3,693.0817687511444,15.0,80.86328125,148,38314.90338397026,9.4,308.67578125,37,762.7455582618713,4.7,16.0234375,13,38312.58941078186,4.7,266.85546875,95,38284.838686704636
2026-02-15T02:40:41,Spotify,6.1,28.2,0.0,0.0,0.0,10767.863605210618,0.0,1606.46875,51.249,49.0,1815.0,99.7,39.1015625,3,694.758113861084,15.1,80.8671875,148,38316.561027765274,9.4,308.6953125,37,764.4041135311127,5.6,66.5234375,37,38286.39983820915,4.7,266.85546875,95,38286.51108765602
2026-02-15T02:40:42,Spotify,6.7,28.1,510.7851356272862,712.8075918671219,0.0,123196.30907559273,4.0,1606.46875,51.161,49.0,1815.0,100.3,39.81640625,3,696.4099607467651,17.9,80.87109375,148,38318.21891283989,14.1,293.1796875,37,766.0710654258728,4.7,266.84765625,95,38288.17138171196,4.7,66.5234375,37,38288.06006669998
2026-02-15T02:40:44,Spotify,6.9,28.1,39.59417552797776,60.59108679281445,0.0,74945.77515695766,0.0,1606.46875,51.136,49.0,1815.0,98.8,39.109375,3,698.0703103542328,15.0,80.83984375,148,38319.88773274422,12.2,293.30859375,37,767.7322494983673,3.8,66.5234375,37,38289.71904754639,2.8,266.84765625,95,38289.830038547516
2026-02-15T02:40:46,Spotify,6.6,28.1,127.62880657727408,567.1053575273215,0.0,17569.42967524135,0.0,1606.46875,51.557,49.0,1815.0,100.1,39.8125,3,699.7412054538727,14.1,80.88671875,148,38321.54714846611,10.3,292.80078125,37,769.3968286514282,7.5,66.52734375,37,38291.383581638336,3.8,266.84765625,95,38291.49452209473
2026-02-15T02:40:47,Spotify,6.4,28.1,1445.9541283681276,1480.781927141114,12297.815842599357,40890.237676642864,0.0,1606.46875,51.381,50.0,1815.0,96.9,39.8125,3,701.435122013092,27.5,294.51171875,37,771.1000056266785,14.0,80.85546875,148,38323.21628189087,4.6,16.05859375,14,38320.94646859169,3.7,66.515625,37,38293.08877539635
2026-02-15T02:40:49,Spotify,7.3,28.1,29.367636129852958,0.0,0.0,8721.013225121134,1.0,1606.46875,51.35,50.0,1815.0,97.7,39.8125,3,703.0972948074341,14.7,80.83203125,148,38324.91912341118,13.2,291.64453125,37,772.7589247226715,8.5,66.51953125,37,38294.74689602852,4.7,16.05859375,14,38322.61525940895
2026-02-15T02:40:51,Spotify,6.3,28.1,326.72317994020335,261.61966807019974,0.0,18518.332265245474,0.0,1606.46875,51.307,50.0,1815.0,98.9,39.8125,3,704.7559475898743,13.2,80.87109375,148,38326.57601475716,11.3,292.08984375,37,774.4185371398926,5.6,66.51953125,37,38296.409222602844,2.8,139.953125,277,38321.50207233429
2026-02-15T02:40:52,Spotify,6.5,28.1,1176.4604784223125,1007.7059015994398,0.0,6480.175749998311,0.0,1606.46875,51.358,50.0,1815.0,99.9,39.8125,3,706.4136445522308,14.1,80.85546875,148,38328.232573509216,12.3,292.8125,37,776.0657694339752,9.4,66.51953125,37,38298.062896966934,5.6,16.0234375,14,38325.92412042618
2026-02-15T02:40:54,Spotify,6.8,28.1,47.34432317974639,66.16065675118406,0.0,48791.35992924018,0.0,1606.46875,51.438,50.0,1815.0,99.5,39.109375,3,708.0658757686615,15.1,292.046875,37,777.7211413383484,14.2,80.83203125,148,38329.8826444149,6.7,66.5234375,37,38299.7073495388,3.8,16.0234375,13,38327.57688951492
2026-02-15T02:40:56,Spotify,7.1,28.1,811.8705735501742,517.0842343444561,0.0,18247.757653127723,0.0,1606.46875,51.393,50.0,1815.0,98.2,39.109375,3,709.7329108715057,15.1,80.87109375,148,38331.53770804405,10.2,66.5234375,37,38301.38471913338,10.2,293.015625,37,779.3992311954498,4.7,266.57421875,95,38301.49586033821
2026-02-15T02:40:57,Spotify,6.8,28.1,576.7855390720571,608.9615918715313,0.0,208672.4277555237,1.0,1606.46875,51.494,51.0,1815.0,97.0,39.8125,3,711.408552646637,14.9,80.8515625,148,38333.21704888344,14.1,290.85546875,36,781.0610980987549,6.5,66.48828125,37,38303.059091091156,4.7,266.88671875,95,38303.16986775398
2026-02-15T02:40:59,Spotify,6.7,28.1,198.5903776691333,270.805060457909,0.0,107224.36100477423,0.0,1606.46875,51.635,51.0,1815.0,99.8,39.8125,3,713.0530953407288,20.7,292.51171875,37,782.7181327342987,14.1,80.88671875,148,38334.87895607948,8.6,66.49609375,37,38304.69933843613,3.8,266.85546875,95,38304.81045913696
2026-02-15T02:41:01,Spotify,7.0,28.1,94.12769177409115,66.37209035352582,0.0,62404.24611566412,1.0,1606.46875,51.498,51.0,1815.0,100.2,39.8125,3,714.706095457077,14.2,292.515625,37,784.3651261329651,12.3,80.8671875,148,38336.53603196144,9.4,66.49609375,37,38306.35908794403,6.6,16.05859375,14,38334.207894325256
2026-02-15T02:41:02,Spotify,7.1,28.1,1319.6587302621049,464.9763511411096,0.0,44443.48371429175,0.0,1606.46875,51.642,51.0,1815.0,99.0,39.8125,3,716.3467433452606,14.2,80.84375,148,38338.182483911514,10.5,291.25,37,785.9978733062744,7.6,66.5,37,38307.9970638752,5.7,266.85546875,95,38308.10806107521
2026-02-15T02:41:04,Spotify,6.8,28.1,349.2130837397438,0.0,0.0,72773.5560332311,1.0,1606.46875,51.581,51.0,1815.0,97.5,39.8125,3,717.9803736209869,14.3,80.8828125,148,38339.82128548622,12.4,291.25390625,37,787.6345107555389,5.8,16.0234375,13,38337.49278497696,4.8,66.5,37,38309.61734127998
2026-02-15T02:41:06,Spotify,7.1,28.1,1683.210515889201,32.992148042837336,0.0,77265.16685350705,0.0,1606.46875,51.642,51.0,1815.0,98.3,39.80859375,3,719.6206479072571,13.4,80.875,148,38341.44922542572,11.5,290.90625,37,789.2707929611206,9.5,66.515625,37,38311.264258146286,4.8,16.05859375,14,38339.124717235565
2026-02-15T02:41:07,Spotify,7.0,28.1,3499.3639398828027,624.689946997419,0.0,30043.796746396423,1.0,1606.46875,51.739,51.0,1815.0,99.1,39.80078125,3,721.2587304115295,13.4,80.8359375,148,38343.086830854416,13.3,291.37890625,37,790.9120829105377,4.7,16.0625,14,38340.77375984192,2.9,4.125,404,1771112466.0327253
2026-02-15T02:41:09,Spotify,6.1,28.1,0.0,0.0,0.0,54913.68667490272,0.0,1606.46875,51.696,52.0,1815.0,99.9,39.80078125,3,722.900999546051,13.4,291.3828125,37,792.547351360321,11.4,80.875,148,38344.72658967972,4.8,16.0234375,13,38342.41307592392,4.8,266.84765625,95,38314.64917635918
2026-02-15T02:41:10,Spotify,6.5,28.1,47.607336480421885,33.56927572337441,0.0,13749.975336294157,0.0,1605.96875,51.78,52.0,1815.0,99.4,39.80078125,3,724.5513651371002,15.2,80.85546875,148,38346.3720972538,12.3,291.28125,37,794.2036831378937,5.6,66.52734375,37,38316.198407649994,4.8,16.0625,13,38344.05548477173
2026-02-15T02:41:12,Spotify,6.7,28.1,2943.964830531564,3662.270482343332,0.0,7429.747348032832,0.0,1598.78125,51.693,52.0,1815.0,98.0,39.80078125,3,726.2087802886963,19.6,292.625,37,795.8785884380341,13.3,80.8359375,148,38348.0202395916,7.5,66.53125,37,38317.869525671005,4.7,16.05859375,14,38345.71363735199
2026-02-15T02:41:14,Spotify,6.7,28.1,174.2358815840464,2497.778768187734,0.0,18025.059968804362,0.0,1598.46875,51.806,52.0,1815.0,100.1,39.80078125,3,727.8788261413574,14.0,80.875,148,38349.69691944122,11.4,291.53125,37,797.5287044048309,4.7,66.53125,37,38319.52456617355,2.8,266.84375,95,38319.63554763794
2026-02-15T02:41:15,Spotify,6.5,28.1,3934.786194179979,631.770628160363,0.0,32563.747813903272,0.0,1596.96875,52.144,52.0,1815.0,98.4,39.80078125,3,729.4986186027527,12.5,291.9765625,37,799.1474661827087,12.3,80.875,148,38351.35098719597,5.8,16.0234375,13,38349.01512050629,4.8,266.84375,95,38321.2552318573
2026-02-15T02:41:17,Spotify,7.5,28.1,1340.0512138894244,921.2078751068111,0.0,5384.951877051501,0.0,1596.96875,51.919,52.0,1815.0,99.0,39.80078125,3,731.1231899261475,14.6,80.875,148,38352.961000442505,11.4,290.9609375,37,800.7855017185211,7.7,66.53125,37,38322.775910139084,4.8,16.0546875,14,38350.64046883583
2026-02-15T02:41:19,Spotify,6.5,28.1,657.9402832566202,258.781706958077,0.0,150620.7187970332,0.0,1596.96875,52.121,52.0,1815.0,99.0,39.80078125,3,732.7996258735657,20.0,297.3046875,37,802.5001425743103,13.3,80.8671875,148,38354.60254788399,9.1,66.5390625,37,38324.495864868164,3.8,16.0625,14,38352.30522632599
2026-02-15T02:41:20,Spotify,7.5,28.1,3753.7418707636216,2051.5788903614075,0.0,11349.308754868223,0.0,1595.09375,52.025,52.0,1815.0,100.4,39.1015625,3,734.4926669597626,24.7,298.4453125,37,804.1480159759521,15.5,80.86328125,148,38356.31451678276,11.8,6.109375,11,38356.324208021164,7.6,66.546875,37,38326.146032094955
2026-02-15T02:41:22,Spotify,7.8,28.1,808.8745521248156,704.5036421732266,0.0,8388.508483550977,1.0,1595.09375,52.036,51.0,1815.0,97.8,39.80859375,3,736.1380667686462,13.2,80.8828125,148,38357.96521401405,12.4,293.984375,37,805.7880706787109,4.8,66.5546875,37,38327.77934098244,4.7,16.0234375,13,38355.65806770325
2026-02-15T02:41:24,Spotify,6.5,28.1,76.82316546752132,0.0,0.0,33090.054255978706,0.0,1595.09375,52.003,51.0,1815.0,99.8,39.8125,3,737.766759634018,14.3,80.8515625,148,38359.60415458679,11.6,294.00390625,37,807.4103229045868,5.8,266.84375,95,38329.50954198837,3.9,21.515625,36,38359.61121273041
2026-02-15T02:41:25,Spotify,8.1,28.1,106.00354765411666,107.85244674110706,0.0,18301.635762422375,0.0,1595.09375,51.945,51.0,1815.0,99.2,39.8125,3,739.3890116214752,14.5,80.8359375,148,38361.22484970093,12.3,293.60546875,37,809.0624754428864,5.8,16.0625,14,38358.90188407898,5.7,66.546875,37,38331.04603743553
2026-02-15T02:41:27,Spotify,6.8,28.1,698.6141841478013,658.6587802017399,0.0,25416.47998896126,0.0,1595.09375,51.907,50.0,1815.0,99.0,39.11328125,3,741.0467221736908,14.2,80.8828125,148,38362.877279520035,11.4,294.05859375,37,810.705132484436,6.6,16.05859375,14,38360.55158162117,5.7,66.55078125,37,38332.68961238861
2026-02-15T02:41:29,Spotify,7.2,28.1,159.51928952063255,426.8054273052039,39901.741061160974,27432.44697954817,0.0,1595.09375,51.741,50.0,1815.0,100.0,39.11328125,3,742.6877691745758,16.1,80.87109375,148,38364.52330708504,9.6,294.0625,37,812.3363547325134,6.6,66.54296875,37,38334.33424091339,5.7,4.125,404,1771112487.468324
2026-02-15T02:41:30,Spotify,6.8,28.1,0.0,328.3806231871229,0.0,79046.60732480476,0.0,1595.09375,51.696,50.0,1815.0,99.4,39.8125,3,744.3222267627716,15.3,80.81640625,148,38366.15295815468,10.5,266.5703125,95,38336.08844709396,10.4,293.9140625,37,813.9868836402893,4.8,66.54296875,37,38335.97768473625
2026-02-15T02:41:32,Spotify,7.1,28.1,1997.5104111820146,2041.7513881287036,0.0,4654.393191103723,0.0,1595.0,51.84,50.0,1815.0,100.2,39.8125,3,745.97483253479,14.2,80.87109375,148,38367.802065849304,12.3,293.9453125,37,815.6332507133484,4.8,66.54296875,37,38337.62236452103,3.8,16.05859375,14,38365.48834776878
2026-02-15T02:41:34,Spotify,6.2,28.1,0.0,179.21592938196474,0.0,85848.68275533627,0.0,1595.0,51.646,49.0,1815.0,99.7,39.80859375,3,747.6355619430542,16.9,294.390625,37,817.297952413559,13.3,80.8671875,148,38369.45290470123,5.6,66.765625,37,38339.28144598007,2.9,16.0234375,13,38367.125220775604
2026-02-15T02:41:35,Spotify,7.0,28.1,25.21996044652421,57.64562387776962,0.0,14142.393058012814,0.0,1595.0,51.806,49.0,1815.0,97.9,39.81640625,3,749.3111023902893,15.0,80.875,148,38371.11509990692,13.1,294.86328125,37,818.9691438674927,6.5,66.765625,37,38340.96523094177,3.7,16.0625,14,38368.81926178932
2026-02-15T02:41:37,Spotify,6.1,28.1,1215.4110780588167,1033.9975033534859,0.0,9809.50497680574,1.0,1595.0,51.674,49.0,1815.0,99.2,39.8046875,3,750.9804608821869,12.1,80.84765625,148,38372.78694701195,11.2,294.93359375,37,820.6468999385834,9.4,66.66796875,37,38342.63243842125,1.9,21.515625,36,38372.80216550827
2026-02-15T02:41:39,Spotify,6.7,28.1,201.38612602873607,285.9921316384418,0.0,6101.165474953424,0.0,1595.0,51.631,49.0,1815.0,98.3,39.8046875,3,752.6488790512085,14.0,80.8515625,148,38374.46296143532,9.4,294.05859375,37,822.3067879676819,5.6,16.0625,14,38372.15719795227,5.6,66.66796875,37,38344.30097579956
2026-02-15T02:41:40,Spotify,7.3,28.1,51719.65445535978,6024.871263460621,0.0,37946.02387115672,0.0,1591.0,51.677,48.0,1815.0,97.6,39.8046875,3,754.2974905967712,13.2,80.88671875,148,38376.123007297516,11.4,294.765625,37,823.9540040493011,3.8,66.6015625,37,38345.94495654106,2.8,16.05859375,14,38373.808182001114
2026-02-15T02:41:42,Spotify,7.9,28.1,640.5224010332914,783.805137188606,0.0,13988.28068228155,1.0,1591.0,51.553,48.0,1815.0,99.4,39.8046875,3,755.9472577571869,16.1,80.875,148,38377.76994848251,12.3,291.56640625,37,825.60919713974,8.5,66.6015625,37,38347.598848581314,5.7,16.0234375,13,38375.45423078537
2026-02-15T02:41:44,Spotify,6.4,28.1,112.34728296003073,138.3200419239088,0.0,256064.82660722357,0.0,1591.0,51.693,48.0,1815.0,98.8,39.10546875,3,757.6239099502563,12.3,80.83984375,148,38379.4261610508,11.3,291.56640625,37,827.2717983722687,8.4,66.6015625,37,38349.26421523094,5.6,266.5703125,95,38349.37228870392
2026-02-15T02:41:45,Spotify,7.1,28.1,250.86057555981347,138.3643462320314,0.0,48357.73742398093,1.0,1591.0,51.559,48.0,1815.0,98.5,39.8046875,3,759.2726495265961,16.9,80.8671875,148,38381.08945894241,12.2,291.06640625,37,828.9400608539581,7.5,66.6015625,37,38350.92873334885,3.7,266.5703125,95,38351.03960943222
2026-02-15T02:41:47,Spotify,6.5,28.1,589.7039354696933,454.263803949215,0.0,5523.08076147225,0.0,1591.0,51.405,47.0,1815.0,99.8,39.8046875,3,760.9475769996643,18.8,292.7578125,37,830.598263502121,12.2,80.87109375,148,38382.75750732422,6.6,66.61328125,37,38352.5816385746,4.7,16.05859375,14,38380.45843029022
2026-02-15T02:41:48,Spotify,7.0,28.1,51.83400479497763,116.92787128169373,0.0,25921.82416537672,0.0,1591.0,51.463,47.0,1815.0,99.9,39.80859375,3,762.5895366668701,15.1,80.84375,148,38384.41640639305,10.5,292.765625,37,832.233749628067,6.7,266.8984375,95,38354.3362827301,5.7,66.609375,37,38354.22504019737
2026-02-15T02:41:50,Spotify,6.8,28.1,0.0,3039.434992244148,0.0,27889.845696049404,0.0,1591.0,51.244,47.0,1815.0,100.2,39.80859375,3,764.2267048358917,13.4,80.85546875,148,38386.05057621002,11.3,291.71484375,37,833.8954174518585,6.6,66.609375,37,38355.883808374405,4.7,266.83984375,95,38355.99446463585
2026-02-15T02:41:52,Spotify,6.8,28.1,582.239139749912,1433.9443276485438,0.0,11086.603123833036,1.0,1591.0,51.064,47.0,1815.0,98.4,39.80859375,3,765.9258706569672,15.7,293.44140625,37,835.5881161689758,15.1,80.875,148,38387.711017131805,5.5,66.609375,37,38357.57640171051,4.6,277.328125,86,834.7705643177032
2026-02-15T02:41:53,Spotify,7.6,28.1,38.99152895341213,907.4392192794096,0.0,6957.034014475474,0.0,1591.0,51.006,48.0,1815.0,98.4,39.80859375,3,767.5616960525513,15.7,80.8515625,148,38389.40269327164,13.4,292.05859375,37,837.2147824764252,5.6,276.9609375,86,836.4343256950378,4.8,266.859375,95,38359.316655635834
2026-02-15T02:41:55,Spotify,6.5,28.1,247.25851461017535,1011.7916829197475,10077.32214769431,162811.73594868623,1.0,1591.0,51.006,48.0,1815.0,100.0,39.8125,3,769.2024765014648,16.3,80.875,148,38391.029992580414,10.5,292.50390625,37,838.8511435985565,4.8,266.859375,95,38360.95312809944,4.8,66.60546875,37,38360.845048666
2026-02-15T02:41:57,Spotify,6.7,28.1,648.8019154316756,496.681692321989,0.0,9696.595105208622,0.0,1591.0,51.074,48.0,1815.0,99.0,39.8125,3,770.8435134887695,12.4,80.8359375,148,38392.66894555092,12.4,292.5078125,37,840.483934879303,6.7,66.6484375,37,38362.48368358612,2.9,16.0234375,13,38390.35092377663
2026-02-15T02:41:58,Spotify,6.5,28.1,0.0,427.6925249822466,0.0,14744.975531766164,1.0,1591.0,51.095,48.0,1815.0,100.2,39.81640625,3,772.4981691837311,20.5,293.9375,37,842.1596434116364,11.5,80.87109375,148,38394.29996562004,7.5,66.6484375,37,38364.150483608246,4.7,118.28125,97,842.43798995018
2026-02-15T02:42:00,Spotify,7.2,28.1,0.0,32.20903896954928,9772.4610088351,157886.32317399207,0.0,1591.0,51.318,48.0,1815.0,99.0,39.81640625,3,774.13951420784,16.8,80.87109375,148,38395.97478342056,13.4,293.96484375,37,843.7921440601349,5.7,66.6484375,37,38365.78402066231,5.6,16.0625,14,38393.654366731644
2026-02-15T02:42:02,Spotify,6.5,28.1,2499.9561296481243,592.9815078410645,0.0,7527.434678048554,0.0,1591.0,51.123,48.0,1815.0,100.7,39.81640625,3,775.7832498550415,13.4,80.8671875,148,38397.60944890976,10.4,292.296875,37,845.4391639232635,6.6,66.62890625,37,38367.43024301529,3.8,266.86328125,95,38367.54072761536
2026-02-15T02:42:03,Spotify,6.4,28.1,2588.6466052052588,65.58147627543231,0.0,84566.0991853871,0.0,1591.0,51.136,49.0,1815.0,97.2,39.8125,3,777.4228763580322,13.3,80.890625,148,38399.25598526001,12.5,293.43359375,37,847.0674152374268,5.7,66.62890625,37,38369.06383275986,4.7,16.0234375,13,38396.936302900314
2026-02-15T02:42:05,Spotify,6.3,28.1,0.0,0.0,0.0,64456.58366487636,0.0,1591.0,51.28,49.0,1815.0,100.4,39.8125,3,779.0423879623413,14.4,292.7109375,37,848.69069480896,12.5,80.87109375,148,38400.88466334343,5.8,66.640625,37,38370.680423259735,4.8,16.05859375,14,38398.56191587448
2026-02-15T02:42:07,Spotify,6.8,28.1,1483.5696494005576,1222.343099838333,0.0,15141.282268965158,0.0,1591.0,51.214,49.0,1815.0,99.9,39.8125,3,780.6843907833099,15.4,80.83203125,148,38402.505071401596,9.5,291.99609375,37,850.3317048549652,5.7,66.65234375,37,38372.32556223869,2.9,4.125,404,1771112525.4523673
2026-02-15T02:42:08,Spotify,6.3,28.1,30.458556127985798,0.0,0.0,15282.885122778154,0.0,1591.0,51.19,49.0,1815.0,100.1,39.8125,3,782.3226189613342,12.4,80.86328125,148,38404.147612810135,12.2,292.0,37,852.001496553421,6.6,28.78125,22,32548.730142354965,5.6,66.640625,37,38373.98524188995
2026-02-15T02:42:10,Spotify,7.0,28.1,528.3871943050251,64.7004727720439,0.0,13189.311190271466,1.0,1591.0,51.181,49.0,1815.0,97.8,39.81640625,3,784.0329391956329,21.9,293.16015625,37,853.7113301753998,15.9,80.85546875,148,38405.818197250366,6.5,66.640625,37,38375.68081641197,3.7,266.84375,95,38375.79081225395
2026-02-15T02:42:12,Spotify,6.5,28.1,575.397909342378,461.9556385980473,0.0,5089.698580199245,0.0,1591.0,51.045,49.0,1815.0,99.4,39.81640625,3,785.7150366306305,12.8,80.83984375,148,38407.52864027023,11.3,293.20703125,37,855.3638188838959,6.5,266.859375,95,38377.47221684456,6.5,66.64453125,37,38377.36131167412
2026-02-15T02:42:13,Spotify,7.0,28.1,217.86344410353044,61.122799595712706,0.0,5267.4539374364695,0.0,1591.0,51.095,50.0,1815.0,100.2,39.81640625,3,787.3513829708099,14.2,80.875,148,38409.17872619629,13.4,291.6640625,37,857.0024137496948,3.8,266.859375,95,38379.11084508896,1.9,16.0234375,13,38406.87002158165
2026-02-15T02:42:15,Spotify,6.5,28.1,347.28466569092734,0.0,0.0,38749.400448832326,0.0,1591.0,51.137,50.0,1815.0,99.8,39.81640625,3,788.9792923927307,12.4,80.8515625,148,38410.818620204926,12.4,292.234375,37,858.6432569026947,5.8,66.6484375,37,38380.629532814026,2.9,17.0078125,7,38406.86428189278
2026-02-15T02:42:17,Spotify,6.5,28.1,589.9040034451987,622.8118714059846,0.0,43058.11701180161,0.0,1591.0,51.421,50.0,1815.0,100.0,39.11328125,3,790.6355035305023,15.2,80.87109375,148,38412.46016430855,10.5,293.03125,37,860.2878301143646,6.6,66.6484375,37,38382.28086280823,2.9,4.125,404,1771112535.404498
2026-02-15T02:42:18,Spotify,7.2,28.1,128.90226553599342,572.7638402589896,0.0,87478.42805280398,0.0,1591.0,51.251,50.0,1815.0,97.6,39.81640625,3,792.2850339412689,14.3,80.8828125,148,38414.10368227959,13.3,291.8125,37,861.9361324310303,4.7,66.640625,37,38383.9322514534,3.8,16.0234375,13,38411.79379796982
2026-02-15T02:42:20,Spotify,6.4,28.1,63.69077770525905,396.0959794431825,0.0,54970.60036915616,0.0,1591.0,51.226,50.0,1815.0,99.6,39.8125,3,793.9321479797363,15.2,80.85546875,148,38415.75282764435,12.3,291.8828125,37,863.5816142559052,4.8,66.640625,37,38385.570269823074,3.8,266.56640625,95,38385.68136191368
2026-02-15T02:42:21,Spotify,6.4,28.1,1809.6336177011424,770.7811310866808,0.0,5913.374482027784,0.0,1591.0,51.52,50.0,1815.0,100.1,39.80859375,3,795.5712215900421,15.2,80.87109375,148,38417.398206710815,11.5,291.23828125,37,865.2127013206482,4.8,66.640625,37,38387.211550951004,2.9,266.56640625,95,38387.32214522362
2026-02-15T02:42:23,Spotify,6.5,28.1,356.1160338613303,302.79056923837726,0.0,5962.645055771121,0.0,1591.0,51.329,51.0,1815.0,98.9,39.81640625,3,797.199315071106,18.7,293.16015625,37,866.8829486370087,13.4,80.875,148,38419.032076597214,6.6,66.64453125,37,38388.87241101265,3.8,16.0234375,13,38416.70955324173
2026-02-15T02:42:25,Spotify,6.9,28.1,1805.0145304898126,1140.8602125358636,0.0,26982.99093754114,0.0,1591.0,51.445,51.0,1815.0,100.2,39.81640625,3,798.8680052757263,16.9,80.8515625,148,38420.69924736023,10.5,293.45703125,37,868.512396812439,4.7,16.0234375,13,38418.3834540844,3.8,66.6328125,37,38390.51469230652
2026-02-15T02:42:26,Spotify,6.8,28.1,0.0,33.14490824479761,0.0,11313.462014224251,1.0,1591.0,51.602,51.0,1815.0,99.0,39.81640625,3,800.5093791484833,14.4,80.85546875,148,38422.33434724808,11.3,292.12890625,37,870.1737928390503,5.7,66.6328125,37,38392.168358802795,4.8,16.05859375,14,38420.0154299736
2026-02-15T02:42:28,Spotify,6.5,28.1,46.34272170180477,184.76903327862422,0.0,16023.748345309743,0.0,1591.0,51.367,51.0,1815.0,100.4,39.8203125,3,802.1586151123047,14.1,80.87890625,148,38423.98944687843,11.3,292.1328125,37,871.8301725387573,5.7,66.6328125,37,38393.816410541534,2.8,17.0,7,38420.04052257538
2026-02-15T02:42:30,Spotify,6.9,28.1,1739.7356294956962,1329.8534322619773,0.0,48215.18535707156,1.0,1591.0,51.436,51.0,1815.0,99.6,39.8203125,3,803.8208532333374,16.0,80.8359375,148,38425.64808011055,11.5,291.40234375,37,873.465503692627,8.6,66.6328125,37,38395.45916175842,2.8,276.546875,85,872.6821837425232
2026-02-15T02:42:31,Spotify,6.1,28.1,0.0,0.0,0.0,58528.31389105685,0.0,1591.0,51.416,51.0,1815.0,97.6,39.8046875,2,805.4370245933533,13.4,80.8828125,148,38427.28157043457,12.3,291.8515625,37,875.1113910675049,5.8,16.05859375,14,38424.95490193367,3.8,276.58203125,85,874.321268081665
2026-02-15T02:42:33,Spotify,7.1,28.1,0.0,0.0,0.0,6223.31856243869,1.0,1591.0,51.52,51.0,1815.0,97.3,39.8046875,2,807.1233160495758,12.3,80.859375,148,38428.926981925964,10.3,291.85546875,37,876.7804651260376,6.5,16.0234375,13,38426.62994337082,5.6,66.6328125,37,38398.76982092857
2026-02-15T02:42:35,Spotify,6.7,28.1,619.3345088127396,421.6745591916525,0.0,33427.29232864736,0.0,1591.0,51.485,52.0,1815.0,99.2,39.80859375,2,808.761424779892,15.9,80.8828125,148,38430.59571862221,9.6,291.72265625,37,878.404844045639,6.7,66.6328125,37,38400.39830517769,4.8,16.05859375,14,38428.274121046066
2026-02-15T02:42:36,Spotify,5.9,28.1,0.0,0.0,0.0,9143.476900019497,1.0,1591.0,51.473,52.0,1815.0,99.6,39.81640625,3,810.3923428058624,19.8,293.2578125,37,880.064302444458,13.5,80.8515625,148,38432.22021818161,5.6,266.8828125,95,38402.16892337799,5.6,66.6484375,37,38402.058096170425
2026-02-15T02:42:38,Spotify,8.0,28.1,263.9810185951553,241.0785557946624,0.0,16354.769225109898,0.0,1591.0,51.693,52.0,1815.0,100.1,39.8125,3,812.077892780304,16.9,80.859375,148,38433.88299155235,14.0,292.9609375,37,881.7374141216278,5.6,66.65234375,37,38403.721906900406,3.8,21.515625,36,38433.899131536484
2026-02-15T02:42:40,Spotify,6.2,28.1,588.0358019505851,485.2490560811739,19582.070282842247,160940.14013710973,0.0,1591.0,51.626,52.0,1815.0,99.8,39.8203125,3,813.7211267948151,12.5,292.9609375,37,883.3606684207916,12.2,80.875,148,38435.55138540268,7.6,66.65234375,37,38405.36385369301,5.7,16.0234375,13,38433.22537279129
2026-02-15T02:42:41,Spotify,6.7,28.1,48.06230140582164,33.890084324617824,0.0,6940.68926968173,0.0,1591.0,53.595,52.0,1815.0,99.9,39.8203125,3,815.3477318286896,14.4,80.875,148,38437.17595624924,13.2,291.68359375,37,885.0185132026672,6.7,16.05859375,14,38434.86496400833,4.8,66.65234375,37,38407.007318496704
2026-02-15T02:42:43,Spotify,6.8,28.1,3069.3432489135,3005.3985978944684,0.0,6795.024047909132,0.0,1591.0,51.887,52.0,1815.0,99.9,39.8203125,3,817.0215966701508,15.1,80.83984375,148,38438.83297777176,10.4,292.8359375,37,886.6749804019928,5.7,66.65234375,37,38408.66322517395,3.8,16.0625,14,38436.52976465225
2026-02-15T02:42:45,Spotify,6.4,28.1,761.4011995221474,584.0224731675426,0.0,51278.13847051217,0.0,1591.0,51.943,52.0,1815.0,99.8,39.1171875,3,818.666291475296,16.0,80.875,148,38440.496371507645,10.5,292.83984375,37,888.3200032711029,9.5,66.65234375,37,38410.3072450161,3.8,266.859375,95,38410.41849517822
2026-02-15T02:42:46,Spotify,6.5,28.1,25.538574082200622,25.538574082200622,0.0,12453.09517151116,0.0,1591.0,51.984,52.0,1815.0,100.5,39.8203125,3,820.3140048980713,13.3,80.87890625,148,38442.13472914696,12.2,292.125,37,889.9882385730743,6.6,66.65234375,37,38411.96159815788,3.8,266.84375,95,38412.072426080704
2026-02-15T02:42:48,Spotify,7.1,28.1,393.2237176148846,346.4684585082367,0.0,145780.5001889328,0.0,1591.0,51.902,51.0,1815.0,100.0,39.8203125,3,821.9862558841705,14.1,292.12890625,37,891.6519184112549,13.1,80.8359375,148,38443.80440425873,11.2,66.65625,37,38413.63344025612,5.6,16.0234375,13,38441.49507713318
2026-02-15T02:42:50,Spotify,7.8,28.1,4364.608486488346,2337.0882516825077,9848.470657295835,71709.1769734353,1.0,1591.0,51.864,51.0,1815.0,99.2,39.8203125,3,823.6563153266907,19.8,292.4140625,37,893.3134841918945,14.1,80.8828125,148,38445.46702885628,5.7,16.0234375,13,38443.151829481125,5.6,266.859375,95,38415.41215515137
2026-02-15T02:42:51,Spotify,6.9,28.1,0.0,32.497129467590234,0.0,20335.981462385356,1.0,1591.0,51.88,51.0,1815.0,98.8,39.8203125,3,825.3485491275787,14.7,292.859375,37,895.0178413391113,14.1,80.875,148,38447.13323020935,5.5,66.65625,37,38417.005737543106,4.6,16.05859375,14,38444.84547686577
2026-02-15T02:42:53,Spotify,7.2,28.1,0.0,0.0,0.0,4507.297045205542,0.0,1591.0,51.732,50.0,1815.0,99.0,39.8125,3,827.0220050811768,15.6,80.84765625,148,38448.834572315216,14.1,292.8828125,37,896.6807909011841,6.6,66.65234375,37,38418.67501759529,3.7,140.83984375,277,38443.76507329941
2026-02-15T02:42:55,Spotify,7.0,28.1,685.5423748910181,719.819493635569,0.0,44952.336498117,0.0,1591.0,51.753,50.0,1815.0,99.3,39.8125,3,828.6738798618317,13.1,80.87109375,148,38450.498467206955,10.5,292.0625,37,898.3227922916412,4.7,266.859375,95,38420.43315124512,4.7,66.66015625,37,38420.32212853432
2026-02-15T02:42:56,Spotify,6.7,28.1,0.0,0.0,0.0,7483.775236443504,0.0,1591.0,51.641,50.0,1815.0,98.9,39.8125,3,830.317224740982,16.2,80.859375,148,38452.13645172119,11.3,292.78515625,37,899.9823715686798,5.7,140.859375,277,38447.05998325348,4.7,16.0234375,14,38449.82443833351
2026-02-15T02:42:58,Spotify,8.6,28.1,2523.6123856549857,423.9138915535934,0.0,17264.856674182713,0.0,1591.0,51.676,50.0,1815.0,100.2,39.8125,3,831.9862053394318,13.1,292.06640625,37,901.653974533081,12.2,80.859375,148,38453.79908800125,8.5,66.6640625,37,38423.63140463829,4.7,18.83984375,9,38439.123010873795
2026-02-15T02:43:00,Spotify,6.9,28.1,2431.5725407949694,79.01712835670506,0.0,85817.3903122518,0.0,1591.0,51.722,49.0,1815.0,95.8,39.8125,3,833.6831974983215,15.9,80.859375,148,38455.47273564339,11.2,292.08203125,37,903.3357675075531,3.7,4.12890625,404,1771112578.4156556,3.7,118.69921875,98,903.6179866790771
2026-02-15T02:43:01,Spotify,6.6,28.1,2766.508962320908,2535.2730391703203,0.0,9739.252866064837,0.0,1591.0,51.566,49.0,1815.0,100.4,39.8125,3,835.3173296451569,12.3,291.65234375,37,904.9815690517426,12.1,80.85546875,148,38457.15011548996,7.6,66.6640625,37,38426.97407722473,6.6,266.859375,95,38427.085016965866
2026-02-15T02:43:03,Spotify,7.3,28.1,1035.6856941763408,617.5215171849543,0.0,19293.900631416527,0.0,1595.625,51.592,49.0,1815.0,99.9,39.81640625,3,836.9902753829956,21.4,295.98828125,37,906.663366317749,15.2,80.87890625,148,38458.79716706276,10.4,66.6640625,37,38428.63298749924,2.8,4.12890625,404,1771112581.7431881
2026-02-15T02:43:05,Spotify,7.7,28.1,24.92659633310651,24.92659633310651,303.86707910834605,163784.3556393985,0.0,1606.59375,51.6,48.0,1815.0,99.1,39.81640625,3,838.9138402938843,52.5,305.828125,37,908.5665593147278,15.5,126.37109375,98,908.8491342067719,14.8,80.8828125,148,38460.48757457733,13.0,66.6640625,37,38430.562530756
2026-02-15T02:43:06,Spotify,10.9,28.2,215878.98504756726,23712.545989165897,52744.068957903546,188102.57245701316,0.0,1606.59375,51.407,48.0,1815.0,98.0,39.8125,3,840.5243427753448,18.9,80.859375,148,38462.389587163925,16.0,274.8828125,91,909.4157762527466,8.4,6.046875,10,38462.37518167496,5.9,66.66796875,37,38432.159321308136
2026-02-15T02:43:08,Spotify,6.2,28.1,1448.7284579111442,1863.452704364399,40871.23039933911,407115.77155591693,1.0,1606.21875,51.517,48.0,1815.0,98.7,39.8125,3,842.1399290561676,12.6,80.83984375,148,38463.993510484695,5.7,66.66796875,37,38433.79014778137,2.9,16.0234375,13,38461.65826630592,2.0,21.515625,36,38463.998911857605
2026-02-15T02:43:10,Spotify,5.8,28.1,2296.7178971746152,4726.329195310847,0.0,207904.34283772996,0.0,1605.96875,51.274,48.0,1815.0,100.2,39.8203125,3,843.7618746757507,13.5,80.87890625,148,38465.61424970627,8.8,66.6484375,37,38435.387479782104,2.9,16.37109375,15,38340.777438402176,2.0,266.578125,95,38435.49879145622
2026-02-15T02:43:11,Spotify,6.6,28.1,1854512.5833946164,4119.316897331843,102632.12902354762,2143728.594979351,0.0,1605.15625,51.53,48.0,1815.0,99.8,39.8203125,3,845.3428456783295,14.7,80.8671875,148,38467.2062792778,7.9,66.6484375,37,38436.96021938324,3.0,266.57421875,95,38437.07140302658,2.9,8.51953125,6,38468.129439115524
2026-02-15T02:43:13,Spotify,6.0,28.1,917.7684336277252,6678.746609616803,0.0,28468.716648686208,0.0,1605.15625,51.305,47.0,1815.0,100.4,39.8203125,3,846.8988873958588,13.0,80.87109375,148,38468.77159118652,6.0,16.0625,14,38466.41903448105,4.0,66.6484375,37,38438.52686738968,3.0,266.57421875,95,38438.63776469231
2026-02-15T02:43:14,Spotify,6.2,28.1,431.55952428315277,580.5274785912633,0.0,7201.6096022599,0.0,1604.71875,51.017,47.0,1815.0,98.1,39.8203125,3,848.4443068504333,13.0,80.8671875,148,38470.33782696724,6.0,66.6484375,37,38440.08716368675,5.0,4.12890625,404,1771112593.2854035,4.0,21.515625,36,38470.34115600586
2026-02-15T02:43:16,Spotify,6.2,28.1,36618.448313809095,1520.1876087361109,91877.78060219597,53814.12863842907,0.0,1602.59375,51.237,47.0,1815.0,99.2,39.11328125,3,850.0827739238739,14.0,80.87890625,148,38471.89614892006,3.9,66.6484375,37,38441.7077190876,3.8,300.23046875,37,919.7066826820374,2.9,123.0234375,49,38452.71449255943
2026-02-15T02:43:17,Spotify,6.7,28.2,1270.5952699472614,876.8462992895019,0.0,102219.4510868144,0.0,1600.59375,50.816,47.0,1815.0,100.3,39.8203125,3,851.6406154632568,12.5,80.8671875,148,38473.51914000511,7.1,66.6484375,37,38443.255558013916,4.9,21.515625,36,38473.516686439514,3.0,16.0546875,14,38471.158032894135
2026-02-15T02:43:19,Spotify,5.4,28.1,1396.7413029180925,549.3676367692683,0.0,15257.908704233261,0.0,1599.96875,50.849,48.0,1815.0,99.4,39.11328125,3,853.2293102741241,12.1,80.8359375,148,38475.062667131424,6.7,66.67578125,37,38444.87396264076,2.0,21.515625,36,38475.065853357315,2.0,16.0234375,13,38472.73095417023
2026-02-15T02:43:21,Spotify,6.6,28.1,3456.915762378473,2178.945480538504,0.0,276149.8209013043,4.0,1599.96875,50.955,48.0,1815.0,100.3,39.8203125,3,854.8029708862305,16.3,80.8671875,148,38476.691402196884,11.6,6.15234375,11,38476.66804218292,7.0,66.671875,37,38446.43330717087,5.8,274.30859375,91,923.7087669372559
2026-02-15T02:43:22,Spotify,6.2,28.1,156.00938613283063,982.2813200956002,10518.75630617406,50292.80358889473,0.0,1599.96875,50.882,48.0,1815.0,98.8,39.8203125,3,856.4161529541016,11.0,80.84765625,148,38478.25198698044,4.9,16.0234375,13,38475.93006014824,4.8,266.8359375,95,38448.170548677444,4.8,66.67578125,37,38448.05937290192
2026-02-15T02:43:24,Spotify,6.9,28.1,594.2239544441885,162.06107848477868,0.0,6286.005468500506,0.0,1599.96875,50.9,48.0,1815.0,100.3,39.8203125,3,857.9892811775208,16.4,80.875,148,38479.874131441116,9.0,301.0390625,37,927.6211097240448,7.1,66.6796875,37,38449.60861992836,6.9,16.0234375,13,38477.51596093178
2026-02-15T02:43:25,Spotify,6.8,28.1,186.7232955740879,173.93402875394492,10476.967379061152,84470.54949368053,4.0,1599.96875,50.986,48.0,1815.0,99.9,39.8203125,3,859.5531702041626,12.9,80.875,148,38481.445204257965,9.0,301.03125,37,929.1782944202423,6.9,66.6796875,37,38451.180230379105,3.0,266.8515625,95,38451.291672706604
2026-02-15T02:43:27,Spotify,5.8,28.1,545.9395466823332,580.7456098710535,0.0,4290.169566372621,0.0,1599.96875,50.823,48.0,1815.0,100.3,39.11328125,3,861.0964050292969,11.1,80.8828125,148,38482.989698410034,6.1,16.0546875,14,38480.62231826782,4.1,266.8515625,95,38452.822845220566,3.1,66.6796875,37,38452.71188688278
2026-02-15T02:43:29,Spotify,5.8,28.1,334.26689030716966,1062.283367069013,0.0,29462.0380222768,0.0,1599.96875,51.013,49.0,1815.0,99.9,39.11328125,3,862.6454184055328,14.1,80.87109375,148,38484.53587079048,8.0,66.6796875,37,38454.26787400246,5.1,16.05859375,14,38482.16148376465,4.0,266.8515625,95,38454.37923359871
2026-02-15T02:43:30,Spotify,6.7,28.1,0.0,0.0,0.0,17629.276018782195,0.0,1599.96875,51.051,49.0,1815.0,99.7,39.11328125,3,864.2284672260284,13.2,80.8515625,148,38486.07912230492,6.8,66.6796875,37,38455.865763902664,3.0,4.12890625,404,1771112609.0250852,3.0,21.51953125,36,38486.086055994034
2026-02-15T02:43:32,Spotify,6.6,28.1,0.0,0.0,0.0,8978.244969538986,0.0,1599.96875,51.05,49.0,1815.0,99.7,39.8046875,3,865.7961893081665,12.7,80.86328125,148,38487.67491078377,11.1,66.6796875,37,38457.41154694557,6.0,16.0234375,13,38485.31746506691,3.0,16.96875,6,38483.69144105911
2026-02-15T02:43:33,Spotify,6.4,28.1,627.6555987776744,697.6832895503902,0.0,8631.561292281407,0.0,1599.96875,51.09,49.0,1815.0,99.7,39.8125,3,867.3327989578247,13.2,80.83984375,148,38489.21503806114,7.1,66.6796875,37,38458.94784140587,3.0,274.14453125,91,936.2446069717407,3.0,16.0234375,13,38486.859230041504
2026-02-15T02:43:35,Spotify,6.3,28.1,0.0,35.019053322120676,0.0,59101.78599194055,0.0,1599.96875,51.114,49.0,1815.0,99.0,39.81640625,3,868.9428942203522,16.5,149.36328125,23,1320.1150674819946,14.2,80.86328125,148,38490.75729608536,3.9,16.0234375,13,38488.46339559555,3.9,66.6875,37,38460.55924797058
2026-02-15T02:43:36,Spotify,7.5,28.1,4914.7487035717795,2604.730133021728,20288.043023260278,110633.23461121619,0.0,1599.96875,51.311,49.0,1815.0,100.0,39.8046875,3,870.4904243946075,15.5,80.85546875,148,38492.37720131874,5.0,16.0234375,13,38490.01220750809,5.0,266.85546875,95,38462.23144483566,5.0,66.6875,37,38462.121007204056
2026-02-15T02:43:38,Spotify,5.7,28.1,12039.98316577957,3914.375997754784,0.0,91457.09488122536,0.0,1597.78125,51.254,50.0,1815.0,97.7,39.8125,3,872.0898680686951,13.0,80.87890625,148,38493.93487620354,8.8,266.83984375,95,38463.834580898285,7.8,145.953125,23,1323.2739369869232,4.9,16.0234375,13,38491.60212302208
2026-02-15T02:43:40,Spotify,7.3,28.1,503.3325070029424,195.98237293686879,51286.40941565704,854030.2089650716,0.0,1597.78125,51.31,50.0,1815.0,100.5,39.81640625,3,873.65962433815,12.7,80.8515625,148,38495.53556346893,5.8,4.12890625,403,1771112618.484429,4.0,66.70703125,37,38465.300158023834,2.0,16.05859375,14,38493.16963672638
2026-02-15T02:43:41,Spotify,5.6,28.0,32.07785988115379,0.0,0.0,81133.88944020467,0.0,1597.78125,51.346,50.0,1815.0,98.7,39.81640625,3,875.2115461826324,14.0,80.87890625,148,38497.09402799606,7.1,66.69921875,37,38466.84996509552,5.0,141.13671875,277,38491.95395088196,3.0,16.0234375,13,38494.739466905594
2026-02-15T02:43:43,Spotify,6.8,28.0,769.0496709441467,802.5988176631867,0.0,25765.744680222684,0.0,1597.78125,51.248,50.0,1815.0,99.7,39.81640625,3,876.7787992954254,13.1,80.87109375,148,38498.644414424896,4.0,16.0234375,14,38496.29804611206,3.0,21.51953125,36,38498.65241909027,3.0,266.859375,95,38468.518371105194
2026-02-15T02:43:44,Spotify,6.2,28.0,192.4623607494567,61.587955439826146,0.0,14124.17111420013,0.0,1597.78125,51.489,50.0,1815.0,99.9,39.8125,3,878.3279201984406,15.0,80.85546875,148,38500.20482182503,4.0,66.703125,37,38469.95652413368,3.0,16.0234375,13,38497.86019897461,3.0,16.95703125,6,38496.22778582573
2026-02-15T02:43:46,Spotify,5.6,28.0,100.33478447949345,42.4493318951703,0.0,13172.156321410423,0.0,1597.78125,51.407,50.0,1815.0,100.3,39.8125,3,879.8706476688385,13.1,80.87109375,148,38501.7594833374,7.1,66.70703125,37,38471.49650359154,3.0,16.0234375,13,38499.397523641586,3.0,70.203125,56,38498.10596060753
2026-02-15T02:43:47,Spotify,5.9,28.0,945.136218395758,458.8799294831818,0.0,99118.06476836726,4.0,1597.78125,51.341,50.0,1815.0,98.8,39.8203125,3,881.4049444198608,12.2,80.8359375,148,38503.29511666298,5.1,16.0234375,13,38500.93333530426,5.1,66.70703125,37,38473.03658604622,4.1,266.85546875,95,38473.148037433624
2026-02-15T02:43:49,Spotify,5.7,28.0,0.0,0.0,0.0,7977.114075457202,0.0,1597.78125,51.552,51.0,1815.0,99.0,39.8203125,3,882.9833950996399,11.2,80.875,148,38504.833854436874,4.0,66.70703125,37,38474.59811711311,3.0,16.05859375,14,38502.49861288071,2.0,290.8671875,37,952.5891261100769
2026-02-15T02:43:50,Spotify,5.8,28.0,135.05365405861548,600.0968968076216,20874.708189588266,117746.4008818963,0.0,1597.78125,51.278,51.0,1815.0,100.7,39.8203125,3,884.5347530841827,12.9,80.8515625,148,38506.41431736946,10.0,292.1796875,37,954.1473186016083,7.0,66.703125,37,38476.1597135067,5.0,266.83203125,95,38476.27023911476
2026-02-15T02:43:52,Spotify,6.5,28.0,932.2153631950214,818.5775399956283,0.0,8217.876479956112,0.0,1597.78125,51.3,51.0,1815.0,99.1,39.8203125,3,886.0808191299438,15.1,80.875,148,38507.965391635895,8.1,66.703125,37,38477.69388484955,5.1,16.0234375,13,38505.60771107674,3.1,274.4609375,88,954.9818339347839
2026-02-15T02:43:53,Spotify,7.5,28.0,1592.0282266745173,156.66753884383778,0.0,133134.90437849783,0.0,1597.78125,51.611,51.0,1815.0,99.9,39.8203125,3,887.6139967441559,13.2,80.84375,148,38509.50075292587,5.1,4.12890625,403,1771112632.4473405,5.1,21.51953125,36,38509.492223739624,3.0,66.6875,37,38479.233563899994
2026-02-15T02:43:55,Spotify,6.4,28.0,2660.9193595747056,342.6496599893844,0.0,49122.255256078155,0.0,1597.78125,51.478,51.0,1815.0,99.3,39.8203125,3,889.1402084827423,13.2,80.890625,148,38511.03346657753,7.2,66.6875,37,38480.758603811264,4.1,16.05859375,14,38508.66843342781,4.1,291.03125,37,958.7526726722717
2026-02-15T02:43:57,Spotify,5.9,28.0,708.5811262324544,35.819817962118556,0.0,5668.649009859635,0.0,1597.78125,51.334,51.0,1815.0,99.8,39.828125,3,890.7376000881195,12.2,80.86328125,148,38512.573810338974,6.8,66.6875,37,38482.37926316261,3.9,266.578125,95,38482.487768411636,3.0,16.0234375,13,38510.243091106415
2026-02-15T02:43:58,Spotify,6.4,28.0,2997.5440871927067,3670.109557559123,0.0,17059.71571072539,0.0,1597.78125,51.55,51.0,1815.0,98.7,39.82421875,3,892.3046486377716,12.6,80.87109375,148,38514.19050192833,6.1,66.6875,37,38483.9230389595,5.9,16.0234375,13,38511.8264029026,3.9,21.51953125,36,38514.19166922569
2026-02-15T02:44:00,Spotify,5.9,28.0,0.0,157.13086652195514,0.0,14020.506861776445,0.0,1597.78125,51.415,52.0,1815.0,99.5,39.82421875,3,893.8428454399109,14.3,80.859375,148,38515.719767808914,6.1,66.6875,37,38485.45548439026,5.1,16.0234375,13,38513.37032365799,5.1,266.578125,95,38485.56654024124
2026-02-15T02:44:01,Spotify,6.4,28.0,0.0,0.0,0.0,12624.437809338211,1.0,1597.78125,51.537,52.0,1815.0,100.3,39.82421875,3,895.385169506073,13.2,80.87109375,148,38517.263476371765,4.0,66.6875,37,38487.00443792343,3.0,16.0234375,13,38514.91007518768,2.0,24.78125,8,890.2888853549957
2026-02-15T02:44:03,Spotify,5.9,28.0,1204.4079605807922,1147.3024107256683,0.0,9303.013212761982,0.0,1597.78125,51.601,52.0,1815.0,99.9,39.82421875,3,896.917542219162,14.2,80.87109375,148,38518.80223298073,6.1,66.70703125,37,38488.53373479843,5.1,16.0234375,13,38516.44391703606,3.1,21.359375,36,38518.80182266235
2026-02-15T02:44:04,Spotify,6.0,28.0,172.51756941506952,215.6469617688369,21413.08982800378,70930.86005526251,0.0,1597.78125,51.462,52.0,1815.0,99.4,39.82421875,3,898.4422996044159,13.3,80.8828125,148,38520.332867860794,6.1,66.70703125,37,38490.062188625336,5.1,4.12890625,403,1771112643.2819126,3.1,266.859375,95,38490.173508405685
2026-02-15T02:44:06,Spotify,5.9,28.0,0.0,0.0,0.0,79032.6527407252,0.0,1597.78125,51.648,52.0,1815.0,98.4,39.82421875,3,899.9983036518097,13.4,80.8515625,148,38521.85355806351,7.0,66.70703125,37,38491.62854218483,3.1,4.12890625,403,1771112644.8031318,3.0,266.859375,95,38491.739569187164
2026-02-15T02:44:07,Spotify,6.6,28.0,4914.923367755098,1432.1505494474047,0.0,106415.04003234072,0.0,1596.03125,52.612,52.0,1815.0,100.1,39.8125,3,901.542533159256,13.8,80.84765625,148,38523.438032865524,8.1,66.70703125,37,38493.16448545456,7.9,14.75,10,38523.62677574158,5.0,16.0234375,13,38521.06106519699
2026-02-15T02:44:09,Spotify,5.7,28.0,86.33476952210935,236.11251361728392,0.0,6362.610893265756,1.0,1591.65625,51.772,52.0,1815.0,99.4,39.81640625,3,903.0992546081543,11.2,80.87890625,148,38524.96842312813,6.0,16.0625,14,38522.6216275692,5.0,28.78125,22,32669.462257146835,4.0,266.859375,95,38494.828672885895
2026-02-15T02:44:10,Spotify,7.3,28.0,285.2130111722295,97.6404903112137,0.0,74330.107992705,0.0,1591.65625,52.134,52.0,1815.0,100.2,39.81640625,3,904.6276962757111,14.1,80.84375,148,38526.52294898033,7.1,16.0234375,13,38524.15227103233,5.1,266.83984375,95,38496.34969854355,5.1,66.7421875,37,38496.23826622963
2026-02-15T02:44:12,Spotify,6.3,28.0,1761.1209594222698,1307.6586764572542,0.0,22947.3006449273,1.0,1591.65625,52.039,52.0,1815.0,98.4,39.81640625,3,906.1530723571777,14.4,80.875,148,38528.03983473778,4.1,66.7421875,37,38497.76909208298,3.1,16.05859375,14,38525.677337646484,3.1,17.0,6,38524.045290231705
2026-02-15T02:44:14,Spotify,6.0,28.0,49.95987386950345,77.85954369273264,0.0,20928.645344606535,0.0,1591.65625,51.928,51.0,1815.0,99.7,39.81640625,3,907.7041013240814,14.2,80.8515625,148,38529.582938194275,5.0,66.74609375,37,38499.32263755798,3.0,16.05859375,14,38527.22073793411,3.0,141.37890625,277,38524.44618201256
2026-02-15T02:44:15,Spotify,5.9,28.0,0.0,34.92441594475559,0.0,14901.08413642905,1.0,1591.65625,52.039,51.0,1815.0,99.2,39.8203125,3,909.2794165611267,20.8,292.30859375,37,978.8965241909027,15.2,80.875,148,38531.12983727455,7.9,66.74609375,37,38500.90737605095,5.9,16.0234375,13,38528.79805517197
2026-02-15T02:44:17,Spotify,8.1,28.0,1151.7597513503727,932.7988315881589,10368.369102266211,50221.78783910196,0.0,1591.65625,51.905,51.0,1815.0,100.8,39.8203125,3,910.8299007415771,15.8,80.859375,148,38532.71010065079,9.1,66.74609375,37,38502.44674730301,3.0,4.12890625,403,1771112655.6574461,3.0,16.0625,14,38530.35289025307
2026-02-15T02:44:18,Spotify,5.8,28.0,0.0,128.43395520853085,0.0,94651.93305065061,1.0,1591.65625,51.905,50.0,1815.0,99.3,39.8203125,3,912.3717570304871,13.2,80.87890625,148,38534.25128245354,5.0,66.74609375,37,38504.00482916832,3.0,266.83984375,95,38504.11601185799,1.0,16.05859375,14,38531.89783501625
2026-02-15T02:44:20,Spotify,5.8,28.0,281.82610284422503,187.8840685628167,0.0,56993.21663363031,0.0,1591.65625,51.852,50.0,1815.0,97.9,39.8203125,3,913.9514880180359,11.1,80.8515625,148,38535.8045399189,7.9,266.85546875,95,38505.69410967827,6.9,66.76171875,37,38505.58272957802,5.0,16.0234375,13,38533.47085905075
2026-02-15T02:44:21,Spotify,6.7,28.0,423.0558043055927,168.71490846369963,20783.647069693645,253625.44314735528,0.0,1591.65625,51.876,50.0,1815.0,99.2,39.8203125,3,915.499030828476,16.8,80.8828125,148,38537.38722348213,7.1,16.0625,14,38535.0222928524,5.1,66.765625,37,38507.1265604496,2.0,4.12890625,403,1771112660.32933
2026-02-15T02:44:23,Spotify,6.8,28.0,4136.014969642066,4713.569522869644,0.0,26822.33195011661,0.0,1591.65625,51.97,50.0,1815.0,100.4,39.11328125,3,917.035619020462,15.2,80.8515625,148,38538.928037405014,9.1,274.15625,88,985.9508199691772,7.2,66.7734375,37,38508.653259038925,6.1,266.8515625,95,38508.76433849335
2026-02-15T02:44:24,Spotify,6.2,28.0,866.7779691662442,382.4788327796831,0.0,21387.48531147552,0.0,1591.65625,51.857,49.0,1815.0,98.2,39.8125,3,918.5633337497711,13.3,80.890625,148,38540.459954977036,4.1,66.77734375,37,38510.18430972099,3.1,16.0234375,13,38538.08273816109,2.1,21.5234375,36,38540.455198049545
2026-02-15T02:44:26,Spotify,5.9,28.0,0.0,43.57717069589274,0.0,113585.8761993306,0.0,1591.65625,51.749,49.0,1815.0,99.0,39.81640625,3,920.0771412849426,12.4,80.859375,148,38541.97622847557,3.1,66.734375,37,38511.69818806648,2.1,21.5234375,36,38541.974553346634,2.1,16.0234375,13,38539.59994459152
2026-02-15T02:44:27,Spotify,6.1,28.0,531.3680539628542,660.9380966779344,0.0,28479.23363111258,0.0,1591.65625,51.846,49.0,1815.0,100.9,39.81640625,3,921.6107437610626,15.3,80.8828125,148,38543.50872397423,4.1,16.0234375,13,38541.132858514786,4.1,66.734375,37,38513.22724747658,3.1,26.01171875,105,38517.860132455826
2026-02-15T02:44:29,Spotify,6.0,28.0,0.0,71.0103738186488,0.0,8752.686076609747,0.0,1590.9375,51.858,49.0,1815.0,97.9,39.81640625,3,923.1751697063446,12.3,80.86328125,148,38545.02648615837,8.0,66.734375,37,38514.79821062088,3.0,16.0234375,13,38542.6917886734,2.1,21.5234375,36,38545.032210826874
2026-02-15T02:44:31,Spotify,5.7,28.0,0.0,0.0,0.0,58987.240617011434,0.0,1590.9375,51.787,49.0,1815.0,95.6,39.81640625,3,924.7435164451599,12.9,80.88671875,148,38546.60394048691,3.0,16.0234375,13,38544.259174346924,3.0,266.83984375,95,38516.478976249695,3.0,66.734375,37,38516.36776852608
2026-02-15T02:44:32,Spotify,6.1,28.0,629.2920830809245,450.22523017171835,0.0,8840.786337917378,0.0,1590.9375,51.715,48.0,1815.0,97.8,39.81640625,3,926.2607972621918,12.0,80.859375,148,38548.16438674927,9.2,266.85546875,95,38518.00152182579,7.2,66.73828125,37,38517.88989043236,6.1,16.0546875,13,38545.79165649414
2026-02-15T02:44:34,Spotify,7.1,28.0,173.27617860961539,623.000611642205,216714.2679648808,7788.1690049879035,4.0,1590.9375,51.627,48.0,1815.0,99.2,39.81640625,3,927.772867679596,15.5,80.828125,148,38549.679960012436,8.3,66.73046875,37,38519.38769054413,5.2,5.9765625,4,38537.513620615005,4.1,16.0234375,13,38547.29862165451
2026-02-15T02:44:35,Spotify,5.9,28.0,0.0,160.35696133975358,10901.611844773952,60640.21588655511,0.0,1590.9375,51.714,48.0,1815.0,99.1,39.81640625,3,929.287002325058,12.5,80.87109375,148,38551.18203186989,5.1,66.73046875,37,38520.91204929352,3.1,141.50390625,277,38546.02872157097,3.1,22.96875,116,38507.72987627983
2026-02-15T02:44:37,Spotify,6.8,28.0,990.0069079043001,1093.4896539369067,0.0,18898.45410348342,0.0,1586.9375,51.577,48.0,1815.0,98.6,39.8125,3,930.8077483177185,13.4,80.82421875,148,38552.69817638397,8.3,66.73046875,37,38522.418164014816,5.2,266.57421875,95,38522.529744148254,2.1,274.171875,88,999.7254846096039
2026-02-15T02:44:38,Spotify,5.8,28.0,242.26089997506557,325.66219340910453,0.0,8133.611854900562,1.0,1586.9375,51.566,48.0,1815.0,100.2,39.8125,3,932.3207750320435,13.4,80.8515625,148,38554.21064829826,6.2,16.0625,14,38551.84658885002,6.1,266.57421875,95,38524.06250214577,4.1,66.73046875,37,38523.95258975029
2026-02-15T02:44:40,Spotify,6.3,28.0,50.53950532242838,126.34876330607095,0.0,47771.49549246154,0.0,1586.9375,51.579,47.0,1815.0,99.0,39.80859375,3,933.8524966239929,11.1,80.8359375,148,38555.75250315666,6.2,266.57421875,95,38525.56954193115,6.2,66.73046875,37,38525.45832872391,5.1,4.12890625,403,1771112678.7009897
2026-02-15T02:44:41,Spotify,6.3,28.0,52.17137107126853,36.787505242561146,0.0,5479.331689946562,0.0,1586.9375,51.337,47.0,1815.0,99.7,39.8125,3,935.3574044704437,15.2,292.14453125,37,1004.9757676124573,12.5,80.86328125,148,38557.24699354172,5.1,66.69921875,37,38526.988408088684,3.1,16.0234375,13,38554.885600328445
2026-02-15T02:44:43,Spotify,6.6,28.0,1197.9490896578272,1302.428939839252,0.0,43858.175122120585,0.0,1586.9375,51.239,47.0,1815.0,99.3,39.8125,3,936.88419008255,12.2,80.8359375,148,38558.788588523865,6.2,66.69921875,37,38528.4941945076,3.1,16.0234375,13,38556.41954898834,3.1,266.57421875,95,38528.605657339096
2026-02-15T02:44:44,Spotify,6.3,28.0,0.0,0.0,0.0,8157.0946771465715,0.0,1586.9375,51.112,47.0,1815.0,99.4,39.80078125,2,938.4238080978394,12.4,80.875,148,38560.30145430565,5.0,66.69921875,37,38530.0421974659,3.1,4.12890625,403,1771112683.2437463,2.1,21.5234375,36,38560.30380630493
2026-02-15T02:44:46,Spotify,6.1,28.0,27.331930230028778,27.331930230028778,0.0,35651.249183854685,0.0,1586.9375,50.931,47.0,1815.0,99.3,39.80078125,2,939.934544801712,15.3,80.83984375,148,38561.8335955143,4.2,66.7109375,37,38531.54305148125,3.1,70.203125,56,38558.1703016758,3.1,5.9765625,4,38549.67450046539
2026-02-15T02:44:47,Spotify,6.2,28.0,1426.3323141915157,1385.3533505771163,0.0,16581.93934125892,0.0,1586.9375,51.045,48.0,1815.0,99.9,39.80078125,2,941.4676084518433,14.5,80.875,148,38563.34390735626,10.1,66.7109375,37,38533.08637690544,4.1,16.0234375,13,38560.990352630615,3.1,290.96875,37,1011.0670621395111
2026-02-15T02:44:49,Spotify,6.0,28.0,389.0389024999017,0.0,10676.739327568492,43707.90162223351,0.0,1586.9375,51.049,48.0,1815.0,100.2,39.8046875,2,942.9803397655487,10.2,80.8515625,148,38564.87874293327,6.2,66.70703125,37,38534.596895456314,5.2,266.83984375,94,38534.70863246918,4.1,290.46484375,37,1012.5849268436432
2026-02-15T02:44:50,Spotify,6.8,28.0,9160.278551663143,1241.1124531922908,0.0,25606.663721430763,1.0,1586.9375,51.012,48.0,1815.0,98.8,39.8046875,2,944.4984526634216,15.4,80.875,148,38566.40441274643,5.2,66.70703125,37,38536.11238574982,3.1,21.5234375,36,38566.39914178848,3.1,273.84375,87,1013.4193980693817
2026-02-15T02:44:52,Spotify,5.7,28.0,2130.3454618079395,642.0219199969133,0.0,8489.546049545961,0.0,1586.9375,51.015,48.0,1815.0,99.7,39.1015625,2,946.0193364620209,10.4,80.83984375,148,38567.90619421005,8.2,66.7109375,37,38537.63684797287,3.1,16.0625,14,38565.5469930172,2.1,24.73828125,6,940.9119701385498
2026-02-15T02:44:53,Spotify,6.4,28.0,0.0,35.13869248658402,0.0,5997.003517710339,1.0,1586.9375,51.006,48.0,1815.0,98.4,39.80078125,2,947.5601134300232,13.2,80.8515625,148,38569.445019721985,12.1,66.703125,37,38539.18622684479,4.1,16.0234375,13,38567.06863236427,4.0,266.84765625,94,38539.29770255089
2026-02-15T02:44:55,Spotify,6.7,28.0,111.3900259784375,153.4850939354052,0.0,52721.15834216652,0.0,1586.9375,51.178,49.0,1815.0,97.0,39.10546875,2,949.1067309379578,13.2,80.8515625,148,38570.98743891716,5.1,66.70703125,37,38540.72782063484,5.0,16.0625,14,38568.626911878586,3.0,4.12890625,403,1771112693.935675
2026-02-15T02:44:57,Spotify,5.8,28.0,979.3185652593621,489.65928262968106,0.0,9579.000037530308,1.0,1586.9375,51.282,49.0,1815.0,100.1,39.8046875,2,950.6679236888885,11.1,80.87890625,148,38572.54170370102,4.0,16.0234375,13,38570.18704819679,4.0,66.70703125,37,38542.29152011871,3.0,4.12890625,403,1771112695.4877753
2026-02-15T02:44:58,Spotify,6.5,28.0,579.981138965378,1314.923979139909,0.0,12510.103148237687,0.0,1586.9375,51.096,49.0,1815.0,100.1,39.8046875,2,952.1971499919891,14.1,80.859375,148,38574.09429502487,7.2,66.70703125,37,38543.801636219025,6.2,266.83203125,94,38543.91321706772,5.1,16.0234375,13,38571.72587347031
2026-02-15T02:45:00,Spotify,6.1,28.0,666.6700987344985,35.714469575062424,0.0,79577.12924576872,1.0,1586.9375,51.243,49.0,1815.0,100.5,39.8046875,2,953.7052137851715,14.5,80.87890625,148,38575.60522937775,5.2,16.0234375,14,38573.225313186646,4.1,66.70703125,37,38545.329015016556,2.1,16.953125,6,38571.59416055679
2026-02-15T02:45:01,Spotify,6.1,28.0,32.68700772367468,0.0,0.0,33136.780949952445,5.0,1586.9375,51.3,49.0,1815.0,98.2,39.8046875,2,955.2478866577148,14.3,80.8671875,148,38577.13909268379,7.1,66.7109375,37,38546.86922740936,3.0,43.25,19,38574.672749996185,3.0,16.05859375,13,38574.78020954132
2026-02-15T02:45:03,Spotify,6.5,28.0,1098.6980791520516,1131.2424535345176,0.0,12663.666959705164,1.0,1586.9375,51.131,49.0,1815.0,100.6,39.8046875,2,956.7858033180237,17.3,80.875,148,38578.674176454544,5.1,16.05859375,14,38576.306550741196,5.1,66.7109375,37,38548.39416861534,3.1,273.88671875,87,1025.6952545642853
2026-02-15T02:45:04,Spotify,6.0,28.0,43.41894193723246,78.94353079496811,0.0,6736.514627837279,1.0,1586.9375,51.272,49.0,1815.0,99.9,39.8046875,2,958.2873373031616,12.4,80.8515625,148,38580.19193935394,8.3,16.0234375,13,38577.81953620911,7.3,266.84765625,94,38550.01359796524,5.2,66.71484375,37,38549.905004024506
2026-02-15T02:45:06,Spotify,6.5,28.0,321.53241188225445,135.06996810627493,0.0,12144.43732748712,0.0,1586.9375,51.27,50.0,1815.0,99.5,39.8046875,2,959.8114891052246,13.4,80.87890625,148,38581.71090388298,13.4,66.73046875,37,38551.42051577568,6.2,16.0234375,13,38579.34321761131,3.1,4.12890625,403,1771112704.6572716
2026-02-15T02:45:07,Spotify,6.6,28.0,1159.97108527199,1185.1015876895133,0.0,11173.814969643981,0.0,1586.9375,51.318,50.0,1815.0,100.8,39.11328125,3,961.3308382034302,15.1,66.7421875,37,38552.96846938133,14.5,80.87109375,148,38583.220836639404,10.1,292.93359375,37,1030.9508368968964,9.1,266.84765625,94,38553.07720518112
2026-02-15T02:45:09,Spotify,7.5,28.0,93.35525957031649,226.90514478896367,0.0,6638.596236111394,0.0,1586.9375,51.424,50.0,1815.0,99.8,39.8125,3,962.8954448699951,13.2,80.875,148,38584.7647228241,11.0,16.0234375,13,38582.421661138535,5.1,266.8671875,95,38554.62406229973,5.1,66.75390625,37,38554.512592077255
2026-02-15T02:45:10,Spotify,7.8,28.0,0.0,0.0,0.0,43413.619844066925,0.0,1586.9375,51.317,50.0,1815.0,96.2,39.921875,3,964.4705140590668,13.0,80.87109375,148,38586.3229906559,6.0,21.5234375,36,38586.33422231674,5.9,66.75,37,38556.103244781494,3.9,266.84765625,95,38556.213020563126
2026-02-15T02:45:12,Spotify,7.6,28.0,568.6450738804083,610.2532500179991,0.0,3873.3429422630024,0.0,1586.9375,51.338,50.0,1815.0,98.7,39.92578125,3,966.0211391448975,12.8,80.86328125,148,38587.905133247375,9.0,16.0234375,13,38585.54356908798,6.0,273.8125,85,1034.923178911209,5.0,16.91015625,6,38583.911972761154
2026-02-15T02:45:13,Spotify,5.8,28.0,1417.6948178343448,92.27599406022362,0.0,21144.753659897957,0.0,1586.9375,51.425,50.0,1815.0,99.0,39.92578125,3,967.5677976608276,13.1,80.859375,148,38589.45691156387,5.1,16.0234375,13,38587.083945035934,5.1,66.828125,37,38559.18708610535,3.1,266.86328125,95,38559.29777574539
2026-02-15T02:45:15,Spotify,6.1,28.0,644.034990068311,0.0,0.0,36118.21380407437,1.0,1586.9375,51.369,51.0,1815.0,99.8,39.92578125,3,969.1014096736908,16.4,80.83984375,148,38590.985067129135,5.1,266.86328125,95,38560.83192229271,4.1,66.828125,37,38560.720437049866,3.1,16.0234375,13,38588.620336294174
2026-02-15T02:45:16,Spotify,6.3,28.0,165.93033330036593,493.2181166999066,0.0,10368.686024186647,0.0,1586.9375,51.49,51.0,1815.0,99.8,39.92578125,3,970.636049747467,13.3,80.859375,148,38592.516879081726,6.1,16.0234375,13,38590.148057460785,5.1,66.8203125,37,38562.24892902374,4.1,266.8515625,95,38562.35909175873
2026-02-15T02:45:18,Spotify,6.2,28.0,2109.57914863239,1366.2534932830122,21441.28087542995,56283.36229800362,0.0,1586.9375,51.514,51.0,1815.0,98.1,39.92578125,3,972.1965098381042,14.3,80.8359375,148,38594.0449924469,3.9,66.8203125,37,38563.83985900879,3.1,4.12890625,403,1771112716.993809,2.9,266.58203125,95,38563.95097947121
2026-02-15T02:45:20,Spotify,5.5,28.0,808.9626476758507,780.0261921602294,0.0,7085.6572810426,0.0,1586.9375,51.39,51.0,1815.0,98.0,39.92578125,3,973.8232233524323,13.7,80.8671875,148,38595.64132666588,8.6,6.12890625,11,38595.66666197777,7.6,274.53515625,85,1042.706874847412,5.8,66.8203125,37,38565.45137190819
2026-02-15T02:45:21,Spotify,6.8,28.0,3471.760080589306,1942.6280814121756,0.0,47468.608543574635,0.0,1586.9375,51.688,51.0,1815.0,100.2,39.92578125,3,975.3512709140778,13.6,80.8515625,148,38597.252994060516,6.1,66.8203125,37,38566.98426818848,3.0,16.0234375,13,38594.8835811615,2.0,24.73828125,6,970.266096830368
2026-02-15T02:45:23,Spotify,6.0,28.0,3976.694666703651,3553.390308793378,0.0,13798.144536106289,0.0,1586.9375,51.677,51.0,1815.0,98.3,39.2265625,3,976.8931617736816,13.4,80.875,148,38598.7733631134,10.2,66.8203125,37,38568.50969719887,2.1,4.12890625,401,1771112721.722785,2.0,266.58203125,95,38568.62143445015
2026-02-15T02:45:24,Spotify,7.4,28.0,0.0,0.0,0.0,7710.402899074245,0.0,1586.9375,51.672,51.0,1815.0,99.3,39.9296875,3,978.41925573349,13.3,80.84765625,148,38600.30486726761,5.1,274.15234375,85,1047.3337347507477,4.1,141.96875,278,38595.161831855774,4.0,66.82421875,37,38570.05790686607
2026-02-15T02:45:26,Spotify,6.0,28.0,211.4473275130943,475.7564869044622,0.0,27395.32204267212,0.0,1586.9375,51.72,51.0,1815.0,98.0,39.9296875,3,979.9660968780518,14.1,80.875,148,38601.8526763916,4.1,66.82421875,37,38571.58069038391,3.0,4.12890625,401,1771112724.8017066,2.1,266.58203125,95,38571.69219708443
2026-02-15T02:45:27,Spotify,6.6,28.0,703.2099039765203,634.9880476205892,0.0,18136.518120469063,0.0,1586.9375,51.671,52.0,1815.0,99.6,39.9296875,3,981.5187735557556,13.3,80.859375,148,38603.38223814964,4.9,66.71484375,37,38573.16475272179,4.1,21.5234375,36,38603.392028570175,4.0,141.90234375,278,38598.262154340744
2026-02-15T02:45:29,Spotify,5.8,28.0,0.0,39.21107181495708,0.0,7447.573898273139,0.0,1586.9375,51.612,52.0,1815.0,97.3,39.9296875,3,983.0609986782074,13.9,80.87109375,148,38604.95746254921,7.2,66.7265625,37,38574.67501163483,6.0,16.0625,14,38602.59170293808,2.1,50.23828125,31,38558.70317029953
2026-02-15T02:45:30,Spotify,6.4,28.0,217.70243859012805,332.4909971194683,0.0,55394.0556470784,0.0,1586.9375,51.754,52.0,1815.0,99.7,39.9296875,3,984.5812771320343,12.4,80.84765625,148,38606.47517371178,7.2,16.0234375,13,38604.10417699814,5.2,66.72265625,37,38576.19067072868,3.1,4.12890625,401,1771112729.4234025
2026-02-15T02:45:32,Spotify,7.1,28.0,694.7805235126335,509.5057172425979,21682.445899487593,128400.73431102809,0.0,1586.9375,51.66,52.0,1815.0,100.1,39.9296875,3,986.1113948822021,14.5,80.8671875,148,38607.98811721802,11.0,291.60546875,37,1055.741994857788,6.0,66.72265625,37,38577.74087071419,3.1,53.60546875,47,38577.41366362572
2026-02-15T02:45:34,Spotify,6.0,28.0,191.33574358550152,26.78700410197021,0.0,20898.96548603238,0.0,1586.9375,51.848,52.0,1815.0,98.6,39.9296875,3,987.6647391319275,14.0,80.84765625,148,38609.55521917343,6.1,66.734375,37,38579.281601428986,2.0,273.98046875,85,1056.5705108642578,2.0,16.0234375,13,38607.18866324425
2026-02-15T02:45:35,Spotify,6.0,28.0,0.0,0.0,0.0,5665.618349123314,0.0,1586.9375,53.873,52.0,1815.0,99.7,39.9296875,3,989.2005064487457,14.2,80.8828125,148,38611.09148621559,5.1,16.0234375,14,38608.732125759125,5.0,66.734375,37,38580.8372862339,3.0,266.859375,95,38580.94829249382
2026-02-15T02:45:37,Spotify,6.5,28.0,876.98546609925,664.8955091642681,0.0,61956.29073261407,0.0,1586.9375,52.131,52.0,1815.0,96.1,39.921875,3,990.7785272598267,12.2,80.8515625,148,38612.62736964226,6.9,66.734375,37,38582.41502714157,3.0,31.58203125,4,38612.56076812744,3.0,16.05859375,14,38610.296567201614
2026-02-15T02:45:38,Spotify,5.8,28.0,41.41877867118323,63.38328251196222,0.0,5462.258326575437,0.0,1586.9375,52.129,52.0,1815.0,99.7,39.921875,3,992.3138988018036,14.7,80.83203125,148,38614.21899151802,10.1,66.7421875,37,38583.956752061844,5.1,28.7890625,22,32758.698256731033,3.0,16.0234375,13,38611.84533524513
2026-02-15T02:45:40,Spotify,6.7,28.0,32.65592893389,56.16819776629081,0.0,5684.744108811572,0.0,1586.9375,52.164,51.0,1815.0,99.5,39.921875,3,993.8527185916901,11.2,80.87109375,148,38615.75278735161,9.3,66.74609375,37,38585.473880529404,4.1,16.0234375,13,38613.38597655296,3.1,266.85546875,95,38585.58522629738
2026-02-15T02:45:41,Spotify,6.9,28.0,51.362646451242995,71.77600593827547,0.0,68441.38489174862,1.0,1586.9375,52.06,51.0,1815.0,99.8,39.92578125,3,995.371111869812,12.3,80.8359375,148,38617.27565693855,4.1,66.74609375,37,38586.997493982315,3.1,16.05859375,14,38614.90160560608,3.1,141.97265625,278,38612.112402677536
2026-02-15T02:45:43,Spotify,5.6,28.0,1283.173505504598,1207.2305837502443,0.0,12737.46108321299,0.0,1586.9375,52.031,51.0,1815.0,97.9,39.9296875,3,996.9511845111847,13.3,80.87109375,148,38618.80039834976,10.0,16.0234375,13,38616.47138738632,6.0,66.74609375,37,38588.566539525986,4.0,266.84765625,95,38588.678198337555
2026-02-15T02:45:44,Spotify,6.6,28.0,0.0,0.0,0.0,58108.0265776832,1.0,1586.9375,52.023,51.0,1815.0,99.8,39.23046875,3,998.485860824585,13.9,80.8359375,148,38620.3707447052,7.1,66.74609375,37,38590.1134223938,3.0,4.12890625,401,1771112743.3164327,3.0,16.05859375,14,38618.01551771164
2026-02-15T02:45:46,Spotify,5.8,28.0,2022.7385482208103,0.0,0.0,46575.61809716276,0.0,1586.9375,52.003,50.0,1815.0,100.0,39.9296875,3,1000.0174179077148,12.2,80.87890625,148,38621.90528011322,6.2,266.859375,95,38591.74076771736,3.1,70.203125,56,38618.248915195465,3.1,66.74609375,37,38591.629793167114
2026-02-15T02:45:47,Spotify,5.9,28.0,3147.690156116952,495.73013470530844,0.0,9040.861981749584,0.0,1586.9375,51.912,50.0,1815.0,99.1,39.9296875,3,1001.5306990146637,13.3,80.85546875,148,38623.43381714821,5.1,66.75,37,38593.148648023605,3.1,16.0234375,13,38621.057077884674,3.1,266.86328125,95,38593.26026773453
2026-02-15T02:45:49,Spotify,6.1,28.0,0.0,35.67945262578846,0.0,74086.4011856372,0.0,1586.9375,51.857,50.0,1815.0,99.1,39.9296875,3,1003.0754737854004,13.4,80.85546875,148,38624.952854156494,5.1,66.75390625,37,38594.68798851967,2.1,4.12890625,401,1771112747.8996623,2.0,274.1875,86,1071.9787888526917
2026-02-15T02:45:50,Spotify,6.6,28.0,0.0,0.0,0.0,27428.651613423455,1.0,1586.9375,51.85,50.0,1815.0,100.3,39.9296875,3,1004.6021957397461,11.1,80.83984375,148,38626.49670267105,4.1,66.7734375,37,38596.22013044357,3.1,21.5234375,36,38626.49635505676,3.1,16.05859375,14,38624.12237024307
2026-02-15T02:45:52,Spotify,6.1,28.0,635.5591999074545,635.5591999074545,0.0,5378.6167000432515,1.0,1586.9375,51.795,49.0,1815.0,100.0,39.9296875,3,1006.1172287464142,14.4,80.8671875,148,38628.02009153366,9.3,66.78125,37,38597.73250460625,6.2,266.859375,95,38597.843529462814,4.1,16.05859375,14,38625.65211772919
2026-02-15T02:45:54,Spotify,6.6,28.0,33.067289974856806,0.0,0.0,6433.57193750814,1.0,1586.9375,51.807,49.0,1815.0,98.5,39.93359375,3,1007.6716029644012,13.4,80.85546875,148,38629.5319211483,4.0,66.7890625,37,38599.29063844681,2.1,21.5234375,36,38629.53882575035,2.1,274.21484375,86,1076.5590596199036
2026-02-15T02:45:55,Spotify,5.9,28.0,146.05954292712406,113.099203594012,0.0,7941.502935789825,0.0,1586.9375,51.823,49.0,1815.0,100.3,39.93359375,3,1009.1980431079865,12.1,80.87109375,148,38631.07927489281,7.1,16.0625,14,38628.72265481949,5.1,66.77734375,37,38600.81773686409,4.1,266.85546875,95,38600.927971601486
2026-02-15T02:45:57,Spotify,6.5,28.0,811.0842153025376,456.8026300583892,0.0,12956.583688928857,0.0,1586.9375,51.752,49.0,1815.0,100.3,39.234375,3,1010.7403228282928,16.2,80.84765625,148,38632.623500585556,5.1,16.05859375,14,38630.267052173615,5.1,266.85546875,95,38602.456892967224,3.1,66.77734375,37,38602.345843076706
2026-02-15T02:45:58,Spotify,6.2,28.0,754.4682839880284,158.14182371801468,0.0,20916.891883769407,0.0,1586.9375,51.772,48.0,1815.0,99.9,39.93359375,3,1012.2423779964447,17.3,293.2578125,37,1081.8606235980988,11.3,80.8515625,148,38634.138060331345,5.1,66.77734375,37,38603.87746191025,3.1,4.12890625,401,1771112757.086539
2026-02-15T02:46:00,Spotify,7.0,28.0,742.4038350724888,519.4871435933043,0.0,9344.250552764881,0.0,1586.9375,51.671,48.0,1815.0,100.2,39.93359375,3,1013.7860527038574,13.2,80.85546875,148,38635.67113280296,10.2,66.77734375,37,38605.41043615341,3.1,266.85546875,95,38605.521939754486,2.0,21.5234375,36,38635.67451071739
2026-02-15T02:46:01,Spotify,5.9,28.0,1427.4661040461572,937.4211281100218,42368.84900125406,198272.9730605561,0.0,1586.9375,51.583,48.0,1815.0,97.2,39.93359375,3,1015.3446238040924,12.1,80.87890625,148,38637.22229862213,4.0,16.0625,13,38634.87604427338,4.0,66.7734375,37,38606.974930763245,2.0,266.84375,95,38607.0864379406
2026-02-15T02:46:03,Spotify,5.9,28.0,877.0775117099422,1203.655751256658,0.0,17410.662295362832,0.0,1586.9375,51.695,48.0,1815.0,99.7,39.93359375,3,1016.8799667358398,13.0,80.859375,148,38638.77930164337,5.1,66.7734375,37,38608.49279308319,3.0,4.12890625,401,1771112761.7267764,2.1,24.73828125,6,1011.7774169445038
2026-02-15T02:46:04,Spotify,5.6,28.0,225.6842883553664,159.97033380483322,0.0,89041.74463865373,0.0,1586.9375,51.625,48.0,1815.0,98.9,39.93359375,3,1018.3962211608887,13.5,80.8828125,148,38640.28337979317,4.1,66.7734375,37,38610.027074337006,2.0,96.7109375,33,38633.30395555496,2.0,266.58203125,95,38610.13834691048
2026-02-15T02:46:06,Spotify,6.0,28.0,793.8639647711815,566.393912468109,0.0,55062.091743735145,0.0,1586.9375,51.439,47.0,1815.0,98.8,39.93359375,3,1019.9136612415314,12.2,80.87109375,148,38641.81726360321,4.1,66.7734375,37,38611.53830623627,3.1,16.0234375,13,38639.44606471062,1.0,4.12890625,401,1771112764.7665255
2026-02-15T02:46:07,Spotify,5.5,28.0,187.28180701323538,144.41801315457235,0.0,10804.313824312847,0.0,1586.9375,51.493,47.0,1815.0,98.4,39.92578125,3,1021.4377052783966,15.4,80.87890625,148,38643.33511519432,5.1,66.7734375,37,38613.0671710968,4.1,16.0234375,13,38640.968158483505,2.0,22.96484375,116,38599.89002227783
2026-02-15T02:46:09,Spotify,6.7,28.0,43.2064759129228,122.41834841994792,0.0,7373.905222472157,0.0,1586.9375,51.279,47.0,1815.0,99.3,39.92578125,3,1022.9961338043213,12.3,80.86328125,148,38644.86232638359,5.0,28.7890625,22,32789.36353969574,4.1,4.12890625,401,1771112767.8112338,4.0,16.0234375,13,38642.52004861832
2026-02-15T02:46:10,Spotify,6.0,28.0,49.627050768125045,222.68548421594573,0.0,14984.824355011297,5.0,1586.9375,51.217,47.0,1815.0,99.2,39.9296875,3,1024.5876672267914,12.9,80.84375,148,38646.43889808655,4.0,16.0234375,13,38644.09591460228,3.9,66.75,37,38616.211903095245,3.0,21.5234375,36,38646.44682312012
2026-02-15T02:46:12,Spotify,6.1,28.0,665.9754763921148,685.7127993062214,0.0,1955.9050320043755,0.0,1586.9375,51.122,47.0,1815.0,99.0,39.93359375,3,1026.1026270389557,12.0,80.8515625,148,38648.00540184975,8.3,66.75,37,38617.723163843155,3.1,266.578125,95,38617.83477807045,3.0,16.0234375,13,38645.63442134857
2026-02-15T02:46:13,Spotify,5.8,28.0,172.83388848063623,216.0423606007953,10726.175866919484,65362.63418904061,0.0,1586.9375,51.011,48.0,1815.0,99.8,39.93359375,3,1027.637490272522,14.3,80.8359375,148,38649.5323343277,8.2,16.0234375,13,38647.16413450241,4.1,21.5234375,36,38649.529942035675,4.1,266.90625,95,38619.35833787918
2026-02-15T02:46:15,Spotify,7.0,28.0,0.0,0.0,0.0,105479.01948969606,0.0,1586.9375,51.222,48.0,1815.0,99.1,39.93359375,3,1029.1677570343018,13.5,80.859375,148,38651.042375802994,8.1,66.7578125,37,38620.79206085205,4.1,16.05859375,14,38648.68913459778,3.0,291.71875,37,1098.7820010185242
2026-02-15T02:46:17,Spotify,6.8,28.0,1744.7876819091289,1498.017489083724,0.0,56410.506324412134,0.0,1586.9375,51.101,48.0,1815.0,99.2,39.93359375,3,1030.7275047302246,14.1,80.8359375,148,38652.59701490402,5.0,21.5234375,36,38652.60222482681,4.0,16.0234375,13,38650.24792575836,3.0,266.86328125,95,38622.45954704285
2026-02-15T02:46:18,Spotify,5.9,28.0,0.0,0.0,0.0,7578.216350230797,0.0,1586.9375,51.026,48.0,1815.0,97.7,39.93359375,3,1032.295073747635,13.1,80.8671875,148,38654.153376340866,4.0,66.71484375,37,38623.930357933044,3.0,16.0234375,14,38651.81258535385,2.0,18.84765625,9,38639.42338013649
2026-02-15T02:46:20,Spotify,6.4,28.0,31.650996760573413,34.183076501419286,0.0,7454.44275705025,0.0,1586.9375,51.306,48.0,1815.0,98.3,39.93359375,3,1033.8368096351624,13.8,80.86328125,148,38655.73057842255,10.3,66.7265625,37,38625.45241975784,5.0,16.0234375,13,38653.37267804146,3.1,266.86328125,95,38625.56392788887
2026-02-15T02:46:21,Spotify,6.4,28.0,1507.6719808197627,1273.5981800470477,0.0,83824.72110368508,1.0,1586.9375,51.183,48.0,1815.0,98.6,39.9375,3,1035.3737134933472,13.3,80.8828125,148,38657.253606796265,9.1,66.734375,37,38627.002767562866,7.1,266.86328125,95,38627.11442255974,3.1,16.06640625,13,38654.90515732765
2026-02-15T02:46:23,Spotify,6.1,28.0,347.7252048916832,136.1224828054641,0.0,8257.667203364646,0.0,1586.9375,51.227,49.0,1815.0,98.4,39.9375,3,1036.8983511924744,14.1,80.859375,148,38658.800426483154,6.2,16.0625,14,38656.42638587952,4.1,266.8515625,95,38628.64042568207,4.1,66.75,37,38628.52931189537
2026-02-15T02:46:24,Spotify,6.9,28.0,1358.9581251025613,353.2639346789392,0.0,17686.66075912859,0.0,1586.9375,51.335,49.0,1815.0,99.6,39.9375,3,1038.4364383220673,14.1,292.5859375,37,1108.063844203949,13.2,80.8828125,148,38660.33702325821,8.1,266.86328125,95,38630.186401844025,7.1,16.0625,14,38657.9710483551
2026-02-15T02:46:26,Spotify,7.7,28.0,204.81079170786757,149.07114586332133,0.0,21901.79200440589,0.0,1586.9375,51.158,49.0,1815.0,99.7,39.9375,3,1039.972041130066,18.3,80.86328125,148,38661.87753152847,4.1,266.8671875,95,38631.71467208862,4.1,66.75390625,37,38631.60340309143,3.1,16.0625,14,38659.50340247154
2026-02-15T02:46:27,Spotify,5.5,28.0,1562.5411192077465,1162.0908826268667,0.0,17755.911143560053,0.0,1586.9375,51.321,49.0,1815.0,98.3,39.9375,3,1041.498740196228,11.2,80.8828125,148,38663.40792632103,7.2,66.7578125,37,38633.125303030014,6.2,16.0234375,14,38661.02132487297,3.1,290.89453125,36,1111.1149368286133
2026-02-15T02:46:29,Spotify,5.9,28.0,0.0,0.0,10751.210026612263,40653.01291312762,0.0,1586.9375,51.335,49.0,1815.0,98.8,39.9375,3,1043.0331568717957,15.4,80.8671875,148,38664.92954611778,9.1,16.0234375,13,38662.56204509735,6.2,66.7578125,37,38634.64766716957,4.1,21.5234375,36,38664.922971487045
2026-02-15T02:46:30,Spotify,6.8,28.0,0.0,0.0,0.0,16406.513035268952,0.0,1586.9375,51.182,49.0,1815.0,100.1,39.9375,3,1044.5476651191711,13.3,80.88671875,148,38666.4597864151,5.1,16.0234375,13,38664.07999110222,4.1,66.7578125,37,38636.174823760986,3.1,4.12890625,401,1771112789.4068842
2026-02-15T02:46:32,Spotify,6.0,28.0,463.448094359908,637.2411297448735,0.0,30671.83751763755,4.0,1586.9375,51.371,50.0,1815.0,98.8,39.9375,3,1046.0814588069916,13.4,80.87109375,148,38667.97890877724,5.1,66.7578125,37,38637.69339489937,4.1,16.0234375,13,38665.60712623596,3.1,21.5234375,36,38667.968003988266
2026-02-15T02:46:33,Spotify,6.6,28.0,32.93377524523834,35.56847726485741,0.0,3035.1767266011652,0.0,1586.9375,51.449,50.0,1815.0,98.8,39.9375,3,1047.6160562038422,13.4,80.8828125,148,38669.49852490425,4.1,266.86328125,95,38639.34200024605,4.1,66.76953125,37,38639.23025560379,2.1,16.05859375,14,38667.13107705116
2026-02-15T02:46:35,Spotify,6.1,28.0,300.6283500451243,0.0,0.0,5688.411214766874,0.0,1586.9375,51.223,50.0,1815.0,98.7,39.9375,3,1049.1360552310944,14.3,80.859375,148,38671.027244091034,5.2,66.76953125,37,38640.7442278862,2.1,42.5625,10,38656.22913122177,2.0,16.0625,13,38668.665595293045
2026-02-15T02:46:36,Spotify,6.2,28.0,1585.844562524053,1306.6094734417445,0.0,14161.960744400845,0.0,1586.9375,51.467,50.0,1815.0,100.0,39.9296875,3,1050.6517341136932,13.4,80.859375,148,38672.543516397476,6.2,16.0234375,13,38670.170976400375,4.1,266.86328125,95,38642.37937068939,4.1,66.77734375,37,38642.26785302162
2026-02-15T02:46:38,Spotify,5.5,28.0,110.80053160877067,66.61222436003474,0.0,51664.70502443249,0.0,1586.9375,51.456,50.0,1815.0,100.4,39.23046875,3,1052.1781516075134,10.3,80.85546875,148,38674.06042313576,9.2,66.78125,37,38643.79962849617,5.1,16.0234375,13,38671.69967532158,4.1,266.86328125,95,38643.91113138199
2026-02-15T02:46:40,Spotify,6.3,28.0,44763.05285618199,3772.704876504507,0.0,3309.8438943973742,0.0,1586.9375,51.445,50.0,1815.0,99.2,39.23046875,3,1053.721132516861,12.1,80.8125,148,38675.608476400375,5.1,16.0234375,13,38673.2349383831,5.1,66.78125,37,38645.3294301033,2.0,24.73828125,6,1048.6119418144226
2026-02-15T02:46:41,Spotify,8.0,28.0,2282.1725396376496,2665.935617401927,0.0,43813.49992451167,0.0,1586.9375,51.596,50.0,1815.0,97.7,39.93359375,3,1055.2563426494598,13.4,80.859375,148,38677.127299547195,7.1,66.78125,37,38646.88049483299,4.1,273.921875,86,1124.1641569137573,3.1,21.5234375,36,38677.138300418854
2026-02-15T02:46:43,Spotify,5.6,28.0,2703.0350849082884,398.0563261543164,0.0,12241.524419914562,0.0,1586.9375,51.483,51.0,1815.0,99.8,39.93359375,3,1056.775365114212,14.1,80.828125,148,38678.67312693596,5.2,266.859375,95,38648.498299598694,3.1,16.0234375,13,38676.29402041435,3.1,16.953125,6,38674.6669178009
2026-02-15T02:46:44,Spotify,6.8,28.0,1662.0832872598464,580.5680145119223,21741.77451374477,72699.05853033408,1.0,1586.9375,51.539,51.0,1815.0,100.6,39.93359375,3,1058.282336473465,12.4,80.8515625,148,38680.18386435509,3.1,66.7734375,37,38649.899797677994,2.1,3.9453125,18,38681.32350611687,2.1,21.5234375,36,38680.18586421013
2026-02-15T02:46:46,Spotify,8.4,28.0,649.2267984753408,623.4952485357694,0.0,15539.217030174012,0.0,1586.9375,51.548,51.0,1815.0,99.3,39.93359375,3,1059.7925593852997,13.4,80.83984375,148,38681.694956064224,8.3,16.0234375,13,38679.32689023018,8.3,66.7734375,37,38651.41444540024,6.2,21.5234375,36,38681.68915247917
2026-02-15T02:46:47,Spotify,6.0,28.0,33.2000204536564,0.0,0.0,8839.17344558148,0.0,1586.9375,51.465,51.0,1815.0,100.6,39.9375,3,1061.3297107219696,12.4,80.87109375,148,38683.20142507553,9.2,16.0234375,13,38680.86122751236,5.1,66.7734375,37,38652.94243526459,4.1,291.19921875,37,1130.9196486473083
2026-02-15T02:46:49,Spotify,6.4,28.0,56.22284506716469,249.08027872778777,0.0,13723.604228487457,0.0,1586.9375,51.555,51.0,1815.0,98.0,39.93359375,3,1062.8279185295105,13.3,80.8359375,148,38684.732763290405,5.2,66.7734375,37,38654.43481731415,4.2,16.0625,14,38682.363661289215,3.1,119.1015625,98,1132.707138299942
2026-02-15T02:46:50,Spotify,5.9,28.0,0.0,0.0,0.0,13588.75309664572,0.0,1586.9375,51.634,51.0,1815.0,98.6,39.93359375,3,1064.3339037895203,24.6,291.52734375,37,1133.9513866901398,11.4,80.85546875,148,38686.24048471451,7.1,66.7734375,37,38655.970422267914,2.1,4.12890625,401,1771112809.1867828
2026-02-15T02:46:52,Spotify,7.3,28.0,1629.8955091993316,1426.6502928470416,0.0,53709.18749541804,0.0,1586.9375,51.567,51.0,1815.0,100.2,39.23828125,3,1065.8779270648956,13.3,80.828125,148,38687.762875556946,9.2,66.7734375,37,38657.49134540558,7.1,16.0234375,13,38685.4033164978,4.1,21.5234375,36,38687.75600218773
2026-02-15T02:46:53,Spotify,5.7,28.0,0.0,194.34354768637004,0.0,52619.00962984999,0.0,1586.9375,51.571,51.0,1815.0,98.9,39.93359375,3,1067.3791658878326,13.4,80.87890625,148,38689.28016901016,8.2,66.7734375,37,38659.01806163788,4.1,16.05859375,13,38686.913999557495,4.1,266.5859375,95,38659.12904167175
2026-02-15T02:46:55,Spotify,7.5,28.0,421.930567210877,220.7624329988799,0.0,8694.643515032809,1.0,1586.9375,51.642,52.0,1815.0,99.7,39.93359375,3,1068.8997631072998,14.3,80.8359375,148,38690.81213760376,6.3,66.74609375,37,38660.5112888813,6.2,21.5234375,36,38690.805146455765,4.1,16.05859375,14,38688.43231797218
2026-02-15T02:46:56,Spotify,6.1,28.0,657.156598244595,863.0209611640753,0.0,24719.81718131505,0.0,1586.9375,51.66,52.0,1815.0,99.0,39.93359375,3,1070.401342868805,13.6,80.859375,148,38692.30752706528,6.3,16.0234375,13,38689.9308450222,5.2,66.7578125,37,38662.02048945427,3.1,4.12890625,401,1771112815.252485
2026-02-15T02:46:58,Spotify,5.9,28.0,309.4770054219358,43.831507205681895,10880.83960693776,57464.43417414004,1.0,1586.9375,51.76,52.0,1815.0,100.1,39.23828125,3,1071.897751569748,15.6,80.83203125,148,38693.80960869789,7.3,66.76171875,37,38663.52008318901,4.2,266.90234375,95,38663.63088107109,2.1,16.0234375,13,38691.42737340927
2026-02-15T02:46:59,Spotify,6.4,28.0,426.6364967599384,95.17787681227955,0.0,9882.525279082005,1.0,1586.9375,51.721,52.0,1815.0,99.0,39.921875,2,1073.4448974132538,11.4,80.8671875,148,38695.31196498871,6.1,66.76171875,37,38665.06153726578,4.1,16.0234375,14,38692.96475100517,4.1,266.8671875,95,38665.173020124435
2026-02-15T02:47:01,Spotify,7.0,28.0,1564.54447950338,1324.1452031677277,0.0,68528.08776668625,0.0,1586.9375,51.777,52.0,1815.0,99.1,39.921875,2,1074.974526166916,14.2,80.8359375,148,38696.84916257858,6.2,66.76171875,37,38666.58257317543,3.1,16.0234375,13,38694.491335392,3.1,266.8671875,95,38666.6940536499
2026-02-15T02:47:02,Spotify,6.1,28.0,303.224729842865,71.1918930935422,0.0,22612.654635934,0.0,1586.9375,53.919,52.0,1815.0,96.5,39.921875,2,1076.4976179599762,13.4,80.8671875,148,38698.36771059036,3.1,266.8671875,95,38668.2272772789,3.1,66.765625,37,38668.11639857292,2.1,16.0234375,13,38696.01484465599
2026-02-15T02:47:04,Spotify,5.5,28.0,0.0,0.0,0.0,25279.516860006388,4.0,1586.9375,52.09,52.0,1815.0,100.8,39.921875,2,1078.0009124279022,15.2,80.83984375,148,38699.90628552437,6.2,66.7734375,37,38669.62336397171,5.2,266.8671875,95,38669.7349729538,2.1,291.25390625,37,1147.6186275482178
2026-02-15T02:47:05,Spotify,5.9,28.0,0.0,35.4378070694925,0.0,12768.110636000854,0.0,1586.9375,52.109,52.0,1815.0,95.7,39.921875,2,1079.5351598262787,12.3,80.859375,148,38701.43243455887,7.2,66.77734375,37,38671.14929366112,3.1,266.8671875,95,38671.26061987877,2.1,4.12890625,401,1771112824.3802686
2026-02-15T02:47:07,Spotify,6.4,28.0,1151.0946269070535,1097.2806249649907,0.0,21504.600190701443,1.0,1586.9375,52.202,52.0,1815.0,98.2,39.2265625,3,1081.0950424671173,13.3,80.84765625,148,38702.962369680405,5.0,266.8671875,95,38672.83465051651,4.0,66.78125,37,38672.72361040115,3.0,6.03515625,4,38690.83961224556
2026-02-15T02:47:08,Spotify,6.2,28.0,41.82571253909865,118.50618552744619,0.0,13627.577612739053,0.0,1586.9375,52.014,51.0,1815.0,98.5,39.9296875,3,1082.6499524116516,17.9,80.8671875,148,38704.53472781181,6.1,66.79296875,37,38674.26946020126,3.1,50.36328125,31,38658.29602622986,3.0,4.12890625,401,1771112827.4821975
2026-02-15T02:47:10,Spotify,6.0,28.0,302.25902995362827,0.0,0.0,78724.02143627021,1.0,1586.9375,52.008,51.0,1815.0,100.3,39.9296875,3,1084.1633870601654,11.3,80.8671875,148,38706.05711197853,7.2,66.79296875,37,38675.780789375305,5.1,16.0234375,13,38703.69088411331,3.1,21.5234375,36,38706.05289912224
2026-02-15T02:47:12,Spotify,6.5,28.0,761.5161835416845,673.9022973729612,0.0,53627.60334754451,0.0,1586.9375,52.032,51.0,1815.0,99.6,39.234375,3,1085.6828017234802,14.4,80.87109375,148,38707.573890686035,9.3,66.79296875,37,38677.299684524536,6.2,266.86328125,95,38677.40998029709,4.1,16.0625,14,38705.20423960686
2026-02-15T02:47:13,Spotify,6.6,28.0,32.96459258905296,35.6017599961772,0.0,9789.165415245168,0.0,1586.9375,51.87,50.0,1815.0,99.2,39.92578125,3,1087.241775751114,14.4,80.84375,148,38709.09220457077,6.9,66.796875,37,38678.87440752983,4.0,266.86328125,95,38678.98590540886,2.0,273.3515625,85,1156.1213462352753
2026-02-15T02:47:15,Spotify,6.7,28.0,2838.2712786686925,2709.8944765435076,0.0,12039.456135938135,0.0,1586.9375,51.895,50.0,1815.0,99.1,39.9140625,3,1088.756308555603,12.9,80.86328125,148,38710.66201424599,4.1,16.05859375,13,38708.2845621109,3.1,66.796875,37,38680.38206076622,3.0,21.44921875,36,38710.6569416523
2026-02-15T02:47:16,Spotify,6.0,28.0,1598.9203256768972,1353.2390463993008,10879.03264779497,61534.52841409029,0.0,1586.9375,51.931,50.0,1815.0,100.2,39.9296875,3,1090.2839403152466,14.5,80.8671875,148,38712.1706700325,10.1,292.76953125,37,1159.9105982780457,4.0,66.80078125,37,38681.932523489,3.0,266.86328125,95,38682.04382896423
2026-02-15T02:47:18,Spotify,6.9,28.0,694.019135236624,272.9722758259078,0.0,92295.53175094844,0.0,1586.9375,51.814,50.0,1815.0,99.1,39.9296875,3,1091.8450367450714,15.1,80.88671875,148,38713.72259569168,7.1,293.08984375,37,1161.448077917099,5.1,66.8046875,37,38683.47034740448,2.0,16.0625,14,38711.35196709633
2026-02-15T02:47:20,Spotify,5.9,28.0,6384.246954010404,5757.652160316041,0.0,10649.511514407091,1.0,1625.91796875,52.122,49.0,1815.0,99.9,39.93359375,3,1093.8311607837677,53.5,318.64453125,39,1163.464548110962,24.0,197.45703125,101,1163.7462930679321,12.1,80.859375,148,38715.267602443695,11.6,278.62109375,89,1162.3539834022522
2026-02-15T02:47:21,Spotify,12.8,28.4,1841215.0918992502,31134.68344500009,66022.82815404632,655403.536406129,0.0,1625.85546875,52.078,49.0,1815.0,100.1,39.9296875,3,1095.4704983234406,20.2,80.85546875,148,38717.279968976974,18.3,276.09765625,91,1164.3178262710571,13.9,4.12890625,401,1771112840.225849,9.6,6.1484375,11,38717.28073501587
2026-02-15T02:47:23,Spotify,7.4,28.4,486149.0460550554,8074.539593811897,49603.770793031166,2233719.803523685,0.0,1625.85546875,51.991,49.0,1815.0,98.5,39.93359375,3,1097.1052615642548,18.9,80.875,148,38718.93076348305,8.6,16.0234375,13,38716.612562417984,7.7,66.77734375,37,38688.746280670166,5.7,317.7109375,39,1166.7516763210297
2026-02-15T02:47:25,Spotify,6.8,28.3,405.2067861653247,2887.7859195040105,20026.87174821321,617703.8254839513,0.0,1619.79296875,51.816,49.0,1815.0,99.9,39.93359375,3,1098.763156414032,17.1,80.87109375,148,38720.57325267792,6.6,318.2578125,39,1168.4089012145996,5.7,198.2578125,101,1168.691598892212,5.6,66.78515625,37,38690.41106367111
2026-02-15T02:47:26,Spotify,6.6,28.3,3655916.095395576,16991.281268681993,474823.65541511326,4692284.02704818,1.0,1619.79296875,51.823,48.0,1815.0,100.1,39.93359375,3,1100.418319940567,19.8,80.87109375,148,38722.22785258293,14.9,313.08984375,39,1170.0833933353424,10.3,154.859375,101,1170.3664009571075,8.4,66.79296875,37,38692.08351945877
2026-02-15T02:47:28,Spotify,7.4,28.2,0.0,320.12226276332893,26909.381849001024,34248.30417145585,0.0,1619.79296875,51.748,48.0,1815.0,100.5,39.93359375,3,1102.0812561511993,19.6,80.875,148,38723.90055704117,4.8,66.78125,37,38693.72163581848,3.8,154.69140625,101,1171.9955718517303,3.8,310.45703125,39,1171.7130143642426
2026-02-15T02:47:30,Spotify,7.4,28.2,188.3413962743356,1253.3598455650413,0.0,14448.913892681278,1.0,1619.79296875,51.706,48.0,1815.0,99.5,39.234375,3,1103.7145738601685,17.2,80.87890625,148,38725.5311934948,8.5,310.94140625,39,1173.3714277744293,6.6,66.78125,37,38695.37210559845,5.7,154.953125,100,1173.6537427902222
2026-02-15T02:47:31,Spotify,7.7,28.2,770.854540680135,569.9980758550294,0.0,86779.64356551829,0.0,1619.79296875,51.63,48.0,1815.0,98.8,39.23828125,3,1105.3593754768372,17.9,80.8359375,148,38727.1861436367,8.5,16.0234375,13,38724.8730096817,6.7,155.00390625,100,1175.278846025467,3.8,275.59375,91,1174.225195646286
2026-02-15T02:47:33,Spotify,6.8,28.2,882.0866064619836,1066.3665381740973,0.0,3145.0441678867383,1.0,1619.79296875,51.54,47.0,1815.0,100.5,39.9375,3,1106.9930093288422,21.1,80.890625,148,38728.8169336319,7.6,66.78125,37,38698.64073753357,7.6,309.4609375,39,1176.6391339302063,5.7,16.0625,14,38726.508766412735
2026-02-15T02:47:35,Spotify,7.1,28.2,1061.9937299081405,40.236272200882475,0.0,5930.58266621492,0.0,1619.79296875,51.468,47.0,1815.0,99.5,39.9375,3,1108.6252403259277,20.8,300.97265625,39,1178.2922925949097,20.0,80.859375,148,38730.45396900177,9.4,66.78515625,37,38700.297951221466,8.5,155.57421875,100,1178.5748529434204
2026-02-15T02:47:36,Spotify,7.4,28.1,1843.2301088306274,724.9473638802008,0.0,17040.498970673165,1.0,1619.79296875,51.559,47.0,1815.0,99.0,39.921875,3,1110.2817182540894,31.6,299.515625,39,1179.925455570221,19.9,80.84375,148,38732.10560178757,5.7,16.0234375,13,38729.79569244385,5.7,66.78515625,37,38701.92997217178
2026-02-15T02:47:38,Spotify,8.2,28.1,1468.8112154825976,0.0,0.0,10971.695281970884,0.0,1619.79296875,51.398,47.0,1815.0,100.2,39.9296875,3,1111.9186034202576,20.1,80.87890625,148,38733.740483284,6.7,66.7890625,37,38703.561358213425,6.7,155.57421875,100,1181.842278957367,4.8,16.05859375,14,38731.42805671692
2026-02-15T02:47:39,Spotify,6.9,28.1,3832.6106115050293,290.1179347354405,0.0,19701.14547963446,0.0,1619.79296875,51.33,47.0,1815.0,97.9,39.9375,3,1113.5777916908264,18.1,80.8359375,148,38735.38005065918,9.4,66.79296875,37,38705.22470641136,9.4,155.39453125,100,1183.5073654651642,6.6,298.17578125,39,1183.2256026268005
2026-02-15T02:47:41,Spotify,7.0,28.1,1015.9894897645316,865.6951865449264,0.0,56327.900137856544,0.0,1619.79296875,51.266,48.0,1815.0,97.2,39.9375,3,1115.2336332798004,19.7,80.8671875,148,38737.04655814171,11.4,66.796875,37,38706.874634981155,7.5,155.55859375,100,1185.1635718345642,3.8,16.0234375,13,38734.739028930664
2026-02-15T02:47:43,Spotify,7.3,28.1,95.17225674994873,56.6214692056657,0.0,67232.5734772296,0.0,1619.79296875,51.391,48.0,1815.0,100.8,39.9375,3,1116.8637206554413,17.0,80.875,148,38738.70455121994,7.7,155.03125,100,1186.7919962406158,5.8,297.10546875,39,1186.5094850063324,5.7,66.80859375,37,38708.51444482803
2026-02-15T02:47:44,Spotify,6.7,28.1,196.35012696149008,189.57943292833525,0.0,6302.900627227769,0.0,1619.79296875,51.444,48.0,1815.0,98.5,39.93359375,3,1118.4958877563477,18.2,80.8515625,148,38740.3288872242,6.7,155.3515625,100,1188.4178285598755,6.7,297.12890625,39,1188.1355838775635,5.8,66.80859375,37,38710.14177155495
2026-02-15T02:47:46,Spotify,6.5,28.1,777.6123821887816,431.8701679561113,0.0,32443.169768281317,0.0,1619.54296875,51.296,48.0,1815.0,100.0,39.93359375,3,1120.1222968101501,16.4,80.87109375,148,38741.95127463341,7.7,66.8125,37,38711.76678442955,7.6,297.52734375,39,1189.771330356598,6.7,16.0625,14,38739.63164615631
2026-02-15T02:47:48,Spotify,7.9,28.1,5316.443281606946,3170.064524852883,0.0,13768.115214167294,0.0,1619.54296875,51.493,48.0,1815.0,99.6,39.93359375,3,1121.767091035843,21.0,80.85546875,148,38743.59002113342,8.6,297.453125,39,1191.4149658679962,6.6,66.8125,37,38713.4170191288,2.8,275.43359375,91,1190.6355118751526
2026-02-15T02:47:49,Spotify,7.0,28.1,4296.663688700626,2493.1483877203236,9972.593550881295,42695.16613971054,0.0,1619.54296875,51.466,49.0,1815.0,97.6,39.93359375,3,1123.4161977767944,19.0,80.8359375,148,38745.230345249176,9.5,156.5234375,100,1193.338786125183,5.7,266.87109375,95,38715.171545505524,4.8,4.12890625,401,1771112868.1767752
2026-02-15T02:47:51,Spotify,6.7,28.1,518.9883944771125,482.4399159928088,0.0,69237.43764066492,0.0,1619.54296875,51.629,49.0,1815.0,99.1,39.9375,3,1125.0721600055695,21.9,80.875,148,38746.87436366081,7.5,155.99609375,100,1195.0095858573914,4.7,66.82421875,37,38716.72791099548,4.7,297.98046875,39,1194.7279195785522
2026-02-15T02:47:53,Spotify,7.1,28.1,29.921011117054295,0.0,0.0,8885.343461320444,0.0,1619.54296875,51.578,49.0,1815.0,99.3,39.9375,3,1126.724491596222,17.8,80.875,148,38748.54656934738,6.7,66.82421875,37,38718.371505498886,5.7,155.44921875,100,1196.6525404453278,4.8,299.01953125,39,1196.3701252937317
2026-02-15T02:47:54,Spotify,7.1,28.1,0.0,85.26522058141276,0.0,9354.812772360714,0.0,1619.54296875,51.529,49.0,1815.0,99.9,39.9375,3,1128.3664782047272,17.2,80.8828125,148,38750.185624837875,10.4,155.65234375,100,1198.3060476779938,8.5,299.37890625,39,1198.0243446826935,6.7,16.0234375,13,38747.87485456467
2026-02-15T02:47:56,Spotify,7.5,28.1,892.1604991539251,743.4670826282709,0.0,89438.48559539836,0.0,1619.54296875,51.693,49.0,1815.0,95.1,39.9375,3,1130.0094537734985,18.9,80.875,148,38751.83785367012,7.6,16.0234375,13,38749.51756811142,3.8,66.82421875,37,38721.65901994705,3.8,155.3828125,100,1199.9468955993652
2026-02-15T02:47:58,Spotify,6.7,28.1,0.0,0.0,0.0,11852.985350292845,0.0,1619.54296875,51.577,49.0,1815.0,98.5,39.9375,3,1131.6590230464935,17.1,80.859375,148,38753.47979736328,15.1,299.65234375,39,1201.3243446350098,8.4,66.82421875,37,38723.32903456688,3.8,155.484375,100,1201.607569694519
2026-02-15T02:47:59,Spotify,7.2,28.1,4126.228463013154,3817.635273842436,0.0,104613.09112887338,0.0,1619.54296875,51.644,50.0,1815.0,99.5,39.9375,3,1133.3238356113434,19.8,80.88671875,148,38755.14173293114,5.7,155.3125,100,1203.2442622184753,4.7,16.0234375,13,38752.831377744675,3.8,4.12890625,401,1771112878.0870254
2026-02-15T02:48:01,Spotify,7.2,28.1,558.3563672696263,503.37598099581186,0.0,40348.27280680993,0.0,1619.54296875,51.709,50.0,1815.0,97.1,39.9375,3,1134.9649968147278,16.2,80.8671875,148,38756.77657699585,14.2,155.46875,100,1204.8897042274475,7.6,97.734375,33,38749.876079559326,5.7,297.74609375,39,1204.6074872016907
2026-02-15T02:48:02,Spotify,7.5,28.2,0.0,0.0,0.0,17095.06027913593,0.0,1619.54296875,51.61,50.0,1815.0,100.3,39.9375,3,1136.5852122306824,18.0,80.85546875,148,38758.42602348328,8.6,66.83203125,37,38728.2441174984,4.8,155.6328125,100,1206.526808977127,2.9,16.0234375,13,38756.10062789917
2026-02-15T02:48:04,Spotify,7.0,28.1,25.694064603604854,25.694064603604854,0.0,24431.384857370558,0.0,1619.54296875,51.697,50.0,1815.0,99.1,39.23828125,3,1138.2398481369019,20.1,80.875,148,38760.060245752335,7.6,16.05859375,14,38757.751363515854,6.6,155.37109375,100,1208.1882128715515,5.7,66.83984375,37,38729.8964073658
2026-02-15T02:48:06,Spotify,6.8,28.1,1675.138063305667,921.7468237787464,0.0,16623.91140498029,0.0,1619.54296875,51.706,50.0,1815.0,98.3,39.9375,3,1139.8932201862335,16.9,80.8671875,148,38761.72195982933,5.7,66.84765625,37,38731.54021811485,4.8,155.49609375,100,1209.815110206604,3.8,4.12890625,401,1771112884.6682942
2026-02-15T02:48:07,Spotify,6.0,28.2,47.952285121375866,33.8125087394317,0.0,4721.455765797008,0.0,1619.54296875,51.854,50.0,1815.0,99.8,39.9296875,3,1141.5220823287964,15.4,80.8359375,148,38763.35007119179,7.7,66.859375,37,38733.16602945328,6.7,155.3515625,100,1211.4478516578674,4.8,266.875,95,38733.2770318985
2026-02-15T02:48:09,Spotify,6.6,28.1,40.460026761513404,95.01975981870572,0.0,7532.921346143587,0.0,1619.41796875,51.807,51.0,1815.0,99.2,39.23046875,3,1143.175622701645,20.1,80.8671875,148,38764.98061919212,6.6,155.484375,100,1213.1090631484985,5.6,296.91015625,39,1212.8265063762665,4.7,66.86328125,37,38734.81924533844
2026-02-15T02:48:11,Spotify,7.2,28.1,1444.84361909476,1870.894965333448,0.0,18178.190772850692,0.0,1619.41796875,51.683,51.0,1815.0,98.5,39.9296875,3,1144.8257477283478,17.9,80.86328125,148,38766.6442220211,5.7,154.94140625,100,1214.7623982429504,4.7,22.0625,36,38766.656322956085,4.7,66.84765625,37,38736.47821331024
2026-02-15T02:48:12,Spotify,6.1,28.1,0.0,145.69000459196513,0.0,117306.44817867904,0.0,1619.41796875,51.79,51.0,1815.0,100.6,39.9296875,3,1146.4715974330902,18.0,80.87890625,148,38768.295137405396,10.5,155.40625,100,1216.403732061386,7.6,16.0234375,13,38765.98005247116,6.6,66.84765625,37,38738.126046180725
2026-02-15T02:48:14,Spotify,7.5,28.1,40.21144383866212,252.84468474310273,0.0,16532.99606069599,0.0,1617.91796875,51.647,51.0,1815.0,98.7,39.9296875,3,1148.1192154884338,15.2,80.87109375,148,38769.9368519783,6.6,16.0234375,13,38767.62805557251,3.8,142.9765625,277,38764.86316180229,3.8,6.0390625,4,38757.864684820175
2026-02-15T02:48:16,Spotify,7.5,28.1,1117.8516302102714,1101.2681170148442,0.0,69812.90532759356,0.0,1617.91796875,51.848,51.0,1815.0,100.4,39.9296875,3,1149.75221657753,17.2,80.8359375,148,38771.56987977028,9.5,66.84765625,37,38741.40252017975,6.6,296.91796875,39,1219.397639989853,5.7,16.0625,14,38769.26335477829
2026-02-15T02:48:17,Spotify,7.5,28.1,445.40980688322134,0.0,0.0,92586.98459811223,0.0,1617.91796875,51.95,51.0,1815.0,98.0,39.9296875,3,1151.3936128616333,18.0,80.88671875,148,38773.21924376488,5.7,16.0234375,13,38770.91264414787,5.7,156.4609375,100,1221.3112223148346,4.8,66.84765625,37,38743.03399062157
2026-02-15T02:48:19,Spotify,6.8,28.1,315.2883327629728,181.56682198023336,0.0,10992.153546911424,0.0,1617.91796875,51.809,51.0,1815.0,99.6,39.9296875,3,1153.009390592575,19.2,80.85546875,148,38774.843265771866,7.7,66.84765625,37,38744.663924217224,6.7,296.49609375,39,1222.6617755889893,5.7,155.9453125,100,1222.9444720745087
2026-02-15T02:48:21,Spotify,7.3,28.1,783.8156326037083,658.8950161574923,0.0,12227.523868617849,1.0,1615.60546875,51.885,52.0,1815.0,99.2,39.92578125,3,1154.663430929184,17.2,80.84375,148,38776.47572875023,5.7,66.84765625,37,38746.306169748306,4.8,297.0078125,39,1224.3040027618408,3.8,4.12890625,401,1771112899.4229324
2026-02-15T02:48:22,Spotify,7.2,28.1,375.62519656604167,194.8137162092923,0.0,45508.48410649068,0.0,1615.60546875,51.941,52.0,1815.0,97.2,39.9296875,3,1156.3195898532867,17.1,80.859375,148,38778.12408423424,14.1,297.44921875,39,1225.967270374298,6.6,266.59375,95,38748.07248997688,6.6,66.84765625,37,38747.961852788925
2026-02-15T02:48:24,Spotify,7.5,28.2,3299.5278348021448,2845.684964465905,0.0,10464.234022269218,0.0,1615.60546875,51.806,52.0,1815.0,98.7,39.9296875,3,1157.966035604477,19.8,80.84765625,148,38779.781700372696,6.6,266.59375,95,38749.71996116638,5.7,155.21484375,100,1227.892320394516,4.7,275.48828125,88,1226.8160200119019
2026-02-15T02:48:25,Spotify,7.0,28.1,1031.5891650816554,663.3818229728639,0.0,44248.17619946707,0.0,1615.60546875,51.88,52.0,1815.0,100.1,39.23046875,3,1159.6053755283356,16.2,80.875,148,38781.4273993969,9.6,155.42578125,100,1229.5247201919556,7.6,66.8203125,37,38751.244757175446,5.7,297.97265625,39,1229.2466294765472
2026-02-15T02:48:27,Spotify,7.5,28.1,0.0,0.0,0.0,41617.020853875416,0.0,1615.60546875,51.853,52.0,1815.0,100.4,39.92578125,3,1161.2394671440125,21.0,80.875,148,38783.06354594231,6.6,66.91796875,37,38752.901460170746,6.6,155.1640625,100,1231.1831321716309,5.8,16.0234375,13,38780.74312710762
2026-02-15T02:48:29,Spotify,6.6,28.1,277.98422876148186,32.63293120243483,0.0,10829.298650882076,0.0,1615.60546875,53.341,52.0,1815.0,97.9,39.9375,3,1162.8995666503906,17.0,80.84765625,148,38784.7202796936,6.6,66.93359375,37,38754.555869579315,4.7,16.0625,13,38782.40602517128,4.7,155.25390625,100,1232.832233428955
2026-02-15T02:48:30,Spotify,7.1,28.1,587.6810586603241,587.6810586603241,0.0,36368.22948139262,5.0,1615.60546875,52.256,52.0,1815.0,99.5,39.9375,3,1164.5480861663818,20.9,80.87109375,148,38786.36443209648,8.5,66.93359375,37,38756.20176076889,6.6,297.4375,39,1234.1965265274048,4.7,16.0546875,13,38784.060992240906
2026-02-15T02:48:32,Spotify,6.8,28.1,0.0,0.0,0.0,128926.07007011757,0.0,1615.60546875,52.239,52.0,1815.0,98.4,39.93359375,3,1166.1831703186035,18.9,80.8671875,148,38788.014380931854,8.6,155.30078125,100,1236.116863489151,6.7,66.94140625,37,38757.83240914345,4.8,16.0234375,13,38785.69231104851
2026-02-15T02:48:34,Spotify,7.1,28.1,1276.2309421503767,0.0,0.0,87499.02815240459,0.0,1615.60546875,52.328,51.0,1815.0,98.9,39.93359375,3,1167.8264620304108,18.2,80.84375,148,38789.64943528175,6.7,155.37890625,100,1237.748982667923,5.7,66.9453125,37,38759.46827030182,5.7,297.7109375,39,1237.4666216373444
2026-02-15T02:48:35,Spotify,7.3,28.1,3168.8627209324486,431.5881902759613,0.0,24168.938655453832,0.0,1615.60546875,52.231,51.0,1815.0,100.4,39.93359375,3,1169.5379514694214,20.0,148.76953125,23,1620.7376825809479,18.2,80.86328125,148,38791.28348493576,7.3,273.1484375,34,1621.4223802089691,6.3,66.95703125,37,38761.19686412811
2026-02-15T02:48:37,Spotify,8.2,28.2,5304.836779211893,2481.4532605562017,0.0,88570.92952950053,1.0,1615.60546875,52.304,51.0,1815.0,97.2,39.23046875,3,1171.1946759223938,19.0,80.8671875,148,38793.00948166847,8.6,66.96484375,37,38762.832933187485,8.6,155.31640625,100,1241.110922574997,6.7,297.63671875,39,1240.828821182251
2026-02-15T02:48:39,Spotify,6.9,28.1,5028.724687628856,3410.010217776316,0.0,21620.395006030456,0.0,1615.60546875,52.273,51.0,1815.0,100.0,39.92578125,3,1172.850558757782,18.2,80.83203125,148,38794.64850616455,6.6,145.90625,23,1624.0477366447449,3.7,297.09375,39,1242.5021862983704,2.8,273.60546875,87,1241.703045129776
2026-02-15T02:48:40,Spotify,6.6,28.1,1661.5794157450803,1282.643678485231,0.0,113838.51145340683,0.0,1615.60546875,52.077,50.0,1815.0,100.2,39.92578125,3,1174.4886531829834,18.7,80.87890625,148,38796.316613674164,5.7,266.87109375,95,38766.24844312668,4.8,66.87890625,37,38766.13720417023,4.7,296.58984375,39,1244.147096157074
2026-02-15T02:48:42,Spotify,6.7,28.1,143.45764527638173,90.5728353651732,0.0,23964.721217695223,4.0,1615.60546875,52.052,50.0,1815.0,98.8,39.921875,3,1176.1332018375397,18.1,80.859375,148,38797.96093964577,7.6,66.87890625,37,38767.77715921402,3.8,16.9609375,6,38794.012649297714,3.8,155.40625,100,1246.0550949573517
2026-02-15T02:48:44,Spotify,7.5,28.1,0.0,0.0,0.0,31456.531985787253,1.0,1613.94921875,52.002,50.0,1815.0,99.5,39.9296875,3,1177.7669548988342,20.1,80.87109375,148,38799.59138202667,8.6,16.0625,14,38797.27896499634,8.6,66.87890625,37,38769.41291928291,8.6,298.44921875,39,1247.4056985378265
2026-02-15T02:48:45,Spotify,7.3,28.1,1196.0554275096251,1138.4289743133643,0.0,11299.689205462537,0.0,1613.94921875,52.008,49.0,1815.0,99.7,39.9375,3,1179.396960735321,18.2,80.8671875,148,38801.219663619995,6.7,156.3046875,100,1249.3268699645996,4.8,66.87890625,37,38771.0529897213,3.8,16.0625,14,38798.9104912281
2026-02-15T02:48:47,Spotify,7.8,28.1,125.71289659632636,106.18467964932421,0.0,51866.944211237715,4.0,1613.94921875,51.979,49.0,1815.0,98.1,39.9375,3,1181.0699529647827,18.1,80.85546875,148,38802.86362361908,17.9,298.6875,39,1250.7065904140472,7.5,16.0546875,14,38800.5712351799,6.6,66.8828125,37,38772.70761966705
2026-02-15T02:48:49,Spotify,7.0,28.1,0.0,32.494546543863294,0.0,61927.38470226036,0.0,1613.94921875,51.986,49.0,1815.0,98.2,39.9375,3,1182.692988395691,17.9,80.87109375,148,38804.523915052414,5.8,155.30078125,100,1252.6185898780823,3.8,66.88671875,37,38774.34595370293,2.9,16.0234375,13,38802.204473257065
2026-02-15T02:48:50,Spotify,6.8,28.1,1227.0503149244755,1194.533481578977,0.0,6910.747373654646,0.0,1613.94921875,51.997,49.0,1815.0,99.5,39.9375,3,1184.3258130550385,18.2,80.8671875,148,38806.1501891613,5.8,4.12890625,401,1771112929.0976012,5.7,297.23828125,39,1253.9674906730652,4.8,155.4375,100,1254.2496695518494
2026-02-15T02:48:52,Spotify,7.1,28.1,2379.7474722090283,2504.835976288039,0.0,44894.50938553368,4.0,1613.94921875,51.901,48.0,1815.0,100.6,39.93359375,3,1185.9567258358002,21.1,80.828125,148,38807.782950401306,8.6,155.19140625,100,1255.8918542861938,6.7,66.89453125,37,38777.608105421066,5.7,16.0234375,13,38805.462698698044
2026-02-15T02:48:53,Spotify,7.3,28.1,290.6545596197977,85.73701444851773,0.0,7160.560866281878,0.0,1613.94921875,51.866,48.0,1815.0,96.5,39.93359375,3,1187.5911917686462,16.1,80.87109375,148,38809.42697811127,7.6,66.91015625,37,38779.24853038788,4.8,4.12890625,401,1771112932.3738358,4.8,155.3203125,100,1257.525873184204
2026-02-15T02:48:55,Spotify,7.4,28.1,906.0108997393287,733.3790931673755,0.0,8462.63153918681,0.0,1613.94921875,51.964,48.0,1815.0,98.2,39.93359375,3,1189.2304389476776,18.2,80.85546875,148,38811.05937218666,8.6,155.1875,100,1259.1519677639008,6.7,16.0234375,13,38808.730095624924,4.8,4.12890625,401,1771112934.0063527
2026-02-15T02:48:57,Spotify,6.4,28.1,283.0552861427776,0.0,0.0,21738.64597576532,5.0,1613.94921875,51.689,48.0,1815.0,99.7,39.94140625,3,1190.8752930164337,18.2,80.890625,148,38812.687410354614,8.5,66.91015625,37,38782.52372550964,4.7,297.2421875,39,1260.519784450531,3.8,155.296875,100,1260.8006150722504
2026-02-15T02:48:58,Spotify,6.3,28.1,328.44373014510796,2402.12351714983,0.0,12100.303327559992,0.0,1613.94921875,51.648,48.0,1815.0,100.5,39.94140625,3,1192.5082998275757,19.9,80.875,148,38814.33543801308,9.6,297.27734375,39,1262.1472280025482,6.7,66.91015625,37,38784.14803647995,6.7,155.44140625,100,1262.4289655685425
2026-02-15T02:49:00,Spotify,8.7,28.1,635.6951039471663,910.5072040094326,0.0,47530.812259538994,0.0,1613.94921875,51.694,47.0,1815.0,99.0,39.9375,3,1194.134693145752,16.3,80.8359375,148,38815.963129520416,7.7,16.0234375,13,38813.64728832245,6.7,66.90234375,37,38785.77185320854,5.8,155.2109375,100,1264.0433509349823
2026-02-15T02:49:02,Spotify,7.4,28.1,0.0,149.06289833397062,0.0,50669.01506854305,1.0,1613.94921875,51.519,47.0,1815.0,99.7,39.9375,3,1195.7500910758972,37.5,21.0390625,7,38708.92278909683,18.3,80.875,148,38817.58101415634,7.7,155.1953125,100,1266.072304725647,6.4,66.90234375,37,38787.7351167202
2026-02-15T02:49:04,Spotify,14.5,28.4,0.0,118.60167654693986,23704303.906005427,266077.2019169588,0.0,1613.94921875,51.217,47.0,1815.0,99.5,39.24609375,3,1198.1988208293915,59.2,21.765625,7,38711.13857293129,20.2,33.75,6,38819.84222769737,16.9,80.87109375,148,38819.62125992775,8.4,16.0234375,13,38817.673696517944
2026-02-15T02:49:06,Spotify,14.9,28.5,5673.249095064839,1772.4642690661599,22200516.728621308,420708.483081402,0.0,1613.94921875,50.984,47.0,1815.0,100.1,39.95703125,3,1200.150447845459,71.8,46.5703125,17,4.735672473907471,22.8,80.83203125,148,38821.81745290756,9.3,155.28515625,100,1270.1115152835846,7.8,54.375,31,3.7352852821350098
2026-02-15T02:49:08,Spotify,10.8,28.4,3867.0129000059037,1069.0190809607293,29042.41225663108,386766.7401484043,0.0,1613.94921875,51.259,48.0,1815.0,100.4,39.9453125,3,1201.86097073555,21.4,80.87890625,148,38823.64530992508,10.3,14.9140625,11,38823.84752368927,8.3,66.91015625,37,38793.5244705677,5.1,4.12890625,401,1771112946.5917249
2026-02-15T02:49:09,Spotify,6.8,28.3,1455.590898015574,1439.1169509078798,19279.22495803328,202130.62416938017,0.0,1613.94921875,51.325,48.0,1815.0,97.9,39.9453125,3,1203.5687959194183,17.4,80.87109375,148,38825.34837770462,8.3,66.9140625,37,38795.22070860863,6.5,155.22265625,99,1273.5060768127441,4.6,266.59375,95,38795.33134794235
2026-02-15T02:49:11,Spotify,8.1,28.3,0.0,0.0,0.0,98094.87770320963,0.0,1613.94921875,51.388,48.0,1815.0,98.6,39.94140625,3,1205.2487139701843,20.5,80.8671875,148,38827.028899908066,17.6,298.6171875,39,1274.8992760181427,6.5,266.58984375,95,38797.01511311531,6.5,156.0234375,99,1275.1900885105133
2026-02-15T02:49:13,Spotify,7.1,28.3,218.5248697950402,137.76567878382969,0.0,73272.33895040651,0.0,1613.94921875,51.221,48.0,1815.0,99.5,39.92578125,2,1206.929693698883,17.6,80.87890625,148,38828.71805810928,9.3,66.87890625,37,38798.589419841766,8.4,156.1953125,99,1276.8694310188293,5.6,297.0546875,39,1276.578640460968
2026-02-15T02:49:14,Spotify,6.6,28.3,1005.1538594226912,995.6263346888269,0.0,46646.761096999966,0.0,1613.94921875,51.345,48.0,1815.0,98.8,39.92578125,2,1208.5904314517975,17.7,80.875,148,38830.39389395714,11.3,156.32421875,99,1278.5331432819366,4.7,16.05859375,14,38828.09103822708,3.8,66.87890625,37,38800.24591374397
2026-02-15T02:49:16,Spotify,6.8,28.3,0.0,0.0,49226.642085632375,165524.58401293887,0.0,1613.94921875,51.385,49.0,1815.0,99.4,39.92578125,2,1210.2726447582245,15.9,80.8515625,148,38832.06155490875,7.3,297.16796875,39,1279.944568157196,5.5,66.88671875,37,38801.94139409065,5.5,156.125,99,1280.2352674007416
2026-02-15T02:49:18,Spotify,7.0,28.3,697.8666039970902,312.5126543151953,67371.14905658105,203316.50340289637,0.0,1613.94921875,51.301,49.0,1815.0,98.2,39.94140625,2,1211.9756891727448,19.3,80.88671875,148,38833.760946035385,5.5,66.90234375,37,38803.63842368126,3.7,16.0234375,14,38831.46780228615,2.8,266.890625,94,38803.74942135811
2026-02-15T02:49:20,Spotify,6.0,28.3,1976.8023481983018,1189.1517112519055,0.0,51089.8308198634,0.0,1613.94921875,51.373,49.0,1815.0,98.1,39.94140625,2,1213.712807416916,17.5,80.84765625,148,38835.456518411636,10.8,156.07421875,99,1283.6709263324738,9.9,299.76953125,39,1283.3800637722015,7.2,66.8984375,37,38805.382707595825
2026-02-15T02:49:21,Spotify,8.4,28.3,3073.8485804260927,1611.2869636980415,0.0,30282.54786798999,1.0,1613.94921875,51.509,49.0,1815.0,100.2,39.94140625,2,1215.3975291252136,17.1,80.86328125,148,38837.1948120594,7.3,273.515625,86,1284.2318232059479,7.3,6.19921875,12,38837.19321680069,4.7,66.90234375,37,38807.05384516716
2026-02-15T02:49:23,Spotify,6.3,28.3,0.0,51.78700247399094,0.0,52721.57721631226,0.0,1613.94921875,51.471,49.0,1815.0,99.0,39.94140625,2,1217.086905002594,15.0,80.8671875,148,38838.85764527321,9.2,155.7421875,99,1287.021372795105,5.5,66.89453125,37,38808.745027542114,3.8,4.1328125,401,1771112961.8032794
2026-02-15T02:49:25,Spotify,7.2,28.3,619.1621723081126,605.5477077162517,0.0,39702.14648283913,6.0,1613.94921875,51.487,50.0,1815.0,97.8,39.94140625,2,1218.7490384578705,20.3,80.86328125,148,38840.55019283295,5.6,16.05859375,14,38838.252895355225,5.6,66.8984375,37,38810.410910367966,5.6,156.17578125,99,1288.6915402412415
2026-02-15T02:49:26,Spotify,6.6,28.3,179.59227714980224,170.01402236847946,0.0,12873.174426097825,0.0,1613.94921875,51.519,50.0,1815.0,99.0,39.94140625,2,1220.4214072227478,18.7,80.84375,148,38842.216636419296,7.4,299.31640625,39,1290.0854578018188,5.6,66.8984375,37,38812.082948207855,4.7,16.05859375,14,38839.91753697395
2026-02-15T02:49:28,Spotify,6.6,28.3,237.46419753505796,0.0,0.0,15805.616987933457,0.0,1613.94921875,51.65,50.0,1815.0,97.5,39.9375,2,1222.1202464103699,16.7,80.87109375,148,38843.902483940125,8.3,156.15234375,99,1292.0672426223755,5.5,299.53125,39,1291.7769756317139,4.6,16.0234375,13,38841.60765981674
2026-02-15T02:49:30,Spotify,7.7,28.3,4181.649768985561,3355.8344875839775,0.0,13307.558411598635,0.0,1613.94921875,51.624,50.0,1815.0,99.7,39.94140625,2,1223.7975447177887,18.5,80.87109375,148,38845.59663462639,7.5,299.5703125,39,1293.4539155960083,6.5,266.8515625,94,38815.57195186615,6.5,156.2734375,99,1293.7448210716248
2026-02-15T02:49:31,Spotify,7.1,28.3,3865.1118782889507,32.22418425623025,0.0,16193.249332908596,0.0,1613.94921875,51.683,50.0,1815.0,98.5,39.953125,2,1225.4791812896729,16.8,80.8515625,148,38847.27009963989,6.5,66.890625,37,38817.139687776566,6.5,156.0,99,1295.424931526184,5.6,16.0625,14,38844.9754076004
2026-02-15T02:49:33,Spotify,6.7,28.3,1223.622626270538,418.9836230031414,0.0,42964.8660679585,0.0,1613.94921875,51.802,50.0,1815.0,96.9,39.953125,2,1227.1715514659882,19.5,80.8828125,148,38848.95113873482,15.7,300.94921875,39,1296.8247079849243,8.3,66.8984375,37,38818.8281724453,3.7,16.0234375,13,38846.66813850403
2026-02-15T02:49:35,Spotify,7.4,28.3,39.02579665690214,70.95599392164024,0.0,6357.657055378966,0.0,1613.94921875,51.641,51.0,1815.0,99.0,39.953125,2,1228.8603749275208,19.4,80.875,148,38850.6409034729,7.4,66.9140625,37,38820.525277137756,5.5,266.859375,94,38820.63594484329,4.6,4.1328125,401,1771112973.5871747
2026-02-15T02:49:36,Spotify,7.4,28.3,230.28009848763202,162.37699252333027,0.0,17534.353345355696,0.0,1613.94921875,51.785,51.0,1815.0,99.4,39.9609375,3,1230.5418791770935,18.4,80.8515625,148,38852.33629775047,10.2,66.9296875,37,38822.20555305481,9.3,266.890625,94,38822.3165678978,9.3,299.68359375,39,1300.1974575519562
2026-02-15T02:49:38,Spotify,7.1,28.3,1677.1012631123374,1274.5016701208815,29273.04022886989,340299.0926606125,0.0,1613.94921875,51.757,51.0,1815.0,100.5,39.9609375,3,1232.2217962741852,18.6,80.890625,148,38854.01604580879,3.7,16.0234375,13,38851.71282196045,3.7,156.29296875,99,1302.1593418121338,3.7,297.81640625,39,1301.8685455322266
2026-02-15T02:49:40,Spotify,6.4,28.3,305.3142791813031,64.65478853251125,0.0,4291.162261120746,0.0,1613.94921875,51.757,51.0,1815.0,97.4,39.95703125,3,1233.890017747879,18.7,80.87890625,148,38855.683252096176,6.6,16.0234375,13,38853.38248419762,6.5,66.9453125,37,38825.54805183411,4.7,298.05859375,39,1303.5462591648102
2026-02-15T02:49:42,Spotify,6.7,28.3,46.48488766667983,32.77780540599219,0.0,8543.683969096437,0.0,1613.94921875,51.731,51.0,1815.0,99.0,39.95703125,3,1235.594999551773,18.6,80.85546875,148,38857.36213183403,7.3,156.20703125,99,1305.5459599494934,5.5,16.05859375,14,38855.092010974884,5.5,297.7109375,39,1305.255235671997
2026-02-15T02:49:43,Spotify,6.8,28.3,575.6141026737106,411.8214718315978,0.0,54510.18754425513,0.0,1613.94921875,51.691,51.0,1815.0,100.9,39.9609375,3,1237.2830860614777,18.2,80.87890625,148,38859.07661318779,11.9,155.99609375,99,1307.2467608451843,8.3,66.9453125,37,38828.94976568222,5.6,16.0234375,13,38856.779635190964
2026-02-15T02:49:45,Spotify,7.1,28.3,0.0,0.0,0.0,17161.28922819561,0.0,1613.94921875,51.944,51.0,1815.0,95.5,39.95703125,3,1239.0006577968597,21.2,80.859375,148,38860.77440738678,4.6,156.30078125,99,1308.9451460838318,3.7,16.0625,14,38858.48857498169,3.7,66.9453125,37,38830.65683603287
2026-02-15T02:49:47,Spotify,6.3,28.3,257.862916297744,203.69992931282974,0.0,12057.151885337436,1.0,1613.94921875,51.825,52.0,1815.0,100.3,39.95703125,3,1240.6828708648682,17.5,80.8515625,148,38862.471174001694,8.3,297.625,39,1310.3421671390533,7.4,156.37109375,99,1310.6329581737518,5.5,16.0234375,13,38860.1751537323
2026-02-15T02:49:48,Spotify,7.2,28.3,1709.2365074659513,1734.128301263999,0.0,86481.20359550334,0.0,1613.94921875,51.947,52.0,1815.0,99.7,39.95703125,3,1242.3599786758423,18.5,80.83203125,148,38864.16171050072,5.6,156.1484375,99,1312.2998898029327,4.7,67.19140625,37,38834.02155661583,3.7,297.73046875,39,1312.0091698169708
2026-02-15T02:49:50,Spotify,6.7,28.3,0.0,144.50011128838787,9823.609225514303,46048.168244598295,1.0,1613.94921875,51.949,52.0,1815.0,97.5,39.953125,3,1244.0585515499115,18.8,80.86328125,148,38865.82672786713,7.4,67.18359375,37,38835.72076463699,5.5,266.59375,95,38835.8288731575,5.5,297.171875,39,1313.7120356559753
2026-02-15T02:49:52,Spotify,7.4,28.3,45.798261306331476,173.7985300855656,0.0,59523.647925521276,0.0,1613.94921875,52.033,52.0,1815.0,98.0,39.953125,3,1245.779316663742,18.3,80.86328125,148,38867.53222346306,6.3,66.9765625,37,38837.45217394829,5.4,16.0234375,13,38865.27621841431,5.4,156.1171875,99,1315.7297196388245
2026-02-15T02:49:53,Spotify,6.6,28.3,623.3665689894866,652.9127539508843,0.0,61400.44837154438,0.0,1613.94921875,51.915,52.0,1815.0,97.4,39.94921875,3,1247.4800381660461,17.2,80.8359375,148,38869.256977796555,11.0,156.328125,99,1317.4285142421722,7.4,66.9765625,37,38839.134706020355,5.5,298.171875,39,1317.1375205516815
2026-02-15T02:49:55,Spotify,7.1,28.3,24.729906406921423,24.729906406921423,0.0,8742.610722142126,0.0,1613.94921875,53.958,52.0,1815.0,100.0,39.953125,3,1249.1674327850342,17.5,80.8515625,148,38870.957250118256,4.6,298.42578125,39,1318.8247504234314,3.7,66.91796875,37,38840.830612659454,3.7,156.0078125,99,1319.1154685020447
2026-02-15T02:49:57,Spotify,6.2,28.3,101.93963715370607,135.72195876859703,0.0,20937.927333524,0.0,1613.94921875,52.281,52.0,1815.0,100.0,39.953125,3,1250.855567932129,20.5,299.609375,39,1320.4982166290283,17.6,80.8515625,148,38872.64175271988,7.5,16.0234375,13,38870.33714222908,6.5,66.91796875,37,38842.506232738495
2026-02-15T02:49:58,Spotify,8.0,28.3,578.4237251263494,722.4321112373517,0.0,12237.725093582269,0.0,1613.94921875,52.246,52.0,1815.0,98.2,39.953125,3,1252.5103323459625,16.8,80.8359375,148,38874.31281995773,9.4,66.91796875,37,38844.165316581726,5.7,156.24609375,99,1322.4389538764954,3.8,298.30859375,39,1322.1481883525848
2026-02-15T02:50:00,Spotify,7.2,28.3,0.0,0.0,9922.696628278976,37520.19662567988,0.0,1613.94921875,52.288,51.0,1815.0,99.5,39.9453125,3,1254.1597764492035,18.9,80.859375,148,38875.96673846245,11.4,66.9140625,37,38845.81042551994,8.5,156.16796875,99,1324.0969460010529,6.6,266.59375,95,38845.9214887619
2026-02-15T02:50:02,Spotify,7.6,28.3,39.851592211994344,105.06328855889419,0.0,44827.003118461515,0.0,1613.94921875,52.293,51.0,1815.0,99.2,39.953125,3,1255.8293561935425,16.1,80.8671875,148,38877.62002158165,5.7,16.0625,14,38875.31532907486,4.7,66.9140625,37,38847.48546457291,3.7,156.28515625,99,1325.7688083648682
2026-02-15T02:50:03,Spotify,7.0,28.2,588.5526063718966,421.07828748558455,0.0,13168.266445003735,0.0,1613.94921875,52.242,51.0,1815.0,99.0,39.9609375,3,1257.5013451576233,18.7,80.83203125,148,38879.29515480995,6.6,156.078125,99,1327.437026977539,6.5,66.91796875,37,38849.15825462341,5.6,16.0234375,13,38877.00176048279
2026-02-15T02:50:05,Spotify,6.4,28.2,544.8882953884704,0.0,0.0,32190.3239121804,0.0,1613.94921875,52.138,51.0,1815.0,98.3,39.9609375,3,1259.1702315807343,17.8,80.859375,148,38880.964136362076,6.6,16.0234375,13,38878.669268369675,5.6,298.515625,39,1328.8198776245117,4.7,66.921875,37,38850.819870233536
2026-02-15T02:50:07,Spotify,7.2,28.2,82.49862059017875,32.87988501782486,0.0,26629.119967890736,0.0,1613.94921875,52.046,50.0,1815.0,97.5,39.2421875,3,1260.871173620224,17.7,80.859375,148,38882.638342142105,12.0,155.6953125,99,1330.8004279136658,5.5,266.859375,95,38852.627145290375,5.5,66.94140625,37,38852.51636362076
2026-02-15T02:50:08,Spotify,7.8,28.2,883.8721364524798,696.3303243671812,19386.025547038058,294122.35634646803,0.0,1613.94921875,52.008,50.0,1815.0,99.3,39.94921875,3,1262.5206365585327,18.5,80.83984375,148,38884.325414419174,9.4,66.9453125,37,38854.18137669563,8.4,16.0234375,13,38882.01991033554,7.5,297.63671875,39,1332.1764965057373
2026-02-15T02:50:10,Spotify,7.4,28.2,46.82796523268576,65.43907962003523,0.0,109735.93329604148,0.0,1613.94921875,51.955,50.0,1815.0,100.2,39.23828125,3,1264.1896715164185,18.7,80.87109375,148,38885.994473695755,7.6,297.6484375,39,1333.8275015354156,6.6,156.27734375,99,1334.118405342102,5.7,66.9453125,37,38855.83590888977
2026-02-15T02:50:12,Spotify,7.0,28.2,47.23659032708548,33.307852153714116,0.0,63253.42803183877,0.0,1613.94921875,51.911,49.0,1815.0,99.9,39.9453125,3,1265.8324007987976,18.9,80.8515625,148,38887.64563560486,9.5,156.11328125,99,1335.7627148628235,5.7,266.87109375,95,38857.59325957298,3.8,4.1328125,401,1771113010.5903306
2026-02-15T02:50:13,Spotify,6.8,28.2,1135.9953417427866,1064.235464694795,0.0,3425.013792663477,0.0,1613.94921875,51.98,49.0,1815.0,98.5,39.9453125,3,1267.4821090698242,18.1,80.87109375,148,38889.2896604538,7.5,156.5234375,100,1337.4244034290314,6.6,297.93359375,39,1337.1334583759308,5.7,66.953125,37,38859.14072751999
2026-02-15T02:50:15,Spotify,6.9,28.2,0.0,32.501116554772025,0.0,25269.01624880646,0.0,1613.94921875,51.937,49.0,1815.0,99.5,39.94921875,3,1269.1460349559784,17.9,80.85546875,148,38890.94784998894,8.5,66.953125,37,38860.80311131477,7.5,297.953125,39,1338.7934575080872,4.7,16.0234375,13,38888.64272689819
2026-02-15T02:50:17,Spotify,7.4,28.2,276.552656425387,0.0,0.0,10773.529572049858,0.0,1613.94921875,51.925,49.0,1815.0,99.2,39.9453125,3,1270.8149437904358,15.9,80.84765625,148,38892.61425328255,6.6,156.45703125,100,1340.7478740215302,6.6,297.26171875,39,1340.4573550224304,4.7,16.0234375,13,38890.316633462906
2026-02-15T02:50:18,Spotify,7.0,28.2,1205.6387516027091,1006.9070892506141,0.0,5858.3685192763005,0.0,1613.94921875,51.9,48.0,1815.0,98.9,39.94921875,3,1272.4580533504486,18.9,80.8671875,148,38894.27200603485,6.6,66.97265625,37,38864.11788511276,4.7,297.734375,39,1342.1038012504578,3.8,16.05859375,14,38891.95943117142
2026-02-15T02:50:20,Spotify,6.4,28.2,0.0,0.0,0.0,6212.075203275256,0.0,1613.94921875,51.868,48.0,1815.0,98.5,39.94921875,3,1274.1074721813202,18.9,80.8671875,148,38895.92151808739,7.7,66.984375,37,38865.749478816986,5.7,16.0234375,13,38893.606412649155,5.7,297.76953125,39,1343.7384173870087
2026-02-15T02:50:22,Spotify,8.1,28.2,568.9334278511767,363.7744414893423,0.0,50796.140193420884,0.0,1613.94921875,51.736,48.0,1815.0,100.3,39.94921875,3,1275.761304140091,21.6,298.015625,39,1345.4037036895752,20.1,80.86328125,148,38897.55762386322,9.4,156.37109375,100,1345.6947696208954,7.5,66.984375,37,38867.412283182144
2026-02-15T02:50:23,Spotify,8.1,28.2,832.7583086881712,845.3667618117845,0.0,6148.121904085705,0.0,1613.94921875,51.695,48.0,1815.0,98.7,39.94921875,3,1277.4051616191864,17.8,80.875,148,38899.22202849388,5.7,156.38671875,100,1347.3425016403198,4.7,66.9921875,37,38869.05976963043,2.8,4.1328125,397,1771113022.1669347
2026-02-15T02:50:25,Spotify,6.3,28.2,719.579789456294,288.31648129730297,0.0,7132.80437764084,0.0,1613.94921875,51.635,48.0,1815.0,100.7,39.94921875,3,1279.06471824646,18.0,80.84765625,148,38900.87407708168,3.8,66.99609375,37,38870.715765953064,3.8,156.49609375,100,1348.9961049556732,3.8,298.34765625,39,1348.705067873001
2026-02-15T02:50:27,Spotify,6.1,28.2,2434.1931760149414,139.44319563721956,0.0,46251.48916857481,0.0,1613.94921875,51.561,47.0,1815.0,99.1,39.94921875,3,1280.703979730606,16.1,80.8515625,148,38902.52227640152,8.6,66.99609375,37,38872.356153964996,4.7,156.546875,100,1350.64213681221,3.8,266.86328125,95,38872.46678876877
2026-02-15T02:50:28,Spotify,6.8,28.2,2357.0592306543936,587.8983084961229,0.0,38869.30965263623,0.0,1613.94921875,51.434,47.0,1815.0,98.2,39.953125,3,1282.3591046333313,21.9,80.890625,148,38904.16552019119,8.5,298.51953125,39,1352.0070106983185,6.6,67.0,37,38874.02017879486,5.7,16.0625,14,38901.859531879425
2026-02-15T02:50:30,Spotify,6.6,28.2,118.96827969970757,158.82567289859435,0.0,27209.31375710672,0.0,1613.94921875,51.394,47.0,1815.0,99.3,39.2421875,3,1284.0110654830933,17.9,80.875,148,38905.82212305069,8.6,156.48046875,100,1353.940911769867,3.8,16.0234375,13,38903.509481430054,3.8,266.87890625,95,38875.77663254738
2026-02-15T02:50:32,Spotify,6.8,28.2,0.0,0.0,0.0,6543.342745797451,0.0,1613.94921875,51.197,47.0,1815.0,97.7,39.9453125,3,1285.6933619976044,20.0,80.828125,148,38907.46720767021,7.4,156.41796875,100,1355.6392560005188,4.7,16.0234375,13,38905.18003129959,4.6,67.00390625,37,38877.358385801315
2026-02-15T02:50:33,Spotify,7.2,28.2,647.7157579896913,485.1979859850051,0.0,88334.29740961957,0.0,1613.94921875,51.125,47.0,1815.0,99.4,39.953125,3,1287.340056180954,16.5,80.8671875,148,38909.16719555855,5.7,67.0078125,37,38879.00040626526,4.7,156.546875,100,1357.2851331233978,4.6,4.1328125,397,1771113032.1117964
2026-02-15T02:50:35,Spotify,6.5,28.2,109.34829132866533,32.8044873985996,0.0,6842.7730751449235,1.0,1613.94921875,51.263,48.0,1815.0,99.5,39.953125,3,1289.0042362213135,20.0,80.84375,148,38910.81014728546,8.5,67.015625,37,38880.659282684326,8.5,155.984375,100,1358.938958644867,3.8,266.86328125,95,38880.76695179939
2026-02-15T02:50:37,Spotify,7.2,28.2,47.17187276058274,33.262217972205775,0.0,8979.58931729657,0.0,1613.94921875,51.166,48.0,1815.0,97.4,39.94921875,3,1290.6560378074646,17.0,80.875,148,38912.46594572067,10.4,67.03125,37,38882.304230213165,8.5,297.46875,39,1360.293601512909,7.6,16.0234375,13,38910.15971517563
2026-02-15T02:50:38,Spotify,9.0,28.1,757.2013172667628,1401.369372084394,54761.57712804376,86809.54556093301,0.0,1613.94921875,51.167,48.0,1815.0,100.6,39.94921875,3,1292.3025398254395,19.9,80.87109375,148,38914.11132979393,7.6,67.03125,37,38883.94723749161,6.7,296.984375,39,1361.9366970062256,5.7,4.1328125,397,1771113037.056484
2026-02-15T02:50:40,Spotify,7.3,28.1,0.0,146.69425318849673,0.0,7167.931641276919,0.0,1613.94921875,51.281,48.0,1815.0,97.6,39.24609375,3,1293.9834055900574,18.1,80.8515625,148,38915.75504374504,5.6,16.0234375,13,38913.47990632057,5.5,156.33984375,100,1363.9290206432343,4.6,266.59765625,95,38885.75876927376
2026-02-15T02:50:42,Spotify,6.5,28.1,2738.921731567428,2731.282602086549,0.0,12636.295412063071,0.0,1613.94921875,51.412,48.0,1815.0,98.9,39.94921875,3,1295.6427431106567,19.3,80.88671875,148,38917.4524872303,6.7,297.578125,39,1365.2802412509918,6.6,156.546875,100,1365.5711455345154,3.8,266.59765625,95,38887.40271401405
2026-02-15T02:50:43,Spotify,6.7,28.1,3375.571935158512,3806.6514680034306,0.0,37720.676862723696,0.0,1613.94921875,51.512,49.0,1815.0,98.5,39.94921875,3,1297.2928068637848,18.0,80.8515625,148,38919.099089860916,6.6,156.3515625,100,1367.228280544281,4.7,66.984375,37,38888.94439411163,3.8,4.1328125,397,1771113042.0432582
2026-02-15T02:50:45,Spotify,6.2,28.1,307.84542672690515,0.0,0.0,20706.528467528933,1.0,1613.94921875,51.259,49.0,1815.0,100.5,39.953125,3,1298.9262828826904,17.9,80.8515625,148,38920.75296711922,6.7,297.63671875,39,1368.564975976944,5.8,16.0234375,13,38918.42724275589,2.9,66.984375,37,38890.57203555107
2026-02-15T02:50:46,Spotify,6.6,28.1,282.6711072504417,214.46134006609597,0.0,7551.0055780291905,0.0,1613.94921875,51.451,49.0,1815.0,100.1,39.953125,3,1300.5655677318573,20.2,80.86328125,148,38922.380064725876,11.3,299.18359375,39,1370.2218997478485,4.7,156.49609375,100,1370.5123965740204,3.8,144.0859375,277,38917.30880999565
2026-02-15T02:50:48,Spotify,8.8,28.1,583.8372089378113,583.8372089378113,0.0,47247.388015859906,0.0,1613.94921875,51.465,49.0,1815.0,96.8,39.953125,3,1302.2596294879913,16.0,80.87109375,148,38924.04113149643,9.3,66.9921875,37,38893.90644645691,8.3,298.3203125,39,1371.907167673111,3.8,4.1328125,397,1771113046.9857633
2026-02-15T02:50:50,Spotify,6.4,28.1,0.0,32.058483425846035,0.0,9726.781341649285,0.0,1613.94921875,51.453,49.0,1815.0,98.2,39.9609375,3,1303.946694135666,18.5,80.83984375,148,38925.7271835804,8.3,66.9921875,37,38895.59725022316,5.6,16.05859375,14,38923.43693232536,4.6,156.5546875,100,1373.8832552433014
2026-02-15T02:50:51,Spotify,6.5,28.1,0.0,0.0,0.0,10936.294760214501,1.0,1613.94921875,51.601,49.0,1815.0,99.3,39.9609375,3,1305.5989427566528,17.6,80.875,148,38927.40873479843,7.6,66.9921875,37,38897.246552467346,7.6,156.39453125,100,1375.5237045288086,4.8,298.3828125,39,1375.2327008247375
2026-02-15T02:50:53,Spotify,6.9,28.1,1467.6934485045122,1261.6799993373506,0.0,20284.40114876668,0.0,1613.94921875,51.631,50.0,1815.0,99.7,39.95703125,3,1307.2295536994934,17.2,80.85546875,148,38929.04770255089,8.6,66.99609375,37,38898.882961034775,7.6,156.43359375,100,1377.1666004657745,5.8,16.0234375,13,38926.74252486229
2026-02-15T02:50:55,Spotify,7.0,28.1,280.0269550894132,0.0,0.0,6857.007874189457,0.0,1613.94921875,51.543,50.0,1815.0,99.5,39.9609375,3,1308.8785243034363,17.1,80.84765625,148,38930.69390273094,8.5,67.01171875,37,38900.53459119797,5.7,16.0234375,13,38928.38293170929,4.7,156.01953125,100,1378.8292813301086
2026-02-15T02:50:56,Spotify,6.9,28.1,189.67338570841017,242.49382223480288,0.0,12600.075040477677,0.0,1613.94921875,51.568,50.0,1815.0,97.0,39.2578125,3,1310.5543506145477,19.7,80.87109375,148,38932.35942053795,6.5,67.03125,37,38902.22111225128,6.5,156.44921875,100,1380.5004732608795,5.6,297.7734375,39,1380.210143327713
2026-02-15T02:50:58,Spotify,7.2,28.1,668.6087008316537,421.77466432391054,100612.42901690376,104906.8619627472,0.0,1613.94921875,51.518,50.0,1815.0,99.0,39.9609375,3,1312.2112965583801,17.8,80.875,148,38934.02642393112,8.6,67.03515625,37,38903.85406780243,6.7,156.4765625,100,1382.1444673538208,6.6,4.1328125,397,1771113056.9725559
2026-02-15T02:51:00,Spotify,7.0,28.1,0.0,32.86505461440817,9971.501014860436,124332.15327904106,0.0,1613.94921875,51.645,50.0,1815.0,97.4,39.95703125,3,1313.8473439216614,19.0,80.81640625,148,38935.672280073166,7.7,156.359375,100,1383.777000427246,6.7,67.0390625,37,38905.495995521545,4.8,16.0625,14,38933.35886144638
2026-02-15T02:51:01,Spotify,7.0,28.1,110.25927862897709,0.0,0.0,5645.275065803627,0.0,1613.94921875,51.604,50.0,1815.0,99.4,39.96484375,3,1315.4831204414368,16.3,80.87890625,148,38937.30466413498,6.7,67.04296875,37,38907.12293672562,5.8,297.8828125,39,1385.1115472316742,3.8,16.0234375,13,38934.98935341835
2026-02-15T02:51:03,Spotify,7.4,28.1,4208.339801153386,4184.334352528992,0.0,49163.158782759,4.0,1613.94921875,51.706,51.0,1815.0,100.1,39.96484375,3,1317.0910558700562,18.3,80.83984375,148,38938.92656779289,7.8,298.2734375,39,1386.7206206321716,6.8,67.046875,37,38908.730419397354,6.8,156.06640625,100,1387.0113894939423
2026-02-15T02:51:05,Spotify,7.8,28.1,0.0,0.0,0.0,8592.18383479053,0.0,1613.94921875,51.808,51.0,1815.0,100.7,39.96484375,3,1318.7363231182098,20.4,80.8828125,148,38940.537907123566,12.2,67.046875,37,38910.39012217522,9.4,156.44921875,100,1388.6761417388916,5.6,298.42578125,39,1388.3852100372314
2026-02-15T02:51:06,Spotify,7.8,28.1,234.2524873363376,165.17803594228934,0.0,13838.916174946713,0.0,1615.98046875,51.786,51.0,1815.0,97.8,39.94921875,3,1320.396966457367,54.0,307.9296875,39,1390.2362875938416,18.8,80.8671875,148,38942.19996595383,13.5,162.58203125,100,1390.5272014141083,9.3,67.0546875,37,38912.22912287712
2026-02-15T02:51:08,Spotify,10.6,28.2,209905.46182022756,27053.15643150577,72189.2889285924,521090.49939259805,0.0,1615.98046875,51.827,51.0,1815.0,99.7,39.94140625,3,1322.2928893566132,21.2,161.6484375,100,1392.2925343513489,21.1,80.87109375,148,38944.04936981201,15.9,308.0546875,39,1392.002149105072,12.0,274.88671875,91,1391.0651354789734
2026-02-15T02:51:10,Spotify,8.9,28.2,0.0,0.0,0.0,47820.94642164269,2.0,1611.23046875,51.77,51.0,1815.0,100.0,39.94140625,3,1324.1210024356842,19.4,80.8359375,148,38945.82564640045,15.4,303.46875,39,1393.8268365859985,13.7,161.625,100,1394.1176285743713,6.0,67.08203125,37,38915.81192421913
2026-02-15T02:51:12,Spotify,8.3,28.2,793.1880670058123,2367.5130011043652,8974.857244353057,107698.2869322367,0.0,1600.29296875,51.923,51.0,1815.0,100.1,39.9453125,3,1325.949755191803,20.6,80.87890625,148,38947.64936232567,20.4,161.5859375,100,1395.9594807624817,16.1,305.52734375,39,1395.669345855713,9.4,67.08984375,37,38917.64237213135
2026-02-15T02:51:14,Spotify,8.4,28.2,2490829.1899435893,12902.057476074064,471251.2582427806,3772232.9492358426,1.0,1600.29296875,51.897,52.0,1815.0,93.7,39.9453125,3,1327.8482766151428,21.1,80.87890625,148,38949.49890589714,18.3,139.921875,100,1397.8393199443817,15.8,307.7734375,39,1397.5506958961487,6.6,67.09375,37,38919.53397536278
2026-02-15T02:51:16,Spotify,8.4,28.1,40.820518161487065,34.98901556698891,0.0,263287.0407755966,0.0,1600.29296875,51.796,52.0,1815.0,95.7,39.94921875,3,1329.7105238437653,21.9,304.140625,39,1399.4075465202332,20.7,80.87109375,148,38951.38260316849,16.8,138.3671875,100,1399.6980195045471,5.0,67.09375,37,38921.39806509018
2026-02-15T02:51:17,Spotify,8.0,28.1,1236.0202542836337,874.6139823798964,0.0,9957.310020522698,0.0,1600.29296875,51.856,52.0,1815.0,99.5,39.94921875,3,1331.5169048309326,20.3,80.859375,148,38953.230974674225,19.8,137.21484375,100,1401.5112648010254,19.8,304.203125,39,1401.2207112312317,7.8,67.11328125,37,38923.210684776306
2026-02-15T02:51:19,Spotify,8.0,28.1,1442.8098710645481,467.6998358802511,0.0,22590.784525536656,1.0,1600.29296875,51.807,52.0,1815.0,99.6,39.94921875,3,1333.3685700893402,19.8,80.83984375,148,38955.04134249687,19.5,299.11328125,39,1403.0634174346924,14.4,137.30859375,100,1403.3539493083954,5.1,67.1328125,37,38925.057059288025
2026-02-15T02:51:21,Spotify,8.4,28.1,2907.5462558925374,1743.8764458059964,0.0,52521.4553089806,0.0,1600.29296875,53.884,52.0,1815.0,100.5,39.94921875,3,1335.1724531650543,18.7,299.2265625,39,1404.8973307609558,17.8,80.83984375,148,38956.882432222366,17.0,137.3125,100,1405.1876323223114,14.4,6.234375,11,38956.91326737404
2026-02-15T02:51:23,Spotify,8.3,28.1,2790.6739046554294,478.1681017918367,0.0,32587.237735765855,1.0,1600.29296875,52.104,52.0,1815.0,98.0,39.94921875,3,1337.005440235138,33.3,299.40234375,39,1406.7280898094177,20.4,80.87890625,148,38958.722964286804,14.5,137.2109375,100,1407.018630027771,6.1,67.140625,37,38928.693412303925
2026-02-15T02:51:25,Spotify,8.3,28.1,1609.5220975487891,0.0,0.0,13173.993114086416,1.0,1600.29296875,52.31,52.0,1815.0,96.9,39.94921875,3,1338.860081911087,22.2,80.87109375,148,38960.553659677505,16.2,137.21484375,100,1408.8505539894104,16.2,299.53125,39,1408.5601117610931,5.1,67.1171875,37,38930.543827056885
2026-02-15T02:51:27,Spotify,8.1,28.1,1695.507947830838,1482.6141617220076,0.0,9502.705201493634,1.0,1604.48046875,52.152,51.0,1815.0,98.1,39.93359375,2,1340.643707036972,19.7,80.87109375,148,38962.38148236275,8.3,137.328125,100,1410.5470507144928,8.3,299.66015625,39,1410.2560815811157,7.2,67.109375,37,38932.27680397034
2026-02-15T02:51:28,Spotify,7.3,28.1,149.87517581633787,1410.2427960671162,0.0,32325.833196544307,0.0,1604.48046875,52.31,51.0,1815.0,98.8,39.2265625,2,1342.3362982273102,23.1,80.85546875,148,38964.06799530983,17.5,298.421875,39,1412.0374839305878,16.7,137.30859375,100,1412.3278577327728,3.7,16.05859375,14,38961.829958200455
2026-02-15T02:51:30,Spotify,8.2,28.1,737.1455916308068,626.6298522462795,0.0,24414.44151276462,0.0,1600.48046875,52.099,51.0,1815.0,99.5,39.2265625,2,1344.1298568248749,21.0,80.8828125,148,38965.85752558708,14.8,299.265625,39,1413.8275890350342,14.0,137.38671875,100,1414.1178963184357,6.1,67.109375,37,38935.814925432205
2026-02-15T02:51:32,Spotify,7.7,28.1,1039.8835896183593,1121.9796624829667,0.0,54614.55209235156,0.0,1600.48046875,52.078,51.0,1815.0,98.7,39.92578125,2,1345.9481029510498,21.7,80.87890625,148,38967.65401649475,19.8,137.30078125,100,1415.9356341362,19.8,298.37109375,39,1415.64501619339,6.9,16.0703125,13,38965.434952259064
2026-02-15T02:51:34,Spotify,9.0,28.1,23.11164149403201,23.11164149403201,0.0,114668.95954981826,0.0,1600.48046875,52.189,50.0,1815.0,99.8,39.92578125,2,1347.7643461227417,21.5,296.58984375,39,1417.465652704239,20.7,80.87109375,148,38969.467274188995,14.6,137.34765625,100,1417.7562537193298,8.6,67.109375,37,38939.445410728455
2026-02-15T02:51:36,Spotify,8.5,28.1,0.0,0.0,0.0,27843.233703426788,0.0,1600.48046875,52.14,50.0,1815.0,100.5,39.92578125,2,1349.5680284500122,19.7,80.859375,148,38971.288313388824,15.5,137.19140625,100,1419.565399646759,12.1,295.35546875,39,1419.2749207019806,7.8,67.109375,37,38941.25917387009
2026-02-15T02:51:37,Spotify,8.2,28.1,969.3972722559001,1057.273079718094,0.0,11035.874989969107,1.0,1600.48046875,52.138,50.0,1815.0,98.7,39.93359375,3,1351.3882291316986,21.1,137.1875,100,1421.417088508606,20.8,80.85546875,148,38973.0949716568,16.0,295.4921875,39,1421.1265943050385,6.0,4.1328125,397,1771113096.0383406
2026-02-15T02:51:39,Spotify,8.2,28.1,62.65253198820038,54.55091147248481,0.0,20463.61320662876,0.0,1599.04296875,51.796,49.0,1815.0,99.3,39.2421875,3,1353.276041507721,21.9,80.82421875,148,38974.946445941925,13.4,295.7421875,39,1422.9932770729065,12.6,137.18359375,100,1423.2835478782654,5.1,4.1328125,397,1771113097.8896534
2026-02-15T02:51:41,Spotify,8.5,28.1,42069.35626028602,5098.926381966274,0.0,39763.05615516556,0.0,1599.04296875,52.013,49.0,1815.0,99.1,39.94140625,3,1355.1047341823578,19.2,80.8515625,148,38976.82016277313,15.5,296.1328125,39,1424.8046743869781,12.9,137.18359375,100,1425.0952925682068,7.6,16.05859375,14,38974.59023356438
2026-02-15T02:51:43,Spotify,8.8,28.1,425.1188770465898,534.4351597157129,0.0,68125.02399549715,2.0,1599.04296875,52.042,49.0,1815.0,99.2,39.94140625,3,1356.9155189990997,23.8,297.59765625,39,1426.644103527069,21.6,80.88671875,148,38978.624838113785,12.7,137.1875,100,1426.9348204135895,4.3,16.0234375,13,38976.39809536934
2026-02-15T02:51:45,Spotify,8.3,28.1,0.0,0.0,0.0,8908.734779682796,0.0,1599.04296875,51.875,48.0,1815.0,99.3,39.9453125,3,1358.7720844745636,18.6,80.86328125,148,38980.46868777275,15.9,137.19140625,100,1428.796499967575,12.6,297.59765625,39,1428.506186246872,10.0,68.08984375,37,38950.480560064316
2026-02-15T02:51:46,Spotify,8.0,28.1,265.7882862844043,189.00500358002085,0.0,10996.654753746669,0.0,1603.23046875,51.703,48.0,1815.0,97.5,39.9453125,3,1360.5974214076996,21.0,80.86328125,148,38982.33126974106,8.2,297.66015625,39,1430.2173137664795,7.3,137.28125,100,1430.508269071579,7.1,69.734375,37,38952.233911037445
2026-02-15T02:51:48,Spotify,6.9,28.1,1996.7989650444604,1160.0729565587728,0.0,158069.29575820183,1.0,1603.23046875,51.472,48.0,1815.0,98.4,39.9453125,3,1362.1686146259308,19.3,80.82421875,148,38984.029832839966,6.9,16.05859375,14,38981.688131570816,6.0,266.8828125,95,38953.91449666023,6.0,67.86328125,37,38953.80318713188
2026-02-15T02:51:50,Spotify,7.1,28.1,0.0,0.0,0.0,3947.5766070067953,0.0,1603.23046875,51.546,48.0,1815.0,98.5,39.9453125,3,1363.7070200443268,16.1,80.8671875,148,38985.585077762604,4.1,67.8671875,37,38955.3380112648,3.0,4.1328125,397,1771113108.5344403,3.0,22.0625,36,38985.58157348633
2026-02-15T02:51:51,Spotify,5.7,28.1,42.83615434715902,77.88391699483458,0.0,5981.484825203295,0.0,1603.23046875,51.411,48.0,1815.0,99.8,39.9453125,3,1365.2406136989594,11.1,80.8359375,148,38987.12923359871,5.1,16.0625,13,38984.76083731651,4.1,266.859375,95,38956.97575831413,4.1,67.8671875,37,38956.86420893669
2026-02-15T02:51:53,Spotify,7.4,28.1,933.8254732652932,642.0050128698891,0.0,46334.531347635224,0.0,1603.23046875,51.373,47.0,1815.0,99.8,39.9453125,3,1366.758694410324,17.5,80.8671875,148,38988.6511156559,6.1,16.0625,14,38986.28824543953,4.1,274.47265625,88,1435.6695573329926,4.1,266.875,95,38958.49813580513
2026-02-15T02:51:54,Spotify,6.2,28.1,0.0,35.27091869103603,0.0,6019.5701232701485,4.0,1603.23046875,51.511,47.0,1815.0,97.1,39.9453125,3,1368.3356742858887,14.3,80.8359375,148,38990.18589043617,10.9,67.875,37,38959.96095585823,4.0,16.0234375,13,38987.85597205162,2.0,274.46484375,88,1437.2172462940216
2026-02-15T02:51:56,Spotify,5.9,28.1,109.34263462262771,145.57827516617294,0.0,25713.31910009329,1.0,1603.23046875,51.28,47.0,1815.0,99.6,39.9453125,3,1369.8724358081818,12.9,80.875,148,38991.75652837753,4.1,67.17578125,37,38961.49397993088,3.1,266.875,95,38961.605288267136,3.0,16.0234375,13,38989.39551067352
2026-02-15T02:51:57,Spotify,6.5,28.1,908.0130818327831,497.30774279570056,10749.195327130286,41317.21953865704,0.0,1603.23046875,51.352,47.0,1815.0,100.2,39.24609375,3,1371.4166214466095,14.4,80.8359375,148,38993.280238866806,4.1,115.203125,26,1821.9443128108978,4.0,122.4921875,47,38974.05338072777,3.1,22.06640625,36,38993.28501749039
2026-02-15T02:51:59,Spotify,7.1,28.1,345.9839284449352,35.370104209054716,0.0,10207.16898192939,1.0,1602.60546875,51.195,47.0,1815.0,99.6,39.9453125,3,1372.9541873931885,15.1,80.875,148,38994.83653497696,7.0,16.0234375,14,38992.488938093185,6.2,67.17578125,37,38964.564690351486,6.0,274.4296875,88,1441.86856508255
2026-02-15T02:52:00,Spotify,5.9,28.1,420.86555153071976,2793.4950982851524,0.0,17171.314502453366,0.0,1602.60546875,50.997,47.0,1815.0,99.9,39.9453125,3,1374.471881389618,11.3,80.8515625,148,38996.35543489456,8.1,67.17578125,37,38966.09894180298,5.2,16.0234375,13,38993.99658584595,2.0,6.1015625,4,38984.219916820526
2026-02-15T02:52:02,Spotify,6.8,28.1,1319.851411283123,2077.228980294945,0.0,46546.672566004614,1.0,1602.60546875,51.199,48.0,1815.0,98.4,39.9453125,3,1375.9962782859802,21.5,296.171875,39,1445.5984997749329,14.3,80.87109375,148,38997.88582062721,7.2,22.06640625,36,38997.88621902466,5.1,16.0234375,13,38995.52612400055
2026-02-15T02:52:03,Spotify,7.3,28.1,0.0,928.0004900056657,0.0,3691.030197536659,0.0,1602.60546875,51.275,48.0,1815.0,98.6,39.9453125,3,1377.5485124588013,14.3,80.84765625,148,38999.41139101982,5.1,4.1328125,397,1771113122.3593168,5.1,16.0234375,13,38997.063586473465,3.0,67.17578125,37,38969.186935186386
2026-02-15T02:52:05,Spotify,5.8,28.1,31.87844203697145,937.2261958869606,0.0,47006.67549003662,0.0,1602.60546875,51.112,48.0,1815.0,98.7,39.9453125,3,1379.0835456848145,13.0,80.875,148,39000.978826761246,5.1,67.1796875,37,38970.70679473877,4.1,144.77734375,278,38995.82656955719,4.1,266.8671875,95,38970.81818127632
2026-02-15T02:52:06,Spotify,7.0,28.1,687.1788742134178,1166.1018180963829,0.0,16145.418750161525,0.0,1602.60546875,51.341,48.0,1815.0,99.3,39.9453125,3,1380.6412444114685,13.3,80.84765625,148,39002.50167989731,6.0,67.1796875,37,38972.26008415222,5.1,4.1328125,397,1771113125.4492283,2.0,16.0234375,13,39000.1541697979
2026-02-15T02:52:08,Spotify,6.2,28.1,339.1298118433906,528.0367222428458,0.0,33010.354308710266,1.0,1602.60546875,51.278,48.0,1815.0,99.4,39.9453125,3,1382.166497707367,13.1,80.87109375,148,39004.05454158783,7.1,67.1875,37,38973.801310777664,5.1,16.0234375,13,39001.692848443985,4.1,266.875,95,38973.91238999367
2026-02-15T02:52:10,Spotify,6.8,28.1,239.9406756636318,504.45748522272993,0.0,16225.42229393314,0.0,1600.73046875,51.308,49.0,1815.0,100.3,39.9453125,3,1383.709353685379,13.1,80.84765625,148,39005.599247694016,4.1,67.1875,37,38975.33759069443,3.0,4.1328125,397,1771113128.5472093,2.0,244.8046875,72,39003.19707918167
2026-02-15T02:52:11,Spotify,5.4,28.1,0.0,370.1279265848201,64058.19664611647,66393.6517321728,0.0,1596.23046875,51.503,49.0,1815.0,95.9,39.9453125,3,1385.2754063606262,12.2,80.88671875,148,39007.13839054108,6.0,67.1796875,37,38976.909168958664,3.0,16.0234375,13,39004.804549217224,2.0,21.953125,36,39007.155329465866
2026-02-15T02:52:13,Spotify,5.6,28.1,1678.5099252698453,1602.562137776647,0.0,9476.241585705955,0.0,1596.23046875,51.377,49.0,1815.0,100.0,39.9453125,3,1386.804099559784,12.0,80.87890625,148,39008.70369029045,7.1,16.0234375,13,39006.33760714531,5.1,67.16015625,37,38978.43760561943,3.1,144.70703125,278,39003.54588460922
2026-02-15T02:52:14,Spotify,6.9,28.1,27.48681883587838,220.54899875454797,0.0,10722.477138262651,1.0,1596.23046875,51.302,49.0,1815.0,97.6,39.9453125,3,1388.372641324997,14.3,80.82421875,148,39010.23402786255,4.0,67.16015625,37,38979.99084687233,3.1,4.1328125,397,1771113133.1783283,2.0,24.80078125,8,1383.2757859230042
2026-02-15T02:52:16,Spotify,5.8,28.1,76.53070729110046,118.97630965423181,0.0,11524.624156777481,0.0,1596.23046875,51.398,49.0,1815.0,98.1,39.953125,3,1389.9178416728973,14.1,80.84765625,148,39011.78535604477,6.1,67.16015625,37,38981.53864622116,5.1,16.0625,14,39009.44672083855,3.0,22.66015625,36,39011.7952234745
2026-02-15T02:52:17,Spotify,6.3,28.1,1641.660207268882,1244.9957582914187,0.0,6957.481493320859,0.0,1596.23046875,51.348,49.0,1815.0,100.7,39.953125,3,1391.438928604126,14.1,80.8515625,148,39013.33432984352,6.2,67.16015625,37,38983.05914211273,5.1,16.0234375,13,39010.967253685,3.1,135.859375,101,1461.3220241069794
2026-02-15T02:52:19,Spotify,6.4,28.1,2460.2523874243698,230.31869184847238,0.0,79403.85387738739,0.0,1596.23046875,51.268,49.0,1815.0,99.6,39.953125,3,1392.9600641727448,11.4,80.875,148,39014.848088502884,7.2,16.0234375,13,39012.49091243744,6.1,296.1953125,39,1462.5686542987823,3.1,274.44921875,88,1461.8740196228027
2026-02-15T02:52:20,Spotify,7.6,28.1,3194.5798860984896,161.19141642979156,0.0,121798.31414359475,0.0,1596.23046875,51.453,50.0,1815.0,99.4,39.953125,3,1394.5013689994812,13.2,80.83203125,148,39016.38375902176,8.1,67.16015625,37,38986.12698674202,7.1,266.59765625,95,38986.23812127113,5.1,4.1328125,397,1771113139.3314414
2026-02-15T02:52:22,Spotify,6.2,28.1,1925.4414808347854,639.640397121207,10682.842269555409,228679.59233267047,0.0,1596.23046875,51.346,50.0,1815.0,96.5,39.953125,3,1396.021600484848,14.3,80.87109375,148,39017.91544961929,5.2,266.59765625,95,38987.754324674606,4.1,67.16015625,37,38987.6427628994,3.1,16.0234375,13,39015.55311012268
2026-02-15T02:52:23,Spotify,5.4,28.1,802.7440301114653,277.6704759893757,0.0,18192.0220856736,0.0,1596.23046875,51.379,50.0,1815.0,99.2,39.953125,3,1397.565116405487,12.3,80.83984375,148,39019.437948942184,4.0,67.06640625,37,38989.189292907715,3.1,16.0234375,13,39017.084871053696,2.0,24.80078125,8,1392.4742648601532
2026-02-15T02:52:25,Spotify,6.0,28.1,350.64155311977987,137.26413303946856,0.0,11657.693194631644,1.0,1596.23046875,51.443,50.0,1815.0,99.4,39.953125,3,1399.107935667038,13.2,80.89453125,148,39020.977157354355,7.1,266.59765625,95,38990.85189580917,5.0,67.06640625,37,38990.74389243126,4.0,16.0234375,13,39018.63176488876
2026-02-15T02:52:27,Spotify,6.1,28.1,788.589918157324,596.8743788970345,0.0,30101.89587105558,0.0,1596.23046875,51.374,50.0,1815.0,98.1,39.953125,3,1400.665250301361,13.0,80.86328125,148,39022.53839015961,7.1,16.0234375,13,39020.181678533554,6.0,67.06640625,37,38992.294112205505,5.0,266.59765625,95,38992.405356407166
2026-02-15T02:52:28,Spotify,7.3,28.1,0.0,0.0,0.0,50045.20857307507,0.0,1596.23046875,51.539,50.0,1815.0,99.9,39.25390625,3,1402.1826949119568,13.2,80.87890625,148,39024.08238697052,11.2,67.1015625,37,38993.82620501518,10.2,297.859375,39,1471.7999136447906,6.1,4.1328125,397,1771113147.0305855
2026-02-15T02:52:30,Spotify,6.3,28.1,0.0,35.280901613769764,0.0,13046.093396736196,0.0,1596.23046875,51.507,50.0,1815.0,100.3,39.953125,3,1403.7242629528046,15.3,80.859375,148,39025.617257118225,6.2,67.1015625,37,38995.347754478455,3.1,274.2109375,88,1472.6309502124786,3.0,22.66015625,36,39025.61268281937
2026-02-15T02:52:31,Spotify,6.0,28.1,754.5547282768956,707.3130409412987,21500.21681406723,72899.17263519671,0.0,1596.23046875,51.43,51.0,1815.0,100.0,39.953125,3,1405.2554602622986,12.3,80.8828125,148,39027.13822746277,5.1,67.10546875,37,38996.88139128685,4.1,4.1328125,397,1771113150.0859654,2.0,16.0234375,13,39024.78756260872
2026-02-15T02:52:33,Spotify,5.9,28.1,0.0,0.0,0.0,95913.88816071374,0.0,1596.23046875,51.41,51.0,1815.0,98.9,39.953125,3,1406.788181066513,14.2,80.86328125,148,39028.675167798996,7.1,16.0234375,13,39026.3193924427,5.1,274.1640625,87,1475.7002849578857,4.1,67.10546875,37,38998.40622711182
2026-02-15T02:52:34,Spotify,6.4,28.1,0.0,0.0,0.0,9808.378751277685,0.0,1596.23046875,51.542,51.0,1815.0,99.8,39.953125,3,1408.306233406067,13.4,80.8671875,148,39030.19337630272,6.1,67.109375,37,38999.93803310394,5.2,16.0546875,14,39027.83273291588,4.1,266.87890625,95,39000.04945087433
2026-02-15T02:52:36,Spotify,5.9,28.1,0.0,0.0,0.0,7981.455062857922,0.0,1596.23046875,51.565,51.0,1815.0,96.1,39.25390625,3,1409.8505709171295,15.2,80.85546875,148,39031.730476140976,6.1,16.0625,14,39029.36900162697,6.1,266.87890625,95,39001.594887018204,5.1,67.109375,37,39001.48432445526
2026-02-15T02:52:37,Spotify,5.9,28.1,1130.5962440863095,1179.8917768126096,0.0,103907.30056635583,0.0,1596.23046875,51.574,51.0,1815.0,99.2,39.953125,3,1411.4094948768616,13.0,80.890625,148,39033.291254758835,5.0,67.11328125,37,39003.03189539909,4.0,22.66015625,36,39033.29202198982,3.1,296.05078125,39,1481.0099296569824
2026-02-15T02:52:39,Spotify,6.7,28.1,246.67113692363486,209.47469564149947,0.0,53792.57978542082,0.0,1596.23046875,51.627,51.0,1815.0,98.2,39.953125,3,1412.9376285076141,13.2,80.85546875,148,39034.82405614853,5.1,67.12109375,37,39004.567260980606,4.1,16.0234375,13,39032.4619679451,3.1,4.1328125,397,1771113157.7719412
2026-02-15T02:52:40,Spotify,6.4,28.1,258.78732620156705,55.63927513333692,0.0,5962.459995684106,0.0,1596.23046875,51.573,51.0,1815.0,97.5,39.9453125,3,1414.4770007133484,13.2,80.8828125,148,39036.36753606796,7.1,16.0234375,13,39034.003564596176,6.1,266.91796875,95,39006.2192094326,5.1,67.1171875,37,39006.10828709602
2026-02-15T02:52:42,Spotify,7.2,28.1,940.4418004707353,458.497941503738,0.0,5668.701822228033,0.0,1596.23046875,51.744,52.0,1815.0,100.4,39.9453125,3,1416.0493557453156,17.3,80.86328125,148,39037.9056699276,8.0,67.1171875,37,39007.66415953636,6.1,22.66015625,36,39037.911323308945,6.0,16.0625,14,39035.5697658062
2026-02-15T02:52:43,Spotify,6.2,28.1,378.3854849761255,35.39320012531786,0.0,21416.103639465062,0.0,1596.23046875,51.809,52.0,1815.0,99.7,39.9453125,3,1417.5848364830017,14.0,80.82421875,148,39039.4618139267,6.0,66.99609375,37,39009.21416068077,2.0,296.09765625,39,1487.1925165653229,1.0,16.0234375,14,39037.097628355026
2026-02-15T02:52:45,Spotify,5.5,28.1,0.0,34.89765569266847,0.0,8272.036904928824,0.0,1596.23046875,51.593,52.0,1815.0,97.1,39.9453125,3,1419.1452589035034,12.1,80.859375,148,39041.008660554886,4.0,16.0234375,13,39038.6652340889,4.0,67.0,37,39010.777353048325,2.0,249.90234375,72,39038.628860235214
2026-02-15T03:00:53,Spotify,6.6,28.1,616.6619540113616,651.0625175615821,0.0,5871.029512570979,1.0,1596.23046875,51.638,52.0,1815.0,99.3,39.9453125,3,1420.7347428798676,14.9,80.83984375,148,39042.5784971714,4.8,67.0,37,39498.72370195389,4.0,273.96484375,87,1489.608941078186,3.2,70.65625,44,39503.78793859482
2026-02-15T03:00:55,Spotify,11.5,28.2,41.06607113131061,17.974985882102878,67.13830358882333,318.9069420469108,1.0,1596.23046875,51.882,52.0,1815.0,99.1,39.9609375,3,1909.309907913208,67.8,24.23828125,36,39530.74615192413,19.5,4.1328125,397,1771113653.5936067,15.0,80.85546875,148,39530.65674877167,6.7,266.91796875,95,39501.17293858528
2026-02-15T03:00:57,Spotify,14.8,28.2,11300.358953559073,4023.0211269421447,14704.557310389313,164277.4762020056,3.0,1596.23046875,51.921,52.0,1815.0,99.2,39.25,3,1911.0409059524536,73.2,22.66015625,36,39532.8760240078,45.6,4.1328125,400,1771113655.8182707,18.3,80.859375,148,39532.87075924873,14.0,7.171875,32,39532.85825133324
2026-02-15T03:00:59,Spotify,6.4,28.2,358.42931489758075,59.94421300873333,0.0,73722.73025865827,1.0,1596.23046875,52.206,52.0,1815.0,99.0,39.9609375,3,1912.6833717823029,15.4,80.87890625,148,39534.491091012955,4.7,67.01953125,37,39504.325986623764,3.8,16.0546875,14,39532.19041275978,2.9,4.1328125,400,1771113657.4377868
2026-02-15T03:01:00,Spotify,6.1,28.2,748.2274227019257,0.0,79668.28980372607,690562.2463846413,0.0,1596.23046875,52.143,52.0,1815.0,99.3,39.96484375,3,1914.288873910904,13.3,80.87890625,148,39536.135931015015,8.6,297.3203125,39,1983.9489426612854,6.7,67.02734375,37,39505.954857349396,4.8,16.0234375,13,39533.806312561035
2026-02-15T03:01:02,Spotify,6.7,28.2,1747.0205742030425,1326.2367861126472,0.0,17298.206529380335,1.0,1596.23046875,52.111,51.0,1815.0,96.8,39.9609375,3,1915.9182045459747,15.4,80.84375,148,39537.76356577873,6.9,67.015625,37,39507.548830509186,3.8,16.05859375,14,39535.43581151962,2.9,266.90625,95,39507.660173892975
2026-02-15T03:01:03,Spotify,8.2,28.2,31.484362848922643,0.0,0.0,27081.5895481293,0.0,1596.23046875,52.072,51.0,1815.0,99.4,39.9609375,3,1917.5064918994904,12.8,80.8828125,148,39539.35255026817,7.9,70.65625,44,39514.235385894775,6.9,16.0234375,13,39537.010452747345,6.9,67.015625,37,39509.1431620121
2026-02-15T03:01:05,Spotify,6.8,28.2,277.3300665729657,593.7384607084857,0.0,107785.59096479481,1.0,1596.23046875,52.058,51.0,1815.0,99.6,39.9609375,3,1919.091135263443,14.8,80.8671875,148,39540.9410200119,4.0,266.64453125,95,39510.83541584015,4.0,67.01953125,37,39510.725313425064,3.9,16.0234375,13,39538.61253833771
2026-02-15T03:01:07,Spotify,5.9,28.2,1354.94218591591,1123.9646171943343,41358.86869873548,117937.39902373789,0.0,1596.23046875,52.049,50.0,1815.0,99.7,39.96875,3,1920.7374503612518,14.8,80.87109375,148,39542.52195048332,6.7,28.75,14,39537.84828567505,3.8,16.05859375,14,39540.25544309616,3.8,67.0078125,37,39512.39027476311
2026-02-15T03:01:08,Spotify,7.1,28.2,46.17771651786991,342.43475495719116,0.0,92422.60062340218,1.0,1596.23046875,51.887,50.0,1815.0,98.1,39.97265625,3,1922.3615350723267,15.0,80.87109375,148,39544.18959116936,9.7,67.0078125,37,39514.00231933594,5.8,16.0234375,13,39541.877004384995,5.6,25.2734375,25,39544.93225169182
2026-02-15T03:01:10,Spotify,6.4,28.2,0.0,215.53196937875242,0.0,25611.867719414386,0.0,1596.23046875,51.841,50.0,1815.0,99.2,39.97265625,3,1923.9837219715118,12.5,80.84765625,148,39545.8120341301,8.7,67.0078125,37,39515.626537323,2.9,16.0625,14,39543.4970741272,1.9,22.66015625,36,39545.82688045502
2026-02-15T03:01:11,Spotify,6.2,28.2,0.0,33.31620876797242,0.0,6633.62734580073,0.0,1595.41796875,51.795,50.0,1815.0,100.2,39.97265625,3,1925.5904796123505,12.6,80.859375,148,39547.42949175835,7.8,67.0078125,37,39517.23151612282,6.9,16.0234375,13,39545.088344335556,1.9,4.1328125,400,1771113670.3765798
2026-02-15T03:01:13,Spotify,6.4,28.2,4345.550397352454,3672.005706001491,0.0,38068.39606181025,0.0,1595.41796875,51.719,49.0,1815.0,99.1,39.96875,3,1927.215101480484,14.6,80.86328125,148,39549.02971076965,9.6,67.0078125,37,39518.864573955536,5.7,25.78125,16,39544.419703722,3.8,16.0234375,13,39546.73287153244
2026-02-15T03:01:15,Spotify,6.5,28.2,40.35163862534734,209.09485469498168,10016.988594510467,156515.44678922606,5.0,1595.41796875,51.831,49.0,1815.0,97.9,39.96875,3,1928.8583934307098,11.5,80.83203125,148,39550.666491508484,3.8,66.97265625,37,39520.50209903717,2.9,266.6328125,95,39520.61298894882,1.9,4.1328125,400,1771113673.6133826
2026-02-15T03:01:17,Spotify,6.0,28.2,30.490910238184064,52.444365609676595,0.0,225427.83684576149,2.0,1602.66796875,51.761,49.0,1815.0,97.2,39.96875,3,1930.5148527622223,30.1,308.1171875,39,2000.3584432601929,14.3,80.875,148,39552.307918310165,6.9,66.99609375,37,39522.31208920479,6.7,140.890625,102,2000.6492156982422
2026-02-15T03:01:18,Spotify,9.7,28.3,238381.55499794098,30193.686588115113,44971.326015163366,448890.6139440392,0.0,1602.66796875,51.639,48.0,1815.0,98.9,39.97265625,3,1932.346834897995,18.4,80.86328125,148,39554.17460894585,16.0,280.8671875,91,2001.2024960517883,10.1,6.890625,32,39554.16342973709,5.0,4.1328125,400,1771113677.1209683
2026-02-15T03:01:20,Spotify,5.8,28.3,80.86379563802868,73.51254148911698,30110.736993942315,309262.3612086159,0.0,1602.66796875,51.769,48.0,1815.0,99.3,39.9765625,3,1933.983108997345,14.4,80.83984375,148,39555.80645132065,7.7,66.9921875,37,39525.62775230408,3.8,16.05859375,14,39553.49155187607,1.9,24.80078125,8,1928.9061529636383
2026-02-15T03:01:21,Spotify,6.2,28.3,2347.818146457661,561.5018431738426,0.0,14216.486227170699,0.0,1602.66796875,51.7,48.0,1815.0,99.8,39.2578125,3,1935.596539258957,12.5,66.9921875,37,39527.25784468651,10.6,80.875,148,39557.42400765419,4.8,16.0234375,13,39555.11473989487,4.8,266.91015625,95,39527.36858344078
2026-02-15T03:01:23,Spotify,6.5,28.3,1643635.9878708995,7395.4464614559765,0.0,133116.81280608987,0.0,1602.10546875,51.666,48.0,1815.0,98.3,39.26171875,3,1937.2647452354431,15.2,80.859375,148,39559.06622838974,6.6,66.9921875,37,39528.915395498276,4.7,276.73046875,91,2006.1095328330994,3.8,22.0703125,36,39559.087973594666
2026-02-15T03:01:25,Spotify,6.2,28.3,3745.985918337811,3180.995896033615,472185.1575140634,2306206.4138479843,0.0,1601.85546875,51.564,48.0,1815.0,98.1,39.98046875,3,1938.9688894748688,13.1,80.83203125,148,39560.73055458069,9.0,304.91015625,39,2008.6557641029358,5.4,66.99609375,37,39530.66337919235,4.7,16.0234375,13,39558.4425098896
2026-02-15T03:01:27,Spotify,6.9,28.2,4517.813630549773,2489.126662040432,0.0,11449.63860576442,0.0,1601.35546875,51.427,47.0,1815.0,99.6,39.26171875,3,1940.6312630176544,17.1,80.88671875,148,39562.468786001205,9.9,275.63671875,91,2009.5047862529755,7.2,6.98046875,32,39562.46538615227,5.8,67.0,37,39532.28761577606
2026-02-15T03:01:28,Spotify,6.8,28.2,307.9008236256062,2344.7357310166403,0.0,22430.482445767608,0.0,1601.10546875,51.324,47.0,1815.0,98.9,39.26171875,3,1942.2577548027039,12.5,80.83984375,148,39564.09236264229,7.7,67.00390625,37,39533.90424990654,5.8,16.05859375,13,39561.770189762115,3.9,22.0703125,36,39564.10384654999
2026-02-15T03:01:30,Spotify,6.3,28.2,241.0107574336298,0.0,10177.114045857194,85869.39976192007,0.0,1600.66796875,51.299,47.0,1815.0,98.3,39.98046875,3,1943.8629858493805,14.5,80.89453125,148,39565.71190428734,2.9,16.0234375,13,39563.38154697418,2.9,266.90625,95,39535.62844777107,2.9,67.0078125,37,39535.51727294922
2026-02-15T03:01:31,Spotify,5.6,28.2,2347.1089490937843,2006.1812202532085,0.0,8822.274225015337,0.0,1598.91796875,51.153,47.0,1815.0,99.9,39.98046875,3,1945.4890882968903,14.5,80.875,148,39567.32690024376,6.7,16.0625,14,39565.01081776619,4.8,275.93359375,91,2014.361338853836,4.8,66.99609375,37,39537.1475713253
2026-02-15T03:01:33,Spotify,7.1,28.2,105.11024653298196,106.94356478646421,10012.362088351027,305064.1573794453,0.0,1598.91796875,50.97,47.0,1815.0,99.8,39.98046875,3,1947.1178181171417,12.4,80.859375,148,39568.96119308472,7.7,66.99609375,37,39538.7725276947,5.7,4.1328125,400,1771113691.908923,2.9,266.91015625,95,39538.88361239433
2026-02-15T03:01:35,Spotify,5.8,28.2,440.3870808701011,1048.1583116922322,0.0,21820.46955537017,1.0,1598.91796875,50.954,47.0,1815.0,98.3,39.98046875,3,1948.7861621379852,12.5,80.87890625,148,39570.58485484123,5.6,16.05859375,14,39568.2946498394,2.8,6.33203125,5,39558.532859802246,2.8,66.99609375,37,39540.439116716385
2026-02-15T03:01:36,Spotify,5.9,28.2,1179.0952613434513,1042.5811583395475,9896.66842307946,34947.61036899934,0.0,1598.91796875,51.05,48.0,1815.0,99.3,39.984375,3,1950.4071333408356,14.2,80.88671875,148,39572.236431121826,5.8,66.99609375,37,39542.059817790985,2.9,16.0234375,13,39569.919447660446,2.9,145.54296875,277,39567.14982628822
2026-02-15T03:01:38,Spotify,6.0,28.2,0.0,33.12766425180091,0.0,7852.483378204661,0.0,1598.91796875,50.987,48.0,1815.0,100.2,39.984375,3,1952.0285806655884,12.5,80.83203125,148,39573.86734890938,7.7,66.99609375,37,39543.678617239,2.9,16.0625,14,39571.541006565094,1.9,22.6640625,36,39573.882194042206
2026-02-15T03:01:40,Spotify,6.5,28.2,0.0,0.0,0.0,125967.75461156499,0.0,1598.91796875,51.148,48.0,1815.0,99.3,39.984375,3,1953.6807239055634,14.1,67.0,37,39545.34497666359,11.7,80.87890625,148,39575.47576737404,6.7,16.0234375,13,39573.17713332176,5.6,266.91015625,95,39545.45563530922
2026-02-15T03:01:41,Spotify,6.9,28.2,586.3483386611745,419.5012504242549,0.0,23797.161842248643,0.0,1598.91796875,51.126,48.0,1815.0,99.2,39.984375,3,1955.3813190460205,16.6,148.63671875,25,2406.5813920497894,13.9,80.87109375,148,39577.160325050354,6.6,16.0234375,13,39574.835465192795,4.6,266.91015625,95,39547.143104076385
2026-02-15T03:01:43,Spotify,7.0,28.2,4896.245129133866,2572.623517905147,9736.628255337935,76675.94751078625,0.0,1598.91796875,51.035,48.0,1815.0,99.3,39.96875,3,1957.0016949176788,11.2,80.82421875,148,39578.83698773384,6.6,16.0234375,13,39576.50455570221,3.9,67.01171875,37,39548.64652919769,2.9,266.9140625,95,39548.75788116455
2026-02-15T03:01:45,Spotify,5.9,28.2,3658.399665376107,3834.708082984594,0.0,14303.330780632192,0.0,1598.91796875,51.118,48.0,1815.0,100.5,39.96875,3,1958.6333231925964,14.6,80.875,148,39580.44752764702,4.7,16.0234375,13,39578.15147924423,3.8,147.4765625,25,2409.8305189609528,3.8,67.03125,37,39550.285286426544
2026-02-15T03:01:46,Spotify,6.7,28.2,6584.960539191634,3365.958160601706,0.0,95222.46854339898,0.0,1598.91796875,51.183,49.0,1815.0,99.6,39.94140625,2,1960.2492673397064,12.4,80.85546875,148,39582.08797454834,4.8,22.6640625,36,39582.09549164772,3.9,16.0234375,13,39579.7679438591,3.9,266.90625,95,39551.999900102615
2026-02-15T03:01:48,Spotify,6.1,28.2,199.37262069363,387.53053147324334,0.0,105268.74372623664,0.0,1598.91796875,51.096,49.0,1815.0,99.4,39.953125,2,1961.8521082401276,12.6,80.8671875,148,39583.70101189613,2.9,16.0234375,13,39581.36856865883,2.9,67.01953125,37,39553.51523351669,1.9,22.6640625,36,39583.707377910614
2026-02-15T03:01:49,Spotify,5.6,28.2,0.0,444.7294140007673,20156.145833993283,226756.64063242442,1.0,1598.91796875,51.235,49.0,1815.0,99.0,39.953125,2,1963.4780275821686,12.6,80.875,148,39585.31802916527,5.8,67.01953125,37,39555.13279700279,1.9,70.65625,44,39560.218539237976,1.9,266.88671875,95,39555.2433693409
2026-02-15T03:01:51,Spotify,6.5,28.2,1279.2892010394944,1374.988924090229,10115.769435246659,43624.25568950122,0.0,1598.91796875,51.248,49.0,1815.0,98.4,39.953125,2,1965.1131281852722,15.4,80.828125,148,39586.939270973206,6.7,67.01953125,37,39556.753199100494,5.8,16.0234375,13,39584.618124485016,2.9,266.6328125,95,39556.8646364212
2026-02-15T03:01:53,Spotify,6.6,28.2,96.59063366217075,190.0854136813232,0.0,6023.292847856391,0.0,1598.91796875,51.218,49.0,1815.0,99.5,39.953125,2,1966.7610704898834,14.5,80.87109375,148,39588.555283784866,12.3,297.06640625,39,2036.3898961544037,11.3,67.01953125,37,39558.408407211304,4.7,16.0625,14,39586.27369880676
2026-02-15T03:01:54,Spotify,7.3,28.2,25.443205829958206,25.443205829958206,0.0,78471.6931045111,0.0,1598.91796875,51.245,50.0,1815.0,99.7,39.953125,2,1968.3746359348297,15.2,80.8359375,148,39590.204738378525,8.7,67.01953125,37,39560.026740550995,3.9,266.6328125,95,39560.137843847275,2.9,241.4296875,72,39587.851709365845
2026-02-15T03:01:56,Spotify,6.2,28.2,1599.216744276,1018.2370131109948,0.0,19643.69204240924,0.0,1598.91796875,51.444,50.0,1815.0,98.7,39.953125,2,1970.0363054275513,12.4,80.87890625,148,39591.845544338226,3.8,67.01171875,37,39561.684782505035,2.9,16.05859375,14,39589.53165769577,2.9,17.046875,6,39587.90725469589
2026-02-15T03:01:58,Spotify,5.6,28.2,1110.3673003723832,179.779557414848,0.0,24961.93448038025,1.0,1598.91796875,51.428,50.0,1815.0,98.3,39.953125,2,1971.6890239715576,11.4,80.87109375,148,39593.4901907444,7.5,16.0625,13,39591.193819761276,4.7,67.01171875,37,39563.34196305275,2.8,22.66796875,36,39593.507573843
2026-02-15T03:01:59,Spotify,6.3,28.2,0.0,0.0,0.0,193945.05923336142,0.0,1598.91796875,51.293,50.0,1815.0,100.1,39.953125,2,1973.3437163829803,14.1,80.8515625,148,39595.150799036026,8.5,66.953125,37,39564.98702669144,5.6,275.625,88,2042.1927621364594,4.7,4.1328125,400,1771113718.0975103
2026-02-15T03:02:01,Spotify,6.9,28.2,859.0338595867516,626.6323479988343,0.0,31460.59415506381,0.0,1598.91796875,51.455,50.0,1815.0,100.6,39.953125,2,1974.974179983139,13.3,80.8828125,148,39596.79142308235,9.5,66.95703125,37,39566.62523794174,3.8,16.0234375,13,39594.48660707474,3.8,6.33203125,5,39584.7201731205
2026-02-15T03:02:02,Spotify,6.6,28.2,105.44760078374568,107.28680312299706,40177.988168392774,11300.059172360467,0.0,1598.91796875,51.521,50.0,1815.0,99.8,39.9609375,2,1976.5867280960083,14.3,80.86328125,148,39598.42658996582,3.9,16.0625,14,39596.10509252548,3.9,6.33203125,5,39586.33437991142,3.9,266.6328125,95,39568.342566251755
2026-02-15T03:02:04,Spotify,6.5,28.2,2554.892569318063,2992.8565034685726,0.0,9171.916070898114,0.0,1598.91796875,51.294,50.0,1815.0,100.2,39.95703125,2,1978.2095646858215,11.6,80.83203125,148,39600.04232811928,5.8,16.05859375,14,39597.715198516846,5.8,66.95703125,37,39569.84725832939,2.9,276.09765625,88,2047.0698380470276
2026-02-15T03:02:06,Spotify,6.9,28.2,40.85365259379695,0.0,10141.60975904196,150539.51986077908,0.0,1598.91796875,51.5,51.0,1815.0,98.0,39.9609375,2,1979.8507947921753,13.6,80.875,148,39601.656480789185,11.2,66.984375,37,39571.521599531174,9.5,16.0234375,13,39599.3529150486,2.9,4.1328125,400,1771113724.603551
2026-02-15T03:02:07,Spotify,5.8,28.2,1608.3786853983102,1342.4168497762678,0.0,11065.93353089274,0.0,1598.91796875,51.492,51.0,1815.0,96.8,39.9609375,2,1981.497462272644,12.2,80.85546875,148,39603.32644343376,9.7,66.984375,37,39573.135514974594,8.7,266.953125,95,39573.24641633034,5.6,16.0234375,13,39601.014904499054
2026-02-15T03:02:09,Spotify,7.1,28.2,365.2354799226064,34.163182645822026,10176.901535802692,94772.39555216258,0.0,1598.91796875,51.45,51.0,1815.0,100.5,39.9609375,2,1983.082815170288,13.6,80.859375,148,39604.93577861786,7.8,66.984375,37,39574.74002671242,5.0,16.0546875,14,39602.591178655624,4.9,266.91015625,95,39574.8512609005
2026-02-15T03:02:11,Spotify,5.5,28.2,0.0,0.0,0.0,4466.216056276682,0.0,1598.91796875,51.521,51.0,1815.0,99.7,39.24609375,2,1984.6965124607086,12.7,80.859375,148,39606.53906536102,3.9,266.91015625,95,39576.46348452568,3.8,16.0234375,13,39604.224857091904,2.9,22.66796875,36,39606.558539152145
2026-02-15T03:02:12,Spotify,6.4,28.2,607.4939059922974,434.6297864009933,0.0,152673.5904230398,2.0,1598.91796875,51.463,51.0,1815.0,98.3,39.25,3,1986.3500061035156,13.5,80.8515625,148,39608.159163713455,6.7,66.9921875,37,39577.99442696571,5.7,16.0234375,13,39605.86143040657,4.8,266.91015625,95,39578.10527586937
2026-02-15T03:02:14,Spotify,6.7,28.2,4013.447171230476,858.0888550642804,39463.656986310656,587638.5173117821,0.0,1598.91796875,51.557,51.0,1815.0,97.4,39.96484375,3,1987.9854917526245,14.1,80.87890625,148,39609.817683935165,4.7,14.86328125,11,39610.0124335289,2.9,16.0234375,13,39607.48095655441,2.9,6.33203125,5,39597.731540203094
2026-02-15T03:02:16,Spotify,6.0,28.1,79.83548168146942,133.663950390945,0.0,31895.484560257355,1.0,1598.91796875,51.473,52.0,1815.0,99.5,39.953125,3,1989.6494617462158,12.3,80.875,148,39611.476548433304,6.6,67.00390625,37,39581.31766629219,2.8,16.05859375,14,39609.17201805115,2.8,266.91015625,95,39581.42886686325
2026-02-15T03:02:17,Spotify,6.0,28.2,1997.510115781351,662.7907916956724,0.0,45537.62615885561,0.0,1598.91796875,51.608,52.0,1815.0,100.1,39.96484375,3,1991.273538351059,13.4,80.87890625,148,39613.11234116554,5.9,67.0078125,37,39582.91721081734,5.8,16.05859375,13,39610.78839421272,4.8,6.33203125,5,39601.01991772652
2026-02-15T03:02:19,Spotify,6.1,28.2,2460.6561533241343,26.170564304789476,0.0,71144.05595389627,0.0,1598.60546875,51.784,52.0,1815.0,100.1,39.96484375,3,1992.8971881866455,14.5,80.85546875,148,39614.73489665985,10.5,67.0078125,37,39584.55358552933,10.5,297.09375,39,2062.5378041267395,4.8,266.91015625,95,39584.66499567032
2026-02-15T03:02:20,Spotify,7.1,28.2,1257.4721917257102,430.5741356881809,0.0,11273.213734381465,0.0,1596.35546875,51.722,52.0,1815.0,99.4,39.96484375,3,1994.500393629074,13.5,80.859375,148,39616.35168170929,9.7,67.0078125,37,39586.16604304314,4.9,16.0234375,13,39614.02176809311,4.8,4.1328125,400,1771113739.2997174
2026-02-15T03:02:22,Spotify,6.5,28.2,0.0,53.26416481273603,0.0,97669.13644545605,1.0,1595.35546875,51.708,52.0,1815.0,98.7,39.96484375,3,1996.1459939479828,14.5,80.8671875,148,39617.96824622154,7.7,266.91015625,95,39587.90067386627,5.8,67.015625,37,39587.790184259415,2.9,22.66796875,36,39617.97974729538
2026-02-15T03:02:24,Spotify,6.4,28.2,30.81774703182095,33.28316679436662,0.0,13885.244102657247,1.0,1595.16796875,51.825,52.0,1815.0,97.3,39.96875,3,1997.735643863678,13.5,80.87109375,148,39619.589547395706,9.7,67.01953125,37,39589.39851260185,3.9,16.0234375,13,39617.256814956665,2.9,22.66796875,36,39619.601311445236
2026-02-15T03:02:25,Spotify,6.3,28.2,0.0,33.468425583677856,0.0,35540.98882723005,1.0,1595.16796875,52.884,52.0,1815.0,99.0,39.25390625,3,1999.3933753967285,10.6,80.8203125,148,39621.20390343666,6.6,67.01953125,37,39591.04510521889,5.7,266.90234375,95,39591.15643572807,3.8,16.05859375,14,39618.89912891388
2026-02-15T03:02:27,Spotify,6.5,28.2,589.9078603842718,589.9078603842718,0.0,13104.729989362995,0.0,1593.29296875,52.304,52.0,1815.0,99.0,39.96484375,3,2000.9878287315369,14.3,80.875,148,39622.84507012367,5.8,16.0625,14,39620.5043592453,4.9,266.91015625,95,39592.737315416336,3.0,69.99609375,48,39614.60262823105
2026-02-15T03:02:28,Spotify,6.8,28.1,935.0688077749587,859.7315104660757,10372.489740409563,41489.95896163825,1.0,1593.19921875,52.098,52.0,1815.0,100.7,39.96484375,3,2002.5711431503296,13.9,80.83984375,148,39624.422788619995,4.9,67.0390625,37,39594.22241520882,2.9,246.875,72,39622.05376839638,2.9,16.05859375,14,39622.09533023834
2026-02-15T03:02:30,Spotify,6.9,28.1,955.9863951421912,608.8685510754599,0.0,27317.48385856084,0.0,1593.19921875,52.003,51.0,1815.0,98.8,39.96484375,3,2004.1529717445374,12.7,80.87890625,148,39626.019458293915,7.9,16.0234375,13,39623.683550834656,6.9,67.04296875,37,39595.80057621002,3.9,22.66796875,36,39626.025436639786
2026-02-15T03:02:32,Spotify,5.9,28.1,544.6108789989929,201.47454483199738,0.0,19019.197032140553,1.0,1589.19921875,52.08,51.0,1815.0,97.5,39.96875,3,2005.7392709255219,11.8,80.86328125,148,39627.604976177216,4.0,16.0234375,13,39625.26562547684,3.0,266.91796875,95,39597.501098394394,2.9,67.0390625,37,39597.389726400375
2026-02-15T03:02:33,Spotify,6.3,28.1,66.85172954381352,41.62466179143106,0.0,5489.409942918423,0.0,1589.19921875,51.917,51.0,1815.0,99.3,39.96875,3,2007.3291263580322,12.8,80.8828125,148,39629.191831827164,5.9,67.0390625,37,39598.96859526634,4.9,16.0234375,13,39626.85614490509,3.9,22.66796875,36,39629.20037102699
2026-02-15T03:02:35,Spotify,6.2,28.1,0.0,0.0,10361.78413669939,93579.86298456637,1.0,1589.19921875,51.991,51.0,1815.0,100.5,39.96875,3,2008.9302279949188,13.9,80.87890625,148,39630.77075219154,7.7,67.0390625,37,39600.585241794586,4.0,4.1328125,400,1771113753.7189684,2.0,23.40234375,4,39630.7115354538
2026-02-15T03:02:36,Spotify,6.4,28.1,632.2773916560085,601.2225099440238,0.0,13038.081537959657,0.0,1589.19921875,52.033,50.0,1815.0,99.5,39.26171875,3,2010.516945362091,12.6,80.8515625,148,39632.382633686066,7.9,67.0390625,37,39602.16237449646,5.0,266.91796875,95,39602.273252248764,2.9,4.1328125,400,1771113755.328316
2026-02-15T03:02:38,Spotify,6.2,28.1,134.39799374678248,749.9661632190739,0.0,86988.46749980426,1.0,1589.19921875,51.806,50.0,1815.0,100.2,39.26171875,3,2012.0912630558014,14.8,80.85546875,148,39633.958716869354,10.9,67.03125,37,39603.74154543877,5.0,16.0234375,13,39631.617872714996,4.9,22.66796875,36,39633.962436914444
2026-02-15T03:02:40,Spotify,6.5,28.1,253.87793284858512,221.5084964103905,10398.840129478045,164106.6957933254,0.0,1589.19921875,51.785,50.0,1815.0,99.6,39.96875,3,2013.6760258674622,13.9,80.84765625,148,39635.53338909149,4.9,16.0234375,13,39633.203092336655,2.9,67.03125,37,39605.33421635628,2.0,24.80078125,8,2008.6082036495209
2026-02-15T03:02:41,Spotify,5.8,28.1,1997.9246670610528,1513.9592315508135,10271.100641709536,36590.79603609022,1.0,1589.19921875,51.739,49.0,1815.0,100.7,39.96875,3,2015.2893526554108,15.6,80.87109375,148,39637.13173341751,5.9,67.03125,37,39606.92178153992,2.0,4.1328125,400,1771113760.0794961,2.0,266.63671875,95,39607.033182144165
2026-02-15T03:02:43,Spotify,6.2,28.1,330.29743844025387,268.1311905208905,0.0,13503.262578363536,0.0,1589.19921875,51.745,49.0,1815.0,99.8,39.9609375,3,2016.9017243385315,14.7,80.859375,148,39638.72430706024,7.7,67.03125,37,39608.54914546013,2.9,16.0234375,13,39636.41287469864,2.0,4.1328125,400,1771113761.6699562
2026-02-15T03:02:44,Spotify,6.7,28.1,751.4832842387694,563.3039725041023,0.0,13899.355851667488,0.0,1589.19921875,51.517,49.0,1815.0,98.9,39.95703125,3,2018.4989850521088,15.6,296.5078125,39,2088.1327481269836,14.5,80.83984375,148,39640.343529224396,6.8,67.03125,37,39610.15702009201,3.9,16.0234375,13,39638.01649475098
2026-02-15T03:02:46,Spotify,6.3,28.1,108.5004721749783,127.20745013618145,0.0,6066.049386886143,0.0,1589.19921875,51.544,49.0,1815.0,97.9,39.953125,3,2020.124498128891,12.7,80.85546875,148,39641.948424100876,4.8,266.63671875,95,39611.89554786682,4.8,67.03125,37,39611.784578084946,1.9,4.1328125,400,1771113764.8940814
2026-02-15T03:02:48,Spotify,6.0,28.1,0.0,146.76402816027803,0.0,5924.151310967571,1.0,1589.19921875,51.633,48.0,1815.0,99.3,39.24609375,3,2021.7305583953857,13.3,80.86328125,148,39643.5912668705,6.8,67.00390625,37,39613.39269781113,3.9,16.0234375,13,39641.25345468521,1.9,23.72265625,4,39643.519610881805
2026-02-15T03:02:49,Spotify,6.0,28.1,831.524007348694,618.9539603572986,0.0,42253.923693724915,1.0,1589.19921875,51.456,48.0,1815.0,98.0,39.953125,3,2023.339896440506,12.7,80.8828125,148,39645.18982434273,3.9,4.1328125,400,1771113768.1345928,3.9,16.0625,13,39642.85201931,3.9,266.94921875,95,39615.09723162651
2026-02-15T03:02:51,Spotify,6.6,28.1,453.6277277519071,459.8933041020716,30796.56087632837,176759.4275297597,0.0,1589.19921875,51.433,48.0,1815.0,98.5,39.25,3,2024.9105463027954,13.7,80.86328125,148,39646.7857234478,6.0,266.953125,95,39616.65904259682,6.0,67.015625,37,39616.54755282402,3.0,16.0625,14,39644.43290472031
2026-02-15T03:02:52,Spotify,6.3,28.1,50.052179729397075,35.293203655344094,0.0,9199.333956418417,0.0,1589.19921875,51.529,48.0,1815.0,99.8,39.95703125,3,2026.4766132831573,14.0,80.85546875,148,39648.34470772743,6.9,67.015625,37,39618.13482308388,4.0,16.0234375,13,39646.00256228447,3.0,70.30078125,56,39644.71241235733
2026-02-15T03:02:54,Spotify,6.6,28.1,713.0839373452592,516.500656988445,0.0,118280.52863456112,1.0,1589.19921875,51.378,48.0,1815.0,96.9,39.95703125,3,2028.1202006340027,14.7,80.86328125,148,39649.941878795624,6.7,67.01953125,37,39619.77211642265,2.9,16.0234375,14,39647.631616830826,2.0,4.1328125,400,1771113772.8873117
2026-02-15T03:02:56,Spotify,5.5,28.1,0.0,33.15097238790132,0.0,6600.726946568796,0.0,1589.19921875,51.296,47.0,1815.0,99.0,39.25,3,2029.6992869377136,12.5,80.85546875,148,39651.57048678398,7.9,67.01953125,37,39621.34820485115,2.9,16.0234375,14,39649.22778773308,2.0,17.05078125,6,39647.59583282471
2026-02-15T03:02:57,Spotify,5.9,28.1,0.0,68.7680694152651,0.0,12062.42876854428,1.0,1589.19921875,51.164,47.0,1815.0,97.3,39.95703125,3,2031.304740190506,13.9,80.86328125,148,39653.14113497734,9.8,67.02734375,37,39622.94911336899,5.9,16.05859375,14,39650.8283700943,3.9,295.37890625,39,2100.9330394268036
2026-02-15T03:02:59,Spotify,6.7,28.1,0.0,33.578986945120164,0.0,16874.06277301446,0.0,1589.19921875,51.056,47.0,1815.0,99.1,39.953125,3,2032.8815338611603,15.5,80.85546875,148,39654.74864459038,6.9,66.984375,37,39624.53320479393,4.0,16.0234375,13,39652.40011572838,3.9,266.91796875,95,39624.644323825836
2026-02-15T03:03:00,Spotify,6.3,28.1,609.4720256032857,609.4720256032857,0.0,15151.172338964325,1.0,1589.19921875,50.988,47.0,1815.0,99.6,39.9609375,3,2034.4667644500732,14.8,80.859375,148,39656.33461070061,5.9,67.00390625,37,39626.11678195,4.0,266.91796875,95,39626.22533202171,3.0,16.05859375,13,39653.98552417755
2026-02-15T03:03:02,Spotify,6.3,28.1,140.40218362234987,110.67739699960012,0.0,11980.986335773854,0.0,1589.19921875,50.814,47.0,1815.0,99.8,39.25390625,3,2036.0479135513306,15.8,80.87890625,148,39657.918566942215,6.0,67.00390625,37,39627.689489364624,4.0,16.05859375,14,39655.56298160553,2.0,4.1328125,400,1771113780.865175
2026-02-15T03:03:04,Spotify,6.2,28.1,0.0,34.330041732480744,10415.988958240085,41012.95652307033,1.0,1589.19921875,50.855,48.0,1815.0,99.8,39.9609375,3,2037.6301057338715,11.9,80.828125,148,39659.49001407623,4.9,67.00390625,37,39629.28630614281,3.9,266.91796875,95,39629.39731860161,3.0,16.0234375,13,39657.14905953407
2026-02-15T03:03:05,Spotify,6.1,28.1,4255.632065639949,4708.946664547008,0.0,127942.70873529749,4.0,1589.19921875,50.83,48.0,1815.0,98.8,39.9609375,3,2039.2580201625824,15.7,80.8671875,148,39661.08374404907,5.7,67.0078125,37,39630.92232251167,3.8,6.296875,4,39649.00162148476,2.9,295.4453125,39,2108.901448249817
2026-02-15T03:03:07,Spotify,6.6,28.1,0.0,33.03509582321767,130300.20610331069,16913.969061487445,1.0,1589.19921875,50.871,48.0,1815.0,99.0,39.9609375,3,2040.8685548305511,13.3,80.83984375,148,39662.724277973175,4.9,67.0078125,37,39632.51597690582,2.9,16.05859375,13,39660.38252091408,2.9,17.01171875,6,39658.75184416771
2026-02-15T03:03:08,Spotify,5.7,28.1,0.0,0.0,10277.813682997028,54279.70351332806,0.0,1589.19921875,50.981,48.0,1815.0,98.6,39.9609375,3,2042.4530184268951,13.8,80.87890625,148,39664.315177202225,6.9,67.015625,37,39634.09094071388,4.0,266.91796875,95,39634.2024576664,3.9,16.05859375,14,39661.97296452522
2026-02-15T03:03:10,Spotify,6.5,28.1,1189.4088504644667,1164.182787888338,0.0,104940.42031669525,4.0,1589.19921875,50.963,48.0,1815.0,99.5,39.9609375,3,2044.0384109020233,16.6,295.671875,39,2113.679992198944,13.8,80.875,148,39665.89572739601,4.9,67.02734375,37,39635.691905260086,3.0,16.0234375,13,39663.543494701385
2026-02-15T03:03:12,Spotify,6.7,28.1,0.0,0.0,0.0,9938.25138708875,1.0,1589.19921875,51.004,48.0,1815.0,97.9,39.9609375,3,2045.634581565857,11.7,80.8828125,148,39667.49629044533,6.9,67.03515625,37,39637.28016829491,3.9,4.13671875,400,1771113790.4418685,3.9,146.16796875,277,39662.376496076584
2026-02-15T03:03:13,Spotify,7.1,28.1,1225.5962900952757,95.87783638419037,80093.31679420367,10011.664599275458,1.0,1589.19921875,51.152,49.0,1815.0,97.8,39.9609375,3,2047.2168533802032,15.8,80.875,148,39669.08266210556,5.9,16.0234375,13,39666.7393450737,4.9,4.13671875,400,1771113792.0292156,4.0,275.0,87,2116.1041951179504
2026-02-15T03:03:15,Spotify,5.2,28.1,3114.117953269843,512.1276715796166,10423.22952939185,75568.41408809091,0.0,1589.19921875,51.01,49.0,1815.0,99.7,39.94921875,3,2048.784292936325,12.0,80.8359375,148,39670.65109157562,6.0,16.0625,14,39668.30628180504,3.0,274.96875,87,2117.6726381778717,3.0,266.91796875,95,39640.53592252731
2026-02-15T03:03:16,Spotify,7.1,28.1,1542.3126708271193,35.08155372021983,0.0,23840.148215398844,0.0,1589.19921875,51.053,49.0,1815.0,100.3,39.95703125,3,2050.4036395549774,12.0,80.85546875,148,39672.2192800045,8.7,19.74609375,5,142.89965105056763,6.7,67.046875,37,39642.05850315094,2.9,6.17578125,4,39660.150552749634
2026-02-15T03:03:18,Spotify,6.4,28.1,203.39737398583,112.32392294739866,271073.44829614804,129319.44322385045,0.0,1589.19921875,51.233,49.0,1815.0,97.8,39.95703125,3,2052.0338611602783,12.3,80.85546875,148,39673.86514687538,4.8,266.9140625,95,39643.81413578987,3.8,16.0234375,13,39671.54370689392,2.8,67.046875,37,39643.70339179039
2026-02-15T03:03:20,Spotify,6.2,28.1,945.345329528467,463.5004914505679,0.0,53849.218046309776,0.0,1589.19921875,51.139,49.0,1815.0,97.9,39.95703125,3,2053.693255662918,15.3,80.8671875,148,39675.50120997429,5.7,16.0234375,13,39673.201807022095,5.7,67.0546875,37,39645.35074925423,4.7,274.890625,86,2122.544857263565
2026-02-15T03:03:21,Spotify,5.8,28.1,1115.6968589592434,772.8271364734061,9977.93522772284,69221.92564232722,0.0,1589.19921875,51.312,49.0,1815.0,99.9,39.25,3,2055.2758026123047,12.4,80.8671875,148,39677.145307302475,7.9,67.046875,37,39646.923798561096,4.9,16.0234375,13,39674.79681444168,3.0,266.890625,95,39647.0352127552
2026-02-15T03:03:23,Spotify,6.1,28.1,340.3078682725282,187.2963080977534,0.0,49735.740986934274,0.0,1589.19921875,51.179,50.0,1815.0,99.0,39.9609375,3,2056.8521308898926,13.9,80.8515625,148,39678.71999001503,6.9,67.046875,37,39648.502308130264,4.0,4.13671875,400,1771113801.6664379,4.0,18.9140625,9,39663.99522662163
2026-02-15T03:03:24,Spotify,6.5,28.1,1980.2258142566222,1185.3464381113583,0.0,30507.140841402917,0.0,1589.19921875,51.3,50.0,1815.0,99.1,39.96484375,3,2058.428663253784,14.9,80.87890625,148,39680.29661130905,5.9,67.0703125,37,39650.083327293396,4.0,16.0234375,13,39677.95224738121,3.0,146.2421875,277,39675.17098855972
2026-02-15T03:03:26,Spotify,6.7,28.1,3998.703103436781,2376.230095966162,0.0,5408.65762429118,1.0,1589.19921875,51.308,50.0,1815.0,98.4,39.96484375,3,2060.0648884773254,15.3,6.2421875,11,39681.90395975113,12.6,80.85546875,148,39681.9085919857,6.7,67.07421875,37,39651.72053551674,5.8,275.71875,85,2128.940056324005
2026-02-15T03:03:28,Spotify,6.6,28.1,642.4561399987899,25.99533514445971,10140.65645254352,215805.8451306918,0.0,1589.19921875,51.428,50.0,1815.0,99.4,39.2578125,3,2061.71612739563,14.5,80.890625,148,39683.526673316956,5.6,67.07421875,37,39653.38154864311,1.9,4.13671875,400,1771113806.4682105,1.9,16.05859375,14,39681.230409383774
2026-02-15T03:03:29,Spotify,5.6,28.1,624.13720077097,424.94447712066045,0.0,48211.88249514402,1.0,1589.19921875,51.335,50.0,1815.0,96.9,39.95703125,3,2063.327865123749,13.2,80.86328125,148,39685.17840576172,5.9,67.07421875,37,39654.97877025604,1.9,16.0234375,13,39682.851259469986,1.0,22.671875,36,39685.187631845474
2026-02-15T03:03:31,Spotify,5.5,28.1,0.0,151.24224829572776,0.0,7390.1606470144825,0.0,1589.19921875,51.319,50.0,1815.0,99.9,39.9609375,3,2064.9080080986023,13.7,80.83203125,148,39686.769577503204,7.9,67.078125,37,39656.560853242874,2.0,17.046875,6,39682.79245758057,2.0,266.63671875,95,39656.67197728157
2026-02-15T03:03:32,Spotify,6.2,28.1,109.13776750406191,145.30551603738476,0.0,25015.391546977542,0.0,1589.19921875,51.495,51.0,1815.0,100.2,39.9609375,3,2066.4986929893494,11.9,80.84765625,148,39688.34782290459,9.7,297.7578125,39,2136.1493287086487,6.8,67.046875,37,39658.16042661667,2.9,16.0234375,13,39686.01782131195
2026-02-15T03:03:34,Spotify,6.3,28.1,955.0356967153642,938.9534893872558,0.0,5700.523951378755,0.0,1589.19921875,51.48,51.0,1815.0,100.3,39.9609375,3,2068.087699174881,13.5,80.85546875,148,39689.96183991432,4.9,16.0234375,13,39687.61081647873,3.9,266.9140625,95,39659.86080980301,2.9,67.046875,37,39659.74926996231
2026-02-15T03:03:36,Spotify,6.1,28.2,0.0,34.17876924845991,0.0,43748.82463802868,0.0,1589.19921875,51.285,51.0,1815.0,98.6,39.25390625,3,2069.70423078537,13.8,80.875,148,39691.54574298859,3.9,67.046875,37,39661.348552942276,3.0,4.13671875,400,1771113814.4917378,2.0,135.33984375,99,2139.6162192821503
2026-02-15T03:03:37,Spotify,6.2,28.2,124.16493363195713,143.60489798847567,0.0,12200.772468400797,0.0,1589.19921875,51.573,51.0,1815.0,99.3,39.9609375,3,2071.2621252536774,12.8,80.8671875,148,39693.13615679741,11.0,67.046875,37,39662.91147232056,3.0,16.0234375,13,39690.78668689728,3.0,146.35546875,277,39688.00583648682
2026-02-15T03:03:39,Spotify,6.6,28.1,1021.5716925597362,736.3193978089143,0.0,90426.8833533474,0.0,1589.19921875,51.594,51.0,1815.0,98.2,39.25390625,3,2072.8527693748474,14.9,80.8828125,148,39694.71480512619,9.8,67.046875,37,39664.51100611687,4.9,16.0625,14,39692.371711969376,4.9,266.9140625,95,39664.62245941162
2026-02-15T03:03:40,Spotify,6.5,28.1,0.0,34.01438203259633,0.0,55471.158135528945,0.0,1589.19921875,51.51,51.0,1815.0,100.1,39.95703125,3,2074.4456436634064,13.8,80.87109375,148,39696.30043268204,6.9,67.0546875,37,39666.089176654816,4.9,16.05859375,14,39693.96482992172,4.9,295.37109375,39,2144.070960998535
2026-02-15T03:03:42,Spotify,6.5,28.1,107.24545152089253,26.495935081632272,0.0,17764.89361663726,1.0,1589.19921875,51.666,51.0,1815.0,99.6,39.95703125,3,2076.0293850898743,13.8,80.83203125,148,39697.88580226898,5.9,266.9140625,95,39667.77989554405,4.0,67.05859375,37,39667.669018507004,3.0,4.13671875,400,1771113820.833114
2026-02-15T03:03:44,Spotify,6.8,28.1,727.815847614426,612.6310786876212,0.0,79388.8868910901,0.0,1589.19921875,51.505,52.0,1815.0,98.9,39.94921875,3,2077.624801158905,14.8,80.8671875,148,39699.46648001671,8.7,67.0625,37,39669.27921676636,7.8,16.0234375,13,39697.141536951065,4.9,4.13671875,400,1771113822.412761
2026-02-15T03:03:45,Spotify,6.5,28.1,40.84892023908707,62.51122642648173,0.0,33907.07949057797,0.0,1589.19921875,51.505,52.0,1815.0,99.1,39.25390625,3,2079.249508857727,12.6,80.84375,148,39701.081663131714,5.8,16.0625,14,39698.770908117294,4.8,67.0625,37,39670.91840672493,3.8,266.9140625,95,39671.02970933914
2026-02-15T03:03:47,Spotify,6.3,28.1,0.0,32.852698362967026,0.0,10279.24428779057,0.0,1589.19921875,51.637,52.0,1815.0,99.2,39.95703125,3,2080.8883242607117,16.2,80.8828125,148,39702.72530293465,5.9,67.06640625,37,39672.51821875572,3.8,16.0234375,13,39700.39969301224,2.9,17.02734375,6,39698.77490568161
2026-02-15T03:03:48,Spotify,5.7,28.1,615.5200870486499,474.15063616146,0.0,34909.496969523425,1.0,1589.19921875,51.544,52.0,1815.0,100.2,39.95703125,3,2082.4942939281464,15.6,80.87890625,148,39704.32447099686,6.8,67.05859375,37,39674.1234691143,3.9,266.9140625,95,39674.234323978424,2.9,6.171875,4,39692.24001479149
2026-02-15T03:03:50,Spotify,6.0,28.1,0.0,0.0,0.0,25948.165700768033,0.0,1589.19921875,51.666,52.0,1815.0,97.8,39.95703125,3,2084.0753564834595,14.7,80.84375,148,39705.91906642914,5.0,67.05859375,37,39675.69794511795,4.0,16.0234375,13,39703.593143463135,2.0,24.75390625,6,2078.978952884674
2026-02-15T03:03:51,Spotify,5.8,28.1,255.64124564572086,89.47443597600231,0.0,9489.403038369159,0.0,1589.19921875,52.225,52.0,1815.0,99.6,39.25390625,3,2085.6129851341248,12.0,80.875,148,39707.48528552055,3.0,16.0234375,13,39705.136412382126,3.0,67.05859375,37,39677.2655711174,2.0,266.9140625,95,39677.376371860504
2026-02-15T03:03:53,Spotify,6.1,28.1,1575.82539948014,1149.105303357354,0.0,100163.99550058416,0.0,1589.19921875,51.974,52.0,1815.0,99.8,39.95703125,3,2087.2101311683655,15.8,80.83203125,148,39709.06678342819,3.9,16.0234375,13,39706.732990026474,3.9,67.05859375,37,39678.854863643646,3.0,4.13671875,400,1771113832.0131314
2026-02-15T03:03:55,Spotify,5.9,28.1,0.0,0.0,0.0,105603.20048128266,1.0,1589.19921875,52.117,52.0,1815.0,100.1,39.95703125,3,2088.8046889305115,13.9,80.87109375,148,39710.64271426201,7.8,67.0625,37,39680.453552246094,5.9,16.05859375,14,39708.32456994057,3.0,4.13671875,400,1771113833.5896237
2026-02-15T03:03:56,Spotify,5.9,28.1,318.184332549882,67.38021159879854,0.0,8944.099198892369,0.0,1589.19921875,52.08,52.0,1815.0,99.7,39.95703125,3,2090.368978500366,13.6,80.86328125,148,39712.247322797775,7.0,67.07421875,37,39682.00755763054,4.0,16.0234375,14,39709.89701652527,3.0,295.48828125,39,2159.9910061359406
2026-02-15T03:03:58,Spotify,5.7,28.1,49.99356841641356,69.86280714601382,0.0,9844.887318924517,1.0,1589.19921875,52.023,51.0,1815.0,97.9,39.96484375,3,2091.949384689331,13.1,80.88671875,148,39713.80275559425,10.0,296.77734375,39,2161.561211824417,9.9,67.07421875,37,39683.58259391785,3.0,274.8984375,85,2160.8376677036285
2026-02-15T03:03:59,Spotify,7.5,28.1,490.23608978616016,616.2967985883157,0.0,63565.157408117186,1.0,1589.19921875,51.91,51.0,1815.0,97.9,39.96484375,3,2093.4815237522125,15.9,80.87109375,148,39715.374011039734,10.2,67.0625,37,39685.113089084625,9.0,16.0234375,13,39713.009647369385,4.0,22.80078125,36,39715.375051259995
2026-02-15T03:04:01,Spotify,6.3,28.1,145.2086614448275,134.79010277614034,0.0,17669.87550209345,1.0,1589.19921875,51.907,51.0,1815.0,100.3,39.24609375,2,2095.0389726161957,11.2,80.828125,148,39716.91007184982,7.0,67.0703125,37,39686.66971755028,5.0,266.8984375,95,39686.78119444847,3.1,16.0234375,13,39714.54513216019
2026-02-15T03:04:02,Spotify,6.6,28.1,110.9672162163243,112.90269091777182,0.0,12552.198597120963,0.0,1589.19921875,51.898,50.0,1815.0,100.1,39.94921875,2,2096.6159329414368,13.1,80.8671875,148,39718.46029663086,3.9,266.9140625,95,39688.36939430237,3.9,67.0703125,37,39688.258445978165,2.9,16.0234375,13,39716.14265179634
2026-02-15T03:04:04,Spotify,6.0,28.1,4105.818925747302,4047.4423533433123,0.0,177083.13541972527,1.0,1589.19921875,51.838,50.0,1815.0,99.8,39.94921875,2,2098.166712999344,12.7,80.859375,148,39720.05781912804,6.0,16.0234375,13,39717.68690562248,5.1,266.90234375,95,39689.9120824337,3.1,55.13671875,31,39673.82942581177
2026-02-15T03:04:06,Spotify,5.9,28.1,414.9440458539153,314.4701731157031,10689.376174953693,213787.52349907384,0.0,1589.19921875,51.959,50.0,1815.0,100.0,39.9453125,2,2099.69739985466,12.3,80.8828125,148,39721.58696579933,5.1,16.0234375,13,39719.23103094101,5.1,67.05078125,37,39691.33692789078,4.1,266.6328125,95,39691.44823908806
2026-02-15T03:04:07,Spotify,6.7,28.1,370.6852850198851,0.0,0.0,55938.36048468498,1.0,1589.19921875,51.905,50.0,1815.0,99.3,39.9453125,2,2101.2237107753754,14.2,80.84375,148,39723.12497782707,6.2,67.05078125,37,39692.8444006443,3.1,274.78125,85,2170.138124227524,3.1,16.0234375,13,39720.75839662552
2026-02-15T03:04:09,Spotify,5.8,28.1,7963.252707693692,2010.7757520794464,0.0,47978.812037802454,0.0,1589.19921875,51.775,49.0,1815.0,98.7,39.953125,2,2102.8871529102325,11.3,80.87109375,148,39724.643450021744,5.5,67.05078125,37,39694.54946017265,3.1,4.13671875,400,1771113847.5865762,3.1,16.0234375,13,39722.28840756416
2026-02-15T03:04:10,Spotify,6.8,28.2,14914.806882066407,6584.351575278188,26091.393698887252,62979.226169727845,1.0,1589.19921875,51.806,49.0,1815.0,99.1,39.94921875,2,2104.481561899185,12.8,80.8671875,148,39726.34601974487,10.9,67.0546875,37,39696.12569022179,5.0,266.6328125,95,39696.236008644104,4.5,16.0234375,13,39724.00698041916
2026-02-15T03:04:12,Spotify,6.1,28.1,1728.5198674977978,34.11552370061443,1231757.4092035769,2437314.096205082,5.0,1589.19921875,51.636,49.0,1815.0,98.6,39.94921875,2,2106.0482544898987,11.9,80.90234375,148,39727.92753839493,4.0,16.0234375,13,39725.56377983093,3.0,266.6328125,95,39697.7839281559,3.0,67.0546875,37,39697.67277765274
2026-02-15T03:04:13,Spotify,6.6,28.1,1560.7395072673348,1484.9062338660565,0.0,82299.19421710013,1.0,1589.19921875,51.639,49.0,1815.0,100.6,39.96484375,3,2107.6017594337463,12.1,80.8515625,148,39729.47443985939,5.0,67.02734375,37,39699.24496746063,5.0,294.60546875,39,2177.231569290161,4.0,16.05859375,14,39727.11993145943
2026-02-15T03:04:15,Spotify,6.4,28.1,41.96792189066033,98.56102868261138,0.0,159854.54272631637,0.0,1589.19921875,51.693,48.0,1815.0,98.4,39.96484375,3,2109.174478530884,12.9,80.83984375,148,39731.04661202431,5.0,67.015625,37,39700.80666089058,4.9,16.0234375,13,39728.69546508789,3.0,4.13671875,400,1771113853.9933827
2026-02-15T03:04:17,Spotify,5.7,28.1,0.0,34.70174361799777,0.0,79623.7933563777,1.0,1589.19921875,51.623,48.0,1815.0,99.7,39.96484375,3,2110.773305416107,13.1,80.8671875,148,39732.60510516167,3.9,266.62890625,95,39702.53883576393,3.9,67.015625,37,39702.42763161659,2.0,16.0234375,13,39730.292883872986
2026-02-15T03:04:18,Spotify,5.8,28.1,1222.2606073472239,1196.593134592932,0.0,5319.278163175118,0.0,1589.19921875,51.464,48.0,1815.0,98.9,39.96484375,3,2112.384694814682,14.3,80.85546875,148,39734.2397506237,3.9,16.0234375,13,39731.897700071335,3.9,67.015625,37,39704.02501678467,2.0,266.62890625,95,39704.13616681099
2026-02-15T03:04:20,Spotify,5.4,28.1,0.0,0.0,0.0,47166.12713833746,0.0,1589.19921875,51.5,48.0,1815.0,98.2,39.96484375,3,2113.974784851074,12.7,80.8671875,148,39735.84343624115,6.9,67.015625,37,39705.601848602295,3.0,266.62890625,95,39705.71343111992,2.9,16.0234375,13,39733.49491047859
2026-02-15T03:04:21,Spotify,6.4,28.1,0.0,55.2727856685237,10530.108376663864,75685.15395727153,1.0,1589.19921875,51.361,48.0,1815.0,98.7,39.96875,3,2115.525966644287,12.0,80.84765625,148,39737.40012192726,7.0,67.03515625,37,39707.16116428375,3.0,266.62890625,95,39707.27268624306,2.0,16.0625,14,39735.05274248123
2026-02-15T03:04:23,Spotify,5.7,28.1,1428.6094282341292,1327.0222640618454,0.0,14720.555110247915,1.0,1589.19921875,51.414,47.0,1815.0,98.3,39.96875,3,2117.1156351566315,12.0,80.859375,148,39738.964718818665,3.9,67.0546875,37,39708.755769729614,3.0,16.0234375,13,39736.62580752373,2.0,146.69140625,278,39733.85868906975
2026-02-15T03:04:25,Spotify,6.3,28.1,0.0,0.0,10245.148461262996,132546.60821759,4.0,1589.19921875,51.374,47.0,1815.0,99.4,39.96875,3,2118.7033684253693,14.8,295.453125,39,2188.335946083069,14.6,80.8671875,148,39740.56646847725,9.8,67.05078125,37,39710.3441631794,3.9,4.13671875,400,1771113863.512639
2026-02-15T03:04:26,Spotify,7.1,28.1,0.0,34.06837488560765,0.0,19704.13860050552,1.0,1589.19921875,51.111,47.0,1815.0,98.9,39.96484375,3,2120.3156745433807,14.8,80.83203125,148,39742.150044202805,7.7,67.0546875,37,39711.9602432251,3.0,22.8125,36,39742.15857195854,2.9,16.0234375,13,39739.83349227905
2026-02-15T03:04:28,Spotify,6.1,28.1,332.77920265642825,130.2716359193068,0.0,10431.609291434159,0.0,1589.19921875,51.064,47.0,1815.0,97.9,39.97265625,3,2121.928298473358,11.6,80.87890625,148,39743.77001953125,5.9,67.0546875,37,39713.561782836914,2.9,22.8125,36,39743.773345947266,2.9,16.0234375,13,39741.43314886093
2026-02-15T03:04:29,Spotify,7.1,28.1,3891.9827392628795,4109.145459434619,0.0,13496.725822465565,5.0,1589.19921875,50.898,47.0,1815.0,99.9,39.97265625,3,2123.507717370987,13.7,80.85546875,148,39745.36604094505,6.9,266.9140625,95,39715.26018309593,5.9,67.0625,37,39715.149471998215,4.9,4.13671875,400,1771113868.3117065
2026-02-15T03:04:31,Spotify,6.3,28.1,666.42693043262,240.91489973385794,0.0,15378.505391842318,0.0,1589.19921875,51.006,48.0,1815.0,99.8,39.97265625,3,2125.1043558120728,15.7,80.87890625,148,39746.96204710007,3.9,16.0234375,13,39744.62280583382,3.9,266.9140625,95,39716.845905303955,3.9,67.0625,37,39716.73470759392
2026-02-15T03:04:33,Spotify,5.8,28.1,429.36940997569405,138.239112707308,0.0,33269.121760490576,1.0,1589.19921875,51.031,48.0,1815.0,97.7,39.97265625,3,2126.703860759735,11.9,80.8515625,148,39748.531698942184,6.8,16.0234375,13,39746.218423604965,4.8,67.05078125,37,39718.35350251198,2.9,17.0078125,6,39744.59138274193
2026-02-15T03:04:34,Spotify,7.3,28.1,602.1488616102074,430.80568960730284,0.0,43863.85203274356,0.0,1589.19921875,51.008,48.0,1815.0,97.3,39.2734375,3,2128.341322660446,14.3,80.8203125,148,39750.16637659073,5.7,4.13671875,400,1771113873.1119988,4.8,16.0625,14,39747.85083580017,4.8,67.05078125,37,39719.98096895218
2026-02-15T03:04:36,Spotify,6.0,28.1,30.83364184343879,33.300333190913896,0.0,36941.16961978715,1.0,1589.19921875,51.11,48.0,1815.0,99.3,39.98046875,3,2129.914731502533,15.4,80.87109375,148,39751.78406214714,8.0,67.0546875,37,39721.54120826721,6.0,266.91796875,95,39721.652668476105,3.0,16.0234375,13,39749.43096256256
2026-02-15T03:04:37,Spotify,6.8,28.1,192.9139983595373,27.007959770335223,0.0,6584.797810672207,0.0,1589.19921875,51.134,48.0,1815.0,99.0,39.98046875,3,2131.4616713523865,16.1,80.859375,148,39753.339067697525,11.0,67.0625,37,39723.09850001335,3.0,16.0625,14,39750.9881567955,3.0,266.91015625,95,39723.21002244949
2026-02-15T03:04:39,Spotify,6.1,28.1,664.8606075664652,657.8620748552393,0.0,89906.9685898874,1.0,1589.19921875,51.07,49.0,1815.0,99.6,39.9765625,3,2133.045488834381,12.9,80.88671875,148,39754.91419553757,9.9,67.06640625,37,39724.66986846924,8.0,266.91015625,95,39724.78122425079,6.9,16.0234375,13,39752.562398433685
2026-02-15T03:04:40,Spotify,6.6,28.1,295.35977505027324,34.672669245032075,0.0,6903.7136985663865,0.0,1589.19921875,51.217,49.0,1815.0,100.6,39.27734375,3,2134.598388671875,13.1,80.8671875,148,39756.47315120697,7.0,67.0703125,37,39726.239993572235,5.0,266.91015625,95,39726.35159158707,3.0,4.13671875,400,1771113879.4177148
2026-02-15T03:04:42,Spotify,6.3,28.1,0.0,34.31284240136735,0.0,17242.838729694526,1.0,1589.19921875,51.053,49.0,1815.0,95.9,39.98046875,3,2136.211144208908,12.9,80.875,148,39758.04477906227,4.9,16.05859375,14,39755.725076675415,2.0,4.13671875,400,1771113880.9920704,1.9,16.93359375,6,39754.09757065773
2026-02-15T03:04:44,Spotify,5.6,28.1,651.8820107468641,465.8930754772786,10056.906651672904,79826.69654765367,1.0,1589.19921875,51.12,49.0,1815.0,99.1,39.97265625,3,2137.835720062256,13.3,80.87890625,148,39759.685238838196,6.8,67.09375,37,39729.47455382347,4.9,266.91015625,95,39729.58537578583,2.9,16.0234375,13,39757.356711149216
2026-02-15T03:04:45,Spotify,6.9,28.1,41.101084288353086,62.897113835206994,10203.032802732985,78754.65944609522,1.0,1589.19921875,51.32,49.0,1815.0,98.4,39.9765625,3,2139.4073798656464,14.7,80.8359375,148,39761.28128552437,4.0,16.0625,14,39758.93213105202,4.0,67.1015625,37,39731.04300355911,3.0,266.91796875,95,39731.15437269211
2026-02-15T03:04:47,Spotify,6.5,28.1,44641.35587871102,5263.557922592789,0.0,12046.978529128643,0.0,1589.19921875,51.162,49.0,1815.0,99.0,39.96875,3,2140.970808506012,10.9,80.875,148,39762.85263800621,8.0,67.1015625,37,39732.59620261192,6.0,16.0234375,13,39760.48700737953,4.0,266.91796875,95,39732.706909656525
2026-02-15T03:04:48,Spotify,5.8,28.1,5883.470228043063,849.6972374017737,10659.601483606937,329781.42089908966,1.0,1589.19921875,51.304,49.0,1815.0,100.5,39.9765625,3,2142.5247101783752,10.2,80.8359375,148,39764.38838458061,6.0,16.0234375,13,39762.04121828079,6.0,67.09375,37,39734.16772675514,2.0,4.13671875,400,1771113887.3357244
2026-02-15T03:04:50,Spotify,6.8,28.1,0.0,34.06170925124442,0.0,56517.20646132408,0.0,1589.19921875,51.301,50.0,1815.0,99.3,39.9765625,3,2144.1451098918915,18.3,296.1171875,39,2213.779871940613,14.8,80.859375,148,39765.975300073624,7.7,67.09375,37,39735.78796482086,5.7,16.05859375,14,39763.679180145264
2026-02-15T03:04:52,Spotify,6.7,28.1,209.1519704018294,180.1544995791569,0.0,7581.296201468082,0.0,1589.19921875,51.207,50.0,1815.0,99.7,39.96875,3,2145.728718519211,12.5,80.86328125,148,39767.595443964005,10.9,67.1015625,37,39737.37063574791,5.0,16.0234375,13,39765.240676403046,4.9,266.91796875,95,39737.48201465607
2026-02-15T03:04:53,Spotify,6.8,28.1,760.5318678559722,1046.6851626178347,0.0,113952.60093627944,1.0,1589.19921875,51.396,50.0,1815.0,99.7,39.97265625,3,2147.279438495636,12.9,80.86328125,148,39769.16591191292,5.1,67.09375,37,39738.90652990341,5.0,16.05859375,14,39766.81107378006,4.0,4.13671875,400,1771113892.114486
2026-02-15T03:04:55,Spotify,5.9,28.1,0.0,191.37717919505005,10628.89391163288,68091.35162139815,1.0,1589.19921875,51.438,50.0,1815.0,100.6,39.97265625,3,2148.8176658153534,14.2,80.85546875,148,39770.71037888527,6.0,67.09375,37,39740.46004962921,4.0,266.63671875,95,39740.57146501541,3.0,4.13671875,400,1771113893.6580777
2026-02-15T03:04:56,Spotify,5.9,28.1,55.13294261933264,209.63339809909039,0.0,7549.366654479781,4.0,1589.19921875,51.243,50.0,1815.0,99.0,39.9765625,3,2150.3795273303986,13.1,80.8828125,148,39772.26636838913,6.0,67.09375,37,39742.014902830124,3.0,16.0234375,13,39769.90799450874,2.0,4.13671875,400,1771113895.2156198
2026-02-15T03:04:58,Spotify,5.8,28.1,1330.5748737917781,1340.2635257854076,0.0,5291.295808787499,1.0,1589.19921875,51.462,50.0,1815.0,97.1,39.9765625,3,2151.9563281536102,14.1,80.87109375,148,39773.818274497986,5.0,266.63671875,95,39743.69524359703,4.0,67.09375,37,39743.583731651306,3.0,16.0234375,13,39771.46688055992
2026-02-15T03:04:59,Spotify,6.2,28.1,0.0,0.0,0.0,16585.273471583234,0.0,1589.19921875,51.44,50.0,1815.0,99.9,39.9765625,3,2153.505405664444,11.9,80.828125,148,39775.391558885574,6.0,266.63671875,95,39745.26678729057,6.0,67.046875,37,39745.1561293602,5.0,4.13671875,400,1771113898.3393018
2026-02-15T03:05:01,Spotify,6.1,28.1,0.0,0.0,0.0,84654.72043411405,1.0,1589.19921875,51.569,51.0,1815.0,97.4,39.9765625,3,2155.077300786972,15.9,80.87109375,148,39776.968634843826,5.1,67.046875,37,39746.7015914917,5.0,6.171875,4,39764.82013583183,4.0,16.0234375,13,39774.59487104416
2026-02-15T03:05:03,Spotify,6.1,28.1,690.9616909167489,939.133186709154,0.0,4681.298110105156,0.0,1589.19921875,51.574,51.0,1815.0,100.4,39.9765625,3,2156.6335439682007,12.2,80.8359375,148,39778.5014693737,7.9,67.046875,37,39748.27947330475,3.0,16.0625,14,39776.15573143959,2.0,23.62890625,4,39778.43443584442
2026-02-15T03:05:04,Spotify,6.8,28.1,642.8521349520765,166.43009817929254,10407.598200647057,33824.69415210294,1.0,1589.19921875,51.634,51.0,1815.0,99.2,39.9765625,3,2158.209122657776,13.9,80.875,148,39780.07568860054,4.0,4.13671875,400,1771113903.0224729,3.0,22.1875,36,39780.078593969345,3.0,16.0234375,13,39777.725900411606
2026-02-15T03:05:06,Spotify,6.5,28.1,2060.076391878543,34.601594140417205,0.0,121059.44403260633,0.0,1589.19921875,51.496,51.0,1815.0,99.6,39.9765625,3,2159.761974811554,12.0,80.83984375,148,39781.63761138916,5.0,16.0546875,14,39779.28867101669,4.0,22.1875,36,39781.64866065979,4.0,274.79296875,85,2228.672709941864
2026-02-15T03:05:07,Spotify,5.5,28.1,3421.667134298295,519.8683199746802,10476.657508567234,45180.585505696195,0.0,1589.19921875,51.52,51.0,1815.0,99.2,39.9765625,3,2161.306237220764,12.0,80.86328125,148,39783.2017686367,7.1,67.01953125,37,39752.935475349426,5.1,266.63671875,95,39753.04670000076,2.0,24.75390625,6,2156.216442346573
2026-02-15T03:05:09,Spotify,6.1,28.1,316.5824524866525,35.534765075032425,0.0,9262.298038466633,0.0,1589.19921875,51.629,51.0,1815.0,96.8,39.9765625,3,2162.8891127109528,15.2,80.8515625,148,39784.747368335724,6.9,67.01953125,37,39754.51263308525,3.0,4.13671875,400,1771113907.6951158,3.0,16.0234375,14,39782.406559467316
2026-02-15T03:05:10,Spotify,6.6,28.1,0.0,0.0,0.0,8200.675427664184,0.0,1589.19921875,51.572,51.0,1815.0,99.5,39.2734375,3,2164.4442393779755,15.0,80.890625,148,39786.30626988411,5.0,16.0625,13,39783.965356588364,5.0,67.03515625,37,39756.085374355316,3.0,22.9765625,116,39742.91576242447
2026-02-15T03:05:12,Spotify,6.3,28.1,1244.127678783652,676.431207468754,0.0,21038.907088373955,0.0,1589.19921875,51.623,52.0,1815.0,99.1,39.9765625,3,2166.005400657654,13.8,80.86328125,148,39787.89130234718,5.0,67.05078125,37,39757.63615608215,4.0,4.13671875,400,1771113910.8376737,4.0,266.9375,94,39757.74751186371
2026-02-15T03:05:13,Spotify,6.8,28.1,0.0,0.0,52845.0873042556,52514.805508604004,1.0,1589.19921875,51.625,52.0,1815.0,98.8,39.96484375,3,2167.5549488067627,13.1,80.890625,148,39789.442147254944,10.0,67.05078125,37,39759.191934108734,5.0,16.0234375,13,39787.08041906357,4.0,274.21875,85,2236.464553117752
2026-02-15T03:05:15,Spotify,6.3,28.1,75.04132168181407,65.33770249882087,10598.939779610704,106651.83153233273,0.0,1589.19921875,51.563,52.0,1815.0,99.2,39.96875,3,2169.114820957184,11.1,80.86328125,148,39790.98449206352,7.0,67.0546875,37,39760.744759082794,6.0,266.94921875,95,39760.856127262115,4.0,16.0625,14,39788.64600634575
2026-02-15T03:05:17,Spotify,5.8,28.1,1370.2760138106075,957.5268309789747,0.0,11813.34307135506,4.0,1589.19921875,51.682,52.0,1815.0,97.7,39.96875,3,2170.6978385448456,14.0,80.83203125,148,39792.54723620415,9.7,296.71875,39,2240.3449544906616,6.8,67.0546875,37,39762.352607011795,4.0,16.05859375,14,39790.219121456146
2026-02-15T03:05:18,Spotify,6.6,28.1,1515.6273621060002,1861.6666698208726,0.0,6032.74262625498,0.0,1589.19921875,51.879,52.0,1815.0,96.5,39.9765625,3,2172.2679903507233,13.6,80.8828125,148,39794.16019797325,5.1,295.70703125,39,2241.8908109664917,5.0,266.9375,95,39764.013256788254,4.8,4.13671875,400,1771113917.106168
2026-02-15T03:05:20,Spotify,7.0,28.1,0.0,0.0,0.0,19833.48044443959,0.0,1589.19921875,53.524,52.0,1815.0,99.2,39.9765625,3,2173.84335398674,14.1,80.8359375,148,39795.7123939991,5.9,67.0625,37,39765.482020139694,5.0,4.13671875,400,1771113918.6585782,5.0,16.05859375,14,39793.36887073517
2026-02-15T03:05:21,Spotify,6.1,28.1,49.29919394249085,108.71104305267214,0.0,64073.78314248657,4.0,1589.19921875,52.039,52.0,1815.0,100.3,39.9765625,3,2175.4331781864166,13.9,80.87890625,148,39797.291565179825,9.8,67.06640625,37,39767.07163333893,3.0,4.13671875,400,1771113920.237728,3.0,16.0234375,13,39794.955374479294
2026-02-15T03:05:23,Spotify,6.6,28.1,1888.7985115209544,1306.5748119300067,0.0,6064.102943919421,0.0,1589.19921875,52.166,52.0,1815.0,98.6,39.9765625,3,2177.064125061035,15.6,80.87109375,148,39798.89902925491,5.8,16.05859375,14,39796.566227674484,5.8,67.07421875,37,39768.69897866249,3.8,266.9453125,95,39768.810183525085
2026-02-15T03:05:25,Spotify,6.1,28.1,802.7242691119557,350.9585176582504,0.0,90482.58180079942,1.0,1589.19921875,52.044,52.0,1815.0,99.3,39.97265625,3,2178.6536123752594,15.6,80.87890625,148,39800.501108169556,5.7,297.13671875,39,2248.3386895656586,4.9,16.0546875,14,39798.16526198387,4.8,67.078125,37,39770.33752799034
2026-02-15T03:05:26,Spotify,6.7,28.1,3936.666979572974,2242.3439202213076,0.0,93942.2809633953,4.0,1589.19921875,52.085,51.0,1815.0,98.2,39.97265625,3,2180.3090212345123,12.3,80.8671875,148,39802.15132308006,9.5,274.7578125,85,2249.184736728668,9.5,6.23828125,11,39802.14517354965,5.9,67.0859375,37,39771.93169093132
2026-02-15T03:05:28,Spotify,7.1,28.1,536.4687021820772,647.1786348257842,0.0,13280.130891752553,1.0,1589.19921875,51.989,51.0,1815.0,97.6,39.97265625,3,2181.8290655612946,15.8,80.8359375,148,39803.73311710358,5.1,266.9453125,95,39773.57868504524,4.1,67.09375,37,39773.467505693436,3.1,16.05859375,14,39801.357696056366
2026-02-15T03:05:29,Spotify,5.7,28.1,32.65330018103596,0.0,0.0,8359.244846345206,0.0,1589.19921875,51.845,51.0,1815.0,98.7,39.9765625,3,2183.3805384635925,13.2,80.87109375,148,39805.26740717888,6.0,67.10546875,37,39775.020626068115,3.0,266.9453125,95,39775.131682395935,2.0,16.0625,13,39802.911657333374
2026-02-15T03:05:31,Spotify,5.8,28.1,192.21419376481086,96.10709688240543,0.0,13449.867851703031,0.0,1589.19921875,51.923,50.0,1815.0,96.4,39.9765625,3,2184.969334602356,14.0,80.84765625,148,39806.82611680031,6.9,67.10546875,37,39776.60478019714,2.0,273.95703125,85,2253.8540551662445,2.0,16.0234375,13,39804.48282933235
2026-02-15T03:05:32,Spotify,6.0,28.1,3945.9697139840778,3262.5051032365964,0.0,18044.472669753028,0.0,1589.19921875,51.888,50.0,1815.0,95.8,39.9765625,3,2186.551862716675,12.8,80.859375,148,39808.41488790512,5.9,67.09765625,37,39778.200907468796,3.9,266.9453125,95,39778.31187701225,3.0,277.0546875,85,2255.433453321457
2026-02-15T03:05:34,Spotify,5.8,28.1,2293.5303586251916,2990.879080144783,0.0,46920.08247617688,0.0,1589.19921875,51.851,50.0,1815.0,98.2,39.9765625,3,2188.158626317978,13.7,80.859375,148,39810.00956821442,6.9,67.09765625,37,39779.791880607605,2.9,16.0625,14,39807.68672609329,2.0,266.9453125,95,39779.90346336365
2026-02-15T03:05:36,Spotify,6.0,28.1,190.09926141259905,49.89316163320706,0.0,45593.50790663903,1.0,1589.19921875,51.793,50.0,1815.0,99.2,39.9765625,3,2189.718387365341,13.8,80.87890625,148,39811.59142923355,5.0,16.0625,14,39809.23827767372,5.0,67.09765625,37,39781.362956523895,3.0,297.828125,39,2259.350879430771
2026-02-15T03:05:37,Spotify,6.7,28.1,6764.39644987183,6540.018330457739,0.0,112928.93543225227,0.0,1601.26171875,51.803,49.0,1815.0,100.3,39.9765625,3,2191.4483749866486,27.8,304.453125,39,2261.094226837158,12.9,80.859375,148,39813.16191959381,6.0,277.7421875,85,2260.1889872550964,5.0,6.23828125,11,39813.14825582504
2026-02-15T03:05:39,Spotify,8.4,28.2,176588.39212570546,19585.702135896583,38163.42206051923,435650.1410600811,0.0,1601.26171875,51.71,49.0,1815.0,99.1,39.98046875,3,2193.072429895401,22.3,80.8515625,148,39814.91274690628,10.7,276.125,91,2261.9380888938904,6.8,67.1015625,37,39784.703479766846,3.6,4.13671875,400,1771113937.8564942
2026-02-15T03:05:41,Spotify,6.1,28.2,0.0,0.0,0.0,13491.32943685555,1.0,1601.13671875,51.614,49.0,1815.0,100.0,39.9765625,3,2194.6184134483337,13.8,80.87890625,148,39816.50186920166,8.0,16.0234375,13,39814.14118862152,6.0,67.10546875,37,39786.27228522301,5.0,266.9375,95,39786.38356900215
2026-02-15T03:05:42,Spotify,6.3,28.1,1297.4372714937685,3174.3372225185444,0.0,39362.79816042211,0.0,1599.88671875,51.525,48.0,1815.0,98.4,39.97265625,3,2196.2384836673737,13.9,80.8671875,148,39818.07511806488,4.9,67.11328125,37,39787.87636089325,4.8,16.0625,14,39815.7673201561,3.9,266.9296875,95,39787.9878411293
2026-02-15T03:05:44,Spotify,7.3,28.2,3027775.9385233223,8544.885303172241,10216.69713253842,170171.86161384307,0.0,1598.19921875,51.73,48.0,1815.0,99.2,39.97265625,3,2197.844717979431,13.6,80.8203125,148,39819.68157291412,7.8,67.1015625,37,39789.480110645294,5.8,276.1171875,91,2266.713360309601,2.0,16.95703125,6,39815.72626900673
2026-02-15T03:05:45,Spotify,6.0,28.1,40.98602865100765,212.3821484643124,203489.42224791195,3396683.5904288176,0.0,1597.38671875,51.479,48.0,1815.0,100.4,39.97265625,3,2199.463358402252,13.6,80.875,148,39821.28989863396,7.8,67.1015625,37,39791.090215206146,5.8,16.0625,14,39818.971782922745,2.9,266.6640625,95,39791.201562166214
2026-02-15T03:05:47,Spotify,6.6,28.1,1667.7641988707244,1388.763226978803,0.0,9906.719073531489,0.0,1597.07421875,51.607,48.0,1815.0,100.2,39.97265625,3,2201.03849029541,16.6,80.85546875,148,39822.892287015915,4.9,276.08984375,91,2269.9167642593384,4.9,16.0546875,14,39820.55312824249,4.9,67.1015625,37,39792.67371845245
2026-02-15T03:05:49,Spotify,6.1,28.1,260.1363285983374,2318.551635763874,0.0,20317.08817256167,0.0,1596.44921875,51.525,48.0,1815.0,97.7,39.26953125,3,2202.637870311737,14.8,80.87109375,148,39824.48063278198,5.9,16.0234375,13,39822.14915394783,4.9,67.07421875,37,39794.2769203186,3.9,266.6640625,95,39794.38855600357
2026-02-15T03:05:50,Spotify,6.5,28.1,288.0881373161803,33.81904220668203,0.0,12184.875651355658,0.0,1596.26171875,51.45,47.0,1815.0,98.9,39.9765625,3,2204.204011440277,12.7,80.84375,148,39826.08061170578,7.0,67.07421875,37,39795.82916045189,5.0,16.0234375,13,39823.72650074959,3.0,26.0625,105,39800.462582826614
2026-02-15T03:05:52,Spotify,6.3,28.1,1258.570832259196,1275.9793427463878,0.0,8583.040429833207,0.0,1596.26171875,51.396,47.0,1815.0,99.7,39.9765625,3,2205.7529332637787,15.1,80.875,148,39827.64364647865,10.0,300.72265625,39,2275.375042438507,7.0,67.07421875,37,39797.390184402466,4.0,22.97265625,36,39827.64519739151
2026-02-15T03:05:53,Spotify,6.3,28.1,92.24949620007936,112.108762743152,0.0,7871.957009073439,0.0,1596.07421875,51.175,47.0,1815.0,100.2,39.9765625,3,2207.3437147140503,12.1,80.8671875,148,39829.18890476227,5.9,67.07421875,37,39798.97191405296,4.0,16.0234375,13,39826.86032152176,3.0,70.3203125,57,39825.56889438629
2026-02-15T03:05:55,Spotify,6.4,28.1,4034.2872922583024,2262.35766179739,10262.034310877198,378733.20378581155,0.0,1596.07421875,51.168,47.0,1815.0,98.6,39.9765625,3,2208.9289021492004,15.7,80.87890625,148,39830.783995866776,5.9,67.10546875,37,39800.569303035736,4.9,4.13671875,400,1771113953.7320194,2.0,16.0625,14,39828.43145895004
2026-02-15T03:05:56,Spotify,7.2,28.1,1268.8692815581953,1209.7643695331851,175131.6269840639,48611.90381359127,1.0,1596.07421875,51.003,47.0,1815.0,97.1,39.9765625,3,2210.536427974701,12.8,80.875,148,39832.37530231476,8.8,67.10546875,37,39802.16676425934,5.8,16.0234375,13,39830.055007219315,2.9,22.97265625,36,39832.38848543167
2026-02-15T03:05:58,Spotify,7.9,28.1,41.50781172685676,199.99218377485528,10303.999808073047,28979.999460205447,0.0,1596.07421875,50.864,47.0,1815.0,98.8,39.9765625,3,2212.0863523483276,13.7,80.8359375,148,39833.97108101845,10.1,67.109375,37,39803.71469092369,4.0,276.25,91,2280.9905350208282,4.0,16.0234375,13,39831.616266965866
2026-02-15T03:05:59,Spotify,7.9,28.1,221.68022827414657,54.44777536557986,0.0,10951.781102105206,0.0,1596.07421875,50.924,48.0,1815.0,100.2,39.9765625,3,2213.6144785881042,13.2,80.87109375,148,39835.510049819946,8.2,16.0234375,13,39833.14536643028,8.1,22.97265625,36,39835.51706981659,5.1,275.88671875,91,2282.535125732422
2026-02-15T03:06:01,Spotify,6.8,28.1,629.3895129452037,70.58573976955556,0.0,13385.14768963424,0.0,1596.07421875,51.139,48.0,1815.0,99.4,39.97265625,3,2215.1393201351166,11.2,80.84765625,148,39837.04058933258,6.2,67.10546875,37,39806.767349243164,4.1,4.13671875,400,1771113959.9859085,3.1,266.93359375,95,39806.87839460373
2026-02-15T03:06:03,Spotify,6.2,28.1,3111.603913485687,747.96283346249,0.0,11056.500467351034,1.0,1596.07421875,50.928,48.0,1815.0,99.5,39.9765625,3,2216.6776175498962,14.3,80.85546875,148,39838.56528258324,7.0,67.10546875,37,39808.32575273514,4.1,16.0234375,13,39836.20514416695,2.0,4.13671875,400,1771113961.5137012
2026-02-15T03:06:04,Spotify,6.2,28.1,1587.8648158889948,1100.7661887926124,0.0,13418.86401575756,0.0,1596.07421875,51.046,48.0,1815.0,97.1,39.98046875,3,2218.2862882614136,12.0,80.85546875,148,39840.13371634483,9.8,67.10546875,37,39809.923687934875,4.0,4.13671875,400,1771113963.0786738,3.9,16.0234375,13,39837.801317214966
2026-02-15T03:06:06,Spotify,6.1,28.1,189.2634197634438,189.2634197634438,0.0,93077.75759313784,0.0,1596.07421875,50.985,48.0,1815.0,98.4,39.98046875,3,2219.874793291092,12.7,80.87890625,148,39841.73646044731,7.9,67.10546875,37,39811.50296664238,6.9,16.0625,14,39839.39319729805,4.9,266.953125,95,39811.614136219025
2026-02-15T03:06:07,Spotify,6.1,28.1,1790.4028399322465,1500.8826962214387,0.0,21692.826377551264,0.0,1596.07421875,51.081,49.0,1815.0,100.1,39.98046875,3,2221.404421567917,13.0,80.84765625,148,39843.29422879219,10.2,67.109375,37,39813.0360827446,3.1,26.1015625,105,39817.67027282715,3.0,16.0234375,13,39840.93329501152
2026-02-15T03:06:09,Spotify,6.4,28.1,32.41685455331823,70.02040583516737,0.0,34854.60201572776,0.0,1596.07421875,51.041,49.0,1815.0,100.5,39.98046875,3,2222.9594419002533,12.2,80.8671875,148,39844.83639502525,5.1,16.0234375,13,39842.479326963425,2.0,4.13671875,400,1771113967.783988,2.0,296.671875,39,2292.5713999271393
2026-02-15T03:06:10,Spotify,6.1,28.1,0.0,0.0,0.0,163101.02058764218,0.0,1596.07421875,51.073,49.0,1815.0,99.4,39.9765625,3,2224.515424013138,12.1,80.859375,148,39846.38361811638,8.9,67.12109375,37,39816.169636011124,7.0,16.0234375,13,39844.03662323952,4.9,335.16796875,72,2661.4530482292175
2026-02-15T03:06:12,Spotify,6.5,28.2,9120.63532996945,5780.684364065144,0.0,8705.030571768688,1.0,1596.07421875,51.323,49.0,1815.0,96.9,39.9765625,3,2226.111304998398,11.8,80.83984375,148,39847.971182107925,7.9,67.1328125,37,39817.74383330345,3.9,16.0234375,13,39845.63001847267,2.0,275.82421875,88,2294.9972581863403
2026-02-15T03:06:14,Spotify,5.9,28.1,410.9022133373528,34.87595946536173,10389.231270554303,146098.56474216987,1.0,1596.07421875,51.262,49.0,1815.0,98.6,39.9609375,3,2227.695818424225,11.9,80.87890625,148,39849.548963308334,6.8,67.140625,37,39819.34277534485,2.9,296.625,39,2297.325942993164,2.0,4.13671875,400,1771113972.4969897
2026-02-15T03:06:15,Spotify,6.8,28.1,41.51880587416036,97.50628652264933,0.0,111763.59283070949,1.0,1596.07421875,51.309,49.0,1815.0,97.4,39.9609375,2,2229.252422094345,13.7,80.8515625,148,39851.14079618454,4.0,22.97265625,36,39851.13892149925,3.9,4.13671875,400,1771113974.0889165,3.0,16.0546875,14,39848.779728889465
2026-02-15T03:06:17,Spotify,6.0,28.1,630.732430492813,451.2557226290044,0.0,64980.82405857664,0.0,1596.07421875,51.366,49.0,1815.0,99.2,39.95703125,2,2230.8119571208954,24.2,297.734375,39,2300.4368181228638,13.0,80.87109375,148,39852.700748205185,6.0,4.13671875,400,1771113975.647914,5.0,67.1328125,37,39822.45487546921
2026-02-15T03:06:18,Spotify,6.6,28.1,0.0,0.0,0.0,16836.735200093837,1.0,1596.07421875,51.341,50.0,1815.0,98.7,39.96484375,2,2232.362949371338,13.1,80.84765625,148,39854.2486448288,8.0,16.0234375,13,39851.89033460617,5.1,67.13671875,37,39823.99469041824,3.0,266.9453125,95,39824.105754613876
2026-02-15T03:06:20,Spotify,8.2,28.1,231.5353840081589,77.17846133605296,0.0,11525.316892850577,0.0,1596.07421875,51.264,50.0,1815.0,100.7,39.96875,2,2233.94584608078,13.1,80.8828125,148,39855.803745269775,4.9,67.13671875,37,39825.57440638542,2.0,3.94921875,18,39856.944155454636,2.0,22.97265625,36,39855.81032180786
2026-02-15T03:06:21,Spotify,5.9,28.1,660.9294008567115,449.99448568967586,0.0,62508.3249212568,1.0,1596.07421875,51.367,50.0,1815.0,98.3,39.96875,2,2235.5360777378082,12.0,80.84765625,148,39857.37046074867,6.8,67.140625,37,39827.18605470657,4.9,266.94140625,95,39827.295961380005,2.0,23.76171875,4,39857.31869721413
2026-02-15T03:06:23,Spotify,5.4,28.1,144.30838182615102,101.75591026202957,0.0,6315.033461110199,0.0,1596.07421875,51.147,50.0,1815.0,97.2,39.96875,2,2237.1120944023132,14.5,80.87109375,148,39858.98897147179,3.0,17.01953125,6,39855.004439115524,3.0,67.140625,37,39828.74108529091,2.0,16.0234375,13,39856.630690574646
2026-02-15T03:06:25,Spotify,6.1,28.1,100.19053114223753,113.11834161220366,0.0,5957.135064560393,1.0,1596.07421875,51.408,50.0,1815.0,100.0,39.96875,2,2238.675129890442,14.1,80.86328125,148,39860.53741693497,7.1,4.13671875,400,1771113983.4859774,7.0,67.14453125,37,39830.308321237564,4.0,266.9453125,95,39830.419283390045
2026-02-15T03:06:26,Spotify,6.9,28.1,1044.1371430272554,1447.394502109777,20875.098171273403,237128.06828930884,0.0,1596.07421875,51.264,50.0,1815.0,99.1,39.96875,2,2240.2518525123596,14.9,80.8515625,148,39862.11008858681,8.9,67.140625,37,39831.881018161774,6.9,16.0234375,13,39859.76977157593,2.0,4.13671875,400,1771113985.0556707
2026-02-15T03:06:28,Spotify,6.2,28.1,619.2300910190039,471.55290452214837,0.0,4543.133359697257,1.0,1596.07421875,51.199,51.0,1815.0,99.7,39.96875,2,2241.7873315811157,12.9,80.87109375,148,39863.68599772453,5.1,16.0234375,13,39861.315415620804,5.0,67.140625,37,39833.43915557861,4.0,266.6640625,95,39833.54912829399
2026-02-15T03:06:29,Spotify,5.8,28.1,3085.1024072974933,3038.989188836746,41973.27618116017,23609.96785190259,0.0,1596.07421875,51.439,51.0,1815.0,98.8,39.96875,2,2243.353402376175,12.0,80.859375,148,39865.24565196037,5.0,67.140625,37,39834.99317288399,4.0,16.0234375,13,39862.88437795639,2.0,22.97265625,36,39865.24142074585
2026-02-15T03:06:31,Spotify,6.3,28.1,693.65212702193,325.59181472457936,15813.724187097358,27674.017327420373,0.0,1596.07421875,51.365,51.0,1815.0,98.7,39.265625,2,2244.9522726535797,16.1,80.875,148,39866.79993414879,5.9,67.14453125,37,39836.587282419205,4.9,16.05859375,14,39864.46550035477,4.0,4.13671875,400,1771113989.7485285
2026-02-15T03:06:32,Spotify,6.1,28.1,1618.8155378584395,1354.6599791613842,0.0,70033.22289674713,0.0,1596.07421875,51.433,51.0,1815.0,100.5,39.96875,2,2246.5069534778595,12.7,80.84375,148,39868.39384818077,5.0,16.0234375,13,39866.032356500626,5.0,67.1171875,37,39838.14169597626,3.0,17.03125,6,39864.39967870712
2026-02-15T03:06:34,Spotify,6.6,28.1,2312.508706873935,2916.637161390418,0.0,7231.565262139923,1.0,1596.07421875,51.569,51.0,1815.0,98.7,39.96875,2,2248.0741143226624,15.0,80.875,148,39869.952454805374,9.0,67.1171875,37,39839.70176458359,3.0,266.6640625,95,39839.81304860115,2.0,22.97265625,36,39869.95330905914
2026-02-15T03:06:35,Spotify,6.1,28.1,269.33349266234467,253.83228445156223,10582.158138560802,44643.47964705339,1.0,1596.07421875,51.393,51.0,1815.0,98.5,39.97265625,2,2249.61323928833,14.1,80.87109375,148,39871.50480079651,5.1,67.1171875,37,39841.24190568924,3.0,26.1015625,105,39845.87610077858,2.0,22.97265625,36,39871.50874829292
2026-02-15T03:06:37,Spotify,6.0,28.1,1094.3568092940147,1154.6501643084362,0.0,33525.69865059958,1.0,1596.07421875,51.585,51.0,1815.0,98.6,39.97265625,2,2251.1503596305847,13.2,80.875,148,39873.04111623764,8.2,16.0625,14,39870.67445921898,6.1,67.125,37,39842.789669036865,3.0,4.13671875,400,1771113995.9903233
2026-02-15T03:06:39,Spotify,6.4,28.1,177.2928638738813,169.58447848806037,0.0,103600.69958543323,0.0,1596.07421875,51.692,51.0,1815.0,98.6,39.97265625,2,2252.719520330429,14.0,80.875,148,39874.60435295105,9.0,67.140625,37,39844.359753370285,6.0,266.98828125,95,39844.470626592636,3.0,16.0234375,13,39872.246253967285
2026-02-15T03:06:40,Spotify,7.4,28.1,217.96188404239888,76.92772377967019,31509.59566015291,79102.21410517555,0.0,1594.10546875,51.565,52.0,1815.0,99.3,39.97265625,2,2254.309295654297,14.1,80.8359375,148,39876.15814757347,8.8,67.23828125,37,39845.94866681099,7.0,22.140625,36,39876.16673588753,5.9,16.0234375,13,39873.8303232193
2026-02-15T03:06:42,Spotify,6.9,28.1,1631.4139099256959,1097.1789034618873,40901.43152291141,169037.9474657823,0.0,1594.10546875,51.535,52.0,1815.0,99.3,39.97265625,2,2255.945993900299,16.6,80.8671875,148,39877.760993003845,9.5,147.71484375,23,2707.1402909755707,7.7,67.2421875,37,39847.57939314842,3.9,4.13671875,400,1771114000.7092514
2026-02-15T03:06:43,Spotify,6.7,28.1,4700.680976531782,2658.7086244418474,0.0,183697.09472178944,0.0,1594.10546875,51.5,52.0,1815.0,99.6,39.9765625,3,2257.498294353485,14.5,80.8671875,148,39879.37721157074,10.8,298.140625,39,2327.1524839401245,5.9,67.24609375,37,39849.15897989273,2.0,147.6484375,277,39874.241272211075
2026-02-15T03:06:45,Spotify,7.0,28.1,691.7456519802793,1995.226302205414,0.0,7741.503252762907,0.0,1594.10546875,51.569,52.0,1815.0,97.9,39.98046875,3,2259.1266338825226,14.7,80.875,148,39880.967932224274,9.7,67.25,37,39850.76268386841,7.7,147.9453125,23,2710.3193759918213,5.7,16.0234375,13,39878.65355730057
2026-02-15T03:06:47,Spotify,6.4,28.1,5301.267010661129,2040.4381861251068,0.0,153491.91570924586,1.0,1594.10546875,51.658,52.0,1815.0,99.8,39.98046875,3,2260.692330121994,13.6,80.859375,148,39882.57363009453,5.0,67.25,37,39852.33955693245,4.0,266.953125,95,39852.448145866394,3.0,147.66796875,277,39877.436789274216
2026-02-15T03:06:48,Spotify,5.9,28.1,31.710811105872562,0.0,0.0,62345.991499033924,0.0,1592.13671875,52.244,52.0,1815.0,99.3,39.98046875,3,2262.2499980926514,11.9,80.87890625,148,39884.143418073654,8.1,67.1640625,37,39853.880190849304,5.0,16.0234375,13,39881.77976369858,4.0,4.13671875,400,1771114007.09132
2026-02-15T03:06:50,Spotify,6.1,28.1,0.0,35.06317713674261,0.0,11968.231129341477,0.0,1592.13671875,51.763,52.0,1815.0,99.4,39.27734375,3,2263.807680606842,12.2,80.8671875,148,39885.68385887146,4.0,67.1640625,37,39855.446868896484,2.0,16.0234375,13,39883.32976746559,2.0,24.80078125,8,2258.731105566025
2026-02-15T03:06:51,Spotify,6.4,28.1,4520.05234048351,4419.166866575276,0.0,16999.84086919522,0.0,1592.13671875,51.887,52.0,1815.0,99.5,39.98828125,3,2265.3612730503082,12.0,80.83984375,148,39887.25039458275,5.1,67.1640625,37,39856.99062681198,3.0,266.953125,95,39857.10207104683,2.0,16.0625,14,39884.882263183594
2026-02-15T03:06:53,Spotify,6.1,28.1,2364.166354448583,595.8572452276712,0.0,2958.739424578781,0.0,1592.13671875,51.99,51.0,1815.0,99.2,39.98828125,3,2266.9367442131042,13.0,80.88671875,148,39888.80875611305,7.9,67.16796875,37,39858.566635370255,5.0,266.94921875,95,39858.67763924599,3.0,16.0234375,13,39886.45306634903
2026-02-15T03:06:54,Spotify,6.3,28.1,805.2097018059895,850.7271292169969,0.0,10831.865542765923,0.0,1592.13671875,51.99,51.0,1815.0,99.5,39.98828125,3,2268.523781776428,17.0,80.84765625,148,39890.36682701111,7.9,67.171875,37,39860.15428161621,4.9,250.58984375,73,39888.00619268417,2.0,26.1015625,105,39864.78313803673
2026-02-15T03:06:56,Spotify,6.5,28.1,617.6166923109384,475.7657040362717,0.0,17353.522671761002,0.0,1592.13671875,51.836,51.0,1815.0,99.2,39.28515625,3,2270.1145906448364,10.8,80.8828125,148,39891.96258664131,7.9,67.171875,37,39861.7449028492,2.9,16.0234375,13,39889.63496184349,2.9,266.95703125,95,39861.85589337349
2026-02-15T03:06:58,Spotify,6.3,28.1,1342.4728647757383,34.84474165298047,0.0,55467.76038548629,1.0,1592.13671875,51.86,51.0,1815.0,99.1,39.984375,3,2271.65966963768,14.9,80.87109375,148,39893.53674507141,7.1,67.17578125,37,39863.29305291176,6.1,266.94140625,95,39863.404289484024,5.1,16.0234375,13,39891.181258678436
2026-02-15T03:06:59,Spotify,6.6,28.1,2475.0499118937164,0.0,0.0,92336.36192587976,0.0,1592.13671875,51.794,50.0,1815.0,100.5,39.98046875,3,2273.199504852295,14.1,80.8671875,148,39895.08660817146,7.1,4.13671875,400,1771114018.0337486,6.1,67.1875,37,39864.8271958828,2.0,22.2578125,36,39895.08042025566
2026-02-15T03:07:01,Spotify,5.8,28.1,1356.9338377234385,658.2628127284693,0.0,19354.23018493527,0.0,1591.94921875,51.546,50.0,1815.0,100.0,39.98046875,3,2274.746011734009,11.2,80.859375,148,39896.62418627739,7.1,16.0234375,13,39894.264748096466,4.1,22.2578125,36,39896.62471032143,4.0,67.18359375,37,39866.3854804039
2026-02-15T03:07:02,Spotify,6.8,28.1,142.38717007607048,146.87685561900963,0.0,15434.256129326846,0.0,1591.94921875,51.792,50.0,1815.0,98.8,39.98046875,3,2276.2954380512238,15.0,80.87109375,148,39898.18068122864,4.0,22.2578125,36,39898.17997503281,4.0,16.0234375,13,39895.81602478027,2.0,4.13671875,400,1771114021.1267762
2026-02-15T03:07:04,Spotify,5.7,28.1,0.0,35.010841512593196,0.0,5975.183618149239,0.0,1591.94921875,51.616,49.0,1815.0,99.7,39.98828125,3,2277.9420161247253,12.1,80.86328125,148,39899.72647571564,5.1,4.13671875,400,1771114022.6727908,4.6,67.18359375,37,39869.61896443367,2.0,16.0234375,13,39897.385682821274
2026-02-15T03:07:05,Spotify,7.6,28.2,2298.89365485655,2765.6441013578797,19360.099532855158,127050.65318436197,0.0,1591.94921875,51.523,49.0,1815.0,99.5,39.984375,3,2279.5282638072968,13.0,80.828125,148,39901.4126765728,8.4,244.8359375,74,39899.02289247513,7.0,67.18359375,37,39871.17553567886,3.0,6.234375,4,39889.27286076546
2026-02-15T03:07:07,Spotify,6.8,28.2,1537.9046116654906,1267.1107763888429,0.0,146167.35923762908,0.0,1591.94921875,51.723,49.0,1815.0,98.9,39.28125,3,2281.1083104610443,13.9,80.87109375,148,39902.98360013962,9.0,67.1875,37,39872.73993778229,8.0,4.13671875,400,1771114025.9272397,6.0,16.05859375,14,39900.6323261261
2026-02-15T03:07:09,Spotify,5.8,28.2,336.55150819291566,591.5342348199911,0.0,40447.83927472721,0.0,1587.94921875,51.457,49.0,1815.0,100.0,39.28125,3,2282.6557672023773,13.0,80.8359375,148,39904.539472579956,4.0,67.19140625,37,39874.29319882393,3.0,22.9765625,116,39861.12062835693,2.0,276.0,88,2351.5681092739105
2026-02-15T03:07:10,Spotify,6.2,28.2,223.2862708297614,531.6644442966525,20964.597485815535,98926.69438619206,0.0,1587.94921875,51.525,48.0,1815.0,99.2,39.98046875,3,2284.262883901596,14.0,80.8828125,148,39906.09895133972,9.7,297.10546875,39,2353.897804260254,5.9,67.18359375,37,39875.893748283386,2.9,266.9296875,95,39876.005113601685
2026-02-15T03:07:12,Spotify,6.4,28.2,1088.8388263620384,1281.8997585163108,0.0,90265.60778999503,0.0,1587.94921875,51.55,48.0,1815.0,100.1,39.98046875,3,2285.8244659900665,13.6,80.875,148,39907.71370792389,4.9,266.67578125,95,39877.602232694626,4.0,16.0234375,13,39905.34501338005,3.9,67.18359375,37,39877.49422907829
2026-02-15T03:07:13,Spotify,7.2,28.2,4374.881844660748,1170.5390542925059,0.0,122829.1524469864,0.0,1587.94921875,51.378,48.0,1815.0,100.1,39.9765625,3,2287.400566101074,15.8,80.875,148,39909.29934358597,8.9,16.0234375,13,39906.92837882042,7.2,67.18359375,37,39879.017585515976,5.9,15.03515625,9,39909.48724913597
2026-02-15T03:07:15,Spotify,6.7,28.2,75.63260660383371,101.06081054822609,0.0,53078.44171038702,0.0,1587.94921875,51.516,48.0,1815.0,98.5,39.984375,3,2288.95476603508,11.2,80.85546875,148,39910.83450341225,4.1,275.95703125,88,2357.851450920105,4.0,67.18359375,37,39880.582634449005,3.0,21.5390625,36,39910.83214259148
2026-02-15T03:07:16,Spotify,7.6,28.2,623.130364236515,623.130364236515,10546.867652532088,47460.9044363944,1.0,1587.94921875,51.428,48.0,1815.0,99.2,39.984375,3,2290.5149688720703,13.1,80.8671875,148,39912.38462662697,10.0,16.0625,14,39910.039033174515,4.0,266.67578125,95,39882.26254606247,3.0,4.13671875,400,1771114035.3332999
2026-02-15T03:07:18,Spotify,7.0,28.2,116.29185264380153,188.49503587868932,0.0,34350.824165553684,0.0,1587.94921875,51.332,47.0,1815.0,98.2,39.98046875,3,2292.1063618659973,16.0,80.85546875,148,39913.95219659805,4.0,4.13671875,400,1771114036.899306,3.9,67.125,37,39883.74972772598,2.0,22.20703125,36,39913.95741009712
2026-02-15T03:07:20,Spotify,6.3,28.2,48.8567382368424,34.45026414136323,0.0,13469.426910834089,1.0,1587.94921875,51.221,47.0,1815.0,98.8,39.98046875,3,2293.7191140651703,14.7,80.84375,148,39915.54980325699,9.7,67.125,37,39885.367293834686,2.9,22.20703125,36,39915.572389125824,2.9,275.921875,87,2362.592165708542
2026-02-15T03:07:21,Spotify,5.8,28.2,608.4235831344171,435.2949212669,0.0,28175.453085639347,0.0,1587.94921875,50.999,47.0,1815.0,99.8,39.27734375,3,2295.285047531128,14.5,80.86328125,148,39917.16684746742,4.0,16.0234375,13,39914.80731463432,4.0,67.125,37,39886.91851401329,2.0,147.890625,277,39912.027769088745
2026-02-15T03:07:23,Spotify,5.8,28.2,794.3939869868997,62.24250140365854,0.0,6899.292526723058,0.0,1587.94921875,50.915,47.0,1815.0,99.5,39.984375,3,2296.8550186157227,12.0,80.8359375,148,39918.72279405594,6.0,67.125,37,39888.485141038895,4.0,16.0625,14,39916.374482154846,2.0,17.05078125,6,39914.74437880516
2026-02-15T03:07:24,Spotify,7.4,28.2,1430.1436822530286,669.2790631233386,0.0,171499.39751857906,0.0,1587.94921875,50.808,47.0,1815.0,100.0,39.984375,3,2298.417905807495,14.0,80.86328125,148,39920.28479385376,8.0,266.671875,95,39890.16845059395,6.0,16.0234375,13,39917.94175577164,5.0,67.125,37,39890.05791902542
2026-02-15T03:07:26,Spotify,7.4,28.2,4231.563041689146,2474.447267569081,0.0,45788.295785528746,0.0,1587.94921875,50.889,47.0,1815.0,99.1,39.984375,3,2300.0422501564026,13.8,80.85546875,148,39921.87769985199,11.7,276.4921875,87,2368.9151282310486,11.5,67.125,37,39891.68204879761,8.8,6.29296875,12,39921.87487864494
2026-02-15T03:07:28,Spotify,6.7,28.2,934.1541414398013,926.7549007155257,0.0,20204.86000442205,5.0,1587.94921875,51.066,48.0,1815.0,99.9,39.28515625,3,2301.621887922287,11.7,67.15625,37,39893.27900934219,11.6,80.83203125,148,39923.4930126667,8.8,266.97265625,95,39893.390384197235,3.0,16.0234375,13,39921.13862109184
2026-02-15T03:07:29,Spotify,7.0,28.2,0.0,0.0,0.0,25737.115066154478,0.0,1587.94921875,50.95,48.0,1815.0,100.1,39.9921875,3,2303.2134461402893,13.7,80.86328125,148,39925.0878238678,5.0,67.15234375,37,39894.84497141838,4.9,16.0234375,13,39922.74051904678,2.0,147.953125,277,39919.95529079437
2026-02-15T03:07:31,Spotify,5.9,28.2,678.2384741658544,484.72975696034234,0.0,106924.10385945764,0.0,1587.94921875,50.902,48.0,1815.0,99.1,39.28515625,3,2304.774822950363,14.0,80.8359375,148,39926.653150081635,5.9,266.9453125,95,39896.53390240669,3.0,67.15625,37,39896.42264151573,2.0,275.8046875,87,2373.6701922416687
2026-02-15T03:07:32,Spotify,7.3,28.2,109.30742918095977,145.53140280488248,0.0,13665.970680856737,4.0,1587.94921875,51.031,48.0,1815.0,99.5,39.9921875,3,2306.329738378525,13.9,80.8828125,148,39928.2240626812,10.1,67.15625,37,39897.96465730667,7.0,16.0234375,13,39925.859750032425,3.0,266.9453125,95,39898.07584857941
2026-02-15T03:07:34,Spotify,6.1,28.2,296.4468930599757,34.80028744617106,0.0,15178.080924670758,0.0,1587.94921875,51.089,48.0,1815.0,98.7,39.99609375,3,2307.913688182831,11.1,80.8515625,148,39929.77962517738,6.9,67.15625,37,39899.55463552475,5.0,16.0234375,13,39927.41349673271,2.0,4.13671875,400,1771114052.725334
2026-02-15T03:07:35,Spotify,6.1,28.2,614.9575509578442,649.2630341724347,0.0,34803.54800792824,0.0,1587.94921875,51.197,49.0,1815.0,97.6,39.99609375,3,2309.5307981967926,15.3,297.578125,39,2379.1709592342377,11.9,80.88671875,148,39931.35246825218,4.8,67.1640625,37,39901.18451476097,3.8,266.9453125,95,39901.295176267624
2026-02-15T03:07:37,Spotify,6.9,28.2,335.5085650726273,0.0,0.0,20061.94281076615,0.0,1587.94921875,51.254,49.0,1815.0,99.2,39.99609375,3,2311.106029510498,14.3,80.8671875,148,39932.9889190197,8.0,67.17578125,37,39902.74986553192,4.8,4.13671875,400,1771114055.9338818,3.0,266.94921875,95,39902.86108827591
2026-02-15T03:07:39,Spotify,5.7,28.2,2711.764663049059,3396.534470209257,0.0,15936.460966637336,1.0,1587.94921875,51.048,49.0,1815.0,98.5,39.99609375,3,2312.692137002945,12.9,80.87890625,148,39934.55891728401,7.9,67.17578125,37,39904.33289313316,5.9,266.94921875,95,39904.44407391548,3.0,16.0234375,13,39932.20991253853
2026-02-15T03:07:40,Spotify,6.0,28.2,1535.9500898693195,1265.5004062710673,0.0,5225.292000086987,0.0,1587.94921875,51.321,49.0,1815.0,100.3,39.99609375,3,2314.2501516342163,12.0,80.8671875,148,39936.13063645363,7.0,67.19140625,37,39905.88476920128,5.0,266.953125,95,39905.99634385109,3.0,16.05859375,14,39933.77312588692
2026-02-15T03:07:42,Spotify,6.3,28.2,74.264635515993,166.4552175358464,0.0,10489.239554258875,0.0,1587.94921875,51.077,49.0,1815.0,100.0,40.0,3,2315.7977674007416,15.0,80.83203125,148,39937.69010448456,8.0,67.203125,37,39907.440811395645,3.0,4.13671875,400,1771114060.6381752,3.0,16.0234375,13,39935.32911038399
2026-02-15T03:07:43,Spotify,6.5,28.2,50.304499048821036,35.47112112416868,0.0,5613.466150268439,0.0,1587.94921875,51.038,49.0,1815.0,99.4,39.984375,3,2317.3856909275055,13.1,80.87109375,148,39939.24096274376,5.9,67.20703125,37,39909.0299115181,4.9,16.05859375,14,39936.912568330765,3.9,96.70703125,33,39932.29144144058
2026-02-15T03:07:45,Spotify,6.1,28.2,41.305890382383495,97.00625771620366,0.0,10253.874364014715,0.0,1587.94921875,51.316,50.0,1815.0,99.9,39.27734375,3,2318.9968559741974,15.6,80.859375,148,39940.83858537674,8.8,67.1953125,37,39910.62679839134,4.9,266.9453125,95,39910.738412857056,1.0,275.703125,85,2387.875112771988
2026-02-15T03:07:46,Spotify,6.9,28.2,1143.7856268355727,1050.7744879500426,0.0,49552.312694907276,0.0,1587.94921875,51.136,50.0,1815.0,100.5,39.98828125,3,2320.5678622722626,11.8,80.875,148,39942.42757177353,6.9,67.19921875,37,39912.22013759613,5.0,16.0234375,13,39940.08210897446,3.9,4.13671875,400,1771114065.376056
2026-02-15T03:07:48,Spotify,5.6,28.2,0.0,33.83269716272339,0.0,5453.329557487859,0.0,1587.94921875,51.237,50.0,1815.0,99.5,39.9921875,3,2322.1378331184387,12.7,80.87109375,148,39944.02492237091,6.1,67.19921875,37,39913.76728844643,5.9,16.0234375,13,39941.66795229912,3.0,266.94921875,95,39913.87882447243
2026-02-15T03:07:50,Spotify,5.9,28.2,231.68665708689537,27.03010999347113,0.0,6260.688333725884,1.0,1587.94921875,51.391,50.0,1815.0,99.8,39.99609375,3,2323.7198293209076,12.1,80.84765625,148,39945.576709508896,3.9,67.19921875,37,39915.35134077072,3.0,16.0234375,13,39943.228173971176,3.0,266.94921875,95,39915.462735414505
2026-02-15T03:07:51,Spotify,7.0,28.2,1031.1935229908422,1062.981239482545,0.0,383771.82969566947,0.0,1587.94921875,51.316,50.0,1815.0,100.6,39.99609375,3,2325.273379087448,12.9,80.86328125,148,39947.15213227272,8.0,67.19921875,37,39916.90907359123,5.0,16.0625,14,39944.79853892326,4.0,22.8515625,36,39947.158967256546
2026-02-15T03:07:53,Spotify,6.1,28.2,0.0,0.0,0.0,24164.002615385645,0.0,1587.94921875,51.399,50.0,1815.0,99.4,39.99609375,3,2326.892250776291,11.0,80.84765625,148,39948.72035241127,3.8,67.19921875,37,39918.53883051872,2.9,16.0234375,13,39946.39997124672,2.9,70.30859375,56,39945.114131212234
2026-02-15T03:07:54,Spotify,5.4,28.2,2725.8678912320897,135.37041446299318,0.0,9766.360083439216,0.0,1587.94921875,51.316,50.0,1815.0,95.4,39.984375,3,2328.513502597809,12.5,80.87890625,148,39950.347927093506,3.9,266.95703125,95,39920.26256251335,3.9,67.19921875,37,39920.15173625946,2.9,16.0234375,13,39948.03422665596
2026-02-15T03:07:56,Spotify,7.0,28.2,2215.3886154282204,632.7912702536728,0.0,19654.917889366527,0.0,1587.94921875,51.241,51.0,1815.0,100.0,39.99609375,3,2330.1064836978912,14.5,80.8515625,148,39951.95977473259,9.9,67.203125,37,39921.73634147644,5.9,16.0234375,13,39949.627047777176,3.9,22.8671875,36,39951.9774684906
2026-02-15T03:07:58,Spotify,6.3,28.1,133.9858768163287,443.0382058879548,0.0,57922.34735124006,0.0,1587.94921875,51.405,51.0,1815.0,100.2,39.99609375,3,2331.666389465332,11.9,80.87109375,148,39953.540895700455,7.0,16.05859375,14,39951.19681978226,4.0,22.8671875,36,39953.546782016754,4.0,67.20703125,37,39923.30613422394
2026-02-15T03:07:59,Spotify,6.2,28.2,1295.8029655520356,344.1375828394872,0.0,27889.88380851859,0.0,1587.94921875,51.4,51.0,1815.0,96.7,39.9921875,3,2333.250736951828,13.0,80.8515625,148,39955.10343146324,7.0,16.0234375,13,39952.76894760132,6.9,67.20703125,37,39924.88867902756,5.0,6.26953125,12,39955.08930635452
2026-02-15T03:08:01,Spotify,7.0,28.2,1661.831220230676,594.8600390598443,0.0,11280.308888838528,0.0,1587.94921875,51.547,51.0,1815.0,97.2,39.9921875,3,2334.858085870743,13.8,80.859375,148,39956.68994188309,10.7,297.7265625,39,2404.485694169998,5.9,16.0234375,13,39954.35274910927,5.8,67.18359375,37,39926.49814724922
2026-02-15T03:08:02,Spotify,7.0,28.2,391.67738399068656,325.7761098589203,0.0,51567.12529797382,0.0,1587.94921875,51.432,51.0,1815.0,99.6,39.98828125,3,2336.473598718643,13.6,80.8671875,148,39958.30188679695,7.7,67.18359375,37,39928.118836164474,3.9,296.00390625,39,2406.102954149246,2.9,266.67578125,95,39928.22634911537
2026-02-15T03:08:04,Spotify,6.2,28.2,578.88024120916,34.01539878899979,0.0,3483.176835993578,0.0,1587.94921875,51.555,51.0,1815.0,99.0,39.98828125,3,2338.036583185196,15.5,80.84765625,148,39959.915229320526,5.0,266.67578125,95,39929.782079935074,5.0,67.18359375,37,39929.67061090469,3.0,26.1015625,105,39934.30072641373
2026-02-15T03:08:05,Spotify,6.0,28.1,676.9326966750668,489.3256350251197,0.0,59085.26455702526,0.0,1587.94921875,51.675,51.0,1815.0,97.9,39.98828125,3,2339.616764307022,14.1,80.86328125,148,39961.466287612915,6.9,67.1875,37,39931.25985622406,3.0,16.0625,14,39959.13644146919,2.9,296.6484375,39,2409.2436583042145
2026-02-15T03:08:07,Spotify,6.6,28.1,31.452098266810545,151.5991136460268,0.0,84704.2748843128,0.0,1587.94921875,51.557,52.0,1815.0,98.3,39.984375,3,2341.1738612651825,15.7,80.84765625,148,39963.05694270134,5.0,22.8671875,36,39963.05762720108,5.0,16.0234375,13,39960.69980144501,5.0,67.1875,37,39932.81047129631
2026-02-15T03:08:09,Spotify,5.6,28.1,160.66147661314625,223.24847754276547,0.0,95142.56504204054,0.0,1587.94921875,51.603,52.0,1815.0,98.3,39.9921875,3,2342.7313368320465,13.1,80.875,148,39964.60535264015,5.0,67.1875,37,39934.380573272705,4.0,266.67578125,95,39934.48896098137,2.0,16.0234375,14,39962.248540878296
2026-02-15T03:08:10,Spotify,5.7,28.1,1055.0525681808028,989.6278755121558,0.0,3902.614677244342,0.0,1587.94921875,51.63,52.0,1815.0,97.6,39.9921875,3,2344.315981864929,12.9,80.85546875,148,39966.18423700333,3.0,67.1875,37,39935.9397482872,2.0,3.94921875,18,39967.32686805725,2.0,14.796875,10,39966.3780837059
2026-02-15T03:08:12,Spotify,6.2,28.1,364.27989395633705,54.961527860078924,0.0,43519.3046646504,2.0,1587.94921875,51.489,52.0,1815.0,98.2,39.2890625,3,2345.8590757846832,14.0,80.87890625,148,39967.74883532524,8.1,67.1875,37,39937.48528456688,4.0,6.234375,4,39955.604318618774,2.0,22.8671875,36,39967.75630617142
2026-02-15T03:08:13,Spotify,6.0,28.1,50.79710578780332,70.98569911372515,0.0,4668.123772909926,0.0,1587.94921875,51.708,52.0,1815.0,99.4,39.98828125,3,2347.4145114421844,12.2,80.85546875,148,39969.280227184296,6.0,67.1875,37,39939.04049825668,4.1,22.8671875,36,39969.287487745285,3.0,16.0625,13,39966.94320654869
2026-02-15T03:08:15,Spotify,6.0,28.1,670.4150070009654,548.4633247750755,0.0,16999.17061561305,0.0,1587.94921875,52.545,52.0,1815.0,99.7,39.9921875,3,2348.9826953411102,17.0,80.82421875,148,39970.846565485,6.9,67.1640625,37,39940.61505627632,6.0,266.67578125,95,39940.72585225105,5.1,16.0234375,13,39968.48629760742
2026-02-15T03:08:16,Spotify,6.6,28.1,278.2724875454818,61.62655546098569,0.0,18866.620525458053,0.0,1587.94921875,51.757,52.0,1815.0,96.1,39.9921875,3,2350.591578722,13.9,80.84765625,148,39972.42014336586,5.8,67.2265625,37,39942.22930264473,2.9,122.62890625,48,39953.23279953003,2.9,266.98828125,95,39942.340284347534
2026-02-15T03:08:18,Spotify,6.4,28.1,0.0,33.687074230949655,10220.907855553318,45674.68197950389,0.0,1587.94921875,52.16,52.0,1815.0,100.5,39.9921875,3,2352.1467537879944,11.7,80.84765625,148,39974.023884058,5.0,16.05859375,14,39971.67255282402,5.0,67.22265625,37,39943.80120038986,3.0,266.9453125,95,39943.91157889366
2026-02-15T03:08:20,Spotify,6.8,28.1,3818.442673828744,3260.6147163611904,0.0,25817.664562566086,0.0,1587.94921875,52.067,52.0,1815.0,97.4,39.9921875,3,2353.782458782196,13.7,80.87109375,148,39975.62178349495,5.9,4.13671875,400,1771114098.5598767,5.8,67.2265625,37,39945.42495369911,3.8,16.0234375,13,39973.29738497734
2026-02-15T03:08:21,Spotify,6.0,28.1,31.012874807865728,0.0,0.0,136238.31851596182,0.0,1587.94921875,51.965,51.0,1815.0,98.9,39.984375,3,2355.3620619773865,13.7,80.8671875,148,39977.222110033035,6.0,67.21875,37,39946.987832546234,5.9,16.0234375,13,39974.88915371895,2.0,277.8515625,85,2424.241790533066
2026-02-15T03:08:23,Spotify,6.0,28.1,0.0,68.37231344789576,0.0,7455.114473726116,0.0,1607.63671875,52.074,51.0,1815.0,100.1,39.9921875,3,2357.0804691314697,21.3,307.87890625,39,2426.74697971344,14.7,80.87109375,148,39978.81818342209,6.2,67.2265625,37,39948.76136827469,5.3,266.9453125,95,39948.87218093872
2026-02-15T03:08:25,Spotify,8.1,28.2,195707.31053507494,24445.06849635735,19513.732569265412,152323.61393620612,0.0,1607.63671875,52.189,51.0,1815.0,99.4,39.99609375,3,2358.855516433716,19.2,276.828125,91,2427.6306445598602,16.2,309.0,39,2428.57754945755,15.2,80.859375,148,39980.565509319305,14.5,143.41015625,100,2428.867820262909
2026-02-15T03:08:27,Spotify,8.9,28.2,0.0,0.0,0.0,378655.4577252229,0.0,1602.07421875,52.193,50.0,1815.0,98.5,40.0,3,2360.6953337192535,21.8,305.109375,39,2430.43736243248,19.6,80.8671875,148,39982.397985458374,17.6,142.6640625,100,2430.7278819084167,5.9,266.953125,95,39952.52819633484
2026-02-15T03:08:29,Spotify,8.5,28.2,3533.353378645259,8620.650723024442,0.0,70226.00351894124,2.0,1599.63671875,51.982,50.0,1815.0,99.7,39.98046875,2,2362.559846639633,21.0,80.859375,148,39984.25798344612,16.1,141.11328125,100,2432.569840192795,14.4,305.4140625,39,2432.27937912941,8.5,67.23828125,37,39954.25850582123
2026-02-15T03:08:30,Spotify,7.8,28.2,2130152.6549566784,4906.133555154853,213427.39374087515,2491653.661823811,1.0,1599.32421875,52.011,50.0,1815.0,100.1,39.98046875,2,2364.3867514133453,21.2,80.83984375,148,39986.10043883324,17.2,137.890625,100,2434.387759923935,14.6,304.4921875,39,2434.0971524715424,11.2,67.2578125,37,39956.07502198219
2026-02-15T03:08:32,Spotify,8.7,28.2,296.5549285749797,116.09107593565996,0.0,66199.42301696022,2.0,1599.32421875,51.981,49.0,1815.0,100.1,39.98046875,2,2366.1820294857025,18.9,80.87109375,148,39987.917276382446,14.7,304.56640625,39,2435.9006299972534,13.9,137.89453125,100,2436.191304206848,8.7,67.2734375,37,39957.877838134766
2026-02-15T03:08:34,Spotify,8.2,28.2,1253.6416870545477,1072.2519385293983,0.0,65890.51953764928,0.0,1603.44921875,51.967,49.0,1815.0,97.8,39.98046875,2,2368.0020327568054,20.0,137.70703125,100,2437.9874365329742,19.9,80.875,148,39989.71998810768,16.5,303.546875,39,2437.696382522583,9.4,67.26953125,37,39959.703750133514
2026-02-15T03:08:36,Spotify,8.5,28.2,208.37430577085902,984.4850221847804,0.0,33660.807640246574,1.0,1603.44921875,51.8,49.0,1815.0,100.2,39.9765625,2,2369.6862835884094,21.8,80.87890625,148,39991.511081933975,10.1,136.578125,100,2439.690314769745,10.1,303.76171875,39,2439.399735212326,9.3,67.27734375,37,39961.38764333725
2026-02-15T03:08:37,Spotify,7.0,28.2,0.0,0.0,0.0,38734.64135247292,0.0,1597.76171875,51.669,49.0,1815.0,99.1,39.98046875,2,2371.515162706375,28.2,304.37890625,39,2441.226311683655,19.2,80.8359375,148,39993.225635290146,14.5,136.578125,100,2441.5168421268463,9.4,67.2734375,37,39963.21277022362
2026-02-15T03:08:39,Spotify,8.8,28.2,493.94856475650334,600.1858392163278,0.0,74300.37834386074,0.0,1597.76171875,51.838,48.0,1815.0,98.3,39.98046875,2,2373.327047586441,18.8,137.57421875,100,2443.3492176532745,18.0,80.83203125,148,39995.04762220383,17.1,304.3828125,39,2443.05859708786,12.1,67.2890625,37,39965.025846242905
2026-02-15T03:08:41,Spotify,8.4,28.2,0.0,29.473907106065113,0.0,250951.7613629295,1.0,1597.76171875,51.708,48.0,1815.0,97.1,39.98046875,2,2375.162221431732,21.3,80.875,148,39996.8775742054,15.3,303.16015625,39,2444.9007935523987,13.6,137.65234375,100,2445.190742254257,7.6,67.29296875,37,39966.87983942032
2026-02-15T03:08:43,Spotify,8.4,28.2,79.71942237029262,0.0,0.0,96348.78541493652,0.0,1597.76171875,51.691,48.0,1815.0,99.8,39.984375,3,2377.0102660655975,21.1,80.8671875,148,39998.725759744644,17.9,296.22265625,39,2446.7367811203003,15.3,137.59765625,100,2447.0274019241333,7.6,16.0625,14,39996.49005818367
2026-02-15T03:08:45,Spotify,7.7,28.1,1237.5078820522385,461.7485357260996,0.0,4745.052249067262,0.0,1597.76171875,51.527,48.0,1815.0,98.1,39.984375,3,2378.8416690826416,18.8,137.59765625,100,2448.851001262665,17.9,80.8671875,148,40000.55861949921,12.9,296.22265625,39,2448.5603313446045,5.1,67.30078125,37,39970.541093826294
2026-02-15T03:08:46,Spotify,8.0,28.1,281.8883527840412,0.0,0.0,46049.807794884,0.0,1601.76171875,51.63,47.0,1815.0,99.2,39.98828125,3,2380.573323249817,18.8,80.8515625,148,40002.38225913048,7.5,67.27734375,37,39972.20070004463,7.0,16.0625,13,40000.10506439209,4.8,296.109375,39,2450.18488407135
2026-02-15T03:08:48,Spotify,6.7,28.1,1082.0431258384874,1388.1190698007688,85765.31239429204,54233.94754344938,5.0,1601.76171875,51.466,47.0,1815.0,97.6,39.98828125,3,2382.12650513649,17.4,80.875,148,40003.99882698059,11.3,16.0625,14,40001.630340099335,11.0,297.1484375,39,2451.7518186569214,6.0,67.26953125,37,39973.76750993729
2026-02-15T03:08:50,Spotify,7.6,28.1,1302.4421378700717,188.25106843295993,10455.272899002086,167937.820940221,0.0,1601.76171875,51.136,47.0,1815.0,98.0,39.98046875,3,2383.6731507778168,13.0,80.875,148,40005.565160274506,10.1,67.26953125,37,39975.31165885925,4.0,4.13671875,400,1771114128.512913,4.0,22.21484375,36,40005.569486141205
2026-02-15T03:08:51,Spotify,5.9,28.1,2480.7529160836148,34.98580764390577,0.0,11610.105055162803,1.0,1601.76171875,51.229,47.0,1815.0,99.0,39.98828125,3,2385.204434156418,14.2,80.87109375,148,40007.10663533211,5.1,266.66796875,95,39976.95024228096,4.1,67.26953125,37,39976.839034318924,2.0,24.80859375,8,2380.121372938156
2026-02-15T03:08:53,Spotify,5.8,28.1,753.2721807672228,229.2567506682852,0.0,11737.945634216203,0.0,1601.76171875,50.909,47.0,1815.0,99.2,39.984375,3,2386.7318494319916,12.3,80.87109375,148,40008.633450984955,6.1,67.26953125,37,39978.36603283882,3.1,70.30859375,56,40004.969932317734,2.0,22.80859375,36,40008.63533806801
2026-02-15T03:08:54,Spotify,5.7,28.1,948.633903582147,462.49187543063124,0.0,109988.97692059375,0.0,1601.76171875,50.795,47.0,1815.0,100.2,39.98828125,3,2388.260593891144,13.3,80.87109375,148,40010.15514445305,7.2,16.0234375,13,40007.79033279419,6.2,67.26953125,37,39979.87880682945,2.0,16.99609375,6,40006.15943145752
2026-02-15T03:08:56,Spotify,6.6,28.1,0.0,0.0,0.0,14806.671955677115,0.0,1601.01171875,50.974,48.0,1815.0,100.1,39.9921875,3,2389.7935032844543,14.4,80.859375,148,40011.67832446098,7.1,16.0234375,13,40009.32246208191,6.0,67.26953125,37,39981.42900300026,4.0,266.66796875,95,39981.53963494301
2026-02-15T03:08:57,Spotify,7.1,28.1,368.5253265918231,210.67794020196882,0.0,138215.03717323538,0.0,1601.01171875,50.824,48.0,1815.0,98.6,39.9921875,3,2391.3602256774902,12.1,80.83203125,148,40013.2335767746,7.0,16.05859375,14,40010.89454603195,4.0,266.66796875,95,39983.10135912895,4.0,67.26953125,37,39982.990305900574
2026-02-15T03:08:59,Spotify,7.4,28.1,864.5338642323601,620.8225375199737,0.0,16090.078327790392,1.0,1601.01171875,50.918,48.0,1815.0,99.9,39.98828125,3,2392.8773822784424,14.0,80.84765625,148,40014.79399442673,6.2,67.26953125,37,39984.50096011162,5.0,22.859375,36,40014.79040360451,5.0,276.16796875,88,2461.809791326523
2026-02-15T03:09:00,Spotify,6.8,28.1,284.89920601685145,0.0,0.0,10176.86466143916,0.0,1601.01171875,51.143,48.0,1815.0,99.3,39.98828125,3,2394.435090303421,14.5,80.83203125,148,40016.30308055878,4.1,275.98046875,88,2463.32803273201,4.0,16.0234375,13,40013.9612364769,2.1,4.13671875,400,1771114139.2495108
2026-02-15T03:09:02,Spotify,5.9,28.1,168.15289892751102,319.10834228289025,0.0,14022.932662076071,0.0,1601.01171875,51.084,48.0,1815.0,99.1,39.98828125,3,2395.9647133350372,12.0,80.87109375,148,40017.869477272034,4.1,67.2734375,37,39987.57841062546,3.1,266.66796875,95,39987.689782857895,2.1,26.1015625,105,39992.21252274513
2026-02-15T03:09:03,Spotify,5.8,28.1,1302.7562870602926,907.0748216182947,0.0,6809.7112708001005,0.0,1601.01171875,50.971,49.0,1815.0,98.4,39.9921875,3,2397.474662065506,13.5,80.8359375,148,40019.375522613525,7.2,67.2734375,37,39989.09458446503,5.2,16.0234375,13,40017.00543117523,2.1,70.66015625,44,39994.19450211525
2026-02-15T03:09:05,Spotify,6.5,28.1,0.0,0.0,0.0,12478.787505710769,0.0,1601.01171875,51.102,49.0,1815.0,100.3,39.9921875,3,2398.9834518432617,11.3,80.8671875,148,40020.88941383362,7.3,16.0234375,14,40018.508408784866,7.2,67.2734375,37,39990.60451722145,4.1,4.13671875,400,1771114143.8388197
2026-02-15T03:09:06,Spotify,5.9,28.1,0.0,35.69459532635724,0.0,62272.52660195301,0.0,1601.01171875,51.079,49.0,1815.0,97.6,39.9921875,3,2400.5038409233093,12.4,80.83984375,148,40022.40253710747,7.1,67.28515625,37,39992.14254236221,4.1,266.9921875,95,39992.25381231308,3.1,16.0234375,13,40020.0275182724
2026-02-15T03:09:08,Spotify,6.0,28.1,1293.5765827842922,1084.6840754339703,31886.597892183316,74734.21380980464,0.0,1601.01171875,51.146,49.0,1815.0,97.7,39.9921875,3,2402.0547864437103,10.1,80.875,148,40023.944343328476,7.1,67.28515625,37,39993.673679590225,3.1,266.99609375,95,39993.78484892845,3.0,4.13671875,400,1771114146.8934066
2026-02-15T03:09:09,Spotify,5.9,28.1,6947.952315192628,1391.687166868082,0.0,39585.76830202544,1.0,1601.01171875,51.234,49.0,1815.0,100.1,39.9921875,3,2403.5847816467285,12.3,80.8359375,148,40025.47123169899,6.0,67.2890625,37,39995.22476530075,5.1,6.109375,4,40013.33164978027,3.0,16.0234375,13,40023.110634326935
2026-02-15T03:09:11,Spotify,6.3,28.1,49.71456244264055,92.32704453633245,0.0,19173.03436748901,0.0,1601.01171875,51.074,49.0,1815.0,100.0,39.98828125,3,2405.132239341736,17.2,80.8671875,148,40027.01874899864,7.2,67.29296875,37,39996.750385046005,5.1,16.0625,14,40024.656197071075,2.1,294.375,39,2474.727073431015
2026-02-15T03:09:13,Spotify,6.2,28.1,236.9113755472287,27.639660480510013,0.0,80191.86827411973,0.0,1601.01171875,51.166,49.0,1815.0,99.2,39.98046875,3,2406.6440160274506,12.3,80.84765625,148,40028.54082155228,8.2,16.0234375,13,40026.1761507988,3.1,26.1015625,105,40002.91269516945,3.1,266.953125,95,39998.39225411415
2026-02-15T03:09:14,Spotify,6.0,28.1,676.6009769884148,800.6228451312048,10638.60883587158,49868.47891814804,0.0,1601.01171875,51.203,50.0,1815.0,100.7,39.96484375,3,2408.179987668991,13.2,80.859375,148,40030.07821512222,10.3,67.30078125,37,39999.801723480225,7.2,266.953125,95,39999.913033008575,3.1,22.89453125,36,40030.06878423691
2026-02-15T03:09:16,Spotify,6.1,28.1,0.0,35.628675421494265,0.0,11147.816665214206,0.0,1601.01171875,51.209,50.0,1815.0,96.5,39.9765625,3,2409.7178802490234,23.9,293.70703125,39,2479.348909854889,12.4,80.8515625,148,40031.59518933296,5.0,67.30078125,37,40001.363637924194,3.1,16.0234375,13,40029.243123054504
2026-02-15T03:09:17,Spotify,7.3,28.1,0.0,34.48008696884616,10461.513794399547,109518.97253512025,0.0,1601.01171875,51.305,50.0,1815.0,98.7,39.9765625,3,2411.2854902744293,14.0,80.87109375,148,40033.16367483139,5.0,16.0625,14,40030.810135126114,3.0,4.13671875,400,1771114156.109368,3.0,245.60546875,71,40030.77507567406
2026-02-15T03:09:19,Spotify,6.2,28.1,1561.9927284537255,1286.9574639751625,0.0,2324.8263865357776,0.0,1601.01171875,51.24,50.0,1815.0,99.2,39.27734375,3,2412.7971041202545,13.2,80.86328125,148,40034.70234441757,5.2,67.29296875,37,40004.42681097984,3.1,16.0234375,13,40032.32672023773,3.1,122.65625,48,40015.43497610092
2026-02-15T03:09:20,Spotify,6.7,28.1,0.0,0.0,0.0,23563.39480997876,1.0,1601.01171875,51.284,50.0,1815.0,99.7,39.9765625,3,2414.3170862197876,15.4,80.8828125,148,40036.22537255287,4.1,276.234375,89,2483.2373535633087,4.1,16.0234375,13,40033.85343837738,4.1,266.953125,95,40006.05976629257
2026-02-15T03:09:22,Spotify,5.3,28.1,0.0,0.0,0.0,24153.25945872905,0.0,1601.01171875,51.379,50.0,1815.0,95.6,39.9765625,3,2415.8705949783325,11.4,80.859375,148,40037.72875380516,8.0,67.29296875,37,40007.51602578163,4.1,16.05859375,14,40035.39805459976,3.0,22.9765625,116,39994.33747267723
2026-02-15T03:09:23,Spotify,8.2,28.1,1906.5942591155936,751.833669511249,0.0,15293.42808378588,1.0,1601.01171875,51.356,50.0,1815.0,97.0,39.9765625,3,2417.4485149383545,13.9,80.84765625,148,40039.306978702545,7.9,67.29296875,37,40009.09071063995,6.9,16.0234375,13,40036.970653772354,6.0,276.26171875,89,2486.331615447998
2026-02-15T03:09:25,Spotify,7.0,28.1,682.4265944534214,268.4126865011602,0.0,9075.38743792602,0.0,1601.01171875,51.438,51.0,1815.0,97.9,39.9765625,3,2419.028834104538,14.9,80.86328125,148,40040.88093352318,6.9,4.13671875,400,1771114163.8302155,6.9,67.29296875,37,40010.66631150246,4.0,16.0234375,13,40038.524864673615
2026-02-15T03:09:26,Spotify,7.5,28.1,4385.1392833201335,2278.7460554221957,0.0,65125.20124901838,0.0,1596.32421875,51.488,51.0,1815.0,99.6,39.98046875,3,2420.581883907318,11.9,80.83203125,148,40042.45390534401,11.9,276.5078125,89,2489.475086212158,11.9,6.22265625,11,40042.43430352211,6.1,67.2734375,37,40012.20748138428
2026-02-15T03:09:28,Spotify,6.2,28.1,662.8070160841404,686.2461640006718,0.0,8000.562488842747,0.0,1594.32421875,51.493,51.0,1815.0,100.4,39.98046875,3,2422.0916559696198,15.3,80.859375,148,40043.989251852036,10.4,67.2734375,37,40013.705644369125,4.2,266.953125,95,40013.817071676254,4.1,4.13671875,400,1771114166.9385228
2026-02-15T03:09:29,Spotify,6.8,28.1,43.83578275620445,79.701423193099,0.0,60870.63360667614,0.0,1594.32421875,51.523,51.0,1815.0,99.8,39.98046875,3,2423.595423936844,12.5,80.83984375,148,40045.49349856377,7.2,67.765625,37,40015.2254242897,6.2,4.13671875,400,1771114168.4436264,4.1,266.953125,95,40015.33676075935
2026-02-15T03:09:31,Spotify,6.5,28.1,27.602108318060264,40.74596942189849,10767.451016264271,32975.31873730933,0.0,1594.32421875,51.404,51.0,1815.0,97.9,39.98046875,3,2425.1597135066986,14.4,80.87109375,148,40047.01691412926,5.0,67.77734375,37,40016.78595376015,3.0,16.0234375,13,40044.670669555664,3.0,148.73828125,277,40041.90315032005
2026-02-15T03:09:33,Spotify,5.8,28.1,110.81541012837268,147.53912162440315,0.0,15833.718135551668,1.0,1594.32421875,51.51,51.0,1815.0,98.9,39.98046875,3,2426.675663948059,14.1,80.8359375,148,40048.57019209862,4.1,16.0234375,13,40046.200979948044,3.1,17.05078125,6,40044.57380151749,3.1,266.953125,95,40018.429732084274
2026-02-15T03:09:34,Spotify,5.9,28.1,1818.0588752434726,1287.3050708362061,0.0,23586.750975321454,0.0,1594.32421875,51.452,51.0,1815.0,98.0,39.98046875,3,2428.2058305740356,14.2,80.8671875,148,40050.11228990555,7.1,16.0234375,13,40047.73226690292,6.2,67.3671875,37,40019.827530384064,5.2,266.94140625,95,40019.93895030022
2026-02-15T03:09:36,Spotify,6.7,28.1,0.0,0.0,0.0,7861.521552678445,0.0,1594.32421875,51.51,52.0,1815.0,100.8,39.98046875,3,2429.7097477912903,14.6,80.83984375,148,40051.6086165905,6.2,67.37890625,37,40021.337485313416,4.1,295.01171875,39,2499.306974887848,3.1,16.05859375,14,40049.24369049072
2026-02-15T03:09:37,Spotify,6.6,28.1,140.38868481588432,783.3953497037319,32548.984132407295,146131.37667778693,0.0,1594.32421875,51.521,52.0,1815.0,99.2,39.28125,3,2431.2052936553955,13.4,80.8671875,148,40053.11940550804,6.3,67.3828125,37,40022.820613861084,5.2,16.0234375,13,40050.73386526108,3.1,4.13671875,400,1771114176.067757
2026-02-15T03:09:39,Spotify,5.4,28.1,1826.4169158907382,671.4768073127714,0.0,6188.330256194501,0.0,1594.32421875,51.57,52.0,1815.0,98.8,39.98046875,3,2432.6914253234863,11.5,80.828125,148,40054.60775232315,4.2,266.66015625,95,40024.434007406235,4.2,67.375,37,40024.32238674164,2.1,4.13671875,400,1771114177.5566561
2026-02-15T03:09:40,Spotify,6.5,28.1,3629.8935939417706,3099.894418952847,0.0,6835.253843685864,0.0,1594.32421875,51.484,52.0,1815.0,99.1,39.98046875,3,2434.2053139209747,12.5,80.8515625,148,40056.10585474968,11.4,295.7578125,39,2503.8061530590057,8.3,67.375,37,40025.82928919792,6.2,266.6484375,94,40025.94086074829
2026-02-15T03:09:42,Spotify,6.6,28.1,251.345566115752,195.1235315898601,43347.850055162955,8805.032042454975,0.0,1594.32421875,51.66,52.0,1815.0,98.4,39.98046875,3,2435.7455518245697,12.4,80.8359375,148,40057.620956897736,8.1,67.375,37,40027.3689353466,4.1,16.0234375,13,40055.270131111145,2.0,148.8125,277,40052.48882126808
2026-02-15T03:09:43,Spotify,7.1,28.1,1265.664734508623,1126.9084572622883,0.0,6307.575070338055,0.0,1594.32421875,52.769,52.0,1815.0,98.9,39.9765625,3,2437.277598619461,13.2,80.859375,148,40059.16380262375,8.2,67.37890625,37,40028.90394926071,6.1,16.0234375,13,40056.80459141731,5.1,4.13671875,400,1771114182.1103997
2026-02-15T03:09:45,Spotify,5.8,28.1,43.35326930094232,101.81449608554635,10762.12067010059,30941.096926539198,0.0,1594.32421875,51.905,52.0,1815.0,99.1,39.9765625,3,2438.7911574840546,14.4,80.84375,148,40060.687514066696,6.2,67.37890625,37,40030.419879198074,4.1,16.0234375,13,40058.31544828415,2.1,22.9765625,116,40017.23764038086
2026-02-15T03:09:46,Spotify,6.4,28.1,2283.691644520102,158.56228358667371,0.0,57603.506442242564,0.0,1594.32421875,51.894,52.0,1815.0,100.2,39.9765625,3,2440.303889274597,12.4,80.87890625,148,40062.20260357857,7.2,67.296875,37,40031.93801689148,5.2,148.84375,277,40057.04617404938,4.1,4.13671875,400,1771114185.15116
2026-02-15T03:09:48,Spotify,6.5,28.1,58409.9087145627,6580.043808625478,0.0,54592.318927592,0.0,1594.32421875,51.898,52.0,1815.0,98.7,39.9765625,3,2441.839395046234,12.3,80.84765625,148,40063.732406139374,6.1,67.296875,37,40033.46955728531,4.1,294.45703125,39,2511.449145793915,3.1,4.13671875,400,1771114186.6801164
2026-02-15T03:09:49,Spotify,6.0,28.1,924.3963587416324,805.4146492006302,0.0,11045.686617608642,0.0,1594.32421875,51.888,51.0,1815.0,98.4,39.98046875,3,2443.3639028072357,12.3,80.8671875,148,40065.25987672806,6.2,67.30859375,37,40034.980139255524,4.1,16.0234375,13,40062.88782644272,3.1,266.9453125,95,40035.09168815613
2026-02-15T03:09:51,Spotify,6.8,28.1,43.94343155984828,43.94343155984828,21817.24795989558,68860.68887342043,1.0,1594.32421875,51.905,51.0,1815.0,99.6,39.98046875,3,2444.8527085781097,13.5,80.84375,148,40066.76764178276,5.2,16.0234375,13,40064.38005566597,3.1,17.0546875,6,40062.74722743034,3.1,266.9453125,95,40036.59299778938
2026-02-15T03:09:52,Spotify,6.1,28.1,783.2038083518498,680.5862341383784,0.0,16270.512928195318,0.0,1594.32421875,51.754,51.0,1815.0,99.4,39.98046875,3,2446.377938747406,13.5,80.875,148,40068.2772936821,7.2,67.3125,37,40037.99112725258,6.1,16.0234375,13,40065.906655073166,4.1,18.92578125,9,40053.49558186531
2026-02-15T03:09:54,Spotify,6.4,28.1,1102.4382169393964,1102.4382169393964,0.0,9114.895879766877,0.0,1594.32421875,51.851,51.0,1815.0,100.6,39.98046875,3,2447.883824825287,14.4,80.83984375,148,40069.795090436935,4.1,67.359375,37,40039.506933927536,2.1,16.0625,14,40067.417301893234,2.1,266.9453125,95,40039.618388175964
2026-02-15T03:09:55,Spotify,5.5,28.1,206.699213353111,181.52430916266798,0.0,12211.153527322249,0.0,1594.32421875,51.714,50.0,1815.0,98.8,39.98046875,3,2449.402199745178,12.4,80.86328125,148,40071.30203413963,3.1,67.359375,37,40041.038823604584,2.1,16.0234375,13,40068.9310836792,2.0,22.9765625,116,40027.86318445206
2026-02-15T03:09:57,Spotify,6.0,28.1,148.93321404149683,232.83009007360639,0.0,6992.707062769317,0.0,1594.32421875,51.723,50.0,1815.0,99.0,39.98046875,3,2450.9971890449524,12.2,80.8515625,148,40072.84109425545,6.8,67.48828125,37,40042.65108323097,3.0,22.91015625,36,40072.847029685974,3.0,16.0234375,13,40070.50510764122
2026-02-15T03:09:58,Spotify,6.4,28.1,1292.4444666851343,507.8575888907754,0.0,45096.25468290634,1.0,1594.32421875,51.769,50.0,1815.0,97.3,39.98046875,3,2452.58692073822,14.7,80.88671875,148,40074.43856596947,5.0,67.48828125,37,40044.22369360924,2.9,276.421875,87,2521.4677510261536,2.9,16.0234375,13,40072.10707092285
2026-02-15T03:10:00,Spotify,6.1,28.1,49.405261345720554,69.04068572671206,0.0,17836.566147378086,0.0,1594.32421875,51.539,49.0,1815.0,100.1,39.28515625,3,2454.116643667221,13.9,80.85546875,148,40076.01637887955,7.0,276.046875,87,2523.029308080673,6.2,67.48828125,37,40045.73824954033,5.1,16.0234375,13,40073.6363632679
2026-02-15T03:10:01,Spotify,6.4,28.1,409.463876422221,79.76569021212097,0.0,63302.051752339205,2.0,1594.32421875,51.595,49.0,1815.0,99.8,39.984375,3,2455.603940010071,14.5,80.8828125,148,40077.51943707466,10.4,67.4921875,37,40047.23785376549,8.3,266.9453125,95,40047.348803043365,4.2,16.0234375,14,40075.13867306709
2026-02-15T03:10:03,Spotify,6.4,28.1,2225.374177723003,2203.360584238333,0.0,10246.327149228215,0.0,1594.32421875,51.543,49.0,1815.0,100.3,39.984375,3,2457.114315032959,12.5,80.87109375,148,40079.02048540115,5.2,67.5,37,40048.73280310631,3.1,4.13671875,400,1771114201.9688492,3.1,16.0234375,13,40076.63904047012
2026-02-15T03:10:05,Spotify,5.9,28.1,0.0,0.0,0.0,12978.922569294344,1.0,1594.32421875,51.622,49.0,1815.0,98.3,39.984375,3,2458.656024456024,13.6,80.87890625,148,40080.51939249039,8.0,67.50390625,37,40050.28628087044,3.0,266.9453125,95,40050.397909879684,2.0,26.1015625,105,40054.91997051239
2026-02-15T03:10:06,Spotify,6.4,28.1,34.56206731115508,0.0,0.0,33753.05892076064,0.0,1594.32421875,51.583,49.0,1815.0,100.0,39.984375,3,2460.187075614929,17.5,295.58984375,39,2529.7881922721863,14.0,80.859375,148,40082.07983160019,6.2,67.49609375,37,40051.810005903244,6.0,4.13671875,400,1771114205.0296307
2026-02-15T03:10:08,Spotify,6.6,28.1,918.0460233616677,526.8556805518897,0.0,47880.644248555735,1.0,1589.51171875,51.485,48.0,1815.0,98.8,39.984375,3,2461.7371640205383,14.4,80.875,148,40083.602291345596,5.0,67.49609375,37,40053.38602042198,2.0,275.91796875,87,2530.6277141571045,2.0,16.0234375,13,40081.256803035736
2026-02-15T03:10:09,Spotify,5.9,28.1,1239.2317394303927,749.525055143665,0.0,96835.83516173855,0.0,1589.51171875,51.459,48.0,1815.0,99.0,39.98828125,3,2463.268653154373,12.0,80.875,148,40085.16977715492,6.1,16.0234375,13,40082.79714369774,5.0,4.13671875,400,1771114208.1190875,3.1,67.50390625,37,40054.888227939606
2026-02-15T03:10:11,Spotify,5.7,28.1,27.934194454192227,0.0,0.0,17707.618884486044,0.0,1589.51171875,51.453,48.0,1815.0,99.3,39.98828125,3,2464.7946145534515,13.5,80.8828125,148,40086.676876306534,8.1,67.5078125,37,40056.440586566925,2.0,24.7578125,6,2459.717247247696,1.0,275.78515625,87,2533.6965889930725
2026-02-15T03:10:12,Spotify,5.7,28.1,0.0,0.0,0.0,10188.393642522515,4.0,1589.51171875,51.388,48.0,1815.0,98.4,39.984375,3,2466.366925239563,15.1,80.859375,148,40088.233463048935,5.0,16.0234375,14,40085.891954898834,4.0,4.13671875,400,1771114211.1804252,4.0,266.94921875,95,40058.097387075424
2026-02-15T03:10:14,Spotify,6.3,28.1,1830.9617969639883,751.0971743400889,0.0,15302.63032011918,0.0,1589.51171875,51.298,47.0,1815.0,99.4,39.27734375,3,2467.8599128723145,13.2,80.87109375,148,40089.774825811386,7.3,67.52734375,37,40059.489460229874,5.2,16.0234375,13,40087.391561985016,3.1,266.953125,95,40059.60074400902
2026-02-15T03:10:15,Spotify,6.3,28.1,43.665422594229376,1039.369377205066,0.0,11178.34818412272,0.0,1589.51171875,51.48,47.0,1815.0,98.9,39.9765625,3,2469.3916940689087,11.4,80.87890625,148,40091.2826051712,8.2,67.53515625,37,40061.01831364632,6.1,16.0546875,14,40088.921493291855,5.1,266.95703125,95,40061.12980914116
2026-02-15T03:10:17,Spotify,6.5,28.1,247.13658992909052,2762.7269316283596,0.0,10655.489182626892,0.0,1589.51171875,51.163,47.0,1815.0,99.4,39.98046875,3,2470.917071580887,13.2,80.8828125,148,40092.82011818886,5.1,16.05859375,14,40090.446534872055,4.1,149.05078125,277,40087.658697128296,3.1,6.109375,4,40080.66555070877
2026-02-15T03:10:18,Spotify,6.1,28.1,1295.068832749199,1585.663171245177,0.0,125345.6785008405,0.0,1589.51171875,51.135,47.0,1815.0,100.4,39.27734375,3,2472.442576646805,11.4,80.87109375,148,40094.32967495918,8.2,67.40234375,37,40064.062821149826,4.1,294.0390625,39,2542.0525357723236,3.1,16.0234375,13,40091.969478845596
2026-02-15T03:10:20,Spotify,6.8,28.1,411.1929431426662,1534.1660758392513,0.0,15323.443349519104,0.0,1589.51171875,50.848,47.0,1815.0,99.0,39.98046875,3,2474.004326581955,14.2,80.8828125,148,40095.86388230324,7.1,16.05859375,14,40093.51224684715,6.0,67.39453125,37,40065.634004592896,3.1,22.21484375,36,40095.86262726784
2026-02-15T03:10:21,Spotify,5.8,28.1,0.0,792.7351761463158,21050.523704993902,68743.1164741207,0.0,1589.51171875,50.749,47.0,1815.0,98.2,39.984375,3,2475.5319344997406,12.0,80.87890625,148,40097.42098760605,7.2,67.39453125,37,40067.163190603256,3.1,266.67578125,95,40067.2734310627,2.0,22.21484375,36,40097.42189288139
2026-02-15T03:10:23,Spotify,5.8,28.1,1147.2804478134399,2041.8473655026285,0.0,46899.47343632382,0.0,1589.51171875,50.91,48.0,1815.0,99.3,39.98046875,3,2477.0933175086975,15.2,80.8359375,148,40098.95982980728,7.0,67.39453125,37,40068.7244989872,3.0,16.05859375,14,40096.60935497284,2.0,4.13671875,400,1771114221.9086552
2026-02-15T03:10:24,Spotify,6.2,28.1,286.9241371651859,232.24128591173124,0.0,5599.523968353764,0.0,1589.51171875,51.077,48.0,1815.0,100.0,39.984375,3,2478.605407476425,14.1,80.875,148,40100.514234781265,7.0,4.13671875,400,1771114223.463105,5.2,67.39453125,37,40070.24105787277,4.1,16.0625,13,40098.139529943466
2026-02-15T03:10:26,Spotify,5.9,28.1,3055.69653659455,2819.322431127642,0.0,27044.36692716352,0.0,1589.51171875,50.978,48.0,1815.0,98.9,39.984375,3,2480.1532089710236,11.3,80.8359375,148,40102.031873464584,6.1,67.39453125,37,40071.77793288231,5.1,278.51171875,87,2549.0527753829956,4.1,266.67578125,95,40071.88921356201
2026-02-15T03:10:28,Spotify,6.6,28.1,350.8647818791217,193.3336553211487,0.0,8332.224875793614,1.0,1589.51171875,51.135,48.0,1815.0,99.5,39.984375,3,2481.6611711978912,15.3,80.87890625,148,40103.56502985954,9.2,67.39453125,37,40073.301097631454,5.1,16.0625,14,40101.19403409958,4.1,4.13671875,400,1771114226.513511
2026-02-15T03:10:29,Spotify,6.0,28.1,1520.6577195366237,963.2357020184717,0.0,3680.4229808466976,0.0,1589.51171875,51.142,48.0,1815.0,97.2,39.984375,3,2483.268322467804,10.2,80.84765625,148,40105.096623420715,7.8,67.39453125,37,40074.90594983101,4.9,296.5546875,39,2552.888365507126,4.1,4.13671875,400,1771114228.0442526
2026-02-15T03:10:31,Spotify,7.5,28.1,5793.3029390245065,5528.017864099811,0.0,15623.173614344492,0.0,1652.60546875,51.333,49.0,1815.0,99.5,39.984375,3,2485.2158167362213,70.1,321.32421875,39,2554.8939130306244,16.5,80.8671875,148,40106.7070877552,16.4,281.58984375,92,2553.84632396698,9.4,67.375,37,40076.89355659485
2026-02-15T03:10:33,Spotify,11.0,28.3,1264157.0142098956,41441.680686336054,208594.1976754361,1744072.1717514123,0.0,1652.60546875,51.401,49.0,1815.0,99.8,39.984375,3,2486.9376695156097,29.7,314.29296875,39,2556.6281712055206,19.5,80.8828125,148,40108.71296906471,9.0,67.390625,37,40078.63184261322,8.1,166.06640625,99,2556.918428182602
2026-02-15T03:10:35,Spotify,7.9,28.3,709.6722093669742,834.19633383754,0.0,740872.4205537661,4.0,1624.73046875,51.489,49.0,1815.0,98.7,39.98828125,3,2488.663793325424,18.0,80.8515625,148,40110.44437909126,12.6,314.95703125,39,2558.3629891872406,7.2,167.63671875,99,2558.653420686722,4.5,16.0234375,13,40108.16359615326
2026-02-15T03:10:36,Spotify,7.5,28.3,4024261.4947666605,10693.746952880367,0.0,8261.33299113504,0.0,1622.48046875,51.524,49.0,1815.0,99.1,39.28515625,3,2490.4289786815643,20.6,80.859375,148,40112.186354637146,16.2,312.03125,39,2560.1005470752716,9.8,67.3984375,37,40082.10547065735,6.3,166.06640625,99,2560.3911640644073
2026-02-15T03:10:38,Spotify,8.1,28.3,2971.6070719693175,7170.404441036516,377051.77360809525,4653938.258776794,0.0,1643.73046875,51.481,49.0,1815.0,98.0,39.9921875,3,2492.1339812278748,18.0,80.87109375,148,40113.92049360275,13.4,312.4296875,39,2561.8521320819855,9.0,67.3984375,37,40083.843066453934,7.1,172.66796875,99,2562.14288520813
2026-02-15T03:10:40,Spotify,7.0,28.3,927.5094438340396,795.4979333437974,0.0,11411.28069900068,0.0,1643.73046875,51.447,49.0,1815.0,99.5,39.9921875,3,2493.9094569683075,29.7,312.6875,39,2563.589828014374,20.6,80.890625,148,40115.66807603836,9.9,172.625,99,2563.8801925182343,3.6,4.13671875,400,1771114238.6137764
2026-02-15T03:10:42,Spotify,7.8,28.3,8896.952869304165,4722.33504599383,0.0,83658.0524327328,0.0,1620.98046875,51.575,50.0,1815.0,100.0,39.98828125,3,2495.64328789711,17.9,80.85546875,148,40117.41274523735,14.5,312.76953125,39,2565.3109228610992,7.2,67.40625,37,40087.31927752495,6.4,172.5,99,2565.60186958313
2026-02-15T03:10:43,Spotify,7.9,28.3,12483.50079215543,1226.8468422830592,0.0,41360.60448678388,0.0,1620.98046875,51.596,50.0,1815.0,99.8,39.96484375,2,2497.3504025936127,19.1,80.83203125,148,40119.130224466324,13.6,311.44140625,39,2567.0315158367157,7.3,67.41015625,37,40089.0337934494,6.4,16.0234375,13,40116.848224163055
2026-02-15T03:10:45,Spotify,7.2,28.3,2850.8248897685526,58.666119369727745,0.0,10706.2763586418,0.0,1643.73046875,51.563,50.0,1815.0,97.3,39.96484375,2,2499.100693464279,21.2,313.21484375,39,2568.802502632141,16.4,80.87109375,148,40120.850551605225,10.6,166.66796875,99,2569.0932235717773,4.4,67.41796875,37,40090.79842424393
2026-02-15T03:10:47,Spotify,7.8,28.3,644.0127183414274,341.2137560335282,0.0,17643.688788806547,0.0,1643.73046875,51.604,50.0,1815.0,99.0,39.96484375,2,2500.8371002674103,19.4,80.86328125,148,40122.62064194679,14.4,305.92578125,39,2570.5356669425964,6.3,67.37890625,37,40092.52723693848,4.5,16.05859375,14,40120.3410449028
2026-02-15T03:10:49,Spotify,7.1,28.3,250.29954027432836,1135.575564055651,0.0,53741.73355051386,0.0,1620.98046875,51.633,50.0,1815.0,97.0,39.96484375,2,2502.5933845043182,19.8,80.8671875,148,40124.353515625,14.3,304.26171875,39,2572.2801401615143,10.7,67.37890625,37,40094.27992558479,7.2,166.84375,99,2572.5711081027985
2026-02-15T03:10:50,Spotify,7.9,28.3,4912.295716624681,1859.1714584750425,0.0,8514.798832645723,0.0,1620.98046875,51.525,50.0,1815.0,100.0,39.96875,2,2504.327313899994,18.8,80.828125,148,40126.09943270683,15.4,304.27734375,39,2574.002012014389,5.4,67.37890625,37,40096.004828214645,3.6,165.96484375,99,2574.292635679245
2026-02-15T03:10:52,Spotify,7.9,28.3,757.2805463457644,657.3938485148814,0.0,298823.8327666231,0.0,1643.73046875,51.722,51.0,1815.0,99.1,39.96875,2,2506.0467007160187,18.1,80.875,148,40127.82278871536,15.4,304.109375,39,2575.7216005325317,9.1,16.0234375,13,40125.54277253151,4.5,67.37890625,37,40097.722954273224
2026-02-15T03:10:54,Spotify,6.9,28.3,482.7279581067618,31.406397274415824,0.0,117622.77379218253,0.0,1643.73046875,51.738,51.0,1815.0,100.5,39.96875,2,2507.787942647934,25.7,305.2109375,39,2577.4821310043335,17.3,80.859375,148,40129.539383888245,7.1,169.56640625,99,2577.7726607322693,5.4,67.38671875,37,40099.45706367493
2026-02-15T03:10:55,Spotify,8.7,28.3,1055.938648481869,2110.743098630245,0.0,32519.734617907787,1.0,1620.98046875,51.746,51.0,1815.0,98.5,39.96875,2,2509.549215555191,20.4,80.85546875,148,40131.302481889725,17.9,303.71875,39,2579.224916934967,8.0,67.39453125,37,40101.225450754166,7.2,169.74609375,99,2579.5156631469727
2026-02-15T03:10:57,Spotify,7.7,28.3,603.9422178046092,499.3585035891583,0.0,6472.697565510103,0.0,1620.98046875,51.639,51.0,1815.0,99.9,39.97265625,2,2511.269463777542,17.1,80.875,148,40133.04407072067,13.6,304.20703125,39,2580.9530885219574,5.4,16.05859375,14,40130.7701895237,4.5,67.40234375,37,40102.9517827034
2026-02-15T03:10:59,Spotify,6.9,28.3,0.0,0.0,0.0,29327.6574323094,1.0,1643.73046875,51.727,51.0,1815.0,99.2,39.97265625,2,2513.00146985054,23.4,305.328125,39,2582.691764831543,20.8,80.87109375,148,40134.771807193756,5.4,16.0625,14,40132.49664449692,4.5,67.41015625,37,40104.69536137581
2026-02-15T03:11:01,Spotify,8.4,28.3,440.4739570430399,330.06795214452336,0.0,6477.152287379637,0.0,1643.73046875,51.885,51.0,1815.0,100.5,39.97265625,2,2514.7269690036774,18.9,80.85546875,148,40136.51280140877,16.5,304.90234375,39,2584.4001297950745,7.3,169.546875,99,2584.690891981125,6.4,266.94921875,95,40106.50996208191
2026-02-15T03:11:02,Spotify,8.1,28.3,555.7036841168657,577.9318314815404,0.0,67985.3736661038,1.0,1620.98046875,51.948,52.0,1815.0,97.1,39.97265625,2,2516.4637520313263,20.1,80.84375,148,40138.22101020813,13.3,305.02734375,39,2586.156806707382,10.7,67.4296875,37,40108.14909696579,6.2,167.39453125,99,2586.4476132392883
2026-02-15T03:11:04,Spotify,7.3,28.3,2435.5759640327583,3182.660682995544,0.0,26259.08760473315,0.0,1620.98046875,51.842,52.0,1815.0,97.9,39.97265625,2,2518.186938524246,19.6,80.875,148,40139.978506326675,12.9,304.125,39,2587.8572402000427,10.1,167.31640625,99,2588.1481449604034,6.4,67.41796875,37,40109.861824035645
2026-02-15T03:11:06,Spotify,8.1,28.3,746.2197597829214,558.3438171153093,9619.248264581734,136473.08475375336,0.0,1643.73046875,51.835,52.0,1815.0,99.0,39.97265625,2,2519.8921406269073,19.3,80.8671875,148,40141.67822599411,15.5,304.37109375,39,2589.575357437134,5.5,16.0234375,13,40139.39033460617,5.5,67.41796875,37,40111.56936907768
2026-02-15T03:11:08,Spotify,7.6,28.3,658.8858183143495,735.2023896664095,0.0,248761.7290068734,0.0,1643.73046875,51.894,52.0,1815.0,100.3,39.98046875,2,2521.6216661930084,20.0,304.28125,39,2591.296602487564,17.3,80.86328125,148,40143.395597696304,8.2,167.375,99,2591.587356567383,7.2,97.28125,33,40136.53859782219
2026-02-15T03:11:09,Spotify,8.2,28.3,466.3169403088631,254.6718452060873,0.0,4763.177524950382,0.0,1620.98046875,52.007,52.0,1815.0,99.0,39.98046875,2,2523.3416204452515,20.0,80.8671875,148,40145.1176404953,13.5,304.91015625,39,2593.0351469516754,8.1,166.859375,99,2593.322982788086,4.5,67.421875,37,40115.03040242195
2026-02-15T03:11:11,Spotify,7.5,28.3,310.49598768173877,341.54558644991266,0.0,49458.5608822823,0.0,1620.98046875,52.237,52.0,1815.0,100.3,39.98046875,2,2525.0704221725464,19.8,80.890625,148,40146.85255265236,14.4,304.96875,39,2594.7624876499176,13.5,67.4296875,37,40116.759863853455,7.2,16.0234375,13,40144.57102775574
2026-02-15T03:11:13,Spotify,8.2,28.3,114.63485292290703,139.530300779902,0.0,10375.033153426737,0.0,1643.73046875,52.237,52.0,1815.0,99.2,39.9921875,3,2526.8338117599487,29.1,304.9765625,39,2596.536522626877,19.9,80.86328125,148,40148.582238674164,5.3,166.4296875,99,2596.8267788887024,3.6,4.13671875,400,1771114271.5285065
2026-02-15T03:11:15,Spotify,8.0,28.3,204.00933504405043,156.10659062762974,0.0,44147.1692541733,0.0,1643.73046875,52.301,52.0,1815.0,99.5,39.9921875,3,2528.593015193939,17.6,80.85546875,148,40150.35560750961,16.0,305.0,39,2598.289557695389,8.0,166.0078125,99,2598.580267429352,7.9,67.359375,37,40120.29864239693
2026-02-15T03:11:16,Spotify,7.5,28.3,421.0989904849256,332.6567905863301,0.0,13438.64962588207,5.0,1620.98046875,52.254,51.0,1815.0,100.3,39.98828125,3,2530.3227314949036,17.8,80.87890625,148,40152.10803079605,15.2,303.9921875,39,2600.037830591202,8.0,166.5625,99,2600.3284204006195,4.5,266.66796875,95,40122.14629793167
2026-02-15T03:11:18,Spotify,8.1,28.3,439.38703892142877,351.28078372103806,9373.590163657147,147048.1956923715,1.0,1620.98046875,52.185,51.0,1815.0,97.5,39.28125,3,2532.0858902931213,23.2,80.8671875,148,40153.85593628883,15.2,304.03515625,39,2601.7816247940063,8.1,67.36328125,37,40123.77657032013,8.1,166.5078125,99,2602.072326898575
2026-02-15T03:11:20,Spotify,8.5,28.3,279.6263023163615,301.40048159509456,72757.84705516868,16722.569686066996,0.0,1643.73046875,52.259,51.0,1815.0,97.9,39.28125,3,2533.8731276988983,18.8,80.87109375,148,40155.60288095474,15.0,304.03125,39,2603.555121421814,7.9,172.84375,99,2603.845955133438,7.0,67.36328125,37,40125.555205106735
2026-02-15T03:11:22,Spotify,7.2,28.3,833.9648956652851,471.150668390063,0.0,14444.85881531211,1.0,1643.73046875,52.239,50.0,1815.0,98.8,39.9921875,3,2535.6430881023407,19.2,305.015625,39,2605.345221042633,18.5,80.83203125,148,40157.37859296799,6.2,67.38671875,37,40127.331414461136,4.4,266.9375,95,40127.44230175018
2026-02-15T03:11:23,Spotify,7.7,28.3,858.765624771192,236.74683023601133,0.0,170100.36406391155,0.0,1620.98046875,52.13,50.0,1815.0,99.4,39.9921875,3,2537.40411734581,20.1,80.8828125,148,40159.16719245911,14.3,303.5625,39,2607.0919892787933,7.2,172.3203125,99,2607.382560968399,6.2,67.3828125,37,40129.09284853935
2026-02-15T03:11:25,Spotify,7.4,28.3,1019.2410403824096,534.2426352116787,9381.598430126627,41924.01798462837,0.0,1620.98046875,51.9,50.0,1815.0,99.3,39.9921875,3,2539.166754245758,17.9,80.86328125,148,40160.910514354706,17.6,307.90625,39,2608.872218608856,7.9,169.30859375,99,2609.162748336792,7.2,16.0234375,13,40158.6358692646
2026-02-15T03:11:27,Spotify,8.1,28.3,4056.740453547308,2224.6641196872333,0.0,5463.653763271246,0.0,1643.73046875,52.033,49.0,1815.0,98.6,39.9921875,3,2540.9418408870697,33.5,309.203125,39,2610.6472058296204,18.4,80.8515625,148,40162.691591501236,12.4,276.91015625,88,2609.7382085323334,10.6,67.390625,37,40132.64819478989
2026-02-15T03:11:29,Spotify,8.4,28.3,247.92407519506875,0.0,0.0,61160.61549539441,0.0,1643.73046875,51.996,49.0,1815.0,99.4,39.9921875,3,2542.733535528183,19.4,80.83984375,148,40164.46672272682,13.2,308.17578125,39,2612.4198660850525,4.4,67.39453125,37,40134.42070269585,2.6,169.44921875,99,2612.710732460022
2026-02-15T03:11:30,Spotify,7.2,28.3,827.0817121292501,539.9162336341694,0.0,12998.61026429599,1.0,1620.98046875,52.015,49.0,1815.0,98.9,39.9921875,3,2544.4562969207764,19.4,80.87109375,148,40166.23788404465,11.8,308.19140625,39,2614.135283946991,7.3,266.94921875,95,40136.24960589409,7.3,168.984375,99,2614.426107645035
2026-02-15T03:11:32,Spotify,8.2,28.3,221.5648065396444,0.0,0.0,18210.294836437297,0.0,1615.35546875,51.707,49.0,1815.0,98.1,39.9921875,3,2546.177130460739,20.0,80.8671875,148,40167.95406746864,16.4,307.03125,39,2615.8489055633545,8.2,169.265625,99,2616.1395649909973,6.4,67.40625,37,40137.85363197327
2026-02-15T03:11:34,Spotify,7.7,28.3,648.7793131354946,422.99010973312375,0.0,8065.400382000969,0.0,1638.01171875,51.869,48.0,1815.0,99.7,40.0,3,2547.885982275009,19.2,80.8515625,148,40169.66676545143,15.3,304.6640625,39,2617.582719564438,8.2,16.0625,14,40167.38318705559,5.4,169.875,99,2617.87358212471
2026-02-15T03:11:36,Spotify,8.0,28.3,425.72601086665753,354.1948112088452,0.0,21560.888051696737,0.0,1638.01171875,51.842,48.0,1815.0,98.8,39.29296875,3,2549.656427383423,21.0,303.734375,39,2619.369220495224,18.0,80.875,148,40171.40363407135,10.5,67.40625,37,40141.355737924576,7.0,168.9296875,99,2619.6598222255707
2026-02-15T03:11:37,Spotify,8.1,28.3,333.8534223182658,0.0,0.0,55832.37133041149,1.0,1615.26171875,51.821,48.0,1815.0,98.3,40.0,3,2551.4360942840576,20.0,80.8671875,148,40173.19556760788,12.5,304.484375,39,2621.1211059093475,7.1,67.4296875,37,40143.11904191971,4.4,4.13671875,400,1771114296.1356554
2026-02-15T03:11:39,Spotify,6.6,28.3,2528.641362080779,100.57421010761968,0.0,48568.20037197052,0.0,1615.26171875,51.757,48.0,1815.0,99.7,40.0,3,2553.159002304077,16.1,80.8671875,148,40174.93725180626,13.7,304.50390625,39,2622.8358585834503,6.3,67.42578125,37,40144.84277319908,5.5,168.11328125,99,2623.1262233257294
2026-02-15T03:11:41,Spotify,7.4,28.3,1937.000754310315,454.80451184889995,0.0,66275.5128651197,1.0,1638.01171875,51.641,47.0,1815.0,100.4,40.0,3,2554.9027416706085,21.1,304.82421875,39,2624.6107761859894,20.1,80.84375,148,40176.65179371834,9.7,67.42578125,37,40146.61275219917,8.8,170.75390625,99,2624.901605129242
2026-02-15T03:11:43,Spotify,7.5,28.3,43.37622424883683,98.01900025061829,73836.47356809794,62299.52457308263,0.0,1638.01171875,51.593,47.0,1815.0,98.9,39.98828125,3,2556.7046854496,20.2,80.875,148,40178.42872929573,16.6,148.234375,23,3007.919953584671,13.9,304.91015625,39,2626.406041622162,10.5,67.4296875,37,40148.39846086502
2026-02-15T03:11:44,Spotify,8.3,28.3,4750.360733531036,2557.8437103291967,0.0,87250.7053744167,1.0,1615.26171875,51.4,47.0,1815.0,100.0,39.98828125,3,2558.4544076919556,20.0,80.87109375,148,40180.225613832474,18.7,303.92578125,39,2628.1573944091797,9.8,169.55078125,99,2628.447390794754,4.5,16.0625,14,40177.94769859314
2026-02-15T03:11:46,Spotify,7.7,28.3,4976.409754355556,3482.573515866397,0.0,59913.279171502545,0.0,1615.26171875,51.189,47.0,1815.0,99.3,39.98828125,3,2560.216302871704,21.4,80.87890625,148,40181.97928118706,13.4,303.94921875,39,2629.9015622138977,7.2,169.60546875,99,2630.192306995392,7.1,147.3203125,23,3011.428718805313
2026-02-15T03:11:48,Spotify,7.5,28.3,118.18176177862448,122.77134476031863,46997.32973254814,396246.2363075465,0.0,1638.01171875,51.151,47.0,1815.0,99.0,39.98828125,3,2561.9371671676636,17.9,80.85546875,148,40183.720556259155,16.3,303.91015625,39,2631.6279697418213,5.4,16.0234375,13,40181.43613123894,5.4,67.40625,37,40153.62968635559
2026-02-15T03:11:50,Spotify,7.3,28.3,562.7956416043733,407.6215346599576,0.0,6521.944554559322,0.0,1638.01171875,51.133,47.0,1815.0,99.1,39.98828125,3,2563.6866800785065,27.6,304.875,39,2633.3776545524597,19.9,80.87109375,148,40185.4458899498,8.9,16.05859375,14,40183.182873249054,8.9,168.40234375,99,2633.6682510375977
2026-02-15T03:11:51,Spotify,7.6,28.3,491.356943412583,113.12636604150167,0.0,4387.931773730974,1.0,1615.26171875,51.156,48.0,1815.0,98.3,39.9921875,3,2565.4194552898407,16.9,80.8828125,148,40187.19906401634,14.5,304.92578125,39,2635.104050397873,8.2,67.40625,37,40157.10276222229,7.2,168.17578125,99,2635.3948488235474
2026-02-15T03:11:53,Spotify,7.8,28.3,786.257887623264,903.298486959962,0.0,18986.07108447982,1.0,1615.26171875,51.017,48.0,1815.0,99.0,39.99609375,3,2567.2668623924255,19.0,80.87109375,148,40188.92260026932,12.8,303.4453125,39,2637.0515785217285,7.2,4.140625,400,1771114311.867607,7.2,168.2734375,99,2637.342346906662
2026-02-15T03:11:55,Spotify,9.6,28.4,6070.4234366850815,3694.8616584833367,126258.23153349066,288552.66665049846,0.0,1638.01171875,51.261,48.0,1815.0,100.3,39.99609375,3,2569.1667292118073,21.2,304.9921875,39,2638.897280693054,20.0,80.8515625,148,40190.87090277672,9.3,168.28515625,99,2639.187900543213,5.1,67.3984375,37,40160.89861536026
2026-02-15T03:11:57,Spotify,8.8,28.4,2889.7619834155753,1333.5696350832513,17749.151016412667,203837.9062041142,1.0,1638.01171875,51.326,48.0,1815.0,99.0,40.0,3,2570.9496054649353,19.5,80.859375,148,40192.717983961105,17.7,306.5390625,39,2640.664959192276,7.1,67.3984375,37,40162.6656396389,5.3,168.3671875,99,2640.9556891918182
2026-02-15T03:11:59,Spotify,8.3,28.4,201.44989744509235,273.881321245575,55627.33347877067,401559.81354987575,0.0,1615.26171875,51.328,49.0,1815.0,99.5,40.00390625,3,2572.7238812446594,18.6,80.88671875,148,40194.48290538788,13.4,306.58984375,39,2642.417793035507,8.0,67.40234375,37,40164.419877529144,5.3,167.9765625,99,2642.708383321762
2026-02-15T03:12:00,Spotify,7.4,28.4,759.7621455520197,746.0727375240552,0.0,140179.5382063546,0.0,1615.26171875,51.216,49.0,1815.0,98.3,40.00390625,3,2574.4720175266266,19.6,80.87109375,148,40196.237488269806,10.6,305.08203125,39,2644.1814970970154,8.9,167.9921875,99,2644.4719336032867,7.2,16.0234375,13,40193.96049785614
2026-02-15T03:12:02,Spotify,7.6,28.4,658.8245696090078,447.9099913865027,0.0,48478.60240950826,0.0,1638.01171875,51.201,49.0,1815.0,98.7,40.00390625,3,2576.245611190796,18.6,80.87109375,148,40197.99858665466,13.4,305.31640625,39,2645.932242870331,7.9,16.0234375,13,40195.74849772453,7.1,67.40234375,37,40167.93961930275
2026-02-15T03:12:04,Spotify,7.1,28.3,443.0069923616619,338.53498256503286,0.0,154330.84830809565,0.0,1638.01171875,51.468,49.0,1815.0,100.1,40.00390625,3,2578.009372472763,23.6,306.1640625,39,2647.722640991211,20.5,80.83203125,148,40199.752737522125,10.5,67.41796875,37,40169.72429561615,7.9,167.5078125,99,2648.0134530067444
2026-02-15T03:12:06,Spotify,7.8,28.4,2748.8275901035963,3265.8396927562653,9157.541934985222,132498.18487181742,0.0,1615.26171875,51.317,49.0,1815.0,99.5,40.00390625,3,2579.784677028656,18.3,80.8828125,148,40201.54434847832,14.2,306.22265625,39,2649.4826061725616,9.8,67.42578125,37,40171.481986284256,5.3,168.36328125,99,2649.7729256153107
2026-02-15T03:12:08,Spotify,6.9,28.3,72.70221824874443,31.239234403757376,0.0,34315.44701340737,0.0,1615.26171875,51.222,49.0,1815.0,100.8,40.00390625,3,2581.5518209934235,20.4,80.87890625,148,40203.30317115784,13.1,305.10546875,39,2651.273000717163,7.9,67.4296875,37,40173.26332473755,6.2,16.0546875,14,40201.04124927521
2026-02-15T03:12:09,Spotify,7.4,28.3,540.6137822693632,460.75038261593454,0.0,30024.17038719108,1.0,1638.01171875,51.467,50.0,1815.0,97.0,39.29296875,3,2583.37122964859,21.9,306.73828125,39,2653.0574214458466,19.2,80.8671875,148,40205.093069553375,6.1,67.4453125,37,40175.06133532524,5.3,168.36328125,99,2653.3481986522675
2026-02-15T03:12:11,Spotify,7.8,28.3,282.4718121373944,255.00927484625885,0.0,25825.994252561773,0.0,1638.01171875,51.557,50.0,1815.0,98.1,40.00390625,3,2585.1074755191803,20.1,80.84375,148,40206.878890275955,14.3,305.80859375,39,2654.808025598526,5.4,67.44921875,37,40176.804683446884,3.6,16.0234375,13,40204.607137680054
2026-02-15T03:12:13,Spotify,8.2,28.3,140.5373857400287,169.10189503678248,0.0,8190.016105565249,1.0,1615.26171875,51.579,50.0,1815.0,99.0,39.99609375,3,2586.8907976150513,18.8,80.875,148,40208.625876665115,11.3,305.2578125,39,2656.61093211174,8.7,67.453125,37,40178.60910344124,6.9,168.203125,99,2656.9017086029053
2026-02-15T03:12:15,Spotify,7.9,28.3,4790.98780058904,1216.0543375279267,0.0,114468.88129022002,0.0,1615.26171875,51.472,50.0,1815.0,100.5,39.99609375,3,2588.663493156433,19.9,80.8828125,148,40210.427547454834,13.3,305.2734375,39,2658.3764848709106,8.0,67.44140625,37,40180.36525940895,7.0,14.8203125,9,40210.6311750412
2026-02-15T03:12:16,Spotify,7.7,28.3,1518.9068707003141,30.559229142256694,0.0,7533.415895217057,0.0,1638.01171875,51.527,50.0,1815.0,96.6,39.28515625,3,2590.4758036136627,23.4,305.6328125,39,2660.1799046993256,18.5,80.875,148,40212.197321891785,7.8,168.3671875,99,2660.470675945282,5.3,4.140625,400,1771114335.141443
2026-02-15T03:12:18,Spotify,7.8,28.3,1288.7172481250484,427.3524035556793,0.0,76155.30831986506,0.0,1638.01171875,51.606,51.0,1815.0,97.7,39.99609375,3,2592.235146999359,18.2,80.859375,148,40213.99658894539,12.5,305.76171875,39,2661.9234290122986,7.2,167.75,99,2662.2137229442596,6.9,4.140625,400,1771114336.94223
2026-02-15T03:12:20,Spotify,6.9,28.3,28.670756293950607,0.0,0.0,52552.34945655971,0.0,1615.26171875,51.69,51.0,1815.0,100.5,39.99609375,3,2593.9923219680786,20.6,80.83203125,148,40215.74366092682,13.3,304.48046875,39,2663.6841440200806,6.2,16.0234375,13,40213.49022293091,5.3,67.4453125,37,40185.68482160568
2026-02-15T03:12:22,Spotify,7.6,28.3,0.0,0.0,0.0,41572.11831606273,0.0,1615.26171875,51.697,51.0,1815.0,98.3,40.0,3,2595.7253618240356,18.6,80.8828125,148,40217.50255560875,12.6,304.44140625,39,2665.4201033115387,7.2,166.62890625,99,2665.7108821868896,6.3,67.4453125,37,40187.41655039787
2026-02-15T03:12:23,Spotify,7.0,28.3,1287.2069736660446,982.9790049571495,0.0,16225.491664474403,0.0,1638.01171875,51.691,51.0,1815.0,96.8,40.0,3,2597.501570224762,20.2,303.99609375,39,2667.2005581855774,18.9,80.8671875,148,40219.238577365875,6.2,67.453125,37,40189.18902635574,6.1,168.33984375,99,2667.4910719394684
2026-02-15T03:12:25,Spotify,8.0,28.3,33.69683933594562,0.0,0.0,5463.38088433465,1.0,1638.01171875,51.915,51.0,1815.0,97.3,40.0,3,2599.267802000046,20.1,80.859375,148,40221.02241754532,15.3,304.609375,39,2668.9363005161285,8.0,67.4609375,37,40190.9421005249,6.2,16.05859375,14,40218.76506400108
2026-02-15T03:12:27,Spotify,7.9,28.3,3585.8377390285655,3396.8972123777435,0.0,92903.4394458678,0.0,1615.26171875,51.795,51.0,1815.0,100.0,40.0,3,2600.9862933158875,18.9,80.87890625,148,40222.75424981117,11.8,304.44140625,39,2670.6570830345154,8.2,67.46484375,37,40192.6615729332,5.4,168.01171875,99,2670.9478175640106
2026-02-15T03:12:29,Spotify,6.6,28.3,2586.443099964802,1287.4093182970869,0.0,5654.1389834736165,1.0,1615.26171875,51.729,51.0,1815.0,99.9,40.0,3,2602.706288576126,20.9,80.8828125,148,40224.47696352005,11.8,304.33203125,39,2672.373297929764,7.3,166.375,99,2672.664308309555,5.5,266.9609375,95,40194.49159860611
2026-02-15T03:12:30,Spotify,7.1,28.3,943.8080704895068,122.70086437047809,0.0,12207.282203152019,0.0,1638.01171875,51.809,52.0,1815.0,100.6,40.0,3,2604.4306271076202,19.1,80.86328125,148,40226.198986291885,12.7,304.36328125,39,2674.0984625816345,5.5,22.234375,36,40226.22724938393,3.6,16.0234375,13,40223.92460465431
2026-02-15T03:12:32,Spotify,6.9,28.3,968.057015213034,178.96852382089705,0.0,19932.9098738703,0.0,1638.01171875,51.884,52.0,1815.0,99.9,39.99609375,3,2606.214534521103,32.1,301.58984375,39,2675.900605916977,19.1,80.8359375,148,40227.91645407677,6.9,67.48828125,37,40197.90805673599,6.2,16.0234375,13,40225.70350432396
2026-02-15T03:12:34,Spotify,8.2,28.3,1511.9973669143474,664.1691186042106,0.0,5681.780931083639,0.0,1615.26171875,51.86,52.0,1815.0,96.4,39.99609375,3,2607.9644622802734,19.1,80.87890625,148,40229.71917772293,13.2,301.953125,39,2677.6777424812317,12.3,168.359375,99,2677.9683771133423,8.0,67.48828125,37,40199.66163492203
2026-02-15T03:12:36,Spotify,7.7,28.3,2942.7151135412428,578.3045568190399,46084.347562855786,58757.54314264113,0.0,1615.26171875,51.876,52.0,1815.0,97.5,39.29296875,3,2609.711322784424,19.4,80.8671875,148,40231.4954624176,12.0,300.0859375,39,2679.37802529335,5.5,67.48046875,37,40201.37860560417,4.6,166.46484375,99,2679.667620897293
2026-02-15T03:12:37,Spotify,7.4,28.3,1088.2597258423912,283.2295830756116,0.0,6318.017587611982,0.0,1638.01171875,53.568,52.0,1815.0,98.5,39.99609375,3,2611.4411792755127,24.6,301.8203125,39,2681.0953900814056,20.2,80.86328125,148,40233.19768548012,10.0,168.359375,99,2681.3858823776245,4.5,266.6796875,95,40203.21213936806
2026-02-15T03:12:39,Spotify,8.0,28.3,1319.5806503836147,512.3283532187268,0.0,39690.00175288102,0.0,1638.01171875,52.179,52.0,1815.0,100.9,39.99609375,3,2613.1135840415955,21.0,80.8359375,148,40234.91192936897,12.1,301.890625,39,2682.7719933986664,6.5,67.47265625,37,40204.77957701683,5.6,167.44921875,99,2683.0627114772797
2026-02-15T03:12:41,Spotify,6.8,28.3,677.5744590686228,175.95463505743285,0.0,4275.399403700606,0.0,1615.26171875,52.299,52.0,1815.0,99.7,39.99609375,3,2614.790311574936,16.8,80.87890625,148,40236.588559150696,14.7,301.0,39,2684.4740376472473,8.3,168.15234375,99,2684.764748573303,4.6,266.6796875,95,40206.57298207283
2026-02-15T03:12:42,Spotify,7.2,28.3,1103.5347002843166,115.69789034380541,0.0,476604.83234418766,0.0,1615.26171875,52.259,52.0,1815.0,97.7,39.98828125,3,2616.533550977707,20.2,80.8671875,148,40238.293268442154,11.9,301.3046875,39,2686.184884786606,6.4,167.67578125,99,2686.4754984378815,5.4,67.484375,37,40208.19384050369
2026-02-15T03:12:44,Spotify,7.3,28.3,1230.1757209956143,565.9743811424689,0.0,35623.64369240531,0.0,1638.01171875,52.233,51.0,1815.0,99.7,39.984375,3,2618.2107226848602,19.2,80.8359375,148,40240.002784729004,14.9,301.5078125,39,2687.8653016090393,7.4,67.48046875,37,40209.872252464294,5.6,169.3671875,99,2688.156145811081
2026-02-15T03:12:46,Spotify,6.7,28.3,39.29151743196615,203.60149942018825,0.0,9144.207693257576,0.0,1638.01171875,52.337,51.0,1815.0,99.7,39.28515625,3,2619.9188425540924,24.6,302.359375,39,2689.5777995586395,19.5,80.8671875,148,40241.68155860901,5.5,67.484375,37,40211.58166360855,3.6,168.69140625,99,2689.868865966797
2026-02-15T03:12:48,Spotify,7.3,28.3,393.3437163411321,288.88002906359105,0.0,7171.227872996782,1.0,1615.26171875,52.162,51.0,1815.0,98.8,39.984375,3,2621.610993862152,19.1,80.87890625,148,40243.39716696739,15.8,300.84765625,39,2691.263753890991,11.1,169.23828125,99,2691.5543372631073,5.5,67.47265625,37,40213.273655653
2026-02-15T03:12:49,Spotify,9.8,28.3,1585.1968851601537,1372.8089791394445,0.0,38272.537969854726,0.0,1615.26171875,52.133,50.0,1815.0,98.1,39.984375,3,2623.3148543834686,20.4,80.84375,148,40245.08327007294,14.5,301.7421875,39,2692.989695072174,5.6,4.140625,400,1771114368.0269141,4.6,67.47265625,37,40214.989209890366
2026-02-15T03:12:51,Spotify,6.8,28.3,0.0,0.0,0.0,72391.51622165879,1.0,1638.01171875,52.174,50.0,1815.0,100.5,39.984375,3,2625.0412108898163,23.6,302.6328125,39,2694.7149064540863,20.9,80.875,148,40246.806091070175,8.2,169.22265625,99,2695.0055918693542,6.3,16.0234375,13,40244.537348032
2026-02-15T03:12:53,Spotify,8.0,28.3,79.99470842507235,94.48650342961444,0.0,53422.553104743965,0.0,1638.01171875,51.895,50.0,1815.0,99.5,39.98828125,3,2626.736769914627,19.9,80.875,148,40248.53181171417,12.1,302.21484375,39,2696.388823032379,5.6,67.48046875,37,40218.393903017044,3.6,4.140625,400,1771114371.476385
2026-02-15T03:12:54,Spotify,7.2,28.2,1047.651241713237,1030.9270485730028,0.0,92967.40049611282,1.0,1615.26171875,51.968,49.0,1815.0,100.8,39.98828125,3,2628.4263875484467,16.8,80.8515625,148,40250.20890522003,15.7,302.24609375,39,2698.083514690399,11.1,67.48046875,37,40220.08629202843,8.3,161.76171875,99,2698.374280691147
2026-02-15T03:12:56,Spotify,7.5,28.2,0.0,31.866803836863514,0.0,31423.029087135343,0.0,1615.26171875,51.947,49.0,1815.0,98.8,39.9921875,3,2630.119405269623,20.3,80.87890625,148,40251.90355205536,12.7,301.546875,39,2699.799943447113,8.2,162.015625,99,2700.090703010559,5.5,67.48828125,37,40221.80372047424
2026-02-15T03:12:58,Spotify,7.6,28.2,2912.9291762258313,2836.0278459734695,9545.086324656804,53094.542680903476,0.0,1638.01171875,51.966,49.0,1815.0,100.1,39.28125,2,2631.8357157707214,20.1,80.875,148,40253.61752152443,14.7,301.75,39,2701.496837377548,10.1,168.41015625,99,2701.787354707718,8.3,67.4921875,37,40223.49372410774
2026-02-15T03:12:59,Spotify,7.8,28.3,29.462033047627116,0.0,9654.118989046454,123693.39954715768,0.0,1638.01171875,51.806,49.0,1815.0,98.0,39.98046875,2,2633.541499376297,21.2,80.84375,148,40255.31371092796,20.3,302.6171875,39,2703.1891865730286,5.5,67.50390625,37,40225.19762325287,4.6,70.65625,44,40230.291602134705
2026-02-15T03:13:01,Spotify,7.7,28.3,0.0,0.0,0.0,5143.724863749958,1.0,1615.26171875,51.789,48.0,1815.0,99.2,39.98046875,2,2635.211810350418,16.6,80.87109375,148,40257.0063226223,14.8,301.26171875,39,2704.873293399811,10.2,168.33984375,99,2705.1641540527344,8.4,67.51171875,37,40226.87686061859
2026-02-15T03:13:03,Spotify,8.1,28.2,1586.6641779549675,1314.1047252299188,19458.01339192679,167521.3340461197,0.0,1615.26171875,51.782,48.0,1815.0,98.1,39.28125,2,2636.9155735969543,20.4,80.87890625,148,40258.695244550705,11.9,301.3203125,39,2706.576470375061,6.4,168.109375,99,2706.867069005966,5.5,16.0234375,13,40256.41797828674
2026-02-15T03:13:04,Spotify,7.1,28.2,100.98066178126614,89.23872436483984,0.0,5110.091163628724,1.0,1638.01171875,51.76,48.0,1815.0,98.5,39.98046875,2,2638.597627401352,22.1,80.8828125,148,40260.39331769943,12.1,301.3515625,39,2708.25137424469,9.3,67.51953125,37,40230.2504427433,9.3,168.42578125,99,2708.54207611084
2026-02-15T03:13:06,Spotify,7.6,28.3,39.41343217727327,103.9081393764477,0.0,17733.655786913743,0.0,1638.01171875,51.687,48.0,1815.0,100.0,39.98046875,2,2640.2858226299286,21.2,302.70703125,39,2709.9486124515533,19.6,80.8828125,148,40262.06860256195,6.5,67.51953125,37,40231.94594717026,3.7,16.0625,14,40259.79294514656
2026-02-15T03:13:08,Spotify,7.7,28.3,579.6462002385608,446.5160770130377,0.0,18397.876144157246,2.0,1615.26171875,51.692,47.0,1815.0,98.5,39.98046875,2,2641.967749118805,19.3,80.875,148,40263.76762723923,17.5,301.86328125,39,2711.642418861389,8.3,67.52734375,37,40233.645644426346,6.5,168.1015625,99,2711.9332625865936
2026-02-15T03:13:10,Spotify,8.6,28.2,0.0,0.0,0.0,85867.71999214374,0.0,1615.26171875,51.631,47.0,1815.0,100.1,39.98046875,2,2643.6700620651245,18.5,80.875,148,40265.45769238472,12.1,301.87109375,39,2713.3179891109467,9.3,67.5390625,37,40235.32130599022,6.5,168.19140625,99,2713.6087970733643
2026-02-15T03:13:11,Spotify,7.0,28.2,1313.8569677602177,0.0,0.0,5498.867309208977,0.0,1638.01171875,51.561,47.0,1815.0,100.2,39.98046875,2,2645.3383729457855,21.4,80.82421875,148,40267.13721060753,14.8,301.63671875,39,2715.0036013126373,12.1,166.671875,99,2715.294192314148,9.3,67.546875,37,40237.00678038597
2026-02-15T03:13:13,Spotify,8.0,28.2,613.4112745258199,482.30499631478875,0.0,32196.37977859313,0.0,1638.01171875,51.457,47.0,1815.0,99.6,39.9921875,3,2647.0332748889923,22.1,302.38671875,39,2716.702893257141,18.6,80.8828125,148,40268.8204498291,6.4,166.765625,99,2716.993807554245,5.5,67.6484375,37,40238.70618605614
2026-02-15T03:13:15,Spotify,7.7,28.2,355.5349931218727,91.23828465875872,0.0,18082.839385271403,0.0,1615.26171875,51.237,47.0,1815.0,100.1,39.99609375,3,2648.750064611435,20.2,80.86328125,148,40270.52044010162,18.9,302.640625,39,2718.4439692497253,11.7,166.1875,99,2718.734191417694,8.2,266.95703125,95,40240.53590965271
2026-02-15T03:13:16,Spotify,7.7,28.2,149.2890910527086,31.58038464576528,0.0,81139.7693647706,0.0,1615.26171875,51.184,48.0,1815.0,97.7,39.9921875,3,2650.492957830429,20.6,80.83203125,148,40272.262212991714,12.7,301.65625,39,2720.167174100876,5.4,68.3203125,37,40242.15947818756,5.4,165.8359375,99,2720.4579598903656
2026-02-15T03:13:18,Spotify,7.7,28.2,1256.0298818762524,1237.4564270610767,0.0,271618.2032171285,0.0,1638.01171875,51.197,48.0,1815.0,98.9,39.9921875,3,2652.199381828308,19.9,80.8828125,148,40273.986850738525,14.6,301.78515625,39,2721.8763740062714,10.1,169.4453125,99,2722.1670293807983,6.4,69.94140625,37,40243.87579345703
2026-02-15T03:13:20,Spotify,7.4,28.3,108.77632561207032,454.4043279601002,19163.347514281293,62879.73403123549,0.0,1638.01171875,51.402,48.0,1815.0,100.2,39.99609375,3,2653.930809736252,30.7,302.61328125,39,2723.6052508354187,19.2,80.875,148,40275.69522237778,10.9,68.265625,37,40245.600263834,7.2,169.3125,99,2723.8958563804626
2026-02-15T03:13:22,Spotify,8.2,28.3,0.0,139.39695535914984,0.0,22803.259618585576,0.0,1621.26171875,51.472,48.0,1815.0,99.6,39.99609375,3,2655.671619415283,19.9,80.8515625,148,40277.428518772125,9.0,302.6484375,39,2725.3435022830963,8.1,68.265625,37,40247.341666698456,7.2,169.72265625,99,2725.633812189102
2026-02-15T03:13:23,Spotify,7.0,28.3,1396.8946802130833,995.3162260167356,0.0,61270.05595715508,0.0,1615.26171875,51.473,48.0,1815.0,99.3,39.29296875,3,2657.386192560196,18.0,80.875,148,40279.165259599686,11.8,302.8125,39,2727.068251848221,6.3,168.9609375,99,2727.358981370926,5.4,68.2578125,37,40249.06615781784
2026-02-15T03:13:25,Spotify,7.1,28.3,625.2894261876007,245.939440355791,0.0,5939.669502932311,0.0,1638.01171875,51.372,49.0,1815.0,100.1,39.99609375,3,2659.135654449463,20.9,80.87109375,148,40280.885837078094,18.8,306.90625,39,2728.814113140106,8.0,68.26171875,37,40250.82080698013,6.3,169.38671875,99,2729.1047604084015
2026-02-15T03:13:27,Spotify,7.8,28.3,3714.580150284472,2052.327012871128,0.0,6158.6994257299375,1.0,1638.01171875,51.511,49.0,1815.0,99.6,39.99609375,3,2660.876123189926,28.8,307.921875,39,2730.5494163036346,19.7,80.875,148,40282.63171219826,12.5,277.26953125,85,2729.686181306839,9.9,169.24609375,99,2730.839913368225
2026-02-15T03:13:29,Spotify,9.7,28.3,1016.856836155476,1178.171235092322,0.0,10029.146631045058,1.0,1624.26171875,51.594,49.0,1815.0,100.2,39.99609375,3,2662.5917732715607,18.9,80.83984375,148,40284.370426654816,12.8,306.7734375,39,2732.2599301338196,8.2,168.59765625,99,2732.5507645606995,6.4,68.26171875,37,40254.26010107994
2026-02-15T03:13:30,Spotify,6.9,28.3,1402.3487138062455,36.24244279115766,0.0,10475.235077702342,0.0,1615.26171875,51.483,49.0,1815.0,98.7,39.99609375,3,2664.2856459617615,17.4,80.85546875,148,40286.078426122665,14.7,306.8046875,39,2733.957724094391,6.5,68.26171875,37,40255.94901180267,6.4,168.33984375,99,2734.2484209537506
2026-02-15T03:13:32,Spotify,7.6,28.3,2603.2536020002826,97.20227298711171,0.0,61229.184516293586,0.0,1638.01171875,51.647,49.0,1815.0,99.7,39.99609375,3,2665.9942915439606,18.4,80.87109375,148,40287.773678064346,11.9,306.234375,39,2735.661870241165,10.1,168.7265625,99,2735.9526665210724,5.5,16.0234375,13,40285.48794794083
2026-02-15T03:13:34,Spotify,7.4,28.3,1889.9490235436558,1883.4926759476991,0.0,40268.82689667178,1.0,1638.01171875,51.696,49.0,1815.0,100.2,39.99609375,3,2667.7100715637207,27.7,306.98046875,39,2737.3553359508514,18.3,80.84375,148,40289.47785162926,7.3,68.26171875,37,40259.36285114288,5.5,168.4453125,99,2737.646335840225
2026-02-15T03:13:35,Spotify,7.8,28.3,2434.4300663126483,2947.4076918280925,0.0,11485.031855038527,0.0,1636.26171875,51.638,50.0,1815.0,99.8,39.296875,3,2669.3855760097504,19.4,80.87890625,148,40291.17424964905,12.0,306.99609375,39,2739.044448852539,7.4,168.5625,99,2739.3347759246826,6.5,266.671875,95,40261.152179956436
2026-02-15T03:13:37,Spotify,7.5,28.3,78.11925724864922,32.54969052027051,0.0,22725.602108697956,0.0,1615.26171875,51.551,50.0,1815.0,98.6,39.99609375,3,2671.0972509384155,18.5,80.875,148,40292.86262631416,15.4,306.265625,39,2740.769774198532,8.1,68.1171875,37,40262.773554325104,5.4,168.26953125,99,2741.0602490901947
2026-02-15T03:13:39,Spotify,7.0,28.3,523.0122877941429,592.592636502898,9500.036943702036,124984.86104057993,0.0,1638.01171875,51.552,50.0,1815.0,99.4,39.99609375,3,2672.795639514923,18.1,80.859375,148,40294.58601164818,14.7,302.1171875,39,2742.464443922043,7.4,68.1171875,37,40264.46104693413,5.5,168.703125,99,2742.755243062973
2026-02-15T03:13:40,Spotify,8.3,28.3,68.46475897354209,70.82561273125043,0.0,6950.353462693376,0.0,1638.01171875,51.712,50.0,1815.0,98.8,39.99609375,3,2674.487135410309,19.4,80.87109375,148,40296.28060555458,18.4,302.5859375,39,2744.1629610061646,10.1,168.3984375,99,2744.4538094997406,7.4,16.0625,13,40293.983500003815
2026-02-15T03:13:42,Spotify,7.7,28.3,579.2231024849419,446.19015414998574,0.0,19891.36898289752,0.0,1638.01171875,51.562,50.0,1815.0,100.7,39.99609375,3,2676.194079875946,18.6,302.65234375,39,2745.8456859588623,18.4,80.87109375,148,40297.980389118195,6.5,68.1171875,37,40267.852286577225,3.7,167.625,99,2746.136547803879
2026-02-15T03:13:44,Spotify,7.4,28.2,65.3893105991063,0.0,0.0,56610.498427037186,0.0,1615.26171875,51.712,50.0,1815.0,99.3,39.9921875,3,2677.8776531219482,20.4,80.859375,148,40299.66551852226,16.7,301.80859375,39,2747.532227039337,6.5,67.97265625,37,40269.533192157745,5.6,266.94921875,95,40269.64412736893
2026-02-15T03:13:45,Spotify,7.3,28.3,276.1326598180209,59.84849493909895,0.0,7281.369364471761,0.0,1615.26171875,51.768,51.0,1815.0,99.0,39.9921875,3,2679.5658457279205,18.6,80.8828125,148,40301.34930539131,14.8,301.8125,39,2749.2222802639008,5.6,4.140625,400,1771114424.2950175,5.5,68.1953125,37,40271.23223853111
2026-02-15T03:13:47,Spotify,7.1,28.2,1981.6965702645243,1414.6519722019752,0.0,9394.709666439227,0.0,1638.01171875,51.762,51.0,1815.0,100.7,39.9921875,3,2681.257518529892,30.1,302.83203125,39,2750.933678150177,22.1,80.8671875,148,40303.04319310188,10.1,67.71484375,37,40272.933153152466,4.6,16.0625,14,40300.758790016174
2026-02-15T03:13:49,Spotify,9.4,28.2,268.76597738770505,0.0,0.0,52949.234640833434,0.0,1638.01171875,51.677,51.0,1815.0,98.7,39.9921875,3,2682.9837260246277,19.2,80.875,148,40304.75527739525,12.7,302.5859375,39,2752.6615736484528,6.3,67.71484375,37,40274.65759396553,4.6,4.140625,400,1771114427.698693
2026-02-15T03:13:51,Spotify,7.8,28.2,0.0,0.0,0.0,12149.392483387988,0.0,1615.26171875,51.707,51.0,1815.0,98.9,39.9921875,3,2684.706115245819,21.7,80.8359375,148,40306.47858095169,14.7,302.84765625,39,2754.366295814514,8.2,167.78125,99,2754.657202243805,7.3,67.71484375,37,40276.368268728256
2026-02-15T03:13:52,Spotify,7.4,28.2,606.7619237758637,413.114501294205,0.0,12919.217131382411,1.0,1615.26171875,51.783,51.0,1815.0,100.5,39.9921875,3,2686.4005217552185,19.2,80.875,148,40308.18671631813,13.0,302.0,39,2756.051411151886,8.3,67.71484375,37,40278.05418252945,5.6,166.4765625,99,2756.3420917987823
2026-02-15T03:13:54,Spotify,8.3,28.2,0.0,0.0,0.0,92646.25310726855,0.0,1638.01171875,51.793,51.0,1815.0,99.2,39.99609375,3,2688.087147474289,21.4,80.8671875,148,40309.868502140045,13.8,302.28125,39,2757.7502386569977,9.2,169.54296875,99,2758.0411117076874,7.4,67.72265625,37,40279.75107693672
2026-02-15T03:13:56,Spotify,7.9,28.2,322.6445210351167,31.793438204190334,0.0,5124.631224616161,1.0,1638.01171875,51.716,52.0,1815.0,97.3,39.99609375,3,2689.788596868515,21.3,302.69921875,39,2759.4361004829407,18.3,80.8359375,148,40311.57366514206,6.5,168.6484375,99,2759.7268686294556,6.4,4.140625,400,1771114434.5136952
2026-02-15T03:13:57,Spotify,7.6,28.2,1429.8414017183263,1062.3033963015096,0.0,12747.640755618113,0.0,1615.26171875,51.879,52.0,1815.0,97.6,39.99609375,3,2691.5180838108063,20.4,80.8828125,148,40313.25579690933,13.6,304.30078125,39,2761.156982898712,8.1,266.95703125,95,40283.27719140053,8.1,68.10546875,37,40283.16668176651
2026-02-15T03:13:59,Spotify,7.7,28.2,2482.143229587956,3112.999496653529,0.0,7740.054034264434,1.0,1615.26171875,51.921,52.0,1815.0,100.7,39.99609375,3,2693.1784629821777,17.3,80.86328125,148,40314.975415706635,15.0,304.31640625,39,2762.8233473300934,8.4,16.0234375,13,40312.68242073059,3.8,67.74609375,37,40284.83137321472
2026-02-15T03:14:01,Spotify,8.0,28.2,39.60094982518015,104.40250408456586,0.0,7987.391576860578,0.0,1638.01171875,51.883,52.0,1815.0,98.8,39.296875,3,2694.8550555706024,24.0,303.89453125,39,2764.518251180649,21.6,80.83984375,148,40316.64094400406,10.1,169.39453125,98,2764.8082053661346,5.6,16.0234375,13,40314.36344957352
2026-02-15T03:14:02,Spotify,7.9,28.2,556.6262767015705,595.5429443523159,9660.767921057766,33208.88972863607,0.0,1638.01171875,51.845,52.0,1815.0,99.1,40.0,3,2696.5575160980225,17.5,80.87109375,148,40318.336325883865,14.7,303.8984375,39,2766.214701652527,7.4,67.7578125,37,40288.21548461914,6.4,167.125,98,2766.505843400955
2026-02-15T03:14:04,Spotify,7.5,28.2,101.42874809738574,103.19785416885176,0.0,100541.83625355743,0.0,1615.26171875,53.778,52.0,1815.0,96.8,40.0,3,2698.28408908844,19.3,80.87890625,148,40320.03374624252,15.3,303.3828125,39,2767.953723192215,5.4,67.765625,37,40289.952427864075,4.5,168.23828125,98,2768.244307756424
2026-02-15T03:14:06,Spotify,7.2,28.2,28.757726107517303,49.46328890492976,73030.82060456234,24441.766573301105,0.0,1615.26171875,52.154,52.0,1815.0,98.7,40.0,3,2700.009609937668,18.9,80.83984375,148,40321.76947307587,15.5,302.61328125,39,2769.6658458709717,9.1,67.76953125,37,40291.66885089874,6.4,168.24609375,98,2769.9566929340363
2026-02-15T03:14:08,Spotify,7.3,28.2,1528.0247106552724,852.7966657326826,0.0,21532.53170244494,4.0,1638.01171875,52.169,52.0,1815.0,98.6,40.0,3,2701.689512491226,20.1,80.86328125,148,40323.48354244232,11.2,302.625,39,2771.340267896652,7.4,16.0234375,13,40321.19475579262,6.5,67.76171875,37,40293.34641575813
2026-02-15T03:14:09,Spotify,7.6,28.2,0.0,320.0520340981194,9783.08307213356,88964.91168721457,0.0,1638.01171875,52.316,52.0,1815.0,98.1,40.0,3,2703.3773391246796,28.6,303.0546875,39,2773.0373833179474,22.4,80.875,148,40325.1614382267,7.4,168.41796875,98,2773.3277838230133,6.5,266.6640625,94,40295.151596069336
2026-02-15T03:14:11,Spotify,8.1,28.2,0.0,173.8129800395691,0.0,11765.076560780055,0.0,1615.26171875,52.255,51.0,1815.0,100.4,40.0,3,2705.058519601822,19.4,80.85546875,148,40326.85333323479,15.9,303.11328125,39,2774.7124211788177,8.4,67.76171875,37,40296.714520931244,5.6,168.19140625,98,2775.0030789375305
2026-02-15T03:14:13,Spotify,7.5,28.2,577.9692857134722,928.4527265335221,0.0,5502.64972844562,0.0,1615.26171875,52.139,51.0,1815.0,98.1,39.99609375,3,2706.7312774658203,18.6,80.890625,148,40328.53377819061,14.9,302.421875,39,2776.3869597911835,3.7,16.0625,14,40326.23186302185,3.7,67.76171875,37,40298.39190745354
2026-02-15T03:14:14,Spotify,6.6,28.2,100.25293210519854,85.33434101811542,0.0,11304.711582148102,0.0,1638.01171875,52.103,51.0,1815.0,96.4,39.99609375,3,2708.463892698288,19.6,80.87109375,148,40330.20539474487,15.4,302.359375,39,2778.113504886627,8.1,67.76171875,37,40300.12074756622,7.2,167.890625,99,2778.404497861862
2026-02-15T03:14:16,Spotify,8.2,28.2,0.0,0.0,0.0,8293.327295557512,0.0,1638.01171875,52.036,50.0,1815.0,99.3,39.99609375,3,2710.1631319522858,23.0,302.953125,39,2779.809362411499,15.4,80.859375,148,40331.93529868126,7.4,168.37890625,99,2780.100170135498,6.4,16.0234375,13,40329.6602537632
2026-02-15T03:14:18,Spotify,7.2,28.2,996.1155396551119,850.7748381395974,0.0,12704.90424955132,1.0,1615.26171875,52.123,50.0,1815.0,98.5,39.99609375,3,2711.8139753341675,18.5,80.828125,148,40333.62717413902,15.8,303.02734375,39,2781.490242242813,9.3,168.4921875,99,2781.7805819511414,5.6,67.6875,37,40303.4894452095
2026-02-15T03:14:19,Spotify,8.8,28.2,29.741550898826066,32.12087497073215,0.0,43551.14781216899,0.0,1615.26171875,51.947,50.0,1815.0,100.0,39.99609375,3,2713.532385826111,20.4,80.88671875,148,40335.313549757004,13.8,303.03125,39,2783.1930680274963,6.4,16.0625,13,40333.031524419785,5.5,278.93359375,85,2782.3660609722137
2026-02-15T03:14:21,Spotify,7.7,28.3,3440.3152727127617,2696.2252333602405,0.0,231831.9109822308,1.0,1638.01171875,52.109,49.0,1815.0,99.8,39.99609375,3,2715.238260746002,20.2,80.87109375,148,40337.0147755146,15.5,302.15625,39,2784.9033992290497,7.3,67.6953125,37,40306.90975737572,2.8,22.828125,36,40337.03807473183
2026-02-15T03:14:23,Spotify,7.2,28.3,932.0575501977743,629.7528115200771,19160.39009089126,118255.53259221949,1.0,1642.69921875,52.01,49.0,1815.0,98.1,39.99609375,3,2716.942765235901,22.0,304.23828125,39,2786.682251214981,17.4,80.83984375,148,40338.72247004509,7.9,168.984375,99,2786.9720618724823,7.2,67.69921875,37,40308.65890336037
2026-02-15T03:14:25,Spotify,7.8,28.3,5008.717137053515,5041.299639739596,0.0,123966.31090936219,0.0,1627.79296875,51.842,49.0,1815.0,98.4,39.99609375,3,2718.9118661880493,47.2,316.00390625,39,2788.5349674224854,20.1,80.875,148,40340.5095949173,15.3,282.3359375,91,2787.709297657013,14.3,196.4453125,99,2788.8250982761383
2026-02-15T03:14:26,Spotify,10.9,28.4,1126654.125586376,32208.816348263936,225872.63346819222,1607925.6257662252,0.0,1650.48046875,51.905,49.0,1815.0,99.3,40.0,3,2720.516541957855,17.8,80.890625,148,40342.35424399376,10.5,195.86328125,99,2790.4576647281647,10.1,4.140625,400,1771114465.2975602,9.6,67.69921875,37,40312.18053627014
2026-02-15T03:14:28,Spotify,8.1,28.4,3333.6751098448267,8480.541255738612,0.0,388460.105084872,0.0,1650.48046875,51.787,48.0,1815.0,97.2,40.0,3,2722.1725006103516,18.2,80.85546875,148,40343.988842487335,7.5,16.0234375,13,40341.682132959366,5.7,67.70703125,37,40313.81870865822,4.8,266.95703125,95,40313.92970228195
2026-02-15T03:14:30,Spotify,6.3,28.4,3688.1136250802283,3034.2754204676353,0.0,26065.204824781205,0.0,1621.60546875,51.838,48.0,1815.0,99.6,40.0,3,2723.8040301799774,40.0,312.79296875,39,2793.438532590866,17.3,80.8828125,148,40345.61365890503,11.4,191.46875,99,2793.7291436195374,5.8,67.7109375,37,40315.44909453392
2026-02-15T03:14:31,Spotify,9.0,28.4,2028914.0320751804,6138.422909331043,419632.49351799645,2660170.2714087274,0.0,1617.60546875,51.75,48.0,1815.0,98.2,39.30078125,3,2725.4278733730316,19.0,80.875,148,40347.257484436035,9.7,191.17578125,99,2795.3422412872314,7.7,67.71875,37,40317.06192159653,3.9,276.9609375,91,2794.294917345047
2026-02-15T03:14:33,Spotify,6.9,28.4,214.50818705057026,101.05443494000853,0.0,7300.717950021721,0.0,1651.16796875,51.808,48.0,1815.0,99.4,40.0,3,2727.031099319458,18.4,80.83203125,148,40348.86689901352,8.8,67.71875,37,40318.663395643234,4.9,166.2734375,99,2796.943000793457,4.9,311.55078125,39,2796.6519706249237
2026-02-15T03:14:35,Spotify,6.6,28.3,278.8156605169,1120.263819834719,0.0,45450.70354758003,0.0,1640.35546875,51.802,47.0,1815.0,99.1,40.0,3,2728.6712555885315,21.5,80.87109375,148,40350.46836352348,16.0,307.12890625,39,2798.3101105690002,5.7,67.7265625,37,40320.32054591179,4.8,16.0625,14,40348.178631067276
2026-02-15T03:14:36,Spotify,7.4,28.3,870.6233588956438,457.0169709438352,0.0,23152.31092908083,0.0,1640.35546875,51.792,47.0,1815.0,98.8,40.0,3,2730.2851016521454,16.0,80.85546875,148,40352.12506747246,8.8,67.73046875,37,40321.918076753616,5.9,165.46875,99,2800.199816465378,4.9,266.9921875,95,40322.02892231941
2026-02-15T03:14:38,Spotify,6.7,28.3,0.0,0.0,0.0,299740.48338087817,0.0,1619.23046875,51.606,47.0,1815.0,99.4,40.0,3,2731.9061579704285,18.5,80.8671875,148,40353.730164051056,10.5,67.73046875,37,40323.553795814514,6.7,166.50390625,99,2801.8323056697845,6.7,306.41015625,39,2801.5412559509277
2026-02-15T03:14:39,Spotify,6.8,28.3,25.73665190935584,0.0,0.0,122986.88059084176,0.0,1619.23046875,51.541,47.0,1815.0,99.2,40.0,3,2733.525936126709,17.3,80.84765625,148,40355.35633325577,7.7,67.73046875,37,40325.172828912735,5.8,266.95703125,95,40325.2835855484,4.8,166.296875,99,2803.443968296051
2026-02-15T03:14:41,Spotify,7.5,28.3,823.4801716983511,658.7841373586808,0.0,18069.50776755239,0.0,1640.35546875,51.188,47.0,1815.0,99.6,40.0,3,2735.14208817482,18.4,80.83984375,148,40356.97189474106,10.6,166.42578125,99,2805.0597965717316,9.7,306.4375,39,2804.7694323062897,3.9,7.15625,35,40354.64020347595
2026-02-15T03:14:43,Spotify,7.7,28.3,0.0,0.0,0.0,5076.632974075584,0.0,1640.35546875,51.251,48.0,1815.0,99.9,39.99609375,3,2736.7525641918182,19.4,80.87109375,148,40358.586158275604,11.5,306.73046875,39,2806.395875930786,9.6,165.80078125,99,2806.6869716644287,6.8,4.140625,400,1771114481.5317435
2026-02-15T03:14:44,Spotify,6.8,28.3,40.59395525257422,62.12105273499994,0.0,10392.052544659,0.0,1619.23046875,51.326,48.0,1815.0,100.6,39.9921875,3,2738.383815050125,16.3,80.86328125,148,40360.21503853798,8.7,67.734375,37,40330.02021551132,8.7,306.8828125,39,2808.0154457092285,6.7,16.0234375,13,40357.89192533493
2026-02-15T03:14:46,Spotify,7.2,28.3,638.0619605252607,434.4251646129435,0.0,7898.639356598973,0.0,1619.23046875,51.213,48.0,1815.0,100.0,39.9921875,3,2739.9924488067627,21.2,80.8671875,148,40361.83208370209,6.8,67.734375,37,40331.631450653076,3.9,266.95703125,95,40331.73883199692,3.9,166.23828125,99,2809.903815507889
2026-02-15T03:14:47,Spotify,6.1,28.3,41.34376216738377,100.22730222396066,0.0,14753.458887367009,0.0,1646.10546875,51.295,48.0,1815.0,98.4,39.29296875,3,2741.5967712402344,17.6,80.86328125,148,40363.42767047882,6.8,163.41015625,99,2811.5210580825806,3.9,16.0625,14,40361.10673904419,2.9,266.9921875,95,40333.34967660904
2026-02-15T03:14:49,Spotify,6.9,28.2,47999.081427040575,5793.344294636432,0.0,43676.326769294894,0.0,1640.35546875,51.27,48.0,1815.0,100.4,39.9921875,3,2743.2146496772766,19.3,80.84375,148,40365.044138908386,7.7,306.0234375,39,2812.8485763072968,4.8,67.6484375,37,40334.85996031761,4.8,164.078125,99,2813.1394674777985
2026-02-15T03:14:51,Spotify,6.6,28.3,1880.4010228177463,1774.7327431917736,0.0,14237.410307499465,0.0,1640.35546875,51.344,48.0,1815.0,100.1,39.9921875,3,2744.8219044208527,16.4,80.8515625,148,40366.66363596916,11.6,306.71484375,39,2814.460788488388,6.8,162.94921875,99,2814.751928329468,5.8,266.6875,95,40336.587222099304
2026-02-15T03:14:52,Spotify,6.9,28.3,74.42312947219123,378.3175748169721,35564.33280377778,24132.94011684921,0.0,1619.23046875,51.355,49.0,1815.0,99.5,39.9921875,3,2746.4382576942444,18.4,80.8515625,148,40368.277671813965,6.8,266.67578125,95,40338.19378590584,6.8,164.21875,99,2816.3588995933533,5.8,16.0234375,13,40365.95299077034
2026-02-15T03:14:54,Spotify,7.9,28.3,210.983778868637,225.29831253819054,0.0,171435.8341948061,0.0,1619.23046875,51.4,49.0,1815.0,99.4,39.9921875,3,2748.0730271339417,18.5,80.88671875,148,40369.8842124939,7.6,164.234375,99,2818.0030422210693,6.7,306.7890625,39,2817.712350845337,3.8,67.64453125,37,40339.72269034386
2026-02-15T03:14:56,Spotify,8.4,28.3,598.3277097730261,607.4485590073709,0.0,10585.049564765079,0.0,1640.35546875,51.493,49.0,1815.0,97.8,39.9921875,3,2749.7175624370575,16.2,80.86328125,148,40371.52713775635,11.5,67.64453125,37,40341.35359477997,9.6,164.10546875,99,2819.628167152405,6.7,305.9296875,39,2819.336979150772
2026-02-15T03:14:57,Spotify,7.7,28.3,93.55949125151962,126.79773156455948,0.0,176167.59784286137,5.0,1640.35546875,51.425,49.0,1815.0,99.0,39.99609375,3,2751.331274986267,18.3,80.84765625,148,40373.151586294174,12.6,306.796875,39,2820.953846693039,5.8,163.15234375,99,2821.2442343235016,4.8,16.05859375,14,40370.84249639511
2026-02-15T03:14:59,Spotify,7.2,28.2,30.913708801292472,53.17157913822305,0.0,8863.578587506578,0.0,1619.23046875,51.627,49.0,1815.0,100.6,39.99609375,3,2752.9277181625366,19.3,80.87890625,148,40374.76951646805,7.8,165.828125,99,2822.842488050461,7.8,306.8671875,39,2822.55149102211,3.9,4.140625,400,1771114497.7159748
2026-02-15T03:15:00,Spotify,6.9,28.3,703.7739037153112,849.6629780619904,0.0,26608.163534062158,0.0,1619.23046875,51.72,49.0,1815.0,97.8,39.99609375,3,2754.542033433914,18.6,80.85546875,148,40376.36920547485,7.7,166.16015625,99,2824.461052417755,5.8,67.64453125,37,40346.19135951996,4.8,16.0234375,13,40374.059409856796
2026-02-15T03:15:02,Spotify,7.0,28.3,599.173843370852,0.0,10120.478608028905,38268.0597366093,0.0,1640.35546875,51.536,50.0,1815.0,96.9,39.30078125,3,2756.187239408493,17.4,80.8828125,148,40377.98839497566,5.7,67.65234375,37,40347.83258962631,5.7,166.16015625,99,2826.1164293289185,3.8,306.06640625,39,2825.8265924453735
2026-02-15T03:15:04,Spotify,6.3,28.2,103.70972329661139,105.5186138192267,0.0,54951.68222302311,0.0,1640.35546875,51.641,50.0,1815.0,97.2,40.0,3,2757.827298641205,19.8,80.8515625,148,40379.64787244797,7.7,306.22265625,39,2827.4572200775146,7.6,67.65234375,37,40349.470854759216,6.7,165.91796875,99,2827.748091697693
2026-02-15T03:15:05,Spotify,7.1,28.2,886.6895983586674,465.4506340414611,0.0,8803.03468287386,1.0,1619.23046875,51.723,50.0,1815.0,100.6,40.0,3,2759.4432282447815,23.1,306.58203125,39,2829.081651687622,17.3,80.8671875,148,40381.27250623703,6.8,67.65234375,37,40351.07814049721,5.8,16.0625,14,40378.957862615585
2026-02-15T03:15:07,Spotify,7.9,28.2,0.0,2494.3708674980203,0.0,37812.520626468875,0.0,1619.23046875,51.644,50.0,1815.0,98.6,40.0,3,2761.0601489543915,19.2,80.8828125,148,40382.90001368523,8.8,165.7265625,99,2830.964170217514,8.7,67.65234375,37,40352.69008255005,6.9,306.6484375,39,2830.6729505062103
2026-02-15T03:15:09,Spotify,7.3,28.2,3875.6640283261536,1192.7051593488325,0.0,14141.716752531842,0.0,1619.23046875,51.671,50.0,1815.0,99.6,40.0,3,2762.6445405483246,16.7,80.8671875,148,40384.49118542671,6.9,16.05859375,14,40382.15415382385,5.9,67.6640625,37,40354.27897143364,5.9,166.0703125,99,2832.5555243492126
2026-02-15T03:15:10,Spotify,7.9,28.2,756.3726375888989,746.9337111630807,0.0,59925.85609223463,0.0,1640.35546875,51.778,50.0,1815.0,100.5,39.984375,2,2764.2463507652283,17.7,80.83203125,148,40386.08077669144,11.6,166.21484375,99,2834.171203136444,6.8,67.6640625,37,40355.88186502457,5.9,276.3671875,88,2833.111151456833
2026-02-15T03:15:12,Spotify,8.0,28.2,241.36773102210643,170.19519495148532,0.0,29469.14328294518,0.0,1640.35546875,51.686,51.0,1815.0,98.8,39.98046875,2,2765.875715970993,19.3,80.86328125,148,40387.6993458271,12.5,306.83984375,39,2835.50887298584,7.6,67.66015625,37,40357.52465677261,5.7,266.94921875,95,40357.63533496857
2026-02-15T03:15:13,Spotify,7.1,28.2,360.23042630727946,73.64165444101113,0.0,44302.8193117123,0.0,1619.23046875,51.651,51.0,1815.0,98.4,39.984375,3,2767.5117750167847,17.2,80.8515625,148,40389.32966017723,6.7,166.21484375,99,2837.4364507198334,5.8,67.6640625,37,40359.15667104721,4.8,306.85546875,39,2837.145400762558
2026-02-15T03:15:15,Spotify,7.2,28.2,2103.495199841732,2008.1041384535604,0.0,10957.742436384837,1.0,1619.23046875,51.753,51.0,1815.0,99.9,39.98828125,3,2769.123040676117,22.0,80.8828125,148,40390.96260857582,7.9,165.75390625,99,2839.022300720215,5.9,306.37890625,39,2838.7311182022095,4.9,67.6640625,37,40360.74861764908
2026-02-15T03:15:17,Spotify,6.3,28.2,0.0,34.0489386071819,0.0,9685.031426042853,2.0,1640.35546875,51.769,51.0,1815.0,99.7,39.98828125,3,2770.7059082984924,16.7,80.8671875,148,40392.550126075745,9.9,16.0234375,13,40390.211909770966,7.8,305.94921875,39,2840.3407797813416,6.8,67.65234375,37,40362.35091614723
2026-02-15T03:15:18,Spotify,7.6,28.2,0.0,0.0,0.0,6997.8913969938685,1.0,1640.35546875,51.704,51.0,1815.0,99.6,39.98828125,3,2772.3365585803986,18.5,80.83203125,148,40394.15575551987,17.1,306.53515625,39,2841.987056493759,8.6,67.65234375,37,40363.977612257004,6.6,166.109375,99,2842.278090238571
2026-02-15T03:15:20,Spotify,7.4,28.2,0.0,32.79180157240868,0.0,12747.509233481536,2.0,1619.23046875,51.774,51.0,1815.0,100.0,39.98828125,3,2773.9795286655426,19.0,80.87109375,148,40395.80301403999,8.7,166.6171875,99,2843.8937735557556,2.9,16.05859375,14,40393.49062752724,2.9,67.65234375,37,40365.6143321991
2026-02-15T03:15:21,Spotify,7.1,28.2,1208.0949774664905,1034.8026651249857,0.0,41510.93561917646,0.0,1617.60546875,51.744,51.0,1815.0,99.7,39.9921875,3,2775.5750391483307,18.4,80.859375,148,40397.41609287262,9.7,306.37890625,39,2845.2081649303436,7.8,67.65625,37,40367.217265844345,4.9,166.0703125,99,2845.4992954730988
2026-02-15T03:15:23,Spotify,6.6,28.2,1709.3834922699355,264.03592011746906,0.0,11159.253982323222,0.0,1617.60546875,51.66,52.0,1815.0,100.5,39.9921875,3,2777.192221403122,17.5,80.87109375,148,40399.02562761307,5.8,16.0625,14,40396.7010345459,5.8,67.65625,37,40368.83265209198,4.9,306.40234375,39,2846.8157114982605
2026-02-15T03:15:25,Spotify,8.3,28.2,3105.238067014635,338.5948102737946,0.0,134163.21423554592,1.0,1638.73046875,51.846,52.0,1815.0,99.1,39.9921875,3,2778.816175699234,18.8,310.4921875,39,2848.481108903885,17.5,80.8671875,148,40400.629643917084,11.3,164.19921875,99,2848.7718963623047,8.5,67.65625,37,40370.4880361557
2026-02-15T03:15:26,Spotify,8.7,28.2,5342.9683448141795,2606.3406657869823,0.0,46725.606075606105,0.0,1638.73046875,51.852,52.0,1815.0,96.0,39.9921875,3,2780.4772436618805,20.6,80.84375,148,40402.29760479927,12.1,6.2265625,11,40402.30193448067,9.3,276.80078125,88,2849.340859889984,4.8,163.6953125,99,2850.396504640579
2026-02-15T03:15:28,Spotify,6.2,28.2,0.0,86.20976570924621,0.0,4729.2214331929345,1.0,1616.69921875,51.867,52.0,1815.0,96.9,39.9921875,3,2782.073306083679,16.4,80.87109375,148,40403.92118382454,9.8,166.296875,99,2851.994047164917,7.8,67.66015625,37,40373.716316223145,3.9,16.0234375,13,40401.58781027794
2026-02-15T03:15:30,Spotify,7.1,28.3,0.0,0.0,0.0,48710.4749652188,0.0,1616.69921875,52.022,52.0,1815.0,99.4,39.9921875,3,2783.676838874817,19.6,80.85546875,148,40405.51678323746,6.8,166.34375,99,2853.601030111313,5.8,67.66796875,37,40375.32302069664,3.9,266.9453125,95,40375.43421649933
2026-02-15T03:15:31,Spotify,7.5,28.3,602.1320764958438,602.1320764958438,0.0,7325.110881007289,1.0,1637.82421875,53.53,52.0,1815.0,98.5,39.9921875,3,2785.2790155410767,16.5,80.86328125,148,40407.12425875664,9.8,165.921875,99,2855.1944346427917,6.9,308.8984375,39,2854.903401851654,3.9,266.9453125,95,40377.025284290314
2026-02-15T03:15:33,Spotify,7.1,28.3,0.0,0.0,72015.96644818483,187112.9128251945,0.0,1637.82421875,52.356,52.0,1815.0,98.9,39.9921875,3,2786.889720916748,19.6,80.8671875,148,40408.72102308273,15.3,309.4375,39,2856.5359148979187,7.7,67.6875,37,40378.54365897179,5.7,166.0078125,99,2856.82675409317
2026-02-15T03:15:34,Spotify,7.2,28.3,153.11726939779263,173.9412180358924,0.0,12543.366709067172,0.0,1616.69921875,52.314,52.0,1815.0,97.3,39.9921875,3,2788.513568162918,17.2,80.84765625,148,40410.35009145737,11.7,166.14453125,99,2858.4321365356445,6.8,67.6875,37,40380.15767431259,6.7,16.05859375,14,40408.01932501793
2026-02-15T03:15:36,Spotify,6.6,28.3,718.5014685541191,534.2064644882446,0.0,29009.029829179828,0.0,1616.69921875,52.259,51.0,1815.0,99.6,39.9921875,3,2790.110249519348,17.5,80.87109375,148,40411.956625938416,8.8,67.69140625,37,40381.75280761719,7.8,166.12109375,99,2860.0321156978607,7.8,309.5703125,39,2859.741151332855
2026-02-15T03:15:38,Spotify,7.4,28.3,82.52766217638546,68.77305181365455,0.0,20806.97422144021,0.0,1616.69921875,52.231,51.0,1815.0,98.5,39.9921875,3,2791.7131304740906,17.6,80.8515625,148,40413.55699801445,8.8,67.69140625,37,40383.35399580002,7.8,16.05859375,13,40411.23203420639,5.9,163.14453125,99,2861.6295862197876
2026-02-15T03:15:39,Spotify,6.7,28.2,31.298136798911735,0.0,0.0,64098.58416417123,0.0,1637.82421875,52.312,51.0,1815.0,99.4,39.9921875,3,2793.3169100284576,18.6,80.87109375,148,40415.15431523323,7.8,266.94921875,95,40385.06995224953,6.8,67.6953125,37,40384.95947575569,6.8,164.3671875,99,2863.2358722686768
2026-02-15T03:15:41,Spotify,7.6,28.3,1304.5878386522359,1775.3089987379092,0.0,12098.217821171545,1.0,1637.82421875,52.177,51.0,1815.0,98.3,39.9921875,3,2794.954020500183,20.4,80.8671875,148,40416.76177239418,17.0,306.8671875,39,2864.6014473438263,6.6,67.69140625,37,40386.61131668091,3.8,6.16796875,4,40404.70623087883
2026-02-15T03:15:42,Spotify,6.6,28.2,0.0,145.6628379566251,0.0,109238.6667258448,0.0,1616.69921875,52.058,50.0,1815.0,98.1,39.98828125,3,2796.5939602851868,17.0,80.83203125,148,40418.4200489521,8.6,305.7734375,39,2866.2371640205383,4.8,165.73046875,99,2866.5280272960663,2.9,67.69140625,37,40388.24989652634
2026-02-15T03:15:44,Spotify,7.0,28.2,551.5306806492771,58.69949594493414,0.0,10957.239243054373,1.0,1616.69921875,51.947,50.0,1815.0,99.1,39.98828125,3,2798.2173867225647,20.1,80.890625,148,40420.053849220276,6.8,67.6875,37,40389.85269999504,6.8,165.9921875,99,2868.135226249695,3.9,305.8046875,39,2867.844382047653
2026-02-15T03:15:46,Spotify,6.6,28.2,669.2802398159561,874.5427668970577,0.0,8280.16594092008,0.0,1637.82421875,52.044,50.0,1815.0,100.2,39.98828125,3,2799.8243091106415,15.6,80.87109375,148,40421.65976977348,7.7,16.0546875,14,40419.3420317173,5.8,166.046875,99,2869.749029159546,3.9,151.265625,278,40416.5672647953
2026-02-15T03:15:47,Spotify,7.8,28.2,493.23313410472923,33.46053924831078,0.0,6979.620631351344,1.0,1637.82421875,51.931,49.0,1815.0,100.1,39.98828125,3,2801.447827100754,21.2,306.16796875,39,2871.083335876465,19.4,80.89453125,148,40423.272213220596,10.6,165.828125,99,2871.374205827713,6.8,67.640625,37,40393.09225821495
2026-02-15T03:15:49,Spotify,8.3,28.2,755.6344356279523,0.0,0.0,50408.44704123929,5.0,1616.69921875,51.949,49.0,1815.0,99.0,39.9921875,3,2803.0585627555847,18.2,80.8671875,148,40424.90166735649,7.7,166.53125,99,2872.996881723404,5.8,67.640625,37,40394.7100982666,4.9,16.0234375,13,40422.57051181793
2026-02-15T03:15:51,Spotify,7.0,28.2,647.4413681476112,656.69053054972,0.0,11681.075503036522,1.0,1616.69921875,51.913,49.0,1815.0,100.4,39.9921875,3,2804.6766431331635,17.3,80.83203125,148,40426.52390527725,9.8,304.76953125,39,2874.3025357723236,4.8,16.0234375,13,40424.1924700737,3.9,4.140625,400,1771114549.4704688
2026-02-15T03:15:52,Spotify,7.0,28.2,31.312595455807124,0.0,0.0,8977.947369089019,0.0,1616.69921875,51.794,49.0,1815.0,98.4,39.99609375,3,2806.279584646225,17.6,80.87109375,148,40428.12043762207,4.9,67.60546875,37,40397.91523861885,3.9,164.390625,99,2876.207253217697,3.9,303.50390625,39,2875.91686463356
2026-02-15T03:15:54,Spotify,7.2,28.2,619.0909439788396,250.11274136745124,0.0,99846.98744490727,1.0,1637.82421875,51.76,48.0,1815.0,99.0,39.99609375,3,2807.889617919922,18.4,80.8671875,148,40429.73709535599,11.7,304.04296875,39,2877.522168159485,10.7,164.5,99,2877.8103563785553,9.6,67.60546875,37,40399.535620212555
2026-02-15T03:15:56,Spotify,8.4,28.2,4599.460187432939,2832.6893501635614,10206.901762278378,32853.46504733353,0.0,1637.82421875,51.715,48.0,1815.0,99.1,40.00390625,3,2809.5144119262695,18.5,80.87109375,148,40431.33801937103,15.2,304.83203125,39,2879.2724850177765,9.6,16.0625,14,40429.02647137642,7.2,67.609375,37,40401.26628112793
2026-02-15T03:15:57,Spotify,8.5,28.3,133.7064163791281,125.13549225226089,9361.73472630613,100638.64830779089,1.0,1616.69921875,51.835,48.0,1815.0,100.1,39.3046875,3,2811.2626526355743,19.7,80.875,148,40433.0874145031,6.7,304.05859375,39,2880.9049139022827,5.4,250.5703125,73,40430.73061013222,4.7,266.66796875,95,40403.02152681351
2026-02-15T03:15:59,Spotify,7.0,28.3,77.1891493982112,85.765721553568,0.0,212032.46727391804,0.0,1616.69921875,51.6,48.0,1815.0,98.2,40.0078125,3,2812.9167132377625,20.0,80.84765625,148,40434.724975824356,8.5,67.62890625,37,40404.557623147964,4.8,276.55078125,87,2881.7642629146576,4.7,16.0234375,13,40432.423263549805
2026-02-15T03:16:00,Spotify,6.7,28.3,1504.426036865393,1648.1957831303519,0.0,25779.068089770863,0.0,1637.82421875,51.507,48.0,1815.0,98.6,40.0078125,3,2814.570046186447,17.1,80.8828125,148,40436.368552446365,12.2,305.6875,39,2884.216794490814,5.6,67.62890625,37,40406.22100973129,5.6,166.984375,99,2884.5075430870056
2026-02-15T03:16:02,Spotify,7.6,28.3,0.0,0.0,0.0,36944.57808884543,0.0,1637.82421875,51.634,47.0,1815.0,99.5,39.3046875,3,2816.1969232559204,16.9,80.87109375,148,40438.03163123131,7.7,67.62890625,37,40407.84008073807,6.8,166.03515625,99,2886.117133617401,3.9,266.94921875,95,40407.95071101189
2026-02-15T03:16:04,Spotify,7.4,28.3,106.67903599998284,108.53971686044767,0.0,47315.87382771332,0.0,1616.69921875,51.511,47.0,1815.0,98.9,40.0078125,3,2817.840804576874,18.4,80.84765625,148,40439.64563894272,7.6,164.44921875,99,2887.768806219101,4.7,67.62890625,37,40409.49017286301,3.8,16.0625,14,40437.33897137642
2026-02-15T03:16:05,Spotify,6.7,28.3,1076.8706863314426,788.2499393191865,0.0,18937.401619089873,0.0,1616.69921875,51.32,47.0,1815.0,99.9,40.0078125,3,2819.452686071396,18.0,80.86328125,148,40441.29293322563,12.5,164.546875,99,2889.390844106674,8.7,303.83984375,39,2889.1156692504883,4.8,16.0234375,13,40438.96464920044
2026-02-15T03:16:07,Spotify,7.3,28.3,0.0,0.0,0.0,52780.699797908346,2.0,1642.13671875,51.252,47.0,1815.0,99.4,40.01171875,3,2821.118577480316,20.0,80.86328125,148,40442.938635349274,9.4,28.74609375,14,40438.22950029373,6.5,164.49609375,99,2891.0796036720276,3.7,67.64453125,37,40412.779361248016
2026-02-15T03:16:09,Spotify,7.0,28.3,195.6429942960532,143.5911884741675,0.0,92204.68849221208,4.0,1637.82421875,51.293,48.0,1815.0,97.9,40.01171875,3,2822.826066017151,24.7,305.1328125,39,2892.4948704242706,17.8,80.8515625,148,40444.60936045647,12.7,67.65234375,37,40414.50767707825,5.4,266.95703125,95,40414.61608147621
2026-02-15T03:16:10,Spotify,8.7,28.3,1566.2548967213572,1194.6210626939096,0.0,56722.81206808844,0.0,1616.69921875,51.138,48.0,1815.0,96.8,40.01171875,3,2824.471848964691,16.5,80.87890625,148,40446.309304237366,4.8,304.3359375,39,2894.1188185214996,3.9,67.65625,37,40416.12022590637,3.8,16.05859375,14,40443.987166166306
2026-02-15T03:16:12,Spotify,6.8,28.3,0.0,0.0,0.0,15133.366391309142,0.0,1616.69921875,51.2,48.0,1815.0,100.7,39.30859375,3,2826.101027727127,21.2,80.8828125,148,40447.93268203735,6.8,67.6640625,37,40417.73765158653,5.8,164.44921875,99,2896.013119459152,4.9,304.41015625,39,2895.722199201584
2026-02-15T03:16:14,Spotify,7.0,28.3,48.02300145424482,89.1855741293118,0.0,52688.09302408574,0.0,1616.69921875,51.363,48.0,1815.0,99.6,39.99609375,3,2827.7168250083923,18.5,80.83203125,148,40449.53924536705,4.7,164.4921875,99,2897.661391735077,3.9,16.0234375,13,40447.23028087616,3.8,303.56640625,39,2897.3705563545227
2026-02-15T03:16:15,Spotify,6.5,28.3,2429.0323375471553,1044.132222979581,0.0,75129.01216960627,0.0,1637.82421875,51.389,48.0,1815.0,100.3,39.99609375,3,2829.367689371109,19.0,80.8515625,148,40451.18590068817,9.5,67.671875,37,40421.01943683624,8.5,164.2890625,99,2899.308548927307,8.5,303.76171875,39,2899.017822742462
2026-02-15T03:16:17,Spotify,7.2,28.3,580.6642081297384,790.2135301012445,0.0,36385.05096632202,0.0,1637.82421875,51.398,48.0,1815.0,98.7,39.99609375,3,2831.0302352905273,19.0,80.859375,148,40452.83264899254,15.9,304.41796875,39,2900.687794446945,11.2,67.640625,37,40422.69073796272,4.7,164.34375,99,2900.9788720607758
2026-02-15T03:16:19,Spotify,7.1,28.3,520.2549774349817,71.75930723241127,0.0,21738.286137605122,0.0,1616.69921875,51.452,49.0,1815.0,97.8,39.99609375,3,2832.6761701107025,17.7,80.890625,148,40454.50810980797,8.6,164.109375,99,2902.615813970566,7.6,67.6484375,37,40424.33055782318,6.7,304.47265625,39,2902.3247814178467
2026-02-15T03:16:20,Spotify,7.7,28.3,2901.141350161734,592.2194911338166,0.0,8144.241597079924,0.0,1616.69921875,51.485,49.0,1815.0,100.4,39.296875,3,2834.3261210918427,19.1,80.86328125,148,40456.139852285385,5.7,266.94921875,95,40426.08860516548,5.7,164.42578125,99,2904.2693848609924,4.7,16.0625,14,40453.84070897102
2026-02-15T03:16:22,Spotify,6.6,28.3,2579.1446129337332,0.0,9905.463042265888,40240.94360920518,0.0,1637.82421875,51.368,49.0,1815.0,98.9,40.0,3,2835.953445672989,20.8,80.86328125,148,40457.79644823074,10.6,164.48046875,99,2905.890127658844,6.7,303.8515625,39,2905.599250793457,6.6,4.140625,400,1771114580.7418132
2026-02-15T03:16:23,Spotify,7.3,28.3,48.11345488429442,33.926154085079396,0.0,94746.495772149,0.0,1637.82421875,51.562,49.0,1815.0,99.8,39.296875,3,2837.5814831256866,20.3,304.04296875,39,2907.220913171768,17.4,80.87109375,148,40459.41437840462,10.6,67.66015625,37,40429.23147583008,4.8,164.41796875,99,2907.5088698863983
2026-02-15T03:16:25,Spotify,7.6,28.3,929.8198742679793,467.37630284822836,0.0,45144.35803342465,0.0,1616.69921875,51.523,49.0,1815.0,100.6,40.0,3,2839.2120225429535,17.3,80.8671875,148,40461.03785800934,6.6,164.9609375,99,2909.1624908447266,4.7,304.6015625,39,2908.8715765476227,3.9,4.140625,400,1771114583.9842613
2026-02-15T03:16:27,Spotify,6.9,28.3,0.0,32.730988222808236,0.0,9930.824278564633,2.0,1616.69921875,51.365,49.0,1815.0,100.3,39.30078125,3,2840.8629806041718,19.9,80.8359375,148,40462.6903989315,8.6,165.12109375,99,2910.793171644211,7.6,67.6796875,37,40432.51396083832,6.7,16.05859375,14,40460.370660066605
2026-02-15T03:16:28,Spotify,7.4,28.3,330.5228742288401,344.6268187692173,0.0,7535.1856744415345,0.0,1615.07421875,51.532,50.0,1815.0,99.8,40.00390625,3,2842.506813764572,17.3,80.859375,148,40464.31877493858,5.7,165.44140625,99,2912.432371377945,4.8,67.6796875,37,40434.15246486664,3.8,267.0,95,40434.26187872887
2026-02-15T03:16:30,Spotify,7.8,28.3,4095.3082667505405,3875.4382066230946,19957.6236295184,108207.74061629506,0.0,1637.82421875,51.511,50.0,1815.0,99.3,39.30078125,3,2844.143756866455,18.1,80.86328125,148,40465.96122288704,7.6,67.671875,37,40435.79615163803,7.6,165.453125,99,2914.079878091812,6.7,16.0234375,13,40463.65445184708
2026-02-15T03:16:32,Spotify,6.6,28.3,358.06255167962684,274.77805324141144,0.0,115163.61594259509,1.0,1637.82421875,51.61,50.0,1815.0,98.9,40.00390625,3,2845.802113056183,18.1,80.87890625,148,40467.60519504547,16.9,304.9765625,39,2915.452035665512,5.6,16.05859375,14,40465.31381845474,4.7,67.67578125,37,40437.45571923256
2026-02-15T03:16:33,Spotify,6.9,28.3,128.68728258651987,162.96380178012564,0.0,15086.479184722479,0.0,1616.69921875,51.641,50.0,1815.0,97.1,40.00390625,3,2847.459573507309,17.8,80.8671875,148,40469.26959681511,10.4,164.65625,99,2917.3896973133087,9.5,303.8359375,39,2917.0989344120026,4.7,266.67578125,95,40439.21475625038
2026-02-15T03:16:35,Spotify,6.9,28.3,587.731761449669,734.0575409014976,0.0,72431.86798956581,1.0,1616.69921875,51.595,50.0,1815.0,99.9,39.30078125,3,2849.08584690094,17.0,80.8359375,148,40470.919132232666,9.6,164.1875,99,2919.016662836075,4.8,16.0234375,13,40468.598524570465,4.8,67.6796875,37,40440.72947883606
2026-02-15T03:16:37,Spotify,6.8,28.3,0.0,33.171636232196924,0.0,5661.292583628276,0.0,1637.82421875,51.709,50.0,1815.0,99.6,40.00390625,3,2850.7330129146576,19.2,80.875,148,40472.54332756996,13.2,164.50390625,99,2920.671206712723,13.2,304.23828125,39,2920.3805146217346,9.4,67.68359375,37,40442.39037966728
2026-02-15T03:16:38,Spotify,8.8,28.3,0.0,0.0,0.0,93504.27796318884,1.0,1637.82421875,51.607,51.0,1815.0,100.4,40.00390625,3,2852.381825208664,17.0,80.85546875,148,40474.19823861122,5.7,304.37109375,39,2922.029182910919,4.8,276.5,85,2921.229689836502,4.8,67.68359375,37,40444.023035526276
2026-02-15T03:16:40,Spotify,6.6,28.3,1420.501629091256,1382.2900139619867,0.0,10869.081636769988,0.0,1616.69921875,51.683,51.0,1815.0,98.8,40.00390625,3,2854.025413751602,18.0,80.8359375,148,40475.846029281616,9.6,164.48046875,99,2923.947386741638,6.7,67.68359375,37,40445.66607308388,5.7,276.484375,85,2922.8846390247345
2026-02-15T03:16:42,Spotify,7.4,28.3,383.39984644937243,270.34604557327543,0.0,5662.520809098424,1.0,1616.69921875,51.589,51.0,1815.0,98.7,40.00390625,3,2855.6408908367157,21.1,80.8671875,148,40477.47343325615,4.8,4.140625,400,1771114600.420779,4.8,16.05859375,14,40475.15417075157,4.8,266.98828125,95,40447.409148454666
2026-02-15T03:16:43,Spotify,7.1,28.3,4344.2462815384415,2679.125259976799,0.0,10966.177400361863,0.0,1637.82421875,51.594,51.0,1815.0,99.0,39.29296875,3,2857.346400976181,16.4,147.50390625,23,3308.540450334549,16.2,80.86328125,148,40479.11748242378,9.2,164.77734375,99,2927.287941932678,9.2,303.88671875,39,2926.9970319271088
2026-02-15T03:16:45,Spotify,8.6,28.3,1465.9781120581488,1186.4930763060556,28799.263055108764,177295.46318301334,1.0,1637.82421875,51.778,51.0,1815.0,99.7,39.99609375,3,2859.0083887577057,21.1,80.84375,148,40480.82180929184,14.0,304.89453125,39,2928.671537399292,4.7,267.0,95,40450.77180027962,4.7,164.4453125,99,2928.962460041046
2026-02-15T03:16:47,Spotify,7.5,28.3,4787.328747554092,3215.450308166245,19577.085785579995,134592.46477586246,0.0,1616.69921875,51.789,51.0,1815.0,99.7,39.29296875,3,2860.6538496017456,18.7,80.87890625,148,40482.48659610748,11.4,67.69921875,37,40452.30924129486,5.8,167.80078125,99,2930.591372489929,4.7,16.0234375,13,40480.170449733734
2026-02-15T03:16:48,Spotify,6.8,28.3,0.0,33.14911895033935,0.0,117863.53404565102,1.0,1616.69921875,51.824,52.0,1815.0,98.8,39.99609375,3,2862.298868894577,20.1,80.8671875,148,40484.11575603485,11.4,67.69140625,37,40453.95257854462,6.6,304.66015625,39,2931.9492127895355,5.7,16.05859375,14,40481.81116557121
2026-02-15T03:16:50,Spotify,7.6,28.3,2248.916589936544,2022.8125769860503,39726.41445770387,58348.17123475255,0.0,1616.69921875,51.701,52.0,1815.0,98.4,39.99609375,3,2863.9496281147003,18.0,80.80859375,148,40485.76615476608,9.5,67.70703125,37,40455.5990486145,4.8,16.0234375,13,40483.44860744476,4.7,164.55859375,99,2933.885488986969
2026-02-15T03:16:51,Spotify,6.7,28.3,2725.145841395117,781.7393602574438,0.0,5602.262787039348,1.0,1637.82421875,51.895,52.0,1815.0,99.5,40.00390625,3,2865.598152399063,19.0,80.8515625,148,40487.41121292114,7.6,67.70703125,37,40457.248267650604,6.6,304.35546875,39,2935.2421412467957,3.8,115.3203125,26,3316.114733695984
2026-02-15T03:16:53,Spotify,8.1,28.3,356.37270809257257,142.06339641168992,0.0,18028.694956587795,4.0,1637.82421875,51.931,52.0,1815.0,98.1,40.00390625,3,2867.2377643585205,16.1,80.85546875,148,40489.056497335434,10.6,304.59765625,39,2936.869997739792,7.7,67.70703125,37,40458.87725830078,5.8,266.9453125,95,40458.987824201584
2026-02-15T03:16:55,Spotify,6.7,28.3,1306.586813487131,816.3864010928054,0.0,61644.85186039519,1.0,1616.69921875,51.987,52.0,1815.0,99.9,40.00390625,3,2868.8794741630554,18.2,80.86328125,148,40490.68530058861,8.5,164.19140625,99,2938.813063621521,5.7,304.24609375,39,2938.522183895111,5.6,67.7109375,37,40460.53991794586
2026-02-15T03:16:56,Spotify,7.0,28.3,745.2051590622333,0.0,0.0,9608.364162986,0.0,1616.69921875,53.607,52.0,1815.0,97.4,40.00390625,3,2870.548192024231,19.8,80.86328125,148,40492.33988523483,5.6,16.05859375,14,40490.05823850632,5.6,67.70703125,37,40462.210720062256,4.6,304.375,39,2940.207255601883
2026-02-15T03:16:58,Spotify,6.8,28.3,29.675837963272834,51.042441296829274,0.0,6381.492195622191,0.0,1637.82421875,52.332,52.0,1815.0,99.4,40.00390625,3,2872.2138454914093,18.6,80.84765625,148,40494.02099061012,8.5,164.4140625,99,2942.1459794044495,8.5,303.71875,39,2941.8556277751923,5.7,67.70703125,37,40463.8607211113
2026-02-15T03:17:00,Spotify,8.6,28.3,633.6867386408226,980.5468482126412,0.0,11798.094915785496,0.0,1637.82421875,52.341,52.0,1815.0,97.2,40.00390625,3,2873.870178937912,18.9,80.86328125,148,40495.67402124405,12.3,304.71875,39,2943.510856628418,7.5,16.0234375,14,40493.38168334961,6.5,22.234375,36,40495.71108341217
2026-02-15T03:17:01,Spotify,7.0,28.3,132.96240814719735,32.63622745431208,9902.073159471278,125941.99299702531,1.0,1616.69921875,52.427,52.0,1815.0,98.9,40.00390625,3,2875.4810752868652,17.9,80.86328125,148,40497.325805187225,8.7,164.99609375,99,2945.4143335819244,6.8,16.05859375,14,40494.99969625473,6.8,67.72265625,37,40467.138325452805
2026-02-15T03:17:03,Spotify,7.0,28.3,0.0,33.47687970844431,0.0,6665.6187152813545,0.0,1616.69921875,52.39,51.0,1815.0,99.6,40.00390625,3,2877.113271713257,19.4,80.84375,148,40498.93810248375,8.7,164.21875,99,2947.029595375061,6.8,67.72265625,37,40468.75412559509,4.8,16.0234375,13,40496.61765551567
2026-02-15T03:17:05,Spotify,6.9,28.3,4286.112745506855,4842.075369436532,0.0,94144.65528423435,1.0,1648.63671875,52.231,51.0,1815.0,99.9,40.0078125,3,2878.7405416965485,19.3,80.87109375,148,40500.5576338768,10.5,67.7265625,37,40470.38389873505,7.6,304.26953125,39,2948.373276948929,6.7,164.7578125,99,2948.6638696193695
2026-02-15T03:17:06,Spotify,7.1,28.3,0.0,1069.824463238408,0.0,18164.38379664252,0.0,1637.82421875,52.34,51.0,1815.0,98.7,40.0078125,3,2880.3873267173767,19.1,80.859375,148,40502.19012403488,13.1,304.97265625,39,2950.0376665592194,6.6,67.73046875,37,40472.03230762482,3.8,164.17578125,99,2950.328587293625
2026-02-15T03:17:08,Spotify,7.7,28.2,46.86542359070976,383.33513142144653,0.0,4614.441707392962,0.0,1637.82421875,52.289,50.0,1815.0,99.8,40.0078125,3,2882.016145467758,16.9,80.87890625,148,40503.85213589668,7.7,16.05859375,14,40501.52163362503,6.8,67.734375,37,40473.64926791191,3.9,160.61328125,99,2951.92751789093
2026-02-15T03:17:10,Spotify,6.8,28.2,3006.038097763806,4087.711327947702,0.0,46765.3194347638,0.0,1616.69921875,52.159,50.0,1815.0,100.0,39.30859375,3,2883.626023054123,18.6,80.8671875,148,40505.44997429848,8.6,67.73828125,37,40475.27852368355,6.7,164.66796875,99,2953.5554354190826,4.8,304.8671875,39,2953.264625787735
2026-02-15T03:17:11,Spotify,6.6,28.2,30.705038789937266,0.0,0.0,9432.587916268729,0.0,1616.69921875,51.906,50.0,1815.0,100.0,40.0078125,3,2885.2516481876373,15.3,80.8359375,148,40507.08038878441,3.9,16.0234375,13,40504.759219646454,3.9,67.7421875,37,40476.89201235771,2.9,4.140625,400,1771114630.026166
2026-02-15T03:17:13,Spotify,6.0,28.2,172.66780147985762,659.6158459410387,0.0,114800.48591052173,0.0,1637.82421875,52.149,50.0,1815.0,99.9,40.0,3,2886.9119124412537,19.3,80.8671875,148,40508.69574546814,13.1,304.81640625,39,2956.550052165985,8.4,67.73046875,37,40478.56741499901,8.4,164.48828125,99,2956.841055393219
2026-02-15T03:17:14,Spotify,8.6,28.2,5396.213956816635,2167.4394775665046,19560.08174081499,383255.35160909366,0.0,1637.82421875,52.053,49.0,1815.0,100.6,40.00390625,3,2888.5711019039154,20.6,80.86328125,148,40510.36503124237,5.7,16.05859375,14,40508.055512428284,5.6,163.9296875,99,2958.500731229782,4.7,14.7890625,9,40510.56140756607
2026-02-15T03:17:16,Spotify,6.8,28.2,14432.429220699085,8634.390142515853,9872.695100494084,258541.20294418882,0.0,1616.69921875,51.955,49.0,1815.0,99.9,40.0,3,2890.2125301361084,17.9,80.8359375,148,40512.02491879463,6.7,304.26171875,39,2959.8415026664734,3.8,67.67578125,37,40481.84817099571,3.8,164.5,99,2960.1323618888855
2026-02-15T03:17:18,Spotify,6.7,28.2,1972.6746370635876,206.5210788103228,0.0,17570.837898069956,0.0,1616.69921875,52.023,49.0,1815.0,99.2,40.0,3,2891.8187556266785,17.3,80.87109375,148,40513.65508890152,4.9,164.58203125,99,2961.7329127788544,4.9,304.14453125,39,2961.441931247711,4.8,67.67578125,37,40483.46145057678
2026-02-15T03:17:19,Spotify,6.9,28.2,1504.9065780519818,1239.9230277637591,0.0,72955.4710529386,0.0,1642.13671875,51.963,48.0,1815.0,100.0,40.0,3,2893.4284851551056,18.5,80.84375,148,40515.258494615555,7.7,67.67578125,37,40485.08091378212,6.7,304.328125,39,2963.071020126343,3.9,4.140625,400,1771114638.204077
2026-02-15T03:17:21,Spotify,6.7,28.2,47.83728675565626,52.74367514085177,72850.05474338299,173960.90658549214,0.0,1637.82421875,51.952,48.0,1815.0,99.9,40.00390625,3,2895.0868842601776,17.2,80.8671875,148,40516.89089679718,12.3,304.99609375,39,2964.7219309806824,6.6,67.67578125,37,40486.72852277756,5.7,4.140625,400,1771114639.8354847
2026-02-15T03:17:23,Spotify,7.5,28.2,288.5299836592688,1463.2592028434347,0.0,62691.01897053827,0.0,1616.69921875,51.957,48.0,1815.0,96.8,39.30078125,3,2896.748952627182,15.2,80.8828125,148,40518.53978252411,9.3,164.7890625,99,2966.6933493614197,6.5,67.67578125,37,40488.40184211731,5.6,16.0625,13,40516.256069898605
2026-02-15T03:17:24,Spotify,7.2,28.3,1868.6566518703075,1649.6548531797746,0.0,39306.06195628346,0.0,1616.69921875,51.86,48.0,1815.0,99.4,39.9921875,2,2898.398995399475,17.7,80.86328125,148,40520.21938967705,9.5,16.05859375,14,40517.90696644783,6.6,67.68359375,37,40490.05271720886,6.6,305.109375,39,2968.049159526825
2026-02-15T03:17:26,Spotify,7.0,28.3,3834.802354606629,2080.345382432588,99429.3428989951,278091.4434206269,0.0,1616.69921875,51.809,48.0,1815.0,99.6,39.9921875,2,2900.0940964221954,19.9,80.88671875,148,40521.8709590435,16.6,276.1953125,85,2968.9447462558746,8.4,164.60546875,99,2970.0216970443726,5.6,67.6953125,37,40491.740021944046
2026-02-15T03:17:28,Spotify,8.7,28.3,1464.3484409541734,1486.9317367156418,0.0,7911.285083596573,0.0,1637.82421875,51.749,47.0,1815.0,98.9,39.9921875,2,2901.7362957000732,19.5,80.8671875,148,40523.54907202721,9.5,16.0546875,14,40521.24711704254,6.7,164.26171875,99,2971.6645295619965,4.8,306.71875,39,2971.3735942840576
2026-02-15T03:17:29,Spotify,7.9,28.3,327.889454244485,85.93385324994867,0.0,8425.174378207734,0.0,1637.82421875,51.706,47.0,1815.0,99.5,39.99609375,2,2903.3686380386353,24.8,307.55859375,39,2973.0109050273895,17.2,80.83203125,148,40525.19050478935,8.6,67.69140625,37,40495.02082490921,6.7,4.140625,400,1771114648.1350708
2026-02-15T03:17:31,Spotify,7.7,28.3,1188.9013137254074,1090.5894947681447,0.0,45645.99435213234,0.0,1616.69921875,51.584,47.0,1815.0,99.1,39.99609375,2,2905.039511680603,18.1,80.875,148,40526.82729053497,7.5,164.19140625,99,2974.9680869579315,6.6,67.6953125,37,40496.679685115814,5.6,306.546875,39,2974.677236557007
2026-02-15T03:17:33,Spotify,6.5,28.3,2713.6003442129554,3352.5533326248055,0.0,13208.628162324216,0.0,1615.07421875,51.43,47.0,1815.0,97.9,39.99609375,2,2906.6997554302216,16.9,80.86328125,148,40528.49485707283,7.5,165.484375,99,2976.6291823387146,4.7,266.953125,95,40498.45848250389,4.7,67.69921875,37,40498.34744977951
2026-02-15T03:17:34,Spotify,7.3,28.3,3327.493937258795,3225.109508420063,0.0,74622.58982843687,0.0,1637.82421875,51.368,47.0,1815.0,99.3,39.99609375,2,2908.335611104965,21.6,80.828125,148,40530.155557632446,18.1,307.078125,39,2977.98050904274,7.7,67.70703125,37,40499.98049426079,6.7,16.05859375,13,40527.83798313141
2026-02-15T03:17:36,Spotify,8.7,28.3,157.73614594740738,120.58593396751607,0.0,20268.181224439064,0.0,1637.82421875,51.308,47.0,1815.0,98.8,39.99609375,2,2909.979927301407,13.4,80.87109375,148,40531.79359483719,5.7,16.0234375,13,40529.47379565239,5.7,165.48828125,99,2979.9121420383453,4.8,307.859375,39,2979.6214683055878
2026-02-15T03:17:38,Spotify,7.6,28.3,6319.630256753395,5855.435321757628,0.0,144409.70408183272,0.0,1616.07421875,51.244,48.0,1815.0,99.3,39.99609375,2,2911.8215885162354,43.3,312.23828125,39,2981.461552143097,23.7,80.85546875,148,40533.44245672226,16.7,281.26953125,91,2980.606299638748,11.9,168.25390625,99,2981.752215862274
2026-02-15T03:17:39,Spotify,9.9,28.3,246531.22806264448,26304.57940224,72366.40510097935,568354.6123699993,0.0,1616.07421875,51.085,48.0,1815.0,98.0,40.0,2,2913.399916410446,18.8,80.84375,148,40535.273819446564,7.0,67.73046875,37,40505.02724957466,4.0,152.10546875,277,40530.145124197006,3.0,16.0234375,13,40532.92638540268
2026-02-15T03:17:41,Spotify,5.6,28.3,1423.130211033098,2895.0021507901774,10507.690571233112,274841.7815038161,0.0,1616.07421875,51.256,48.0,1815.0,99.8,39.296875,2,2914.966663122177,14.0,80.859375,148,40536.8324406147,6.0,67.734375,37,40506.587861061096,2.0,16.0625,14,40534.48784542084,2.0,152.11328125,277,40531.70984005928
2026-02-15T03:17:42,Spotify,6.4,28.3,873.0136653554399,3392.8190813330657,0.0,33208.24640876562,0.0,1615.82421875,51.235,48.0,1815.0,99.9,40.00390625,3,2916.514167547226,16.2,80.85546875,148,40538.374856710434,6.0,67.73828125,37,40508.14464306831,3.0,16.0234375,13,40536.038136959076,3.0,51.08203125,27,2986.098069667816
2026-02-15T03:17:44,Spotify,5.9,28.2,1578418.668691668,4810.808319244867,104702.82080566935,1917043.2096888022,0.0,1615.82421875,51.119,48.0,1815.0,99.7,40.00390625,3,2918.0649349689484,14.0,80.87109375,148,40539.93950128555,8.1,67.73828125,37,40509.68266224861,7.1,16.0234375,13,40537.58236861229,6.1,266.95703125,95,40509.79366230965
2026-02-15T03:17:45,Spotify,7.3,28.2,42.999719003866375,488.63317049848155,0.0,12008.648798170683,1.0,1615.32421875,51.213,49.0,1815.0,99.2,39.296875,3,2919.5918192863464,14.3,80.8359375,148,40541.473731040955,10.1,304.39453125,39,2989.2054286003113,6.1,67.7421875,37,40511.228363752365,4.1,22.828125,36,40541.47979283333
2026-02-15T03:17:47,Spotify,7.4,28.2,0.0,34.98430534520934,0.0,3980.436519277152,0.0,1615.32421875,51.271,49.0,1815.0,96.7,40.00390625,3,2921.1908917427063,12.1,80.87109375,148,40543.02295637131,7.9,16.0625,14,40540.70543599129,5.9,67.7421875,37,40512.80584549904,3.0,278.203125,91,2990.0500473976135
2026-02-15T03:17:49,Spotify,5.7,28.2,1698.5473893275173,3559.4652535123328,0.0,6494.818994291925,0.0,1615.32421875,51.286,49.0,1815.0,100.9,40.0,3,2922.708660364151,13.9,80.88671875,148,40544.599185466766,6.1,67.71484375,37,40514.34924197197,5.1,266.95703125,95,40514.46042633057,4.0,303.49609375,39,2992.3270359039307
2026-02-15T03:17:50,Spotify,7.2,28.2,0.0,455.23751819694434,0.0,29508.19805006879,0.0,1615.32421875,51.396,49.0,1815.0,99.0,39.30078125,3,2924.2714898586273,14.2,80.86328125,148,40546.141859054565,9.1,67.71484375,37,40515.89300727844,8.0,16.0234375,13,40543.80190086365,2.0,24.80078125,8,2919.1763639450073
2026-02-15T03:17:52,Spotify,6.4,28.2,32.409815830699806,0.0,0.0,14602.566620680105,0.0,1615.32421875,51.333,49.0,1815.0,97.6,40.00390625,3,2925.7763392925262,13.1,80.87890625,148,40547.688111782074,7.3,16.0625,14,40545.30873513222,6.3,67.71484375,37,40517.39144682884,4.1,22.828125,36,40547.67859911919
2026-02-15T03:17:53,Spotify,6.3,28.2,750.9804277899244,544.1596147889559,0.0,315620.6084538275,0.0,1615.32421875,51.403,49.0,1815.0,99.7,40.00390625,3,2927.3128821849823,12.6,80.87109375,148,40549.176010370255,9.0,67.71484375,37,40518.95403218269,4.0,266.94140625,95,40519.0652718544,3.1,16.0625,14,40546.838806152344
2026-02-15T03:17:55,Spotify,6.7,28.2,0.0,0.0,31032.65034309132,82107.22069942912,0.0,1615.32421875,51.478,49.0,1815.0,98.6,40.00390625,3,2928.9288511276245,13.8,80.8671875,148,40550.76368165016,3.9,16.05859375,14,40548.43881177902,3.9,67.71484375,37,40520.542696237564,2.0,24.80078125,8,2923.8226544857025
2026-02-15T03:17:56,Spotify,5.7,28.2,3118.938613268062,3714.2335851316234,0.0,39075.772512069685,1.0,1613.57421875,51.402,50.0,1815.0,98.4,40.00390625,3,2930.4729640483856,13.9,80.83203125,148,40552.33287405968,6.0,67.70703125,37,40522.10993933678,3.0,266.9453125,95,40522.21836018562,2.0,16.0234375,13,40549.99364113808
2026-02-15T03:17:58,Spotify,6.2,28.2,4167.530429473257,2790.3619724180207,0.0,9707.805186034155,0.0,1613.32421875,51.428,50.0,1815.0,97.0,40.00390625,3,2932.0489614009857,15.8,80.859375,148,40553.91888046265,4.9,277.9765625,91,3000.9504432678223,3.0,6.29296875,12,40553.90991449356,3.0,16.0234375,13,40551.56148529053
2026-02-15T03:17:59,Spotify,6.2,28.2,49.765137189446925,197.12164730884822,0.0,14559.857280569615,0.0,1612.82421875,51.621,50.0,1815.0,99.6,40.00390625,3,2933.5705342292786,13.2,80.84375,148,40555.461549043655,6.2,67.7109375,37,40525.1831715107,4.1,266.67578125,95,40525.294318675995,3.0,4.140625,400,1771114678.4101315
2026-02-15T03:18:01,Spotify,6.7,28.2,87.14870296508074,231.73632379351017,0.0,7436.6893196868905,0.0,1610.63671875,51.296,50.0,1815.0,98.5,39.30078125,3,2935.0939428806305,15.5,80.88671875,148,40556.97597002983,10.2,67.6953125,37,40526.71037483215,4.1,16.0234375,13,40554.61126756668,3.1,278.1015625,91,3003.996700525284
2026-02-15T03:18:02,Spotify,6.3,28.2,1279.1568218374448,1181.9724226424028,0.0,16474.068966251445,0.0,1610.01171875,51.515,50.0,1815.0,100.1,40.00390625,3,2936.611459493637,13.3,80.8515625,148,40558.49810767174,6.2,67.6953125,37,40528.22643041611,6.1,16.0234375,13,40556.13822221756,5.1,4.140625,400,1771114681.4474857
2026-02-15T03:18:04,Spotify,5.7,28.2,277.367484468911,1242.2661627510895,0.0,72345.81330751369,0.0,1609.13671875,51.489,50.0,1815.0,97.8,40.00390625,3,2938.1581184864044,13.3,80.859375,148,40560.02649974823,7.0,266.67578125,95,40529.89186048508,3.0,67.69921875,37,40529.78045678139,2.0,16.0234375,13,40557.67285299301
2026-02-15T03:18:06,Spotify,6.1,28.2,75.38994514100268,191.724429453412,0.0,8318.890498317538,0.0,1605.19921875,51.455,51.0,1815.0,98.2,40.00390625,3,2939.6692728996277,12.2,80.8359375,148,40561.5677819252,8.3,67.703125,37,40531.28888916969,4.1,16.05859375,14,40559.195444107056,3.1,266.671875,95,40531.40058302879
2026-02-15T03:18:07,Spotify,6.5,28.2,95.38389291125495,136.45195791471195,0.0,16278.851056854179,0.0,1602.44921875,51.587,51.0,1815.0,99.5,40.00390625,3,2941.193200111389,14.5,80.875,148,40563.077291965485,9.2,67.703125,37,40532.81089067459,2.1,22.85546875,36,40563.06897997856,2.0,16.0625,14,40560.72343158722
2026-02-15T03:18:09,Spotify,6.4,28.2,1463.8798254542623,1179.5290679919237,10784.265764497588,55606.370348190685,0.0,1602.44921875,51.601,51.0,1815.0,99.3,40.00390625,3,2942.702831506729,12.4,80.875,148,40564.59790992737,8.3,67.703125,37,40534.324462890625,7.2,266.671875,95,40534.43484210968,3.1,16.0234375,13,40562.23163199425
2026-02-15T03:18:10,Spotify,7.2,28.2,51.41242416151596,36.25235037029971,0.0,187299.4160222612,0.0,1600.41796875,51.567,51.0,1815.0,98.6,40.00390625,3,2944.2714879512787,12.4,80.87890625,148,40566.11241912842,8.1,16.0234375,13,40563.77774977684,4.9,67.703125,37,40535.906157016754,4.0,6.33203125,5,40554.018411397934
2026-02-15T03:18:12,Spotify,6.1,28.2,1732.2808382007306,54.0748283431081,0.0,46358.476093961326,0.0,1600.41796875,51.701,51.0,1815.0,97.7,40.00390625,3,2945.8072521686554,15.2,300.2265625,39,3015.4281084537506,13.7,80.85546875,148,40567.70551490784,5.1,67.703125,37,40537.4515080452,4.0,16.0625,14,40565.33115363121
2026-02-15T03:18:13,Spotify,6.6,28.2,2998.9748161261027,665.354855106702,0.0,31968.252041255735,0.0,1600.41796875,51.601,51.0,1815.0,99.3,39.30078125,3,2947.3958287239075,12.2,80.875,148,40569.2411570549,6.0,67.703125,37,40539.019934654236,5.0,16.0234375,13,40566.907960653305,4.0,16.984375,7,40565.27936339378
2026-02-15T03:18:15,Spotify,6.1,28.2,510.1542988809562,174.4930748659987,20791.960280760166,114030.90716479403,1.0,1600.41796875,51.702,51.0,1815.0,99.9,40.00390625,3,2948.9437465667725,13.9,80.87109375,148,40570.817638635635,7.0,16.05859375,14,40568.46188735962,6.1,18.92578125,9,40556.06396150589,4.0,17.00390625,7,40566.83094239235
2026-02-15T03:18:16,Spotify,6.9,28.2,50.70030159295195,35.75021266169689,0.0,13644.881167169839,0.0,1600.41796875,51.929,51.0,1815.0,98.3,40.00390625,3,2950.4701125621796,14.2,80.8828125,148,40572.35466194153,6.2,67.73046875,37,40542.08178114891,5.2,266.9921875,95,40542.19292855263,4.1,4.140625,400,1771114695.3031836
2026-02-15T03:18:18,Spotify,7.5,28.2,1570.1276816442748,1302.313261029365,0.0,5713.374306451408,1.0,1600.41796875,51.701,52.0,1815.0,99.9,40.0078125,3,2952.0036430358887,16.4,80.8515625,148,40573.87998795509,8.1,67.7265625,37,40543.633059978485,4.1,4.140625,400,1771114696.8272986,4.1,278.09375,88,3020.903796195984
2026-02-15T03:18:19,Spotify,6.7,28.2,344.56181116089664,0.0,10532.277451604721,113221.98260475075,0.0,1600.41796875,51.697,52.0,1815.0,98.4,40.0078125,3,2953.591089248657,15.1,80.88671875,148,40575.435470342636,6.8,67.7265625,37,40545.230029821396,4.9,16.0234375,13,40573.10915875435,3.9,266.9453125,95,40545.3404750824
2026-02-15T03:18:21,Spotify,6.0,28.2,376.15638490959657,0.0,72383.59643038895,176758.15735456586,1.0,1600.41796875,51.827,52.0,1815.0,98.9,40.0078125,3,2955.139126062393,13.8,80.87109375,148,40577.01865315437,4.1,67.7265625,37,40546.755808115005,4.0,16.0234375,13,40574.66090130806,2.1,266.9453125,95,40546.8652715683
2026-02-15T03:18:23,Spotify,5.9,28.2,1497.7795429981645,1128.8941009671755,0.0,7032.369277867364,1.0,1600.41796875,51.783,52.0,1815.0,99.8,40.0078125,3,2956.657690048218,13.3,80.84375,148,40578.5457508564,9.2,67.7265625,37,40548.28538393974,6.1,16.0234375,13,40576.187515735626,3.1,278.0859375,88,3025.566874742508
2026-02-15T03:18:24,Spotify,6.8,28.2,256.0485669044046,215.99994490140796,0.0,6050.624596387161,1.0,1600.41796875,51.921,52.0,1815.0,100.1,40.0078125,3,2958.1870625019073,12.3,80.859375,148,40580.068709135056,5.1,67.73046875,37,40549.811762332916,4.1,16.0234375,13,40577.7107591629,2.1,17.08203125,7,40576.07977581024
2026-02-15T03:18:26,Spotify,6.3,28.2,350.2176011475419,0.0,10705.158912689043,74601.57617280177,0.0,1600.41796875,52.484,52.0,1815.0,100.0,40.0078125,3,2959.717743873596,14.2,80.83984375,148,40581.6077837944,10.2,67.73046875,37,40551.33936595917,6.1,16.0234375,13,40579.246029138565,5.1,266.9375,95,40551.44825339317
2026-02-15T03:18:27,Spotify,7.4,28.2,115.29013601559788,539.323348140763,0.0,90710.53955975268,1.0,1600.41796875,52.183,52.0,1815.0,98.0,39.3046875,3,2961.2480936050415,15.3,80.87109375,148,40583.13789272308,6.1,16.0234375,13,40580.77618551254,5.1,67.73828125,37,40552.87962818146,4.1,266.95703125,95,40552.99061322212
2026-02-15T03:18:29,Spotify,7.5,28.2,1437.8537082643877,769.7666498006537,0.0,7008.0702952215315,0.0,1600.41796875,52.171,52.0,1815.0,98.8,40.0078125,3,2962.7822008132935,11.2,80.83984375,148,40584.67580628395,6.1,266.95703125,95,40554.51637792587,6.1,67.73828125,37,40554.4048101902,5.1,16.05859375,14,40582.30865430832
2026-02-15T03:18:30,Spotify,5.9,28.2,354.43742616637724,138.75008705214395,0.0,44105.43051545687,0.0,1600.41796875,52.102,51.0,1815.0,98.8,40.0078125,3,2964.300520658493,13.4,80.875,148,40586.1943295002,4.1,67.75,37,40555.924755334854,3.1,266.95703125,95,40556.036395311356,2.1,4.140625,400,1771114709.1425383
2026-02-15T03:18:32,Spotify,6.2,28.2,384.0703651835619,137.58717666168346,0.0,10683.546456990625,0.0,1600.41796875,51.916,51.0,1815.0,100.8,40.0078125,3,2965.835363149643,14.3,80.83984375,148,40587.72401547432,5.1,67.75390625,37,40557.455240011215,3.1,16.05859375,14,40585.358756780624,2.0,24.8046875,8,2960.7368421554565
2026-02-15T03:18:33,Spotify,5.7,28.2,690.149058383159,541.6026896264028,0.0,6394.06670471559,0.0,1600.41796875,51.99,51.0,1815.0,98.6,40.0078125,3,2967.357881784439,12.3,80.86328125,148,40589.24548316002,6.2,67.75390625,37,40558.96739244461,5.1,16.0234375,13,40586.88701224327,4.1,299.03515625,38,3036.9516954421997
2026-02-15T03:18:35,Spotify,6.4,28.2,280.7149230756179,745.2783521092108,0.0,13832.787946486786,0.0,1600.41796875,51.924,51.0,1815.0,97.6,40.0078125,3,2968.8787066936493,14.4,80.8515625,148,40590.76400589943,11.2,67.7578125,37,40560.50224280357,3.1,266.94921875,95,40560.61352467537,2.1,277.55859375,88,3037.777557373047
2026-02-15T03:18:36,Spotify,6.3,28.2,0.0,35.48138112885013,0.0,19848.54742852416,0.0,1600.41796875,51.869,50.0,1815.0,100.2,39.3046875,3,2970.3915388584137,14.4,80.875,148,40592.288165807724,9.4,67.76171875,37,40562.00357341766,5.2,266.93359375,94,40562.115050792694,3.1,4.140625,400,1771114715.2348554
2026-02-15T03:18:38,Spotify,6.3,28.2,813.2607319164657,678.6017363381276,0.0,4415.22302743556,0.0,1600.41796875,51.914,50.0,1815.0,99.0,40.0078125,3,2971.923100233078,12.5,80.84765625,148,40593.79329872131,10.1,299.9921875,39,3041.523539543152,4.1,4.140625,400,1771114716.741493,4.1,67.765625,37,40563.53820633888
2026-02-15T03:18:39,Spotify,6.1,28.2,42.79172967128977,82.99002118068319,10622.722711127448,48466.17236951899,0.0,1597.23046875,51.833,50.0,1815.0,99.9,40.0078125,3,2973.471446990967,15.2,80.87890625,148,40595.33520197868,6.0,67.765625,37,40565.08808302879,3.0,266.94140625,94,40565.19972538948,2.0,4.140625,400,1771114718.283852
2026-02-15T03:18:41,Spotify,5.7,28.2,0.0,55.27724105210458,0.0,56603.89483735509,0.0,1595.19921875,51.729,49.0,1815.0,100.3,40.0078125,3,2974.998372077942,15.0,80.86328125,148,40596.89278483391,6.1,16.05859375,14,40594.52268385887,5.1,67.7734375,37,40566.61532211304,2.0,24.8046875,8,2969.897984266281
2026-02-15T03:18:42,Spotify,6.3,28.2,1590.9876652933083,1310.846980042327,0.0,66980.05214151762,0.0,1595.19921875,51.808,49.0,1815.0,100.4,40.00390625,3,2976.5085842609406,13.4,80.8515625,148,40598.404150009155,11.4,67.76171875,37,40568.123016119,3.1,4.140625,400,1771114721.3529115,3.1,277.82421875,88,3045.4195413589478
2026-02-15T03:18:44,Spotify,5.7,28.2,0.0,0.0,0.0,6757.683357248949,0.0,1595.19921875,51.713,49.0,1815.0,98.6,40.00390625,3,2978.044956445694,13.4,80.84765625,148,40599.91980981827,4.1,266.9609375,95,40569.7768099308,3.0,67.76171875,37,40569.6656498909,2.1,23.58203125,4,40599.8435690403
2026-02-15T03:18:45,Spotify,6.4,28.2,305.8200168489806,912.2656553563008,0.0,49866.193830152246,0.0,1595.19921875,51.668,49.0,1815.0,97.7,40.00390625,3,2979.5963609218597,12.2,80.875,148,40601.462205410004,6.0,16.0234375,14,40599.11561012268,5.0,67.73828125,37,40571.22265505791,3.0,4.140625,400,1771114724.4095302
2026-02-15T03:18:47,Spotify,5.9,28.2,673.2924222827633,641.2308783645365,10505.926711124564,39068.91495699448,0.0,1595.19921875,51.595,48.0,1815.0,100.8,40.00390625,3,2981.130965948105,14.0,80.86328125,148,40603.01894116402,8.2,67.73828125,37,40572.7512421608,3.1,266.6796875,95,40572.86216831207,2.0,4.140625,400,1771114725.96806
2026-02-15T03:18:48,Spotify,5.9,28.2,0.0,0.0,0.0,7403.572649588722,0.0,1595.19921875,51.588,48.0,1815.0,98.3,40.00390625,3,2982.6412963867188,13.3,80.84765625,148,40604.54243302345,8.3,67.7421875,37,40574.26571893692,2.1,4.140625,400,1771114727.489229,2.1,16.0234375,13,40602.16440486908
2026-02-15T03:18:50,Spotify,5.7,28.2,27.70476374856275,186.67733668674424,0.0,38163.9717008773,0.0,1595.19921875,51.684,48.0,1815.0,98.0,40.00390625,3,2984.1738691329956,14.4,80.8671875,148,40606.056569337845,6.1,67.73828125,37,40575.79074192047,3.1,16.0234375,13,40603.700474739075,3.1,266.6796875,95,40575.90187096596
2026-02-15T03:18:52,Spotify,6.9,28.2,0.0,0.0,0.0,2024.2605011375065,1.0,1595.19921875,51.568,48.0,1815.0,99.0,40.0078125,3,2985.7174656391144,12.4,80.875,148,40607.57423567772,5.0,67.73828125,37,40577.34657287598,3.1,277.703125,88,3054.6080718040466,2.1,4.140625,400,1771114730.522924
2026-02-15T03:18:53,Spotify,6.2,28.2,616.6511831781132,685.4511085740183,0.0,17938.943510636018,0.0,1595.19921875,51.455,48.0,1815.0,98.0,40.01171875,3,2987.263338327408,13.9,80.87109375,148,40609.14681363106,6.1,67.73828125,37,40578.89279341698,4.0,4.140625,400,1771114732.0932627,3.0,70.30859375,56,40605.497930288315
2026-02-15T03:18:55,Spotify,6.0,28.2,0.0,190.55554999420164,0.0,31419.05746345074,0.0,1595.19921875,51.582,47.0,1815.0,97.6,40.0078125,3,2988.848093509674,13.1,80.859375,148,40610.69785428047,8.9,266.6796875,95,40580.580560684204,6.9,67.73828125,37,40580.46927237511,3.0,16.0625,13,40608.35842251778
2026-02-15T03:18:56,Spotify,6.4,28.2,329.2883017390078,221.4400013632475,0.0,44109.31669806244,5.0,1595.19921875,51.403,47.0,1815.0,99.3,40.01171875,3,2990.3732600212097,19.0,80.875,148,40612.26286315918,5.1,67.73828125,37,40581.994666814804,3.0,22.203125,36,40612.26200890541,3.0,16.0234375,13,40609.90308690071
2026-02-15T03:18:58,Spotify,6.5,28.2,675.075896786124,459.6261424926802,0.0,7688.291838059377,0.0,1595.19921875,51.283,47.0,1815.0,99.4,40.01171875,3,2991.8982865810394,11.2,80.8359375,148,40613.79437708855,5.1,16.0625,14,40611.421571969986,4.1,277.96875,87,3060.815770149231,4.1,266.6796875,95,40583.616033792496
2026-02-15T03:18:59,Spotify,5.6,28.2,0.0,0.0,0.0,56159.45148873704,1.0,1594.38671875,51.213,47.0,1815.0,99.8,40.01171875,3,2993.4020116329193,14.6,80.86328125,148,40615.29488658905,6.2,67.73828125,37,40585.02363014221,5.1,266.6796875,95,40585.13496494293,4.2,277.6015625,87,3062.308560371399
2026-02-15T03:19:01,Spotify,6.9,28.2,43.11956383243524,113.67885010369291,0.0,46495.95634585987,0.0,1594.29296875,50.981,47.0,1815.0,96.8,40.015625,3,2994.9838540554047,12.3,80.83984375,148,40616.82527375221,11.0,48.7734375,25,40614.379472732544,4.9,67.7421875,37,40586.60817575455,4.0,16.0234375,13,40614.50087404251
2026-02-15T03:19:02,Spotify,7.2,28.2,614.4335968783804,648.709851249695,428986.365820542,2176780.8168681744,1.0,1594.29296875,50.923,47.0,1815.0,97.0,40.015625,3,2996.5311217308044,13.9,80.875,148,40618.40137004852,5.1,16.0234375,13,40616.04717755318,5.0,67.7421875,37,40588.17982888222,3.0,4.14453125,400,1771114741.3503325
2026-02-15T03:19:04,Spotify,5.9,28.2,109.62459691604016,145.95367845216975,0.0,45359.08903093457,0.0,1594.29296875,50.986,48.0,1815.0,100.2,40.015625,3,2998.1054952144623,13.9,80.84375,148,40619.97075176239,4.0,67.75390625,37,40589.72562241554,3.0,266.9921875,95,40589.83723258972,2.0,4.14453125,400,1771114742.9188478
2026-02-15T03:19:05,Spotify,6.1,28.2,368.64087158100807,34.92387204451655,10596.1614736548,48344.98672355003,1.0,1594.29296875,50.973,48.0,1815.0,98.7,40.015625,3,2999.625609397888,16.2,80.875,148,40621.51597356796,11.3,299.46484375,39,3069.2308914661407,10.2,16.05859375,14,40619.15981221199,7.2,67.75390625,37,40591.25213050842
2026-02-15T03:19:07,Spotify,7.3,28.2,1719.781762051658,461.2290897083303,0.0,30189.540417272532,0.0,1594.29296875,51.067,48.0,1815.0,100.5,40.015625,3,3001.1484620571136,12.3,80.85546875,148,40623.04680728912,7.2,67.73046875,37,40592.76506829262,5.2,266.9609375,95,40592.87641644478,4.1,22.796875,36,40623.04376411438
2026-02-15T03:19:09,Spotify,6.1,28.2,3176.7628364341267,183.03159019890737,0.0,8519.288561985506,0.0,1590.29296875,51.147,48.0,1815.0,98.9,40.015625,3,3002.696879863739,12.5,80.86328125,148,40624.546842098236,7.0,67.734375,37,40594.32074093819,4.0,266.9609375,95,40594.431644916534,3.1,16.0625,14,40622.21503472328
2026-02-15T03:19:10,Spotify,6.6,28.2,1381.3852537286562,0.0,0.0,69877.94066506991,0.0,1590.29296875,51.091,48.0,1815.0,98.7,40.015625,3,3004.216160297394,13.0,80.84375,148,40626.11394095421,5.1,16.0234375,13,40623.750550985336,3.1,16.3984375,14,40501.22611665726,3.1,266.9609375,95,40595.94675731659
2026-02-15T03:19:12,Spotify,5.8,28.2,1084.462562753371,729.1846434218985,0.0,340.64100130658034,0.0,1590.29296875,51.105,48.0,1815.0,99.7,40.01171875,3,3005.7201335430145,13.5,80.85546875,148,40627.61627316475,8.3,67.734375,37,40597.34435415268,6.2,266.9609375,95,40597.455741882324,4.2,16.05859375,14,40625.24930214882
2026-02-15T03:19:13,Spotify,6.2,28.2,51.50751706929155,36.31940306167994,0.0,8452.515621627332,0.0,1590.29296875,51.259,49.0,1815.0,100.8,40.00390625,3,3007.254337310791,14.5,80.8671875,148,40629.1298327446,5.1,67.734375,37,40598.8720934391,3.1,4.14453125,400,1771114752.079023,2.0,16.05859375,14,40626.77996516228
2026-02-15T03:19:15,Spotify,5.7,28.2,43.352827985826984,66.34296403891706,10762.011116966505,27913.966334631874,0.0,1590.29296875,51.271,49.0,1815.0,98.4,40.00390625,3,3008.7624037265778,12.3,80.87890625,148,40630.65634608269,5.2,16.0234375,13,40628.2868244648,5.2,67.703125,37,40600.38289093971,3.1,22.84765625,36,40630.65774655342
2026-02-15T03:19:16,Spotify,6.2,28.2,472.7839358294865,497.73642133159825,0.0,223238.0681889984,4.0,1590.29296875,51.241,49.0,1815.0,100.3,40.00390625,3,3010.2886164188385,12.3,80.859375,148,40632.175817489624,8.2,67.71484375,37,40601.913271427155,6.1,16.0234375,13,40629.81222820282,3.1,266.9609375,95,40602.02457737923
2026-02-15T03:19:18,Spotify,8.6,28.2,173.3910276064253,35.46634655585972,56493.949358311664,35644.99185702998,0.0,1590.29296875,51.311,49.0,1815.0,96.0,40.00390625,3,3011.8526718616486,14.3,80.875,148,40633.705914497375,7.0,16.0625,14,40631.3668012619,5.9,266.94140625,95,40603.60281252861,5.9,67.72265625,37,40603.491914749146
2026-02-15T03:19:19,Spotify,6.6,28.2,0.0,0.0,176825.583130786,707627.3795509579,0.0,1590.29296875,51.334,49.0,1815.0,98.7,40.00390625,3,3013.3876123428345,15.9,80.87109375,148,40635.27322816849,9.2,67.71875,37,40605.028396844864,7.1,16.05859375,14,40632.91355633736,3.0,298.796875,39,3083.009521484375
2026-02-15T03:19:21,Spotify,6.1,28.2,0.0,34.89781700297065,0.0,32426.53455446399,0.0,1590.29296875,51.357,49.0,1815.0,100.1,40.0078125,3,3014.9328832626343,13.1,80.8828125,148,40636.82606220245,8.2,67.72265625,37,40606.55235791206,6.1,16.05859375,14,40634.45157337189,2.1,266.9921875,95,40606.66349005699
2026-02-15T03:19:22,Spotify,6.1,28.2,1286.7324026493172,1102.160131777489,0.0,15525.164727047499,0.0,1590.29296875,51.349,50.0,1815.0,98.0,40.0078125,3,3016.4483308792114,13.4,80.86328125,148,40638.34216570854,5.2,67.72265625,37,40608.06415605545,3.1,16.0234375,13,40635.97222661972,2.1,22.84765625,36,40638.339289188385
2026-02-15T03:19:24,Spotify,6.2,28.2,794.5794037368239,315.5916537230005,0.0,95465.48696836719,0.0,1590.29296875,51.413,50.0,1815.0,98.2,40.0078125,3,3017.9440660476685,12.4,80.875,148,40639.855127096176,8.4,67.72265625,37,40609.55715894699,5.2,16.0625,14,40637.47112393379,2.1,4.14453125,400,1771114762.8044014
2026-02-15T03:19:25,Spotify,6.9,28.2,1605.1309947105094,979.8686699927337,0.0,15817.59212862842,0.0,1590.29296875,51.232,50.0,1815.0,98.8,40.0078125,3,3019.5413336753845,14.7,80.86328125,148,40641.34637236595,9.8,16.0625,14,40639.067875146866,6.8,67.73046875,37,40611.16570711136,3.9,266.94140625,95,40611.27688527107
2026-02-15T03:19:27,Spotify,7.2,28.2,3776.1966083315942,2275.9356888690504,0.0,956.9770649063403,3.0,1590.29296875,51.474,50.0,1815.0,94.7,40.0078125,3,3021.108319044113,14.6,80.8828125,148,40642.953382730484,13.6,278.01171875,87,3089.984353542328,9.7,6.23046875,11,40642.945055007935,7.0,67.7421875,37,40612.731872320175
2026-02-15T03:19:28,Spotify,7.1,28.2,42.201878186208745,76.73068761128863,0.0,16041.82908993341,1.0,1590.29296875,51.378,50.0,1815.0,97.8,40.0078125,3,3022.6260516643524,13.0,80.8671875,148,40644.51405930519,6.2,266.9921875,95,40614.357271909714,4.1,67.74609375,37,40614.24628376961,3.0,4.14453125,400,1771114767.4626462
2026-02-15T03:19:30,Spotify,5.9,28.2,0.0,35.60846544542572,0.0,7090.041119800322,0.0,1590.29296875,51.354,50.0,1815.0,100.6,40.0078125,3,3024.132670402527,14.4,80.82421875,148,40646.029504776,9.3,301.55078125,39,3093.729635000229,6.2,16.05859375,14,40643.666910886765,3.1,277.90625,87,3093.041472196579
2026-02-15T03:19:32,Spotify,6.8,28.2,1593.7256402945175,1348.8425477243468,0.0,152489.36358964155,0.0,1590.29296875,51.536,50.0,1815.0,99.1,40.0078125,3,3025.6617410182953,12.4,80.859375,148,40647.54232788086,7.2,67.7578125,37,40617.27965641022,4.1,22.8671875,36,40647.54152870178,4.1,16.0234375,13,40645.18380236626
2026-02-15T03:19:33,Spotify,6.0,28.2,0.0,0.0,0.0,6703.827479159054,0.0,1590.29296875,51.404,51.0,1815.0,99.7,40.0078125,3,3027.1824023723602,14.3,80.83203125,148,40649.06981086731,7.2,67.7578125,37,40618.792764663696,4.1,16.0234375,13,40646.71243262291,4.1,266.95703125,95,40618.90397167206
2026-02-15T03:19:35,Spotify,6.3,28.2,612.4522032096822,734.0226512716899,10766.541735394241,60561.797261592605,0.0,1590.29296875,51.416,51.0,1815.0,97.5,40.0078125,3,3028.72141122818,13.3,80.87109375,148,40650.592233181,7.2,16.0234375,13,40648.23337268829,4.0,67.76171875,37,40620.35689330101,3.1,247.03515625,73,40648.19639754295
2026-02-15T03:19:36,Spotify,5.8,28.2,0.0,311.7425078804764,10596.658193182004,108284.6009115786,0.0,1590.29296875,51.526,51.0,1815.0,99.3,40.0078125,3,3030.24786734581,12.1,80.8515625,148,40652.13817811012,5.2,67.7578125,37,40621.85933613777,3.0,4.14453125,400,1771114775.0857298,3.0,16.0234375,13,40649.77490210533
2026-02-15T03:19:38,Spotify,6.7,28.2,685.9999705790564,467.0638097559533,0.0,7473.020956095253,1.0,1590.29296875,51.408,51.0,1815.0,99.6,39.30859375,3,3031.7531962394714,13.5,80.87109375,148,40653.64408993721,11.3,67.7578125,37,40623.37812566757,4.1,4.14453125,400,1771114776.592544,4.1,16.05859375,14,40651.28218507767
2026-02-15T03:19:39,Spotify,6.6,28.2,27.50857617036254,185.3554061003,0.0,7042.195499612811,0.0,1590.29296875,51.512,51.0,1815.0,100.8,39.99609375,2,3033.2715077400208,14.3,80.84375,148,40655.17016839981,4.1,16.0234375,13,40652.79868745804,2.1,17.0390625,6,40651.170317173004,2.1,97.01953125,33,40648.16581654549
2026-02-15T03:19:41,Spotify,5.6,28.2,80.32887636780451,64.93250839730865,0.0,15423.144262618467,0.0,1590.29296875,51.604,51.0,1815.0,99.7,39.99609375,2,3034.7763369083405,13.6,80.87109375,148,40656.669086933136,4.2,16.0625,14,40654.29758143425,4.1,67.7578125,37,40626.39947080612,3.1,298.71875,39,3104.3685994148254
2026-02-15T03:19:42,Spotify,5.9,28.2,638.7307512902952,731.1091657331065,0.0,9459.549638943876,0.0,1590.29296875,51.515,51.0,1815.0,98.8,40.0078125,3,3036.3425397872925,11.3,80.8359375,148,40658.18369555473,8.0,67.76171875,37,40627.955016851425,5.1,16.0625,13,40655.84450006485,3.0,26.109375,105,40632.58406662941
2026-02-15T03:19:44,Spotify,6.4,28.2,38.26324463210787,214.91189068367254,0.0,19264.268230778576,1.0,1590.29296875,51.664,52.0,1815.0,100.3,40.0078125,3,3037.8549468517303,13.0,80.87890625,148,40659.748368263245,6.2,67.76171875,37,40629.475135564804,5.1,16.0625,13,40657.37732934952,3.0,278.046875,85,3106.7689332962036
2026-02-15T03:19:45,Spotify,6.6,28.2,94.47996670595289,161.21057256120633,0.0,34842.62604339253,0.0,1590.29296875,51.602,52.0,1815.0,99.9,40.0078125,3,3039.3561067581177,10.3,80.8359375,148,40661.261093854904,7.2,4.14453125,400,1771114784.2103179,6.3,266.67578125,95,40631.07943201065,6.2,16.0234375,13,40658.88222837448
2026-02-15T03:19:47,Spotify,7.2,28.2,699.619023835554,593.01041067966,0.0,12963.607359756705,0.0,1590.29296875,51.607,52.0,1815.0,99.1,39.30859375,3,3040.8539497852325,14.6,80.875,148,40662.76282501221,6.2,67.7578125,37,40632.47636914253,4.1,266.98828125,95,40632.58810377121,2.1,250.5546875,73,40660.352404117584
2026-02-15T03:19:48,Spotify,6.1,28.2,176.04577809857832,350.7578760600462,0.0,88769.74992607102,0.0,1590.29296875,51.701,52.0,1815.0,98.1,40.01171875,3,3042.3674368858337,13.5,80.8515625,148,40664.26318526268,8.3,67.7578125,37,40633.984847545624,2.1,16.0625,14,40661.897820949554,2.1,267.00390625,95,40634.0957736969
2026-02-15T03:19:50,Spotify,6.1,28.2,50791.67103100536,5387.612167219436,10756.841061141024,56473.41557099037,0.0,1590.29296875,51.598,52.0,1815.0,99.2,40.015625,3,3043.9433488845825,13.3,80.8828125,148,40665.785663604736,10.9,67.7578125,37,40635.566229343414,5.0,266.9453125,95,40635.67665076256,4.1,4.14453125,400,1771114788.7339973
2026-02-15T03:19:51,Spotify,7.0,28.2,1315.2407402266972,1069.5926642310494,0.0,41596.40753526302,0.0,1590.29296875,51.733,52.0,1815.0,97.8,40.01171875,3,3045.44420170784,17.0,80.84765625,148,40667.3481400013,7.3,67.7578125,37,40637.0562441349,4.2,266.9609375,95,40637.16752195358,2.1,24.7578125,6,3040.335670232773
2026-02-15T03:19:53,Spotify,6.2,28.2,51.73399749043495,165.15083814254234,0.0,9168.856170612471,0.0,1590.29296875,53.751,52.0,1815.0,96.7,40.015625,3,3046.979968547821,13.5,80.87109375,148,40668.8574616909,9.1,266.9609375,95,40638.710529088974,4.1,16.0234375,13,40666.50064992905,4.1,67.7578125,37,40638.599496126175
2026-02-15T03:19:54,Spotify,6.3,28.2,380.813679611325,221.3276086629923,0.0,113653.02897555634,1.0,1590.29296875,51.968,52.0,1815.0,100.4,40.015625,3,3048.475828409195,15.3,80.84765625,148,40670.39061951637,6.3,67.76171875,37,40640.096336603165,3.1,266.9609375,95,40640.20613050461,2.1,22.8671875,36,40670.38050079346
2026-02-15T03:19:56,Spotify,5.7,28.2,44.27436009678736,80.4988365396134,0.0,10990.774482208548,0.0,1590.29296875,52.077,52.0,1815.0,99.3,40.01171875,3,3050.0004522800446,16.5,300.4453125,39,3119.588476896286,14.7,80.875,148,40671.883452415466,6.2,266.9609375,95,40641.72351050377,2.1,153.0078125,277,40666.74238610268
2026-02-15T03:19:57,Spotify,6.7,28.2,563.879009088626,694.3089667983784,0.0,8094.562223926446,0.0,1590.29296875,52.018,51.0,1815.0,99.1,40.015625,3,3051.5136756896973,13.4,80.85546875,148,40673.40395402908,4.1,278.046875,85,3120.411256313324,4.1,266.9453125,95,40643.24679350853,3.1,67.76953125,37,40643.13568043709
2026-02-15T03:19:59,Spotify,6.6,28.2,51.194463739726665,71.54098137987444,0.0,11425.554163861048,0.0,1590.29296875,52.014,51.0,1815.0,99.7,40.01171875,3,3053.0187997817993,12.3,80.87890625,148,40674.925510168076,7.2,277.984375,85,3121.9377188682556,7.2,266.95703125,95,40644.75594305992,4.2,16.0625,14,40672.54014468193
2026-02-15T03:20:00,Spotify,7.0,28.2,0.0,0.0,10838.786295266118,73839.23163650042,0.0,1590.29296875,51.982,51.0,1815.0,98.3,40.01171875,3,3054.545071363449,14.5,80.83984375,148,40676.43589282036,5.2,4.14453125,400,1771114799.3849897,5.1,16.0625,14,40674.06713247299,5.1,67.78515625,37,40646.17438483238
2026-02-15T03:20:02,Spotify,5.8,28.2,1583.0648411995319,1304.3192047092489,10771.152142115086,35679.441470756225,0.0,1590.29296875,51.934,51.0,1815.0,98.9,40.01171875,3,3056.0608942508698,16.4,80.859375,148,40677.95905375481,10.4,67.78515625,37,40647.67173099518,4.2,266.94921875,95,40647.7834482193,4.1,16.0234375,13,40675.58478498459
2026-02-15T03:20:03,Spotify,6.5,28.2,1363.5057432232259,72.81828809962353,0.0,3078.4098308538096,0.0,1590.29296875,51.886,50.0,1815.0,100.3,40.01171875,3,3057.5567247867584,12.5,80.8359375,148,40679.456768751144,8.3,67.7890625,37,40649.176075696945,3.1,266.95703125,95,40649.28753590584,2.1,4.14453125,400,1771114802.4026601
2026-02-15T03:20:05,Spotify,6.3,28.2,2450.427234582717,43.793175597741495,0.0,72362.2508785954,0.0,1590.29296875,51.891,50.0,1815.0,99.7,39.31640625,3,3059.061630487442,13.5,80.8515625,148,40680.9625184536,7.3,16.0234375,13,40678.58474135399,6.2,67.7890625,37,40650.68333649635,4.1,16.3984375,14,40556.07032632828
2026-02-15T03:20:06,Spotify,7.5,28.2,1590.4877606875145,499.41579229541674,0.0,54311.137982184424,0.0,1590.29296875,51.846,50.0,1815.0,98.7,40.01171875,3,3060.61386346817,12.3,80.83984375,148,40682.48144984245,9.0,67.90234375,37,40652.252757549286,6.0,16.0234375,14,40680.14077830315,4.1,278.0,85,3129.507724761963
2026-02-15T03:20:08,Spotify,6.8,28.2,49.804024167964585,69.59793120907871,0.0,95460.26704112021,0.0,1590.29296875,51.767,50.0,1815.0,99.7,40.015625,3,3062.1345551013947,16.0,80.84765625,148,40684.04597043991,12.5,67.90234375,37,40653.74858903885,5.2,266.95703125,95,40653.85964822769,2.0,16.0234375,13,40681.668756484985
2026-02-15T03:20:09,Spotify,6.5,28.2,0.0,0.0,0.0,7197.666054799877,1.0,1590.29296875,51.86,49.0,1815.0,98.9,40.01171875,3,3063.6359248161316,12.6,80.84765625,148,40685.53973054886,6.2,67.90234375,37,40655.25921726227,3.1,6.3046875,4,40673.37925028801,3.1,266.94921875,95,40655.37068128586
2026-02-15T03:20:11,Spotify,5.8,28.2,0.0,57.21113534977749,0.0,8855.75155553765,0.0,1590.29296875,51.751,49.0,1815.0,99.5,40.01171875,3,3065.1435935497284,13.4,80.87109375,148,40687.04997777939,4.1,16.0234375,13,40684.67728948593,4.1,266.95703125,95,40656.87819981575,3.1,67.90625,37,40656.766538858414
2026-02-15T03:20:12,Spotify,5.9,28.2,643.3008096228151,679.1874250356581,0.0,20755.755047665043,0.0,1590.29296875,51.593,49.0,1815.0,100.3,40.00390625,3,3066.654998779297,13.6,80.84765625,148,40688.54743862152,7.3,16.0625,14,40686.17954015732,4.1,67.90625,37,40658.28041815758,2.1,4.14453125,400,1771114811.4961255
2026-02-15T03:20:14,Spotify,6.8,28.2,0.0,0.0,0.0,16924.162686929685,0.0,1590.29296875,51.718,49.0,1815.0,98.8,40.00390625,3,3068.156965494156,14.5,80.875,148,40690.061460494995,6.3,67.90625,37,40659.7729613781,4.1,16.0234375,13,40687.68740820885,3.1,4.14453125,400,1771114813.0094144
2026-02-15T03:20:16,Spotify,6.3,28.2,44.100081915790824,67.48648899234657,0.0,53027.00758844181,1.0,1590.29296875,51.584,48.0,1815.0,98.4,40.00390625,3,3069.713334798813,14.6,80.83984375,148,40691.556992053986,6.0,266.96484375,95,40661.45805859566,5.0,67.8359375,37,40661.34653997421,4.1,16.05859375,14,40689.22922253609
2026-02-15T03:20:17,Spotify,6.3,28.2,888.3283605713463,938.2770726604114,0.0,21689.121765864387,0.0,1590.29296875,51.544,48.0,1815.0,99.2,40.0078125,3,3071.2891023159027,15.8,80.87109375,148,40693.13997268677,6.0,67.8359375,37,40662.90549015999,5.9,16.0234375,13,40690.810319423676,2.0,277.91796875,85,3140.1682579517365
2026-02-15T03:20:19,Spotify,5.9,28.2,2599.9018261560295,3724.6181986385664,21071.873123789457,69471.33170499337,1.0,1590.29296875,51.629,48.0,1815.0,100.0,40.00390625,3,3072.7892804145813,11.0,80.85546875,148,40694.699410915375,5.2,298.51171875,39,3142.388324737549,4.1,16.05859375,13,40692.31710648537,4.1,67.7578125,37,40664.41491174698
2026-02-15T03:20:20,Spotify,6.2,28.2,43.789704935562916,196.39019183222155,0.0,18343.90548573399,0.0,1590.29296875,51.495,48.0,1815.0,99.0,40.00390625,3,3074.3202679157257,13.5,80.8828125,148,40696.20149111748,7.2,67.7578125,37,40665.93444657326,6.1,16.05859375,14,40693.84944486618,4.1,4.14453125,400,1771114819.1493483
2026-02-15T03:20:22,Spotify,6.4,28.2,708.2574651875676,937.9803790820481,0.0,59651.60271854844,0.0,1590.29296875,51.414,48.0,1815.0,100.1,40.00390625,3,3075.81920838356,16.4,299.015625,39,3145.432373523712,15.4,80.86328125,148,40697.72085547447,4.2,16.0234375,13,40695.35226941109,4.1,4.14453125,400,1771114820.6685228
2026-02-15T03:20:23,Spotify,6.5,28.2,27.54570611130162,27.54570611130162,0.0,97380.6296049063,0.0,1590.29296875,51.37,47.0,1815.0,97.6,40.0078125,3,3077.3876283168793,13.3,80.86328125,148,40699.2462079525,4.0,67.7578125,37,40669.01000595093,3.0,16.0234375,13,40696.906567811966,2.0,22.8671875,36,40699.252593040466
2026-02-15T03:20:25,Spotify,6.2,28.2,0.0,0.0,0.0,6900.761045548047,4.0,1590.29296875,51.277,47.0,1815.0,100.1,40.01171875,3,3078.9180402755737,17.0,80.86328125,148,40700.80462169647,8.2,67.76171875,37,40670.53761720657,3.1,16.0234375,13,40698.42870640755,2.1,17.04296875,6,40696.798921346664
2026-02-15T03:20:26,Spotify,6.5,28.2,642.7943983747587,3427.5835449922347,0.0,44149.000629837086,0.0,1590.29296875,51.269,47.0,1815.0,99.3,40.01171875,3,3080.4595658779144,13.3,80.87890625,148,40702.334619522095,9.1,67.765625,37,40672.078615665436,4.0,16.05859375,14,40699.991345644,3.1,4.14453125,400,1771114825.2821693
2026-02-15T03:20:28,Spotify,6.4,28.2,350.90372090864656,1526.659045511644,0.0,6999.845653450404,0.0,1590.29296875,51.133,47.0,1815.0,98.4,40.01171875,3,3081.9844584465027,13.2,80.875,148,40703.86748433113,6.1,67.765625,37,40673.60573863983,5.2,16.0234375,13,40701.49343085289,5.1,266.6796875,95,40673.716992378235
2026-02-15T03:20:29,Spotify,6.1,28.2,711.0231846102484,738.7253866080503,0.0,8780.278880827113,0.0,1590.29296875,50.952,47.0,1815.0,99.6,40.01171875,3,3083.4935672283173,12.4,80.87109375,148,40705.38546180725,6.2,266.9921875,95,40675.22802615166,5.2,67.77734375,37,40675.11681318283,4.1,298.65234375,39,3153.0883791446686
2026-02-15T03:20:31,Spotify,6.5,28.2,1263.6989600324146,1800.473910140227,0.0,15549.967558350798,0.0,1590.29296875,51.181,48.0,1815.0,99.6,40.01171875,3,3084.997364282608,14.4,80.86328125,148,40706.901537418365,6.2,67.7734375,37,40676.61903166771,5.2,16.0234375,13,40704.5203974247,2.1,22.8671875,36,40706.89109039307
2026-02-15T03:20:32,Spotify,6.5,28.2,0.0,545.6944503685904,10824.04101070095,56487.96402459558,5.0,1590.29296875,51.01,48.0,1815.0,99.2,40.01171875,3,3086.556273460388,13.4,80.875,148,40708.41431927681,7.0,67.7734375,37,40678.180972099304,4.1,4.14453125,400,1771114831.3625407,4.0,16.0625,14,40706.077378988266
2026-02-15T03:20:34,Spotify,6.3,28.2,161.5644903753217,634.6253181942636,10588.290441237083,46985.53883298956,0.0,1590.29296875,50.994,48.0,1815.0,100.4,40.01171875,3,3088.0663492679596,15.1,80.87890625,148,40709.96702480316,6.2,266.9609375,95,40679.80366516113,6.2,67.7734375,37,40679.69256687164,4.1,16.05859375,14,40707.58759140968
2026-02-15T03:20:35,Spotify,5.8,28.2,1758.0433917722635,1305.3735364057525,0.0,53225.55322635068,1.0,1590.29296875,51.134,48.0,1815.0,97.4,40.015625,3,3089.607010602951,12.4,80.88671875,148,40711.48097848892,5.1,16.05859375,14,40709.130217552185,4.1,67.78515625,37,40681.235236406326,2.0,17.046875,6,40707.49845409393
2026-02-15T03:20:37,Spotify,6.2,28.2,0.0,35.19609246579493,0.0,70413.04187527331,0.0,1590.29296875,50.918,48.0,1815.0,100.2,40.015625,3,3091.134745836258,12.2,80.85546875,148,40713.01629495621,7.2,67.79296875,37,40682.74398684502,4.1,4.14453125,400,1771114835.964553,4.1,266.9609375,95,40682.85528445244
2026-02-15T03:20:38,Spotify,7.5,28.2,294.08761082741876,218.57862966902744,0.0,7799.945281765053,1.0,1590.29296875,51.035,48.0,1815.0,99.8,40.015625,3,3092.6217091083527,14.5,80.8671875,148,40714.52667045593,6.2,67.796875,37,40684.2480430603,3.2,16.05859375,14,40712.14599609375,2.1,22.8671875,36,40714.52570748329
2026-02-15T03:20:40,Spotify,7.5,28.2,0.0,0.0,0.0,9821.93436558992,0.0,1590.29296875,51.088,49.0,1815.0,96.9,40.015625,3,3094.1376247406006,12.4,80.8671875,148,40716.037365436554,9.3,67.796875,37,40685.75915527344,4.1,16.0234375,13,40713.66822338104,4.1,266.953125,95,40685.87048268318
2026-02-15T03:20:42,Spotify,6.0,28.2,1767.4356269990176,1369.2334385808258,0.0,34883.04087777702,1.0,1590.29296875,51.12,49.0,1815.0,99.3,40.01953125,3,3095.67977142334,12.4,80.875,148,40717.54891371727,9.0,67.8046875,37,40687.31641316414,3.1,22.8671875,36,40717.5554766655,3.1,16.0234375,13,40715.19826078415
2026-02-15T03:20:43,Spotify,6.9,28.2,49.91384607122413,35.19566069124778,0.0,15399.06143407612,0.0,1590.29296875,51.193,49.0,1815.0,96.7,40.01171875,3,3097.2304525375366,14.0,80.875,148,40719.11408162117,4.1,67.8125,37,40688.837483882904,4.0,16.0625,14,40716.76033091545,2.0,24.75390625,6,3092.125998735428
2026-02-15T03:20:45,Spotify,5.6,28.2,76.63600959125037,102.40156454003282,0.0,11500.686680728331,1.0,1590.29296875,51.259,49.0,1815.0,100.4,40.015625,3,3098.7407116889954,14.5,80.87109375,148,40720.625640153885,4.1,67.81640625,37,40690.36478257179,3.1,4.14453125,400,1771114843.5745218,3.1,266.9609375,95,40690.47621560097
2026-02-15T03:20:46,Spotify,6.0,28.2,5197.993937305957,4977.690244414494,0.0,24027.441818789564,0.0,1590.29296875,51.074,49.0,1815.0,99.5,40.015625,3,3100.264121055603,13.2,80.86328125,148,40722.16209554672,6.2,266.9609375,95,40691.9905962944,5.2,67.8203125,37,40691.87922143936,5.1,16.0234375,13,40719.79889011383
2026-02-15T03:20:48,Spotify,8.7,28.2,0.0,0.0,0.0,9095.524479394615,1.0,1590.29296875,51.226,49.0,1815.0,99.3,40.015625,3,3101.8212237358093,14.3,80.85546875,148,40723.688289403915,10.0,300.1875,39,3171.4333596229553,9.9,67.796875,37,40693.45572900772,9.2,22.8671875,36,40723.69401049614
2026-02-15T03:20:49,Spotify,5.9,28.2,42.13366290520445,76.60665982764446,0.0,17650.174424289286,0.0,1590.29296875,51.353,49.0,1815.0,98.6,40.015625,3,3103.3900542259216,14.0,80.875,148,40725.248321056366,7.0,67.796875,37,40695.029484272,5.0,266.9453125,95,40695.140182971954,3.0,298.1015625,39,3173.0185339450836
2026-02-15T03:20:51,Spotify,6.6,28.2,620.8389452645105,444.17745677460914,0.0,49101.798857993155,0.0,1590.29296875,51.332,50.0,1815.0,96.0,40.015625,3,3104.985032081604,16.8,80.84375,148,40726.8324508667,7.0,67.796875,37,40696.598516225815,5.0,266.953125,95,40696.71008968353,3.9,4.14453125,400,1771114849.7798796
2026-02-15T03:20:52,Spotify,6.5,28.2,0.0,69.37422537178479,0.0,9208.786064165803,0.0,1590.29296875,51.518,50.0,1815.0,99.4,40.015625,3,3106.4780402183533,12.1,80.8671875,148,40728.386858701706,6.2,67.796875,37,40698.10715889931,5.2,16.0234375,13,40726.00799560547,3.1,266.9609375,95,40698.217000961304
2026-02-15T03:20:54,Spotify,6.1,28.2,495.9171043057344,744.5404246949364,0.0,53436.72990953372,4.0,1590.29296875,51.517,50.0,1815.0,98.8,40.01953125,3,3107.9960508346558,15.5,67.796875,37,40699.61825609207,12.5,80.84765625,148,40729.89203310013,7.2,266.9609375,95,40699.728895902634,3.1,70.30859375,56,40726.21965122223
2026-02-15T03:20:55,Spotify,7.9,28.1,4946.102309729279,2351.263369445575,0.0,19602.22263308697,0.0,1590.29296875,51.372,50.0,1815.0,100.3,40.01953125,3,3109.506867647171,12.4,80.85546875,148,40731.40732216835,8.2,16.05859375,14,40729.034516334534,4.1,67.796875,37,40701.125851631165,3.1,22.8671875,36,40731.40129160881
2026-02-15T03:20:57,Spotify,5.7,28.2,32.92793199469612,0.0,0.0,337.1820236256882,1.0,1590.29296875,51.444,50.0,1815.0,97.2,40.01953125,3,3111.049870491028,12.3,80.85546875,148,40732.92859148979,6.1,16.0234375,13,40730.567683935165,3.0,67.80078125,37,40702.68701553345,2.0,22.8671875,36,40732.93440961838
2026-02-15T03:20:58,Spotify,5.9,28.2,26.991423641233816,26.991423641233816,0.0,11187.302446347578,0.0,1590.29296875,51.507,50.0,1815.0,99.6,39.3203125,3,3112.5869562625885,14.1,80.875,148,40734.48002076149,7.2,67.8046875,37,40704.21627283096,5.1,266.953125,95,40704.327905893326,3.0,4.14453125,381,1771114857.4291718
2026-02-15T03:21:00,Spotify,5.9,28.2,2984.72030036599,882.3538568478015,0.0,8694.222459184259,0.0,1590.29296875,51.475,51.0,1815.0,97.5,40.01953125,3,3114.125785112381,13.2,80.85546875,148,40736.017062187195,7.2,67.81640625,37,40705.73827934265,5.1,16.05859375,14,40733.653992176056,3.1,96.76171875,33,40729.025062799454
2026-02-15T03:21:01,Spotify,6.9,28.2,2530.527862137513,477.81970340178157,64967.6184276746,124182.89564039884,1.0,1590.29296875,51.588,51.0,1815.0,99.0,40.01953125,3,3115.6411533355713,13.5,80.87109375,148,40737.52582192421,9.3,67.80859375,37,40707.25782608986,6.2,266.6796875,95,40707.36899328232,3.1,22.8671875,36,40737.53451919556
2026-02-15T03:21:03,Spotify,6.7,28.2,35.52913054874972,194.75227115610957,0.0,6063.638280319951,0.0,1590.29296875,51.416,51.0,1815.0,100.2,40.01953125,3,3117.1379590034485,15.4,80.85546875,148,40739.04377627373,5.2,67.8125,37,40708.75544714928,4.2,266.6796875,95,40708.86688089371,3.1,277.11328125,85,3186.0540120601654
2026-02-15T03:21:05,Spotify,5.8,28.2,501.08738742631715,180.57803456453715,0.0,26952.104583270844,0.0,1590.29296875,51.674,51.0,1815.0,96.9,40.01953125,3,3118.7015511989594,14.5,80.87109375,148,40740.549493312836,6.0,16.0234375,13,40738.22028517723,4.9,67.8125,37,40710.33864688873,3.9,298.515625,39,3188.319587469101
2026-02-15T03:21:06,Spotify,7.2,28.2,610.3542553114725,762.3122878838535,0.0,21629.74418822805,0.0,1590.29296875,51.576,51.0,1815.0,98.9,40.01953125,3,3120.2819225788116,13.8,80.84765625,148,40742.1349029541,8.9,4.14453125,381,1771114865.0817342,7.0,67.8125,37,40711.90199685097,6.9,22.8671875,36,40742.138776540756
2026-02-15T03:21:08,Spotify,5.9,28.2,0.0,0.0,0.0,9155.619792673042,0.0,1590.29296875,51.487,51.0,1815.0,98.1,40.01953125,3,3121.810779571533,16.0,80.8828125,148,40743.70084261894,5.1,67.8125,37,40713.44174218178,3.1,16.05859375,14,40741.33412361145,3.0,266.6796875,95,40713.5522108078
2026-02-15T03:21:09,Spotify,5.9,28.2,214.1684631446662,86.45332457215883,0.0,9054.020900647907,0.0,1590.29296875,51.51,51.0,1815.0,100.1,40.01953125,3,3123.325723171234,12.3,80.8671875,148,40745.2242372036,4.2,266.6796875,95,40715.050696611404,3.1,4.14453125,381,1771114868.1730459,3.1,16.0234375,14,40742.85603928566
2026-02-15T03:21:11,Spotify,6.5,28.2,684.8096287771892,682.8227536453405,0.0,112239.90078155496,0.0,1590.29296875,51.581,51.0,1815.0,100.5,40.01953125,3,3124.8661777973175,12.4,80.8671875,148,40746.73558807373,5.1,67.8125,37,40716.47802591324,4.1,4.14453125,381,1771114869.683559,2.0,24.75390625,6,3119.7594599723816
2026-02-15T03:21:12,Spotify,6.2,28.2,0.0,35.205152030729145,0.0,6675.939940641971,0.0,1590.29296875,51.557,52.0,1815.0,99.0,40.01953125,3,3126.396877527237,15.3,80.859375,148,40748.268969774246,4.1,266.6796875,95,40718.109790802,3.1,16.0234375,13,40745.91564154625,3.1,67.8125,37,40717.99821805954
2026-02-15T03:21:14,Spotify,5.9,28.2,0.0,0.0,0.0,8048.388069555843,0.0,1590.29296875,51.528,52.0,1815.0,97.2,40.01953125,3,3127.892967224121,12.3,80.875,148,40749.79411625862,10.4,16.0625,14,40747.41377592087,6.1,67.8125,37,40719.5276722908,4.1,4.14453125,381,1771114872.743248
2026-02-15T03:21:15,Spotify,6.1,28.2,1332.2200376995945,1214.0498757827324,0.0,15210.28229365642,0.0,1590.29296875,51.715,52.0,1815.0,99.5,40.01953125,3,3129.462831735611,12.4,80.83984375,148,40751.31262874603,9.9,299.18359375,39,3199.0758299827576,7.0,67.7734375,37,40721.09171628952,4.1,22.8671875,36,40751.31188058853
2026-02-15T03:21:17,Spotify,6.5,28.2,676.7321297381081,665.3265320458928,0.0,29847.181871894987,0.0,1590.29296875,51.668,52.0,1815.0,98.4,40.0234375,3,3130.987582921982,14.9,80.87890625,148,40752.89106845856,6.1,16.0234375,13,40750.505410671234,4.1,67.7734375,37,40722.600014925,3.0,8.55859375,6,40753.813292741776
2026-02-15T03:21:18,Spotify,6.4,28.2,0.0,36.04598380184071,43746.47397106358,425502.81323417305,0.0,1590.29296875,51.728,52.0,1815.0,99.9,40.0234375,3,3132.504568338394,12.5,80.85546875,148,40754.38638138771,9.2,67.7734375,37,40724.12585711479,4.1,22.8671875,36,40754.390452861786,4.1,16.0234375,13,40752.03703331947
2026-02-15T03:21:20,Spotify,6.8,28.2,0.0,35.18011829613798,0.0,12008.147045081763,0.0,1590.29296875,53.338,52.0,1815.0,99.1,40.0234375,3,3134.051915168762,17.3,80.87890625,148,40755.92206907272,8.1,67.78515625,37,40725.666184186935,6.1,266.984375,95,40725.7774438858,3.1,22.8671875,36,40755.921686172485
2026-02-15T03:21:21,Spotify,6.4,28.2,544.1179592198391,630.031321201919,21327.341253248433,112635.02099371828,0.0,1590.29296875,51.977,52.0,1815.0,99.4,40.0234375,3,3135.60569357872,13.2,80.87109375,148,40757.460091114044,7.0,16.0234375,13,40755.13072347641,5.0,67.78515625,37,40727.23192214966,5.0,299.54296875,39,3205.2191939353943
2026-02-15T03:21:23,Spotify,6.0,28.2,784.1940838909625,339.35141069511667,0.0,84921.73729215324,0.0,1590.29296875,52.152,52.0,1815.0,98.7,40.0234375,3,3137.1413457393646,12.9,80.83984375,148,40759.03234553337,6.1,67.78515625,37,40728.761637449265,4.1,16.0234375,13,40756.663439273834,4.1,266.94140625,95,40728.872609615326
2026-02-15T03:21:25,Spotify,6.6,28.2,894.9234854354727,387.01169818024476,0.0,50126.22823561038,4.0,1590.29296875,52.185,51.0,1815.0,100.8,40.0234375,3,3138.6760034561157,14.4,80.87109375,148,40760.552008867264,8.0,67.78515625,37,40730.319437503815,4.0,266.94140625,95,40730.42964100838,4.0,301.28125,39,3208.3202328681946
2026-02-15T03:21:26,Spotify,7.3,28.2,4698.861247911997,2673.3917411290663,0.0,128414.0067039565,0.0,1590.29296875,51.972,51.0,1815.0,100.0,39.3203125,3,3140.238980770111,13.8,80.83984375,148,40762.133061647415,10.0,6.1953125,10,40762.11037039757,9.0,278.16015625,85,3209.1494674682617,4.1,67.78515625,37,40731.860327243805
2026-02-15T03:21:28,Spotify,6.3,28.2,0.0,71.13739021625548,0.0,7419.366327739831,1.0,1590.29296875,51.943,51.0,1815.0,98.2,40.02734375,3,3141.7823469638824,13.4,80.8671875,148,40763.65385198593,3.1,4.14453125,381,1771114886.5989332,3.0,16.05859375,14,40761.30448842049,3.0,17.0390625,6,40759.672766685486
2026-02-15T03:21:29,Spotify,5.5,28.2,50.20607103033674,70.15976592700903,0.0,8238.944989593721,0.0,1590.29296875,52.01,51.0,1815.0,98.3,40.02734375,3,3143.356235742569,13.1,80.84765625,148,40765.205538511276,4.0,16.0234375,13,40762.86930060387,3.0,17.0390625,6,40761.239371299744,3.0,67.78515625,37,40734.99642038345
2026-02-15T03:21:31,Spotify,6.0,28.2,654.0710262968612,695.3807753261366,0.0,55760.65032606198,0.0,1590.29296875,51.862,50.0,1815.0,98.1,40.02734375,3,3144.948696374893,14.7,80.87109375,148,40766.804995298386,6.9,16.0234375,13,40764.46339249611,5.9,67.79296875,37,40736.584433078766,3.0,266.94921875,95,40736.69567871094
2026-02-15T03:21:32,Spotify,6.6,28.2,75.96766627363404,26.58868319577191,0.0,11668.633539630187,0.0,1590.29296875,51.983,50.0,1815.0,97.6,40.02734375,3,3146.5331013202667,14.9,80.86328125,148,40768.382521390915,9.8,16.0234375,13,40766.05832648277,6.0,67.796875,37,40738.15711569786,3.9,277.671875,85,3215.412541627884
2026-02-15T03:21:34,Spotify,7.6,28.2,109.5679051308961,111.47897324364429,0.0,22830.89372029835,0.0,1590.29296875,51.833,50.0,1815.0,98.1,40.02734375,3,3148.0626311302185,12.9,80.859375,148,40769.95167565346,8.2,67.80859375,37,40739.67439985275,3.1,266.94140625,95,40739.785616874695,3.0,4.14453125,381,1771114892.8998342
2026-02-15T03:21:35,Spotify,6.0,28.2,1587.7694494558448,1308.1954267941844,0.0,13166.353972896308,1.0,1590.29296875,51.788,49.0,1815.0,98.6,40.02734375,3,3149.598499059677,13.3,80.84765625,148,40771.47363138199,4.0,67.80859375,37,40741.22968292236,3.0,266.94140625,95,40741.34133243561,2.1,4.14453125,381,1771114894.4177363
2026-02-15T03:21:37,Spotify,6.2,28.2,32.212050212135615,34.78901422910646,0.0,13194.055766890748,0.0,1590.29296875,51.842,49.0,1815.0,99.1,40.02734375,3,3151.1597266197205,18.1,80.8828125,148,40773.02582573891,8.0,16.0234375,13,40770.68842506409,4.0,67.8125,37,40742.776903152466,2.0,4.14453125,381,1771114895.9708142
2026-02-15T03:21:39,Spotify,6.8,28.2,50.2123511785768,75.31852676786521,0.0,10217.569716748347,2.0,1590.29296875,51.791,49.0,1815.0,98.0,40.02734375,3,3152.721844434738,15.8,300.5546875,39,3222.345925807953,13.1,80.87109375,148,40774.57468366623,8.8,67.8203125,37,40744.37455534935,4.0,4.14453125,381,1771114897.5221531
2026-02-15T03:21:40,Spotify,7.2,28.2,1104.697830354436,1053.0528918772047,0.0,17090.69573802621,0.0,1590.29296875,51.591,49.0,1815.0,98.2,40.02734375,3,3154.2966725826263,15.7,80.81640625,148,40776.16308450699,10.2,67.8203125,37,40745.90756440163,6.9,16.0234375,13,40773.82323360443,5.1,18.9296875,9,40761.40965795517
2026-02-15T03:21:42,Spotify,7.3,28.2,0.0,56.05011830484471,0.0,45382.346951197054,0.0,1590.29296875,51.77,48.0,1815.0,100.4,39.32421875,3,3155.8057911396027,11.2,80.87109375,148,40777.70350265503,6.2,67.828125,37,40747.43020319939,6.1,4.14453125,381,1771114900.648003,3.1,22.80859375,36,40777.70809149742
2026-02-15T03:21:43,Spotify,5.8,28.2,43.30796939731905,78.7417625405801,0.0,41659.641834802904,0.0,1590.29296875,51.558,48.0,1815.0,98.0,40.0234375,3,3157.4323143959045,28.0,150.3203125,23,3608.607979297638,12.4,80.83203125,148,40779.2207596302,8.7,273.45703125,34,3609.2926120758057,5.8,140.66796875,50,3609.6585676670074
2026-02-15T03:21:45,Spotify,8.5,28.2,4725.18401675912,2655.6622109453338,30041.682161653633,292906.40107612294,1.0,1590.29296875,51.513,48.0,1815.0,97.7,40.0234375,3,3158.9837095737457,17.2,80.875,148,40780.85648608208,6.9,67.8359375,37,40750.631241321564,3.1,16.0234375,13,40778.49124455452,3.0,6.30078125,4,40768.74040746689
2026-02-15T03:21:46,Spotify,6.8,28.2,6089.7971272764535,4471.3690773510225,0.0,151253.62508445504,0.0,1590.29296875,51.562,48.0,1815.0,97.3,40.0234375,3,3160.637202501297,18.1,153.390625,23,3611.8209121227264,10.9,80.8671875,148,40782.428047180176,6.7,266.94140625,95,40752.381299734116,6.7,67.82421875,37,40752.27002930641
2026-02-15T03:21:48,Spotify,7.2,28.2,537.5430798941107,632.5478431593184,30126.92983233219,407655.01929374493,1.0,1590.29296875,51.545,48.0,1815.0,99.4,40.02734375,3,3162.1770572662354,13.4,80.87890625,148,40784.057119607925,9.2,67.828125,37,40753.803003787994,2.0,16.0625,14,40781.70318818092,2.0,266.98046875,95,40753.91450381279
2026-02-15T03:21:50,Spotify,5.9,28.2,290.4333504914974,1418.2284732989299,0.0,170422.37411312314,1.0,1590.29296875,51.569,47.0,1815.0,98.8,40.02734375,3,3163.7425146102905,13.2,80.87109375,148,40785.59179806709,4.0,266.93359375,95,40755.49600338936,3.1,4.14453125,381,1771114908.5389078,3.0,16.0625,14,40783.256258010864
2026-02-15T03:21:51,Spotify,6.2,28.2,476.8291877784169,916.9792072661863,20722.465285309238,206900.8643330094,1.0,1590.29296875,51.512,47.0,1815.0,100.1,40.02734375,3,3165.2884187698364,11.9,80.875,148,40787.16959834099,8.1,16.0234375,13,40784.807599544525,6.2,67.82421875,37,40756.9053709507,3.1,51.0703125,31,40740.93777823448
2026-02-15T03:21:53,Spotify,6.2,28.2,102.36254575571276,201.4442406859219,0.0,91044.92274805548,0.0,1590.29296875,51.247,47.0,1815.0,98.1,40.015625,2,3166.801053762436,13.3,80.87109375,148,40788.70324635506,6.1,67.82421875,37,40758.44425916672,2.1,4.14453125,381,1771114911.6474578,2.0,299.1875,39,3236.4195952415466
2026-02-15T03:21:54,Spotify,5.9,28.2,0.0,156.7974813804135,0.0,205530.91932779315,0.0,1590.29296875,51.104,47.0,1815.0,97.0,40.015625,2,3168.3804891109467,13.3,80.87890625,148,40790.231816768646,5.0,16.0234375,13,40787.89121508598,5.0,67.82421875,37,40760.01655077934,3.0,70.30859375,56,40786.60745167732
2026-02-15T03:21:56,Spotify,7.5,28.2,2155.8007967111093,503.5447116405511,0.0,187882.60280732243,0.0,1590.29296875,51.002,47.0,1815.0,98.6,39.3125,2,3169.9332077503204,15.7,80.8515625,148,40791.82117629051,7.0,16.0625,14,40789.448919296265,6.0,67.82421875,37,40761.56714272499,5.9,21.5703125,36,40791.81750154495
2026-02-15T03:21:57,Spotify,6.0,28.2,5091.799699419198,2792.634734644968,0.0,70089.65608520704,1.0,1590.29296875,50.917,48.0,1815.0,98.2,40.015625,2,3171.507663965225,14.2,80.83984375,148,40793.35684275627,5.0,266.66796875,95,40763.240956544876,5.0,67.828125,37,40763.13015913963,4.0,96.7421875,33,40786.40581583977
2026-02-15T03:21:59,Spotify,6.7,28.2,494.56524987566655,222.42689717346343,0.0,89409.23940020298,4.0,1590.29296875,50.963,48.0,1815.0,99.6,40.015625,2,3173.044859647751,12.9,80.875,148,40794.92607545853,5.1,67.828125,37,40764.660209178925,4.1,266.66796875,95,40764.77161812782,3.1,16.0234375,13,40792.56587076187
2026-02-15T03:22:00,Spotify,6.8,28.2,1280.4743688715448,1096.799766779315,0.0,47020.69813561082,1.0,1590.29296875,51.049,48.0,1815.0,98.9,40.015625,2,3174.5779871940613,17.4,80.84375,148,40796.452518224716,10.2,67.828125,37,40766.19729757309,3.1,4.14453125,381,1771114919.3996234,3.1,277.2421875,85,3243.485990047455
2026-02-15T03:22:02,Spotify,6.2,28.2,0.0,0.0,0.0,47174.81554908116,0.0,1590.29296875,50.961,48.0,1815.0,100.1,40.015625,2,3176.076187849045,13.2,80.85546875,148,40797.98939871788,6.2,67.828125,37,40767.703130960464,4.2,266.66796875,95,40767.814556121826,3.1,16.0625,14,40795.606981515884
2026-02-15T03:22:03,Spotify,5.6,28.2,33.29797895758364,0.0,0.0,52850.552201476756,0.0,1590.29296875,51.058,48.0,1815.0,98.0,39.3125,2,3177.6383554935455,12.4,80.8515625,148,40799.50083112717,6.0,67.828125,37,40769.271468400955,2.0,277.25390625,85,3246.5403196811676,2.0,16.0234375,13,40797.172620773315
2026-02-15T03:22:05,Spotify,5.9,28.2,893.5063684837515,1297.0253736054458,0.0,100677.35127150538,0.0,1590.29296875,51.23,48.0,1815.0,99.9,40.015625,2,3179.2018184661865,16.1,300.640625,39,3248.79234790802,16.0,80.88671875,148,40801.055908203125,4.0,67.83203125,37,40770.81684279442,3.0,16.0234375,13,40798.72052884102
2026-02-15T03:22:07,Spotify,7.8,28.2,0.0,170.01494042240557,0.0,73858.61169380625,0.0,1590.29296875,51.217,49.0,1815.0,97.3,40.015625,2,3180.7263917922974,15.1,80.85546875,148,40802.6066968441,7.1,67.8359375,37,40772.34752750397,3.0,4.14453125,381,1771114925.5540514,2.0,22.83984375,36,40802.61546301842
2026-02-15T03:22:08,Spotify,6.3,28.2,102.10920953433364,107.34557925404306,0.0,6702.5532412280545,0.0,1590.29296875,51.16,49.0,1815.0,100.2,39.3125,2,3182.254237174988,11.3,80.87109375,148,40804.13290262222,4.1,16.0234375,13,40801.77795314789,4.1,266.98046875,95,40773.99574995041,4.1,67.84765625,37,40773.884185791016
2026-02-15T03:22:10,Spotify,6.1,28.2,151.82014487978503,142.08808431056806,63780.03214642047,86036.60586418178,0.0,1590.29296875,51.243,49.0,1815.0,99.3,40.015625,2,3183.7806413173676,15.2,80.84375,148,40805.679030656815,9.3,67.84765625,37,40775.40362715721,5.1,16.0234375,13,40803.30866146088,2.1,299.33984375,39,3253.3768248558044
2026-02-15T03:22:11,Spotify,6.0,28.2,1633.3933897101035,1525.1167058327967,0.0,28732.93464841702,0.0,1590.29296875,51.13,49.0,1815.0,99.9,40.015625,2,3185.3283145427704,12.4,80.859375,148,40807.18978238106,6.0,67.84375,37,40776.955686569214,4.1,16.0625,14,40804.839275598526,3.1,4.14453125,381,1771114930.1374006
2026-02-15T03:22:13,Spotify,6.1,28.2,0.0,0.0,0.0,6882.908935510098,0.0,1590.29296875,51.185,49.0,1815.0,98.5,40.02734375,3,3186.9299573898315,12.9,80.84765625,148,40808.76046848297,5.9,67.84375,37,40778.55298757553,4.9,24.93359375,53,40804.76761293411,3.9,16.0234375,13,40806.45266222954
2026-02-15T03:22:14,Spotify,6.2,28.2,4272.917685806975,1040.5745132175828,0.0,100155.14065477294,0.0,1590.29296875,51.494,49.0,1815.0,99.1,39.32421875,3,3188.475428581238,14.7,80.8671875,148,40810.351049661636,10.2,67.84765625,37,40780.09165406227,3.0,14.78515625,11,40810.546862363815,2.0,16.0234375,13,40807.994976997375
2026-02-15T03:22:16,Spotify,6.3,28.2,691.6763708815424,501.9705990375001,0.0,12683.558408926756,0.0,1590.29296875,51.358,50.0,1815.0,99.4,40.02734375,3,3190.000180244446,13.3,80.85546875,148,40811.883815288544,5.1,67.8046875,37,40781.61566519737,4.1,16.0234375,13,40809.525205135345,4.1,266.94921875,95,40781.725940704346
2026-02-15T03:22:17,Spotify,5.8,28.2,60.69577004827179,63.3347165721097,0.0,1688.9257752562585,0.0,1590.29296875,51.312,50.0,1815.0,98.9,40.02734375,3,3191.5167553424835,13.4,80.8828125,148,40813.40192556381,5.1,67.8046875,37,40783.14638662338,3.1,16.0234375,13,40811.04352426529,3.1,154.10546875,277,40808.26049160957
2026-02-15T03:22:19,Spotify,6.4,28.2,0.0,0.0,0.0,43041.284679005235,0.0,1590.29296875,51.408,50.0,1815.0,100.2,40.03125,3,3193.076686859131,12.1,80.875,148,40814.95006394386,5.0,67.77734375,37,40784.69801235199,3.0,4.14453125,381,1771114937.8968215,3.0,16.0234375,13,40812.592943668365
2026-02-15T03:22:21,Spotify,6.3,28.2,1725.8328064959383,1281.4566946436905,0.0,7275.367040557728,0.0,1590.29296875,51.375,50.0,1815.0,98.9,40.03125,3,3194.657242298126,13.1,80.81640625,148,40816.49893569946,10.9,67.78515625,37,40786.28145170212,3.0,16.05859375,14,40814.17147183418,2.0,52.29296875,67,40812.905712366104
2026-02-15T03:22:22,Spotify,6.4,28.2,0.0,0.0,0.0,8705.697148887812,0.0,1590.29296875,51.407,50.0,1815.0,99.4,39.3359375,3,3196.2129259109497,12.8,80.875,148,40818.085973501205,5.0,21.375,36,40818.090908288956,4.1,67.7890625,37,40787.819261312485,2.0,4.14453125,381,1771114941.033068
2026-02-15T03:22:24,Spotify,6.7,28.2,50.99216123185808,76.48824184778712,0.0,47529.92423334628,4.0,1590.29296875,51.487,50.0,1815.0,98.0,40.0390625,3,3197.7434973716736,12.3,80.8359375,148,40819.61211705208,8.2,16.0234375,13,40817.26633834839,5.1,276.92578125,85,3266.6350100040436,5.0,67.796875,37,40789.367453336716
2026-02-15T03:22:25,Spotify,6.3,28.2,992.6829906889146,456.1676406298929,53081.32545511481,43460.33521637525,0.0,1590.29296875,51.534,50.0,1815.0,100.0,40.0390625,3,3199.2751615047455,15.2,80.8671875,148,40821.15607595444,3.1,16.0234375,13,40818.79967927933,3.1,17.0390625,6,40817.17055130005,3.1,67.796875,37,40790.89372754097
2026-02-15T03:22:27,Spotify,5.7,28.2,111.16269925963942,0.0,0.0,18413.7741832438,0.0,1590.29296875,51.572,51.0,1815.0,98.3,40.0390625,3,3200.8491537570953,12.2,80.8515625,148,40822.69424676895,5.8,266.95703125,95,40792.61094379425,5.0,16.0625,14,40820.37017941475,4.9,67.81640625,37,40792.50005507469
2026-02-15T03:22:28,Spotify,6.3,28.2,669.1557111021195,261.95149358543085,0.0,655022.7452112355,4.0,1590.29296875,51.646,51.0,1815.0,98.0,40.0390625,3,3202.4601867198944,14.6,80.88671875,148,40824.30257105827,8.8,67.81640625,37,40794.09465718269,4.9,266.95703125,95,40794.20154285431,3.9,16.0625,14,40821.970520973206
2026-02-15T03:22:30,Spotify,6.1,28.2,983.6213480432352,605.9307604919866,0.0,17929.04722892285,0.0,1590.29296875,51.445,51.0,1815.0,97.8,40.0390625,3,3204.024877309799,15.7,80.84765625,148,40825.896218299866,8.0,67.828125,37,40795.65070319176,4.0,16.0234375,13,40823.529519081116,4.0,266.95703125,95,40795.76200938225
2026-02-15T03:22:31,Spotify,6.7,28.2,348.2702037031046,136.33583113423947,0.0,86675.98924962759,0.0,1590.29296875,51.568,51.0,1815.0,99.5,40.0390625,3,3205.5633974075317,14.1,80.89453125,148,40827.44250416756,12.1,299.984375,39,3275.179652929306,6.0,276.66796875,85,3274.4638454914093,5.1,22.8125,36,40827.44210219383
2026-02-15T03:22:33,Spotify,7.1,28.2,3296.338716818655,2782.3552459885573,0.0,17852.531408932846,0.0,1590.29296875,51.703,51.0,1815.0,100.7,39.3359375,3,3207.099173307419,17.1,80.875,148,40828.99360585213,6.2,266.95703125,95,40798.83114004135,6.1,16.0234375,13,40826.619821071625,5.1,67.8359375,37,40798.71984887123
2026-02-15T03:22:34,Spotify,6.7,28.2,3419.27908484856,3994.3366537289485,0.0,18274.93294759192,0.0,1590.29296875,51.667,51.0,1815.0,99.1,40.0390625,3,3208.6275458335876,13.4,80.8828125,148,40830.50516581535,8.2,67.83984375,37,40800.25138115883,5.1,16.0234375,13,40828.15509176254,3.1,22.8125,36,40830.51462483406
2026-02-15T03:22:36,Spotify,6.2,28.2,0.0,0.0,0.0,20590.179421169454,0.0,1590.29296875,51.737,51.0,1815.0,100.2,39.33984375,3,3210.1708154678345,16.2,80.875,148,40832.044817209244,10.1,67.84765625,37,40801.796325445175,5.1,16.0234375,13,40829.69434309006,3.0,300.3828125,39,3279.8003220558167
2026-02-15T03:22:38,Spotify,7.7,28.2,5364.592576804114,5681.055782818553,20864.922202577713,107258.74069762605,0.0,1606.32421875,51.966,52.0,1815.0,99.1,40.0390625,3,3211.984337091446,31.2,315.3671875,39,3281.598082780838,16.9,286.08984375,91,3280.818251848221,14.7,80.84375,148,40833.64758849144,8.0,6.33203125,11,40833.77936291695
2026-02-15T03:22:39,Spotify,9.0,28.3,535049.4481823511,28501.844637655417,230111.38299312393,1022082.8177610219,1.0,1606.32421875,51.722,52.0,1815.0,100.5,40.0390625,3,3213.5231676101685,16.7,80.875,148,40835.41359043121,9.1,67.859375,37,40805.15514111519,5.1,266.98828125,95,40805.26654410362,5.1,310.30859375,39,3283.131598711014
2026-02-15T03:22:41,Spotify,6.2,28.3,0.0,370.47569012695016,0.0,447158.94001576223,0.0,1606.32421875,51.799,52.0,1815.0,100.0,40.0390625,3,3215.085835456848,17.3,80.859375,148,40836.94530463219,5.0,67.84765625,37,40806.71289014816,3.0,266.67578125,95,40806.82422089577,2.0,310.8671875,39,3284.698259115219
2026-02-15T03:22:43,Spotify,5.6,28.2,274.4003216943298,2774.6339505277815,0.0,73513.76060276,1.0,1605.82421875,51.651,52.0,1815.0,98.7,40.02734375,3,3216.653516292572,13.0,80.8828125,148,40838.51541662216,7.0,16.0234375,14,40836.17238283157,7.0,67.8515625,37,40808.28419780731,6.0,266.67578125,95,40808.39573764801
2026-02-15T03:22:44,Spotify,7.3,28.2,1660637.4941933765,5192.948660025167,135862.48876011305,2178698.707977678,0.0,1605.44921875,51.734,52.0,1815.0,100.4,40.0234375,3,3218.2259528636932,14.9,80.87890625,148,40840.083925008774,7.9,67.84765625,37,40809.85788726807,6.0,310.5859375,39,3287.829071998596,5.0,16.0234375,13,40837.742163181305
2026-02-15T03:22:46,Spotify,7.4,28.2,42.17166152261807,64.53542142097614,0.0,79497.41575754622,1.0,1604.88671875,51.858,52.0,1815.0,98.9,40.0234375,3,3219.7586500644684,13.0,80.828125,148,40841.649735212326,6.1,67.8515625,37,40811.3875849247,5.0,4.14453125,381,1771114964.5925646,4.1,16.0234375,13,40839.28323721886
2026-02-15T03:22:47,Spotify,5.9,28.2,56.11521045023451,91.350342593405,0.0,10356.518840303745,0.0,1602.94921875,52.048,52.0,1815.0,99.8,40.0234375,3,3221.3244805336,13.3,80.87109375,148,40843.17910027504,5.0,266.67578125,95,40813.0556769371,4.0,67.8046875,37,40812.94437789917,3.0,22.8671875,36,40843.18494462967
2026-02-15T03:22:49,Spotify,6.5,28.2,1067.5075594948376,4838.137657901215,0.0,5863.0212564388685,0.0,1601.32421875,52.062,52.0,1815.0,98.5,40.0234375,3,3222.863132238388,15.9,80.83203125,148,40844.748096466064,6.1,67.8046875,37,40814.49308204651,3.0,143.46875,99,3292.7683534622192,2.0,26.11328125,105,40819.12360858917
2026-02-15T03:22:50,Spotify,6.0,28.2,1752.912868872389,1287.1129281431606,0.0,28897.761225407736,0.0,1597.07421875,52.117,52.0,1815.0,100.8,40.0234375,3,3224.4130523204803,12.2,80.8828125,148,40846.29045295715,8.1,67.8046875,37,40816.03896641731,6.0,16.0625,14,40843.93608427048,4.0,310.65234375,39,3294.030965089798
2026-02-15T03:22:52,Spotify,6.3,28.2,1733.3419891523993,34.756950395183644,0.0,12852.347879463463,0.0,1597.07421875,52.116,51.0,1815.0,99.9,40.0234375,3,3225.992883205414,25.8,45.0078125,22,34992.359890937805,14.1,80.86328125,148,40847.84360766411,8.9,67.8046875,37,40817.61887931824,5.0,143.30078125,99,3295.8877391815186
2026-02-15T03:22:53,Spotify,7.6,28.3,2480.6958509603774,0.0,201284.18467355167,706781.9666378122,0.0,1597.07421875,52.02,51.0,1815.0,97.3,40.0234375,3,3227.5656719207764,14.0,80.88671875,148,40849.41040015221,8.8,16.0234375,13,40847.081419467926,5.0,278.5625,91,3296.4400436878204,4.9,310.265625,39,3297.184600830078
2026-02-15T03:22:55,Spotify,6.9,28.3,1071.0264468691594,443.53095211522833,0.0,101608.90903003412,1.0,1597.07421875,52.084,51.0,1815.0,97.2,39.328125,3,3229.14044880867,15.1,310.234375,39,3298.7389991283417,13.8,80.8671875,148,40851.00106191635,10.0,67.80859375,37,40820.762868881226,2.0,23.66015625,4,40850.92567443848
2026-02-15T03:22:57,Spotify,6.7,28.3,32.17313383651925,0.0,0.0,156490.12298082962,1.0,1597.07421875,52.136,50.0,1815.0,100.4,40.0234375,3,3230.6810760498047,18.1,80.875,148,40852.551080703735,4.0,266.67578125,95,40822.41698741913,3.0,22.8671875,36,40852.557520866394,3.0,16.05859375,13,40850.20867443085
2026-02-15T03:22:58,Spotify,6.1,28.3,0.0,34.911662982193995,0.0,85732.70008782927,1.0,1597.07421875,51.891,50.0,1815.0,98.9,40.02734375,3,3232.212900876999,12.1,80.8671875,148,40854.099912405014,5.1,16.05859375,14,40851.743648052216,4.1,67.82421875,37,40823.82610154152,3.1,308.6328125,39,3301.804409265518
2026-02-15T03:23:00,Spotify,6.5,28.3,1119.547929988185,829.7825834030076,0.0,95422.36286092237,0.0,1597.07421875,51.94,50.0,1815.0,100.0,40.03515625,3,3233.7283556461334,13.4,80.875,148,40855.618731975555,6.2,67.8203125,37,40825.34706950188,5.2,16.0625,14,40853.25581765175,5.1,309.07421875,39,3303.3300092220306
2026-02-15T03:23:01,Spotify,6.6,28.3,0.0,35.38881516623222,0.0,131531.0510948791,0.0,1597.07421875,51.833,50.0,1815.0,100.0,40.03515625,3,3235.2603356838226,14.3,80.87109375,148,40857.141146183014,5.1,16.0625,14,40854.787781476974,4.1,266.9609375,95,40826.993500709534,3.1,230.15625,72,40854.75027656555
2026-02-15T03:23:03,Spotify,6.4,28.3,0.0,0.0,0.0,54991.96845889374,0.0,1597.07421875,51.78,49.0,1815.0,97.5,40.03515625,3,3236.814507961273,13.3,80.87109375,148,40858.674145936966,4.0,16.0234375,14,40856.33488583565,4.0,67.82421875,37,40828.45085096359,3.1,4.14453125,381,1771114981.6214862
2026-02-15T03:23:04,Spotify,6.0,28.3,1337.2481616358307,2314.884133207766,0.0,51162.94917893128,0.0,1597.07421875,51.795,49.0,1815.0,100.3,40.03515625,3,3238.35657286644,14.9,80.8828125,148,40860.24320721626,5.1,67.828125,37,40829.98354816437,4.1,266.9453125,94,40830.0942966938,4.1,309.09765625,39,3307.960124731064
2026-02-15T03:23:06,Spotify,6.2,28.3,43.085759199869884,78.33774399976342,0.0,114644.67708552044,4.0,1597.07421875,51.71,49.0,1815.0,99.4,40.03515625,3,3239.897778749466,14.3,80.8671875,148,40861.772000312805,7.1,67.83984375,37,40831.52630209923,4.1,16.0625,14,40859.41988825798,3.0,143.13671875,98,3309.7935152053833
2026-02-15T03:23:07,Spotify,6.2,28.3,0.0,0.0,0.0,33527.414008111344,1.0,1597.07421875,51.557,49.0,1815.0,99.1,39.33984375,3,3241.44314289093,12.2,80.87109375,148,40863.31549048424,6.1,309.484375,39,3311.043293952942,4.1,67.8515625,37,40833.06305527687,4.0,16.05859375,14,40860.96800851822
2026-02-15T03:23:09,Spotify,5.6,28.3,689.2370431243653,492.5903161312554,0.0,39209.92956440834,0.0,1597.07421875,51.81,48.0,1815.0,98.0,40.03515625,3,3242.990299463272,13.2,80.83203125,148,40864.85733914375,5.1,16.0234375,13,40862.50943899155,5.1,67.85546875,37,40834.60907006264,3.0,309.4921875,39,3312.5825502872467
2026-02-15T03:23:10,Spotify,5.8,28.3,32.48273560086769,35.081354448937105,0.0,47232.49618250969,4.0,1595.76171875,51.632,48.0,1815.0,100.1,40.03515625,3,3244.5047900676727,12.2,80.8671875,148,40866.39720726013,7.2,67.86328125,37,40836.12989330292,4.1,16.0234375,13,40864.03301000595,4.1,302.453125,39,3314.106900691986
2026-02-15T03:23:12,Spotify,6.2,28.3,0.0,91.82920093305067,0.0,9739.142681813832,0.0,1595.76171875,51.567,48.0,1815.0,98.8,40.03515625,3,3246.038994550705,13.3,80.83203125,148,40867.9189248085,7.2,67.85546875,37,40837.65674614906,5.1,266.9453125,94,40837.767454862595,4.1,301.75,39,3315.6371138095856
2026-02-15T03:23:13,Spotify,6.5,28.3,0.0,35.29267740462205,0.0,41828.35840547798,0.0,1595.76171875,51.634,48.0,1815.0,98.4,40.03125,3,3247.5639457702637,16.3,80.8515625,148,40869.45182418823,6.1,67.85546875,37,40839.195722818375,4.1,4.14453125,381,1771114992.3974075,4.1,266.9296875,94,40839.30718874931
2026-02-15T03:23:15,Spotify,6.4,28.3,674.4500888062453,697.2796372668049,0.0,5009.455205059927,0.0,1595.76171875,51.426,48.0,1815.0,98.8,40.03125,3,3249.1131839752197,11.2,80.83984375,148,40870.98407506943,6.1,67.83203125,37,40840.74069619179,3.0,16.0625,14,40868.63978123665,2.0,16.9453125,6,40867.01242542267
2026-02-15T03:23:17,Spotify,6.4,28.3,49.644508684292525,92.1969446994004,0.0,60078.88178230019,0.0,1595.76171875,51.412,47.0,1815.0,97.1,39.3359375,3,3250.6900165081024,15.1,80.875,148,40872.53423309326,8.8,67.83984375,37,40842.33369398117,6.9,266.96484375,95,40842.445294857025,3.9,301.51953125,39,3320.311923265457
2026-02-15T03:23:18,Spotify,5.9,28.3,3927.890195387197,3741.8057687171245,0.0,7081.26683112058,0.0,1594.94921875,51.351,47.0,1815.0,98.0,40.03125,3,3252.2689547538757,14.7,80.84375,148,40874.12623643875,7.0,67.84375,37,40843.88585233688,5.9,16.0234375,13,40871.792851924896,5.0,301.98828125,39,3321.869647026062
2026-02-15T03:23:20,Spotify,6.5,28.3,678.8687054898992,485.180176522442,0.0,12109.688094915866,0.0,1594.94921875,51.167,47.0,1815.0,100.1,40.0234375,3,3253.8302018642426,13.0,80.85546875,148,40875.69111418724,6.0,278.4296875,88,3322.7267549037933,5.0,67.84765625,37,40845.45521521568,4.0,266.953125,95,40845.56673645973
2026-02-15T03:23:21,Spotify,6.3,28.3,104.3600858377009,27.056318550515044,0.0,16491.470354599645,0.0,1594.94921875,51.119,47.0,1815.0,100.5,40.0234375,3,3255.3990020751953,14.1,80.859375,148,40877.241934776306,13.9,301.578125,39,3325.002870082855,6.0,16.0234375,13,40874.92156672478,5.0,67.84765625,37,40847.02163529396
2026-02-15T03:23:23,Spotify,6.8,28.2,81.29464796631987,34.93129404802807,0.0,29916.430451605713,0.0,1594.94921875,50.984,47.0,1815.0,99.4,39.328125,3,3256.9400265216827,12.9,80.87109375,148,40878.81573343277,5.1,67.94921875,37,40848.56265997887,4.1,154.6640625,277,40873.68310499191,2.0,278.515625,88,3325.8370349407196
2026-02-15T03:23:24,Spotify,6.5,28.2,2535.7270741570014,1435.5634490852813,0.0,19043.401680956747,0.0,1594.94921875,50.813,47.0,1815.0,99.8,40.0234375,3,3258.474816799164,14.2,80.8671875,148,40880.352241277695,11.2,67.94921875,37,40850.10290980339,4.0,16.0234375,13,40878.0006608963,4.0,302.03515625,39,3328.0814080238342
2026-02-15T03:23:26,Spotify,6.3,28.2,3253.3891391957823,1653.4780747112864,0.0,49896.05656209171,0.0,1594.94921875,51.068,48.0,1815.0,99.4,39.328125,3,3260.0461905002594,16.2,80.875,148,40881.899888277054,10.9,279.1328125,88,3328.949830055237,5.9,6.2421875,11,40881.91015648842,5.0,304.015625,39,3329.6454005241394
2026-02-15T03:23:27,Spotify,6.3,28.2,893.4610098903478,612.0912944370748,0.0,7875.788299521229,0.0,1594.94921875,51.181,48.0,1815.0,100.1,40.0234375,3,3261.59202003479,11.0,80.8671875,148,40883.45797944069,8.0,67.9609375,37,40853.220492601395,4.0,16.0625,14,40881.111104011536,4.0,266.953125,95,40853.33211565018
2026-02-15T03:23:29,Spotify,6.6,28.2,4532.124556435385,5857.848066140974,0.0,30255.271415296538,0.0,1594.94921875,51.1,48.0,1815.0,98.7,40.0234375,3,3263.1590180397034,15.0,80.83984375,148,40885.01720166206,6.0,67.953125,37,40854.77928137779,5.0,4.14453125,381,1771115007.9626994,5.0,154.66796875,277,40879.90152359009
2026-02-15T03:23:31,Spotify,7.1,28.3,0.0,188.93719972740215,0.0,8197.953072917788,1.0,1594.94921875,51.146,48.0,1815.0,98.1,39.328125,3,3264.68865275383,15.0,80.86328125,148,40886.57658481598,11.2,67.95703125,37,40856.32023382187,3.1,16.0234375,13,40884.217111349106,3.0,266.6796875,95,40856.431502103806
2026-02-15T03:23:32,Spotify,6.2,28.3,42.782094097279696,77.78562563141763,10620.33075287622,35843.616290957245,0.0,1594.94921875,51.133,48.0,1815.0,99.2,40.02734375,3,3266.2322051525116,13.2,80.8515625,148,40888.12117886543,6.1,67.95703125,37,40857.85030031204,3.1,266.6796875,95,40857.96179938316,3.1,302.84765625,39,3335.8230817317963
2026-02-15T03:23:34,Spotify,6.4,28.3,3199.090422522557,622.5577531474087,0.0,8432.528296599821,1.0,1594.94921875,51.196,49.0,1815.0,99.2,40.02734375,3,3267.743685245514,14.4,80.8671875,148,40889.6425216198,5.1,266.6796875,95,40859.485249996185,4.1,18.9296875,9,40874.872811317444,4.1,67.9609375,37,40859.37410187721
2026-02-15T03:23:35,Spotify,6.1,28.2,855.9344677250051,114.51722618644946,0.0,23118.08323837078,4.0,1594.94921875,51.348,49.0,1815.0,96.6,40.02734375,3,3269.297029018402,13.3,80.859375,148,40891.16819167137,6.0,18.9296875,9,40876.4233148098,5.0,67.9609375,37,40860.92169690132,4.1,16.0234375,13,40888.81738567352
2026-02-15T03:23:37,Spotify,7.3,28.3,369.619928978603,0.0,0.0,13517.528831217482,1.0,1594.94921875,51.359,49.0,1815.0,100.3,40.02734375,3,3270.8237709999084,15.1,80.87890625,148,40892.71805071831,9.2,16.0234375,13,40890.35135650635,9.1,67.96875,37,40862.462725162506,8.0,22.8828125,36,40892.71231818199
2026-02-15T03:23:38,Spotify,6.2,28.3,638.69555903956,613.3814057849432,0.0,265198.8584655968,0.0,1594.94921875,51.303,49.0,1815.0,100.2,40.03125,3,3272.3821573257446,13.2,80.85546875,148,40894.25887608528,4.1,266.6796875,95,40864.1145131588,4.1,67.96875,37,40864.00331068039,4.1,301.5546875,39,3341.9876523017883
2026-02-15T03:23:40,Spotify,6.3,28.3,736.7806229760577,0.0,0.0,5977.262518791679,1.0,1594.13671875,51.409,49.0,1815.0,100.0,39.33203125,3,3273.945093870163,15.2,80.8828125,148,40895.80166554451,5.0,16.0625,14,40893.46153283119,5.0,67.96875,37,40865.56765437126,4.0,266.6796875,95,40865.67914223671
2026-02-15T03:23:41,Spotify,6.3,28.3,34.60019865609245,89.70421873801746,0.0,68892.83999079741,0.0,1593.32421875,51.37,49.0,1815.0,98.1,40.03125,3,3275.504891395569,14.0,80.85546875,148,40897.365658044815,6.0,67.96875,37,40867.141057014465,5.0,16.0625,13,40895.01742768288,4.0,22.8828125,36,40897.375277757645
2026-02-15T03:23:43,Spotify,5.6,28.2,41.89020756246213,76.16401374993114,0.0,21447.78627198061,0.0,1593.01171875,51.374,49.0,1815.0,98.0,40.03125,3,3277.0828461647034,13.9,80.875,148,40898.937145233154,5.0,266.6796875,95,40868.82401275635,4.9,16.05859375,14,40896.60370635986,3.0,67.96484375,37,40868.71260714531
2026-02-15T03:23:44,Spotify,6.4,28.2,995.6959493814769,717.6935501639273,0.0,9816.360579267963,1.0,1593.01171875,51.377,50.0,1815.0,98.0,40.02734375,3,3278.645188331604,19.0,302.890625,39,3348.247726917267,12.0,80.87109375,148,40900.50155329704,7.0,67.96484375,37,40870.270894765854,5.0,266.6796875,95,40870.38241314888
2026-02-15T03:23:46,Spotify,7.0,28.2,0.0,0.0,0.0,15099.439520922937,1.0,1593.01171875,51.566,50.0,1815.0,98.8,40.0234375,3,3280.195037126541,14.0,80.88671875,148,40902.060806274414,5.0,67.9765625,37,40871.8240275383,4.0,16.05859375,14,40899.71667599678,4.0,32.92578125,23,35046.570683956146
2026-02-15T03:23:48,Spotify,6.1,28.2,1700.4079021537898,486.1973556516683,0.0,26601.02471449339,0.0,1591.04296875,51.51,50.0,1815.0,97.6,40.0234375,3,3281.7477011680603,12.0,80.875,148,40903.62138104439,7.1,67.859375,37,40873.37211704254,4.0,301.84765625,39,3351.3543922901154,3.0,22.8828125,36,40903.626202344894
2026-02-15T03:23:49,Spotify,6.7,28.2,2634.656926187383,143.53223008922674,0.0,33102.92874129914,1.0,1591.04296875,51.426,50.0,1815.0,97.8,40.0234375,3,3283.297798871994,15.2,80.83203125,148,40905.16703629494,10.1,67.859375,37,40874.92407083511,6.0,300.76171875,39,3352.916890859604,5.0,267.00390625,95,40875.0351998806
2026-02-15T03:23:51,Spotify,6.7,28.2,1265.6448010495765,0.0,0.0,72073.9284075957,0.0,1591.04296875,51.46,50.0,1815.0,98.6,40.02734375,3,3284.8507421016693,12.0,80.87890625,148,40906.73089504242,9.1,67.859375,37,40876.47543287277,7.0,16.0234375,13,40904.367369413376,4.0,266.9609375,95,40876.586584568024
2026-02-15T03:23:52,Spotify,6.1,28.2,0.0,35.07832268274366,0.0,8314.861672946645,1.0,1591.04296875,51.545,50.0,1815.0,98.9,40.0234375,3,3286.398384332657,14.2,80.84765625,148,40908.26852154732,5.9,301.9140625,39,3356.0335850715637,5.0,16.0234375,13,40905.92007255554,5.0,67.859375,37,40878.043825387955
2026-02-15T03:23:54,Spotify,6.7,28.2,6028.044531663406,5255.039452334804,0.0,92532.32253948288,0.0,1591.04296875,51.521,51.0,1815.0,99.4,39.328125,3,3288.0012681484222,14.8,80.87109375,148,40909.852107048035,7.9,336.13671875,71,3724.9164900779724,3.9,6.296875,4,40897.74757528305,3.9,266.9453125,95,40879.74401974678
2026-02-15T03:23:55,Spotify,6.5,28.3,3218.4655111054844,586.2726794455027,10406.816446408577,245535.82553245235,1.0,1591.04296875,51.541,51.0,1815.0,99.5,40.02734375,3,3289.5401384830475,11.9,80.859375,148,40911.4237947464,8.0,16.0625,14,40909.070434093475,4.1,67.86328125,37,40881.17278647423,3.0,17.02734375,6,40907.438615083694
2026-02-15T03:23:57,Spotify,6.3,28.2,81.89604510213483,0.0,0.0,80200.92696224303,0.0,1591.04296875,51.556,51.0,1815.0,99.3,39.328125,3,3291.0822858810425,11.2,80.86328125,148,40912.9602599144,7.1,266.96484375,95,40882.83305835724,5.0,67.86328125,37,40882.721779346466,4.0,301.6640625,39,3360.699901342392
2026-02-15T03:23:59,Spotify,6.6,28.2,3602.918322485465,3735.477917847495,0.0,7577.775703802256,1.0,1591.04296875,51.633,51.0,1815.0,96.4,40.03125,3,3292.6536378860474,14.1,80.8515625,148,40914.51400709152,5.0,278.83203125,88,3361.5458121299744,5.0,67.8671875,37,40884.28512048721,3.0,6.2265625,11,40914.50553202629
2026-02-15T03:24:00,Spotify,5.9,28.2,42.39750268560543,111.77523435295977,0.0,21378.619536014376,0.0,1591.04296875,51.556,51.0,1815.0,98.0,40.03125,3,3294.1993112564087,13.1,80.88671875,148,40916.06875395775,7.1,67.875,37,40885.829610824585,5.0,16.0234375,13,40913.724286317825,4.0,301.65234375,39,3363.8135118484497
2026-02-15T03:24:02,Spotify,6.8,28.3,49.46407131519087,42.397775413020746,0.0,22694.372875624194,0.0,1591.04296875,51.497,51.0,1815.0,99.9,40.03125,3,3295.748062133789,16.0,80.85546875,148,40917.634008169174,7.1,67.890625,37,40887.37464261055,4.1,140.5,99,3365.639988422394,4.1,300.9140625,39,3365.3488953113556
2026-02-15T03:24:03,Spotify,6.4,28.3,673.6037748684838,499.0140150379677,0.0,13341.784631824514,0.0,1591.04296875,51.661,51.0,1815.0,99.8,40.03125,3,3297.2817862033844,11.2,80.86328125,148,40919.16315841675,4.1,16.05859375,14,40916.809476614,4.1,67.88671875,37,40888.89945077896,2.1,22.8828125,36,40919.16214179993
2026-02-15T03:24:05,Spotify,5.8,28.3,285.6375670528396,1212.6493959055185,0.0,14423.386872099349,0.0,1591.04296875,51.648,51.0,1815.0,100.2,40.03125,3,3298.8096811771393,14.3,80.8671875,148,40920.68786120415,7.1,67.890625,37,40890.4425842762,4.1,16.0234375,13,40918.32901120186,4.1,300.58984375,39,3368.4154727458954
2026-02-15T03:24:06,Spotify,5.8,28.3,0.0,0.0,0.0,79104.28761396077,0.0,1591.04296875,51.526,52.0,1815.0,98.7,40.015625,2,3300.3760979175568,11.1,80.875,148,40922.23051738739,5.1,4.14453125,381,1771115045.1767063,4.0,266.95703125,95,40892.11604475975,4.0,67.90234375,37,40892.00483703613
2026-02-15T03:24:08,Spotify,6.0,28.2,941.517083207016,610.850225565946,0.0,7108.075352040099,0.0,1591.04296875,51.638,52.0,1815.0,99.4,40.015625,2,3301.932157754898,12.8,80.87109375,148,40923.811331272125,5.0,16.0234375,13,40921.45571064949,3.0,67.8984375,37,40893.561641693115,3.0,140.234375,99,3371.8372390270233
2026-02-15T03:24:09,Spotify,6.6,28.2,353.0406526524798,248.9389217421332,0.0,15890.708936973158,0.0,1591.04296875,51.69,52.0,1815.0,99.7,40.015625,2,3303.483165502548,19.0,301.1171875,39,3373.110869884491,15.1,80.828125,148,40925.35986971855,13.0,67.90625,37,40895.12612986565,5.0,16.0234375,13,40923.004544734955
2026-02-15T03:24:11,Spotify,8.2,28.2,0.0,54.98766036600294,0.0,113269.46522276923,0.0,1591.04296875,51.532,52.0,1815.0,100.6,40.015625,2,3305.0513141155243,16.0,80.87109375,148,40926.92462682724,10.0,16.05859375,14,40924.57598614693,7.1,67.91796875,37,40896.666092157364,3.0,140.515625,99,3374.941293001175
2026-02-15T03:24:12,Spotify,6.4,28.2,0.0,0.0,0.0,7649.66089159399,0.0,1591.04296875,51.713,52.0,1815.0,99.5,40.02734375,3,3306.606442928314,12.2,80.86328125,148,40928.468215703964,6.0,16.0234375,13,40926.124537706375,5.0,67.91796875,37,40898.22978591919,5.0,140.48828125,99,3376.505087375641
2026-02-15T03:24:14,Spotify,7.1,28.2,1127.333421505253,1102.4376098185571,0.0,93475.47427964734,0.0,1591.04296875,53.497,52.0,1815.0,97.6,40.02734375,3,3308.17560338974,17.0,80.88671875,148,40930.03054571152,6.9,67.91796875,37,40899.806856393814,4.0,16.0234375,13,40927.68941092491,3.0,22.8828125,36,40930.036353349686
2026-02-15T03:24:16,Spotify,5.8,28.2,41.777417857840845,63.93210914608978,0.0,5185.463743809579,0.0,1591.04296875,52.008,52.0,1815.0,97.8,40.02734375,3,3309.7733993530273,11.9,80.85546875,148,40931.61121606827,10.7,67.890625,37,40901.406954050064,6.8,16.0234375,13,40929.287492990494,4.9,32.80859375,23,35076.151462078094
2026-02-15T03:24:17,Spotify,7.2,28.2,163.60578263286607,437.73913597572175,0.0,48277.44376684023,0.0,1591.04296875,52.085,52.0,1815.0,99.2,40.02734375,3,3311.3489701747894,12.7,80.88671875,148,40933.21115851402,7.0,266.95703125,95,40903.08095908165,5.0,67.890625,37,40902.9700820446,4.0,300.9140625,39,3380.9611139297485
2026-02-15T03:24:19,Spotify,6.7,28.2,1248.5714676989178,1419.9941896985642,0.0,43229.22852098548,0.0,1591.04296875,51.993,52.0,1815.0,98.3,40.02734375,3,3312.907769680023,15.0,80.8671875,148,40934.77769470215,8.0,67.890625,37,40904.527134895325,5.0,16.05859375,14,40932.42530465126,2.0,266.6875,95,40904.63876128197
2026-02-15T03:24:20,Spotify,6.0,28.2,0.0,156.02915943950183,0.0,7955.544859720325,0.0,1591.04296875,52.029,51.0,1815.0,100.7,40.02734375,3,3314.443272590637,12.2,80.88671875,148,40936.31724572182,6.1,67.88671875,37,40906.07145237923,4.1,16.0234375,13,40933.96046090126,4.1,140.48828125,99,3384.3401877880096
2026-02-15T03:24:22,Spotify,7.0,28.2,0.0,191.14834562679997,0.0,28199.24068365537,0.0,1591.04296875,51.983,51.0,1815.0,97.1,40.02734375,3,3315.9880652427673,14.1,80.86328125,148,40937.86434197426,5.0,67.890625,37,40907.62646269798,4.0,4.14453125,381,1771115060.81099,3.0,22.8828125,36,40937.868352890015
2026-02-15T03:24:23,Spotify,6.6,28.2,563.2318241216113,682.5497276371236,0.0,8211.12454300299,0.0,1591.04296875,51.984,50.0,1815.0,95.2,40.02734375,3,3317.580367088318,14.0,80.828125,148,40939.42291140556,6.9,67.88671875,37,40909.22058224678,5.9,16.0234375,13,40937.09753370285,2.0,4.14453125,381,1771115062.369381
2026-02-15T03:24:25,Spotify,5.9,28.2,0.0,34.01711005286571,0.0,10643.575767652204,1.0,1591.04296875,51.955,50.0,1815.0,100.8,39.328125,3,3319.1459431648254,13.8,80.859375,148,40941.01003026962,8.0,67.890625,37,40910.78188204765,6.0,299.94140625,39,3388.753613948822,3.0,16.0234375,13,40938.673308610916
2026-02-15T03:24:27,Spotify,6.4,28.2,84.70258727386941,266.9414871661339,0.0,71293.911033909,0.0,1591.04296875,51.949,50.0,1815.0,98.2,39.328125,3,3320.704744577408,15.1,80.8359375,148,40942.56634140015,5.1,67.890625,37,40912.327803850174,4.0,300.41796875,39,3390.3072538375854,2.0,24.78515625,6,3315.612161874771
2026-02-15T03:24:28,Spotify,6.2,28.2,1030.4583411339295,624.3251660836424,0.0,50090.18734566329,1.0,1591.04296875,51.986,50.0,1815.0,99.7,40.02734375,3,3322.2409925460815,14.0,80.86328125,148,40944.12441968918,11.2,67.875,37,40913.85770583153,4.1,266.6875,95,40913.96900510788,4.1,300.42578125,39,3391.8370649814606
2026-02-15T03:24:30,Spotify,5.7,28.2,737.5723669554229,275.93576139644364,0.0,7365.26165016479,4.0,1591.04296875,51.864,49.0,1815.0,98.4,39.328125,3,3323.7813136577606,14.3,80.85546875,148,40945.657594919205,6.0,67.88671875,37,40915.41778111458,5.0,300.01171875,39,3393.39790892601,4.1,22.20703125,36,40945.66306877136
2026-02-15T03:24:31,Spotify,6.4,28.2,514.4323443468554,346.5851784453908,0.0,39360.801041931256,0.0,1591.04296875,51.684,49.0,1815.0,100.5,40.02734375,3,3325.3203225135803,11.1,80.86328125,148,40947.21047925949,4.1,266.94921875,95,40917.05168509483,4.1,300.51953125,39,3394.9235401153564,3.1,67.88671875,37,40916.9405503273
2026-02-15T03:24:33,Spotify,6.7,28.2,634.524208694016,669.9212203360375,0.0,51684.88099907621,0.0,1591.04296875,51.737,49.0,1815.0,99.6,40.02734375,3,3326.858435153961,14.3,80.83984375,148,40948.73858308792,8.1,67.8984375,37,40918.48330569267,4.1,300.56640625,39,3396.4565663337708,3.1,16.05859375,14,40946.37549352646
2026-02-15T03:24:34,Spotify,5.9,28.2,112.18263702955448,149.35944116144174,0.0,14359.377539782974,1.0,1591.04296875,51.658,49.0,1815.0,100.3,40.02734375,3,3328.399603366852,14.3,80.875,148,40950.27214336395,12.8,301.65625,39,3398.0426936149597,7.1,67.91015625,37,40920.028795957565,4.0,16.0625,14,40947.92014360428
2026-02-15T03:24:36,Spotify,7.4,28.2,548.4977117898364,915.4237672630373,0.0,10974.997892916634,0.0,1591.04296875,51.753,49.0,1815.0,99.2,40.02734375,3,3329.9753000736237,11.8,80.86328125,148,40951.85722780228,9.9,67.9140625,37,40921.60554623604,5.0,16.0234375,13,40949.49703359604,3.9,278.375,86,3398.8780360221863
2026-02-15T03:24:37,Spotify,7.5,28.2,1191.8577142353975,1704.2329890949138,0.0,17311.52197697939,1.0,1591.04296875,51.681,48.0,1815.0,99.6,40.02734375,3,3331.527817249298,14.2,80.8671875,148,40953.3944337368,10.1,67.91796875,37,40923.15166902542,6.1,266.953125,95,40923.26297426224,6.1,301.01171875,39,3401.1284289360046
2026-02-15T03:24:39,Spotify,6.6,28.2,2009.4133254585279,2099.223117175163,0.0,91303.60638173489,0.0,1591.04296875,51.559,48.0,1815.0,98.5,40.02734375,3,3333.0663685798645,16.1,80.859375,148,40954.94405460358,8.1,67.91796875,37,40924.68769598007,7.1,16.0625,14,40952.58651351929,2.0,22.8671875,36,40954.94005894661
2026-02-15T03:24:40,Spotify,6.1,28.2,341.38067874605525,246.26316138551314,0.0,5670.567610316155,1.0,1591.04296875,51.609,48.0,1815.0,97.7,40.02734375,3,3334.617388486862,13.2,80.86328125,148,40956.477642297745,6.0,67.9296875,37,40926.25993537903,5.0,16.0625,14,40954.13672208786,3.9,140.4921875,99,3404.5366032123566
2026-02-15T03:24:42,Spotify,6.6,28.2,49.295932866485465,108.70385196199359,0.0,53714.870848568375,0.0,1591.04296875,51.561,48.0,1815.0,97.8,40.02734375,3,3336.1823275089264,12.8,80.87109375,148,40958.05794286728,9.1,67.9375,37,40927.80451011658,4.0,16.0234375,13,40955.70293879509,3.0,300.703125,39,3405.784658908844
2026-02-15T03:24:44,Spotify,6.4,28.2,1754.4420993684896,457.28516769915467,0.0,56537.07527916821,0.0,1591.04296875,51.404,47.0,1815.0,98.8,40.02734375,3,3337.7168164253235,14.2,80.82421875,148,40959.598356723785,7.1,67.9296875,37,40929.34417295456,4.1,16.0234375,13,40957.24520993233,3.0,300.70703125,39,3407.322416782379
2026-02-15T03:24:45,Spotify,6.2,28.2,2486.9550437040416,1580.774458854518,0.0,4329.890863430317,0.0,1591.04296875,51.492,47.0,1815.0,100.2,39.328125,3,3339.261538743973,12.2,80.875,148,40961.13504767418,6.0,67.93359375,37,40930.894436597824,5.0,300.71875,39,3408.8717675209045,4.1,16.0234375,13,40958.78548121452
2026-02-15T03:24:47,Spotify,6.2,28.2,12370.478772496077,3466.8570021187893,0.0,67393.68698256156,4.0,1591.04296875,51.431,47.0,1815.0,98.3,40.03125,3,3340.8195259571075,19.1,80.84765625,148,40962.69214940071,7.1,67.93359375,37,40932.44467806816,4.0,22.8671875,36,40962.69798564911,4.0,16.0625,13,40960.34881353378
2026-02-15T03:24:48,Spotify,6.5,28.2,621.0324968998747,621.0324968998747,0.0,14453.119927851629,0.0,1591.04296875,51.207,47.0,1815.0,97.3,40.02734375,3,3342.360786676407,13.0,80.87109375,148,40964.247034072876,7.1,16.0234375,13,40961.88714194298,6.1,67.921875,37,40933.98497414589,3.0,4.14453125,381,1771115087.1931055
2026-02-15T03:24:50,Spotify,6.3,28.2,45307.9072447069,5838.821580262085,0.0,8960.465089425295,0.0,1591.04296875,51.048,47.0,1815.0,100.8,39.33203125,3,3343.9269075393677,13.2,80.86328125,148,40965.79035425186,8.0,67.921875,37,40935.54596066475,5.0,266.94921875,95,40935.65736293793,4.0,300.5390625,39,3413.5195648670197
2026-02-15T03:24:51,Spotify,7.2,28.2,269.46548880023926,120.1932396087398,0.0,14557.59839734242,3.0,1591.04296875,50.978,47.0,1815.0,98.8,40.02734375,3,3345.477051973343,14.1,80.87890625,148,40967.33671236038,7.0,67.921875,37,40937.103989601135,3.0,300.703125,39,3415.0921924114227,2.0,4.14453125,381,1771115090.282965
2026-02-15T03:24:53,Spotify,5.7,28.2,1032.5236627177328,1099.3639738061188,0.0,10755.560915708269,0.0,1591.04296875,51.114,48.0,1815.0,98.7,40.02734375,3,3347.0283217430115,13.9,80.8515625,148,40968.90434527397,8.1,68.3125,37,40938.6495821476,4.1,300.7265625,39,3416.6325285434723,2.0,22.8671875,36,40968.9032561779
2026-02-15T03:24:54,Spotify,6.7,28.2,566.7161665658845,377.81077771058966,0.0,18280.32903836805,0.0,1591.04296875,51.342,48.0,1815.0,100.5,40.02734375,3,3348.567686319351,17.2,80.890625,148,40970.44520235062,7.1,68.31640625,37,40940.19337892532,6.1,266.95703125,95,40940.30460524559,4.0,16.0625,14,40968.089747428894
2026-02-15T03:24:56,Spotify,6.2,28.2,32.22165168783431,0.0,84467.12660055638,17487.334804021437,0.0,1591.04296875,51.155,48.0,1815.0,98.5,40.02734375,3,3350.122604370117,14.1,80.8671875,148,40972.0011909008,4.0,67.953125,37,40941.74744606018,3.0,16.0234375,13,40969.642312288284,3.0,266.95703125,95,40941.8582713604
2026-02-15T03:24:58,Spotify,6.1,28.2,455.160779830797,625.8460722673459,0.0,65212.12627393965,0.0,1591.04296875,51.279,48.0,1815.0,99.8,40.02734375,3,3351.672903776169,10.1,80.8828125,148,40973.54314804077,6.1,140.49609375,99,3421.5711052417755,6.0,67.9609375,37,40943.29730844498,4.0,266.94921875,95,40943.40882778168
2026-02-15T03:24:59,Spotify,6.6,28.2,376.25463236580515,320.10685703848947,0.0,9912.98654054677,0.0,1591.04296875,51.218,48.0,1815.0,97.9,40.02734375,3,3353.221175670624,12.1,80.84765625,148,40975.0931892395,8.0,16.0234375,13,40972.741047382355,6.1,67.96875,37,40944.82867050171,3.1,300.484375,39,3422.8110501766205
2026-02-15T03:25:01,Spotify,6.7,28.2,138.54180057570434,686.1740122853281,0.0,71267.99341313214,0.0,1591.04296875,51.194,48.0,1815.0,99.8,40.02734375,3,3354.724487543106,24.6,301.984375,39,3424.3336062431335,15.3,80.87890625,148,40976.62341713905,10.2,67.98046875,37,40946.35467886925,4.1,277.96875,85,3423.6429302692413
2026-02-15T03:25:02,Spotify,9.0,28.2,152.9661884142539,330.87965219220587,0.0,48066.83455338203,0.0,1591.04296875,51.338,49.0,1815.0,99.5,40.02734375,3,3356.263657093048,15.4,80.8671875,148,40978.14684176445,12.2,67.98046875,37,40947.88864350319,5.1,277.84765625,85,3425.1658370494843,4.1,140.515625,99,3426.1605331897736
2026-02-15T03:25:04,Spotify,6.6,28.2,458.32614404974925,787.0970286308903,0.0,7333.218304795988,3.0,1591.04296875,51.276,49.0,1815.0,98.9,40.02734375,3,3357.781088590622,15.3,80.8828125,148,40979.68283033371,7.2,67.98046875,37,40949.40332245827,4.1,16.05859375,14,40977.30939126015,4.1,6.296875,4,40967.530084609985
2026-02-15T03:25:05,Spotify,6.5,28.2,114.06884131357945,275.88743015377355,0.0,25126.978254005222,0.0,1591.04296875,51.127,49.0,1815.0,99.7,40.02734375,3,3359.300954580307,11.4,80.87109375,148,40981.18893909454,5.1,67.98046875,37,40950.92177414894,4.1,16.0234375,14,40978.82192993164,3.1,140.49609375,99,3429.20228433609
2026-02-15T03:25:07,Spotify,6.0,28.2,0.0,0.0,0.0,55750.89242463295,0.0,1591.04296875,51.328,49.0,1815.0,99.2,40.02734375,3,3360.860358953476,16.3,80.89453125,148,40982.72547674179,8.0,67.98046875,37,40952.475949048996,4.0,16.05859375,14,40980.379863739014,3.0,6.296875,4,40970.60712814331
2026-02-15T03:25:08,Spotify,6.5,28.2,1560.4108457523894,1328.4228545649494,10617.014658142503,53085.07329071251,0.0,1591.04296875,51.12,49.0,1815.0,99.8,40.02734375,3,3362.3941853046417,12.2,80.87109375,148,40984.267533540726,4.1,16.0625,14,40981.918150663376,4.1,96.82421875,33,40977.29372215271,4.1,67.98046875,37,40954.0121614933
2026-02-15T03:25:10,Spotify,6.1,28.2,32.26433855130543,190.35959745270202,0.0,10572.378456491762,0.0,1591.04296875,51.182,49.0,1815.0,100.5,40.03125,3,3363.933974981308,14.1,80.87890625,148,40985.816135406494,11.2,67.98046875,37,40955.54215693474,5.1,140.49609375,99,3433.813501596451,4.1,300.85546875,39,3433.5225129127502
2026-02-15T03:25:11,Spotify,9.1,28.2,79.04487145460102,127.78920885160498,0.0,5396.129891300763,0.0,1591.04296875,51.408,50.0,1815.0,99.9,40.03125,3,3365.4509632587433,15.4,80.87109375,148,40987.33658885956,5.1,67.9765625,37,40957.082651376724,3.1,155.2890625,277,40982.194306373596,3.0,266.68359375,95,40957.19321799278
2026-02-15T03:25:13,Spotify,6.6,28.2,1132.9925000635274,1080.0247777116408,0.0,15874.813957560576,0.0,1591.04296875,51.273,50.0,1815.0,97.6,40.02734375,3,3367.035910844803,13.1,80.83203125,148,40988.88512849808,5.0,16.0234375,13,40986.54864740372,4.0,67.98828125,37,40958.65145421028,3.0,4.14453125,381,1771115111.8324451
2026-02-15T03:25:14,Spotify,5.5,28.2,211.23919477246756,275.89119074828335,0.0,12781.8916400504,0.0,1591.04296875,51.38,50.0,1815.0,99.0,40.02734375,3,3368.5665225982666,14.0,80.87109375,148,40990.445528268814,4.0,67.9921875,37,40960.19797182083,4.0,140.515625,99,3438.46875667572,3.0,300.85546875,39,3438.1777346134186
2026-02-15T03:25:16,Spotify,6.2,28.2,2897.2808287705407,2624.123431598698,0.0,72911.01710292978,0.0,1591.04296875,51.347,50.0,1815.0,99.0,40.02734375,3,3370.1135053634644,13.2,80.8359375,148,40991.988594293594,4.1,67.94140625,37,40961.738911151886,3.0,4.14453125,381,1771115114.9378316,3.0,280.73046875,85,3439.0057141780853
2026-02-15T03:25:18,Spotify,6.9,28.2,355.135677770818,456.2326955303939,0.0,133385.84989324972,1.0,1591.04296875,51.437,50.0,1815.0,100.4,40.02734375,3,3371.654021024704,11.1,80.8515625,148,40993.53558444977,8.1,67.94140625,37,40963.27685904503,6.1,266.94921875,95,40963.38833427429,5.1,300.69140625,39,3441.255695104599
2026-02-15T03:25:19,Spotify,6.6,28.2,1170.2788055496262,658.1189273970615,0.0,9341.379151647796,0.0,1591.04296875,51.37,50.0,1815.0,97.6,39.33203125,3,3373.1914982795715,15.3,80.83203125,148,40995.069046497345,6.0,67.94140625,37,40964.82817387581,5.1,16.05859375,14,40992.71611428261,5.0,302.44140625,39,3442.8075098991394
2026-02-15T03:25:21,Spotify,6.4,28.2,5739.828523552554,5851.275250216369,0.0,7586.107821925351,1.0,1621.48046875,51.759,50.0,1815.0,98.6,40.02734375,3,3375.0938005447388,60.5,330.9375,39,3444.8478281497955,16.9,210.75390625,99,3445.138457775116,14.0,80.8828125,148,40996.624572992325,7.8,67.9453125,37,40966.832037210464
2026-02-15T03:25:23,Spotify,11.6,28.5,2498894.549621258,39602.38546230728,91816.62109411186,410164.4139040243,1.0,1627.16796875,51.87,51.0,1815.0,98.8,39.33203125,3,3376.994657754898,25.6,211.515625,99,3447.0288569927216,21.5,336.5234375,39,3446.738450527191,21.4,80.890625,148,40998.66859316826,16.5,279.21875,91,3445.740781545639
2026-02-15T03:25:25,Spotify,9.4,28.5,2097033.3341182042,5584.432254665149,113394.89661417936,4651085.186661782,0.0,1626.91796875,51.796,51.0,1815.0,99.0,40.02734375,3,3378.9009454250336,32.1,335.78515625,39,3448.682804584503,20.6,80.875,148,41000.56638622284,16.9,211.77734375,99,3448.9731047153473,8.9,67.953125,37,40970.65982508659
2026-02-15T03:25:27,Spotify,9.1,28.5,1591694.4405486619,6801.706383783321,0.0,591428.0423020339,0.0,1624.85546875,51.897,51.0,1815.0,98.7,40.02734375,3,3380.8013982772827,20.4,210.02734375,99,3450.8133330345154,20.1,80.8828125,148,41002.50644350052,18.7,334.6484375,39,3450.5231404304504,9.7,281.0546875,91,3449.5718297958374
2026-02-15T03:25:29,Spotify,8.8,28.5,1633.1780284436636,8703.033914555981,44537.26501002161,1847183.0662906463,0.0,1621.85546875,51.876,51.0,1815.0,98.0,39.33203125,3,3382.6675350666046,23.8,80.8515625,148,41004.34700131416,20.9,334.65625,39,3452.3878257274628,19.2,208.75390625,99,3452.6781380176544,7.5,67.9765625,37,40974.3742454052
2026-02-15T03:25:31,Spotify,9.0,28.5,0.0,0.0,0.0,3293.5257731537135,1.0,1625.98046875,52.052,51.0,1815.0,96.4,40.02734375,3,3384.547316789627,20.9,80.86328125,148,41006.21426606178,20.8,332.16796875,39,3454.2633123397827,18.3,205.6875,99,3454.554348230362,5.8,67.9921875,37,40976.255462646484
2026-02-15T03:25:32,Spotify,8.4,28.5,41.54786652287194,62.32179978430792,0.0,31090.58811803833,0.0,1625.98046875,52.047,52.0,1815.0,95.4,40.02734375,3,3386.3322393894196,26.0,333.34765625,39,3456.0634343624115,21.6,80.8359375,148,41008.08987021446,13.0,204.47265625,99,3456.3539910316467,6.1,67.9765625,37,40978.048156261444
2026-02-15T03:25:34,Spotify,8.9,28.5,1085.9409643519336,930.1707440555497,0.0,279140.23477111995,0.0,1621.98046875,52.002,52.0,1815.0,99.1,40.02734375,3,3388.2079641819,20.8,80.88671875,148,41009.890206575394,18.5,332.93359375,39,3457.9258115291595,18.4,175.3203125,99,3458.216611623764,7.0,4.1484375,381,1771115132.8286445
2026-02-15T03:25:36,Spotify,8.3,28.4,709.3316803055541,1136.756371844707,0.0,7972.866608006712,1.0,1621.85546875,52.053,52.0,1815.0,100.3,40.02734375,3,3390.0456309318542,21.8,80.88671875,148,41011.750737428665,17.0,175.19140625,99,3460.0576491355896,14.4,332.9375,39,3459.7669587135315,5.1,16.0234375,13,41009.52560400963
2026-02-15T03:25:38,Spotify,8.1,28.4,0.0,0.0,0.0,55330.92000482682,0.0,1621.85546875,51.878,52.0,1815.0,98.8,40.02734375,3,3391.8962500095367,22.5,321.39453125,39,3461.643414258957,21.7,175.3125,99,3461.9337241649628,21.2,80.875,148,41013.59119081497,7.6,68.01171875,37,40983.60818696022
2026-02-15T03:25:40,Spotify,8.4,28.4,2151.5444507187144,920.4154734682239,0.0,91958.40616913795,0.0,1621.85546875,52.084,52.0,1815.0,96.9,40.03125,3,3393.8144602775574,20.6,321.98046875,39,3463.534980535507,20.0,80.8515625,148,41015.46712970734,18.2,174.11328125,99,3463.825412750244,9.8,68.01171875,37,40985.514086961746
2026-02-15T03:25:42,Spotify,8.4,28.4,3921.564698894679,0.0,0.0,5412.700163995351,0.0,1625.98046875,53.03,52.0,1815.0,99.6,40.03125,3,3395.6973927021027,27.9,322.48828125,39,3465.381529569626,20.6,80.86328125,148,41017.35943412781,16.9,174.2890625,99,3465.671916246414,8.4,266.953125,95,40987.48996043205
2026-02-15T03:25:43,Spotify,9.0,28.4,2130.2062236057336,1249.3020222875946,0.0,12204.803104117489,0.0,1625.98046875,52.301,52.0,1815.0,100.2,40.03125,3,3397.4440417289734,21.2,80.83984375,148,41019.201098918915,18.1,322.71875,39,3467.10462474823,10.8,67.98828125,37,40989.108874082565,9.1,174.40625,99,3467.3955211639404
2026-02-15T03:25:45,Spotify,7.7,28.4,83.5805582344206,510.1896575559424,0.0,64784.219360368676,0.0,1621.98046875,52.286,52.0,1815.0,98.5,40.03125,3,3399.1258733272552,20.8,80.890625,148,41020.924564123154,11.1,322.71875,39,3468.8004281520844,9.2,174.234375,99,3469.0910460948944,8.3,67.98828125,37,40990.79982089996
2026-02-15T03:25:47,Spotify,7.4,28.4,410.3518949516452,142.0902394875668,0.0,60977.34825212494,0.0,1621.98046875,52.285,51.0,1815.0,96.1,40.03125,3,3400.867936372757,16.6,80.8671875,148,41022.61935019493,14.4,321.546875,39,3470.540351867676,7.2,174.34375,99,3470.8307480812073,6.3,67.98828125,37,40992.54257559776
2026-02-15T03:25:48,Spotify,7.2,28.4,667.1546228420787,801.6198956629627,0.0,3824.7899824607025,0.0,1621.98046875,52.293,51.0,1815.0,97.1,39.33203125,3,3402.5717952251434,19.8,80.859375,148,41024.3598716259,12.9,321.62109375,39,3472.2373933792114,8.3,67.97265625,37,40994.23479127884,5.5,16.0234375,13,41022.07154798508
2026-02-15T03:25:50,Spotify,7.1,28.4,0.0,63.65517022355939,0.0,51603.12466123214,0.0,1621.98046875,52.095,51.0,1815.0,97.1,40.03125,3,3404.2770013809204,18.4,80.87890625,148,41026.055005550385,15.6,321.53515625,39,3473.938289165497,9.2,163.15234375,99,3474.2293486595154,5.5,16.0625,14,41023.77706503868
2026-02-15T03:25:52,Spotify,7.8,28.4,0.0,0.0,0.0,57747.87192681628,0.0,1621.98046875,52.087,50.0,1815.0,100.3,40.03125,3,3405.9755277633667,21.1,80.875,148,41027.75729060173,11.0,321.234375,39,3475.6362850666046,4.6,278.51171875,88,3474.8012182712555,4.6,16.0234375,13,41025.46810865402
2026-02-15T03:25:54,Spotify,7.2,28.4,580.1301718506936,557.137207722465,0.0,9357.54683700631,0.0,1621.98046875,52.12,50.0,1815.0,99.1,40.03515625,3,3407.710286140442,20.5,321.1953125,39,3477.3920657634735,18.4,80.84375,148,41029.45504927635,9.0,67.97265625,37,40999.38315820694,8.0,163.07421875,99,3477.682742357254
2026-02-15T03:25:55,Spotify,8.1,28.4,762.6620343437207,1923.4575727996603,0.0,105275.8395308578,0.0,1621.98046875,51.963,50.0,1815.0,98.5,40.03515625,3,3409.42342376709,17.8,80.84375,148,41031.20773625374,13.8,321.84765625,39,3479.0964233875275,8.2,67.98046875,37,41001.09086441994,4.6,166.26953125,99,3479.386969804764
2026-02-15T03:25:57,Spotify,6.7,28.4,3874.550081824156,3818.2356521716024,0.0,43249.481973161455,0.0,1621.98046875,51.861,49.0,1815.0,100.0,40.03515625,3,3411.14332652092,17.4,80.87109375,148,41032.91585254669,17.4,323.6171875,39,3480.806360721588,9.1,67.9921875,37,41002.81175279617,8.2,267.00390625,95,41002.922704696655
2026-02-15T03:25:59,Spotify,8.4,28.4,631.5031239539944,590.5723659199392,0.0,23950.34070107001,0.0,1621.98046875,51.901,49.0,1815.0,100.1,40.03515625,3,3412.828872680664,18.3,80.8671875,148,41034.62436032295,14.8,322.203125,39,3482.4967975616455,4.6,4.26953125,24,40993.81714749336,3.7,6.17578125,10,41034.63026404381
2026-02-15T03:26:00,Spotify,7.0,28.4,0.0,0.0,0.0,9694.919050054352,1.0,1621.98046875,52.055,49.0,1815.0,99.7,40.03515625,3,3414.521538734436,21.3,80.85546875,148,41036.31436133385,11.3,322.23046875,39,3484.1634273529053,8.4,167.05859375,99,3484.4543426036835,6.5,67.99609375,37,41006.17606019974
2026-02-15T03:26:02,Spotify,7.0,28.4,29.999625210675944,0.0,0.0,72191.09810697059,0.0,1621.98046875,51.858,49.0,1815.0,98.7,40.03515625,3,3416.216002225876,19.6,80.8671875,148,41037.98490476608,12.8,321.66015625,39,3485.8775839805603,8.3,16.0625,14,41035.72067666054,7.3,167.15625,99,3486.168267250061
2026-02-15T03:26:04,Spotify,7.1,28.4,571.4052456897001,511.9324548117925,0.0,12836.793764392283,1.0,1621.98046875,51.935,48.0,1815.0,98.5,40.0390625,3,3417.9454061985016,18.2,80.8515625,148,41039.698469400406,13.5,321.70703125,39,3487.6182458400726,9.1,68.00390625,37,41009.61137795448,9.0,166.8984375,99,3487.909214735031
2026-02-15T03:26:06,Spotify,7.9,28.4,461.6317640761988,382.2977871863913,0.0,115087.15580814744,0.0,1621.98046875,51.977,48.0,1815.0,99.1,40.0390625,3,3419.6637275218964,34.9,321.14453125,39,3489.3213896751404,19.8,80.859375,148,41041.43695187569,7.3,68.0078125,37,41011.32746386528,4.6,16.0234375,13,41039.144164800644
2026-02-15T03:26:07,Spotify,8.2,28.4,1532.4223610831339,664.0496898026913,0.0,74251.44117701818,0.0,1621.98046875,51.745,48.0,1815.0,99.0,40.0390625,3,3421.352730035782,19.3,80.875,148,41043.139578580856,13.0,321.734375,39,3491.0037817955017,5.6,68.015625,37,41013.01081490517,3.7,266.96875,95,41013.121822595596
2026-02-15T03:26:09,Spotify,6.8,28.4,969.3442881120209,110.54447430339417,0.0,85811.03966570571,0.0,1621.98046875,51.777,48.0,1815.0,99.1,40.0390625,3,3423.0403275489807,18.6,80.85546875,148,41044.820964574814,14.5,321.76953125,39,3492.7283823490143,6.3,167.06640625,99,3493.0190694332123,4.6,68.03515625,37,41014.723301410675
2026-02-15T03:26:11,Spotify,7.3,28.4,1541.2341270011334,31.891601574515555,0.0,7718.927275635474,1.0,1621.98046875,51.805,47.0,1815.0,98.5,40.0390625,3,3424.75319314003,20.8,80.8828125,148,41046.54638171196,13.8,321.265625,39,3494.422595977783,6.4,68.05078125,37,41016.42027544975,5.5,167.22265625,99,3494.7135334014893
2026-02-15T03:26:12,Spotify,6.9,28.4,1340.0701937703873,448.06752293908545,0.0,16019.447038834021,4.0,1621.98046875,51.648,47.0,1815.0,98.5,40.0390625,3,3426.465390920639,18.4,80.8828125,148,41048.24296140671,14.7,321.37890625,39,3496.1230342388153,5.5,68.04296875,37,41018.12709450722,4.6,166.94921875,99,3496.4139618873596
2026-02-15T03:26:14,Spotify,7.4,28.4,545.6808349981425,0.0,0.0,2709.587594473535,0.0,1621.98046875,51.448,47.0,1815.0,99.0,40.0390625,3,3428.1554017066956,21.2,80.8671875,148,41049.93967843056,13.8,321.30859375,39,3497.8163633346558,10.2,167.0859375,99,3498.10653591156,4.6,68.05078125,37,41019.82028508186
2026-02-15T03:26:16,Spotify,7.2,28.4,518.1492153679844,130.4225245971806,0.0,5438.796319853467,0.0,1621.98046875,51.379,47.0,1815.0,99.7,40.0390625,3,3429.847387075424,21.2,80.85546875,148,41051.63498926163,11.1,321.5078125,39,3499.5113916397095,8.3,68.015625,37,41021.51233506203,8.3,166.859375,99,3499.8022627830505
2026-02-15T03:26:17,Spotify,7.5,28.4,580.7249975728053,415.47804704395827,0.0,61037.50218391241,0.0,1621.98046875,51.365,47.0,1815.0,100.2,40.0390625,3,3431.5463557243347,20.3,80.83984375,148,41053.33181285858,12.8,320.86328125,39,3501.219137430191,8.2,16.0234375,13,41051.04919409752,5.5,68.015625,37,41023.21630477905
2026-02-15T03:26:19,Spotify,6.7,28.4,0.0,31.61779299577522,0.0,30278.13539625052,0.0,1621.98046875,51.321,47.0,1815.0,98.9,40.0390625,3,3433.28577208519,22.3,322.70703125,39,3502.9682285785675,17.4,80.8671875,148,41055.039947748184,8.9,167.18359375,99,3503.259155035019,7.2,68.015625,37,41024.95730447769
2026-02-15T03:26:21,Spotify,8.0,28.4,282.57279004988015,434.1553596110507,0.0,5271.641362549991,0.0,1621.98046875,51.187,48.0,1815.0,99.6,40.0234375,2,3434.995997905731,20.6,80.8671875,148,41056.78622961044,14.8,322.734375,39,3504.658555984497,10.1,68.015625,37,41026.66176247597,4.6,166.92578125,99,3504.948891878128
2026-02-15T03:26:23,Spotify,7.6,28.4,312.2466511553278,156.1233255776639,0.0,72062.74227875686,0.0,1616.51171875,51.346,48.0,1815.0,99.5,40.02734375,2,3436.6915805339813,17.6,80.84765625,148,41058.475200891495,13.8,321.4140625,39,3506.3592505455017,5.5,167.046875,99,3506.649887561798,4.6,4.1484375,381,1771115181.420823
2026-02-15T03:26:24,Spotify,6.9,28.4,0.0,114.10356157598787,0.0,164120.91660909101,0.0,1616.51171875,51.329,48.0,1815.0,99.4,40.02734375,2,3438.404940843582,20.2,80.875,148,41060.18149828911,11.9,321.734375,39,3508.06404709816,8.3,68.0234375,37,41030.06309342384,7.3,166.75390625,99,3508.35494017601
2026-02-15T03:26:26,Spotify,6.8,28.4,577.1040946165459,412.8874823272849,0.0,21019.726373025413,0.0,1616.51171875,51.389,48.0,1815.0,100.2,40.02734375,2,3440.1042585372925,20.2,80.86328125,148,41061.88607597351,14.6,321.9375,39,3509.771815299988,5.5,68.02734375,37,41031.77055644989,5.5,166.89453125,99,3510.0625002384186
2026-02-15T03:26:28,Spotify,7.3,28.4,439.01319441405343,814.8926671280832,0.0,20651.74185387441,0.0,1616.51171875,51.361,48.0,1815.0,99.3,40.02734375,2,3441.835126876831,19.2,80.84375,148,41063.59257698059,16.2,321.9609375,39,3511.5044906139374,8.1,68.01953125,37,41033.501952409744,8.1,165.6796875,99,3511.7949936389923
2026-02-15T03:26:29,Spotify,8.1,28.4,2772.3990652145158,2849.843608624719,0.0,18346.26556726487,1.0,1616.51171875,51.431,49.0,1815.0,97.6,40.02734375,2,3443.5634586811066,17.1,80.88671875,148,41065.32615709305,16.4,321.140625,39,3513.218037843704,7.3,166.80859375,99,3513.5087761878967,6.4,68.01953125,37,41035.22107028961
2026-02-15T03:26:31,Spotify,7.2,28.4,1194.8317914472418,688.5174399395396,0.0,38271.992318810575,0.0,1616.51171875,51.415,49.0,1815.0,99.6,40.02734375,2,3445.272490501404,30.9,322.6640625,39,3514.93758893013,20.1,80.86328125,148,41067.037187576294,8.2,68.01953125,37,41036.94150567055,6.4,166.97265625,99,3515.2284667491913
2026-02-15T03:26:33,Spotify,7.6,28.4,0.0,140.14187998283626,0.0,74432.20181661013,1.0,1616.51171875,51.341,49.0,1815.0,98.4,39.328125,2,3446.9723505973816,17.3,80.86328125,148,41068.75828957558,12.0,323.109375,39,3516.633565425873,9.2,166.76953125,99,3516.924007177353,5.5,266.68359375,95,41038.742035865784
2026-02-15T03:26:35,Spotify,7.7,28.4,172.0650655322449,127.87027130307241,0.0,10861.31262976143,0.0,1616.51171875,51.412,49.0,1815.0,100.9,40.02734375,2,3448.67574262619,21.2,80.8359375,148,41070.451761484146,15.6,322.02734375,39,3518.3351435661316,11.0,166.8984375,99,3518.6258540153503,8.3,69.515625,37,41040.3351123333
2026-02-15T03:26:36,Spotify,7.6,28.4,2648.4135481964763,587.2952574136026,0.0,15952.796902077596,1.0,1616.51171875,51.533,49.0,1815.0,99.0,39.328125,2,3450.381363391876,19.3,80.875,148,41072.15538311005,10.9,322.078125,39,3520.052838087082,8.2,166.6875,99,3520.3437082767487,5.5,68.5859375,37,41042.05500483513
2026-02-15T03:26:38,Spotify,6.9,28.4,3381.9526806093068,36.08347379070332,0.0,101015.10288556121,0.0,1616.51171875,51.652,49.0,1815.0,97.7,40.02734375,2,3452.0918781757355,18.2,80.86328125,148,41073.876237392426,10.1,321.06640625,39,3521.756362438202,8.3,68.5859375,37,41043.756920814514,6.4,166.9140625,99,3522.04696059227
2026-02-15T03:26:40,Spotify,7.0,28.4,1114.345736293261,1426.6913272880004,0.0,7515.081888595228,4.0,1616.51171875,51.46,50.0,1815.0,100.1,40.02734375,2,3453.7930586338043,18.4,80.85546875,148,41075.57683777809,15.6,321.10546875,39,3523.461059808731,11.0,68.4453125,37,41045.4592833519,5.5,166.37109375,99,3523.7517585754395
2026-02-15T03:26:41,Spotify,7.5,28.4,154.69324461970103,193.36655577462628,0.0,24000.891286450584,0.0,1616.51171875,51.612,50.0,1815.0,99.4,40.02734375,2,3455.5068566799164,16.4,80.87890625,148,41077.285820961,11.9,320.484375,39,3525.174117565155,7.3,166.7421875,99,3525.4649724960327,4.5,68.4453125,37,41047.17807722092
2026-02-15T03:26:43,Spotify,7.1,28.4,448.15460070634015,101.53502672253019,0.0,63339.183566496074,0.0,1616.51171875,51.747,50.0,1815.0,98.5,40.0390625,3,3457.220151901245,32.5,322.1953125,39,3526.9048879146576,18.3,80.8671875,148,41078.994369745255,9.0,166.9375,99,3527.1959211826324,8.2,16.0234375,13,41076.718517780304
2026-02-15T03:26:45,Spotify,8.5,28.4,712.9161725347406,807.8173513461833,0.0,14221.28884432937,0.0,1616.51171875,51.745,50.0,1815.0,100.3,39.33984375,3,3458.9482905864716,18.1,80.859375,148,41080.724083423615,13.6,322.22265625,39,3528.627200603485,6.4,68.453125,37,41050.62314391136,5.4,166.765625,99,3528.918049812317
2026-02-15T03:26:47,Spotify,6.9,28.4,209.61500867106318,222.3893305291335,0.0,13972.785508754749,0.0,1616.51171875,51.748,50.0,1815.0,98.0,40.0390625,3,3460.71919465065,18.1,80.8828125,148,41082.44923257828,16.0,321.1640625,39,3530.381909608841,15.0,153.09765625,23,3911.9228081703186,11.6,166.98828125,99,3530.672618627548
2026-02-15T03:26:48,Spotify,8.1,28.4,4528.137017685798,2552.305457373483,0.0,81874.08935635179,0.0,1616.51171875,51.785,50.0,1815.0,100.0,40.0390625,3,3462.421839237213,16.9,80.88671875,148,41084.2048265934,11.9,321.22265625,39,3532.087798833847,5.5,68.12890625,37,41054.08525633812,2.8,266.96484375,95,41054.195561409
2026-02-15T03:26:50,Spotify,7.0,28.4,5922.116798786692,4344.725062234368,0.0,16230.638902939578,0.0,1616.51171875,51.796,51.0,1815.0,99.3,40.0390625,3,3464.137677192688,20.2,80.83984375,148,41085.90533041954,10.0,321.06640625,39,3533.80366230011,9.1,166.90234375,99,3534.094127178192,8.2,68.1328125,37,41055.80475664139
2026-02-15T03:26:52,Spotify,7.6,28.4,473.13691731615,240.6472251866625,0.0,68318.17399197532,5.0,1616.51171875,51.829,51.0,1815.0,98.2,40.0390625,3,3465.856421470642,16.4,80.83203125,148,41087.622029304504,13.5,321.109375,39,3535.5395839214325,8.1,68.1328125,37,41057.536859989166,6.3,166.703125,99,3535.830376148224
2026-02-15T03:26:53,Spotify,6.8,28.4,269.70536717912404,190.17686147245925,0.0,96780.4285098149,0.0,1616.51171875,51.665,51.0,1815.0,97.4,40.0390625,3,3467.5889966487885,21.6,80.8671875,148,41089.36119413376,14.6,320.18359375,39,3537.2486793994904,10.9,68.1328125,37,41059.250915288925,9.1,166.80859375,99,3537.5392367839813
2026-02-15T03:26:55,Spotify,7.7,28.4,1062.2517602375628,1060.4969390477431,0.0,70380.0285197046,0.0,1616.51171875,51.833,51.0,1815.0,96.7,40.0390625,3,3469.301582098007,17.4,80.87890625,148,41091.06806445122,12.8,320.765625,39,3538.963957309723,6.4,68.1328125,37,41060.96627378464,5.5,166.94140625,99,3539.254911661148
2026-02-15T03:26:57,Spotify,8.2,28.4,45.47393984951537,32.06495758619673,0.0,7163.894523985191,0.0,1616.51171875,51.842,51.0,1815.0,99.6,40.0390625,3,3471.027523994446,23.4,321.73828125,39,3540.699048280716,20.9,80.83984375,148,41092.784393548965,9.0,166.78125,99,3540.989895105362,7.2,68.13671875,37,41062.698065042496
2026-02-15T03:26:59,Spotify,9.1,28.4,3444.3822937592563,1960.8878776490176,0.0,84131.9491639355,0.0,1616.51171875,51.739,51.0,1815.0,99.2,40.0390625,3,3472.744221687317,19.0,80.8828125,148,41094.51499891281,14.7,321.25,39,3542.400938987732,8.2,22.80859375,36,41094.542165756226,8.2,68.13671875,37,41064.4059677124
2026-02-15T03:27:00,Spotify,7.5,28.4,3712.0427812880052,3441.189390630555,0.0,5113.900026643051,0.0,1616.51171875,51.861,51.0,1815.0,97.8,40.0390625,3,3474.439425468445,19.3,80.8515625,148,41096.21933031082,11.0,321.30078125,39,3544.10559630394,7.3,68.109375,37,41066.107023239136,4.6,4.1484375,381,1771115219.163472
2026-02-15T03:27:02,Spotify,6.7,28.4,0.0,0.0,9608.986867245074,45042.125940211285,0.0,1616.51171875,51.878,52.0,1815.0,96.6,40.0390625,3,3476.1536843776703,18.3,80.84375,148,41097.92282247543,16.3,320.59765625,39,3545.8277513980865,8.2,166.87109375,99,3546.1186904907227,5.5,68.11328125,37,41067.81851601601
2026-02-15T03:27:04,Spotify,7.6,28.4,0.0,31.362135122571896,0.0,7433.987584609635,1.0,1636.73046875,52.093,52.0,1815.0,100.0,39.33984375,3,3478.2797594070435,44.7,325.61328125,39,3548.2060780525208,20.9,80.8828125,148,41099.64445352554,17.8,168.63671875,99,3548.4956455230713,10.0,68.109375,37,41070.17296361923
2026-02-15T03:27:06,Spotify,16.9,28.8,109768.38084376302,24306.879244985492,36574.19302084046,309159.50218204554,1.0,1635.79296875,51.428,52.0,1815.0,99.0,40.0625,3,3480.252721786499,36.1,32.390625,10,41096.828748464584,17.7,80.84765625,148,41102.02569961548,15.1,4.1484375,402,1771115224.9701645,14.4,15.16015625,11,41102.22744202614
2026-02-15T03:27:08,Spotify,11.4,28.7,365.17797479563296,67.94008833407125,37104.346908847445,350462.15166247316,1.0,1634.23046875,51.701,52.0,1815.0,100.0,40.07421875,3,3482.0026688575745,30.1,15.11328125,12,41103.99177026749,26.8,32.09765625,10,41098.5794711113,18.6,8.87109375,9,41103.81837821007,15.0,80.84765625,148,41103.79175782204
2026-02-15T03:27:10,Spotify,8.4,28.7,325.43561331754097,4749.143726245046,9555.442811101419,394460.6235457804,0.0,1625.98046875,53.551,52.0,1815.0,98.2,40.07421875,3,3483.7365868091583,24.3,32.3046875,10,41100.31326842308,19.7,70.87109375,12,6.9014892578125,13.7,80.875,148,41105.506425857544,5.5,15.2421875,12,41105.70908045769
2026-02-15T03:27:11,Spotify,10.4,28.6,878.6670559289176,3062.143219062984,0.0,143890.33354533085,0.0,1622.35546875,51.899,52.0,1815.0,99.2,39.36328125,3,3485.470172405243,42.4,32.32421875,10,41102.045825481415,25.9,15.05078125,12,41107.458867549896,18.8,8.65234375,9,41107.285189151764,14.4,80.8515625,148,41107.24789595604
2026-02-15T03:27:13,Spotify,12.3,28.6,3891.7293655786825,1024.1986083703018,0.0,235081.18553397115,0.0,1621.29296875,51.929,52.0,1815.0,100.0,39.36328125,3,3487.2673053741455,38.3,32.375,10,41103.845583200455,29.9,15.4296875,12,41109.235055208206,26.3,8.77734375,9,41109.06641125679,14.9,80.859375,148,41109.026188611984
2026-02-15T03:27:15,Spotify,10.7,28.6,626.5519734562812,769.1038163379711,36925.99832053133,546100.897037233,0.0,1619.10546875,51.687,51.0,1815.0,99.1,40.078125,3,3489.04815864563,28.9,32.39453125,10,41105.62359523773,23.9,8.640625,9,41110.83481645584,23.8,15.08203125,12,41111.01009488106,17.6,71.53515625,12,12.21526288986206
2026-02-15T03:27:17,Spotify,10.2,28.6,0.0,0.0,0.0,57984.42201027627,0.0,1614.35546875,51.827,51.0,1815.0,98.3,40.078125,3,3490.8277084827423,36.8,32.36328125,10,41107.40515208244,25.6,8.66015625,9,41112.60730314255,23.8,15.16796875,12,41112.7790043354,18.4,71.53515625,12,14.002364158630371
2026-02-15T03:27:19,Spotify,10.9,28.6,0.0,30.28968824247326,0.0,60597.32592983095,0.0,1610.79296875,51.746,51.0,1815.0,96.7,40.078125,3,3492.6212949752808,38.5,32.36328125,10,41109.18882274628,24.4,15.171875,12,41114.57236266136,22.7,8.6484375,9,41114.39633870125,17.5,80.8828125,148,41114.36698675156
2026-02-15T03:27:20,Spotify,10.2,28.6,551.2038615300332,529.3573670181722,100955.45197193975,562138.3121164826,0.0,1610.04296875,51.656,50.0,1815.0,98.8,40.078125,3,3494.3928763866425,31.6,32.40234375,10,41110.96516728401,25.5,72.2578125,12,17.553409337997437,20.1,8.6484375,9,41116.187667131424,17.6,15.0859375,12,41116.35055351257
2026-02-15T03:27:22,Spotify,11.5,28.6,547.1236296015195,500.29258823688,84213.63457883263,331883.59460755216,0.0,1607.41796875,51.804,50.0,1815.0,98.2,40.08203125,3,3496.063510656357,21.6,8.6328125,9,41117.92055726051,21.4,15.1640625,12,41118.10239362717,18.7,32.24609375,10,41112.63780713081,15.1,80.83203125,148,41117.89406657219
2026-02-15T03:27:24,Spotify,7.1,28.5,781.8545358074066,487.7399768829903,0.0,214272.25999506805,0.0,1603.10546875,51.885,50.0,1815.0,99.8,40.08203125,3,3497.6596879959106,12.5,80.8828125,148,41119.52143549919,5.9,266.99609375,95,41089.427721977234,5.9,68.01953125,37,41089.316375017166,3.9,278.7421875,91,3566.5476899147034
2026-02-15T03:27:25,Spotify,6.9,28.5,1992.3138234984046,1175.4027008852656,0.0,25901.32880505512,1.0,1602.16796875,51.818,50.0,1815.0,97.6,40.08203125,3,3499.3413627147675,15.6,80.8515625,148,41121.12351512909,5.7,16.0234375,13,41118.82209086418,4.6,68.015625,37,41091.020366191864,3.9,278.82421875,91,3568.167765855789
2026-02-15T03:27:27,Spotify,6.3,28.5,3147.0425967091255,1855.7975663625402,0.0,6316.408810867373,1.0,1601.10546875,51.635,49.0,1815.0,97.6,40.08203125,3,3501.0070593357086,14.7,80.89453125,148,41122.827196121216,10.1,6.24609375,12,41122.823697805405,8.3,278.8359375,91,3569.8640949726105,5.7,68.015625,37,41092.66671037674
2026-02-15T03:27:29,Spotify,6.8,28.5,36.078456784326995,0.0,0.0,42485.990709223464,4.0,1600.73046875,51.748,49.0,1815.0,97.6,40.078125,3,3502.6403002738953,20.7,80.8671875,148,41124.489079236984,5.8,266.953125,95,41094.400884866714,4.8,68.015625,37,41094.289577007294,3.8,4.1484375,402,1771115247.435075
2026-02-15T03:27:30,Spotify,5.7,28.5,614.0993240465432,473.05618661308915,0.0,9266.409312442147,1.0,1597.23046875,51.683,49.0,1815.0,99.5,40.078125,3,3504.2257537841797,11.7,80.83984375,148,41126.0898475647,6.9,266.953125,95,41095.99155497551,6.9,68.01953125,37,41095.88005399704,4.9,16.0234375,13,41123.74435210228
2026-02-15T03:27:32,Spotify,6.3,28.4,818.2199631278568,33.85737778460097,0.0,18619.04982762056,0.0,1597.23046875,51.472,48.0,1815.0,99.8,40.078125,3,3505.8233830928802,13.7,80.875,148,41127.685547590256,11.8,68.0234375,37,41097.4731965065,2.9,4.1484375,402,1771115250.6327288,2.9,26.48828125,104,41102.10572743416
2026-02-15T03:27:33,Spotify,5.8,28.5,2620.0000209716873,76.0239814238787,0.0,4503.635527655888,0.0,1597.23046875,51.615,48.0,1815.0,98.7,40.078125,3,3507.4537873268127,13.7,80.87890625,148,41129.28067660332,3.8,68.0234375,37,41099.114460229874,2.9,266.9375,94,41099.22573852539,2.0,4.1484375,402,1771115252.2245543
2026-02-15T03:27:35,Spotify,6.7,28.4,1969.9239550860657,1492.146153729396,0.0,31664.299363008526,0.0,1597.23046875,51.584,48.0,1815.0,98.2,40.078125,3,3509.1246054172516,12.3,80.80859375,148,41130.92654442787,10.3,311.56640625,39,3578.7823917865753,8.3,68.0234375,37,41100.80465054512,3.8,16.0625,14,41128.614372015
2026-02-15T03:27:37,Spotify,6.7,28.4,86.22882126393984,174.25407630421176,19621.84732761653,529176.6951166583,1.0,1597.23046875,51.615,48.0,1815.0,97.5,39.36328125,3,3510.742297887802,15.0,80.8671875,148,41132.59725403786,4.8,16.0625,14,41130.257720947266,3.0,68.0234375,37,41102.39107513428,2.0,266.9453125,94,41102.50181937218
2026-02-15T03:27:38,Spotify,6.7,28.4,0.0,0.0,0.0,136271.8530256837,0.0,1593.54296875,51.414,48.0,1815.0,100.2,40.07421875,3,3512.333148956299,14.7,80.84765625,148,41134.18878507614,5.9,68.02734375,37,41103.984322309494,4.9,16.0234375,14,41131.84677743912,3.0,23.6953125,4,41134.11997795105
2026-02-15T03:27:40,Spotify,6.9,28.4,666.5767065503736,530.3741215019451,0.0,27637.199192868222,1.0,1593.54296875,51.393,47.0,1815.0,98.7,40.07421875,3,3513.9483811855316,14.7,80.8671875,148,41135.77830314636,7.8,4.1484375,402,1771115258.7262912,6.9,22.80859375,36,41135.78679442406,4.9,16.05859375,14,41133.45245027542
2026-02-15T03:27:41,Spotify,5.9,28.4,0.0,0.0,0.0,22159.776443290466,0.0,1593.54296875,51.271,47.0,1815.0,99.4,40.07421875,3,3515.5672018527985,15.2,80.87109375,148,41137.4213142395,7.7,16.0234375,13,41135.08001565933,4.8,266.9453125,94,41107.33906841278,4.8,67.95703125,37,41107.22801542282
2026-02-15T03:27:43,Spotify,6.5,28.4,48.160200863467956,33.959115993470995,0.0,13909.65391092572,0.0,1593.54296875,51.134,47.0,1815.0,97.6,40.07421875,3,3517.215799808502,14.5,80.83984375,148,41139.04034900665,7.5,67.96484375,37,41108.884826660156,3.9,4.1484375,402,1771115261.9871054,2.8,16.05859375,14,41136.72671031952
2026-02-15T03:27:45,Spotify,6.3,28.4,631.4043973268199,652.7768865980372,0.0,11880.6614645944,0.0,1593.54296875,51.136,47.0,1815.0,99.1,40.07421875,3,3518.807931661606,14.3,80.8671875,148,41140.67539072037,7.0,67.9765625,37,41110.45527100563,6.7,4.1484375,402,1771115263.6234715,3.0,266.984375,95,41110.566425561905
2026-02-15T03:27:46,Spotify,6.7,28.4,0.0,0.0,0.0,11065.290947003043,0.0,1593.54296875,50.893,47.0,1815.0,99.3,40.07421875,3,3520.39679145813,13.9,80.84375,148,41142.248262643814,5.9,67.9765625,37,41112.044729709625,4.9,32.8046875,22,35286.78705048561,4.0,16.0234375,13,41139.89836549759
2026-02-15T03:27:48,Spotify,5.8,28.4,31.546428629986913,0.0,0.0,54269.95210073909,0.0,1593.54296875,50.894,48.0,1815.0,100.0,40.07421875,3,3521.974671125412,13.8,80.8671875,148,41143.83409047127,6.9,67.96484375,37,41113.62958860397,3.9,4.1484375,402,1771115266.782168,2.9,16.0234375,13,41141.493386507034
2026-02-15T03:27:50,Spotify,7.0,28.4,1503.6275105657098,1272.588399722972,0.0,5115.330800064076,0.0,1593.54296875,51.116,48.0,1815.0,96.9,39.36328125,3,3523.6207404136658,16.1,67.96484375,37,41115.28399991989,15.6,80.88671875,148,41145.43987250328,7.7,16.05859375,14,41143.1244058609,3.8,16.98046875,6,41141.50191736221
2026-02-15T03:27:51,Spotify,6.1,28.4,189.67940131581807,166.57742295043,0.0,7470.450267207604,1.0,1593.54296875,51.051,48.0,1815.0,97.3,39.36328125,3,3525.2428493499756,14.2,80.84765625,148,41147.08677482605,4.9,67.96484375,37,41116.89180588722,3.9,267.02734375,95,41117.00300240517,1.9,17.01171875,6,41143.13473367691
2026-02-15T03:27:53,Spotify,6.1,28.4,0.0,33.470982641943515,0.0,19358.624627281108,1.0,1593.54296875,50.976,48.0,1815.0,98.6,40.07421875,3,3526.828512430191,13.6,80.875,148,41148.69409656525,8.9,267.0234375,95,41118.588524103165,4.9,67.96875,37,41118.477444410324,2.0,16.0234375,13,41146.3424346447
2026-02-15T03:27:54,Spotify,6.4,28.4,1828.085015423992,2007.4706115977056,10385.34843713824,221662.2807051693,0.0,1593.54296875,51.097,48.0,1815.0,100.2,40.07421875,3,3528.4343631267548,13.9,80.8515625,148,41150.27312731743,3.9,67.95703125,37,41120.07817339897,2.9,16.0234375,13,41147.943657398224,2.9,70.30859375,56,41146.66156744957
2026-02-15T03:27:56,Spotify,6.0,28.4,37.54396371311592,150.80158758101564,0.0,54143.40153614157,0.0,1593.54296875,51.033,48.0,1815.0,99.8,40.07421875,3,3530.032031059265,13.7,80.875,148,41151.871624708176,5.9,67.95703125,37,41121.671283483505,3.0,26.50390625,105,41126.29792237282,2.0,4.1484375,402,1771115274.8169994
2026-02-15T03:27:58,Spotify,6.4,28.4,26.079975578258313,26.079975578258313,0.0,64857.17355233153,0.0,1593.54296875,51.197,49.0,1815.0,97.4,40.07421875,3,3531.684847831726,12.6,80.85546875,148,41153.48399424553,8.4,67.95703125,37,41123.354056596756,2.9,14.91015625,12,41153.67896437645,2.9,22.80859375,36,41153.49447822571
2026-02-15T03:27:59,Spotify,6.5,28.4,1917.1407246125593,1719.292764011075,0.0,17550.136420041697,1.0,1593.54296875,51.149,49.0,1815.0,98.3,40.07421875,3,3533.306142807007,13.2,80.8359375,148,41155.14387512207,5.6,22.80859375,36,41155.15542149544,4.8,16.0234375,13,41152.824019908905,3.9,67.95703125,37,41124.954621315
2026-02-15T03:28:01,Spotify,6.1,28.4,0.0,0.0,0.0,3170.415286965737,0.0,1593.54296875,51.355,49.0,1815.0,99.8,40.07421875,3,3534.918459415436,13.5,80.88671875,148,41156.759474515915,6.8,67.93359375,37,41126.55489778519,2.9,4.1484375,402,1771115279.7073774,2.9,16.0234375,13,41154.42709565163
2026-02-15T03:28:02,Spotify,6.1,28.4,31.314105646164606,33.81923409785777,0.0,24369.889578071143,0.0,1593.54296875,51.185,49.0,1815.0,100.0,40.07421875,3,3536.4960017204285,13.6,80.8515625,148,41158.37425804138,10.9,310.08203125,39,3606.120701789856,6.9,67.93359375,37,41128.14163160324,5.0,16.06640625,13,41156.00316619873
2026-02-15T03:28:04,Spotify,7.2,28.4,41.791659212606696,228.58771175380332,0.0,11022.8667208039,0.0,1593.54296875,51.181,49.0,1815.0,98.6,40.07421875,3,3538.06547498703,13.0,80.8515625,148,41159.935864686966,11.0,67.93359375,37,41129.70266652107,5.0,266.7109375,95,41129.81310868263,4.9,16.0625,14,41157.58230161667
2026-02-15T03:28:06,Spotify,5.8,28.4,1137.8628336845575,1135.3115717256235,5224.984491896803,91437.22860819404,6.0,1593.54296875,51.286,49.0,1815.0,100.2,40.07421875,3,3539.671386241913,14.9,80.8671875,148,41161.50406098366,8.7,67.93359375,37,41131.31872200966,4.9,16.0625,14,41159.176168203354,1.9,266.7109375,95,41131.4292473793
2026-02-15T03:28:07,Spotify,5.7,28.4,0.0,0.0,0.0,22072.720253506737,0.0,1592.98046875,51.075,50.0,1815.0,98.3,40.07421875,3,3541.3085260391235,13.5,80.87109375,148,41163.13200592995,6.6,67.93359375,37,41132.97155189514,3.8,266.7109375,95,41133.082601070404,1.9,16.0234375,13,41160.809683799744
2026-02-15T03:28:09,Spotify,6.3,28.4,0.0,85.95031180271796,11315.97247962641,264039.35785794957,0.0,1592.79296875,51.119,50.0,1815.0,99.9,40.078125,3,3542.9192881584167,13.5,80.8515625,148,41164.75388598442,4.9,67.93359375,37,41134.5576107502,3.9,16.0234375,13,41162.42593955994,3.0,266.7109375,95,41134.669263124466
2026-02-15T03:28:10,Spotify,6.3,28.4,1781.758074895697,1287.6677151196561,0.0,168218.18080150013,0.0,1592.79296875,51.371,50.0,1815.0,99.6,40.07421875,3,3544.456022977829,12.8,80.8359375,148,41166.34069728851,6.0,16.05859375,14,41163.9781870842,3.0,266.7109375,95,41136.21584415436,3.0,67.9375,37,41136.104300022125
2026-02-15T03:28:12,Spotify,6.9,28.4,0.0,0.0,0.0,15085.088243207956,1.0,1592.79296875,51.275,50.0,1815.0,97.9,40.07421875,3,3546.0353751182556,14.0,80.87890625,148,41167.89979791641,5.0,16.0234375,13,41165.54951381683,5.0,67.953125,37,41137.6765704155,4.0,267.02734375,95,41137.78739571571
2026-02-15T03:28:13,Spotify,6.3,28.3,0.0,34.421141032924126,20887.25832160848,110963.55983354503,0.0,1592.79296875,51.376,50.0,1815.0,99.9,40.0703125,3,3547.5988552570343,14.9,80.85546875,148,41169.470044374466,5.0,67.953125,37,41139.24656748772,4.0,16.05859375,14,41167.116221666336,2.0,22.8125,36,41169.47183680534
2026-02-15T03:28:15,Spotify,5.6,28.3,1262.2051835281952,1130.2473688866112,0.0,3916.6609331299146,0.0,1592.79296875,51.487,50.0,1815.0,99.6,39.36328125,3,3549.167909383774,12.9,80.87890625,148,41171.03637075424,5.9,67.953125,37,41140.82305645943,4.0,308.5078125,39,3618.79078912735,2.0,16.0234375,13,41168.686121463776
2026-02-15T03:28:17,Spotify,6.9,28.3,0.0,0.0,0.0,45060.6398572913,0.0,1592.79296875,51.447,51.0,1815.0,98.8,40.0703125,3,3550.733245611191,15.0,80.84765625,148,41172.60277867317,10.1,67.953125,37,41142.376227617264,4.0,16.0625,14,41170.24912190437,3.0,22.8125,36,41172.60988378525
2026-02-15T03:28:18,Spotify,5.8,28.3,150.8774684818482,96.07155044357002,0.0,9243.501658785368,0.0,1592.79296875,51.544,51.0,1815.0,98.6,40.0703125,3,3552.2865335941315,12.1,80.875,148,41174.15749621391,6.0,16.0625,14,41171.80824780464,5.0,67.953125,37,41143.931629657745,3.0,266.9921875,95,41144.0431098938
2026-02-15T03:28:20,Spotify,6.1,28.3,1125.2834070004935,1107.3199318602349,0.0,6897.974453859354,0.0,1592.79296875,51.503,51.0,1815.0,99.8,39.36328125,3,3553.8530509471893,14.0,80.87109375,148,41175.71804356575,9.0,67.953125,37,41145.50210928917,4.0,4.1484375,401,1771115298.6627204,3.0,16.0234375,13,41173.37209248543
2026-02-15T03:28:21,Spotify,6.1,28.3,49.493899036024246,34.899544192068376,0.0,10396.256946233605,1.0,1590.91796875,51.443,51.0,1815.0,99.7,40.07421875,3,3555.4201962947845,15.9,80.828125,148,41177.29106116295,4.0,67.953125,37,41147.05777335167,3.0,16.0625,14,41174.939303159714,3.0,6.359375,4,41165.171241760254
2026-02-15T03:28:23,Spotify,5.8,28.3,0.0,34.56312215703078,0.0,22284.252981836737,0.0,1590.91796875,51.635,51.0,1815.0,97.6,40.07421875,3,3557.036412000656,15.0,80.875,148,41178.85310006142,5.9,266.9921875,95,41148.770005464554,5.0,4.1484375,401,1771115301.7999523,4.9,16.05859375,13,41176.53906464577
2026-02-15T03:28:24,Spotify,6.6,28.3,528.816065511423,671.6213473535406,0.0,136973.33862907195,0.0,1590.91796875,51.552,51.0,1815.0,95.2,40.07421875,3,3558.6118133068085,15.6,80.8515625,148,41180.45546603203,5.9,67.95703125,37,41150.25047516823,4.9,4.1484375,401,1771115303.4028814,3.9,22.8125,36,41180.46767830849
2026-02-15T03:28:26,Spotify,6.2,28.3,0.0,0.0,0.0,85104.68900707288,0.0,1590.91796875,51.619,51.0,1815.0,97.9,39.3671875,3,3560.1760885715485,12.9,80.85546875,148,41182.03224635124,4.0,16.0234375,13,41179.69017124176,4.0,67.96484375,37,41151.81218957901,4.0,308.61328125,39,3629.7775661945343
2026-02-15T03:28:28,Spotify,6.4,28.3,1044.301452209973,170.62910705642062,0.0,9196.010822409196,1.0,1590.91796875,51.498,52.0,1815.0,99.7,40.07421875,3,3561.727514028549,13.0,80.87890625,148,41183.58858418465,12.1,309.97265625,39,3631.3290321826935,7.0,67.97265625,37,41153.36350226402,4.1,16.05859375,13,41181.223715782166
2026-02-15T03:28:29,Spotify,7.1,28.3,4090.1542047605562,589.461505332479,0.0,40900.253607156745,0.0,1590.82421875,51.478,52.0,1815.0,98.9,40.07421875,3,3563.2764763832092,14.1,80.87890625,148,41185.14197874069,6.1,67.984375,37,41154.9120619297,6.0,16.0234375,13,41182.78852343559,5.0,4.1484375,401,1771115308.090408
2026-02-15T03:28:31,Spotify,6.1,28.3,3236.9226260380005,383.49728274353765,0.0,42756.41396886075,1.0,1590.82421875,51.727,52.0,1815.0,97.8,40.07421875,3,3564.8416216373444,13.0,80.86328125,148,41186.70069885254,8.9,67.98828125,37,41156.48679065704,7.0,16.0625,13,41184.35456991196,4.0,7.171875,36,41184.343156814575
2026-02-15T03:28:32,Spotify,6.8,28.3,3708.772851602188,2935.527497701629,10444.230732322147,39818.62966697818,1.0,1590.82421875,51.781,52.0,1815.0,99.1,40.07421875,3,3566.434055328369,14.9,80.87890625,148,41188.26768231392,6.9,16.0625,13,41185.945249557495,5.9,67.98046875,37,41158.07610583305,2.9,17.046875,6,41184.324434518814
2026-02-15T03:28:34,Spotify,6.0,28.3,1780.407383346629,1256.8693311311129,0.0,17095.942942142294,0.0,1590.82421875,51.731,52.0,1815.0,98.2,40.07421875,3,3567.993516921997,11.8,80.85546875,148,41189.85450005531,10.2,67.984375,37,41159.611939668655,6.1,266.99609375,95,41159.722969293594,4.0,16.0234375,13,41187.50392794609
2026-02-15T03:28:35,Spotify,6.7,28.3,111.00433603301909,318.1694050248745,0.0,28747.54153636513,0.0,1590.82421875,51.8,52.0,1815.0,99.2,40.05859375,2,3569.5217645168304,13.1,80.83203125,148,41191.40640377998,5.0,4.1484375,401,1771115314.3524249,4.1,16.0234375,13,41189.04315376282,3.1,67.98828125,37,41161.146003484726
2026-02-15T03:28:37,Spotify,6.5,28.3,233.2317094951392,208.1955372894463,0.0,18215.791819552567,0.0,1586.82421875,53.524,52.0,1815.0,99.3,40.0546875,2,3571.0484249591827,12.3,80.87890625,148,41192.92498040199,8.2,67.98828125,37,41162.670793533325,3.1,16.0234375,13,41190.56908750534,3.1,18.9375,9,41178.169953107834
2026-02-15T03:28:38,Spotify,6.5,28.3,35.1316941302823,55.95047583711626,0.0,58625.68928644442,0.0,1586.82421875,52.021,52.0,1815.0,98.9,40.0546875,2,3572.5809423923492,12.2,80.8359375,148,41194.46222567558,5.1,67.98828125,37,41164.210847616196,3.0,15.21484375,12,41179.6969203949,2.0,22.8125,36,41194.463859558105
2026-02-15T03:28:40,Spotify,6.3,28.3,1061.0073495204215,1093.7141112195711,0.0,5023.758596989418,0.0,1586.82421875,52.146,52.0,1815.0,99.7,39.3515625,2,3574.1643040180206,13.3,80.8828125,148,41195.991941690445,6.0,16.0234375,13,41193.67013835907,3.0,6.359375,4,41183.91298389435,2.9,267.00390625,95,41165.91941642761
2026-02-15T03:28:42,Spotify,5.6,28.3,31.289465211232596,0.0,0.0,13777.377321809936,0.0,1586.82421875,51.945,52.0,1815.0,98.3,40.05859375,2,3575.7368042469025,13.7,80.8515625,148,41197.587254047394,7.1,68.0,37,41167.35558176041,4.0,267.00390625,95,41167.4671330452,3.9,16.0234375,13,41195.25429606438
2026-02-15T03:28:43,Spotify,6.2,28.3,179.38900477897235,685.2918096232685,0.0,104071.43413939806,1.0,1586.82421875,52.177,51.0,1815.0,99.8,40.0703125,3,3577.255867958069,14.1,80.875,148,41199.13666367531,5.1,67.9921875,37,41168.88547253609,3.1,266.9765625,95,41168.99682641029,3.1,309.16015625,39,3646.8521177768707
2026-02-15T03:28:45,Spotify,6.3,28.3,737.821738191351,913.1198107403599,21433.459855544494,67649.3576690623,0.0,1586.82421875,51.953,51.0,1815.0,99.5,40.0703125,3,3578.7791554927826,10.2,80.8359375,148,41200.66408324242,8.2,67.984375,37,41170.40168452263,3.1,22.8125,36,41200.66586923599,3.1,16.0625,14,41198.29944038391
2026-02-15T03:28:46,Spotify,5.7,28.3,0.0,35.53811704435353,0.0,14152.067942995893,0.0,1586.82421875,51.833,51.0,1815.0,98.4,40.0703125,3,3580.303164243698,12.3,80.875,148,41202.18413925171,7.1,67.98828125,37,41171.94386935234,3.0,23.0390625,116,41158.77075004578,2.0,16.0625,14,41199.82677054405
2026-02-15T03:28:48,Spotify,6.0,28.3,0.0,155.65365132551494,0.0,2976.1494826056964,0.0,1586.82421875,51.946,50.0,1815.0,97.9,39.3671875,3,3581.868223667145,13.1,80.86328125,148,41203.735651016235,6.1,67.98828125,37,41173.489392519,5.0,16.0234375,13,41201.39073419571,3.0,266.71875,95,41173.600777864456
2026-02-15T03:28:49,Spotify,7.0,28.3,1743.1998936084995,1294.3520168111015,0.0,13695.07940367875,0.0,1586.82421875,51.702,50.0,1815.0,98.6,40.07421875,3,3583.5961513519287,15.1,80.86328125,148,41205.285729169846,5.1,4.1484375,401,1771115328.2241628,4.5,67.96484375,37,41175.23732662201,3.8,16.0234375,13,41203.05603265762
2026-02-15T03:28:51,Spotify,8.2,28.3,2557.730923029994,1114.5765416899292,0.0,32551.71145684631,0.0,1586.82421875,51.806,50.0,1815.0,99.3,40.078125,3,3585.279620409012,13.2,80.875,148,41207.05636572838,6.5,67.96484375,37,41176.923407793045,6.3,253.52734375,72,41204.74716305733,6.3,16.0234375,13,41204.783148765564
2026-02-15T03:28:53,Spotify,7.3,28.3,441.5312022192018,256.8580699558572,497094.3549257185,257478.8604200128,0.0,1586.82421875,51.68,49.0,1815.0,99.8,39.3671875,3,3586.860950231552,15.1,80.84375,148,41208.71567893028,6.0,67.96484375,37,41178.48833298683,5.6,4.1484375,401,1771115331.6533036,4.9,16.0234375,13,41206.37830495834
2026-02-15T03:28:54,Spotify,6.0,28.3,5158.018616928119,3987.164359983321,0.0,82088.82829704847,1.0,1586.82421875,51.593,49.0,1815.0,100.1,40.07421875,3,3588.422191143036,25.8,310.015625,39,3658.037862062454,15.0,80.85546875,148,41210.2808880806,4.0,16.05859375,14,41207.948281526566,4.0,266.71875,95,41180.17087030411
2026-02-15T03:28:56,Spotify,8.0,28.3,125.28428521903685,167.04571362538246,0.0,37256.25612978227,0.0,1586.82421875,51.698,49.0,1815.0,100.7,40.07421875,3,3589.9738240242004,15.8,80.85546875,148,41211.86139035225,6.1,16.05859375,14,41209.49498105049,6.1,67.98828125,37,41181.607488155365,3.0,277.43359375,87,3658.8733484745026
2026-02-15T03:28:57,Spotify,5.8,28.3,292.0703917492992,155.08162393768097,10586.905527479023,68153.2043331462,0.0,1586.82421875,51.728,49.0,1815.0,96.8,40.07421875,3,3591.556531906128,13.1,80.875,148,41213.40657925606,5.0,16.0234375,13,41211.053030729294,3.0,267.0390625,95,41183.30122613907,2.0,4.1484375,401,1771115336.3464258
2026-02-15T03:28:59,Spotify,6.4,28.3,8013.828421192276,6048.625743816106,0.0,40467.49400002412,0.0,1586.82421875,51.448,48.0,1815.0,98.6,40.07421875,3,3593.108471393585,13.8,80.8671875,148,41214.98717069626,5.9,280.328125,86,3662.002259492874,5.0,267.00390625,95,41184.849957466125,5.0,67.984375,37,41184.73866891861
2026-02-15T03:29:01,Spotify,6.5,28.3,0.0,0.0,0.0,29035.05728298749,0.0,1586.82421875,51.647,48.0,1815.0,99.9,40.07421875,3,3594.6886870861053,14.1,80.8671875,148,41216.54054117203,8.0,67.984375,37,41186.30636906624,4.0,16.0234375,13,41214.19987368584,3.0,22.8125,36,41216.55429124832
2026-02-15T03:29:02,Spotify,5.9,28.3,0.0,34.76069506528937,0.0,17797.475873428157,0.0,1601.54296875,51.554,48.0,1815.0,100.1,40.07421875,3,3596.249514579773,32.9,323.0546875,39,3666.027887582779,16.1,80.875,148,41218.090891599655,6.6,67.98828125,37,41187.95556092262,4.5,147.5390625,99,3666.3182470798492
2026-02-15T03:29:04,Spotify,11.2,28.4,168662.86804953398,23592.698899193765,56824.64194961656,462173.754523548,0.0,1601.54296875,51.546,48.0,1815.0,98.1,40.07421875,3,3598.0017256736755,18.5,281.359375,91,3666.876971244812,15.9,80.875,148,41219.85790061951,6.2,6.52734375,11,41219.8366458416,5.6,67.98828125,37,41189.630153894424
2026-02-15T03:29:05,Spotify,6.2,28.4,1700.881193471735,1590.0642877168752,0.0,52523.41389103485,0.0,1601.54296875,51.523,48.0,1815.0,100.3,40.078125,3,3599.590081214905,14.9,80.87890625,148,41221.43440699577,10.7,67.9921875,37,41191.23577046394,2.9,22.8125,36,41221.448489665985,2.0,16.0625,14,41219.10388803482
2026-02-15T03:29:07,Spotify,6.7,28.4,0.0,53.93385237163222,0.0,75136.12773186644,0.0,1601.16796875,51.279,47.0,1815.0,98.5,40.07421875,3,3601.1760675907135,12.7,80.86328125,148,41223.030539512634,8.9,67.9921875,37,41192.810309410095,6.9,4.1484375,401,1771115345.9656143,6.9,16.0546875,14,41220.691918849945
2026-02-15T03:29:09,Spotify,6.6,28.4,1770113.6269997472,12250.027779341704,0.0,181037.88810878864,0.0,1600.48046875,51.291,47.0,1815.0,98.4,40.07421875,3,3602.7487137317657,12.8,80.86328125,148,41224.61765551567,5.0,67.9921875,37,41194.38010311127,3.0,16.0234375,13,41222.25826525688,2.0,24.859375,8,3597.654937505722
2026-02-15T03:29:10,Spotify,6.4,28.4,307.12344013750686,217.24942291832062,307211.3744277357,2292167.6255793553,0.0,1599.04296875,51.285,47.0,1815.0,98.0,40.07421875,3,3604.294570684433,13.1,80.8671875,148,41226.16583251953,6.1,67.9921875,37,41195.91876363754,6.0,16.0234375,13,41223.81478857994,5.1,267.00390625,95,41196.02986598015
2026-02-15T03:29:12,Spotify,7.1,28.4,0.0,0.0,0.0,12601.519578946523,0.0,1597.91796875,51.088,47.0,1815.0,98.2,40.07421875,3,3605.8854110240936,15.2,80.8203125,148,41227.71137833595,8.0,16.0234375,13,41225.38720178604,4.8,67.99609375,37,41197.534494161606,3.0,22.8125,36,41227.72426199913
2026-02-15T03:29:13,Spotify,6.1,28.4,1388.8050643416727,841.9053316873909,10090.546418702424,243119.10277561154,0.0,1597.10546875,50.86,47.0,1815.0,96.7,40.07421875,3,3607.5008914470673,14.4,80.859375,148,41229.333506822586,7.9,68.00390625,37,41199.124452352524,2.0,24.859375,8,3602.405945301056,1.0,4.1484375,401,1771115352.2718418
2026-02-15T03:29:15,Spotify,7.4,28.4,120.5301620865667,63.40388734762102,0.0,23141.79112062081,0.0,1596.85546875,50.84,47.0,1815.0,100.7,40.07421875,3,3609.0520293712616,13.7,80.859375,148,41230.932155132294,5.0,267.0078125,95,41200.7906434536,5.0,68.01171875,37,41200.6790869236,4.0,22.8125,36,41230.92768263817
2026-02-15T03:29:16,Spotify,6.1,28.4,0.0,0.0,0.0,7255.908170480508,0.0,1596.60546875,51.025,48.0,1815.0,99.0,40.07421875,3,3610.5990731716156,13.1,80.88671875,148,41232.484075546265,9.1,68.0078125,37,41202.21961474419,4.0,4.1484375,401,1771115355.4202938,2.0,267.0078125,95,41202.33102607727
2026-02-15T03:29:18,Spotify,5.7,28.4,2272.766000392528,2072.6893616928405,0.0,7030.14385391843,0.0,1596.60546875,50.935,48.0,1815.0,99.5,40.07421875,3,3612.1227378845215,13.3,80.8671875,148,41234.00630092621,6.2,68.0078125,37,41203.738263607025,3.1,16.0625,14,41231.64297437668,3.1,266.9921875,95,41203.849398612976
2026-02-15T03:29:20,Spotify,5.6,28.4,50.61761781953055,43.38652955959761,0.0,440239.171211277,0.0,1596.60546875,50.877,48.0,1815.0,99.6,39.3671875,3,3613.675488471985,13.3,80.8828125,148,41235.53401899338,5.9,68.0078125,37,41205.314866781235,3.1,16.05859375,14,41233.17818617821,2.0,6.359375,4,41223.42242074013
2026-02-15T03:29:21,Spotify,6.1,28.3,31.502358299608826,0.0,0.0,36774.59298463136,0.0,1596.60546875,50.928,48.0,1815.0,98.8,40.0703125,3,3615.2403688430786,12.9,80.85546875,148,41237.107629299164,6.1,68.01171875,37,41206.86558794975,5.9,16.0234375,13,41234.75396156311,4.0,267.0078125,95,41206.97404050827
2026-02-15T03:29:23,Spotify,6.3,28.3,0.0,34.80783908004642,0.0,75906.87277900493,0.0,1596.60546875,50.974,48.0,1815.0,97.4,40.0703125,3,3616.828635931015,16.1,80.859375,148,41238.65917491913,4.9,267.0078125,95,41208.55780673027,4.9,68.01171875,37,41208.44639635086,3.9,96.66015625,33,41231.73420214653
2026-02-15T03:29:24,Spotify,6.7,28.3,2000.261012806723,988.6640419987369,0.0,38486.55074832197,4.0,1596.60546875,50.982,48.0,1815.0,99.6,40.0703125,3,3618.3347856998444,13.0,80.875,148,41240.224709033966,12.1,322.359375,39,3687.9584357738495,4.1,267.0078125,95,41210.080600976944,3.1,16.05859375,14,41237.85183882713
2026-02-15T03:29:26,Spotify,6.2,28.3,3217.6140566907825,992.6750551231576,0.0,11272.333567895581,0.0,1596.60546875,51.175,49.0,1815.0,98.3,40.07421875,3,3619.9871866703033,14.2,80.87109375,148,41241.77036714554,12.4,280.546875,91,3688.8782913684845,8.6,68.0078125,37,41211.611268520355,5.7,6.49609375,11,41241.83798146248
2026-02-15T03:29:27,Spotify,8.2,28.4,5477.481432038495,2475.774638017174,20251.169081015167,266429.4432221058,1.0,1596.60546875,50.982,49.0,1815.0,99.8,40.078125,3,3621.506244659424,15.5,80.8671875,148,41243.39025378227,6.2,68.0078125,37,41213.12210392952,4.1,16.0234375,14,41241.026143312454,2.9,4.1484375,401,1771115366.3368914
2026-02-15T03:29:29,Spotify,5.8,28.4,735.1107712554458,897.9600435353444,0.0,53241.90183840154,0.0,1596.60546875,51.002,49.0,1815.0,96.7,40.078125,3,3623.08935046196,11.2,80.83984375,148,41244.91932797432,6.9,68.00390625,37,41214.717881679535,6.0,16.05859375,14,41242.59132742882,3.1,22.8125,36,41244.9225628376
2026-02-15T03:29:30,Spotify,6.6,28.4,2846.2144516263797,2802.281703751221,0.0,7712.080084142218,0.0,1596.60546875,51.17,49.0,1815.0,99.0,40.078125,3,3624.6198477745056,13.7,80.87109375,148,41246.51009726524,4.1,68.0078125,37,41216.2551753521,2.0,16.0234375,13,41244.14062714577,2.0,266.7265625,95,41216.36627793312
2026-02-15T03:29:32,Spotify,6.1,28.4,0.0,0.0,0.0,10992.338906777648,0.0,1596.60546875,50.986,49.0,1815.0,98.9,40.078125,3,3626.198900938034,15.2,80.85546875,148,41248.05045366287,4.0,16.0625,14,41245.713490486145,4.0,67.9765625,37,41217.81994390488,3.0,4.1484375,401,1771115370.9973626
2026-02-15T03:29:34,Spotify,5.7,28.4,1141.8410713670526,1299.823581803664,0.0,66419.44373738248,0.0,1596.60546875,51.171,49.0,1815.0,98.6,40.078125,3,3627.735407114029,13.1,80.87890625,148,41249.60506558418,5.1,16.05859375,14,41247.247230768204,4.1,67.9765625,37,41219.34719133377,3.1,266.7265625,95,41219.45811915398
2026-02-15T03:29:35,Spotify,6.7,28.4,305.04024330234205,898.1013171905864,10724.848382544147,48932.120745357664,0.0,1595.85546875,51.297,50.0,1815.0,99.9,40.078125,3,3629.267669200897,13.3,80.8515625,148,41251.13626122475,5.1,67.9765625,37,41220.88958120346,4.1,16.0234375,13,41248.78021860123,3.1,4.1484375,401,1771115374.081216
2026-02-15T03:29:37,Spotify,6.4,28.4,0.0,126.24872129131036,0.0,7996.620037255782,0.0,1594.41796875,51.228,50.0,1815.0,97.2,40.078125,3,3630.8436958789825,15.2,80.859375,148,41252.67366027832,8.8,67.9765625,37,41222.477640390396,6.0,16.0234375,13,41250.348561525345,5.1,22.8125,36,41252.68303442001
2026-02-15T03:29:38,Spotify,7.7,28.4,620.9075014927704,444.226505133039,0.0,90783.74395809742,1.0,1594.41796875,51.314,50.0,1815.0,99.2,39.37109375,3,3632.433753490448,13.8,80.85546875,148,41254.25848340988,9.8,16.0234375,13,41251.94319605827,5.9,266.7265625,95,41224.17549586296,4.9,67.9765625,37,41224.06444811821
2026-02-15T03:29:40,Spotify,5.8,28.3,0.0,0.0,0.0,44598.981810053905,0.0,1594.41796875,51.31,50.0,1815.0,99.0,40.078125,3,3634.0117387771606,13.7,80.87890625,148,41255.85285425186,4.0,266.7265625,95,41225.75588107109,4.0,67.98046875,37,41225.64461326599,3.0,16.0625,14,41253.52253031731
2026-02-15T03:29:41,Spotify,6.1,28.3,0.0,34.29978409342332,10406.808566419402,47155.85131658792,2.0,1594.41796875,51.199,50.0,1815.0,99.0,40.078125,3,3635.5748059749603,13.9,80.85546875,148,41257.426141262054,6.0,67.98046875,37,41227.198585271835,4.0,16.0234375,13,41255.08891940117,3.0,266.7265625,95,41227.309780836105
2026-02-15T03:29:43,Spotify,6.9,28.3,6362.91539621182,3772.7589268447864,0.0,2961.6478935095015,0.0,1594.41796875,51.381,50.0,1815.0,99.7,40.07421875,3,3637.14200091362,13.1,80.8359375,148,41258.979724407196,8.0,16.0234375,14,41256.649696826935,5.9,67.98046875,37,41228.7791595459,5.0,4.1484375,401,1771115381.928709
2026-02-15T03:29:45,Spotify,5.8,28.3,41.21714365010401,96.79783736009277,0.0,32614.00166640958,0.0,1594.41796875,51.343,50.0,1815.0,98.5,39.3671875,3,3638.712705850601,12.7,80.87890625,148,41260.5834748745,5.0,67.96875,37,41230.32755446434,4.0,16.0234375,13,41258.22823596001,3.0,18.9375,9,41245.832132577896
2026-02-15T03:29:46,Spotify,6.6,28.3,117.35357125869727,27.382499960362697,0.0,65759.72561909579,0.0,1594.41796875,51.454,51.0,1815.0,98.8,40.07421875,3,3640.2785165309906,13.2,80.8671875,148,41262.11669969559,5.9,67.98828125,37,41231.927263736725,5.1,4.1484375,401,1771115385.0641325,5.0,16.0625,14,41259.78845310211
2026-02-15T03:29:48,Spotify,6.1,28.3,648.8792479129056,475.6774370580101,0.0,13494.680219650989,0.0,1594.41796875,51.319,51.0,1815.0,97.9,40.07421875,3,3641.873886346817,14.7,80.875,148,41263.71127820015,5.0,67.9921875,37,41233.5035905838,2.0,4.1484375,401,1771115386.6579072,2.0,16.0234375,13,41261.374208688736
2026-02-15T03:29:49,Spotify,6.4,28.3,2836.1360851478926,3563.4636888346186,0.0,433434.26348964806,0.0,1594.41796875,51.42,51.0,1815.0,98.1,40.07421875,3,3643.435161113739,13.8,80.859375,148,41265.29594349861,12.0,312.234375,39,3713.0444750785828,5.0,16.05859375,14,41262.95115828514,4.9,4.1484375,401,1771115388.2447524
2026-02-15T03:29:51,Spotify,7.1,28.3,54564.671062428446,5814.514763070719,10484.812885554771,30799.13785131714,0.0,1594.41796875,51.376,51.0,1815.0,99.2,40.078125,3,3644.994405031204,16.0,80.87109375,148,41266.85729408264,7.1,67.96484375,37,41236.608939409256,6.0,16.0234375,13,41264.50491952896,6.0,267.0,95,41236.72017097473
2026-02-15T03:29:52,Spotify,6.0,28.3,641.4435194265669,494.1201094769693,0.0,12015.33226633179,1.0,1594.41796875,51.385,51.0,1815.0,100.2,39.37109375,3,3646.5228073596954,13.2,80.86328125,148,41268.39035534859,9.1,67.98046875,37,41238.15140795708,4.1,16.0234375,13,41266.03727769852,2.0,279.859375,88,3715.412301301956
2026-02-15T03:29:54,Spotify,6.0,28.3,50.34944846655017,35.502816226413586,0.0,62133.8014307212,1.0,1594.41796875,51.536,51.0,1815.0,98.7,40.078125,3,3648.106590270996,11.1,80.875,148,41269.943749666214,10.8,67.98046875,37,41239.7384660244,4.0,16.0625,14,41267.608339071274,3.0,70.30859375,56,41266.33398461342
2026-02-15T03:29:56,Spotify,6.5,28.3,313.3135964232726,129.9717724641632,0.0,15430.851594585867,0.0,1594.41796875,51.462,51.0,1815.0,97.2,40.078125,3,3649.698462486267,17.7,80.87890625,148,41271.533871889114,4.9,267.0078125,95,41241.43247175217,3.0,67.9921875,37,41241.32420086861,2.9,22.8125,36,41271.539882183075
2026-02-15T03:29:57,Spotify,6.3,28.3,610.1267882646559,610.1267882646559,0.0,6131.522103552245,1.0,1594.41796875,51.467,52.0,1815.0,100.4,40.078125,3,3651.270719051361,11.8,80.8359375,148,41273.11949133873,9.0,16.0234375,13,41270.77168035507,4.0,68.0,37,41242.898688316345,3.9,22.8125,36,41273.12636375427
2026-02-15T03:29:59,Spotify,5.8,28.3,97.60651177331641,132.2825093769946,0.0,17754.110773083237,0.0,1594.41796875,51.629,52.0,1815.0,99.9,40.078125,3,3652.818961620331,16.1,80.875,148,41274.67625999451,7.1,68.01171875,37,41244.43764925003,5.1,267.01171875,95,41244.54903125763,5.0,16.05859375,14,41272.33458328247
2026-02-15T03:30:00,Spotify,6.7,28.3,0.0,0.0,0.0,28468.501164121386,1.0,1594.41796875,51.462,52.0,1815.0,99.6,40.078125,3,3654.3410975933075,14.1,80.8515625,148,41276.22354269028,7.2,68.03125,37,41245.96303343773,5.1,279.7734375,88,3723.251033782959,4.1,16.0234375,13,41273.85929226875
2026-02-15T03:30:02,Spotify,5.8,28.4,32.77112349770837,35.392813377525044,0.0,12416.323270811748,0.0,1594.41796875,51.533,52.0,1815.0,100.5,39.37109375,3,3655.864171028137,12.3,80.87109375,148,41277.749475717545,8.2,16.0234375,13,41275.37819004059,5.1,68.03125,37,41247.493077754974,3.1,17.03515625,6,41273.762036800385
2026-02-15T03:30:03,Spotify,6.7,28.3,1569.7665142887695,1293.3624436664945,0.0,75432.235424162,1.0,1594.41796875,51.673,52.0,1815.0,98.7,39.37109375,3,3657.463480234146,16.3,80.8359375,148,41279.28495264053,7.1,4.1484375,401,1771115402.2323728,5.9,68.0390625,37,41249.0880920887,2.9,267.01171875,95,41249.19920659065
2026-02-15T03:30:05,Spotify,6.1,28.3,108.03445684111878,109.91877876276621,0.0,1286.3637651779725,0.0,1594.41796875,53.471,52.0,1815.0,97.5,40.078125,3,3659.017973423004,13.7,80.8671875,148,41280.87601351738,6.0,68.03515625,37,41250.641345500946,3.0,16.0234375,13,41278.531147003174,2.0,4.1484375,401,1771115403.8238907
2026-02-15T03:30:06,Spotify,5.5,28.3,0.0,0.0,10583.626570094959,172314.67009435856,1.0,1592.79296875,51.838,52.0,1815.0,100.5,40.078125,3,3660.540772676468,14.1,80.859375,148,41282.42570543289,5.1,267.01171875,95,41252.27881383896,5.1,68.04296875,37,41252.16737365723,2.0,16.0234375,13,41280.06131196022
2026-02-15T03:30:08,Spotify,6.3,28.3,1147.749866102777,1185.7028263273844,0.0,7370.726620171997,0.0,1592.79296875,51.968,52.0,1815.0,99.0,40.078125,3,3662.087541818619,14.3,80.87109375,148,41283.952078819275,5.1,16.0234375,13,41281.606375694275,4.1,4.1484375,401,1771115406.9002035,4.0,267.01171875,95,41253.82441854477
2026-02-15T03:30:10,Spotify,6.5,28.3,0.0,0.0,0.0,129803.64230644671,0.0,1591.54296875,51.83,52.0,1815.0,99.2,40.078125,3,3663.662253856659,15.1,80.86328125,148,41285.50805687904,4.0,68.08984375,37,41255.28903222084,3.0,22.8125,36,41285.50892782211,3.0,267.01171875,95,41255.40017414093
2026-02-15T03:30:11,Spotify,5.7,28.3,556.5565246685543,590.8648035864788,0.0,4228.813045883444,0.0,1590.35546875,51.94,51.0,1815.0,98.4,40.078125,3,3665.2812094688416,12.9,80.8671875,148,41287.0839073658,7.7,68.09375,37,41256.909502506256,3.9,16.0234375,13,41284.786162376404,3.9,267.01171875,95,41257.02055120468
2026-02-15T03:30:13,Spotify,6.1,28.3,14992.698777903177,5792.857166810793,0.0,34308.370239348056,0.0,1590.35546875,51.942,51.0,1815.0,100.7,40.07421875,3,3666.832380056381,13.5,80.875,148,41288.70949625969,8.1,68.06640625,37,41258.449632167816,5.0,16.0234375,13,41286.33412075043,3.1,43.3359375,18,41249.05915617943
2026-02-15T03:30:14,Spotify,6.5,28.3,83.71441313157207,35.97103689247238,0.0,28797.758117260793,1.0,1590.35546875,51.809,51.0,1815.0,99.8,40.07421875,3,3668.366200208664,14.3,80.85546875,148,41290.23773288727,10.0,312.6796875,39,3737.9822125434875,7.0,68.06640625,37,41260.00929188728,6.0,266.984375,95,41260.1197810173
2026-02-15T03:30:16,Spotify,7.3,28.3,178.2867970099006,858.0853755368597,0.0,51880.17529105366,0.0,1590.35546875,51.902,50.0,1815.0,97.4,40.07421875,3,3669.905956506729,13.0,80.87890625,148,41291.79659700394,4.1,68.08203125,37,41261.522376298904,3.1,122.8203125,48,41272.52906537056,3.1,266.984375,95,41261.63374590874
2026-02-15T03:30:17,Spotify,5.9,28.3,734.7036693933646,937.4262328147979,0.0,37989.94338836168,0.0,1590.35546875,51.885,50.0,1815.0,100.0,40.07421875,3,3671.4687936306,12.4,80.8359375,148,41293.30438017845,6.0,68.05859375,37,41263.09545087814,3.0,266.7265625,95,41263.20630645752,2.1,279.796875,88,3740.3394362926483
2026-02-15T03:30:19,Spotify,5.8,28.3,49.0004619945389,91.00085798985796,0.0,41379.29923029737,0.0,1590.35546875,51.676,50.0,1815.0,100.3,40.07421875,3,3673.0271487236023,14.9,80.87890625,148,41294.876499414444,5.0,16.0234375,13,41292.53397893906,4.0,68.05859375,37,41264.643980264664,2.0,279.796875,88,3741.894765138626
2026-02-15T03:30:20,Spotify,6.1,28.3,0.0,154.32842517647364,0.0,11147.507159635075,0.0,1590.35546875,51.609,50.0,1815.0,99.7,40.07421875,3,3674.5628209114075,13.0,80.859375,148,41296.44312119484,5.1,266.7265625,95,41266.301295757294,5.1,68.05859375,37,41266.18970489502,2.0,4.1484375,401,1771115419.3856544
2026-02-15T03:30:22,Spotify,5.6,28.3,3094.892965606309,458.792303176846,0.0,100767.47313411454,0.0,1590.35546875,51.614,49.0,1815.0,100.7,40.07421875,3,3676.098949432373,13.2,80.86328125,148,41297.972798109055,10.2,68.05859375,37,41267.72613811493,4.1,266.7265625,95,41267.83767461777,2.0,6.36328125,4,41285.84604096413
2026-02-15T03:30:23,Spotify,6.2,28.3,2049.5444436463495,34.83644946707676,0.0,97769.14054878551,0.0,1590.35546875,51.677,49.0,1815.0,99.1,40.07421875,3,3677.644317626953,14.1,80.86328125,148,41299.52406454086,6.1,16.0234375,14,41297.157943964005,3.0,68.05859375,37,41269.270748376846,2.0,17.0546875,6,41295.533215761185
2026-02-15T03:30:25,Spotify,6.2,28.3,43.16352126335879,236.0913814556443,0.0,11384.705729584088,0.0,1590.35546875,51.686,49.0,1815.0,99.8,39.3671875,3,3679.1929981708527,12.3,80.859375,148,41301.05359220505,7.1,68.05859375,37,41270.8043551445,4.1,4.1484375,401,1771115423.998347,3.1,22.21875,36,41301.054116249084
2026-02-15T03:30:27,Spotify,6.0,28.3,0.0,0.0,0.0,7907.337625175534,0.0,1589.63671875,51.545,49.0,1815.0,98.1,40.0703125,3,3680.754105567932,13.1,80.8671875,148,41302.60518813133,8.0,68.05859375,37,41272.373289346695,5.0,4.1484375,401,1771115425.5526035,5.0,266.7265625,95,41272.48406600952
2026-02-15T03:30:28,Spotify,6.2,28.3,1044.8809327704032,794.4442828334427,0.0,42851.06277584598,0.0,1589.63671875,51.478,48.0,1815.0,97.1,40.0703125,3,3682.315505027771,14.1,80.87890625,148,41304.156488895416,7.0,68.05859375,37,41273.93658065796,2.0,4.1484375,401,1771115427.1057162,2.0,55.34765625,47,41273.590321063995
2026-02-15T03:30:30,Spotify,6.5,28.3,689.4563717300089,304.43528102364024,0.0,68111.63799977646,0.0,1589.63671875,51.502,48.0,1815.0,100.0,40.0703125,3,3683.8301112651825,14.0,80.875,148,41305.72196125984,6.2,16.0234375,13,41303.34330010414,5.2,68.05859375,37,41275.446682453156,3.1,266.7265625,95,41275.558066129684
2026-02-15T03:30:31,Spotify,5.5,28.3,358.2235528202027,176.1210417390607,0.0,128625.51673211643,0.0,1589.63671875,51.4,48.0,1815.0,100.2,40.0703125,3,3685.3424320220947,11.4,80.87109375,148,41307.228707551956,4.1,16.0625,14,41304.863115787506,4.1,266.7265625,95,41277.08690547943,3.1,68.05859375,37,41276.97549676895
2026-02-15T03:30:33,Spotify,5.9,28.3,643.7796134759617,460.5902925681677,10719.19226340463,35507.32437252784,0.0,1589.63671875,51.507,48.0,1815.0,98.8,40.0703125,3,3686.860791683197,13.3,80.8671875,148,41308.7535238266,7.3,16.0234375,13,41306.366148233414,5.2,68.05859375,37,41278.473465681076,3.1,4.1484375,401,1771115431.7025545
2026-02-15T03:30:34,Spotify,7.3,28.3,207.76395023405186,182.4593665516994,0.0,13978.784754209028,0.0,1585.63671875,51.424,48.0,1815.0,97.8,40.0703125,3,3688.4105706214905,13.5,80.8671875,148,41310.25487422943,4.0,157.5625,278,41305.15552139282,4.0,23.046875,116,41266.874999046326,3.0,16.05859375,14,41307.91851735115
2026-02-15T03:30:36,Spotify,6.5,28.3,780.9616688693798,2871.9643868146236,20737.886519863725,72258.57334265017,0.0,1585.63671875,51.322,47.0,1815.0,99.7,40.0703125,3,3689.962111234665,14.8,80.8671875,148,41311.83508467674,6.1,68.07421875,37,41281.59262275696,4.0,16.05859375,14,41309.467735767365,3.0,157.56640625,278,41306.70537352562
2026-02-15T03:30:37,Spotify,6.0,28.3,0.0,1430.535917541321,10653.591124089548,71911.74008760444,0.0,1585.63671875,51.319,47.0,1815.0,98.0,40.0703125,3,3691.5083010196686,14.2,80.83203125,148,41313.37452459335,6.1,16.0234375,13,41311.01450896263,4.0,68.0703125,37,41283.144177913666,3.0,6.36328125,4,41301.25454592705
2026-02-15T03:30:39,Spotify,6.4,28.3,50.13722356045158,945.5366135567215,0.0,169818.63290875414,0.0,1585.63671875,51.154,47.0,1815.0,99.8,40.0703125,3,3693.0428178310394,13.1,80.875,148,41314.92910337448,12.3,68.07421875,37,41284.66359138489,6.1,16.0234375,13,41312.56161546707,4.0,4.1484375,401,1771115437.8783598
2026-02-15T03:30:40,Spotify,6.5,28.3,277.8139057295393,572.7443080206142,10786.026140930739,34043.39500731264,1.0,1585.63671875,51.094,47.0,1815.0,98.3,40.0703125,3,3694.5692052841187,13.3,80.83203125,148,41316.45314526558,10.2,68.07421875,37,41286.19383811951,5.1,16.0625,14,41314.08243370056,4.1,267.0078125,95,41286.30476307869
2026-02-15T03:30:42,Spotify,6.2,28.3,633.3795262078611,1559.893378594567,0.0,6030.19185282195,0.0,1585.63671875,50.871,47.0,1815.0,98.2,40.0703125,3,3696.1131570339203,12.3,80.859375,148,41317.97649908066,11.0,311.08984375,39,3765.7210261821747,10.1,68.07421875,37,41287.74000406265,3.0,16.05859375,14,41315.61624670029
2026-02-15T03:30:44,Spotify,7.0,28.3,0.0,448.56316367103534,0.0,16451.60027217551,0.0,1585.63671875,50.929,47.0,1815.0,100.3,40.0703125,3,3697.6864144802094,16.1,80.84765625,148,41319.5324280262,5.0,68.07421875,37,41289.30944657326,4.0,16.0234375,14,41317.1905400753,3.0,4.1484375,401,1771115442.4815447
2026-02-15T03:30:45,Spotify,6.6,28.3,42.45985361826818,64.97644265825888,0.0,10540.33699517736,0.0,1585.63671875,51.005,48.0,1815.0,100.1,40.0703125,3,3699.1996705532074,17.1,80.87890625,148,41321.08727264404,6.1,16.0234375,13,41318.716727256775,5.2,68.05859375,37,41290.8247795105,4.0,22.8125,36,41321.08200883865
2026-02-15T03:30:47,Spotify,5.9,28.3,1531.6911351129513,1332.8721320923119,0.0,9375.8856161312,4.0,1585.63671875,51.048,48.0,1815.0,99.9,40.0703125,3,3700.733211994171,11.2,80.84375,148,41322.61771559715,5.1,16.0234375,13,41320.24126935005,3.1,68.05859375,37,41292.35205554962,2.1,16.9765625,6,41318.6170258522
2026-02-15T03:30:48,Spotify,6.6,28.3,0.0,0.0,0.0,3713.6611621737406,0.0,1585.63671875,51.104,48.0,1815.0,99.2,40.06640625,3,3702.2602009773254,14.4,80.8828125,148,41324.131649017334,8.2,4.1484375,401,1771115447.0811052,6.1,68.05859375,37,41293.88451600075,5.1,267.00390625,95,41293.99409675598
2026-02-15T03:30:50,Spotify,5.5,28.3,0.0,70.39549951008998,0.0,46388.02693642669,0.0,1585.63671875,50.971,48.0,1815.0,99.0,40.0546875,2,3703.791047334671,13.2,80.83984375,148,41325.66881752014,6.1,16.05859375,14,41323.30405521393,5.1,68.0625,37,41295.4126894474,2.0,22.14453125,36,41325.67233848572
2026-02-15T03:30:51,Spotify,5.9,28.3,1441.9642382487664,460.17353750096623,0.0,9705.478245474924,6.0,1585.63671875,51.025,48.0,1815.0,97.2,40.05859375,2,3705.3347611427307,12.3,80.875,148,41327.19887280464,5.0,16.0234375,13,41324.85601091385,5.0,68.0625,37,41296.96735739708,3.0,18.9375,9,41312.448508262634
2026-02-15T03:30:53,Spotify,6.5,28.3,42.687345612999756,77.61335565999956,0.0,15232.91460420258,0.0,1585.63671875,51.076,49.0,1815.0,100.1,40.05859375,2,3706.8647603988647,16.2,80.86328125,148,41328.74347615242,5.1,68.03515625,37,41298.48674416542,3.1,267.00390625,95,41298.59718847275,2.1,16.0625,14,41326.36052083969
2026-02-15T03:30:54,Spotify,6.9,28.3,1136.598352479265,2365.7792397358708,0.0,158007.52601999443,1.0,1585.63671875,50.981,49.0,1815.0,98.4,40.05859375,2,3708.419827222824,13.3,80.8828125,148,41330.265694856644,6.0,68.0390625,37,41300.05030798912,4.1,278.9765625,87,3777.283684015274,4.0,16.0234375,13,41327.916341781616
2026-02-15T03:30:56,Spotify,5.6,28.3,626.9019408889951,448.5152097417201,0.0,7176.243355867522,0.0,1585.63671875,50.997,49.0,1815.0,99.8,40.05859375,2,3709.970435142517,13.9,80.859375,148,41331.835443258286,8.2,68.04296875,37,41301.58228254318,7.0,16.0234375,13,41329.477730989456,5.1,267.0,95,41301.693413734436
2026-02-15T03:30:57,Spotify,6.6,28.3,51.09579744208424,36.029087939931195,0.0,6707.961100089008,1.0,1585.63671875,51.043,49.0,1815.0,100.5,40.0625,2,3711.4941606521606,17.4,80.875,148,41333.36304450035,5.1,16.0234375,13,41331.00551867485,4.1,4.1484375,401,1771115456.3110747,4.1,68.05859375,37,41303.115040540695
2026-02-15T03:30:59,Spotify,6.5,28.3,51.019699669746196,71.29675979490173,0.0,93101.79451529481,0.0,1585.63671875,50.974,49.0,1815.0,99.7,39.35546875,2,3712.9992232322693,11.3,80.8671875,148,41334.88960838318,7.2,16.0234375,13,41332.516719818115,4.2,68.06640625,37,41304.621559381485,2.1,23.57421875,4,41334.80032515526
2026-02-15T03:31:00,Spotify,6.3,28.3,638.6005495308352,709.8493711727052,0.0,8106.532595697214,1.0,1585.63671875,51.026,49.0,1815.0,99.3,40.0625,2,3714.5563819408417,13.4,80.8828125,148,41336.410734415054,7.9,68.08203125,37,41306.193557024,4.0,267.00390625,95,41306.30436873436,3.0,26.515625,105,41310.81988286972
2026-02-15T03:31:02,Spotify,7.0,28.3,34.520368156431736,35.15963423340269,0.0,7527.997322410001,0.0,1585.63671875,51.127,49.0,1815.0,99.3,40.0546875,2,3716.1137199401855,16.0,80.859375,148,41337.975611925125,4.0,68.0859375,37,41307.743033885956,3.0,4.1484375,401,1771115460.9205072,3.0,16.0234375,14,41335.62990641594
2026-02-15T03:31:03,Spotify,6.0,28.3,3041.3036745535933,2971.0255103546656,0.0,19146.608844507846,1.0,1585.63671875,51.0,50.0,1815.0,99.8,40.06640625,2,3717.6489140987396,11.1,80.87109375,148,41339.52137136459,5.1,16.05859375,14,41337.16439342499,4.1,267.00390625,95,41309.38113498688,4.1,68.08984375,37,41309.26968026161
2026-02-15T03:31:05,Spotify,6.6,28.3,301.8605109778719,932.4281293546412,10728.161847855647,82472.74420539029,0.0,1585.63671875,51.166,50.0,1815.0,99.8,39.359375,2,3719.166768550873,16.4,80.87109375,148,41341.048428058624,8.2,68.08203125,37,41310.79194688797,5.2,16.0234375,13,41338.67704296112,3.1,70.71875,44,41315.88603544235
2026-02-15T03:31:07,Spotify,6.3,28.3,1583.298863319451,1519.5197978119813,0.0,31644.936749932946,0.0,1585.63671875,51.128,50.0,1815.0,100.0,40.06640625,2,3720.729863882065,12.3,80.88671875,148,41342.56967639923,6.2,4.1484375,401,1771115465.5188603,6.0,28.671875,13,41337.846700668335,4.0,266.73046875,95,41312.48289060593
2026-02-15T03:31:08,Spotify,6.6,28.3,324.04236976087606,157.28372333422638,0.0,7438.446289091767,0.0,1585.63671875,50.969,50.0,1815.0,96.6,40.06640625,2,3722.3157272338867,13.8,80.8671875,148,41344.154611587524,9.8,311.0234375,39,3791.940897464752,5.9,25.12890625,19,41344.88781261444,5.9,68.0859375,37,41313.97040247917
2026-02-15T03:31:10,Spotify,6.3,28.3,204.43682254667226,266.9557285242479,0.0,67220.3277070893,0.0,1585.63671875,51.149,50.0,1815.0,98.7,40.06640625,2,3723.8983902931213,14.6,80.83984375,148,41345.75558114052,4.9,16.0234375,13,41343.42107772827,4.0,68.0859375,37,41315.527891635895,2.0,24.81640625,6,3718.8026084899902
2026-02-15T03:31:11,Spotify,6.0,28.3,1084.6884795730364,1116.8178776646546,0.0,131273.00954681067,0.0,1585.63671875,51.149,50.0,1815.0,98.8,40.0703125,2,3725.4478006362915,13.1,80.875,148,41347.30956363678,6.0,68.0859375,37,41317.079308748245,5.1,16.0234375,13,41344.95648121834,2.0,157.7734375,277,41342.18940830231
2026-02-15T03:31:13,Spotify,6.1,28.3,42.655956760974675,35.54663063414556,0.0,26141.63847072581,0.0,1585.63671875,50.981,50.0,1815.0,98.6,40.078125,3,3726.9846801757812,13.1,80.83984375,148,41348.856409311295,6.1,4.1484375,401,1771115471.8047857,6.1,68.0859375,37,41318.60633444786,2.0,278.671875,85,3795.8752048015594
2026-02-15T03:31:14,Spotify,6.3,28.3,43.19625498555049,259.1775299133029,0.0,29153.545182975166,0.0,1585.63671875,51.35,51.0,1815.0,98.9,40.078125,3,3728.532770872116,11.2,80.86328125,148,41350.3858730793,8.9,68.0859375,37,41320.178855895996,3.0,16.0625,14,41348.050856113434,3.0,266.73046875,95,41320.28737831116
2026-02-15T03:31:16,Spotify,5.9,28.3,528.5107120829643,611.9597718855376,10357.798453070918,38841.74419901594,0.0,1585.63671875,51.174,51.0,1815.0,97.7,39.3671875,3,3730.116093158722,13.8,80.84765625,148,41351.96775531769,4.0,266.73046875,95,41321.85424757004,3.0,16.0234375,13,41349.633727788925,3.0,96.8046875,33,41345.02057027817
2026-02-15T03:31:18,Spotify,7.2,28.3,1752.4738727485894,244.44241450615996,0.0,34873.784469545484,0.0,1585.63671875,51.178,51.0,1815.0,95.6,40.078125,3,3731.6853992938995,13.9,80.8671875,148,41353.53724908829,6.0,16.0234375,13,41351.199338674545,6.0,68.046875,37,41323.315078020096,5.0,278.52734375,85,3800.564896583557
2026-02-15T03:31:19,Spotify,6.2,28.3,2744.1160753744234,260.854864575513,0.0,76976.60003710113,0.0,1585.63671875,51.372,51.0,1815.0,98.4,40.078125,3,3733.2580432891846,13.0,80.86328125,148,41355.09673023224,8.0,68.046875,37,41324.870398044586,3.0,16.0234375,13,41352.765154361725,3.0,267.0078125,95,41324.98150444031
2026-02-15T03:31:21,Spotify,6.0,28.3,1418.0275209006463,450.49249761464574,0.0,16053.914460449194,0.0,1585.63671875,51.192,51.0,1815.0,100.1,40.078125,3,3734.8038103580475,14.0,80.8828125,148,41356.661845207214,7.0,68.05078125,37,41326.43894433975,5.1,16.05859375,14,41354.30969262123,5.0,267.0078125,95,41326.55012321472
2026-02-15T03:31:22,Spotify,6.8,28.3,0.0,0.0,0.0,8468.719850460395,0.0,1585.63671875,51.187,51.0,1815.0,99.3,40.078125,3,3736.3617267608643,14.9,80.87109375,148,41358.23124742508,5.1,68.0390625,37,41327.98265171051,4.0,4.1484375,401,1771115481.1796107,4.0,16.0625,14,41355.879114151
2026-02-15T03:31:24,Spotify,6.2,28.3,750.7980357231065,346.17245072700325,0.0,21614.670094173864,0.0,1585.63671875,51.423,51.0,1815.0,97.8,40.078125,3,3737.9122219085693,12.2,80.8359375,148,41359.768599033356,8.9,68.05078125,37,41329.56593775749,6.0,16.0234375,13,41357.43156147003,3.0,26.515625,105,41334.19424033165
2026-02-15T03:31:25,Spotify,6.6,28.4,4550.474448181849,1397.439267157751,20589.608770784704,76567.60761635561,1.0,1585.63671875,51.206,52.0,1815.0,97.5,40.08203125,3,3739.5452032089233,15.7,80.875,148,41361.36559510231,9.7,68.0546875,37,41331.177317619324,5.8,267.0078125,95,41331.28832864761,2.9,4.1484375,401,1771115484.3079522
2026-02-15T03:31:27,Spotify,7.5,28.4,5541.416941154353,1902.5180213002247,0.0,174885.35810526198,0.0,1599.04296875,51.421,52.0,1815.0,99.4,40.08203125,3,3741.1645386219025,47.0,335.58203125,39,3810.991462469101,14.6,80.8515625,148,41362.97591090202,13.6,278.4375,85,3810.007920026779,6.8,148.359375,99,3811.281333208084
2026-02-15T03:31:29,Spotify,12.0,28.5,164811.93727770835,26282.652061447734,54183.25198645691,178190.28230597687,0.0,1609.54296875,51.412,52.0,1815.0,99.8,40.08203125,3,3743.1531484127045,30.7,283.1171875,90,3811.950352907181,21.1,80.86328125,148,41364.83399415016,17.3,333.296875,39,3812.7927799224854,9.6,6.21484375,12,41364.9140496254
2026-02-15T03:31:31,Spotify,7.5,28.5,222507.7907209446,20622.751891841548,229305.17510131045,725753.7241730061,0.0,1609.54296875,51.579,52.0,1815.0,98.7,40.078125,3,3744.8158791065216,17.5,80.87890625,148,41366.61138653755,11.3,333.76953125,39,3814.459023475647,7.5,68.07421875,37,41336.47520875931,4.7,156.046875,99,3814.7499928474426
2026-02-15T03:31:32,Spotify,6.7,28.4,706.4672725362922,156.05904066222257,0.0,255687.13222098548,3.0,1609.29296875,52.475,52.0,1815.0,100.7,40.078125,3,3746.4755630493164,31.2,334.6875,39,3816.2154018878937,15.0,80.85546875,148,41368.27566361427,4.6,68.08203125,37,41338.176451683044,3.8,16.05859375,14,41365.97940707207
2026-02-15T03:31:34,Spotify,7.7,28.4,4282883.500542559,17536.871250464777,577329.9880474503,2736788.5774124344,0.0,1609.29296875,51.751,52.0,1815.0,96.8,40.08203125,3,3748.2673852443695,17.7,80.8671875,148,41370.03916668892,12.0,333.58984375,39,3817.900514125824,7.2,266.9921875,95,41340.02552437782,4.4,16.05859375,14,41367.76323056221
2026-02-15T03:31:36,Spotify,6.8,28.4,907.9720942475802,965.611684000208,301808.0226156564,2926807.6386719905,1.0,1626.91796875,52.33,52.0,1815.0,98.5,39.37109375,3,3749.9672100543976,59.2,336.6796875,39,3819.8281333446503,17.7,80.88671875,148,41371.72129321098,8.9,150.72265625,99,3820.119038105011,5.6,16.0625,14,41369.43358016014
2026-02-15T03:31:38,Spotify,10.3,28.5,1617.8767639841724,2836.2137241621185,10626.72101552144,51539.59692527899,0.0,1636.859375,52.132,51.0,1815.0,99.5,39.37109375,3,3752.180530309677,73.9,352.70703125,39,3821.9637157917023,18.6,80.86328125,148,41373.65102815628,13.2,152.5859375,99,3822.2538602352142,10.0,280.875,90,3820.8159441947937
2026-02-15T03:31:40,Spotify,12.4,28.6,54181.1119635732,13214.151954628525,266465.89680725447,1032794.9777331536,5.0,1567.46484375,52.071,51.0,1815.0,98.3,40.06640625,3,3754.5323448181152,25.7,284.66015625,35,4206.4331884384155,23.3,80.9140625,148,41375.865948438644,15.9,256.60546875,88,41373.85720491409,11.8,143.5,50,4206.7989637851715
